"sweep_param","sweep_value","xL","xk","xl","xU","gamma","converged","error_msg"
"eps",0,-1.03523210917916,0.072652935742042,1.07148048188431,1.07461854143501,3.07442802493961,TRUE,NA
"eps",0.001,-1.03148456923806,0.0820407361967486,1.08231348657055,0.977310454510582,3.06596041657622,TRUE,NA
"eps",0.002,-1.0311175437029,0.0826142683372102,1.08287340451678,0.97791488387529,3.0672033889319,TRUE,NA
"eps",0.003,-1.03075063679407,0.0831877425534153,1.08343326021415,0.97851925311027,3.06844687525137,TRUE,NA
"eps",0.004,-1.0303838485274,0.0837611588391143,1.08399305365678,0.979123562211734,3.06969087530614,TRUE,NA
"eps",0.005,-1.03001717891881,0.0843345171879242,1.08455278483859,0.979727811175786,3.07093538886785,TRUE,NA
"eps",0.006,-1.02965062798416,0.0849078175934617,1.08511245375352,0.98033199999853,3.07218041570816,TRUE,NA
"eps",0.007,-1.02928419573932,0.0854810600493494,1.0856720603955,0.980936128676073,3.07342595559873,TRUE,NA
"eps",0.008,-1.02891788220013,0.0860542445492105,1.08623160475847,0.981540197204523,3.0746720083112,TRUE,NA
"eps",0.009,-1.02855168738242,0.0866273710866703,1.08679108683638,0.982144205579985,3.07591857361722,TRUE,NA
"eps",0.01,-1.028185611302,0.0872004396553574,1.08735050662316,0.98274815379857,3.07716565128846,TRUE,NA
"eps",0.011,-1.02781965397465,0.0877734502489027,1.08790986411277,0.983352041856385,3.07841324109656,TRUE,NA
"eps",0.012,-1.02745381541614,0.0883464028609402,1.08846915929917,0.983955869749541,3.07966134281318,TRUE,NA
"eps",0.013,-1.02708809564222,0.0889192974851056,1.08902839217633,0.984559637474151,3.08090995620996,TRUE,NA
"eps",0.014,-1.02672249466863,0.0894921341150379,1.08958756273819,0.985163345026325,3.08215908105857,TRUE,NA
"eps",0.015,-1.02635701251107,0.0900649127443789,1.09014667097873,0.985766992402176,3.08340871713065,TRUE,NA
"eps",0.016,-1.02599164918525,0.09063763336677,1.09070571689193,0.986370579597819,3.08465886419786,TRUE,NA
"eps",0.017,-1.02562640470683,0.0912102959758596,1.09126470047176,0.986974106609368,3.08590952203185,TRUE,NA
"eps",0.018,-1.02526127909148,0.0917829005652957,1.09182362171221,0.987577573432938,3.08716069040429,TRUE,NA
"eps",0.019,-1.02489627235483,0.0923554471287309,1.09238248060725,0.988180980064648,3.08841236908681,TRUE,NA
"eps",0.02,-1.0245313845125,0.0929279356598178,1.09294127715088,0.988784326500613,3.08966455785109,TRUE,NA
"eps",0.021,-1.02416661558009,0.0935003661522118,1.0935000113371,0.989387612736951,3.09091725646877,TRUE,NA
"eps",0.022,-1.02380196557318,0.0940727385995757,1.09405868315989,0.989990838769785,3.09217046471151,TRUE,NA
"eps",0.023,-1.02343743450734,0.0946450529955682,1.09461729261327,0.990594004595232,3.09342418235097,TRUE,NA
"eps",0.024,-1.02307302239811,0.0952173093338546,1.09517583969125,0.991197110209415,3.0946784091588,TRUE,NA
"eps",0.025,-1.02270872926101,0.0957895076081026,1.09573432438783,0.991800155608456,3.09593314490667,TRUE,NA
"eps",0.026,-1.02234455511155,0.0963616478119809,1.09629274669702,0.992403140788479,3.09718838936624,TRUE,NA
"eps",0.027,-1.02198049996522,0.0969337299391628,1.09685110661286,0.993006065745607,3.09844414230915,TRUE,NA
"eps",0.028,-1.02161656383748,0.0975057539833202,1.09740940412936,0.993608930475965,3.09970040350709,TRUE,NA
"eps",0.029,-1.02125274674377,0.0980777199381342,1.09796763924056,0.994211734975681,3.1009571727317,TRUE,NA
"eps",0.03,-1.02088904869954,0.0986496277972833,1.09852581194047,0.994814479240882,3.10221444975465,TRUE,NA
"eps",0.031,-1.02052546972018,0.0992214775544495,1.09908392222316,0.995417163267696,3.1034722343476,TRUE,NA
"eps",0.032,-1.0201620098211,0.0997932692033181,1.09964197008265,0.996019787052251,3.10473052628222,TRUE,NA
"eps",0.033,-1.01979866901765,0.100365002737579,1.10019995551299,0.996622350590679,3.10598932533017,TRUE,NA
"eps",0.034,-1.0194354473252,0.10093667815092,1.10075787850824,0.997224853879111,3.10724863126312,TRUE,NA
"eps",0.035,-1.01907234475907,0.101508295437038,1.10131573906244,0.99782729691368,3.10850844385274,TRUE,NA
"eps",0.036,-1.01870936133458,0.102079854589626,1.10187353716966,0.998429679690519,3.1097687628707,TRUE,NA
"eps",0.037,-1.01834649706702,0.102651355602382,1.10243127282396,0.999032002205762,3.11102958808866,TRUE,NA
"eps",0.038,-1.01798375197167,0.103222798469011,1.10298894601941,0.999634264455546,3.11229091927831,TRUE,NA
"eps",0.039,-1.01762112606377,0.103794183183212,1.10354655675008,1.00023646643601,3.1135527562113,TRUE,NA
"eps",0.04,-1.01725861935858,0.104365509738696,1.10410410501005,1.00083860814328,3.11481509865932,TRUE,NA
"eps",0.041,-1.0168962318713,0.104936778129169,1.1046615907934,1.00144068957351,3.11607794639404,TRUE,NA
"eps",0.042,-1.01653396361712,0.105507988348347,1.10521901409422,1.00204271072283,3.11734129918714,TRUE,NA
"eps",0.043,-1.01617181461124,0.106079140389941,1.10577637490659,1.00264467158739,3.11860515681029,TRUE,NA
"eps",0.044,-1.01580978486879,0.106650234247669,1.10633367322462,1.00324657216333,3.11986951903518,TRUE,NA
"eps",0.045,-1.01544787440493,0.107221269915253,1.10689090904239,1.00384841244678,3.12113438563349,TRUE,NA
"eps",0.046,-1.01508608323477,0.107792247386413,1.10744808235402,1.0044501924339,3.1223997563769,TRUE,NA
"eps",0.047,-1.01472441137341,0.108363166654877,1.10800519315361,1.00505191212083,3.1236656310371,TRUE,NA
"eps",0.048,-1.01436285883592,0.108934027714372,1.10856224143527,1.00565357150372,3.12493200938577,TRUE,NA
"eps",0.049,-1.01400142563736,0.10950483055863,1.10911922719313,1.00625517057871,3.1261988911946,TRUE,NA
"eps",0.05,-1.01364011179278,0.110075575181384,1.10967615042129,1.00685670934196,3.12746627623528,TRUE,NA
"eps",0.051,-1.0132789173172,0.110646261576372,1.1102330111139,1.00745818778961,3.1287341642795,TRUE,NA
"eps",0.052,-1.0129178422256,0.111216889737329,1.11078980926507,1.00805960591782,3.13000255509897,TRUE,NA
"eps",0.053,-1.01255688653298,0.111787459658001,1.11134654486895,1.00866096372273,3.13127144846536,TRUE,NA
"eps",0.054,-1.01219605025429,0.112357971332131,1.11190321791968,1.00926226120051,3.13254084415038,TRUE,NA
"eps",0.055,-1.01183533340447,0.112928424753465,1.11245982841138,1.0098634983473,3.13381074192574,TRUE,NA
"eps",0.056,-1.01147473599845,0.113498819915758,1.11301637633823,1.01046467515927,3.13508114156313,TRUE,NA
"eps",0.057,-1.01111425805111,0.114069156812758,1.11357286169436,1.01106579163256,3.13635204283425,TRUE,NA
"eps",0.058,-1.01075389957735,0.114639435438223,1.11412928447394,1.01166684776335,3.13762344551081,TRUE,NA
"eps",0.059,-1.01039366059202,0.115209655785913,1.11468564467112,1.01226784354778,3.13889534936453,TRUE,NA
"eps",0.06,-1.01003354110995,0.115779817849585,1.11524194228008,1.01286877898203,3.1401677541671,TRUE,NA
"eps",0.061,-1.00967354114598,0.116349921623008,1.11579817729499,1.01346965406224,3.14144065969025,TRUE,NA
"eps",0.062,-1.00931366071489,0.116919967099945,1.11635434971001,1.01407046878459,3.14271406570569,TRUE,NA
"eps",0.063,-1.00895389983147,0.117489954274168,1.11691045951934,1.01467122314524,3.14398797198513,TRUE,NA
"eps",0.064,-1.00859425851048,0.118059883139449,1.11746650671715,1.01527191714036,3.1452623783003,TRUE,NA
"eps",0.065,-1.00823473676666,0.118629753689561,1.11802249129763,1.01587255076611,3.14653728442292,TRUE,NA
"eps",0.066,-1.00787533461471,0.119199565918288,1.11857841325498,1.01647312401866,3.14781269012471,TRUE,NA
"eps",0.067,-1.00751605206935,0.119769319819404,1.1191342725834,1.01707363689418,3.14908859517741,TRUE,NA
"eps",0.068,-1.00715688914525,0.120339015386699,1.11969006927709,1.01767408938885,3.15036499935273,TRUE,NA
"eps",0.069,-1.00679784585706,0.120908652613956,1.12024580333026,1.01827448149883,3.15164190242241,TRUE,NA
"eps",0.07,-1.00643892221943,0.121478231494963,1.12080147473711,1.01887481322029,3.1529193041582,TRUE,NA
"eps",0.071,-1.00608011824696,0.122047752023517,1.12135708349188,1.01947508454943,3.15419720433182,TRUE,NA
"eps",0.072,-1.00572143395427,0.122617214193409,1.12191262958877,1.0200752954824,3.15547560271502,TRUE,NA
"eps",0.073,-1.00536286935591,0.123186617998439,1.12246811302201,1.02067544601539,3.15675449907955,TRUE,NA
"eps",0.074,-1.00500442446645,0.123755963432409,1.12302353378584,1.02127553614457,3.15803389319714,TRUE,NA
"eps",0.075,-1.00464609930042,0.12432525048912,1.12357889187448,1.02187556586613,3.15931378483954,TRUE,NA
"eps",0.076,-1.00428789387233,0.124894479162379,1.12413418728219,1.02247553517625,3.16059417377853,TRUE,NA
"eps",0.077,-1.00392980819669,0.125463649445999,1.12468942000319,1.02307544407111,3.16187505978583,TRUE,NA
"eps",0.078,-1.00357184228795,0.126032761333786,1.12524459003175,1.0236752925469,3.16315644263322,TRUE,NA
"eps",0.079,-1.00321399616057,0.126601814819562,1.12579969736212,1.0242750805998,3.16443832209246,TRUE,NA
"eps",0.08,-1.00285626982899,0.127170809897142,1.12635474198856,1.024874808226,3.1657206979353,TRUE,NA
"eps",0.081,-1.00249866330761,0.127739746560346,1.12690972390531,1.02547447542168,3.16700356993353,TRUE,NA
"eps",0.082,-1.00214117661082,0.128308624803,1.12746464310667,1.02607408218304,3.16828693785891,TRUE,NA
"eps",0.083,-1.00178380975299,0.12887744461893,1.1280194995869,1.02667362850626,3.16957080148321,TRUE,NA
"eps",0.084,-1.00142656274847,0.129446206001965,1.12857429334026,1.02727311438755,3.17085516057822,TRUE,NA
"eps",0.085,-1.00106943561159,0.130014908945937,1.12912902436106,1.02787253982309,3.17214001491571,TRUE,NA
"eps",0.086,-1.00071242835665,0.130583553444685,1.12968369264357,1.02847190480908,3.17342536426747,TRUE,NA
"eps",0.087,-1.00035554099794,0.131152139492045,1.13023829818209,1.02907120934172,3.17471120840528,TRUE,NA
"eps",0.088,-0.999998773549725,0.131720667081859,1.1307928409709,1.0296704534172,3.17599754710095,TRUE,NA
"eps",0.089,-0.999642126026241,0.132289136207972,1.13134732100432,1.03026963703173,3.17728438012626,TRUE,NA
"eps",0.09,-0.999285598441715,0.132857546864229,1.13190173827665,1.03086876018151,3.17857170725301,TRUE,NA
"eps",0.091,-0.998929190810347,0.133425899044484,1.13245609278219,1.03146782286273,3.17985952825301,TRUE,NA
"eps",0.092,-0.998572903146317,0.133994192742587,1.13301038451527,1.0320668250716,3.18114784289806,TRUE,NA
"eps",0.093,-0.998216735463785,0.134562427952396,1.1335646134702,1.03266576680434,3.18243665095997,TRUE,NA
"eps",0.094,-0.997860687776888,0.13513060466777,1.1341187796413,1.03326464805714,3.18372595221056,TRUE,NA
"eps",0.095,-0.997504760099743,0.13569872288257,1.13467288302291,1.03386346882621,3.18501574642164,TRUE,NA
"eps",0.096,-0.997148952446444,0.136266782590664,1.13522692360935,1.03446222910777,3.18630603336504,TRUE,NA
"eps",0.097,-0.996793264831068,0.136834783785914,1.13578090139498,1.03506092889802,3.18759681281258,TRUE,NA
"eps",0.098,-0.996437697267664,0.137402726462199,1.13633481637413,1.03565956819318,3.18888808453608,TRUE,NA
"eps",0.099,-0.996082249770266,0.137970610613389,1.13688866854114,1.03625814698946,3.19017984830739,TRUE,NA
"eps",0.1,-0.995726922352884,0.138538436233359,1.13744245789038,1.03685666528308,3.19147210389834,TRUE,NA
"eps",0.101,-0.995371715029505,0.139106203315994,1.1379961844162,1.03745512307026,3.19276485108077,TRUE,NA
"eps",0.102,-0.995016627814099,0.139673911855173,1.13854984811296,1.03805352034722,3.19405808962654,TRUE,NA
"eps",0.103,-0.99466166072061,0.140241561844784,1.13910344897503,1.03865185711017,3.19535181930748,TRUE,NA
"eps",0.104,-0.994306813762962,0.140809153278716,1.13965698699679,1.03925013335534,3.19664603989545,TRUE,NA
"eps",0.105,-0.993952086955059,0.141376686150861,1.1402104621726,1.03984834907895,3.19794075116231,TRUE,NA
"eps",0.106,-0.993597480310782,0.141944160455116,1.14076387449686,1.04044650427723,3.19923595287993,TRUE,NA
"eps",0.107,-0.993242993843992,0.142511576185374,1.14131722396394,1.0410445989464,3.20053164482017,TRUE,NA
"eps",0.108,-0.992888627568526,0.143078933335543,1.14187051056824,1.0416426330827,3.20182782675491,TRUE,NA
"eps",0.109,-0.9925343814982,0.143646231899523,1.14242373430416,1.04224060668235,3.20312449845601,TRUE,NA
"eps",0.11,-0.99218025564681,0.144213471871223,1.1429768951661,1.04283851974158,3.20442165969536,TRUE,NA
"eps",0.111,-0.991826250028129,0.144780653244552,1.14352999314846,1.04343637225663,3.20571931024486,TRUE,NA
"eps",0.112,-0.991472364655909,0.145347776013425,1.14408302824565,1.04403416422374,3.20701744987638,TRUE,NA
"eps",0.113,-0.991118599543878,0.145914840171758,1.1446360004521,1.04463189563913,3.20831607836182,TRUE,NA
"eps",0.114,-0.990764954705746,0.146481845713472,1.14518890976221,1.04522956649905,3.20961519547307,TRUE,NA
"eps",0.115,-0.990411430155198,0.147048792632487,1.14574175617042,1.04582717679974,3.21091480098206,TRUE,NA
"eps",0.116,-0.990058025905898,0.14761568092273,1.14629453967116,1.04642472653744,3.21221489466068,TRUE,NA
"eps",0.117,-0.989704741971489,0.148182510578132,1.14684726025886,1.04702221570838,3.21351547628085,TRUE,NA
"eps",0.118,-0.989351578365591,0.148749281592623,1.14739991792796,1.04761964430883,3.21481654561448,TRUE,NA
"eps",0.119,-0.988998535101804,0.149315993960138,1.14795251267292,1.04821701233501,3.21611810243351,TRUE,NA
"eps",0.12,-0.988645612193704,0.149882647674613,1.14850504448816,1.04881431978319,3.21742014650986,TRUE,NA
"eps",0.121,-0.988292809654844,0.150449242729994,1.14905751336817,1.0494115666496,3.21872267761546,TRUE,NA
"eps",0.122,-0.987940127498757,0.151015779120224,1.14960991930738,1.05000875293051,3.22002569552226,TRUE,NA
"eps",0.123,-0.987587565738954,0.151582256839251,1.15016226230028,1.05060587862216,3.22132920000219,TRUE,NA
"eps",0.124,-0.987235124388923,0.152148675881023,1.15071454234132,1.05120294372081,3.22263319082721,TRUE,NA
"eps",0.125,-0.986882803462132,0.152715036239496,1.15126675942498,1.05179994822271,3.22393766776927,TRUE,NA
"eps",0.126,-0.986530602972022,0.153281337908627,1.15181891354575,1.05239689212413,3.22524263060034,TRUE,NA
"eps",0.127,-0.986178522932017,0.153847580882373,1.1523710046981,1.05299377542132,3.22654807909237,TRUE,NA
"eps",0.128,-0.985826563355514,0.154413765154705,1.15292303287653,1.05359059811055,3.22785401301734,TRUE,NA
"eps",0.129,-0.985474724255893,0.154979890719583,1.15347499807553,1.05418736018807,3.22916043214722,TRUE,NA
"eps",0.13,-0.985123005646509,0.155545957570976,1.1540269002896,1.05478406165015,3.23046733625401,TRUE,NA
"eps",0.131,-0.984771407540693,0.15611196570286,1.15457873951325,1.05538070249307,3.23177472510967,TRUE,NA
"eps",0.132,-0.984419929951755,0.156677915109211,1.15513051574099,1.05597728271308,3.23308259848622,TRUE,NA
"eps",0.133,-0.984068572892986,0.157243805784005,1.15568222896732,1.05657380230646,3.23439095615563,TRUE,NA
"eps",0.134,-0.983717336377649,0.157809637721227,1.15623387918678,1.05717026126948,3.23569979788993,TRUE,NA
"eps",0.135,-0.983366220418987,0.158375410914862,1.15678546639387,1.05776665959842,3.23700912346112,TRUE,NA
"eps",0.136,-0.983015225030221,0.158941125358899,1.15733699058315,1.05836299728954,3.23831893264121,TRUE,NA
"eps",0.137,-0.982664350224549,0.159506781047329,1.15788845174913,1.05895927433914,3.23962922520223,TRUE,NA
"eps",0.138,-0.982313596015146,0.160072377974149,1.15843984988636,1.05955549074347,3.2409400009162,TRUE,NA
"eps",0.139,-0.981962962415166,0.160637916133356,1.15899118498938,1.06015164649884,3.24225125955517,TRUE,NA
"eps",0.14,-0.98161244943774,0.161203395518949,1.15954245705275,1.06074774160151,3.24356300089116,TRUE,NA
"eps",0.141,-0.981262057095973,0.161768816124938,1.16009366607101,1.06134377604778,3.24487522469622,TRUE,NA
"eps",0.142,-0.980911785402953,0.162334177945327,1.16064481203874,1.06193974983393,3.2461879307424,TRUE,NA
"eps",0.143,-0.980561634371739,0.162899480974129,1.16119589495048,1.06253566295625,3.24750111880177,TRUE,NA
"eps",0.144,-0.980211604015372,0.163464725205358,1.16174691480082,1.06313151541103,3.24881478864639,TRUE,NA
"eps",0.145,-0.97986169434687,0.164029910633033,1.16229787158433,1.06372730719456,3.25012894004831,TRUE,NA
"eps",0.146,-0.979511905379225,0.164595037251173,1.16284876529559,1.06432303830313,3.25144357277964,TRUE,NA
"eps",0.147,-0.97916223712541,0.165160105053802,1.16339959592918,1.06491870873305,3.25275868661243,TRUE,NA
"eps",0.148,-0.978812689598371,0.16572511403495,1.1639503634797,1.0655143184806,3.25407428131879,TRUE,NA
"eps",0.149,-0.978463262811035,0.166290064188646,1.16450106794173,1.06610986754209,3.25539035667081,TRUE,NA
"eps",0.15,-0.978113956776302,0.166854955508927,1.16505170930989,1.06670535591382,3.25670691244059,TRUE,NA
"eps",0.151,-0.977764771507056,0.167419787989825,1.16560228757877,1.06730078359209,3.25802394840024,TRUE,NA
"eps",0.152,-0.97741570701615,0.167984561625384,1.166152802743,1.06789615057321,3.25934146432188,TRUE,NA
"eps",0.153,-0.977066763316417,0.168549276409647,1.16670325479717,1.06849145685348,3.26065945997762,TRUE,NA
"eps",0.154,-0.976717940420669,0.169113932336663,1.16725364373592,1.06908670242921,3.26197793513959,TRUE,NA
"eps",0.155,-0.976369238341692,0.169678529400482,1.16780396955387,1.06968188729672,3.26329688957993,TRUE,NA
"eps",0.156,-0.976020657092252,0.170243067595154,1.16835423224565,1.07027701145231,3.26461632307079,TRUE,NA
"eps",0.157,-0.975672196685088,0.17080754691474,1.1689044318059,1.0708720748923,3.2659362353843,TRUE,NA
"eps",0.158,-0.975323857132918,0.171371967353301,1.16945456822927,1.07146707761302,3.26725662629263,TRUE,NA
"eps",0.159,-0.974975638448438,0.171936328904899,1.1700046415104,1.07206201961076,3.26857749556793,TRUE,NA
"eps",0.16,-0.974627540644318,0.172500631563601,1.17055465164393,1.07265690088187,3.26989884298239,TRUE,NA
"eps",0.161,-0.974279563733206,0.173064875323478,1.17110459862453,1.07325172142265,3.27122066830816,TRUE,NA
"eps",0.162,-0.973931707727726,0.173629060178606,1.17165448244686,1.07384648122944,3.27254297131744,TRUE,NA
"eps",0.163,-0.973583972640481,0.174193186123059,1.17220430310559,1.07444118029855,3.27386575178242,TRUE,NA
"eps",0.164,-0.973236358484049,0.174757253150918,1.17275406059539,1.07503581862633,3.27518900947529,TRUE,NA
"eps",0.165,-0.972888865270983,0.175321261256266,1.17330375491094,1.07563039620909,3.27651274416826,TRUE,NA
"eps",0.166,-0.972541493013816,0.175885210433193,1.17385338604692,1.07622491304317,3.27783695563354,TRUE,NA
"eps",0.167,-0.972194241725053,0.17644910067579,1.17440295399803,1.07681936912491,3.27916164364335,TRUE,NA
"eps",0.168,-0.97184711141718,0.177012931978147,1.17495245875895,1.07741376445064,3.28048680796991,TRUE,NA
"eps",0.169,-0.971500102102658,0.177576704334364,1.17550190032438,1.0780080990167,3.28181244838547,TRUE,NA
"eps",0.17,-0.971153213793922,0.178140417738543,1.17605127868904,1.07860237281944,3.28313856466226,TRUE,NA
"eps",0.171,-0.970806446503387,0.178704072184785,1.17660059384762,1.07919658585518,3.28446515657253,TRUE,NA
"eps",0.172,-0.970459800243444,0.179267667667198,1.17714984579484,1.07979073812028,3.28579222388854,TRUE,NA
"eps",0.173,-0.970113275026455,0.179831204179896,1.17769903452543,1.08038482961109,3.28711976638255,TRUE,NA
"eps",0.174,-0.969766870864766,0.180394681716992,1.1782481600341,1.08097886032395,3.28844778382684,TRUE,NA
"eps",0.175,-0.969420587770694,0.180958100272602,1.1787972223156,1.08157283025521,3.28977627599367,TRUE,NA
"eps",0.176,-0.969074425756534,0.181521459840849,1.17934622136465,1.08216673940124,3.29110524265535,TRUE,NA
"eps",0.177,-0.968728384834558,0.182084760415857,1.17989515717599,1.08276058775837,3.29243468358417,TRUE,NA
"eps",0.178,-0.968382465017014,0.182648001991754,1.18044402974438,1.08335437532296,3.29376459855242,TRUE,NA
"eps",0.179,-0.968036666316123,0.18321118456267,1.18099283906456,1.08394810209139,3.29509498733243,TRUE,NA
"eps",0.18,-0.967690988744086,0.183774308122743,1.1815415851313,1.08454176806001,3.2964258496965,TRUE,NA
"eps",0.181,-0.967345432313078,0.184337372666109,1.18209026793935,1.08513537322517,3.29775718541697,TRUE,NA
"eps",0.182,-0.96699999703525,0.184900378186914,1.18263888748349,1.08572891758326,3.29908899426617,TRUE,NA
"eps",0.183,-0.966654682922732,0.185463324679296,1.18318744375848,1.08632240113063,3.30042127601644,TRUE,NA
"eps",0.184,-0.966309489987624,0.186026212137412,1.1837359367591,1.08691582386365,3.30175403044014,TRUE,NA
"eps",0.185,-0.96596441824201,0.186589040555406,1.18428436648014,1.0875091857787,3.30308725730962,TRUE,NA
"eps",0.186,-0.965619467697942,0.187151809927441,1.18483273291639,1.08810248687215,3.30442095639725,TRUE,NA
"eps",0.187,-0.965274638367451,0.187714520247674,1.18538103606264,1.08869572714037,3.30575512747541,TRUE,NA
"eps",0.188,-0.964929930262548,0.188277171510265,1.18592927591369,1.08928890657975,3.30708977031648,TRUE,NA
"eps",0.189,-0.964585343395213,0.188839763709383,1.18647745246435,1.08988202518666,3.30842488469286,TRUE,NA
"eps",0.19,-0.964240877777406,0.189402296839194,1.18702556570942,1.09047508295749,3.30976047037694,TRUE,NA
"eps",0.191,-0.963896533421059,0.189964770893879,1.18757361564372,1.09106807988863,3.31109652714113,TRUE,NA
"eps",0.192,-0.963552310338086,0.190527185867607,1.18812160226208,1.09166101597645,3.31243305475786,TRUE,NA
"eps",0.193,-0.963208208540371,0.191089541754563,1.18866952555933,1.09225389121735,3.31377005299955,TRUE,NA
"eps",0.194,-0.962864228039777,0.191651838548925,1.18921738553029,1.09284670560771,3.31510752163863,TRUE,NA
"eps",0.195,-0.962520368848138,0.19221407624489,1.1897651821698,1.09343945914395,3.31644546044755,TRUE,NA
"eps",0.196,-0.96217663097727,0.192776254836639,1.1903129154727,1.09403215182244,3.31778386919877,TRUE,NA
"eps",0.197,-0.961833014438961,0.19333837431837,1.19086058543384,1.09462478363958,3.31912274766474,TRUE,NA
"eps",0.198,-0.961489519244974,0.193900434684284,1.19140819204808,1.09521735459179,3.32046209561793,TRUE,NA
"eps",0.199,-0.961146145407051,0.194462435928576,1.19195573531028,1.09580986467545,3.32180191283083,TRUE,NA
"eps",0.2,-0.960802892936901,0.19502437804546,1.1925032152153,1.09640231388698,3.32314219907591,TRUE,NA
"eps",0.201,-0.960459761846221,0.195586261029135,1.193050631758,1.09699470222278,3.3244829541257,TRUE,NA
"eps",0.202,-0.960116752146673,0.196148084873822,1.19359798493328,1.09758702967925,3.32582417775267,TRUE,NA
"eps",0.203,-0.959773863849898,0.196709849573731,1.194145274736,1.09817929625282,3.32716586972936,TRUE,NA
"eps",0.204,-0.959431096967514,0.197271555123082,1.19469250116106,1.0987715019399,3.32850802982828,TRUE,NA
"eps",0.205,-0.959088451511112,0.197833201516101,1.19523966420335,1.0993636467369,3.32985065782198,TRUE,NA
"eps",0.206,-0.95874592749226,0.19839478874701,1.19578676385775,1.09995573064023,3.33119375348299,TRUE,NA
"eps",0.207,-0.9584035249225,0.198956316810041,1.19633380011919,1.10054775364633,3.33253731658387,TRUE,NA
"eps",0.208,-0.958061243813347,0.199517785699432,1.19688077298257,1.10113971575162,3.33388134689717,TRUE,NA
"eps",0.209,-0.957719084176297,0.200079195409412,1.19742768244278,1.10173161695251,3.33522584419548,TRUE,NA
"eps",0.21,-0.957377046022815,0.200640545934229,1.19797452849477,1.10232345724544,3.33657080825137,TRUE,NA
"eps",0.211,-0.957035129364345,0.201201837268129,1.19852131113346,1.10291523662683,3.33791623883742,TRUE,NA
"eps",0.212,-0.956693334212307,0.20176306940535,1.19906803035377,1.10350695509312,3.33926213572626,TRUE,NA
"eps",0.213,-0.95635166057809,0.202324242340157,1.19961468615064,1.10409861264075,3.34060849869047,TRUE,NA
"eps",0.214,-0.956010108473066,0.202885356066794,1.20016127851902,1.10469020926615,3.34195532750268,TRUE,NA
"eps",0.215,-0.955668677908575,0.203446410579528,1.20070780745384,1.10528174496575,3.34330262193552,TRUE,NA
"eps",0.216,-0.955327368895939,0.204007405872614,1.20125427295007,1.10587321973601,3.34465038176163,TRUE,NA
"eps",0.217,-0.954986181446445,0.204568341940329,1.20180067500266,1.10646463357336,3.34599860675366,TRUE,NA
"eps",0.218,-0.954645115571365,0.205129218776936,1.20234701360658,1.10705598647426,3.34734729668426,TRUE,NA
"eps",0.219,-0.954304171281942,0.205690036376706,1.20289328875679,1.10764727843515,3.34869645132611,TRUE,NA
"eps",0.22,-0.95396334858939,0.206250794733926,1.20343950044827,1.10823850945247,3.35004607045188,TRUE,NA
"eps",0.221,-0.953622647504903,0.206811493842871,1.20398564867599,1.1088296795227,3.35139615383426,TRUE,NA
"eps",0.222,-0.95328206803965,0.207372133697826,1.20453173343496,1.10942078864227,3.35274670124595,TRUE,NA
"eps",0.223,-0.95294161020477,0.20793271429308,1.20507775472015,1.11001183680766,3.35409771245966,TRUE,NA
"eps",0.224,-0.95260127401138,0.208493235622927,1.20562371252658,1.11060282401531,3.3554491872481,TRUE,NA
"eps",0.225,-0.952261059470573,0.209053697681658,1.20616960684922,1.1111937502617,3.35680112538402,TRUE,NA
"eps",0.226,-0.951920966593412,0.209614100463582,1.20671543768311,1.11178461554329,3.35815352664013,TRUE,NA
"eps",0.227,-0.951580995390939,0.210174443962992,1.20726120502325,1.11237541985655,3.35950639078921,TRUE,NA
"eps",0.228,-0.951241145874169,0.210734728174199,1.20780690886466,1.11296616319794,3.360859717604,TRUE,NA
"eps",0.229,-0.950901418054091,0.211294953091515,1.20835254920237,1.11355684556395,3.36221350685728,TRUE,NA
"eps",0.23,-0.950561811941668,0.211855118709255,1.20889812603141,1.11414746695105,3.36356775832182,TRUE,NA
"eps",0.231,-0.950222327547838,0.212415225021739,1.20944363934681,1.11473802735571,3.36492247177043,TRUE,NA
"eps",0.232,-0.949882964883517,0.212975272023282,1.20998908914362,1.11532852677442,3.3662776469759,TRUE,NA
"eps",0.233,-0.949543723959589,0.213535259708216,1.21053447541688,1.11591896520365,3.36763328371104,TRUE,NA
"eps",0.234,-0.949204604786918,0.214095188070868,1.21107979816166,1.1165093426399,3.36898938174869,TRUE,NA
"eps",0.235,-0.948865607376338,0.214655057105572,1.211625057373,1.11709965907965,3.37034594086166,TRUE,NA
"eps",0.236,-0.948526731738659,0.215214866806667,1.21217025304599,1.1176899145194,3.37170296082282,TRUE,NA
"eps",0.237,-0.948187977884666,0.215774617168493,1.21271538517567,1.11828010895563,3.37306044140501,TRUE,NA
"eps",0.238,-0.947849345825121,0.216334308185389,1.21326045375714,1.11887024238484,3.37441838238111,TRUE,NA
"eps",0.239,-0.947510835570753,0.21689393985171,1.21380545878547,1.11946031480353,3.37577678352398,TRUE,NA
"eps",0.24,-0.947172447132269,0.217453512161809,1.21435040025576,1.12005032620821,3.37713564460653,TRUE,NA
"eps",0.241,-0.946834180520352,0.218013025110039,1.21489527816309,1.12064027659536,3.37849496540164,TRUE,NA
"eps",0.242,-0.946496035745659,0.218572478690756,1.21544009250257,1.12123016596151,3.37985474568224,TRUE,NA
"eps",0.243,-0.946158012818816,0.219131872898332,1.2159848432693,1.12181999430315,3.38121498522125,TRUE,NA
"eps",0.244,-0.94582011175043,0.219691207727126,1.21652953045838,1.1224097616168,3.38257568379159,TRUE,NA
"eps",0.245,-0.945482332551075,0.220250483171516,1.21707415406495,1.12299946789897,3.38393684116622,TRUE,NA
"eps",0.246,-0.945144675231305,0.220809699225875,1.21761871408412,1.12358911314618,3.38529845711808,TRUE,NA
"eps",0.247,-0.944807139801644,0.221368855884582,1.21816321051102,1.12417869735495,3.38666053142016,TRUE,NA
"eps",0.248,-0.944469726272592,0.221927953142019,1.21870764334078,1.12476822052179,3.38802306384542,TRUE,NA
"eps",0.249,-0.944132434654623,0.222486990992575,1.21925201256855,1.12535768264324,3.38938605416686,TRUE,NA
"eps",0.25,-0.943795264958184,0.223045969430636,1.21979631818946,1.12594708371581,3.39074950215748,TRUE,NA
"eps",0.251,-0.943458217193697,0.223604888450597,1.22034056019867,1.12653642373604,3.3921134075903,TRUE,NA
"eps",0.252,-0.943121291371555,0.224163748046859,1.22088473859134,1.12712570270046,3.39347777023834,TRUE,NA
"eps",0.253,-0.942784487502125,0.224722548213825,1.22142885336262,1.1277149206056,3.39484258987464,TRUE,NA
"eps",0.254,-0.942447805595753,0.2252812889459,1.2219729045077,1.128304077448,3.39620786627225,TRUE,NA
"eps",0.255,-0.942111245662753,0.225839970237492,1.22251689202174,1.1288931732242,3.39757359920422,TRUE,NA
"eps",0.256,-0.941774807713416,0.226398592083015,1.22306081589992,1.12948220793074,3.39893978844364,TRUE,NA
"eps",0.257,-0.941438491758004,0.226957154476886,1.22360467613742,1.13007118156417,3.40030643376358,TRUE,NA
"eps",0.258,-0.941102297806754,0.227515657413529,1.22414847272946,1.13066009412103,3.40167353493715,TRUE,NA
"eps",0.259,-0.940766225869876,0.228074100887369,1.22469220567121,1.13124894559788,3.40304109173745,TRUE,NA
"eps",0.26,-0.940430275957554,0.228632484892838,1.22523587495788,1.13183773599127,3.4044091039376,TRUE,NA
"eps",0.261,-0.940094448079949,0.229190809424359,1.22577948058468,1.13242646529774,3.40577757131074,TRUE,NA
"eps",0.262,-0.939758742247189,0.229749074476378,1.22632302254684,1.13301513351387,3.40714649363001,TRUE,NA
"eps",0.263,-0.939423158469376,0.230307280043338,1.22686650083956,1.13360374063622,3.40851587066857,TRUE,NA
"eps",0.264,-0.939087696756592,0.230865426119677,1.22740991545807,1.13419228666134,3.4098857021996,TRUE,NA
"eps",0.265,-0.938752357118887,0.231423512699848,1.22795326639761,1.1347807715858,3.41125598799626,TRUE,NA
"eps",0.266,-0.938417139566284,0.231981539778303,1.22849655365342,1.13536919540617,3.41262672783176,TRUE,NA
"eps",0.267,-0.938082044108783,0.232539507349499,1.22903977722075,1.13595755811903,3.41399792147931,TRUE,NA
"eps",0.268,-0.937747070756355,0.233097415407893,1.22958293709484,1.13654585972094,3.41536956871212,TRUE,NA
"eps",0.269,-0.937412219518942,0.233655263947958,1.23012603327094,1.13713410020849,3.41674166930343,TRUE,NA
"eps",0.27,-0.937077490406464,0.234213052964157,1.23066906574433,1.13772227957826,3.41811422302647,TRUE,NA
"eps",0.271,-0.936742883428811,0.234770782450966,1.23121203451027,1.13831039782683,3.41948722965452,TRUE,NA
"eps",0.272,-0.936408398595846,0.23532845240286,1.23175493956404,1.13889845495078,3.42086068896083,TRUE,NA
"eps",0.273,-0.936074035917409,0.235886062814314,1.23229778090089,1.13948645094671,3.4222346007187,TRUE,NA
"eps",0.274,-0.935739795403307,0.236443613679823,1.23284055851616,1.1400743858112,3.42360896470142,TRUE,NA
"eps",0.275,-0.935405677063324,0.237001104993872,1.2333832724051,1.14066225954085,3.42498378068229,TRUE,NA
"eps",0.276,-0.935071680907217,0.237558536750952,1.23392592256302,1.14125007213226,3.42635904843464,TRUE,NA
"eps",0.277,-0.934737806944715,0.238115908945559,1.23446850898523,1.14183782358202,3.42773476773181,TRUE,NA
"eps",0.278,-0.934404055185519,0.238673221572197,1.23501103166704,1.14242551388674,3.42911093834714,TRUE,NA
"eps",0.279,-0.934070425639307,0.239230474625367,1.23555349060375,1.14301314304303,3.43048756005399,TRUE,NA
"eps",0.28,-0.933736918315722,0.239787668099585,1.2360958857907,1.14360071104749,3.43186463262574,TRUE,NA
"eps",0.281,-0.933403533224391,0.240344801989353,1.23663821722322,1.14418821789672,3.43324215583577,TRUE,NA
"eps",0.282,-0.933070270374904,0.240901876289194,1.23718048489662,1.14477566358736,3.43462012945749,TRUE,NA
"eps",0.283,-0.932737129776829,0.241458890993628,1.23772268880626,1.14536304811601,3.43599855326431,TRUE,NA
"eps",0.284,-0.932404111439702,0.242015846097186,1.23826482894748,1.14595037147929,3.43737742702966,TRUE,NA
"eps",0.285,-0.93207121537304,0.242572741594386,1.23880690531564,1.14653763367383,3.43875675052697,TRUE,NA
"eps",0.286,-0.931738441586322,0.243129577479773,1.23934891790609,1.14712483469626,3.44013652352971,TRUE,NA
"eps",0.287,-0.931405790089012,0.243686353747873,1.23989086671419,1.14771197454319,3.44151674581133,TRUE,NA
"eps",0.288,-0.931073260890536,0.244243070393232,1.24043275173532,1.14829905321126,3.44289741714533,TRUE,NA
"eps",0.289,-0.930740854000295,0.2447997274104,1.24097457296484,1.1488860706971,3.4442785373052,TRUE,NA
"eps",0.29,-0.930408569427668,0.24535632479392,1.24151633039816,1.14947302699736,3.44566010606444,TRUE,NA
"eps",0.291,-0.930076407182001,0.245912862538348,1.24205802403064,1.15005992210867,3.44704212319658,TRUE,NA
"eps",0.292,-0.929744367272615,0.24646934063824,1.24259965385769,1.15064675602767,3.44842458847515,TRUE,NA
"eps",0.293,-0.9294124497088,0.247025759088162,1.24314121987471,1.15123352875101,3.44980750167371,TRUE,NA
"eps",0.294,-0.929080654499826,0.247582117882673,1.2436827220771,1.15182024027534,3.45119086256582,TRUE,NA
"eps",0.295,-0.928748981654926,0.248138417016351,1.24422416046028,1.15240689059731,3.45257467092506,TRUE,NA
"eps",0.296,-0.928417431183314,0.248694656483761,1.24476553501966,1.15299347971358,3.45395892652502,TRUE,NA
"eps",0.297,-0.92808600309417,0.249250836279489,1.24530684575066,1.1535800076208,3.45534362913931,TRUE,NA
"eps",0.298,-0.927754697396648,0.249806956398116,1.24584809264873,1.15416647431563,3.45672877854154,TRUE,NA
"eps",0.299,-0.927423514099876,0.250363016834227,1.2463892757093,1.15475287979473,3.45811437450536,TRUE,NA
"eps",0.3,-0.927092453212952,0.250919017582415,1.24693039492779,1.15533922405478,3.45950041680441,TRUE,NA
"eps",0.301,-0.926761514744951,0.251474958637269,1.24747145029969,1.15592550709244,3.46088690521235,TRUE,NA
"eps",0.302,-0.926430698704912,0.252030839993396,1.24801244182043,1.15651172890438,3.46227383950287,TRUE,NA
"eps",0.303,-0.926100005101855,0.25258666164539,1.24855336948546,1.15709788948728,3.46366121944965,TRUE,NA
"eps",0.304,-0.925769433944763,0.25314242358787,1.24909423329029,1.15768398883782,3.4650490448264,TRUE,NA
"eps",0.305,-0.9254389852426,0.253698125815438,1.24963503323035,1.15827002695268,3.46643731540685,TRUE,NA
"eps",0.306,-0.925108659004299,0.254253768322711,1.25017576930113,1.15885600382854,3.46782603096473,TRUE,NA
"eps",0.307,-0.924778455238759,0.254809351104313,1.25071644149813,1.1594419194621,3.46921519127378,TRUE,NA
"eps",0.308,-0.924448373954861,0.255364874154865,1.25125704981683,1.16002777385003,3.47060479610778,TRUE,NA
"eps",0.309,-0.92411841516145,0.255920337468999,1.25179759425274,1.16061356698904,3.47199484524051,TRUE,NA
"eps",0.31,-0.923788578867348,0.256475741041341,1.25233807480135,1.16119929887582,3.47338533844575,TRUE,NA
"eps",0.311,-0.923458865081346,0.257031084866533,1.25287849145818,1.16178496950707,3.47477627549732,TRUE,NA
"eps",0.312,-0.923129273812207,0.257586368939217,1.25341884421875,1.1623705788795,3.47616765616905,TRUE,NA
"eps",0.313,-0.92279980506867,0.25814159325403,1.25395913307857,1.1629561269898,3.47755948023477,TRUE,NA
"eps",0.314,-0.922470458859439,0.258696757805631,1.25449935803318,1.1635416138347,3.47895174746834,TRUE,NA
"eps",0.315,-0.922141235193193,0.259251862588669,1.25503951907811,1.16412703941089,3.48034445764362,TRUE,NA
"eps",0.316,-0.921812134078586,0.259806907597802,1.25557961620892,1.1647124037151,3.48173761053451,TRUE,NA
"eps",0.317,-0.921483155524237,0.260361892827695,1.25611964942113,1.16529770674404,3.4831312059149,TRUE,NA
"eps",0.318,-0.921154299538744,0.260916818273012,1.25665961871031,1.16588294849444,3.48452524355871,TRUE,NA
"eps",0.319,-0.92082556613067,0.261471683928423,1.25719952407201,1.16646812896301,3.48591972323987,TRUE,NA
"eps",0.32,-0.920496955308555,0.262026489788606,1.25773936550181,1.16705324814649,3.48731464473232,TRUE,NA
"eps",0.321,-0.920168467080905,0.262581235848241,1.25827914299528,1.16763830604161,3.48871000781002,TRUE,NA
"eps",0.322,-0.919840101456205,0.263135922102005,1.25881885654799,1.1682233026451,3.49010581224696,TRUE,NA
"eps",0.323,-0.919511858442904,0.263690548544591,1.25935850615554,1.16880823795369,3.49150205781712,TRUE,NA
"eps",0.324,-0.919183738049427,0.264245115170691,1.25989809181351,1.16939311196414,3.49289874429452,TRUE,NA
"eps",0.325,-0.91885574028417,0.264799621975001,1.26043761351752,1.16997792467317,3.49429587145317,TRUE,NA
"eps",0.326,-0.918527865155497,0.265354068952224,1.26097707126313,1.17056267607754,3.49569343906711,TRUE,NA
"eps",0.327,-0.918200112671751,0.265908456097056,1.26151646504599,1.171147366174,3.49709144691041,TRUE,NA
"eps",0.328,-0.917872482841238,0.266462783404213,1.2620557948617,1.1717319949593,3.49848989475714,TRUE,NA
"eps",0.329,-0.917544975672236,0.267017050868416,1.26259506070589,1.17231656243019,3.49988878238136,TRUE,NA
"eps",0.33,-0.917217591173005,0.267571258484368,1.26313426257417,1.17290106858344,3.50128810955721,TRUE,NA
"eps",0.331,-0.916890329351761,0.268125406246801,1.26367340046221,1.1734855134158,3.50268787605878,TRUE,NA
"eps",0.332,-0.916563190216702,0.26867949415044,1.26421247436563,1.17406989692404,3.50408808166022,TRUE,NA
"eps",0.333,-0.91623617377599,0.269233522190024,1.2647514842801,1.17465421910494,3.50548872613566,TRUE,NA
"eps",0.334,-0.915909280037769,0.269787490360271,1.26529043020124,1.17523847995526,3.5068898092593,TRUE,NA
"eps",0.335,-0.915582509010141,0.270341398655933,1.26582931212474,1.17582267947178,3.5082913308053,TRUE,NA
"eps",0.336,-0.915255860701187,0.270895247071753,1.26636813004626,1.17640681765127,3.50969329054787,TRUE,NA
"eps",0.337,-0.91492933511896,0.271449035602474,1.26690688396146,1.17699089449052,3.51109568826122,TRUE,NA
"eps",0.338,-0.914602932271478,0.272002764242855,1.26744557386604,1.17757490998632,3.51249852371958,TRUE,NA
"eps",0.339,-0.914276652166734,0.272556432987652,1.26798419975568,1.17815886413544,3.51390179669721,TRUE,NA
"eps",0.34,-0.913950494812692,0.273110041831625,1.26852276162607,1.17874275693469,3.51530550696836,TRUE,NA
"eps",0.341,-0.913624460217285,0.273663590769543,1.26906125947291,1.17932658838085,3.51670965430732,TRUE,NA
"eps",0.342,-0.913298548388423,0.274217079796169,1.2695996932919,1.17991035847073,3.5181142384884,TRUE,NA
"eps",0.343,-0.912972759333975,0.274770508906288,1.27013806307878,1.18049406720113,3.51951925928589,TRUE,NA
"eps",0.344,-0.91264709306179,0.27532387809468,1.27067636882924,1.18107771456884,3.52092471647413,TRUE,NA
"eps",0.345,-0.912321549579693,0.275877187356112,1.27121461053901,1.18166130057069,3.52233060982749,TRUE,NA
"eps",0.346,-0.911996128895462,0.276430436685394,1.27175278820383,1.18224482520348,3.52373693912031,TRUE,NA
"eps",0.347,-0.911670831016862,0.276983626077308,1.27229090181944,1.18282828846402,3.52514370412697,TRUE,NA
"eps",0.348,-0.911345655951623,0.277536755526648,1.27282895138158,1.18341169034913,3.52655090462189,TRUE,NA
"eps",0.349,-0.911020603707445,0.278089825028222,1.27336693688598,1.18399503085564,3.52795854037947,TRUE,NA
"eps",0.35,-0.910695674291998,0.278642834576835,1.27390485832843,1.18457830998036,3.52936661117415,TRUE,NA
"eps",0.351,-0.91037086771293,0.279195784167287,1.27444271570468,1.18516152772013,3.53077511678039,TRUE,NA
"eps",0.352,-0.910046183977846,0.279748673794411,1.2749805090105,1.18574468407178,3.53218405697264,TRUE,NA
"eps",0.353,-0.909721623094333,0.280301503453016,1.27551823824167,1.18632777903214,3.53359343152538,TRUE,NA
"eps",0.354,-0.909397185069943,0.28085427313793,1.27605590339397,1.18691081259806,3.53500324021313,TRUE,NA
"eps",0.355,-0.909072869912205,0.281406982843973,1.27659350446319,1.18749378476636,3.53641348281041,TRUE,NA
"eps",0.356,-0.908748677628609,0.281959632565985,1.27713104144513,1.1880766955339,3.53782415909174,TRUE,NA
"eps",0.357,-0.908424608226622,0.282512222298804,1.27766851433558,1.18865954489752,3.53923526883169,TRUE,NA
"eps",0.358,-0.908100661713682,0.283064752037265,1.27820592313038,1.18924233285407,3.54064681180482,TRUE,NA
"eps",0.359,-0.90777683809719,0.283617221776226,1.27874326782531,1.18982505940042,3.54205878778573,TRUE,NA
"eps",0.36,-0.907453137384527,0.284169631510526,1.27928054841622,1.19040772453342,3.54347119654902,TRUE,NA
"eps",0.361,-0.907129559583038,0.284721981235026,1.27981776489891,1.19099032824993,3.54488403786931,TRUE,NA
"eps",0.362,-0.906806104700038,0.28527427094459,1.28035491726924,1.19157287054681,3.54629731152125,TRUE,NA
"eps",0.363,-0.906482772742819,0.285826500634074,1.28089200552305,1.19215535142094,3.54771101727951,TRUE,NA
"eps",0.364,-0.906159563718636,0.286378670298352,1.28142902965617,1.19273777086919,3.54912515491875,TRUE,NA
"eps",0.365,-0.905836477634717,0.286930779932294,1.28196598966447,1.19332012888842,3.55053972421367,TRUE,NA
"eps",0.366,-0.905513514498257,0.287482829530787,1.28250288554382,1.19390242547553,3.55195472493898,TRUE,NA
"eps",0.367,-0.905190674316428,0.288034819088706,1.28303971729007,1.19448466062739,3.55337015686943,TRUE,NA
"eps",0.368,-0.904867957096368,0.288586748600936,1.2835764848991,1.19506683434089,3.55478601977975,TRUE,NA
"eps",0.369,-0.904545362845182,0.289138618062378,1.2841131883668,1.19564894661292,3.55620231344472,TRUE,NA
"eps",0.37,-0.904222891569953,0.28969042746792,1.28464982768905,1.19623099744037,3.55761903763912,TRUE,NA
"eps",0.371,-0.903900543277726,0.290242176812465,1.28518640286174,1.19681298682013,3.55903619213776,TRUE,NA
"eps",0.372,-0.903578317975519,0.290793866090923,1.28572291388077,1.19739491474912,3.56045377671546,TRUE,NA
"eps",0.373,-0.90325621567032,0.291345495298204,1.28625936074207,1.19797678122423,3.56187179114706,TRUE,NA
"eps",0.374,-0.902934236369089,0.291897064429218,1.28679574344154,1.19855858624236,3.56329023520743,TRUE,NA
"eps",0.375,-0.902612380078756,0.29244857347888,1.28733206197508,1.19914032980043,3.56470910867143,TRUE,NA
"eps",0.376,-0.902290646806215,0.293000022442125,1.28786831633865,1.19972201189536,3.56612841131397,TRUE,NA
"eps",0.377,-0.901969036558334,0.293551411313878,1.28840450652818,1.20030363252405,3.56754814290997,TRUE,NA
"eps",0.378,-0.901647549341952,0.294102740089069,1.28894063253959,1.20088519168344,3.56896830323434,TRUE,NA
"eps",0.379,-0.901326185163876,0.29465400876264,1.28947669436884,1.20146668937043,3.57038889206206,TRUE,NA
"eps",0.38,-0.901004944030879,0.295205217329537,1.2900126920119,1.20204812558198,3.57180990916808,TRUE,NA
"eps",0.381,-0.900683825949717,0.295756365784692,1.2905486254647,1.20262950031499,3.57323135432742,TRUE,NA
"eps",0.382,-0.900362830927099,0.29630745412307,1.29108449472322,1.20321081356642,3.57465322731506,TRUE,NA
"eps",0.383,-0.900041958969713,0.296858482339625,1.29162029978345,1.2037920653332,3.57607552790604,TRUE,NA
"eps",0.384,-0.899721210084213,0.29740945042932,1.29215604064135,1.20437325561227,3.5774982558754,TRUE,NA
"eps",0.385,-0.899400584277227,0.297960358387116,1.29269171729292,1.20495438440057,3.57892141099821,TRUE,NA
"eps",0.386,-0.899080081555345,0.298511206207992,1.29322732973415,1.20553545169507,3.58034499304956,TRUE,NA
"eps",0.387,-0.898759701925138,0.29906199388691,1.29376287796103,1.2061164574927,3.58176900180456,TRUE,NA
"eps",0.388,-0.898439445393135,0.299612721418861,1.29429836196959,1.20669740179043,3.58319343703832,TRUE,NA
"eps",0.389,-0.898119311965838,0.300163388798829,1.29483378175583,1.20727828458522,3.58461829852599,TRUE,NA
"eps",0.39,-0.897799301649726,0.300713996021793,1.29536913731577,1.20785910587403,3.58604358604273,TRUE,NA
"eps",0.391,-0.897479414451232,0.301264543082765,1.29590442864544,1.20843986565383,3.58746929936372,TRUE,NA
"eps",0.392,-0.897159650376777,0.301815029976721,1.29643965574089,1.20902056392159,3.58889543826418,TRUE,NA
"eps",0.393,-0.896840009432735,0.302365456698684,1.29697481859813,1.20960120067429,3.5903220025193,TRUE,NA
"eps",0.394,-0.896520491625458,0.302915823243651,1.29750991721324,1.21018177590889,3.59174899190435,TRUE,NA
"eps",0.395,-0.896201096961263,0.303466129606645,1.29804495158225,1.2107622896224,3.59317640619457,TRUE,NA
"eps",0.396,-0.895881825446445,0.304016375782668,1.29857992170124,1.21134274181179,3.59460424516525,TRUE,NA
"eps",0.397,-0.895562677087254,0.304566561766758,1.29911482756627,1.21192313247405,3.59603250859169,TRUE,NA
"eps",0.398,-0.895243651889922,0.305116687553933,1.29964966917341,1.21250346160618,3.5974611962492,TRUE,NA
"eps",0.399,-0.894924749860638,0.305666753139237,1.30018444651876,1.21308372920517,3.59889030791312,TRUE,NA
"eps",0.4,-0.894605971005577,0.306216758517689,1.30071915959839,1.21366393526803,3.60031984335883,TRUE,NA
"eps",0.401,-0.894287315330867,0.30676670368434,1.30125380840839,1.21424407979175,3.60174980236169,TRUE,NA
"eps",0.402,-0.893968782842611,0.30731658863424,1.30178839294489,1.21482416277335,3.6031801846971,TRUE,NA
"eps",0.403,-0.893650373546886,0.307866413362426,1.30232291320398,1.21540418420983,3.60461099014049,TRUE,NA
"eps",0.404,-0.893332087449729,0.308416177863968,1.30285736918177,1.21598414409822,3.60604221846729,TRUE,NA
"eps",0.405,-0.893013924557148,0.308965882133928,1.30339176087441,1.21656404243554,3.60747386945296,TRUE,NA
"eps",0.406,-0.892695884875133,0.309515526167349,1.30392608827799,1.2171438792188,3.60890594287299,TRUE,NA
"eps",0.407,-0.892377968409614,0.310065109959338,1.30446035138869,1.21772365444503,3.61033843850287,TRUE,NA
"eps",0.408,-0.892060175166523,0.310614633504941,1.30499455020262,1.21830336811127,3.61177135611812,TRUE,NA
"eps",0.409,-0.891742505151742,0.311164096799244,1.30552868471595,1.21888302021455,3.6132046954943,TRUE,NA
"eps",0.41,-0.89142495837112,0.311713499837342,1.30606275492483,1.2194626107519,3.61463845640695,TRUE,NA
"eps",0.411,-0.891107534830492,0.312262842614302,1.30659676082541,1.22004213972037,3.61607263863167,TRUE,NA
"eps",0.412,-0.890790234535637,0.312812125125244,1.30713070241388,1.22062160711701,3.61750724194405,TRUE,NA
"eps",0.413,-0.890473057492321,0.313361347365258,1.30766457968642,1.22120101293886,3.61894226611972,TRUE,NA
"eps",0.414,-0.890156003706275,0.313910509329446,1.30819839263919,1.22178035718298,3.62037771093432,TRUE,NA
"eps",0.415,-0.889839073183199,0.314459611012908,1.30873214126841,1.22235963984641,3.62181357616353,TRUE,NA
"eps",0.416,-0.889522265928753,0.315008652410774,1.30926582557025,1.22293886092624,3.62324986158302,TRUE,NA
"eps",0.417,-0.889205581948579,0.315557633518151,1.30979944554094,1.22351802041952,3.62468656696851,TRUE,NA
"eps",0.418,-0.888889021248274,0.316106554330176,1.31033300117669,1.22409711832332,3.62612369209571,TRUE,NA
"eps",0.419,-0.888572583833418,0.316655414841959,1.31086649247372,1.2246761546347,3.62756123674039,TRUE,NA
"eps",0.42,-0.888256269709547,0.317204215048648,1.31139991942822,1.22525512935075,3.62899920067832,TRUE,NA
"eps",0.421,-0.887940078882167,0.317752954945382,1.31193328203647,1.22583404246856,3.63043758368527,TRUE,NA
"eps",0.422,-0.887624011356765,0.318301634527289,1.3124665802947,1.22641289398519,3.63187638553707,TRUE,NA
"eps",0.423,-0.887308067138781,0.318850253789531,1.31299981419912,1.22699168389774,3.63331560600956,TRUE,NA
"eps",0.424,-0.886992246233628,0.31939881272726,1.31353298374604,1.2275704122033,3.63475524487857,TRUE,NA
"eps",0.425,-0.886676548646697,0.319947311335621,1.31406608893166,1.22814907889898,3.63619530192002,TRUE,NA
"eps",0.426,-0.886360974383331,0.320495749609792,1.31459912975231,1.22872768398185,3.63763577690976,TRUE,NA
"eps",0.427,-0.886045523448852,0.321044127544934,1.31513210620422,1.22930622744904,3.63907666962375,TRUE,NA
"eps",0.428,-0.88573019584855,0.321592445136218,1.31566501828368,1.22988470929764,3.64051797983791,TRUE,NA
"eps",0.429,-0.885414991587676,0.322140702378832,1.31619786598701,1.23046312952478,3.6419597073282,TRUE,NA
"eps",0.43,-0.885099910671461,0.322688899267943,1.31673064931046,1.23104148812756,3.64340185187063,TRUE,NA
"eps",0.431,-0.884784953105091,0.323237035798753,1.31726336825036,1.2316197851031,3.64484441324117,TRUE,NA
"eps",0.432,-0.884470118893729,0.323785111966445,1.31779602280301,1.23219802044853,3.64628739121588,TRUE,NA
"eps",0.433,-0.88415540804251,0.324333127766208,1.31832861296473,1.23277619416096,3.64773078557081,TRUE,NA
"eps",0.434,-0.883840820556516,0.324881083193274,1.31886113873184,1.23335430623755,3.64917459608201,TRUE,NA
"eps",0.435,-0.883526356440823,0.325428978242826,1.31939360010069,1.23393235667541,3.65061882252559,TRUE,NA
"eps",0.436,-0.883212015700461,0.325976812910082,1.3199259970676,1.23451034547169,3.65206346467767,TRUE,NA
"eps",0.437,-0.882897798340429,0.326524587190263,1.32045832962889,1.23508827262353,3.65350852231438,TRUE,NA
"eps",0.438,-0.882583704365705,0.327072301078573,1.32099059778096,1.23566613812807,3.65495399521189,TRUE,NA
"eps",0.439,-0.882269733781211,0.327619954570268,1.32152280152014,1.23624394198248,3.65639988314637,TRUE,NA
"eps",0.44,-0.881955886591862,0.328167547660561,1.32205494084279,1.23682168418389,3.65784618589403,TRUE,NA
"eps",0.441,-0.881642162802523,0.328715080344703,1.32258701574533,1.23739936472948,3.65929290323111,TRUE,NA
"eps",0.442,-0.88132856241804,0.329262552617923,1.32311902622408,1.2379769836164,3.66074003493385,TRUE,NA
"eps",0.443,-0.881015085443219,0.329809964475475,1.32365097227546,1.23855454084181,3.66218758077852,TRUE,NA
"eps",0.444,-0.880701731882835,0.330357315912613,1.32418285389586,1.2391320364029,3.66363554054142,TRUE,NA
"eps",0.445,-0.880388501741631,0.330904606924594,1.32471467108167,1.23970947029684,3.66508391399887,TRUE,NA
"eps",0.446,-0.880075395024322,0.331451837506674,1.32524642382932,1.24028684252081,3.66653270092721,TRUE,NA
"eps",0.447,-0.87976241173558,0.331999007654136,1.3257781121352,1.24086415307198,3.6679819011028,TRUE,NA
"eps",0.448,-0.879449551880056,0.332546117362242,1.32630973599577,1.24144140194755,3.66943151430203,TRUE,NA
"eps",0.449,-0.879136815462368,0.333093166626262,1.32684129540742,1.24201858914469,3.67088154030131,TRUE,NA
"eps",0.45,-0.878824202487089,0.333640155441497,1.3273727903666,1.24259571466063,3.67233197887706,TRUE,NA
"eps",0.451,-0.878511712958776,0.334187083803218,1.32790422086974,1.24317277849253,3.67378282980576,TRUE,NA
"eps",0.452,-0.878199346881944,0.334733951706724,1.32843558691332,1.24374978063762,3.67523409286387,TRUE,NA
"eps",0.453,-0.877887104261071,0.335280759147328,1.3289668884938,1.24432672109312,3.67668576782789,TRUE,NA
"eps",0.454,-0.877574985100621,0.335827506120303,1.32949812560761,1.24490359985619,3.67813785447435,TRUE,NA
"eps",0.455,-0.877262989405,0.33637419262099,1.33002929825127,1.24548041692409,3.67959035257979,TRUE,NA
"eps",0.456,-0.8769511171786,0.336920818644688,1.33056040642123,1.24605717229403,3.68104326192079,TRUE,NA
"eps",0.457,-0.876639368425782,0.337467384186702,1.33109145011395,1.24663386596322,3.68249658227395,TRUE,NA
"eps",0.458,-0.87632774315086,0.338013889242373,1.33162242932597,1.24721049792891,3.68395031341588,TRUE,NA
"eps",0.459,-0.876016241358121,0.338560333807032,1.33215334405378,1.24778706818831,3.68540445512321,TRUE,NA
"eps",0.46,-0.875704863051825,0.339106717876006,1.33268419429388,1.24836357673866,3.68685900717261,TRUE,NA
"eps",0.461,-0.875393608236192,0.339653041444638,1.33321498004282,1.24894002357722,3.68831396934078,TRUE,NA
"eps",0.462,-0.87508247691542,0.340199304508259,1.33374570129704,1.24951640870121,3.68976934140442,TRUE,NA
"eps",0.463,-0.874771469093657,0.340745507062242,1.33427635805318,1.25009273210789,3.69122512314027,TRUE,NA
"eps",0.464,-0.874460584775036,0.341291649101919,1.33480695030769,1.25066899379452,3.6926813143251,TRUE,NA
"eps",0.465,-0.874149823963646,0.34183773062266,1.33533747805715,1.25124519375833,3.69413791473567,TRUE,NA
"eps",0.466,-0.873839186663546,0.342383751619829,1.33586794129811,1.25182133199661,3.69559492414881,TRUE,NA
"eps",0.467,-0.873528672878763,0.342929712088796,1.33639834002712,1.25239740850661,3.69705234234133,TRUE,NA
"eps",0.468,-0.87321828261329,0.343475612024936,1.33692867424076,1.2529734232856,3.6985101690901,TRUE,NA
"eps",0.469,-0.872908015871081,0.344021451423645,1.33745894393559,1.25354937633086,3.69996840417198,TRUE,NA
"eps",0.47,-0.872597872656075,0.344567230280281,1.3379891491082,1.25412526763966,3.70142704736391,TRUE,NA
"eps",0.471,-0.872287852972161,0.345112948590247,1.33851928975518,1.25470109720929,3.70288609844278,TRUE,NA
"eps",0.472,-0.871977956823197,0.345658606348951,1.33904936587312,1.25527686503703,3.70434555718555,TRUE,NA
"eps",0.473,-0.871668184213012,0.346204203551787,1.33957937745861,1.25585257112017,3.70580542336921,TRUE,NA
"eps",0.474,-0.871358535145407,0.346749740194153,1.34010932450831,1.25642821545601,3.70726569677075,TRUE,NA
"eps",0.475,-0.871049009624143,0.347295216271457,1.34063920701877,1.25700379804184,3.7087263771672,TRUE,NA
"eps",0.476,-0.870739607652944,0.347840631779132,1.34116902498664,1.25757931887497,3.7101874643356,TRUE,NA
"eps",0.477,-0.870430329235505,0.348385986712602,1.34169877840857,1.2581547779527,3.71164895805303,TRUE,NA
"eps",0.478,-0.870121174375493,0.348931281067282,1.34222846728118,1.25873017527236,3.71311085809658,TRUE,NA
"eps",0.479,-0.869812143076533,0.349476514838614,1.34275809160116,1.25930551083125,3.71457316424339,TRUE,NA
"eps",0.48,-0.869503235342225,0.350021688022028,1.34328765136509,1.25988078462669,3.71603587627059,TRUE,NA
"eps",0.481,-0.86919445117613,0.350566800612971,1.34381714656966,1.260455996656,3.71749899395537,TRUE,NA
"eps",0.482,-0.868885790581774,0.351111852606895,1.34434657721157,1.26103114691653,3.71896251707491,TRUE,NA
"eps",0.483,-0.868577253562654,0.351656843999256,1.34487594328746,1.26160623540559,3.72042644540644,TRUE,NA
"eps",0.484,-0.868268840122235,0.352201774785505,1.34540524479404,1.26218126212053,3.72189077872721,TRUE,NA
"eps",0.485,-0.867960550263945,0.352746644961107,1.34593448172797,1.26275622705868,3.72335551681449,TRUE,NA
"eps",0.486,-0.867652383991179,0.353291454521538,1.34646365408596,1.26333113021741,3.72482065944557,TRUE,NA
"eps",0.487,-0.867344341307296,0.353836203462271,1.34699276186473,1.26390597159404,3.72628620639779,TRUE,NA
"eps",0.488,-0.867036422215625,0.354380891778797,1.34752180506099,1.26448075118594,3.72775215744847,TRUE,NA
"eps",0.489,-0.866728626719464,0.354925519466583,1.34805078367144,1.26505546899048,3.72921851237501,TRUE,NA
"eps",0.49,-0.866420954822077,0.355470086521122,1.34857969769283,1.26563012500499,3.7306852709548,TRUE,NA
"eps",0.491,-0.866113406526687,0.356014592937916,1.34910854712186,1.26620471922687,3.73215243296526,TRUE,NA
"eps",0.492,-0.865805981836483,0.356559038712484,1.34963733195534,1.26677925165348,3.73361999818383,TRUE,NA
"eps",0.493,-0.865498680754639,0.357103423840294,1.35016605218995,1.26735372228219,3.73508796638802,TRUE,NA
"eps",0.494,-0.86519150328427,0.357647748316894,1.35069470782246,1.26792813111038,3.73655633735529,TRUE,NA
"eps",0.495,-0.86488444942847,0.358192012137792,1.35122329884969,1.26850247813546,3.73802511086318,TRUE,NA
"eps",0.496,-0.864577519190302,0.358736215298508,1.35175182526833,1.26907676335479,3.73949428668925,TRUE,NA
"eps",0.497,-0.864270712572787,0.359280357794577,1.35228028707521,1.26965098676578,3.74096386461107,TRUE,NA
"eps",0.498,-0.863964029578924,0.359824439621517,1.35280868426711,1.27022514836582,3.74243384440625,TRUE,NA
"eps",0.499,-0.863657470211664,0.360368460774884,1.35333701684082,1.27079924815232,3.74390422585241,TRUE,NA
"eps",0.5,-0.863351034473933,0.360912421250215,1.35386528479315,1.27137328612267,3.74537500872721,TRUE,NA
"eps",0.501,-0.863044722368621,0.361456321043064,1.35439348812088,1.2719472622743,3.74684619280833,TRUE,NA
"eps",0.502,-0.862738533898588,0.362000160148975,1.35492162682086,1.27252117660462,3.74831777787348,TRUE,NA
"eps",0.503,-0.862432469066647,0.362543938563531,1.35544970088991,1.27309502911106,3.74978976370039,TRUE,NA
"eps",0.504,-0.862126527875588,0.363087656282291,1.35597771032487,1.27366881979102,3.75126215006681,TRUE,NA
"eps",0.505,-0.861820710328171,0.363631313300817,1.35650565512253,1.27424254864196,3.75273493675055,TRUE,NA
"eps",0.506,-0.861515016427116,0.364174909614687,1.35703353527978,1.27481621566129,3.75420812352941,TRUE,NA
"eps",0.507,-0.8612094461751,0.364718445219499,1.35756135079347,1.27538982084645,3.75568171018122,TRUE,NA
"eps",0.508,-0.860903999574791,0.365261920110809,1.35808910166045,1.27596336419489,3.75715569648387,TRUE,NA
"eps",0.509,-0.860598676628788,0.365805334284252,1.35861678787761,1.27653684570406,3.75863008221522,TRUE,NA
"eps",0.51,-0.860293477339692,0.366348687735386,1.35914440944178,1.27711026537139,3.76010486715322,TRUE,NA
"eps",0.511,-0.859988401710029,0.366891980459872,1.35967196634992,1.27768362319438,3.76158005107577,TRUE,NA
"eps",0.512,-0.859683449742337,0.367435212453263,1.36019945859885,1.27825691917045,3.76305563376088,TRUE,NA
"eps",0.513,-0.859378621439095,0.367978383711184,1.36072688618549,1.27883015329707,3.76453161498656,TRUE,NA
"eps",0.514,-0.859073916802731,0.368521494229296,1.36125424910679,1.27940332557174,3.76600799453078,TRUE,NA
"eps",0.515,-0.858769335835678,0.369064544003178,1.36178154735958,1.27997643599188,3.76748477217165,TRUE,NA
"eps",0.516,-0.858464878540304,0.369607533028487,1.36230878094085,1.28054948455502,3.76896194768722,TRUE,NA
"eps",0.517,-0.858160544918946,0.370150461300873,1.36283594984754,1.28112247125862,3.77043952085558,TRUE,NA
"eps",0.518,-0.857856334973928,0.370693328815946,1.36336305407652,1.28169539610017,3.7719174914549,TRUE,NA
"eps",0.519,-0.857552248707516,0.371236135569377,1.36389009362479,1.28226825907717,3.77339585926332,TRUE,NA
"eps",0.52,-0.857248286121961,0.371778881556793,1.36441706848927,1.28284106018709,3.77487462405904,TRUE,NA
"eps",0.521,-0.856944447219458,0.372321566773881,1.36494397866692,1.28341379942747,3.77635378562026,TRUE,NA
"eps",0.522,-0.856640732002175,0.372864191216313,1.36547082415478,1.28398647679581,3.77783334372522,TRUE,NA
"eps",0.523,-0.856337140472259,0.373406754879737,1.36599760494968,1.28455909228958,3.7793132981522,TRUE,NA
"eps",0.524,-0.856033672631802,0.373949257759852,1.36652432104877,1.28513164590633,3.78079364867949,TRUE,NA
"eps",0.525,-0.855730328482885,0.374491699852308,1.36705097244892,1.28570413764357,3.78227439508542,TRUE,NA
"eps",0.526,-0.855427108027537,0.375034081152807,1.36757755914718,1.28627656749884,3.78375553714835,TRUE,NA
"eps",0.527,-0.85512401126775,0.375576401657053,1.36810408114055,1.28684893546964,3.78523707464664,TRUE,NA
"eps",0.528,-0.854821038205494,0.376118661360732,1.36863053842601,1.28742124155353,3.78671900735872,TRUE,NA
"eps",0.529,-0.854518188842697,0.376660860259547,1.36915693100065,1.28799348574802,3.788201335063,TRUE,NA
"eps",0.53,-0.85421546318125,0.377202998349223,1.36968325886142,1.28856566805069,3.78968405753795,TRUE,NA
"eps",0.531,-0.853912861223018,0.377745075625456,1.37020952200539,1.28913778845905,3.79116717456208,TRUE,NA
"eps",0.532,-0.853610382969826,0.378287092083969,1.37073572042962,1.28970984697067,3.79265068591389,TRUE,NA
"eps",0.533,-0.853308028423457,0.378829047720509,1.37126185413112,1.29028184358311,3.79413459137192,TRUE,NA
"eps",0.534,-0.85300579758567,0.379370942530793,1.37178792310703,1.29085377829392,3.79561889071476,TRUE,NA
"eps",0.535,-0.852703690458191,0.37991277651055,1.37231392735433,1.29142565110068,3.79710358372102,TRUE,NA
"eps",0.536,-0.852401707042702,0.38045454965553,1.37283986687012,1.29199746200095,3.79858867016931,TRUE,NA
"eps",0.537,-0.852099847340852,0.380996261961489,1.37336574165153,1.29256921099231,3.8000741498383,TRUE,NA
"eps",0.538,-0.851798111354257,0.381537913424174,1.37389155169558,1.29314089807233,3.80156002250668,TRUE,NA
"eps",0.539,-0.851496499084494,0.382079504039361,1.37441729699943,1.2937125232386,3.80304628795315,TRUE,NA
"eps",0.54,-0.851195010533117,0.382621033802793,1.37494297756013,1.29428408648872,3.80453294595647,TRUE,NA
"eps",0.541,-0.850893645701641,0.383162502710231,1.37546859337481,1.29485558782026,3.80601999629543,TRUE,NA
"eps",0.542,-0.850592404591523,0.3837039107575,1.37599414444061,1.29542702723086,3.80750743874879,TRUE,NA
"eps",0.543,-0.85029128720422,0.384245257940339,1.37651963075462,1.29599840471807,3.80899527309541,TRUE,NA
"eps",0.544,-0.849990293541134,0.384786544254548,1.37704505231406,1.29656972027953,3.81048349911414,TRUE,NA
"eps",0.545,-0.84968942360363,0.385327769695933,1.37757040911597,1.29714097391286,3.81197211658387,TRUE,NA
"eps",0.546,-0.849388677393041,0.385868934260299,1.37809570115759,1.29771216561567,3.8134611252835,TRUE,NA
"eps",0.547,-0.849088054910691,0.386410037943396,1.37862092843601,1.29828329538555,3.81495052499202,TRUE,NA
"eps",0.548,-0.848787556157811,0.386951080741113,1.37914609094842,1.29885436322018,3.81644031548835,TRUE,NA
"eps",0.549,-0.848487181135656,0.387492062649209,1.379671188692,1.29942536911715,3.81793049655153,TRUE,NA
"eps",0.55,-0.848186929845407,0.388032983663539,1.38019622166395,1.29999631307411,3.81942106796057,TRUE,NA
"eps",0.551,-0.847886802288222,0.388573843779929,1.38072118986147,1.30056719508873,3.82091202949454,TRUE,NA
"eps",0.552,-0.847586798465242,0.389114642994175,1.38124609328169,1.30113801515861,3.82240338093256,TRUE,NA
"eps",0.553,-0.847286918377534,0.389655381302169,1.38177093192188,1.30170877328143,3.8238951220537,TRUE,NA
"eps",0.554,-0.846987162026161,0.39019605869973,1.38229570577923,1.30227946945484,3.82538725263713,TRUE,NA
"eps",0.555,-0.846687529412138,0.390736675182718,1.38282041485098,1.30285010367648,3.82687977246203,TRUE,NA
"eps",0.556,-0.846388020536459,0.39127723074696,1.38334505913433,1.30342067594405,3.82837268130762,TRUE,NA
"eps",0.557,-0.846088635400057,0.391817725388352,1.38386963862657,1.30399118625518,3.82986597895313,TRUE,NA
"eps",0.558,-0.84578937400384,0.392358159102768,1.38439415332485,1.30456163460759,3.83135966517781,TRUE,NA
"eps",0.559,-0.845490236348701,0.392898531886045,1.38491860322654,1.30513202099892,3.83285373976098,TRUE,NA
"eps",0.56,-0.845191222435467,0.393438843734091,1.38544298832883,1.30570234542688,3.83434820248196,TRUE,NA
"eps",0.561,-0.844892332264937,0.393979094642808,1.38596730862899,1.30627260788916,3.83584305312008,TRUE,NA
"eps",0.562,-0.844593565837897,0.394519284608046,1.38649156412434,1.30684280838343,3.83733829145477,TRUE,NA
"eps",0.563,-0.844294923155078,0.395059413625704,1.3870157548121,1.30741294690741,3.83883391726544,TRUE,NA
"eps",0.564,-0.843996404217157,0.395599481691741,1.38753988068961,1.30798302345881,3.84032993033149,TRUE,NA
"eps",0.565,-0.84369800902483,0.396139488801984,1.38806394175417,1.3085530380353,3.84182633043246,TRUE,NA
"eps",0.566,-0.843399737578689,0.396679434952425,1.38858793800307,1.30912299063464,3.8433231173478,TRUE,NA
"eps",0.567,-0.843101589879348,0.397219320138934,1.38911186943364,1.30969288125453,3.84482029085708,TRUE,NA
"eps",0.568,-0.842803565927351,0.397759144357461,1.38963573604317,1.31026270989268,3.84631785073986,TRUE,NA
"eps",0.569,-0.842505665723219,0.398298907603935,1.39015953782907,1.31083247654684,3.84781579677572,TRUE,NA
"eps",0.57,-0.84220788926744,0.398838609874284,1.39068327478858,1.31140218121473,3.84931412874431,TRUE,NA
"eps",0.571,-0.841910236560463,0.399378251164442,1.39120694691913,1.31197182389408,3.85081284642529,TRUE,NA
"eps",0.572,-0.841612707602687,0.399917831470398,1.39173055421803,1.31254140458267,3.85231194959832,TRUE,NA
"eps",0.573,-0.841315302394497,0.400457350788078,1.39225409668267,1.31311092327821,3.85381143804314,TRUE,NA
"eps",0.574,-0.841018020936243,0.400996809113424,1.39277757431041,1.31368037997844,3.85531131153951,TRUE,NA
"eps",0.575,-0.840720863228208,0.401536206442452,1.3933009870986,1.31424977468118,3.85681156986718,TRUE,NA
"eps",0.576,-0.840423829270669,0.402075542771114,1.39382433504472,1.31481910738415,3.85831221280597,TRUE,NA
"eps",0.577,-0.840126919063864,0.402614818095371,1.39434761814603,1.31538837808512,3.85981324013574,TRUE,NA
"eps",0.578,-0.839830132607984,0.403154032411226,1.39487083640006,1.31595758678186,3.86131465163634,TRUE,NA
"eps",0.579,-0.839533469903188,0.403693185714667,1.39539398980412,1.31652673347216,3.86281644708769,TRUE,NA
"eps",0.58,-0.839236930949595,0.404232278001705,1.39591707835572,1.31709581815379,3.86431862626969,TRUE,NA
"eps",0.581,-0.8389405157473,0.404771309268323,1.39644010205223,1.31766484082456,3.86582118896234,TRUE,NA
"eps",0.582,-0.838644224296361,0.405310279510519,1.39696306089113,1.31823380148223,3.86732413494564,TRUE,NA
"eps",0.583,-0.838348056596786,0.40584918872432,1.39748595486977,1.31880270012461,3.86882746399961,TRUE,NA
"eps",0.584,-0.838052012648557,0.406388036905745,1.39800878398567,1.31937153674951,3.87033117590429,TRUE,NA
"eps",0.585,-0.837756092451604,0.406926824050845,1.39853154823636,1.31994031135474,3.87183527043978,TRUE,NA
"eps",0.586,-0.837460296005847,0.407465550155626,1.39905424761919,1.32050902393811,3.8733397473862,TRUE,NA
"eps",0.587,-0.837164623311167,0.408004215216103,1.39957688213164,1.32107767449741,3.87484460652373,TRUE,NA
"eps",0.588,-0.836869074367368,0.408542819228388,1.40009945177127,1.32164626303051,3.87634984763249,TRUE,NA
"eps",0.589,-0.836573649174279,0.409081362188459,1.40062195653554,1.32221478953521,3.87785547049277,TRUE,NA
"eps",0.59,-0.836278347731638,0.40961984409243,1.40114439642192,1.32278325400936,3.87936147488476,TRUE,NA
"eps",0.591,-0.83598317003918,0.41015826493634,1.40166677142799,1.32335165645078,3.88086786058875,TRUE,NA
"eps",0.592,-0.835688116096603,0.410696624716234,1.40218908155115,1.3239199968573,3.88237462738509,TRUE,NA
"eps",0.593,-0.835393185903552,0.411234923428206,1.40271132678905,1.32448827522678,3.88388177505408,TRUE,NA
"eps",0.594,-0.835098379459646,0.411773161068326,1.4032335071391,1.32505649155708,3.88538930337613,TRUE,NA
"eps",0.595,-0.83480369676446,0.412311337632696,1.40375562259894,1.32562464584605,3.88689721213161,TRUE,NA
"eps",0.596,-0.834509137817528,0.412849453117429,1.40427767316608,1.32619273809159,3.88840550110095,TRUE,NA
"eps",0.597,-0.834214702618391,0.413387507518537,1.40479965883802,1.3267607682915,3.88991417006469,TRUE,NA
"eps",0.598,-0.833920391166482,0.413925500832216,1.40532157961247,1.32732873644371,3.89142321880326,TRUE,NA
"eps",0.599,-0.83362620346124,0.414463433054566,1.4058434354869,1.32789664254609,3.8929326470972,TRUE,NA
"eps",0.6,-0.833332139502082,0.415001304181649,1.4063652264589,1.32846448659648,3.89444245472712,TRUE,NA
"eps",0.601,-0.833038199288371,0.415539114209585,1.406886952526,1.3290322685928,3.89595264147361,TRUE,NA
"eps",0.602,-0.832744382819405,0.416076863134564,1.40740861368587,1.32959998853296,3.89746320711727,TRUE,NA
"eps",0.603,-0.83245069009448,0.416614550952699,1.40793020993615,1.33016764641482,3.89897415143877,TRUE,NA
"eps",0.604,-0.832157121112857,0.417152177660105,1.40845174127437,1.33073524223632,3.90048547421884,TRUE,NA
"eps",0.605,-0.831863675873735,0.417689743252963,1.40897320769822,1.33130277599536,3.90199717523816,TRUE,NA
"eps",0.606,-0.831570354376322,0.418227247727351,1.40949460920522,1.33187024768983,3.90350925427756,TRUE,NA
"eps",0.607,-0.831277156619711,0.418764691079539,1.41001594579313,1.33243765731769,3.90502171111775,TRUE,NA
"eps",0.608,-0.83098408260304,0.419302073305611,1.4105372174596,1.33300500487682,3.90653454553961,TRUE,NA
"eps",0.609,-0.830691132325371,0.419839394401751,1.41105842420216,1.33357229036518,3.90804775732401,TRUE,NA
"eps",0.61,-0.830398305785733,0.420376654364135,1.41157956601857,1.33413951378067,3.90956134625181,TRUE,NA
"eps",0.611,-0.830105602983103,0.420913853188984,1.41210064290651,1.33470667512129,3.91107531210394,TRUE,NA
"eps",0.612,-0.82981302391647,0.421450990872408,1.41262165486353,1.33527377438492,3.91258965466139,TRUE,NA
"eps",0.613,-0.829520568584714,0.421988067410696,1.41314260188749,1.33584081156957,3.91410437370511,TRUE,NA
"eps",0.614,-0.829228236986739,0.422525082799998,1.41366348397597,1.33640778667314,3.91561946901613,TRUE,NA
"eps",0.615,-0.828936029121398,0.423062037036502,1.41418430112664,1.33697469969364,3.91713494037555,TRUE,NA
"eps",0.616,-0.828643944987485,0.423598930116456,1.4147050533374,1.33754155062899,3.91865078756442,TRUE,NA
"eps",0.617,-0.828351984583771,0.424135762036079,1.41522574060579,1.3381083394772,3.92016701036387,TRUE,NA
"eps",0.618,-0.828060147909004,0.424672532791566,1.41574636292958,1.33867506623624,3.92168360855508,TRUE,NA
"eps",0.619,-0.827768434961871,0.425209242379171,1.41626692030653,1.33924173090403,3.92320058191922,TRUE,NA
"eps",0.62,-0.827476845741023,0.425745890795156,1.4167874127344,1.33980833347867,3.92471793023751,TRUE,NA
"eps",0.621,-0.827185380245111,0.426282478035695,1.41730784021084,1.34037487395806,3.92623565329125,TRUE,NA
"eps",0.622,-0.826894038472697,0.426819004097099,1.41782820273374,1.34094135234023,3.92775375086168,TRUE,NA
"eps",0.623,-0.826602820422339,0.427355468975599,1.41834850030084,1.34150776862317,3.92927222273016,TRUE,NA
"eps",0.624,-0.826311726092541,0.427891872667478,1.41886873290983,1.3420741228049,3.93079106867803,TRUE,NA
"eps",0.625,-0.826020755481797,0.428428215168958,1.4193889005585,1.34264041488344,3.93231028848672,TRUE,NA
"eps",0.626,-0.825729908588532,0.428964496476339,1.41990900324478,1.34320664485677,3.93382988193762,TRUE,NA
"eps",0.627,-0.825439185411138,0.429500716585925,1.42042904096638,1.34377281272295,3.9353498488122,TRUE,NA
"eps",0.628,-0.825148585947973,0.430036875494015,1.42094901372113,1.34433891848005,3.93687018889194,TRUE,NA
"eps",0.629,-0.824858110197397,0.430572973196815,1.42146892150679,1.344904962126,3.93839090195842,TRUE,NA
"eps",0.63,-0.824567758157666,0.431109009690705,1.42198876432126,1.3454709436589,3.93991198779316,TRUE,NA
"eps",0.631,-0.824277529827022,0.431644984972013,1.42250854216233,1.34603686307683,3.94143344617773,TRUE,NA
"eps",0.632,-0.823987425203724,0.432180899036936,1.4230282550279,1.34660272037776,3.94295527689386,TRUE,NA
"eps",0.633,-0.823697444285916,0.432716751881872,1.4235479029157,1.34716851555978,3.94447747972315,TRUE,NA
"eps",0.634,-0.823407587071733,0.433252543503158,1.42406748582375,1.34773424862099,3.94600005444729,TRUE,NA
"eps",0.635,-0.823117853559279,0.433788273897109,1.42458700374981,1.34829991955939,3.94752300084803,TRUE,NA
"eps",0.636,-0.822828243746647,0.43432394306,1.42510645669173,1.34886552837307,3.94904631870719,TRUE,NA
"eps",0.637,-0.822538757631815,0.434859550988282,1.42562584464753,1.34943107506017,3.95057000780649,TRUE,NA
"eps",0.638,-0.822249395212814,0.435395097678208,1.42614516761501,1.34999655961868,3.95209406792784,TRUE,NA
"eps",0.639,-0.821960156487571,0.435930583126192,1.42666442559204,1.35056198204674,3.95361849885307,TRUE,NA
"eps",0.64,-0.821671041454004,0.43646600732858,1.4271836185766,1.35112734234243,3.95514330036411,TRUE,NA
"eps",0.641,-0.821382050109994,0.437001370281734,1.42770274656658,1.35169264050385,3.95666847224289,TRUE,NA
"eps",0.642,-0.821093182453384,0.437536671982011,1.42822180955988,1.35225787652909,3.95819401427142,TRUE,NA
"eps",0.643,-0.820804438481963,0.438071912425827,1.42874080755449,1.35282305041629,3.95971992623169,TRUE,NA
"eps",0.644,-0.820515818193487,0.438607091609579,1.42925974054828,1.35338816216354,3.96124620790573,TRUE,NA
"eps",0.645,-0.820227321585701,0.43914220952962,1.42977860853928,1.35395321176898,3.96277285907565,TRUE,NA
"eps",0.646,-0.819938948656283,0.439677266182368,1.43029741152547,1.35451819923071,3.96429987952357,TRUE,NA
"eps",0.647,-0.819650699402888,0.440212261564217,1.4308161495047,1.35508312454687,3.96582726903164,TRUE,NA
"eps",0.648,-0.819362573823142,0.440747195671547,1.43133482247502,1.35564798771557,3.96735502738208,TRUE,NA
"eps",0.649,-0.819074571914571,0.441282068500896,1.43185343043436,1.35621278873504,3.96888315435704,TRUE,NA
"eps",0.65,-0.818786693674771,0.441816880048541,1.43237197338078,1.35677752760331,3.97041164973886,TRUE,NA
"eps",0.651,-0.818498939101205,0.442351630311004,1.43289045131229,1.3573422043186,3.9719405133098,TRUE,NA
"eps",0.652,-0.818211308191339,0.442886319284706,1.43340886422684,1.35790681887907,3.97346974485218,TRUE,NA
"eps",0.653,-0.817923800942592,0.443420946966105,1.43392721212248,1.3584713712829,3.97499934414838,TRUE,NA
"eps",0.654,-0.817636417352364,0.443955513351614,1.43444549499731,1.3590358615282,3.97652931098081,TRUE,NA
"eps",0.655,-0.817349157417992,0.444490018437714,1.43496371284919,1.35960028961317,3.9780596451319,TRUE,NA
"eps",0.656,-0.817062021136797,0.445024462220839,1.43548186567633,1.36016465553598,3.97959034638415,TRUE,NA
"eps",0.657,-0.816775008506048,0.445558844697467,1.43599995347663,1.36072895929481,3.98112141452005,TRUE,NA
"eps",0.658,-0.816488119522961,0.446093165864115,1.43651797624834,1.36129320088791,3.98265284932214,TRUE,NA
"eps",0.659,-0.816201354184748,0.446627425717222,1.43703593398933,1.3618573803134,3.98418465057302,TRUE,NA
"eps",0.66,-0.815914712488561,0.447161624253295,1.43755382669781,1.36242149756953,3.98571681805529,TRUE,NA
"eps",0.661,-0.815628194431522,0.447695761468819,1.43807165437188,1.36298555265451,3.98724935155162,TRUE,NA
"eps",0.662,-0.815341800010695,0.448229837360338,1.43858941700955,1.36354954556655,3.98878225084468,TRUE,NA
"eps",0.663,-0.815055529223144,0.448763851924308,1.43910711460894,1.36411347630382,3.99031551571722,TRUE,NA
"eps",0.664,-0.814769382065888,0.449297805157213,1.43962474716824,1.36467734486456,3.99184914595203,TRUE,NA
"eps",0.665,-0.814483358535857,0.449831697055657,1.44014231468551,1.36524115124705,3.99338314133185,TRUE,NA
"eps",0.666,-0.814197458630012,0.450365527616094,1.44065981715879,1.36580489544947,3.99491750163957,TRUE,NA
"eps",0.667,-0.81391168234524,0.450899296835067,1.44117725458627,1.36636857747004,3.99645222665806,TRUE,NA
"eps",0.668,-0.813626029678351,0.451433004709216,1.44169462696629,1.36693219730713,3.99798731617015,TRUE,NA
"eps",0.669,-0.813340500626212,0.451966651234958,1.44221193429667,1.36749575495886,3.9995227699589,TRUE,NA
"eps",0.67,-0.813055095185566,0.452500236408928,1.44272917657586,1.36805925042354,4.00105858780721,TRUE,NA
"eps",0.671,-0.812769813353164,0.453033760227651,1.44324635380194,1.36862268369945,4.00259476949814,TRUE,NA
"eps",0.672,-0.812484655125708,0.453567222687688,1.44376346597298,1.36918605478479,4.00413131481474,TRUE,NA
"eps",0.673,-0.812199620499849,0.454100623785635,1.44428051308736,1.36974936367789,4.0056682235401,TRUE,NA
"eps",0.674,-0.811914709472245,0.454633963517984,1.44479749514302,1.37031261037705,4.0072054954574,TRUE,NA
"eps",0.675,-0.811629922039443,0.455167241881412,1.44531441213844,1.37087579488049,4.00874313034975,TRUE,NA
"eps",0.676,-0.811345258197971,0.455700458872553,1.44583126407181,1.37143891718654,4.01028112800033,TRUE,NA
"eps",0.677,-0.811060717944369,0.456233614487927,1.44634805094118,1.37200197729351,4.01181948819243,TRUE,NA
"eps",0.678,-0.810776301275125,0.456766708724092,1.44686477274476,1.37256497519964,4.01335821070937,TRUE,NA
"eps",0.679,-0.810492008186628,0.45729974157776,1.44738142948088,1.37312791090335,4.01489729533439,TRUE,NA
"eps",0.68,-0.810207838675284,0.457832713045516,1.4478980211479,1.37369078440283,4.01643674185087,TRUE,NA
"eps",0.681,-0.809923792737454,0.458365623123967,1.44841454774388,1.37425359569643,4.01797655004222,TRUE,NA
"eps",0.682,-0.809639870369439,0.458898471809775,1.44893100926734,1.37481634478254,4.01951671969184,TRUE,NA
"eps",0.683,-0.809356071567559,0.459431259099474,1.44944740571629,1.37537903165936,4.02105725058327,TRUE,NA
"eps",0.684,-0.809072396327997,0.459963984989842,1.44996373708903,1.37594165632537,4.02259814249993,TRUE,NA
"eps",0.685,-0.808788844646977,0.460496649477471,1.45048000338399,1.37650421877888,4.02413939522539,TRUE,NA
"eps",0.686,-0.808505416520652,0.461029252559033,1.45099620459945,1.37706671901816,4.02568100854323,TRUE,NA
"eps",0.687,-0.808222111945144,0.461561794231194,1.45151234073378,1.37762915704167,4.02722298223707,TRUE,NA
"eps",0.688,-0.807938930916579,0.462094274490521,1.45202841178506,1.37819153284761,4.02876531609062,TRUE,NA
"eps",0.689,-0.807655873430923,0.462626693333883,1.45254441775175,1.37875384643449,4.03030800988746,TRUE,NA
"eps",0.69,-0.807372939484255,0.463159050757784,1.45306035863225,1.37931609780064,4.03185106341144,TRUE,NA
"eps",0.691,-0.80709012907251,0.463691346758995,1.45357623442478,1.37987828694441,4.03339447644628,TRUE,NA
"eps",0.692,-0.806807442191589,0.464223581334281,1.45409204512789,1.38044041386423,4.03493824877573,TRUE,NA
"eps",0.693,-0.806524878837444,0.464755754480189,1.45460779073975,1.38100247855842,4.03648238018375,TRUE,NA
"eps",0.694,-0.80624243900589,0.465287866193523,1.45512347125874,1.38156448102542,4.03802687045416,TRUE,NA
"eps",0.695,-0.805960122692723,0.465819916471035,1.45563908668334,1.38212642126359,4.03957171937087,TRUE,NA
"eps",0.696,-0.805677929893753,0.466351905309362,1.45615463701184,1.38268829927141,4.04111692671788,TRUE,NA
"eps",0.697,-0.805395860604711,0.466883832705239,1.45667012224273,1.38325011504717,4.0426624922792,TRUE,NA
"eps",0.698,-0.80511391482128,0.467415698655436,1.45718554237427,1.38381186858937,4.04420841583885,TRUE,NA
"eps",0.699,-0.804832092539103,0.46794750315673,1.45770089740506,1.38437355989644,4.04575469718087,TRUE,NA
"eps",0.7,-0.804550393753813,0.468479246205836,1.45821618733346,1.38493518896681,4.04730133608941,TRUE,NA
"eps",0.701,-0.804268818460996,0.469010927799489,1.45873141215772,1.38549675579886,4.04884833234864,TRUE,NA
"eps",0.702,-0.803987366656208,0.469542547934415,1.45924657187642,1.38605826039098,4.05039568574278,TRUE,NA
"eps",0.703,-0.803706038334898,0.47007410660751,1.45976166648813,1.38661970274178,4.05194339605597,TRUE,NA
"eps",0.704,-0.803424833492608,0.470605603815356,1.4602766959911,1.38718108284952,4.05349146307262,TRUE,NA
"eps",0.705,-0.803143752124685,0.471137039554922,1.46079166038402,1.3877424007128,4.05503988657692,TRUE,NA
"eps",0.706,-0.802862794226547,0.471668413822919,1.46130655966498,1.38830365633004,4.05658866635326,TRUE,NA
"eps",0.707,-0.802581959793536,0.472199726616144,1.46182139383282,1.3888648496997,4.05813780218603,TRUE,NA
"eps",0.708,-0.802301248820904,0.472730977931542,1.462336162886,1.38942598082034,4.05968729385958,TRUE,NA
"eps",0.709,-0.802020661304022,0.473262167765654,1.46285086682303,1.38998704969024,4.06123714115854,TRUE,NA
"eps",0.71,-0.801740197238094,0.473793296115365,1.46336550564199,1.39054805630798,4.06278734386737,TRUE,NA
"eps",0.711,-0.80145985661823,0.474324362977689,1.46388007934202,1.39110900067212,4.06433790177051,TRUE,NA
"eps",0.712,-0.801179639439662,0.474855368349252,1.46439458792117,1.39166988278106,4.06588881465266,TRUE,NA
"eps",0.713,-0.800899545697467,0.475386312226972,1.46490903137825,1.39223070263342,4.06744008229841,TRUE,NA
"eps",0.714,-0.800619575386727,0.47591719460767,1.46542340971177,1.39279146022755,4.06899170449242,TRUE,NA
"eps",0.715,-0.800339728502461,0.476448015488223,1.46593772292021,1.39335215556206,4.07054368101939,TRUE,NA
"eps",0.716,-0.800060005039642,0.476978774865539,1.46645197100218,1.39391278863553,4.07209601166403,TRUE,NA
"eps",0.717,-0.799780404993292,0.477509472736313,1.46696615395614,1.39447335944634,4.07364869621123,TRUE,NA
"eps",0.718,-0.799500928358281,0.478040109097523,1.46748027178069,1.3950338679931,4.07520173444575,TRUE,NA
"eps",0.719,-0.799221575129465,0.478570683946093,1.46799432447469,1.39559431427436,4.07675512615242,TRUE,NA
"eps",0.72,-0.798942345301703,0.479101197278851,1.46850831203645,1.3961546982887,4.07830887111618,TRUE,NA
"eps",0.721,-0.798663238869818,0.479631649092616,1.46902223446455,1.39671502003451,4.07986296912203,TRUE,NA
"eps",0.722,-0.798384255828504,0.480162039384448,1.46953609175774,1.39727527951056,4.08141741995483,TRUE,NA
"eps",0.723,-0.798105396172551,0.480692368151068,1.47004988391454,1.39783547671521,4.08297222339974,TRUE,NA
"eps",0.724,-0.797826659896569,0.481222635389557,1.47056361093386,1.39839561164716,4.08452737924171,TRUE,NA
"eps",0.725,-0.797548046995273,0.481752841096642,1.47107727281402,1.39895568430489,4.08608288726597,TRUE,NA
"eps",0.726,-0.797269557463163,0.482282985269498,1.47159086955385,1.39951569468709,4.0876387472575,TRUE,NA
"eps",0.727,-0.79699119129491,0.482813067904774,1.47210440115187,1.40007564279226,4.08919495900168,TRUE,NA
"eps",0.728,-0.796712948484977,0.483343088999555,1.47261786760669,1.40063552861894,4.09075152228362,TRUE,NA
"eps",0.729,-0.796434829027799,0.483873048550904,1.47313126891726,1.40119535216595,4.09230843688854,TRUE,NA
"eps",0.73,-0.796156832917914,0.484402946555526,1.47364460508199,1.40175511343166,4.09386570260188,TRUE,NA
"eps",0.731,-0.795878960149677,0.484932783010497,1.47415787609985,1.40231481241475,4.09542331920893,TRUE,NA
"eps",0.732,-0.795601210717417,0.48546255791287,1.47467108196945,1.40287444911384,4.09698128649502,TRUE,NA
"eps",0.733,-0.795323584615555,0.485992271259366,1.47518422268923,1.40343402352754,4.09853960424573,TRUE,NA
"eps",0.734,-0.795046081838269,0.486521923047235,1.47569729825828,1.40399353565451,4.10009827224638,TRUE,NA
"eps",0.735,-0.794768702379849,0.48705151327334,1.47621030867521,1.40455298549347,4.10165729028255,TRUE,NA
"eps",0.736,-0.794491446234496,0.487581041934684,1.47672325393871,1.40511237304283,4.10321665813978,TRUE,NA
"eps",0.737,-0.794214313396378,0.488110509028259,1.47723613404741,1.40567169830138,4.10477637560368,TRUE,NA
"eps",0.738,-0.793937303859622,0.488639914551063,1.4777489490001,1.4062309612677,4.10633644245988,TRUE,NA
"eps",0.739,-0.793660417618305,0.489169258500133,1.47826169879584,1.40679016194059,4.10789685849406,TRUE,NA
"eps",0.74,-0.79338365466648,0.48969854087247,1.47877438343325,1.40734930031854,4.10945762349194,TRUE,NA
"eps",0.741,-0.793107014998179,0.490227761665027,1.47928700291102,1.40790837640032,4.11101873723932,TRUE,NA
"eps",0.742,-0.792830498607269,0.4907569208751,1.4797995572279,1.40846739018464,4.11258019952185,TRUE,NA
"eps",0.743,-0.792554105487803,0.491286018499398,1.48031204638293,1.40902634166997,4.11414201012557,TRUE,NA
"eps",0.744,-0.792277835633619,0.491815054535097,1.48082447037465,1.40958523085518,4.11570416883629,TRUE,NA
"eps",0.745,-0.792001689038531,0.492344028979337,1.481336829202,1.41014405773898,4.11726667543988,TRUE,NA
"eps",0.746,-0.791725665696369,0.492872941829117,1.48184912286394,1.41070282232014,4.11882952972236,TRUE,NA
"eps",0.747,-0.791449765600889,0.493401793081532,1.48236135135906,1.41126152459709,4.1203927314697,TRUE,NA
"eps",0.748,-0.791173988745857,0.493930582733562,1.48287351468614,1.41182016456866,4.12195628046803,TRUE,NA
"eps",0.749,-0.790898335124929,0.494459310782371,1.48338561284461,1.41237874223361,4.12352017650338,TRUE,NA
"eps",0.75,-0.790622804731794,0.494987977224934,1.4838976458326,1.41293725759063,4.12508441936197,TRUE,NA
"eps",0.751,-0.790347397560008,0.495516582058489,1.48440961364957,1.41349571063853,4.12664900882988,TRUE,NA
"eps",0.752,-0.790072113603147,0.496045125280112,1.48492151629389,1.41405410137599,4.12821394469334,TRUE,NA
"eps",0.753,-0.789796952854735,0.496573606886921,1.48543335376495,1.41461242980175,4.12977922673862,TRUE,NA
"eps",0.754,-0.789521915308273,0.497102026876004,1.48594512606144,1.41517069591455,4.13134485475204,TRUE,NA
"eps",0.755,-0.789247000957245,0.497630385244391,1.48645683318181,1.41572889971306,4.13291082852,TRUE,NA
"eps",0.756,-0.788972209795004,0.498158681989354,1.48696847512608,1.41628704119617,4.13447714782881,TRUE,NA
"eps",0.757,-0.788697541814957,0.498686917107926,1.48748005189197,1.41684512036254,4.13604381246495,TRUE,NA
"eps",0.758,-0.78842299701041,0.499215090597312,1.48799156347919,1.41740313721106,4.13761082221488,TRUE,NA
"eps",0.759,-0.788148575374662,0.499743202454637,1.48850300988655,1.41796109174043,4.13917817686511,TRUE,NA
"eps",0.76,-0.787874276900934,0.500271252677122,1.48901439111265,1.41851898394948,4.14074587620217,TRUE,NA
"eps",0.761,-0.78760010158244,0.500799241261923,1.48952570715679,1.419076813837,4.14231392001267,TRUE,NA
"eps",0.762,-0.787326049412344,0.501327168206221,1.49003695801798,1.41963458140175,4.14388230808325,TRUE,NA
"eps",0.763,-0.787052120383871,0.501855033506939,1.49054814369471,1.42019228664247,4.14545104020075,TRUE,NA
"eps",0.764,-0.786778314490022,0.502382837161492,1.49105926418657,1.42074992955799,4.14702011615176,TRUE,NA
"eps",0.765,-0.786504631723844,0.502910579167075,1.49157031949239,1.42130751014727,4.14858953572306,TRUE,NA
"eps",0.766,-0.786231072078319,0.50343825952095,1.49208130961082,1.42186502840896,4.15015929870142,TRUE,NA
"eps",0.767,-0.785957635546489,0.503965878220131,1.49259223454152,1.42242248434193,4.15172940487383,TRUE,NA
"eps",0.768,-0.785684322121203,0.50449343526204,1.49310309428312,1.42297987794517,4.15329985402705,TRUE,NA
"eps",0.769,-0.785411131795375,0.505020930643819,1.49361388883468,1.42353720921735,4.15487064594809,TRUE,NA
"eps",0.77,-0.785138064561923,0.505548364362516,1.49412461819497,1.42409447815721,4.15644178042404,TRUE,NA
"eps",0.771,-0.784865120413532,0.506075736415682,1.4946352823638,1.42465168476386,4.15801325724175,TRUE,NA
"eps",0.772,-0.784592299343049,0.506603046800344,1.49514588133944,1.42520882903612,4.15958507618841,TRUE,NA
"eps",0.773,-0.784319601343248,0.507130295513632,1.49565641512125,1.42576591097256,4.16115723705123,TRUE,NA
"eps",0.774,-0.784047026406618,0.507657482553312,1.49616688370859,1.42632293057249,4.16272973961706,TRUE,NA
"eps",0.775,-0.783774574525978,0.508184607916192,1.49667728710047,1.4268798878345,4.16430258367338,TRUE,NA
"eps",0.776,-0.783502245693952,0.508711671599496,1.49718762529538,1.42743678275744,4.16587576900746,TRUE,NA
"eps",0.777,-0.783230039903008,0.509238673600752,1.49769789829313,1.42799361534034,4.16744929540647,TRUE,NA
"eps",0.778,-0.78295795714566,0.509765613917273,1.49820810609249,1.4285503855821,4.1690231626577,TRUE,NA
"eps",0.779,-0.78268599741445,0.510292492546197,1.49871824869274,1.42910709348154,4.17059737054865,TRUE,NA
"eps",0.78,-0.782414160701839,0.510819309484775,1.49922832609315,1.42966373903764,4.17217191886676,TRUE,NA
"eps",0.781,-0.782142447000211,0.511346064730367,1.49973833829207,1.43022032224909,4.17374680739948,TRUE,NA
"eps",0.782,-0.781870856301849,0.511872758280492,1.50024828528987,1.43077684311511,4.17532203593418,TRUE,NA
"eps",0.783,-0.78159938859922,0.512399390132092,1.50075816708479,1.43133330163439,4.17689760425867,TRUE,NA
"eps",0.784,-0.781328043884416,0.512925960282992,1.50126798367675,1.43188969780616,4.17847351216025,TRUE,NA
"eps",0.785,-0.781056822149854,0.513452468730062,1.50177773506417,1.43244603162907,4.18004975942683,TRUE,NA
"eps",0.786,-0.780785723387758,0.513978915470587,1.50228742124594,1.43300230310218,4.18162634584614,TRUE,NA
"eps",0.787,-0.780514747589978,0.514505300502727,1.50279704222277,1.43355851222463,4.18320327120544,TRUE,NA
"eps",0.788,-0.780243894749003,0.51503162382287,1.50330659799249,1.43411465899502,4.18478053529309,TRUE,NA
"eps",0.789,-0.779973164856812,0.515557885428641,1.50381608855487,1.43467074341233,4.18635813789675,TRUE,NA
"eps",0.79,-0.779702557905352,0.516084085317651,1.5043255139097,1.43522676547579,4.18793607880415,TRUE,NA
"eps",0.791,-0.779432073886608,0.516610223487311,1.50483487405489,1.43578272518446,4.18951435780318,TRUE,NA
"eps",0.792,-0.779161712792599,0.517136299934847,1.50534416899034,1.43633862253681,4.1910929746819,TRUE,NA
"eps",0.793,-0.778891474615257,0.517662314657609,1.50585339871607,1.43689445753234,4.19267192922833,TRUE,NA
"eps",0.794,-0.778621359346463,0.51818826765298,1.50636256322994,1.43745023016984,4.19425122123053,TRUE,NA
"eps",0.795,-0.778351366977906,0.518714158918758,1.50687166253275,1.43800594044834,4.19583085047637,TRUE,NA
"eps",0.796,-0.778081497501592,0.519239988451796,1.50738069662223,1.43856158836676,4.19741081675432,TRUE,NA
"eps",0.797,-0.777811750909273,0.519765756249524,1.50788966549845,1.43911717392412,4.19899111985255,TRUE,NA
"eps",0.798,-0.777542127192512,0.520291462309763,1.50839856916035,1.43967269711945,4.20057175955905,TRUE,NA
"eps",0.799,-0.777272626342954,0.520817106630024,1.50890740760811,1.44022815795202,4.20215273566207,TRUE,NA
"eps",0.8,-0.777003248352482,0.521342689207087,1.50941618084015,1.44078355642052,4.20373404795031,TRUE,NA
"eps",0.801,-0.77673399321229,0.521868210039451,1.5099248888561,1.44133889252444,4.20531569621151,TRUE,NA
"eps",0.802,-0.776464860914361,0.52239366912343,1.51043353165603,1.44189416626229,4.20689768023476,TRUE,NA
"eps",0.803,-0.776195851450016,0.522919066456988,1.51094210923742,1.44244937763329,4.20847999980821,TRUE,NA
"eps",0.804,-0.77592696481062,0.523444402037869,1.51145062160196,1.44300452663673,4.21006265472022,TRUE,NA
"eps",0.805,-0.775658200987846,0.52396967586291,1.51195906874675,1.44355961327142,4.2116456447597,TRUE,NA
"eps",0.806,-0.775389559972809,0.524494887930314,1.512467450673,1.44411463753648,4.21322896971482,TRUE,NA
"eps",0.807,-0.775121041756977,0.525020038237253,1.51297576737942,1.4446695994312,4.21481262937442,TRUE,NA
"eps",0.808,-0.774852646331697,0.525545126781119,1.51348401886424,1.44522449895435,4.21639662352723,TRUE,NA
"eps",0.809,-0.774584373688219,0.526070153559462,1.51399220512944,1.44577933610528,4.21798095196197,TRUE,NA
"eps",0.81,-0.774316223817716,0.526595118569927,1.51450032617184,1.44633411088294,4.21956561446733,TRUE,NA
"eps",0.811,-0.774048196711449,0.527120021809836,1.51500838199262,1.44688882328655,4.22115061083224,TRUE,NA
"eps",0.812,-0.773780292360374,0.52764486327721,1.51551637259049,1.44744347331532,4.2227359408453,TRUE,NA
"eps",0.813,-0.773512510755847,0.528169642968911,1.51602429796442,1.4479980609679,4.22432160429581,TRUE,NA
"eps",0.814,-0.773244851888753,0.528694360882951,1.51653215811521,1.4485525862438,4.22590760097246,TRUE,NA
"eps",0.815,-0.772977315750247,0.529219017016519,1.51703995304143,1.44910704914201,4.22749393066445,TRUE,NA
"eps",0.816,-0.772709902331173,0.529743611367533,1.51754768274182,1.44966144966169,4.22908059316065,TRUE,NA
"eps",0.817,-0.772442611622605,0.530268143933196,1.51805534721688,1.45021578780207,4.23066758825035,TRUE,NA
"eps",0.818,-0.772175443615385,0.530792614711228,1.5185629464662,1.45077006356204,4.23225491572262,TRUE,NA
"eps",0.819,-0.771908398300222,0.531317023699604,1.51907048048883,1.45132427694134,4.23384257536641,TRUE,NA
"eps",0.82,-0.771641475668214,0.531841370895151,1.5195779492848,1.45187842793829,4.23543056697142,TRUE,NA
"eps",0.821,-0.771374675709771,0.532365656296436,1.52008535285331,1.45243251655288,4.23701889032635,TRUE,NA
"eps",0.822,-0.771107998415876,0.532889879900399,1.5205926911932,1.4529865427837,4.23860754522094,TRUE,NA
"eps",0.823,-0.77084144377736,0.533414041704272,1.52109996430478,1.45354050663004,4.24019653144476,TRUE,NA
"eps",0.824,-0.770575011784597,0.533938141706416,1.52160717218719,1.45409440809137,4.24178584878683,TRUE,NA
"eps",0.825,-0.770308702428204,0.534462179904431,1.52211431483995,1.45464824716667,4.24337549703662,TRUE,NA
"eps",0.826,-0.770042515698827,0.534986156295749,1.52262139226382,1.45520202385556,4.24496547598378,TRUE,NA
"eps",0.827,-0.76977645158701,0.535510070877961,1.52312840445726,1.45575573815656,4.24655578541789,TRUE,NA
"eps",0.828,-0.769510510083353,0.536033923648408,1.52363535142001,1.45630939006893,4.24814642512874,TRUE,NA
"eps",0.829,-0.769244691178197,0.536557714605021,1.52414223315043,1.45686297959224,4.24973739490584,TRUE,NA
"eps",0.83,-0.768978994861808,0.537081443745841,1.52464904965019,1.45741650672589,4.25132869453867,TRUE,NA
"eps",0.831,-0.768713421124675,0.537605111068192,1.52515580091875,1.45796997146889,4.2529203238172,TRUE,NA
"eps",0.832,-0.768447969957299,0.538128716569269,1.52566248695435,1.45852337381991,4.25451228253149,TRUE,NA
"eps",0.833,-0.768182641349556,0.538652260247846,1.52616910775688,1.4590767137794,4.25610457047078,TRUE,NA
"eps",0.834,-0.76791743529206,0.539175742100603,1.52667566332773,1.4596299913455,4.25769718742553,TRUE,NA
"eps",0.835,-0.767652351774777,0.539699162125867,1.52718215366451,1.4601832065179,4.25929013318534,TRUE,NA
"eps",0.836,-0.767387390787865,0.540222520321339,1.52768857876794,1.46073635929644,4.26088340754021,TRUE,NA
"eps",0.837,-0.767122552321673,0.540745816684105,1.52819493863655,1.46128944967896,4.26247701028052,TRUE,NA
"eps",0.838,-0.766857836365915,0.541269051212859,1.52870123327201,1.46184247766631,4.26407094119581,TRUE,NA
"eps",0.839,-0.766593242911061,0.541792223904148,1.52920746267206,1.46239544325691,4.26566520007689,TRUE,NA
"eps",0.84,-0.766328771946815,0.542315334756486,1.52971362683606,1.46294834645007,4.26725978671351,TRUE,NA
"eps",0.841,-0.766064423462853,0.542838383768359,1.53021972576738,1.46350118724566,4.26885470089547,TRUE,NA
"eps",0.842,-0.765800197450009,0.543361370935023,1.53072575946065,1.46405396564182,4.27044994241447,TRUE,NA
"eps",0.843,-0.76553609389715,0.543884296256935,1.53123172791942,1.46460668163903,4.2720455110593,TRUE,NA
"eps",0.844,-0.765272112794618,0.544407159730474,1.53173763114141,1.46515933523625,4.27364140662114,TRUE,NA
"eps",0.845,-0.765008254132055,0.544929961353794,1.53224346912777,1.46571192643248,4.27523762889017,TRUE,NA
"eps",0.846,-0.764744517899221,0.54545270112464,1.53274924187594,1.46626445522779,4.27683417765691,TRUE,NA
"eps",0.847,-0.764480904085798,0.545975379040852,1.53325494938921,1.46681692162097,4.27843105271184,TRUE,NA
"eps",0.848,-0.764217412681616,0.546497995099771,1.53376059166439,1.46736932561135,4.28002825384578,TRUE,NA
"eps",0.849,-0.763954043676091,0.547020549299751,1.53426616870287,1.46792166719818,4.28162578084905,TRUE,NA
"eps",0.85,-0.763690797059098,0.547543041637799,1.534771680502,1.46847394638084,4.28322363351276,TRUE,NA
"eps",0.851,-0.763427672819593,0.548065472113309,1.53527712706581,1.46902616315943,4.28482181162674,TRUE,NA
"eps",0.852,-0.763164670947639,0.548587840722573,1.53578250838974,1.46957831753215,4.28642031498262,TRUE,NA
"eps",0.853,-0.7629017914326,0.549110147463663,1.53628782447715,1.47013040949896,4.28801914337107,TRUE,NA
"eps",0.854,-0.762639034263425,0.54963239233568,1.5367930753255,1.47068243906002,4.28961829658225,TRUE,NA
"eps",0.855,-0.762376399430074,0.550154575334877,1.53729826093541,1.47123440621355,4.29121777440796,TRUE,NA
"eps",0.856,-0.762113886921533,0.550676696460043,1.53780338130636,1.47178631095932,4.29281757663865,TRUE,NA
"eps",0.857,-0.761851496727231,0.55119875570866,1.53830843644062,1.47233815329738,4.29441770306552,TRUE,NA
"eps",0.858,-0.761589228836382,0.551720753078688,1.53881342633374,1.47288993322591,4.29601815347959,TRUE,NA
"eps",0.859,-0.761327083238403,0.552242688567427,1.5393183509879,1.47344165074498,4.29761892767229,TRUE,NA
"eps",0.86,-0.761065059921971,0.552764562174095,1.53982321040409,1.47399330585428,4.29922002543403,TRUE,NA
"eps",0.861,-0.760803158876856,0.553286373894814,1.54032800457943,1.47454489855201,4.300821446557,TRUE,NA
"eps",0.862,-0.760541380091324,0.553808123729714,1.54083273351672,1.47509642883999,4.30242319083121,TRUE,NA
"eps",0.863,-0.760279723554713,0.554329811675891,1.54133739721466,1.4756478967157,4.30402525804843,TRUE,NA
"eps",0.864,-0.760018189256775,0.554851437729193,1.54184199567277,1.47619930217886,4.30562764800115,TRUE,NA
"eps",0.865,-0.759756777185435,0.555373001890369,1.54234652889176,1.47675064522955,4.3072303604792,TRUE,NA
"eps",0.866,-0.759495487330005,0.555894504156258,1.54285099687162,1.47730192586636,4.30883339527464,TRUE,NA
"eps",0.867,-0.759234319679581,0.5564159445242,1.54335539960967,1.47785314409026,4.31043675217931,TRUE,NA
"eps",0.868,-0.758973274222647,0.556937322993085,1.54385973711001,1.4784042998994,4.31204043098424,TRUE,NA
"eps",0.869,-0.758712350948463,0.557458639559579,1.54436400936928,1.4789553932934,4.31364443148174,TRUE,NA
"eps",0.87,-0.75845154984523,0.557979894223146,1.54486821638937,1.47950642427154,4.31524875346263,TRUE,NA
"eps",0.871,-0.758190870901962,0.558501086980915,1.54537235817001,1.48005739283467,4.31685339671907,TRUE,NA
"eps",0.872,-0.757930314106901,0.559022217832021,1.54587643470961,1.48060829898096,4.31845836104218,TRUE,NA
"eps",0.873,-0.757669879449489,0.559543286772204,1.54638044601126,1.48115914271026,4.320063646225,TRUE,NA
"eps",0.874,-0.757409566917065,0.560064293802356,1.54688439207858,1.48170992402363,4.32166925205778,TRUE,NA
"eps",0.875,-0.757149376499971,0.560585238917064,1.54738827289178,1.48226064291599,4.32327517833429,TRUE,NA
"eps",0.876,-0.756889308185151,0.56110612211707,1.54789208847484,1.48281129939227,4.32488142484499,TRUE,NA
"eps",0.877,-0.756629361961364,0.561626943400071,1.54839583881579,1.4833618934497,4.32648799138206,TRUE,NA
"eps",0.878,-0.756369537817288,0.56214770276337,1.54889952391828,1.4839124250881,4.32809487773794,TRUE,NA
"eps",0.879,-0.756109835741936,0.56266840020323,1.54940314378089,1.48446289430521,4.3297020837057,TRUE,NA
"eps",0.88,-0.755850255722482,0.563189035720881,1.54990669840396,1.48501330110337,4.33130960907574,TRUE,NA
"eps",0.881,-0.755590797747558,0.563709609313429,1.55041018778613,1.48556364548138,4.33291745364079,TRUE,NA
"eps",0.882,-0.755331461805629,0.564230120978328,1.55091361193119,1.48611392743803,4.33452561719343,TRUE,NA
"eps",0.883,-0.755072247885094,0.564750570713103,1.55141697083719,1.48666414697273,4.33613409952625,TRUE,NA
"eps",0.884,-0.754813155973039,0.565270958518809,1.55192026450535,1.48721430408739,4.33774290042998,TRUE,NA
"eps",0.885,-0.754554186059309,0.565791284388761,1.55242349293389,1.48776439877724,4.33935201969962,TRUE,NA
"eps",0.886,-0.754295338130334,0.566311548325611,1.55292665612068,1.48831443104723,4.34096145712515,TRUE,NA
"eps",0.887,-0.754036612175661,0.566831750323276,1.55342975407045,1.48886440089172,4.34257121250135,TRUE,NA
"eps",0.888,-0.753778008182287,0.567351890382625,1.55393278678046,1.48941430831384,4.34418128561925,TRUE,NA
"eps",0.889,-0.753519526137443,0.567871968503773,1.55443575425837,1.48996415331371,4.3457916762704,TRUE,NA
"eps",0.89,-0.753261166031276,0.568391984678652,1.55493865648924,1.49051393588673,4.3474023842508,TRUE,NA
"eps",0.891,-0.753002927849532,0.568911938911277,1.55544149348815,1.49106365603828,4.34901340934997,TRUE,NA
"eps",0.892,-0.752744811581063,0.569431831196944,1.55594426524789,1.4916133137618,4.35062475136221,TRUE,NA
"eps",0.893,-0.752486817214104,0.569951661532557,1.55644697176641,1.49216290906152,4.35223641008101,TRUE,NA
"eps",0.894,-0.752228944735202,0.570471429919576,1.55694961305182,1.49271244193762,4.35384838529743,TRUE,NA
"eps",0.895,-0.751971194132987,0.570991136353596,1.55745218909785,1.49326191238531,4.35546067680579,TRUE,NA
"eps",0.896,-0.751713565393521,0.571510780837239,1.55795469990931,1.49381132040795,4.35707328439664,TRUE,NA
"eps",0.897,-0.751456058506958,0.572030363361618,1.55845714548227,1.49436066600396,4.35868620786681,TRUE,NA
"eps",0.898,-0.751198673459412,0.572549883928991,1.55895952582047,1.49490994917258,4.36029944700718,TRUE,NA
"eps",0.899,-0.750941410238551,0.57306934253717,1.55946184092224,1.49545916991384,4.36191300161106,TRUE,NA
"eps",0.9,-0.750684268832494,0.573588739182614,1.5599640907835,1.49600832822748,4.36352687147258,TRUE,NA
"eps",0.901,-0.750427249226571,0.574108073869451,1.56046627541245,1.49655742411512,4.36514105638176,TRUE,NA
"eps",0.902,-0.750170351411197,0.574627346587506,1.56096839480372,1.49710645757316,4.3667555561364,TRUE,NA
"eps",0.903,-0.749913575371021,0.57514655734258,1.56147044896343,1.4976554286043,4.36837037052575,TRUE,NA
"eps",0.904,-0.749656921095807,0.575665706126113,1.56197243788847,1.49820433720569,4.36998549934684,TRUE,NA
"eps",0.905,-0.749400388571281,0.576184792940678,1.56247436157979,1.49875318337819,4.37160094239078,TRUE,NA
"eps",0.906,-0.749143977785431,0.576703817782428,1.56297622003419,1.49930196712097,4.37321669945218,TRUE,NA
"eps",0.907,-0.748887688724819,0.577222780651419,1.5634780132551,1.49985068843495,4.3748327703236,TRUE,NA
"eps",0.908,-0.748631521376769,0.577741681545432,1.56397974124561,1.50039934731855,4.37644915479889,TRUE,NA
"eps",0.909,-0.748375475728175,0.578260520463363,1.56448140399391,1.50094794377494,4.37806585267137,TRUE,NA
"eps",0.91,-0.748119551766783,0.578779297401605,1.56498300152061,1.50149647780095,4.37968286373573,TRUE,NA
"eps",0.911,-0.747863749479248,0.579298012359495,1.56548453381355,1.50204494939354,4.38130018778516,TRUE,NA
"eps",0.912,-0.747608068854335,0.579816665332855,1.56598600087147,1.50259335855942,4.38291782461477,TRUE,NA
"eps",0.913,-0.74735250987332,0.580335256328382,1.56648740270124,1.50314170529207,4.38453577401395,TRUE,NA
"eps",0.914,-0.747097072531339,0.580853785328795,1.56698873928072,1.50368998959187,4.3861540357849,TRUE,NA
"eps",0.915,-0.7468417568082,0.581372252349721,1.56749001065392,1.50423821146359,4.38777260971236,TRUE,NA
"eps",0.916,-0.746586562694626,0.581890657378521,1.56799121679294,1.50478637090235,4.38939149559618,TRUE,NA
"eps",0.917,-0.746331490176603,0.582409000415769,1.56849235769264,1.50533446791022,4.39101069322923,TRUE,NA
"eps",0.918,-0.746076539239487,0.582927281463679,1.56899343337055,1.50588250248676,4.39263020240357,TRUE,NA
"eps",0.919,-0.745821709871711,0.583445500515696,1.56949444380981,1.50643047463113,4.39425002291596,TRUE,NA
"eps",0.92,-0.745567002059751,0.583963657570693,1.56999538902863,1.50697838434318,4.39587015456036,TRUE,NA
"eps",0.921,-0.745312415787584,0.58448175263446,1.57049626902059,1.50752623162608,4.39749059712712,TRUE,NA
"eps",0.922,-0.745057951045946,0.584999785693611,1.5709970837796,1.50807401647406,4.39911135041678,TRUE,NA
"eps",0.923,-0.744803607819587,0.585517756751536,1.57149783331514,1.50862173888769,4.40073241422107,TRUE,NA
"eps",0.924,-0.744549386092841,0.586035665812703,1.57199851762456,1.50916939887438,4.40235378833123,TRUE,NA
"eps",0.925,-0.744295285856485,0.586553512863256,1.57249913669909,1.50971699642099,4.40397547254819,TRUE,NA
"eps",0.926,-0.744041307092732,0.587071297913441,1.57299969056932,1.51026453154208,4.40559746666026,TRUE,NA
"eps",0.927,-0.743787449790847,0.587589020953456,1.57350017918637,1.51081200422284,4.40721977046637,TRUE,NA
"eps",0.928,-0.743533713935595,0.588106681986086,1.57400060260073,1.51135941447265,4.40884238375886,TRUE,NA
"eps",0.929,-0.743280099512614,0.588624281011574,1.57450096078145,1.51190676229537,4.41046530633148,TRUE,NA
"eps",0.93,-0.743026606510857,0.589141818020663,1.57500125373485,1.51245404767755,4.41208853798304,TRUE,NA
"eps",0.931,-0.74277323491486,0.589659293016465,1.57550148147975,1.51300127062588,4.41371207850589,TRUE,NA
"eps",0.932,-0.742519984710326,0.590176705998706,1.57600164399088,1.51354843114431,4.41533592769422,TRUE,NA
"eps",0.933,-0.742266855884052,0.590694056963855,1.57650174127702,1.51409552922748,4.416960085344,TRUE,NA
"eps",0.934,-0.742013848421153,0.591211345913105,1.57700177335895,1.51464256487988,4.41858455124877,TRUE,NA
"eps",0.935,-0.741760962307906,0.591728572844197,1.57750174021645,1.51518953810435,4.42020932520395,TRUE,NA
"eps",0.936,-0.741508197531865,0.592245737751134,1.57800164184027,1.51573644888592,4.42183440700696,TRUE,NA
"eps",0.937,-0.741255554078191,0.592762840634614,1.57850147825133,1.51628329723361,4.42345979645177,TRUE,NA
"eps",0.938,-0.741003031933969,0.593279881489741,1.57900124943167,1.51683008314751,4.42508549333533,TRUE,NA
"eps",0.939,-0.740750631080362,0.59379686032839,1.57950095541744,1.51737680663,4.42671149744595,TRUE,NA
"eps",0.94,-0.740498351504655,0.594313777144878,1.58000059619052,1.51792346768583,4.42833780858111,TRUE,NA
"eps",0.941,-0.740246193196748,0.594830631925951,1.58050017173454,1.51847006629858,4.42996442654228,TRUE,NA
"eps",0.942,-0.739994156138569,0.595347424680969,1.58099968205037,1.51901660248322,4.43159135111923,TRUE,NA
"eps",0.943,-0.739742240324763,0.595864155382873,1.58149912715707,1.51956307621835,4.4332185821207,TRUE,NA
"eps",0.944,-0.739490445721466,0.596380824085949,1.58199850705861,1.52010948754476,4.43484611931333,TRUE,NA
"eps",0.945,-0.739238772333723,0.596897430733178,1.58249782175067,1.52065583642398,4.43647396252147,TRUE,NA
"eps",0.946,-0.738987220140629,0.597413975341526,1.58299707120389,1.52120212285987,4.4381021115312,TRUE,NA
"eps",0.947,-0.738735789122184,0.597930457925522,1.58349625546229,1.52174834687393,4.43973056612998,TRUE,NA
"eps",0.948,-0.738484479273595,0.598446878455704,1.58399537451449,1.52229450844715,4.44135932612799,TRUE,NA
"eps",0.949,-0.738233290574197,0.598963236948174,1.58449442832511,1.52284060758628,4.44298839131201,TRUE,NA
"eps",0.95,-0.737982223006076,0.599479533410998,1.58499341695247,1.52338664430527,4.44461776147299,TRUE,NA
"eps",0.951,-0.737731276554722,0.599995767842393,1.58549234038935,1.52393261858809,4.44624743640706,TRUE,NA
"eps",0.952,-0.737480451223143,0.600511940190138,1.58599119856777,1.52447853042349,4.44787741593629,TRUE,NA
"eps",0.953,-0.737229746967191,0.601028050537304,1.58648999161939,1.52502437985006,4.44950769981331,TRUE,NA
"eps",0.954,-0.736979163798746,0.601544098805932,1.58698871940957,1.52557016681606,4.4511382878735,TRUE,NA
"eps",0.955,-0.736728701689265,0.602060085034078,1.58748738196432,1.52611589137162,4.45276917989275,TRUE,NA
"eps",0.956,-0.736478360628794,0.602576009206265,1.58798597931936,1.52666155345953,4.45440037567448,TRUE,NA
"eps",0.957,-0.736228140594807,0.603091871343076,1.58848451153858,1.52720715314216,4.45603187500369,TRUE,NA
"eps",0.958,-0.73597804158432,0.603607671408715,1.58898297849587,1.52775269038161,4.45766367769429,TRUE,NA
"eps",0.959,-0.735728063566618,0.604123409447161,1.58948138029973,1.52829816520404,4.45929578351948,TRUE,NA
"eps",0.96,-0.735478206537761,0.604639085425118,1.58997971684996,1.52884357759241,4.460928192292,TRUE,NA
"eps",0.961,-0.735228470491132,0.605154699316839,1.59047798818767,1.52938892752833,4.46256090382073,TRUE,NA
"eps",0.962,-0.734978855403848,0.605670251143396,1.59097619439086,1.52993421501781,4.46419391789075,TRUE,NA
"eps",0.963,-0.73472936123717,0.606185740971633,1.59147433529651,1.53047944013451,4.46582723426398,TRUE,NA
"eps",0.964,-0.734479988004421,0.606701168717853,1.5919724111062,1.53102460279999,4.46746085277897,TRUE,NA
"eps",0.965,-0.734230735694602,0.607216534368447,1.59247042169885,1.53156970298114,4.46909477323864,TRUE,NA
"eps",0.966,-0.733981604258695,0.607731838019756,1.59296836707505,1.53211474080727,4.47072899539017,TRUE,NA
"eps",0.967,-0.733732593729348,0.608247079531607,1.59346624724331,1.53265971617137,4.4723635191008,TRUE,NA
"eps",0.968,-0.733483704061793,0.608762258987832,1.59396406222952,1.53320462903137,4.47399834412421,TRUE,NA
"eps",0.969,-0.733234935243913,0.609277376377632,1.59446181196388,1.53374947951766,4.47563347026215,TRUE,NA
"eps",0.97,-0.732986287260539,0.609792431698928,1.59495949653405,1.5342942675583,4.47726889731199,TRUE,NA
"eps",0.971,-0.732737760079353,0.610307424999326,1.59545711606134,1.53483899322835,4.47890462504611,TRUE,NA
"eps",0.972,-0.732489353680605,0.610822356289914,1.59595467029817,1.53538365642622,4.48054065325543,TRUE,NA
"eps",0.973,-0.732241068116636,0.611337225372087,1.5964521593407,1.53592825726273,4.48217698183659,TRUE,NA
"eps",0.974,-0.731992903322262,0.611852032388565,1.59694958290649,1.53647279557591,4.48381361051415,TRUE,NA
"eps",0.975,-0.731744859270698,0.612366777370524,1.59744694183886,1.53701727138775,4.48545053906909,TRUE,NA
"eps",0.976,-0.731496935941077,0.61288146033185,1.59794423539426,1.53756168493421,4.48708776729118,TRUE,NA
"eps",0.977,-0.731249133346723,0.613396081186713,1.59844146390003,1.53810603602893,4.48872529502033,TRUE,NA
"eps",0.978,-0.731001451502607,0.613910639844173,1.59893862660995,1.53865032459143,4.49036312209892,TRUE,NA
"eps",0.979,-0.730753890300983,0.614425136571007,1.59943572461849,1.53919455081399,4.49200124819002,TRUE,NA
"eps",0.98,-0.73050644983949,0.614939571034906,1.59993275712291,1.53973871463686,4.4936396732571,TRUE,NA
"eps",0.981,-0.73025912990506,0.615453943810275,1.60042972507447,1.54028281597433,4.4952783968097,TRUE,NA
"eps",0.982,-0.730011930700488,0.615968254257269,1.60092662704574,1.54082685507704,4.49691741896505,TRUE,NA
"eps",0.983,-0.729764852189495,0.6164825024336,1.60142346498892,1.54137083114045,4.49855673949115,TRUE,NA
"eps",0.984,-0.72951789430271,0.616996688493841,1.60192023602123,1.541914745028,4.50019635810786,TRUE,NA
"eps",0.985,-0.729271056945628,0.617510812666409,1.60241694285324,1.54245859683392,4.50183627449859,TRUE,NA
"eps",0.986,-0.729024340229264,0.618024874578034,1.60291358423574,1.54300238606653,4.50347648864671,TRUE,NA
"eps",0.987,-0.728777744116501,0.618538874288686,1.60341016152396,1.54354611247176,4.50511700031954,TRUE,NA
"eps",0.988,-0.728531268217251,0.619052812893662,1.60390667227224,1.54408977743212,4.50675780877024,TRUE,NA
"eps",0.989,-0.728284912933378,0.619566689166487,1.60440311847074,1.5446333796878,4.50839891440638,TRUE,NA
"eps",0.99,-0.728038678627291,0.620080501993564,1.60489949922598,1.54517691879974,4.51004031757737,TRUE,NA
"eps",0.991,-0.727792564658153,0.620594253206335,1.60539581511742,1.54572039516829,4.51168201717169,TRUE,NA
"eps",0.992,-0.727546571059245,0.621107942658559,1.6058920649189,1.54626381053626,4.51332401306006,TRUE,NA
"eps",0.993,-0.727300696604674,0.62162157390763,1.60638825744602,1.5468071660005,4.51496630328164,TRUE,NA
"eps",0.994,-0.727054946419991,0.622135131824217,1.60688436911313,1.54735045019928,4.51660889511378,TRUE,NA
"eps",0.995,-0.726809310722226,0.622648645151158,1.60738042477395,1.54789367933654,4.51825177415252,TRUE,NA
"eps",0.996,-0.726563733489106,0.623162278960825,1.60787573078769,1.54843681340936,4.51989485882164,TRUE,NA
"eps",0.997,-0.726318392256327,0.62367551004016,1.60837245536939,1.5489799902162,4.52153840692982,TRUE,NA
"eps",0.998,-0.726073769786844,0.624186913414385,1.60863103199677,1.54952310074626,4.52318311917264,TRUE,NA
"eps",0.999,-0.725789383955988,0.624690386647145,1.60906991885141,1.55017599718504,4.52483199601167,TRUE,NA
"eps",1,NA,NA,NA,NA,NA,FALSE,"Degenerate case |a_{i,1}| ~= 0 detected; the cubic fallback is not implemented."
