"sweep_param","sweep_value","xL","xk","xl","xU","gamma","converged","error_msg"
"b",-20,-0.024954432824209,4.55506834130879,5.41422881305762,6.30292576412854,21.5006227237176,TRUE,NA
"b",-19.99,-0.0249668713761385,4.55395297346397,5.4130732666863,6.30133453481067,21.4906233446663,TRUE,NA
"b",-19.98,-0.0249793223127331,4.55283731993833,5.41191740319047,6.29974290081754,21.4806239665432,TRUE,NA
"b",-19.97,-0.0249917856524574,4.55172138050616,5.41076122230442,6.29815086183966,21.4706245893501,TRUE,NA
"b",-19.96,-0.0250042614138342,4.55060515494143,5.4096047237621,6.29655841756706,21.4606252130889,TRUE,NA
"b",-19.95,-0.0250167496154079,4.5494886430178,5.40844790729708,6.2949655676894,21.4506258377613,TRUE,NA
"b",-19.94,-0.0250292502757603,4.54837184450863,5.40729077264254,6.29337231189595,21.4406264633694,TRUE,NA
"b",-19.93,-0.025041763413515,4.54725475918699,5.40613331953129,6.29177864987556,21.4306270899149,TRUE,NA
"b",-19.92,-0.0250542890473292,4.54613738682562,5.40497554769579,6.29018458131671,21.4206277173997,TRUE,NA
"b",-19.91,-0.025066827195901,4.54501972719696,5.40381745686806,6.28859010590745,21.4106283458257,TRUE,NA
"b",-19.9,-0.0250793778779603,4.54390178007316,5.40265904677981,6.28699522333547,21.4006289751947,TRUE,NA
"b",-19.89,-0.0250919411122823,4.54278354522603,5.40150031716232,6.28539993328802,21.3906296055088,TRUE,NA
"b",-19.88,-0.0251045169176714,4.5416650224271,5.40034126774651,6.28380423545197,21.3806302367697,TRUE,NA
"b",-19.87,-0.025117105312972,4.54054621144757,5.39918189826291,6.28220812951379,21.3706308689793,TRUE,NA
"b",-19.86,-0.0251297063170714,4.53942711205835,5.39802220844168,6.28061161515955,21.3606315021396,TRUE,NA
"b",-19.85,-0.0251423199488883,4.53830772403002,5.39686219801259,6.2790146920749,21.3506321362524,TRUE,NA
"b",-19.84,-0.0251549462273828,4.53718804713285,5.39570186670503,6.27741735994511,21.3406327713197,TRUE,NA
"b",-19.83,-0.0251675851715459,4.53606808113682,5.394541214248,6.27581961845503,21.3306334073434,TRUE,NA
"b",-19.82,-0.0251802368004183,4.53494782581158,5.39338024037011,6.2742214672891,21.3206340443253,TRUE,NA
"b",-19.81,-0.0251929011330702,4.53382728092646,5.3922189447996,6.27262290613138,21.3106346822675,TRUE,NA
"b",-19.8,-0.0252055781886097,4.53270644625049,5.3910573272643,6.27102393466549,21.3006353211718,TRUE,NA
"b",-19.79,-0.0252182679861912,4.53158532155238,5.38989538749168,6.26942455257468,21.2906359610402,TRUE,NA
"b",-19.78,-0.0252309705450014,4.53046390660053,5.38873312520881,6.26782475954175,21.2806366018746,TRUE,NA
"b",-19.77,-0.0252436858842612,4.52934220116302,5.38757054014236,6.26622455524913,21.270637243677,TRUE,NA
"b",-19.76,-0.0252564140232398,4.52822020500762,5.38640763201862,6.26462393937883,21.2606378864493,TRUE,NA
"b",-19.75,-0.0252691549812399,4.52709791790178,5.38524440056349,6.26302291161242,21.2506385301935,TRUE,NA
"b",-19.74,-0.0252819087776005,4.52597533961262,5.38408084550248,6.26142147163111,21.2406391749114,TRUE,NA
"b",-19.73,-0.0252946754317067,4.52485246990695,5.38291696656071,6.25981961911566,21.2306398206052,TRUE,NA
"b",-19.72,-0.0253074549629738,4.52372930855128,5.38175276346288,6.25821735374643,21.2206404672767,TRUE,NA
"b",-19.71,-0.0253202473908646,4.52260585531178,5.38058823593334,6.25661467520336,21.2106411149279,TRUE,NA
"b",-19.7,-0.0253330527348742,4.5214821099543,5.37942338369602,6.255011583166,21.2006417635609,TRUE,NA
"b",-19.69,-0.0253458710145422,4.52035807224438,5.37825820647444,6.25340807731346,21.1906424131775,TRUE,NA
"b",-19.68,-0.0253587022494443,4.51923374194723,5.37709270399176,6.25180415732444,21.1806430637798,TRUE,NA
"b",-19.67,-0.0253715464591963,4.51810911882774,5.37592687597072,6.25019982287724,21.1706437153697,TRUE,NA
"b",-19.66,-0.0253844036634546,4.5169842026505,5.37476072213366,6.24859507364972,21.1606443679493,TRUE,NA
"b",-19.65,-0.0253972738819112,4.51585899317973,5.37359424220254,6.24698990931934,21.1506450215206,TRUE,NA
"b",-19.64,-0.0254101571343048,4.51473349017936,5.37242743589889,6.24538432956313,21.1406456760856,TRUE,NA
"b",-19.63,-0.025423053440413,4.513607693413,5.37126030294388,6.24377833405771,21.1306463316462,TRUE,NA
"b",-19.62,-0.025435962820043,4.51248160264392,5.37009284305824,6.24217192247927,21.1206469882046,TRUE,NA
"b",-19.61,-0.0254488852930531,4.51135521763507,5.36892505596232,6.2405650945036,21.1106476457627,TRUE,NA
"b",-19.6,-0.0254618208793405,4.51022853814906,5.36775694137607,6.23895784980604,21.1006483043225,TRUE,NA
"b",-19.59,-0.0254747695988396,4.5091015639482,5.36658849901902,6.23735018806153,21.0906489638861,TRUE,NA
"b",-19.58,-0.0254877314715247,4.50797429479445,5.36541972861031,6.23574210894458,21.0806496244556,TRUE,NA
"b",-19.57,-0.0255007065174113,4.50684673044946,5.36425062986866,6.23413361212927,21.0706502860329,TRUE,NA
"b",-19.56,-0.0255136947565616,4.50571887067453,5.3630812025124,6.23252469728927,21.0606509486201,TRUE,NA
"b",-19.55,-0.025526696209065,4.50459071523065,5.36191144625945,6.23091536409782,21.0506516122194,TRUE,NA
"b",-19.54,-0.0255397108950618,4.50346226387847,5.36074136082731,6.22930561222772,21.0406522768326,TRUE,NA
"b",-19.53,-0.0255527388347372,4.5023335163783,5.35957094593309,6.22769544135136,21.030652942462,TRUE,NA
"b",-19.52,-0.0255657800483048,4.50120447249015,5.35840020129347,6.22608485114069,21.0206536091095,TRUE,NA
"b",-19.51,-0.0255788345560261,4.50007513197367,5.35722912662474,6.22447384126725,21.0106542767772,TRUE,NA
"b",-19.5,-0.0255919023782096,4.49894549458818,5.35605772164277,6.22286241140213,21.0006549454673,TRUE,NA
"b",-19.49,-0.0256049835351891,4.49781556009268,5.35488598606302,6.22125056121601,20.9906556151818,TRUE,NA
"b",-19.48,-0.0256180780473552,4.49668532824583,5.35371391960052,6.21963829037911,20.9806562859228,TRUE,NA
"b",-19.47,-0.0256311859351351,4.49555479880594,5.35254152196992,6.21802559856126,20.9706569576924,TRUE,NA
"b",-19.46,-0.0256443072189929,4.49442397153101,5.35136879288542,6.21641248543183,20.9606576304927,TRUE,NA
"b",-19.45,-0.0256574419194434,4.49329284617868,5.35019573206084,6.21479895065975,20.9506583043258,TRUE,NA
"b",-19.44,-0.0256705900570343,4.49216142250629,5.34902233920956,6.21318499391354,20.9406589791939,TRUE,NA
"b",-19.43,-0.0256837516523605,4.49102970027079,5.34784861404455,6.21157061486127,20.9306596550989,TRUE,NA
"b",-19.42,-0.0256969267260553,4.48989767922884,5.34667455627835,6.20995581317058,20.9206603320432,TRUE,NA
"b",-19.41,-0.0257101152988036,4.48876535913674,5.34550016562311,6.20834058850867,20.9106610100287,TRUE,NA
"b",-19.4,-0.025723317391317,4.48763273975044,5.34432544179053,6.20672494054231,20.9006616890576,TRUE,NA
"b",-19.39,-0.0257365330243587,4.48649982082558,5.34315038449191,6.20510886893783,20.8906623691321,TRUE,NA
"b",-19.38,-0.0257497622187397,4.48536660211742,5.34197499343812,6.20349237336112,20.8806630502543,TRUE,NA
"b",-19.37,-0.0257630049952974,4.48423308338092,5.34079926833961,6.20187545347762,20.8706637324264,TRUE,NA
"b",-19.36,-0.0257762613749329,4.48309926437067,5.3396232089064,6.20025810895235,20.8606644156505,TRUE,NA
"b",-19.35,-0.0257895313785694,4.48196514484094,5.3384468148481,6.19864033944987,20.8506650999287,TRUE,NA
"b",-19.34,-0.0258028150271897,4.48083072454561,5.3372700858739,6.19702214463432,20.8406657852633,TRUE,NA
"b",-19.33,-0.0258161123418077,4.47969600323828,5.33609302169253,6.19540352416937,20.8306664716564,TRUE,NA
"b",-19.32,-0.0258294233434876,4.47856098067216,5.33491562201232,6.19378447771827,20.8206671591103,TRUE,NA
"b",-19.31,-0.0258427480533332,4.47742565660014,5.33373788654119,6.19216500494382,20.8106678476269,TRUE,NA
"b",-19.3,-0.0258560864924956,4.47629003077473,5.33255981498658,6.19054510550836,20.8006685372087,TRUE,NA
"b",-19.29,-0.0258694386821609,4.47515410294813,5.33138140705556,6.1889247790738,20.7906692278577,TRUE,NA
"b",-19.28,-0.0258828046435674,4.47401787287218,5.33020266245472,6.18730402530162,20.7806699195762,TRUE,NA
"b",-19.27,-0.0258961843979974,4.47288134029836,5.32902358089025,6.1856828438528,20.7706706123664,TRUE,NA
"b",-19.26,-0.0259095779667683,4.47174450497782,5.3278441620679,6.18406123438792,20.7606713062304,TRUE,NA
"b",-19.25,-0.0259229853712479,4.47060736666135,5.32666440569298,6.18243919656709,20.7506720011706,TRUE,NA
"b",-19.24,-0.0259364066328508,4.46946992509938,5.32548431147038,6.18081673004998,20.740672697189,TRUE,NA
"b",-19.23,-0.0259498417730298,4.46833218004202,5.32430387910454,6.1791938344958,20.730673394288,TRUE,NA
"b",-19.22,-0.0259632908132792,4.46719413123898,5.32312310829947,6.17757050956331,20.7206740924699,TRUE,NA
"b",-19.21,-0.0259767537751486,4.46605577843967,5.32194199875877,6.17594675491082,20.7106747917367,TRUE,NA
"b",-19.2,-0.0259902306802259,4.46491712139311,5.32076055018555,6.17432257019618,20.7006754920908,TRUE,NA
"b",-19.19,-0.0260037215501394,4.46377815984798,5.31957876228252,6.17269795507681,20.6906761935345,TRUE,NA
"b",-19.18,-0.0260172264065648,4.4626388935526,5.31839663475195,6.17107290920963,20.6806768960699,TRUE,NA
"b",-19.17,-0.0260307452712317,4.46149932225495,5.31721416729566,6.16944743225116,20.6706775996994,TRUE,NA
"b",-19.16,-0.0260442781659004,4.46035944570264,5.31603135961503,6.16782152385741,20.6606783044252,TRUE,NA
"b",-19.15,-0.0260578251123852,4.45921926364291,5.31484821141099,6.16619518368396,20.6506790102496,TRUE,NA
"b",-19.14,-0.026071386132545,4.45807877582268,5.31366472238404,6.16456841138594,20.6406797171749,TRUE,NA
"b",-19.13,-0.0260849612482785,4.45693798198848,5.31248089223425,6.162941206618,20.6306804252033,TRUE,NA
"b",-19.12,-0.0260985504815349,4.45579688188649,5.31129672066121,6.16131356903433,20.6206811343372,TRUE,NA
"b",-19.11,-0.0261121538543091,4.45465547526253,5.31011220736409,6.15968549828869,20.6106818445789,TRUE,NA
"b",-19.1,-0.0261257713886325,4.45351376186206,5.3089273520416,6.15805699403433,20.6006825559307,TRUE,NA
"b",-19.09,-0.0261394031066003,4.4523717414302,5.30774215439202,6.15642805592409,20.5906832683948,TRUE,NA
"b",-19.08,-0.0261530490303375,4.45122941371166,5.30655661411316,6.15479868361029,20.5806839819736,TRUE,NA
"b",-19.07,-0.0261667091820187,4.45008677845083,5.30537073090241,6.15316887674484,20.5706846966694,TRUE,NA
"b",-19.06,-0.02618038358387,4.44894383539173,5.30418450445667,6.15153863497914,20.5606854124846,TRUE,NA
"b",-19.05,-0.0261940722581615,4.44780058427799,5.30299793447242,6.14990795796416,20.5506861294215,TRUE,NA
"b",-19.04,-0.026207775227202,4.44665702485291,5.30181102064568,6.14827684535037,20.5406868474824,TRUE,NA
"b",-19.03,-0.0262214925133578,4.4455131568594,5.30062376267202,6.1466452967878,20.5306875666696,TRUE,NA
"b",-19.02,-0.0262352241390361,4.44436898004001,5.29943616024654,6.14501331192599,20.5206882869856,TRUE,NA
"b",-19.01,-0.0262489701266942,4.44322449413693,5.2982482130639,6.14338089041403,20.5106890084327,TRUE,NA
"b",-19,-0.0262627304988268,4.44207969889198,5.29705992081831,6.14174803190053,20.5006897310133,TRUE,NA
"b",-18.99,-0.0262765052779867,4.4409345940466,5.2958712832035,6.14011473603361,20.4906904547296,TRUE,NA
"b",-18.98,-0.0262902944867721,4.43978917934188,5.29468229991277,6.13848100246095,20.4806911795842,TRUE,NA
"b",-18.97,-0.0263040981478223,4.43864345451852,5.29349297063893,6.13684683082974,20.4706919055794,TRUE,NA
"b",-18.96,-0.0263179162838291,4.43749741931686,5.29230329507436,6.1352122207867,20.4606926327175,TRUE,NA
"b",-18.95,-0.0263317489175287,4.43635107347687,5.29111327291097,6.13357717197807,20.4506933610011,TRUE,NA
"b",-18.94,-0.0263455960717088,4.43520441673814,5.2899229038402,6.13194168404961,20.4406940904324,TRUE,NA
"b",-18.93,-0.0263594577691972,4.4340574488399,5.28873218755303,6.13030575664662,20.4306948210139,TRUE,NA
"b",-18.92,-0.0263733340328801,4.43291016952099,5.28754112373999,6.12866938941391,20.420695552748,TRUE,NA
"b",-18.91,-0.0263872248856813,4.43176257851988,5.28634971209111,6.12703258199581,20.4106962856372,TRUE,NA
"b",-18.9,-0.026401130350581,4.43061467557468,5.28515795229601,6.12539533403618,20.4006970196838,TRUE,NA
"b",-18.89,-0.026415050450605,4.42946646042311,5.28396584404379,6.12375764517839,20.3906977548903,TRUE,NA
"b",-18.88,-0.0264289852088218,4.42831793280251,5.28277338702311,6.12211951506533,20.3806984912592,TRUE,NA
"b",-18.87,-0.0264429346483558,4.42716909244985,5.28158058092215,6.12048094333942,20.3706992287928,TRUE,NA
"b",-18.86,-0.0264568987923781,4.42601993910171,5.28038742542864,6.11884192964258,20.3606999674937,TRUE,NA
"b",-18.85,-0.0264708776641032,4.42487047249431,5.27919392022983,6.11720247361626,20.3507007073643,TRUE,NA
"b",-18.84,-0.0264848712868068,4.42372069236348,5.27800006501247,6.11556257490141,20.3407014484071,TRUE,NA
"b",-18.83,-0.026498879683796,4.42257059844466,5.27680585946288,6.1139222331385,20.3307021906245,TRUE,NA
"b",-18.82,-0.0265129028784436,4.42142019047292,5.27561130326688,6.11228144796753,20.320702934019,TRUE,NA
"b",-18.81,-0.0265269408941631,4.42026946818295,5.27441639610983,6.11064021902798,20.3107036785932,TRUE,NA
"b",-18.8,-0.0265409937544106,4.41911843130905,5.27322113767661,6.10899854595887,20.3007044243495,TRUE,NA
"b",-18.79,-0.0265550614827133,4.41796707958514,5.27202552765161,6.10735642839872,20.2907051712903,TRUE,NA
"b",-18.78,-0.0265691441026234,4.41681541274474,5.27082956571876,6.10571386598556,20.2807059194183,TRUE,NA
"b",-18.77,-0.0265832416377578,4.41566343052102,5.26963325156151,6.10407085835692,20.270706668736,TRUE,NA
"b",-18.76,-0.026597354111784,4.41451113264672,5.26843658486281,6.10242740514985,20.2607074192457,TRUE,NA
"b",-18.75,-0.0266114815484091,4.41335851885421,5.26723956530516,6.10078350600091,20.2507081709502,TRUE,NA
"b",-18.74,-0.0266256239713939,4.4122055888755,5.26604219257056,6.09913916054614,20.2407089238519,TRUE,NA
"b",-18.73,-0.0266397814045602,4.41105234244217,5.26484446634053,6.09749436842112,20.2307096779533,TRUE,NA
"b",-18.72,-0.0266539538717624,4.40989877928544,5.26364638629611,6.09584912926091,20.220710433257,TRUE,NA
"b",-18.71,-0.0266681413969185,4.40874489913611,5.26244795211784,6.09420344270007,20.2107111897656,TRUE,NA
"b",-18.7,-0.0266823440039967,4.40759070172462,5.26124916348579,6.09255730837268,20.2007119474815,TRUE,NA
"b",-18.69,-0.0266965617170087,4.406436186781,5.26005002007954,6.09091072591232,20.1907127064075,TRUE,NA
"b",-18.68,-0.0267107945600194,4.40528135403489,5.25885052157818,6.08926369495205,20.180713466546,TRUE,NA
"b",-18.67,-0.0267250425571506,4.40412620321554,5.25765066766032,6.08761621512445,20.1707142278997,TRUE,NA
"b",-18.66,-0.0267393057325684,4.4029707340518,5.25645045800406,6.08596828606159,20.1607149904711,TRUE,NA
"b",-18.65,-0.0267535841104909,4.40181494627213,5.25524989228703,6.08431990739502,20.1507157542628,TRUE,NA
"b",-18.64,-0.0267678777151961,4.40065883960459,5.25404897018635,6.08267107875583,20.1407165192774,TRUE,NA
"b",-18.63,-0.0267821865710012,4.39950241377685,5.25284769137866,6.08102179977456,20.1307172855175,TRUE,NA
"b",-18.62,-0.0267965107022831,4.39834566851617,5.2516460555401,6.07937207008127,20.1207180529858,TRUE,NA
"b",-18.61,-0.0268108501334675,4.39718860354942,5.25044406234632,6.0777218893055,20.1107188216849,TRUE,NA
"b",-18.6,-0.0268252048890333,4.39603121860308,5.24924171147246,6.0760712570763,20.1007195916173,TRUE,NA
"b",-18.59,-0.0268395749935128,4.3948735134032,5.24803900259318,6.07442017302219,20.0907203627858,TRUE,NA
"b",-18.58,-0.0268539604714865,4.39371548767546,5.24683593538263,6.0727686367712,20.080721135193,TRUE,NA
"b",-18.57,-0.0268683613475902,4.39255714114513,5.24563250951446,6.07111664795083,20.0707219088415,TRUE,NA
"b",-18.56,-0.0268827776465161,4.39139847353706,5.24442872466182,6.06946420618808,20.060722683734,TRUE,NA
"b",-18.55,-0.0268972093930027,4.39023948457572,5.24322458049738,6.06781131110945,20.0507234598731,TRUE,NA
"b",-18.54,-0.0269116566118439,4.38908017398516,5.24202007669326,6.06615796234089,20.0407242372616,TRUE,NA
"b",-18.53,-0.0269261193278829,4.38792054148903,5.24081521292112,6.06450415950788,20.0307250159021,TRUE,NA
"b",-18.52,-0.026940597566025,4.38676058681058,5.2396099888521,6.06284990223534,20.0207257957972,TRUE,NA
"b",-18.51,-0.0269550913512194,4.38560030967263,5.23840440415683,6.06119519014772,20.0107265769498,TRUE,NA
"b",-18.5,-0.0269696007084704,4.38443970979762,5.23719845850543,6.05954002286891,20.0007273593624,TRUE,NA
"b",-18.49,-0.0269841256628474,4.38327878690757,5.23599215156752,6.05788440002231,19.9907281430378,TRUE,NA
"b",-18.48,-0.026998666239454,4.3821175407241,5.23478548301221,6.05622832123079,19.9807289279787,TRUE,NA
"b",-18.47,-0.0270132224634637,4.38095597096839,5.23357845250809,6.0545717861167,19.9707297141879,TRUE,NA
"b",-18.46,-0.0270277943600952,4.37979407736123,5.23237105972325,6.05291479430187,19.960730501668,TRUE,NA
"b",-18.45,-0.0270423819546238,4.37863185962301,5.23116330432527,6.0512573454076,19.9507312904218,TRUE,NA
"b",-18.44,-0.0270569852723817,4.37746931747369,5.22995518598119,6.04959943905467,19.940732080452,TRUE,NA
"b",-18.43,-0.0270716043387513,4.37630645063281,5.22874670435757,6.04794107486336,19.9307328717615,TRUE,NA
"b",-18.42,-0.0270862391791745,4.37514325881951,5.22753785912042,6.04628225245338,19.9207336643529,TRUE,NA
"b",-18.41,-0.0271008898191397,4.37397974175251,5.22632864993526,6.04462297144395,19.910734458229,TRUE,NA
"b",-18.4,-0.0271155562842026,4.3728158991501,5.22511907646709,6.04296323145374,19.9007352533926,TRUE,NA
"b",-18.39,-0.0271302385999601,4.37165173073018,5.22390913838036,6.04130303210091,19.8907360498465,TRUE,NA
"b",-18.38,-0.0271449367920755,4.37048723621021,5.22269883533903,6.03964237300307,19.8807368475934,TRUE,NA
"b",-18.37,-0.0271596508862568,4.36932241530724,5.22148816700654,6.03798125377732,19.8707376466363,TRUE,NA
"b",-18.36,-0.0271743809082816,4.36815726773789,5.22027713304578,6.03631967404022,19.8607384469777,TRUE,NA
"b",-18.35,-0.027189126883971,4.36699179321838,5.21906573311914,6.03465763340779,19.8507392486207,TRUE,NA
"b",-18.34,-0.0272038888392007,4.36582599146447,5.21785396688847,6.03299513149551,19.840740051568,TRUE,NA
"b",-18.33,-0.0272186667999146,4.36465986219153,5.2166418340151,6.03133216791837,19.8307408558224,TRUE,NA
"b",-18.32,-0.027233460792105,4.36349340511451,5.21542933415984,6.02966874229076,19.8207416613867,TRUE,NA
"b",-18.31,-0.0272482708418165,4.36232661994791,5.21421646698296,6.02800485422659,19.8107424682639,TRUE,NA
"b",-18.3,-0.0272630969751577,4.36115950640582,5.21300323214419,6.02634050333918,19.8007432764567,TRUE,NA
"b",-18.29,-0.0272779392182865,4.3599920642019,5.21178962930276,6.02467568924136,19.790744085968,TRUE,NA
"b",-18.28,-0.0272927975974277,4.35882429304938,5.21057565811734,6.02301041154539,19.7807448968007,TRUE,NA
"b",-18.27,-0.0273076721388512,4.35765619266107,5.20936131824608,6.021344669863,19.7707457089576,TRUE,NA
"b",-18.26,-0.0273225628688939,4.35648776274934,5.2081466093466,6.01967846380538,19.7607465224417,TRUE,NA
"b",-18.25,-0.0273374698139372,4.35531900302614,5.20693153107595,6.01801179298316,19.7507473372558,TRUE,NA
"b",-18.24,-0.0273523930004357,4.35414991320299,5.2057160830907,6.01634465700645,19.7407481534028,TRUE,NA
"b",-18.23,-0.0273673324548897,4.35298049299096,5.20450026504682,6.01467705548479,19.7307489708857,TRUE,NA
"b",-18.22,-0.027382288203862,4.3518107421007,5.2032840765998,6.01300898802719,19.7207497897073,TRUE,NA
"b",-18.21,-0.0273972602739728,4.35064066024244,5.20206751740454,6.01134045424212,19.7107506098705,TRUE,NA
"b",-18.2,-0.027412248691897,4.34947024712595,5.20085058711543,6.00967145373748,19.7007514313783,TRUE,NA
"b",-18.19,-0.0274272534843708,4.34829950246057,5.19963328538629,6.00800198612063,19.6907522542337,TRUE,NA
"b",-18.18,-0.0274422746781897,4.34712842595522,5.19841561187043,6.00633205099838,19.6807530784395,TRUE,NA
"b",-18.17,-0.0274573123002032,4.34595701731837,5.19719756622059,6.004661647977,19.6707539039988,TRUE,NA
"b",-18.16,-0.0274723663773208,4.34478527625805,5.19597914808896,6.00299077666219,19.6607547309144,TRUE,NA
"b",-18.15,-0.0274874369365137,4.34361320248185,5.19476035712721,6.00131943665909,19.6507555591893,TRUE,NA
"b",-18.14,-0.0275025240048139,4.34244079569692,5.19354119298643,5.99964762757232,19.6407563888266,TRUE,NA
"b",-18.13,-0.0275176276092976,4.34126805560998,5.19232165531717,5.9979753490059,19.6307572198292,TRUE,NA
"b",-18.12,-0.0275327477771236,4.34009498192729,5.19110174376943,5.99630260056332,19.6207580522002,TRUE,NA
"b",-18.11,-0.0275478845354864,4.33892157435468,5.18988145799267,5.99462938184751,19.6107588859424,TRUE,NA
"b",-18.1,-0.0275630379116584,4.33774783259754,5.18866079763577,5.99295569246084,19.6007597210589,TRUE,NA
"b",-18.09,-0.0275782079329588,4.33657375636079,5.18743976234709,5.9912815320051,19.5907605575528,TRUE,NA
"b",-18.08,-0.0275933946267792,4.33539934534894,5.18621835177438,5.98960690008155,19.580761395427,TRUE,NA
"b",-18.07,-0.0276085980205582,4.33422459926601,5.18499656556489,5.98793179629087,19.5707622346847,TRUE,NA
"b",-18.06,-0.0276238181418015,4.33304951781561,5.18377440336528,5.98625622023317,19.5607630753287,TRUE,NA
"b",-18.05,-0.0276390550180722,4.33187410070088,5.18255186482164,5.984580171508,19.5507639173623,TRUE,NA
"b",-18.04,-0.0276543086770028,4.33069834762452,5.18132894957954,5.98290364971436,19.5407647607884,TRUE,NA
"b",-18.03,-0.0276695791462713,4.32952225828877,5.18010565728394,5.98122665445067,19.5307656056101,TRUE,NA
"b",-18.02,-0.0276848664536285,4.32834583239543,5.17888198757928,5.97954918531477,19.5207664518306,TRUE,NA
"b",-18.01,-0.0277001706268821,4.32716906964584,5.17765794010938,5.97787124190395,19.5107672994528,TRUE,NA
"b",-18,-0.0277154916938984,4.32599196974087,5.17643351451755,5.97619282381492,19.5007681484798,TRUE,NA
"b",-17.99,-0.0277308296826123,4.32481453238097,5.17520871044651,5.97451393064383,19.4907689989149,TRUE,NA
"b",-17.98,-0.0277461846210115,4.3236367572661,5.17398352753839,5.97283456198623,19.480769850761,TRUE,NA
"b",-17.97,-0.0277615565371493,4.32245864409579,5.17275796543478,5.97115471743713,19.4707707040214,TRUE,NA
"b",-17.96,-0.0277769454591455,4.32128019256909,5.17153202377668,5.96947439659093,19.460771558699,TRUE,NA
"b",-17.95,-0.0277923514151735,4.32010140238462,5.17030570220454,5.96779359904149,19.4507724147972,TRUE,NA
"b",-17.94,-0.0278077744334739,4.31892227324049,5.1690790003582,5.96611232438207,19.4407732723189,TRUE,NA
"b",-17.93,-0.0278232145423436,4.31774280483441,5.16785191787695,5.96443057220536,19.4307741312675,TRUE,NA
"b",-17.92,-0.0278386717701555,4.31656299686358,5.16662445439951,5.96274834210346,19.4207749916459,TRUE,NA
"b",-17.91,-0.0278541461453306,4.31538284902476,5.16539660956399,5.96106563366791,19.4107758534575,TRUE,NA
"b",-17.9,-0.0278696376963574,4.31420236101424,5.16416838300795,5.95938244648964,19.4007767167053,TRUE,NA
"b",-17.89,-0.0278851464517966,4.31302153252785,5.16293977436836,5.95769878015901,19.3907775813926,TRUE,NA
"b",-17.88,-0.0279006724402573,4.31184036326095,5.16171078328161,5.95601463426581,19.3807784475226,TRUE,NA
"b",-17.87,-0.0279162156904199,4.31065885290844,5.1604814093835,5.95433000839923,19.3707793150985,TRUE,NA
"b",-17.86,-0.0279317762310248,4.30947700116473,5.15925165230924,5.95264490214787,19.3607801841234,TRUE,NA
"b",-17.85,-0.0279473540908832,4.30829480772378,5.15802151169348,5.95095931509976,19.3507810546007,TRUE,NA
"b",-17.84,-0.0279629492988643,4.30711227227908,5.15679098717025,5.94927324684231,19.3407819265335,TRUE,NA
"b",-17.83,-0.0279785618838988,4.30592939452364,5.15556007837302,5.94758669696236,19.3307827999251,TRUE,NA
"b",-17.82,-0.0279941918749914,4.30474617415001,5.15432878493465,5.94589966504618,19.3207836747787,TRUE,NA
"b",-17.81,-0.0280098393012008,4.30356261085025,5.15309710648742,5.9442121506794,19.3107845510977,TRUE,NA
"b",-17.8,-0.0280255041916589,4.30237870431597,5.151865042663,5.9425241534471,19.3007854288852,TRUE,NA
"b",-17.79,-0.0280411865755544,4.30119445423827,5.1506325930925,5.94083567293374,19.2907863081446,TRUE,NA
"b",-17.78,-0.0280568864821449,4.3000098603078,5.1493997574064,5.93914670872319,19.2807871888791,TRUE,NA
"b",-17.77,-0.0280726039407571,4.29882492221474,5.14816653523461,5.93745726039872,19.270788071092,TRUE,NA
"b",-17.76,-0.0280883389807734,4.29763963964875,5.14693292620641,5.93576732754301,19.2607889547867,TRUE,NA
"b",-17.75,-0.0281040916316531,4.29645401229906,5.14569892995051,5.93407690973813,19.2507898399664,TRUE,NA
"b",-17.74,-0.0281198619229122,4.29526803985439,5.144464546095,5.93238600656556,19.2407907266346,TRUE,NA
"b",-17.73,-0.0281356498841371,4.29408172200298,5.14322977426739,5.93069461760618,19.2307916147944,TRUE,NA
"b",-17.72,-0.0281514555449728,4.2928950584326,5.14199461409457,5.92900274244024,19.2207925044493,TRUE,NA
"b",-17.71,-0.028167278935145,4.29170804883053,5.14075906520282,5.92731038064742,19.2107933956026,TRUE,NA
"b",-17.7,-0.0281831200844333,4.29052069288355,5.13952312721782,5.92561753180678,19.2007942882577,TRUE,NA
"b",-17.69,-0.0281989790226932,4.28933299027798,5.13828679976466,5.92392419549677,19.1907951824179,TRUE,NA
"b",-17.68,-0.0282148557798345,4.28814494069964,5.13705008246779,5.92223037129523,19.1807960780867,TRUE,NA
"b",-17.67,-0.028230750385845,4.28695654383385,5.13581297495107,5.9205360587794,19.1707969752674,TRUE,NA
"b",-17.66,-0.0282466628707744,4.28576779936547,5.13457547683773,5.91884125752589,19.1607978739633,TRUE,NA
"b",-17.65,-0.0282625932647446,4.28457870697884,5.13333758775041,5.91714596711074,19.150798774178,TRUE,NA
"b",-17.64,-0.0282785415979404,4.28338926635783,5.13209930731113,5.91545018710933,19.1407996759149,TRUE,NA
"b",-17.63,-0.0282945079006146,4.2821994771858,5.13086063514128,5.91375391709645,19.1308005791773,TRUE,NA
"b",-17.62,-0.0283104922030894,4.28100933914564,5.12962157086163,5.91205715664627,19.1208014839688,TRUE,NA
"b",-17.61,-0.0283264945357585,4.27981885191971,5.12838211409236,5.91035990533235,19.1108023902927,TRUE,NA
"b",-17.6,-0.0283425149290739,4.27862801518991,5.127142264453,5.90866216272761,19.1008032981525,TRUE,NA
"b",-17.59,-0.0283585534135658,4.27743682863762,5.12590202156247,5.90696392840438,19.0908042075517,TRUE,NA
"b",-17.58,-0.0283746100198314,4.27624529194373,5.12466138503906,5.90526520193436,19.0808051184938,TRUE,NA
"b",-17.57,-0.0283906847785339,4.27505340478864,5.12342035450045,5.9035659828886,19.0708060309822,TRUE,NA
"b",-17.56,-0.0284067777204025,4.27386116685222,5.12217892956368,5.90186627083757,19.0608069450205,TRUE,NA
"b",-17.55,-0.0284228888762488,4.27266857781388,5.12093710984517,5.9001660653511,19.0508078606121,TRUE,NA
"b",-17.54,-0.0284390182769372,4.27147563735249,5.1196948949607,5.89846536599837,19.0408087777606,TRUE,NA
"b",-17.53,-0.0284551659534126,4.27028234514644,5.11845228452544,5.89676417234798,19.0308096964694,TRUE,NA
"b",-17.52,-0.0284713319366861,4.2690887008736,5.1172092781539,5.89506248396786,19.0208106167422,TRUE,NA
"b",-17.51,-0.0284875162578422,4.26789470421135,5.11596587545999,5.89336030042532,19.0108115385825,TRUE,NA
"b",-17.5,-0.0285037189480321,4.26670035483655,5.11472207605694,5.89165762128706,19.0008124619939,TRUE,NA
"b",-17.49,-0.0285199400384733,4.26550565242556,5.1134778795574,5.88995444611914,18.9908133869798,TRUE,NA
"b",-17.48,-0.0285361795604622,4.26431059665422,5.11223328557333,5.88825077448696,18.9808143135439,TRUE,NA
"b",-17.47,-0.0285524375453642,4.26311518719787,5.11098829371609,5.88654660595532,18.9708152416898,TRUE,NA
"b",-17.46,-0.0285687140246127,4.26191942373133,5.10974290359636,5.88484194008837,18.960816171421,TRUE,NA
"b",-17.45,-0.0285850090297158,4.26072330592892,5.10849711482422,5.88313677644961,18.9508171027412,TRUE,NA
"b",-17.44,-0.0286013225922533,4.25952683346443,5.10725092700908,5.88143111460194,18.940818035654,TRUE,NA
"b",-17.43,-0.0286176547438654,4.25833000601114,5.1060043397597,5.87972495410757,18.930818970163,TRUE,NA
"b",-17.42,-0.0286340055162831,4.25713282324183,5.10475735268422,5.87801829452811,18.9208199062719,TRUE,NA
"b",-17.41,-0.0286503749412981,4.25593528482873,5.1035099653901,5.8763111354245,18.9108208439843,TRUE,NA
"b",-17.4,-0.0286667630507701,4.25473739044357,5.10226217748418,5.87460347635706,18.9008217833038,TRUE,NA
"b",-17.39,-0.028683169876641,4.25353913975758,5.10101398857262,5.87289531688545,18.8908227242342,TRUE,NA
"b",-17.38,-0.0286995954509217,4.25234053244143,5.09976539826094,5.87118665656868,18.880823666779,TRUE,NA
"b",-17.37,-0.0287160398057003,4.25114156816529,5.09851640615402,5.86947749496512,18.8708246109421,TRUE,NA
"b",-17.36,-0.028732502973125,4.24994224659881,5.09726701185606,5.8677678316325,18.8608255567271,TRUE,NA
"b",-17.35,-0.0287489849854306,4.2487425674111,5.09601721497061,5.86605766612788,18.8508265041377,TRUE,NA
"b",-17.34,-0.0287654858749184,4.24754253027075,5.09476701510057,5.86434699800769,18.8408274531776,TRUE,NA
"b",-17.33,-0.0287820056739693,4.24634213484584,5.09351641184818,5.86263582682768,18.8308284038506,TRUE,NA
"b",-17.32,-0.0287985444150293,4.24514138080389,5.09226540481499,5.86092415214297,18.8208293561604,TRUE,NA
"b",-17.31,-0.0288151021306279,4.24394026781192,5.09101399360192,5.85921197350802,18.8108303101108,TRUE,NA
"b",-17.3,-0.0288316788533649,4.2427387955364,5.08976217780921,5.85749929047661,18.8008312657055,TRUE,NA
"b",-17.29,-0.0288482746159116,4.24153696364327,5.08850995703643,5.8557861026019,18.7908322229483,TRUE,NA
"b",-17.28,-0.0288648894510186,4.24033477179795,5.08725733088249,5.85407240943636,18.780833181843,TRUE,NA
"b",-17.27,-0.028881523391508,4.23913221966532,5.08600429894562,5.85235821053181,18.7708341423934,TRUE,NA
"b",-17.26,-0.0288981764702841,4.23792930690972,5.0847508608234,5.85064350543941,18.7608351046033,TRUE,NA
"b",-17.25,-0.0289148487203139,4.23672603319495,5.0834970161127,5.84892829370965,18.7508360684765,TRUE,NA
"b",-17.24,-0.0289315401746537,4.23552239818428,5.08224276440975,5.84721257489236,18.7408370340169,TRUE,NA
"b",-17.23,-0.0289482508664284,4.23431840154045,5.08098810531009,5.84549634853671,18.7308380012282,TRUE,NA
"b",-17.22,-0.0289649808288354,4.23311404292562,5.07973303840857,5.84377961419117,18.7208389701144,TRUE,NA
"b",-17.21,-0.02898173009516,4.23190932200146,5.07847756329938,5.84206237140358,18.7108399406793,TRUE,NA
"b",-17.2,-0.0289984986987535,4.23070423842907,5.07722167957602,5.84034461972109,18.7008409129268,TRUE,NA
"b",-17.19,-0.0290152866730471,4.229498791869,5.07596538683131,5.83862635869018,18.6908418868607,TRUE,NA
"b",-17.18,-0.0290320940515506,4.22829298198126,5.07470868465738,5.83690758785666,18.680842862485,TRUE,NA
"b",-17.17,-0.0290489208678488,4.22708680842533,5.07345157264568,5.83518830676566,18.6708438398036,TRUE,NA
"b",-17.16,-0.0290657671556054,4.22588027086012,5.07219405038697,5.83346851496163,18.6608448188203,TRUE,NA
"b",-17.15,-0.0290826329485607,4.224673368944,5.07093611747131,5.83174821198837,18.6508457995392,TRUE,NA
"b",-17.14,-0.0290995182805332,4.22346610233479,5.0696777734881,5.83002739738895,18.6408467819642,TRUE,NA
"b",-17.13,-0.0291164231854198,4.22225847068976,5.068419018026,5.82830607070582,18.6308477660991,TRUE,NA
"b",-17.12,-0.0291333476971953,4.22105047366561,5.06715985067303,5.82658423148069,18.620848751948,TRUE,NA
"b",-17.11,-0.0291502918499133,4.21984211091852,5.06590027101646,5.82486187925463,18.6108497395149,TRUE,NA
"b",-17.1,-0.0291672556777062,4.21863338210407,5.06464027864291,5.823139013568,18.6008507288038,TRUE,NA
"b",-17.09,-0.0291842392147834,4.21742428687733,5.06337987313826,5.82141563396049,18.5908517198185,TRUE,NA
"b",-17.08,-0.0292012424954352,4.21621482489277,5.06211905408773,5.8196917399711,18.5808527125633,TRUE,NA
"b",-17.07,-0.0292182655540332,4.21500499580434,5.0608578210758,5.81796733113811,18.570853707042,TRUE,NA
"b",-17.06,-0.0292353084250241,4.21379479926538,5.05959617368626,5.81624240699916,18.5608547032587,TRUE,NA
"b",-17.05,-0.0292523711429409,4.21258423492871,5.0583341115022,5.81451696709117,18.5508557012175,TRUE,NA
"b",-17.04,-0.0292694537423885,4.21137330244658,5.05707163410601,5.81279101095036,18.5408567009224,TRUE,NA
"b",-17.03,-0.0292865562580604,4.21016200147066,5.05580874107933,5.81106453811227,18.5308577023775,TRUE,NA
"b",-17.02,-0.0293036787247234,4.20895033165206,5.05454543200314,5.80933754811175,18.5208587055868,TRUE,NA
"b",-17.01,-0.0293208211772296,4.20773829264133,5.05328170645768,5.80761004048292,18.5108597105545,TRUE,NA
"b",-17,-0.0293379836505126,4.20652588408844,5.05201756402248,5.80588201475924,18.5008607172847,TRUE,NA
"b",-16.99,-0.0293551661795847,4.20531310564279,5.05075300427634,5.80415347047344,18.4908617257814,TRUE,NA
"b",-16.98,-0.0293723687995391,4.20409995695323,5.04948802679737,5.80242440715756,18.4808627360489,TRUE,NA
"b",-16.97,-0.0293895915455549,4.202886437668,5.04822263116294,5.80069482434294,18.4708637480912,TRUE,NA
"b",-16.96,-0.0294068344528872,4.20167254743481,5.0469568169497,5.7989647215602,18.4608647619125,TRUE,NA
"b",-16.95,-0.0294240975568798,4.20045828590075,5.04569058373359,5.79723409833928,18.450865777517,TRUE,NA
"b",-16.94,-0.0294413808929563,4.19924365271237,5.04442393108981,5.79550295420938,18.4408667949089,TRUE,NA
"b",-16.93,-0.0294586844966179,4.19802864751562,5.04315685859284,5.79377128869902,18.4308678140923,TRUE,NA
"b",-16.92,-0.0294760084034585,4.19681326995589,5.04188936581644,5.79203910133598,18.4208688350714,TRUE,NA
"b",-16.91,-0.0294933526491496,4.19559751967795,5.04062145233362,5.79030639164734,18.4108698578505,TRUE,NA
"b",-16.9,-0.0295107172694429,4.19438139632604,5.03935311771666,5.78857315915949,18.4008708824338,TRUE,NA
"b",-16.89,-0.0295281023001827,4.19316489954377,5.03808436153714,5.78683940339806,18.3908719088254,TRUE,NA
"b",-16.88,-0.0295455077772875,4.1919480289742,5.03681518336585,5.785105123888,18.3808729370298,TRUE,NA
"b",-16.87,-0.0295629337367666,4.19073078425979,5.0355455827729,5.78337032015352,18.3708739670511,TRUE,NA
"b",-16.86,-0.0295803802147094,4.18951316504239,5.03427555932761,5.78163499171811,18.3608749988936,TRUE,NA
"b",-16.85,-0.0295978472472963,4.18829517096331,5.0330051125986,5.77989913810456,18.3508760325617,TRUE,NA
"b",-16.84,-0.0296153348707829,4.18707680166323,5.03173424215372,5.7781627588349,18.3408770680595,TRUE,NA
"b",-16.83,-0.0296328431215223,4.18585805678224,5.03046294756008,5.77642585343048,18.3308781053915,TRUE,NA
"b",-16.82,-0.0296503720359399,4.18463893595986,5.02919122838406,5.77468842141189,18.3208791445619,TRUE,NA
"b",-16.81,-0.0296679216505562,4.183419438835,5.02791908419127,5.772950462299,18.3108801855751,TRUE,NA
"b",-16.8,-0.0296854920019755,4.18219956504597,5.02664651454658,5.77121197561096,18.3008812284354,TRUE,NA
"b",-16.79,-0.0297030831268825,4.18097931423049,5.02537351901412,5.76947296086617,18.2908822731472,TRUE,NA
"b",-16.78,-0.0297206950620571,4.17975868602568,5.02410009715724,5.76773341758233,18.280883319715,TRUE,NA
"b",-16.77,-0.0297383278443636,4.17853768006806,5.02282624853856,5.76599334527637,18.270884368143,TRUE,NA
"b",-16.76,-0.0297559815107461,4.17731629599355,5.02155197271993,5.76425274346451,18.2608854184357,TRUE,NA
"b",-16.75,-0.0297736560982418,4.17609453343745,5.02027726926244,5.76251161166221,18.2508864705975,TRUE,NA
"b",-16.74,-0.0297913516439764,4.17487239203448,5.01900213772642,5.76076994938422,18.2408875246328,TRUE,NA
"b",-16.73,-0.029809068185161,4.17364987141874,5.01772657767143,5.75902775614452,18.2308885805461,TRUE,NA
"b",-16.72,-0.029826805759097,4.17242697122372,5.0164505886563,5.75728503145638,18.2208896383418,TRUE,NA
"b",-16.71,-0.029844564403171,4.17120369108232,5.01517417023905,5.75554177483229,18.2108906980244,TRUE,NA
"b",-16.7,-0.0298623441548578,4.1699800306268,5.01389732197694,5.75379798578403,18.2008917595984,TRUE,NA
"b",-16.69,-0.0298801450517236,4.16875598948883,5.01262004342648,5.7520536638226,18.1908928230683,TRUE,NA
"b",-16.68,-0.0298979671314222,4.16753156729947,5.0113423341434,5.75030880845829,18.1808938884386,TRUE,NA
"b",-16.67,-0.029915810431696,4.16630676368913,5.01006419368264,5.74856341920061,18.1708949557138,TRUE,NA
"b",-16.66,-0.0299336749903779,4.16508157828766,5.00878562159839,5.74681749555832,18.1608960248984,TRUE,NA
"b",-16.65,-0.0299515608453918,4.16385601072423,5.00750661744403,5.74507103703944,18.1508970959971,TRUE,NA
"b",-16.64,-0.0299694680347504,4.16263006062745,5.00622718077219,5.74332404315124,18.1408981690143,TRUE,NA
"b",-16.63,-0.0299873965965542,4.16140372762526,5.00494731113469,5.74157651340022,18.1308992439546,TRUE,NA
"b",-16.62,-0.030005346568996,4.16017701134501,5.0036670080826,5.73982844729211,18.1209003208227,TRUE,NA
"b",-16.61,-0.0300233179903646,4.1589499114134,5.00238627116617,5.73807984433192,18.1109013996231,TRUE,NA
"b",-16.6,-0.030041310899029,4.15772242745655,5.00110509993489,5.73633070402386,18.1009024803605,TRUE,NA
"b",-16.59,-0.0300593253334609,4.15649455909989,4.99982349393745,5.73458102587139,18.0909035630395,TRUE,NA
"b",-16.58,-0.0300773613322192,4.15526630596827,4.99854145272173,5.73283080937723,18.0809046476647,TRUE,NA
"b",-16.57,-0.0300954189339478,4.15403766768589,4.99725897583484,5.73108005404329,18.0709057342408,TRUE,NA
"b",-16.56,-0.0301134981773971,4.15280864387633,4.9959760628231,5.72932875937074,18.0609068227725,TRUE,NA
"b",-16.55,-0.030131599101399,4.15157923416252,4.994692713232,5.72757692485999,18.0509079132644,TRUE,NA
"b",-16.54,-0.0301497217448795,4.15034943816677,4.99340892660627,5.72582455001064,18.0409090057213,TRUE,NA
"b",-16.53,-0.0301678661468605,4.14911925551076,4.9921247024898,5.72407163432156,18.0309101001479,TRUE,NA
"b",-16.52,-0.0301860323464562,4.1478886858155,4.99084004042571,5.72231817729081,18.0209111965488,TRUE,NA
"b",-16.51,-0.0302042203828758,4.1466577287014,4.98955493995629,5.72056417841571,18.0109122949289,TRUE,NA
"b",-16.5,-0.0302224302954206,4.14542638378822,4.98826940062303,5.71880963719278,18.000913395293,TRUE,NA
"b",-16.49,-0.0302406621234804,4.14419465069505,4.98698342196662,5.71705455311775,17.9909144976457,TRUE,NA
"b",-16.48,-0.0302589159065554,4.14296252904037,4.98569700352693,5.7152989256856,17.9809156019918,TRUE,NA
"b",-16.47,-0.0302771916842188,4.14173001844199,4.98441014484302,5.7135427543905,17.9709167083363,TRUE,NA
"b",-16.46,-0.0302954894961618,4.1404971185171,4.98312284545312,5.71178603872585,17.9609178166838,TRUE,NA
"b",-16.45,-0.0303138093821505,4.13926382888222,4.98183510489466,5.71002877818426,17.9509189270393,TRUE,NA
"b",-16.44,-0.0303321513820631,4.13803014915322,4.98054692270425,5.70827097225754,17.9409200394075,TRUE,NA
"b",-16.43,-0.03035051553586,4.13679607894534,4.97925829841767,5.70651262043675,17.9309211537933,TRUE,NA
"b",-16.42,-0.0303689018836073,4.13556161787313,4.97796923156987,5.7047537222121,17.9209222702016,TRUE,NA
"b",-16.41,-0.0303873104654626,4.13432676555052,4.97667972169499,5.70299427707305,17.9109233886373,TRUE,NA
"b",-16.4,-0.0304057413216829,4.13309152159077,4.97538976832633,5.70123428450826,17.9009245091053,TRUE,NA
"b",-16.39,-0.0304241944926184,4.13185588560648,4.97409937099637,5.69947374400559,17.8909256316105,TRUE,NA
"b",-16.38,-0.0304426700187206,4.1306198572096,4.97280852923675,5.69771265505208,17.8809267561579,TRUE,NA
"b",-16.37,-0.0304611679405387,4.1293834360114,4.97151724257828,5.695951017134,17.8709278827523,TRUE,NA
"b",-16.36,-0.0304796882987186,4.12814662162251,4.97022551055092,5.69418882973681,17.8609290113988,TRUE,NA
"b",-16.35,-0.0304982311339999,4.12690941365287,4.96893333268382,5.69242609234516,17.8509301421023,TRUE,NA
"b",-16.34,-0.0305167964872277,4.12567181171178,4.96764070850527,5.6906628044429,17.8409312748678,TRUE,NA
"b",-16.33,-0.0305353843993424,4.12443381540786,4.96634763754271,5.68889896551307,17.8309324097004,TRUE,NA
"b",-16.32,-0.0305539949113863,4.12319542434906,4.96505411932275,5.6871345750379,17.820933546605,TRUE,NA
"b",-16.31,-0.0305726280644926,4.12195663814265,4.96376015337114,5.68536963249881,17.8109346855868,TRUE,NA
"b",-16.3,-0.0305912838999083,4.12071745639525,4.96246573921281,5.68360413737643,17.8009358266506,TRUE,NA
"b",-16.29,-0.0306099624589656,4.11947787871279,4.9611708763718,5.68183808915053,17.7909369698017,TRUE,NA
"b",-16.28,-0.0306286637831077,4.11823790470053,4.95987556437131,5.68007148730011,17.7809381150451,TRUE,NA
"b",-16.27,-0.0306473879138731,4.11699753396304,4.95857980273371,5.67830433130333,17.7709392623859,TRUE,NA
"b",-16.26,-0.0306661348929036,4.11575676610423,4.95728359098047,5.67653662063752,17.7609404118293,TRUE,NA
"b",-16.25,-0.0306849047619401,4.11451560072731,4.95598692863223,5.67476835477922,17.7509415633802,TRUE,NA
"b",-16.24,-0.030703697562828,4.11327403743482,4.95468981520875,5.67299953320412,17.740942717044,TRUE,NA
"b",-16.23,-0.0307225133375122,4.11203207582862,4.95339225022895,5.67123015538709,17.7309438728258,TRUE,NA
"b",-16.22,-0.0307413521280342,4.11078971550987,4.95209423321086,5.66946022080219,17.7209450307307,TRUE,NA
"b",-16.21,-0.0307602139765516,4.10954695607904,4.95079576367164,5.66768972892263,17.7109461907639,TRUE,NA
"b",-16.2,-0.0307790989253128,4.10830379713593,4.9494968411276,5.66591867922081,17.7009473529307,TRUE,NA
"b",-16.19,-0.0307980070166743,4.10706023827963,4.94819746509417,5.66414707116828,17.6909485172362,TRUE,NA
"b",-16.18,-0.0308169382930968,4.10581627910856,4.94689763508588,5.66237490423576,17.6809496836858,TRUE,NA
"b",-16.17,-0.0308358927971393,4.10457191922041,4.94559735061641,5.66060217789314,17.6709508522846,TRUE,NA
"b",-16.16,-0.0308548705714712,4.1033271582122,4.94429661119856,5.65882889160948,17.660952023038,TRUE,NA
"b",-16.15,-0.0308738716588613,4.10208199568024,4.94299541634423,5.65705504485299,17.6509531959512,TRUE,NA
"b",-16.14,-0.0308928961021886,4.10083643122016,4.94169376556445,5.65528063709102,17.6409543710296,TRUE,NA
"b",-16.13,-0.0309119439444275,4.09959046442687,4.94039165836936,5.65350566779012,17.6309555482784,TRUE,NA
"b",-16.12,-0.0309310152286683,4.09834409489457,4.9390890942682,5.65173013641596,17.6209567277031,TRUE,NA
"b",-16.11,-0.0309501099981026,4.09709732221677,4.93778607276934,5.64995404243337,17.6109579093089,TRUE,NA
"b",-16.1,-0.0309692282960237,4.09585014598628,4.93648259338024,5.64817738530635,17.6009590931013,TRUE,NA
"b",-16.09,-0.0309883701658387,4.09460256579517,4.93517865560746,5.64640016449802,17.5909602790855,TRUE,NA
"b",-16.08,-0.0310075356510571,4.09335458123484,4.93387425895669,5.64462237947068,17.5809614672672,TRUE,NA
"b",-16.07,-0.0310267247952951,4.09210619189594,4.93256940293269,5.64284402968574,17.5709626576515,TRUE,NA
"b",-16.06,-0.0310459376422754,4.09085739736843,4.93126408703932,5.64106511460379,17.5609638502441,TRUE,NA
"b",-16.05,-0.0310651742358306,4.08960819724155,4.92995831077956,5.63928563368453,17.5509650450503,TRUE,NA
"b",-16.04,-0.0310844346199044,4.08835859110381,4.92865207365545,5.63750558638682,17.5409662420756,TRUE,NA
"b",-16.03,-0.0311037188385365,4.08710857854302,4.92734537516814,5.63572497216865,17.5309674413256,TRUE,NA
"b",-16.02,-0.0311230269358869,4.08585815914626,4.92603821481787,5.63394379048715,17.5209686428057,TRUE,NA
"b",-16.01,-0.0311423589562239,4.08460733249988,4.92473059210394,5.63216204079858,17.5109698465214,TRUE,NA
"b",-16,-0.0311617149439157,4.08335609818952,4.92342250652477,5.63037972255834,17.5009710524782,TRUE,NA
"b",-15.99,-0.0311810949434499,4.08210445580008,4.92211395757784,5.62859683522094,17.4909722606819,TRUE,NA
"b",-15.98,-0.0312004989994215,4.08085240491572,4.9208049447597,5.62681337824005,17.4809734711378,TRUE,NA
"b",-15.97,-0.0312199271565304,4.07959994511991,4.919495467566,5.62502935106844,17.4709746838517,TRUE,NA
"b",-15.96,-0.0312393794595938,4.07834707599536,4.91818552549144,5.62324475315802,17.460975898829,TRUE,NA
"b",-15.95,-0.0312588559535346,4.07709379712403,4.91687511802981,5.62145958395981,17.4509771160755,TRUE,NA
"b",-15.94,-0.0312783566833917,4.07584010808718,4.91556424467395,5.61967384292397,17.4409783355968,TRUE,NA
"b",-15.93,-0.0312978816943126,4.07458600846532,4.91425290491579,5.61788752949974,17.4309795573986,TRUE,NA
"b",-15.92,-0.0313174310315587,4.0733314978382,4.9129410982463,5.61610064313552,17.4209807814864,TRUE,NA
"b",-15.91,-0.0313370047405001,4.07207657578486,4.91162882415553,5.61431318327881,17.4109820078661,TRUE,NA
"b",-15.9,-0.0313566028666213,4.07082124188357,4.91031608213257,5.61252514937621,17.4009832365433,TRUE,NA
"b",-15.89,-0.031376225455522,4.06956549571187,4.90900287166559,5.61073654087344,17.3909844675238,TRUE,NA
"b",-15.88,-0.0313958725529135,4.06830933684655,4.90768919224179,5.60894735721533,17.3809857008134,TRUE,NA
"b",-15.87,-0.0314155442046223,4.06705276486364,4.90637504334744,5.60715759784582,17.3709869364177,TRUE,NA
"b",-15.86,-0.0314352404565825,4.06579577933844,4.90506042446785,5.60536726220795,17.3609881743426,TRUE,NA
"b",-15.85,-0.0314549613548502,4.06453837984548,4.90374533508738,5.60357634974385,17.3509894145938,TRUE,NA
"b",-15.84,-0.0314747069455948,4.06328056595855,4.90242977468944,5.60178485989478,17.3409906571773,TRUE,NA
"b",-15.83,-0.0314944772750985,4.06202233725066,4.90111374275646,5.59999279210106,17.3309919020988,TRUE,NA
"b",-15.82,-0.0315142723897579,4.06076369329408,4.89979723876993,5.59820014580215,17.3209931493643,TRUE,NA
"b",-15.81,-0.0315340923360886,4.05950463366031,4.89848026221038,5.59640692043657,17.3109943989795,TRUE,NA
"b",-15.8,-0.0315539371607238,4.0582451579201,4.89716281255735,5.59461311544196,17.3009956509503,TRUE,NA
"b",-15.79,-0.0315738069104078,4.05698526564342,4.89584488928943,5.59281873025501,17.2909969052828,TRUE,NA
"b",-15.78,-0.0315937016320029,4.05572495639948,4.89452649188424,5.59102376431155,17.2809981619828,TRUE,NA
"b",-15.77,-0.0316136213724941,4.05446422975673,4.89320761981842,5.58922821704645,17.2709994210563,TRUE,NA
"b",-15.76,-0.031633566178978,4.05320308528284,4.89188827256763,5.58743208789369,17.2610006825092,TRUE,NA
"b",-15.75,-0.0316535360986715,4.0519415225447,4.89056844960656,5.58563537628634,17.2510019463476,TRUE,NA
"b",-15.74,-0.0316735311789129,4.05067954110844,4.88924815040891,5.58383808165652,17.2410032125773,TRUE,NA
"b",-15.73,-0.031693551467153,4.04941714053941,4.88792737444741,5.58204020343545,17.2310044812046,TRUE,NA
"b",-15.72,-0.0317135970109626,4.04815432040218,4.88660612119379,5.58024174105342,17.2210057522354,TRUE,NA
"b",-15.71,-0.0317336678580385,4.04689108026053,4.88528439011879,5.57844269393979,17.2110070256757,TRUE,NA
"b",-15.7,-0.0317537640561934,4.04562741967748,4.88396218069217,5.57664306152301,17.2010083015317,TRUE,NA
"b",-15.69,-0.0317738856533557,4.04436333821524,4.88263949238269,5.57484284323057,17.1910095798095,TRUE,NA
"b",-15.68,-0.0317940326975824,4.04309883543525,4.88131632465811,5.57304203848905,17.1810108605152,TRUE,NA
"b",-15.67,-0.0318142052370448,4.04183391089816,4.87999267698519,5.57124064672409,17.1710121436549,TRUE,NA
"b",-15.66,-0.0318344033200394,4.04056856416382,4.87866854882969,5.56943866736039,17.1610134292347,TRUE,NA
"b",-15.65,-0.0318546269949843,4.0393027947913,4.87734393965637,5.56763609982171,17.151014717261,TRUE,NA
"b",-15.64,-0.0318748763104205,4.03803660233886,4.87601884892897,5.56583294353087,17.1410160077398,TRUE,NA
"b",-15.63,-0.0318951513150047,4.03676998636399,4.87469327611023,5.56402919790976,17.1310173006774,TRUE,NA
"b",-15.62,-0.0319154520575248,4.03550294642334,4.87336722066188,5.5622248623793,17.12101859608,TRUE,NA
"b",-15.61,-0.0319357785868899,4.03423548207279,4.87204068204462,5.56041993635949,17.111019893954,TRUE,NA
"b",-15.6,-0.0319561309521282,4.03296759286742,4.87071365971814,5.55861441926934,17.1010211943054,TRUE,NA
"b",-15.59,-0.0319765092024017,4.03169927836148,4.86938615314111,5.55680831052697,17.0910224971408,TRUE,NA
"b",-15.58,-0.0319969133869834,4.03043053810843,4.86805816177117,5.55500160954948,17.0810238024663,TRUE,NA
"b",-15.57,-0.0320173435552811,4.02916137166092,4.86672968506494,5.55319431575305,17.0710251102883,TRUE,NA
"b",-15.56,-0.0320377997568258,4.02789177857079,4.86540072247801,5.55138642855291,17.0610264206133,TRUE,NA
"b",-15.55,-0.0320582820412755,4.02662175838905,4.86407127346494,5.5495779473633,17.0510277334474,TRUE,NA
"b",-15.54,-0.0320787904584075,4.02535131066592,4.86274133747924,5.54776887159752,17.0410290487973,TRUE,NA
"b",-15.53,-0.0320993250581337,4.02408043495078,4.8614109139734,5.5459592006679,17.0310303666692,TRUE,NA
"b",-15.52,-0.0321198858904867,4.0228091307922,4.86008000239886,5.54414893398579,17.0210316870696,TRUE,NA
"b",-15.51,-0.0321404730056311,4.02153739773793,4.85874860220602,5.54233807096158,17.011033010005,TRUE,NA
"b",-15.5,-0.0321610864538542,4.02026523533488,4.85741671284424,5.5405266110047,17.0010343354819,TRUE,NA
"b",-15.49,-0.0321817262855809,4.01899264312916,4.85608433376181,5.53871455352358,16.9910356635067,TRUE,NA
"b",-15.48,-0.0322023925513472,4.01771962066604,4.85475146440599,5.5369018979257,16.981036994086,TRUE,NA
"b",-15.47,-0.0322230853018379,4.01644616748994,4.85341810422297,5.53508864361755,16.9710383272264,TRUE,NA
"b",-15.46,-0.032243804587852,4.01517228314447,4.8520842526579,5.53327479000464,16.9610396629343,TRUE,NA
"b",-15.45,-0.0322645504603272,4.0138979671724,4.85074990915486,5.53146033649149,16.9510410012164,TRUE,NA
"b",-15.44,-0.0322853229703265,4.01262321911566,4.84941507315685,5.52964528248165,16.9410423420793,TRUE,NA
"b",-15.43,-0.0323061221690437,4.01134803851533,4.84807974410584,5.52782962737766,16.9310436855296,TRUE,NA
"b",-15.42,-0.032326948107808,4.01007242491168,4.8467439214427,5.5260133705811,16.921045031574,TRUE,NA
"b",-15.41,-0.032347800838075,4.0087963778441,4.84540760460724,5.52419651149253,16.9110463802191,TRUE,NA
"b",-15.4,-0.0323686804114335,4.00751989685115,4.8440707930382,5.52237904951154,16.9010477314716,TRUE,NA
"b",-15.39,-0.0323895868796014,4.00624298147055,4.84273348617323,5.5205609840367,16.8910490853382,TRUE,NA
"b",-15.38,-0.0324105202944382,4.00496563123914,4.8413956834489,5.5187423144656,16.8810504418258,TRUE,NA
"b",-15.37,-0.0324314807079282,4.00368784569294,4.84005738430072,5.51692304019482,16.8710518009409,TRUE,NA
"b",-15.36,-0.0324524681721887,4.0024096243671,4.83871858816308,5.51510316061993,16.8610531626905,TRUE,NA
"b",-15.35,-0.0324734827394784,4.0011309667959,4.83737929446931,5.51328267513552,16.8510545270812,TRUE,NA
"b",-15.34,-0.0324945244621834,3.9998518725128,4.83603950265162,5.51146158313513,16.84105589412,TRUE,NA
"b",-15.33,-0.0325155933928275,3.99857234105034,4.83469921214114,5.50963988401133,16.8310572638137,TRUE,NA
"b",-15.32,-0.0325366895840687,3.99729237194024,4.83335842236791,5.50781757715565,16.8210586361691,TRUE,NA
"b",-15.31,-0.0325578130887024,3.99601196471335,4.83201713276084,5.50599466195861,16.8110600111931,TRUE,NA
"b",-15.3,-0.0325789639596571,3.99473111889962,4.83067534274777,5.50417113780973,16.8010613888927,TRUE,NA
"b",-15.29,-0.0326001422499951,3.99344983402817,4.82933305175541,5.5023470040975,16.7910627692747,TRUE,NA
"b",-15.28,-0.0326213480129292,3.9921681096272,4.82799025920937,5.50052226020937,16.7810641523462,TRUE,NA
"b",-15.27,-0.0326425813017934,3.99088594522408,4.82664696453413,5.49869690553178,16.771065538114,TRUE,NA
"b",-15.26,-0.0326638421700681,3.98960334034528,4.82530316715308,5.49687093945015,16.7610669265853,TRUE,NA
"b",-15.25,-0.0326851306713684,3.98832029451638,4.82395886648846,5.49504436134886,16.751068317767,TRUE,NA
"b",-15.24,-0.0327064468594517,3.98703680726208,4.82261406196142,5.49321717061126,16.7410697116662,TRUE,NA
"b",-15.23,-0.0327277907882123,3.98575287810622,4.82126875299195,5.49138936661967,16.7310711082899,TRUE,NA
"b",-15.22,-0.0327491625116842,3.98446850657172,4.81992293899893,5.48956094875536,16.7210725076452,TRUE,NA
"b",-15.21,-0.0327705620840387,3.98318369218063,4.81857661940012,5.48773191639858,16.7110739097393,TRUE,NA
"b",-15.2,-0.0327919895595961,3.98189843445409,4.81722979361212,5.48590226892853,16.7010753145793,TRUE,NA
"b",-15.19,-0.0328134449928116,3.98061273291237,4.81588246105039,5.48407200572335,16.6910767221723,TRUE,NA
"b",-15.18,-0.0328349284382756,3.97932658707481,4.81453462112928,5.48224112616016,16.6810781325255,TRUE,NA
"b",-15.17,-0.0328564399507347,3.97803999645988,4.81318627326197,5.48040962961501,16.6710795456462,TRUE,NA
"b",-15.16,-0.0328779795850626,3.97675296058513,4.81183741686049,5.47857751546292,16.6610809615416,TRUE,NA
"b",-15.15,-0.0328995473962897,3.97546547896721,4.81048805133573,5.47674478307783,16.6510823802189,TRUE,NA
"b",-15.14,-0.0329211434395797,3.97417755112186,4.80913817609743,5.47491143183264,16.6410838016854,TRUE,NA
"b",-15.13,-0.0329427677702463,3.97288917656392,4.80778779055416,5.47307746109919,16.6310852259484,TRUE,NA
"b",-15.12,-0.0329644204437409,3.97160035480731,4.80643689411333,5.47124287024825,16.6210866530152,TRUE,NA
"b",-15.11,-0.0329861015156687,3.97031108536502,4.80508548618119,5.46940765864954,16.6110880828932,TRUE,NA
"b",-15.1,-0.0330078110417683,3.96902136774916,4.80373356616283,5.4675718256717,16.6010895155898,TRUE,NA
"b",-15.09,-0.0330295490779348,3.96773120147089,4.80238113346215,5.46573537068231,16.5910909511123,TRUE,NA
"b",-15.08,-0.033051315680204,3.96644058604046,4.80102818748191,5.46389829304787,16.5810923894682,TRUE,NA
"b",-15.07,-0.0330731109047568,3.96514952096718,4.79967472762366,5.46206059213381,16.5710938306649,TRUE,NA
"b",-15.06,-0.0330949348079258,3.96385800575946,4.79832075328777,5.46022226730449,16.5610952747099,TRUE,NA
"b",-15.05,-0.0331167874461862,3.96256603992475,4.79696626387346,5.45838331792319,16.5510967216108,TRUE,NA
"b",-15.04,-0.0331386688761644,3.9612736229696,4.79561125877873,5.45654374335209,16.5410981713749,TRUE,NA
"b",-15.03,-0.0331605791546343,3.9599807543996,4.79425573740041,5.4547035429523,16.5310996240099,TRUE,NA
"b",-15.02,-0.0331825183385186,3.95868743371941,4.79289969913412,5.45286271608385,16.5211010795233,TRUE,NA
"b",-15.01,-0.033204486484894,3.95739366043275,4.79154314337429,5.45102126210567,16.5111025379227,TRUE,NA
"b",-15,-0.0332264836509769,3.9560994340424,4.79018606951415,5.4491791803756,16.5011039992158,TRUE,NA
"b",-14.99,-0.0332485098941424,3.95480475405019,4.78882847694574,5.44733647025039,16.4911054634102,TRUE,NA
"b",-14.98,-0.0332705652719135,3.95350961995702,4.78747036505987,5.44549313108567,16.4811069305135,TRUE,NA
"b",-14.97,-0.0332926498419657,3.9522140312628,4.78611173324615,5.44364916223602,16.4711084005335,TRUE,NA
"b",-14.96,-0.0333147636621284,3.95091798746652,4.78475258089298,5.44180456305486,16.4611098734779,TRUE,NA
"b",-14.95,-0.0333369067903766,3.94962148806622,4.78339290738754,5.43995933289454,16.4511113493543,TRUE,NA
"b",-14.94,-0.0333590792848443,3.94832453255896,4.78203271211579,5.43811347110629,16.4411128281707,TRUE,NA
"b",-14.93,-0.0333812812038188,3.94702712044084,4.78067199446246,5.43626697704025,16.4311143099348,TRUE,NA
"b",-14.92,-0.0334035126057362,3.94572925120701,4.77931075381106,5.43441985004541,16.4211157946544,TRUE,NA
"b",-14.91,-0.0334257735491941,3.94443092435165,4.77794898954386,5.43257208946967,16.4111172823374,TRUE,NA
"b",-14.9,-0.0334480640929402,3.94313213936797,4.77658670104192,5.4307236946598,16.4011187729916,TRUE,NA
"b",-14.89,-0.0334703842958778,3.9418328957482,4.77522388768502,5.42887466496147,16.3911202666249,TRUE,NA
"b",-14.88,-0.0334927342170659,3.9405331929836,4.77386054885174,5.42702499971921,16.3811217632453,TRUE,NA
"b",-14.87,-0.0335151139157252,3.93923303056447,4.77249668391939,5.42517469827641,16.3711232628608,TRUE,NA
"b",-14.86,-0.033537523451226,3.93793240798012,4.77113229226404,5.42332375997535,16.3611247654792,TRUE,NA
"b",-14.85,-0.0335599628831009,3.93663132471885,4.76976737326051,5.42147218415718,16.3511262711087,TRUE,NA
"b",-14.84,-0.0335824322710414,3.93532978026802,4.76840192628235,5.41961997016191,16.3411277797572,TRUE,NA
"b",-14.83,-0.033604931674889,3.93402777411397,4.76703595070188,5.41776711732841,16.3311292914329,TRUE,NA
"b",-14.82,-0.033627461154657,3.93272530574207,4.76566944589013,5.4159136249944,16.3211308061437,TRUE,NA
"b",-14.81,-0.033650020770508,3.93142237463668,4.76430241121687,5.41405949249649,16.3111323238979,TRUE,NA
"b",-14.8,-0.0336726105827712,3.93011898028118,4.76293484605061,5.41220471917011,16.3011338447035,TRUE,NA
"b",-14.79,-0.0336952306519319,3.92881512215794,4.76156674975858,5.41034930434955,16.2911353685687,TRUE,NA
"b",-14.78,-0.0337178810386368,3.92751079974832,4.76019812170672,5.40849324736797,16.2811368955017,TRUE,NA
"b",-14.77,-0.0337405618036999,3.92620601253271,4.75882896125972,5.40663654755735,16.2711384255108,TRUE,NA
"b",-14.76,-0.0337632730080917,3.92490075999044,4.75745926778095,5.40477920424853,16.2611399586042,TRUE,NA
"b",-14.75,-0.0337860147129481,3.92359504159988,4.75608904063251,5.40292121677118,16.2511414947902,TRUE,NA
"b",-14.74,-0.0338087869795677,3.92228885683836,4.75471827917522,5.40106258445382,16.241143034077,TRUE,NA
"b",-14.73,-0.0338315898694112,3.9209822051822,4.75334698276858,5.39920330662378,16.2311445764731,TRUE,NA
"b",-14.72,-0.0338544234441078,3.9196750861067,4.75197515077081,5.39734338260725,16.2211461219867,TRUE,NA
"b",-14.71,-0.0338772877654459,3.91836749908614,4.7506027825388,5.39548281172925,16.2111476706263,TRUE,NA
"b",-14.7,-0.0339001828953855,3.91705944359379,4.74922987742818,5.39362159331359,16.2011492224003,TRUE,NA
"b",-14.69,-0.0339231088960507,3.91575091910186,4.74785643479321,5.39175972668295,16.1911507773172,TRUE,NA
"b",-14.68,-0.0339460658297293,3.91444192508156,4.74648245398689,5.3898972111588,16.1811523353853,TRUE,NA
"b",-14.67,-0.0339690537588802,3.91313246100305,4.74510793436087,5.38803404606144,16.1711538966133,TRUE,NA
"b",-14.66,-0.0339920727461303,3.91182252633547,4.74373287526549,5.38617023070998,16.1611554610096,TRUE,NA
"b",-14.65,-0.0340151228542703,3.91051212054689,4.74235727604975,5.38430576442235,16.1511570285828,TRUE,NA
"b",-14.64,-0.0340382041462628,3.90920124310439,4.74098113606134,5.38244064651528,16.1411585993415,TRUE,NA
"b",-14.63,-0.0340613166852405,3.90788989347394,4.7396044546466,5.38057487630431,16.1311601732943,TRUE,NA
"b",-14.62,-0.034084460534501,3.90657807112052,4.73822723115055,5.37870845310379,16.1211617504499,TRUE,NA
"b",-14.61,-0.0341076357575224,3.90526577550803,4.73684946491686,5.37684137622685,16.111163330817,TRUE,NA
"b",-14.6,-0.0341308424179487,3.90395300609932,4.73547115528784,5.37497364498545,16.1011649144042,TRUE,NA
"b",-14.59,-0.0341540805795865,3.90263976235618,4.73409230160447,5.37310525869031,16.0911665012202,TRUE,NA
"b",-14.58,-0.034177350306434,3.90132604373936,4.73271290320638,5.37123621665097,16.081168091274,TRUE,NA
"b",-14.57,-0.0342006516626433,3.90001184970852,4.73133295943183,5.36936651817575,16.0711696845742,TRUE,NA
"b",-14.56,-0.0342239847125562,3.89869717972228,4.72995246961771,5.36749616257174,16.0611712811296,TRUE,NA
"b",-14.55,-0.0342473495206749,3.89738203323817,4.72857143309958,5.36562514914483,16.0511728809492,TRUE,NA
"b",-14.54,-0.034270746151683,3.89606640971265,4.72718984921161,5.36375347719969,16.0411744840418,TRUE,NA
"b",-14.53,-0.0342941746704413,3.89475030860113,4.72580771728658,5.36188114603976,16.0311760904163,TRUE,NA
"b",-14.52,-0.0343176351419808,3.89343372935791,4.72442503665591,5.36000815496725,16.0211777000817,TRUE,NA
"b",-14.51,-0.0343411276315109,3.89211667143622,4.72304180664966,5.35813450328316,16.011179313047,TRUE,NA
"b",-14.5,-0.0343646522044228,3.89079913428822,4.72165802659647,5.35626019028724,16.0011809293211,TRUE,NA
"b",-14.49,-0.0343882089262786,3.88948111736497,4.72027369582362,5.35438521527801,15.9911825489132,TRUE,NA
"b",-14.48,-0.0344117978628194,3.88816262011644,4.71888881365696,5.35250957755275,15.9811841718322,TRUE,NA
"b",-14.47,-0.0344354190799723,3.8868436419915,4.71750337942099,5.35063327640749,15.9711857980872,TRUE,NA
"b",-14.46,-0.0344590726438346,3.88552418243793,4.71611739243876,5.34875631113704,15.9611874276875,TRUE,NA
"b",-14.45,-0.0344827586206898,3.88420424090243,4.71473085203196,5.34687868103495,15.9511890606421,TRUE,NA
"b",-14.44,-0.0345064770769989,3.88288381683056,4.71334375752084,5.34500038539351,15.9411906969603,TRUE,NA
"b",-14.43,-0.0345302280794062,3.8815629096668,4.71195610822426,5.34312142350377,15.9311923366512,TRUE,NA
"b",-14.42,-0.0345540116947378,3.88024151885451,4.71056790345962,5.34124179465551,15.9211939797242,TRUE,NA
"b",-14.41,-0.0345778279899976,3.87891964383594,4.70917914254295,5.33936149813726,15.9111956261885,TRUE,NA
"b",-14.4,-0.0346016770323815,3.87759728405223,4.70778982478883,5.33748053323629,15.9011972760535,TRUE,NA
"b",-14.39,-0.0346255588892606,3.87627443894339,4.70639994951039,5.33559889923859,15.8911989293284,TRUE,NA
"b",-14.38,-0.0346494736281967,3.87495110794831,4.70500951601937,5.3337165954289,15.8812005860227,TRUE,NA
"b",-14.37,-0.0346734213169297,3.87362729050476,4.70361852362603,5.33183362109068,15.8712022461458,TRUE,NA
"b",-14.36,-0.0346974020233932,3.87230298604938,4.70222697163921,5.3299499755061,15.8612039097072,TRUE,NA
"b",-14.35,-0.0347214158157048,3.87097819401768,4.70083485936629,5.32806565795606,15.8512055767162,TRUE,NA
"b",-14.34,-0.0347454627621606,3.86965291384403,4.69944218611321,5.3261806677202,15.8412072471826,TRUE,NA
"b",-14.33,-0.0347695429312585,3.86832714496166,4.69804895118445,5.32429500407684,15.8312089211156,TRUE,NA
"b",-14.32,-0.0347936563916713,3.86700088680266,4.69665515388303,5.32240866630304,15.8212105985251,TRUE,NA
"b",-14.31,-0.0348178032122685,3.86567413879798,4.69526079351049,5.32052165367454,15.8112122794205,TRUE,NA
"b",-14.3,-0.034841983462112,3.86434690037742,4.69386586936692,5.31863396546582,15.8012139638116,TRUE,NA
"b",-14.29,-0.0348661972104408,3.86301917096962,4.69247038075093,5.31674560095004,15.7912156517079,TRUE,NA
"b",-14.28,-0.0348904445267001,3.86169095000207,4.69107432695967,5.31485655939905,15.7812173431193,TRUE,NA
"b",-14.27,-0.0349147254805112,3.8603622369011,4.68967770728876,5.31296684008342,15.7712190380554,TRUE,NA
"b",-14.26,-0.0349390401417064,3.85903303109188,4.68828052103239,5.31107644227241,15.761220736526,TRUE,NA
"b",-14.25,-0.0349633885802903,3.85770333199842,4.68688276748322,5.30918536523394,15.751222438541,TRUE,NA
"b",-14.24,-0.0349877708664741,3.85637313904354,4.68548444593243,5.30729360823464,15.7412241441102,TRUE,NA
"b",-14.23,-0.0350121870706634,3.85504245164892,4.6840855556697,5.30540117053983,15.7312258532435,TRUE,NA
"b",-14.22,-0.0350366372634495,3.85371126923503,4.6826860959832,5.30350805141349,15.7212275659507,TRUE,NA
"b",-14.21,-0.0350611215156248,3.85237959122119,4.68128606615959,5.30161425011829,15.7112292822419,TRUE,NA
"b",-14.2,-0.0350856398981821,3.85104741702551,4.67988546548402,5.29971976591556,15.7012310021271,TRUE,NA
"b",-14.19,-0.0351101924823013,3.84971474606495,4.67848429324014,5.29782459806531,15.6912327256161,TRUE,NA
"b",-14.18,-0.0351347793393658,3.84838157775524,4.67708254871003,5.2959287458262,15.6812344527192,TRUE,NA
"b",-14.17,-0.0351594005409614,3.84704791151093,4.67568023117429,5.29403220845558,15.6712361834464,TRUE,NA
"b",-14.16,-0.0351840561588585,3.8457137467454,4.67427733991197,5.29213498520943,15.6612379178078,TRUE,NA
"b",-14.15,-0.035208746265044,3.8443790828708,4.67287387420057,5.2902370753424,15.6512396558136,TRUE,NA
"b",-14.14,-0.0352334709316926,3.84304391929807,4.67146983331608,5.2883384781078,15.6412413974739,TRUE,NA
"b",-14.13,-0.0352582302311878,3.84170825543698,4.67006521653291,5.28643919275758,15.631243142799,TRUE,NA
"b",-14.12,-0.0352830242361066,3.84037209069605,4.66866002312395,5.28453921854233,15.6212448917992,TRUE,NA
"b",-14.11,-0.0353078530192376,3.8390354244826,4.66725425236051,5.28263855471129,15.6112466444848,TRUE,NA
"b",-14.1,-0.0353327166535658,3.83769825620274,4.66584790351236,5.28073720051234,15.6012484008661,TRUE,NA
"b",-14.09,-0.0353576152122835,3.83636058526135,4.66444097584768,5.27883515519198,15.5912501609535,TRUE,NA
"b",-14.08,-0.0353825487687842,3.83502241106208,4.66303346863311,5.27693241799537,15.5812519247574,TRUE,NA
"b",-14.07,-0.0354075173966699,3.83368373300737,4.66162538113371,5.27502898816628,15.5712536922882,TRUE,NA
"b",-14.06,-0.0354325211697439,3.83234455049839,4.66021671261292,5.2731248649471,15.5612554635564,TRUE,NA
"b",-14.05,-0.0354575601620217,3.83100486293512,4.65880746233266,5.27122004757886,15.5512572385726,TRUE,NA
"b",-14.04,-0.0354826344477243,3.82966466971627,4.65739762955323,5.26931453530118,15.5412590173474,TRUE,NA
"b",-14.03,-0.0355077441012772,3.82832397023931,4.65598721353332,5.26740832735232,15.5312607998912,TRUE,NA
"b",-14.02,-0.0355328891973163,3.82698276390046,4.65457621353005,5.26550142296916,15.5212625862147,TRUE,NA
"b",-14.01,-0.0355580698106919,3.82564105009471,4.65316462879892,5.26359382138714,15.5112643763287,TRUE,NA
"b",-14,-0.0355832860164584,3.82429882821576,4.65175245859384,5.26168552184035,15.5012661702437,TRUE,NA
"b",-13.99,-0.0356085378898845,3.82295609765609,4.65033970216708,5.25977652356146,15.4912679679707,TRUE,NA
"b",-13.98,-0.0356338255064491,3.82161285780688,4.64892635876931,5.25786682578174,15.4812697695202,TRUE,NA
"b",-13.97,-0.0356591489418419,3.82026910805807,4.64751242764957,5.25595642773105,15.4712715749033,TRUE,NA
"b",-13.96,-0.03568450827197,3.81892484779831,4.64609790805529,5.25404532863786,15.4612733841306,TRUE,NA
"b",-13.95,-0.0357099035729534,3.817580076415,4.64468279923224,5.25213352772919,15.4512751972132,TRUE,NA
"b",-13.94,-0.0357353349211215,3.81623479329425,4.64326710042458,5.25022102423067,15.4412770141619,TRUE,NA
"b",-13.93,-0.0357608023930264,3.81488899782087,4.64185081087479,5.24830781736649,15.4312788349878,TRUE,NA
"b",-13.92,-0.0357863060654326,3.81354268937841,4.64043392982374,5.24639390635944,15.4212806597018,TRUE,NA
"b",-13.91,-0.0358118460153202,3.81219586734913,4.63901645651062,5.24447929043087,15.411282488315,TRUE,NA
"b",-13.9,-0.0358374223198938,3.81084853111397,4.63759839017298,5.24256396880067,15.4012843208385,TRUE,NA
"b",-13.89,-0.0358630350565658,3.8095006800526,4.6361797300467,5.24064794068734,15.3912861572835,TRUE,NA
"b",-13.88,-0.0358886843029773,3.80815231354338,4.63476047536598,5.23873120530791,15.381287997661,TRUE,NA
"b",-13.87,-0.0359143701369855,3.80680343096337,4.63334062536336,5.23681376187798,15.3712898419823,TRUE,NA
"b",-13.86,-0.0359400926366658,3.80545403168829,4.63192017926971,5.23489560961169,15.3612916902587,TRUE,NA
"b",-13.85,-0.0359658518803249,3.8041041150926,4.6304991363142,5.23297674772175,15.3512935425015,TRUE,NA
"b",-13.84,-0.0359916479464775,3.8027536805494,4.6290774957243,5.23105717541939,15.3412953987219,TRUE,NA
"b",-13.83,-0.0360174809138737,3.80140272743048,4.62765525672582,5.22913689191441,15.3312972589314,TRUE,NA
"b",-13.82,-0.0360433508614807,3.80005125510631,4.62623241854283,5.22721589641512,15.3212991231413,TRUE,NA
"b",-13.81,-0.0360692578684934,3.79869926294603,4.62480898039773,5.22529418812838,15.3113009913632,TRUE,NA
"b",-13.8,-0.0360952020143322,3.79734675031744,4.6233849415112,5.22337176625958,15.3013028636085,TRUE,NA
"b",-13.79,-0.0361211833786437,3.79599371658702,4.62196030110218,5.22144863001264,15.2913047398887,TRUE,NA
"b",-13.78,-0.0361472020413005,3.79464016111987,4.62053505838792,5.21952477858999,15.2813066202154,TRUE,NA
"b",-13.77,-0.0361732580824026,3.79328608327979,4.61910921258393,5.21760021119258,15.2713085046003,TRUE,NA
"b",-13.76,-0.0361993515822805,3.79193148242921,4.61768276290399,5.2156749270199,15.261310393055,TRUE,NA
"b",-13.75,-0.0362254826214959,3.79057635792919,4.61625570856014,5.21374892526991,15.2513122855912,TRUE,NA
"b",-13.74,-0.0362516512808352,3.78922070913946,4.61482804876269,5.21182220513912,15.2413141822206,TRUE,NA
"b",-13.73,-0.0362778576413217,3.78786453541837,4.61339978272018,5.20989476582251,15.231316082955,TRUE,NA
"b",-13.72,-0.0363041017842092,3.7865078361229,4.61197090963941,5.20796660651359,15.2213179878064,TRUE,NA
"b",-13.71,-0.0363303837909808,3.78515061060869,4.61054142872542,5.20603772640433,15.2113198967864,TRUE,NA
"b",-13.7,-0.03635670374336,3.78379285822996,4.60911133918149,5.20410812468522,15.2013218099071,TRUE,NA
"b",-13.69,-0.036383061723298,3.78243457833958,4.60768064020911,5.20217780054524,15.1913237271804,TRUE,NA
"b",-13.68,-0.0364094578129871,3.78107577028904,4.60624933100803,5.20024675317182,15.1813256486182,TRUE,NA
"b",-13.67,-0.036435892094854,3.77971643342842,4.60481741077618,5.19831498175092,15.1713275742327,TRUE,NA
"b",-13.66,-0.0364623646515569,3.77835656710642,4.60338487870972,5.19638248546693,15.161329504036,TRUE,NA
"b",-13.65,-0.0364888755660028,3.77699617067035,4.60195173400303,5.19444926350274,15.1513314380401,TRUE,NA
"b",-13.64,-0.0365154249213261,3.7756352434661,4.60051797584866,5.19251531503969,15.1413333762572,TRUE,NA
"b",-13.63,-0.0365420128009099,3.77427378483818,4.59908360343739,5.19058063925761,15.1313353186995,TRUE,NA
"b",-13.62,-0.0365686392883703,3.77291179412967,4.59764861595818,5.18864523533477,15.1213372653794,TRUE,NA
"b",-13.61,-0.0365953044675748,3.77154927068225,4.59621301259816,5.18670910244789,15.1113392163091,TRUE,NA
"b",-13.6,-0.0366220084226188,3.77018621383617,4.59477679254264,5.18477223977217,15.1013411715009,TRUE,NA
"b",-13.59,-0.0366487512378545,3.76882262293026,4.59333995497513,5.18283464648122,15.0913431309673,TRUE,NA
"b",-13.58,-0.0366755329978722,3.76745849730194,4.59190249907728,5.18089632174713,15.0813450947207,TRUE,NA
"b",-13.57,-0.0367023537875069,3.76609383628716,4.59046442402891,5.17895726474041,15.0713470627735,TRUE,NA
"b",-13.56,-0.0367292136918346,3.76472863922047,4.589025729008,5.17701747463001,15.0613490351384,TRUE,NA
"b",-13.55,-0.0367561127961931,3.76336290543497,4.58758641319067,5.17507695058331,15.0513510118279,TRUE,NA
"b",-13.54,-0.0367830511861484,3.76199663426231,4.5861464757512,5.17313569176612,15.0413529928546,TRUE,NA
"b",-13.53,-0.0368100289475283,3.76062982503269,4.58470591586198,5.17119369734267,15.0313549782311,TRUE,NA
"b",-13.52,-0.0368370461664056,3.75926247707485,4.58326473269357,5.16925096647562,15.0213569679703,TRUE,NA
"b",-13.51,-0.0368641029291032,3.75789458971609,4.58182292541463,5.16730749832603,15.0113589620848,TRUE,NA
"b",-13.5,-0.0368911993221966,3.75652616228223,4.58038049319193,5.16536329205339,15.0013609605874,TRUE,NA
"b",-13.49,-0.0369183354325098,3.75515719409763,4.57893743519039,5.16341834681556,14.9913629634911,TRUE,NA
"b",-13.48,-0.0369455113471237,3.75378768448517,4.577493750573,5.16147266176885,14.9813649708087,TRUE,NA
"b",-13.47,-0.036972727153371,3.75241763276626,4.57604943850088,5.15952623606793,14.9713669825532,TRUE,NA
"b",-13.46,-0.0369999829388422,3.75104703826083,4.57460449813323,5.15757906886589,14.9613689987375,TRUE,NA
"b",-13.45,-0.0370272787913762,3.7496759002873,4.57315892862735,5.1556311593142,14.9513710193747,TRUE,NA
"b",-13.44,-0.0370546147990762,3.74830421816263,4.57171272913861,5.15368250656271,14.9413730444779,TRUE,NA
"b",-13.43,-0.0370819910503012,3.74693199120227,4.57026589882047,5.15173310975965,14.9313750740603,TRUE,NA
"b",-13.42,-0.0371094076336657,3.74555921872017,4.56881843682446,5.14978296805164,14.9213771081349,TRUE,NA
"b",-13.41,-0.0371368646380473,3.74418590002877,4.56737034230017,5.14783208058366,14.9113791467151,TRUE,NA
"b",-13.4,-0.0371643621525826,3.74281203443901,4.56592161439524,5.14588044649907,14.9013811898142,TRUE,NA
"b",-13.39,-0.0371919002666653,3.7414376212603,4.56447225225539,5.14392806493959,14.8913832374454,TRUE,NA
"b",-13.38,-0.0372194790699593,3.74006265980053,4.56302225502435,5.14197493504528,14.8813852896222,TRUE,NA
"b",-13.37,-0.0372470986523875,3.7386871493661,4.56157162184392,5.14002105595459,14.871387346358,TRUE,NA
"b",-13.36,-0.0372747591041371,3.73731108926182,4.56012035185393,5.1380664268043,14.8613894076663,TRUE,NA
"b",-13.35,-0.0373024605156613,3.73593447879102,4.5586684441922,5.13611104672954,14.8513914735605,TRUE,NA
"b",-13.34,-0.0373302029776777,3.73455731725547,4.55721589799463,5.13415491486377,14.8413935440544,TRUE,NA
"b",-13.33,-0.0373579865811724,3.73317960395538,4.55576271239509,5.13219803033881,14.8313956191614,TRUE,NA
"b",-13.32,-0.037385811417402,3.73180133818943,4.55430888652547,5.13024039228479,14.8213976988953,TRUE,NA
"b",-13.31,-0.0374136775778892,3.73042251925474,4.55285441951567,5.1282819998302,14.8113997832699,TRUE,NA
"b",-13.3,-0.0374415851544247,3.72904314644687,4.55139931049357,5.12632285210183,14.8014018722989,TRUE,NA
"b",-13.29,-0.0374695342390765,3.72766321905982,4.54994355858505,5.12436294822478,14.7914039659961,TRUE,NA
"b",-13.28,-0.0374975249241773,3.72628273638601,4.54848716291397,5.12240228732249,14.7814060643754,TRUE,NA
"b",-13.27,-0.0375255573023442,3.72490169771629,4.54703012260216,5.1204408685167,14.7714081674509,TRUE,NA
"b",-13.26,-0.0375536314664527,3.72352010233993,4.54557243676942,5.11847869092747,14.7614102752363,TRUE,NA
"b",-13.25,-0.0375817475096679,3.72213794954463,4.54411410453351,5.11651575367312,14.7514123877459,TRUE,NA
"b",-13.24,-0.0376099055254223,3.72075523861647,4.54265512501016,5.11455205587032,14.7414145049936,TRUE,NA
"b",-13.23,-0.0376381056074278,3.71937196883996,4.54119549731303,5.112587596634,14.7314166269937,TRUE,NA
"b",-13.22,-0.0376663478496776,3.717988139498,4.53973522055372,5.11062237507738,14.7214187537603,TRUE,NA
"b",-13.21,-0.0376946323464386,3.71660374987189,4.53827429384179,5.10865639031198,14.7114208853077,TRUE,NA
"b",-13.2,-0.0377229591922635,3.7152187992413,4.5368127162847,5.10668964144758,14.7014230216502,TRUE,NA
"b",-13.19,-0.0377513284819818,3.71383328688432,4.53535048698784,5.10472212759224,14.6914251628022,TRUE,NA
"b",-13.18,-0.0377797403107079,3.71244721207738,4.53388760505453,5.10275384785229,14.6814273087779,TRUE,NA
"b",-13.17,-0.0378081947738375,3.7110605740953,4.53242406958597,5.10078480133233,14.6714294595921,TRUE,NA
"b",-13.16,-0.037836691967055,3.70967337221129,4.5309598796813,5.09881498713522,14.661431615259,TRUE,NA
"b",-13.15,-0.0378652319863254,3.70828560569688,4.5294950344375,5.09684440436206,14.6514337757934,TRUE,NA
"b",-13.14,-0.0378938149279023,3.70689727382199,4.52802953294949,5.09487305211221,14.6414359412098,TRUE,NA
"b",-13.13,-0.0379224408883267,3.70550837585489,4.52656337431003,5.09290092948329,14.6314381115229,TRUE,NA
"b",-13.12,-0.0379511099644277,3.70411891106217,4.52509655760979,5.09092803557113,14.6214402867475,TRUE,NA
"b",-13.11,-0.0379798222533285,3.70272887870879,4.52362908193726,5.08895436946983,14.6114424668984,TRUE,NA
"b",-13.1,-0.0380085778524343,3.70133827805804,4.52216094637884,5.0869799302717,14.6014446519904,TRUE,NA
"b",-13.09,-0.0380373768594529,3.69994710837152,4.52069215001874,5.08500471706727,14.5914468420383,TRUE,NA
"b",-13.08,-0.0380662193723739,3.69855536890919,4.51922269193903,5.08302872894532,14.5814490370573,TRUE,NA
"b",-13.07,-0.0380951054894938,3.6971630589293,4.51775257121962,5.08105196499282,14.5714512370623,TRUE,NA
"b",-13.06,-0.0381240353093919,3.69577017768843,4.51628178693826,5.07907442429497,14.5614534420683,TRUE,NA
"b",-13.05,-0.0381530089309525,3.69437672444146,4.51481033817049,5.07709610593516,14.5514556520905,TRUE,NA
"b",-13.04,-0.0381820264533489,3.69298269844157,4.51333822398971,5.07511700899499,14.5414578671441,TRUE,NA
"b",-13.03,-0.0382110879760665,3.69158809894025,4.51186544346709,5.07313713255428,14.5314600872443,TRUE,NA
"b",-13.02,-0.038240193598875,3.69019292518728,4.51039199567162,5.071156475691,14.5214623124065,TRUE,NA
"b",-13.01,-0.0382693434218548,3.6887971764307,4.50891787967007,5.06917503748133,14.5114645426459,TRUE,NA
"b",-13,-0.0382985375453862,3.68740085191687,4.50744309452703,5.06719281699964,14.5014667779781,TRUE,NA
"b",-12.99,-0.038327776070151,3.68600395089038,4.50596763930483,5.06520981331847,14.4914690184185,TRUE,NA
"b",-12.98,-0.0383570590971342,3.68460647259414,4.50449151306358,5.06322602550853,14.4814712639826,TRUE,NA
"b",-12.97,-0.0383863867276293,3.68320841626929,4.50301471486118,5.06124145263869,14.471473514686,TRUE,NA
"b",-12.96,-0.0384157590632364,3.68180978115521,4.50153724375326,5.059256093776,14.4614757705444,TRUE,NA
"b",-12.95,-0.0384451762058573,3.68041056648959,4.5000590987932,5.05726994798566,14.4514780315735,TRUE,NA
"b",-12.94,-0.0384746382577127,3.6790107715083,4.49858027903213,5.05528301433101,14.4414802977891,TRUE,NA
"b",-12.93,-0.038504145321325,3.67761039544549,4.49710078351892,5.05329529187356,14.4314825692069,TRUE,NA
"b",-12.92,-0.0385336974995301,3.67620943753354,4.49562061130016,5.05130677967295,14.421484845843,TRUE,NA
"b",-12.91,-0.0385632948954763,3.67480789700304,4.49413976142014,5.04931747678695,14.4114871277132,TRUE,NA
"b",-12.9,-0.0385929376126274,3.67340577308282,4.4926582329209,5.04732738227148,14.4014894148336,TRUE,NA
"b",-12.89,-0.0386226257547577,3.67200306499991,4.49117602484214,5.04533649518057,14.3914917072202,TRUE,NA
"b",-12.88,-0.0386523594259609,3.67059977197958,4.4896931362213,5.04334481456637,14.3814940048892,TRUE,NA
"b",-12.87,-0.0386821387306473,3.66919589324525,4.48820956609346,5.04135233947917,14.3714963078568,TRUE,NA
"b",-12.86,-0.0387119637735457,3.6677914280186,4.48672531349142,5.03935906896735,14.3614986161392,TRUE,NA
"b",-12.85,-0.0387418346597036,3.66638637551946,4.48524037744563,5.03736500207739,14.3515009297528,TRUE,NA
"b",-12.84,-0.0387717514944865,3.66498073496585,4.48375475698421,5.0353701378539,14.341503248714,TRUE,NA
"b",-12.83,-0.0388017143835861,3.66357450557399,4.48226845113294,5.03337447533956,14.3315055730391,TRUE,NA
"b",-12.82,-0.0388317234330177,3.66216768655826,4.48078145891524,5.03137801357514,14.3215079027448,TRUE,NA
"b",-12.81,-0.038861778749117,3.6607602771312,4.47929377935217,5.02938075159951,14.3115102378475,TRUE,NA
"b",-12.8,-0.0388918804385492,3.65935227650353,4.47780541146244,5.0273826884496,14.301512578364,TRUE,NA
"b",-12.79,-0.0389220286083009,3.6579436838841,4.47631635426236,5.02538382316045,14.291514924311,TRUE,NA
"b",-12.78,-0.0389522233656941,3.65653449847993,4.47482660676587,5.02338415476512,14.2815172757051,TRUE,NA
"b",-12.77,-0.0389824648183763,3.65512471949618,4.47333616798452,5.02138368229477,14.2715196325633,TRUE,NA
"b",-12.76,-0.0390127530743265,3.65371434613613,4.47184503692744,5.01938240477861,14.2615219949024,TRUE,NA
"b",-12.75,-0.0390430882418525,3.65230337760121,4.47035321260138,5.01738032124388,14.2515243627395,TRUE,NA
"b",-12.74,-0.0390734704295976,3.65089181309095,4.46886069401065,5.01537743071591,14.2415267360914,TRUE,NA
"b",-12.73,-0.0391038997465457,3.64947965180302,4.46736748015714,5.01337373221802,14.2315291149754,TRUE,NA
"b",-12.72,-0.0391343763020021,3.64806689293319,4.46587357004033,5.01136922477162,14.2215314994085,TRUE,NA
"b",-12.71,-0.0391649002056232,3.64665353567534,4.46437896265722,5.00936390739611,14.2115338894081,TRUE,NA
"b",-12.7,-0.0391954715673985,3.64523957922143,4.46288365700238,5.00735777910893,14.2015362849914,TRUE,NA
"b",-12.69,-0.0392260904976534,3.64382502276152,4.46138765206794,5.00535083892553,14.1915386861757,TRUE,NA
"b",-12.68,-0.0392567571070581,3.64240986548376,4.45989094684352,5.00334308585941,14.1815410929786,TRUE,NA
"b",-12.67,-0.0392874715066276,3.64099410657439,4.4583935403163,5.00133451892202,14.1715435054174,TRUE,NA
"b",-12.66,-0.0393182338077163,3.63957774521768,4.45689543147096,4.99932513712286,14.1615459235098,TRUE,NA
"b",-12.65,-0.0393490441220218,3.63816078059601,4.45539661928969,4.99731493946941,14.1515483472733,TRUE,NA
"b",-12.64,-0.039379902561593,3.63674321188979,4.45389710275219,4.99530392496715,14.1415507767258,TRUE,NA
"b",-12.63,-0.0394108092388236,3.63532503827749,4.45239688083564,4.99329209261952,14.1315532118849,TRUE,NA
"b",-12.62,-0.0394417642664582,3.63390625893562,4.45089595251469,4.99127944142798,14.1215556527685,TRUE,NA
"b",-12.61,-0.0394727677575894,3.63248687303874,4.44939431676149,4.98926597039193,14.1115580993944,TRUE,NA
"b",-12.6,-0.0395038198256588,3.63106687975941,4.44789197254564,4.98725167850875,14.1015605517808,TRUE,NA
"b",-12.59,-0.0395349205844679,3.62964627826826,4.44638891883418,4.9852365647738,14.0915630099456,TRUE,NA
"b",-12.58,-0.0395660701481658,3.62822506773391,4.44488515459163,4.98322062818038,14.081565473907,TRUE,NA
"b",-12.57,-0.0395972686312674,3.62680324732297,4.44338067877991,4.98120386771973,14.0715679436831,TRUE,NA
"b",-12.56,-0.0396285161486304,3.6253808162001,4.44187549035841,4.97918628238107,14.0615704192921,TRUE,NA
"b",-12.55,-0.0396598128154822,3.62395777352793,4.44036958828391,4.97716787115152,14.0515729007526,TRUE,NA
"b",-12.54,-0.0396911587474028,3.62253411846706,4.43886297151061,4.97514863301617,14.0415753880827,TRUE,NA
"b",-12.53,-0.0397225540603414,3.62110985017613,4.43735563899011,4.97312856695802,14.0315778813011,TRUE,NA
"b",-12.52,-0.0397539988706018,3.61968496781169,4.4358475896714,4.97110767195799,14.0215803804262,TRUE,NA
"b",-12.51,-0.0397854932948552,3.6182594705283,4.43433882250087,4.96908594699493,14.0115828854767,TRUE,NA
"b",-12.5,-0.0398170374501437,3.61683335747846,4.43282933642226,4.96706339104558,14.0015853964713,TRUE,NA
"b",-12.49,-0.0398486314538642,3.61540662781265,4.43131913037671,4.96504000308461,13.9915879134287,TRUE,NA
"b",-12.48,-0.039880275423796,3.61397928067927,4.42980820330267,4.96301578208456,13.9815904363679,TRUE,NA
"b",-12.47,-0.0399119694780756,3.61255131522466,4.42829655413597,4.96099072701589,13.9715929653076,TRUE,NA
"b",-12.46,-0.0399437137352184,3.61112273059312,4.42678418180978,4.95896483684693,13.961595500267,TRUE,NA
"b",-12.45,-0.0399755083141117,3.60969352592684,4.42527108525459,4.95693811054389,13.951598041265,TRUE,NA
"b",-12.44,-0.0400073533340165,3.60826370036596,4.42375726339819,4.95491054707086,13.9416005883208,TRUE,NA
"b",-12.43,-0.0400392489145645,3.6068332530485,4.42224271516571,4.9528821453898,13.9316031414536,TRUE,NA
"b",-12.42,-0.040071195175774,3.60540218311041,4.42072743947957,4.95085290446054,13.9216057006828,TRUE,NA
"b",-12.41,-0.0401031922380328,3.60397048968552,4.41921143525948,4.94882282324074,13.9116082660277,TRUE,NA
"b",-12.4,-0.0401352402221133,3.60253817190555,4.41769470142242,4.94679190068593,13.9016108375077,TRUE,NA
"b",-12.39,-0.0401673392491719,3.6011052289001,4.41617723688266,4.94476013574948,13.8916134151424,TRUE,NA
"b",-12.38,-0.0401994894407416,3.59967165979665,4.41465904055172,4.9427275273826,13.8816159989513,TRUE,NA
"b",-12.37,-0.0402316909187439,3.59823746372054,4.41314011133838,4.94069407453433,13.8716185889542,TRUE,NA
"b",-12.36,-0.0402639438054893,3.59680263979497,4.41162044814865,4.93865977615152,13.8616211851708,TRUE,NA
"b",-12.35,-0.0402962482236696,3.59536718714099,4.4101000498858,4.93662463117887,13.8516237876209,TRUE,NA
"b",-12.34,-0.0403286042963689,3.59393110487748,4.4085789154503,4.93458863855887,13.8416263963245,TRUE,NA
"b",-12.33,-0.0403610121470628,3.59249439212119,4.40705704373983,4.93255179723182,13.8316290113015,TRUE,NA
"b",-12.32,-0.0403934718996208,3.59105704798667,4.4055344336493,4.93051410613581,13.8216316325721,TRUE,NA
"b",-12.31,-0.0404259836782978,3.58961907158628,4.40401108407078,4.92847556420675,13.8116342601564,TRUE,NA
"b",-12.3,-0.0404585476077531,3.58818046203021,4.40248699389356,4.92643617037833,13.8016368940745,TRUE,NA
"b",-12.29,-0.0404911638130431,3.58674121842646,4.40096216200407,4.92439592358199,13.7916395343469,TRUE,NA
"b",-12.28,-0.040523832419614,3.58530133988081,4.39943658728592,4.92235482274698,13.781642180994,TRUE,NA
"b",-12.27,-0.0405565535533199,3.58386082549683,4.39791026861988,4.9203128668003,13.7716448340361,TRUE,NA
"b",-12.26,-0.0405893273404149,3.58241967437588,4.39638320488385,4.91827005466672,13.7616474934939,TRUE,NA
"b",-12.25,-0.0406221539075562,3.58097788561709,4.39485539495288,4.91622638526877,13.7516501593881,TRUE,NA
"b",-12.24,-0.0406550333818032,3.57953545831734,4.39332683769912,4.9141818575267,13.7416528317393,TRUE,NA
"b",-12.23,-0.0406879658906233,3.57809239157129,4.39179753199186,4.91213647035854,13.7316555105683,TRUE,NA
"b",-12.22,-0.0407209515618968,3.57664868447132,4.39026747669747,4.91009022268003,13.7216581958961,TRUE,NA
"b",-12.21,-0.0407539905239049,3.57520433610757,4.38873667067943,4.90804311340464,13.7116608877436,TRUE,NA
"b",-12.2,-0.0407870829053495,3.57375934556792,4.38720511279828,4.90599514144358,13.7016635861319,TRUE,NA
"b",-12.19,-0.040820228835336,3.57231371193794,4.38567280191166,4.90394630570576,13.6916662910822,TRUE,NA
"b",-12.18,-0.0408534284433968,3.57086743430094,4.38413973687426,4.90189660509779,13.6816690026156,TRUE,NA
"b",-12.17,-0.0408866818594667,3.56942051173793,4.3826059165378,4.89984603852401,13.6716717207535,TRUE,NA
"b",-12.16,-0.0409199892139052,3.56797294332763,4.38107133975108,4.89779460488643,13.6616744455173,TRUE,NA
"b",-12.15,-0.0409533506374959,3.56652472814643,4.37953600535989,4.89574230308477,13.6516771769284,TRUE,NA
"b",-12.14,-0.0409867662614355,3.56507586526842,4.37799991220707,4.8936891320164,13.6416799150086,TRUE,NA
"b",-12.13,-0.0410202362173497,3.56362635376534,4.37646305913245,4.8916350905764,13.6316826597793,TRUE,NA
"b",-12.12,-0.0410537606372856,3.56217619270663,4.37492544497286,4.8895801776575,13.6216854112625,TRUE,NA
"b",-12.11,-0.0410873396537163,3.56072538115935,4.37338706856213,4.8875243921501,13.6116881694798,TRUE,NA
"b",-12.1,-0.0411209733995482,3.55927391818824,4.37184792873104,4.88546773294223,13.6016909344533,TRUE,NA
"b",-12.09,-0.0411546620081126,3.55782180285564,4.37030802430737,4.88341019891961,13.591693706205,TRUE,NA
"b",-12.08,-0.041188405613173,3.55636903422157,4.36876735411582,4.88135178896556,13.581696484757,TRUE,NA
"b",-12.07,-0.0412222043489293,3.55491561134362,4.36722591697805,4.87929250196106,13.5716992701314,TRUE,NA
"b",-12.06,-0.0412560583500125,3.55346153327703,4.36568371171266,4.8772323367847,13.5617020623506,TRUE,NA
"b",-12.05,-0.0412899677514919,3.55200679907463,4.36414073713517,4.8751712923127,13.5517048614369,TRUE,NA
"b",-12.04,-0.0413239326888797,3.55055140778685,4.36259699205797,4.8731093674189,13.5417076674129,TRUE,NA
"b",-12.03,-0.0413579532981223,3.5490953584617,4.36105247529042,4.87104656097472,13.531710480301,TRUE,NA
"b",-12.02,-0.0413920297156092,3.54763865014477,4.3595071856387,4.86898287184921,13.521713300124,TRUE,NA
"b",-12.01,-0.0414261620781785,3.54618128187921,4.35796112190591,4.86691829890898,13.5117161269045,TRUE,NA
"b",-12,-0.0414603505231094,3.54472325270576,4.35641428289199,4.86485284101825,13.5017189606655,TRUE,NA
"b",-11.99,-0.0414945951881319,3.54326456166267,4.35486666739376,4.86278649703881,13.4917218014298,TRUE,NA
"b",-11.98,-0.041528896211423,3.54180520778576,4.35331827420486,4.86071926583,13.4817246492205,TRUE,NA
"b",-11.97,-0.0415632537316124,3.54034519010837,4.35176910211578,4.85865114624876,13.4717275040608,TRUE,NA
"b",-11.96,-0.0415976678877813,3.53888450766137,4.35021914991379,4.85658213714956,13.4617303659737,TRUE,NA
"b",-11.95,-0.0416321388194687,3.53742315947313,4.34866841638302,4.85451223738441,13.4517332349827,TRUE,NA
"b",-11.94,-0.0416666666666669,3.53596114456954,4.34711690030437,4.85244144580289,13.4417361111111,TRUE,NA
"b",-11.93,-0.0417012515698308,3.53449846197398,4.34556460045553,4.85036976125209,13.4317389943825,TRUE,NA
"b",-11.92,-0.0417358936698715,3.5330351107073,4.34401151561095,4.84829718257664,13.4217418848204,TRUE,NA
"b",-11.91,-0.0417705931081662,3.53157108978787,4.34245764454186,4.84622370861867,13.4117447824486,TRUE,NA
"b",-11.9,-0.0418053500265532,3.53010639823147,4.34090298601623,4.84414933821785,13.4017476872908,TRUE,NA
"b",-11.89,-0.0418401645673415,3.52864103505138,4.33934753879878,4.84207407021133,13.391750599371,TRUE,NA
"b",-11.88,-0.0418750368733026,3.52717499925831,4.33779130165093,4.83999790343377,13.3817535187131,TRUE,NA
"b",-11.87,-0.0419099670876821,3.52570828986041,4.33623427333084,4.83792083671731,13.3717564453413,TRUE,NA
"b",-11.86,-0.0419449553541961,3.52424090586326,4.33467645259337,4.83584286889158,13.3617593792797,TRUE,NA
"b",-11.85,-0.0419800018170343,3.52277284626986,4.33311783819005,4.83376399878367,13.3517623205526,TRUE,NA
"b",-11.84,-0.0420151066208645,3.52130411008062,4.33155842886911,4.83168422521816,13.3417652691844,TRUE,NA
"b",-11.83,-0.0420502699108283,3.51983469629335,4.32999822337543,4.82960354701706,13.3317682251996,TRUE,NA
"b",-11.82,-0.0420854918325496,3.51836460390324,4.32843722045056,4.82752196299986,13.3217711886228,TRUE,NA
"b",-11.81,-0.0421207725321359,3.51689383190287,4.32687541883267,4.82543947198346,13.3117741594787,TRUE,NA
"b",-11.8,-0.0421561121561726,3.51542237928219,4.32531281725658,4.82335607278223,13.3017771377921,TRUE,NA
"b",-11.79,-0.0421915108517367,3.5139502450285,4.32374941445372,4.82127176420796,13.291780123588,TRUE,NA
"b",-11.78,-0.0422269687663914,3.51247742812646,4.32218520915212,4.81918654506983,13.2817831168912,TRUE,NA
"b",-11.77,-0.0422624860481869,3.51100392755806,4.32062020007641,4.81710041417447,13.271786117727,TRUE,NA
"b",-11.76,-0.0422980628456686,3.50952974230263,4.31905438594778,4.8150133703259,13.2617891261205,TRUE,NA
"b",-11.75,-0.0423336993078729,3.50805487133682,4.31748776548402,4.81292541232553,13.2517921420971,TRUE,NA
"b",-11.74,-0.0423693955843344,3.50657931363456,4.31592033739945,4.81083653897217,13.2417951656822,TRUE,NA
"b",-11.73,-0.0424051518250828,3.50510306816713,4.31435210040493,4.80874674906201,13.2317981969013,TRUE,NA
"b",-11.72,-0.0424409681806547,3.50362613390305,4.31278305320787,4.80665604138861,13.2218012357801,TRUE,NA
"b",-11.71,-0.0424768448020764,3.50214850980815,4.31121319451217,4.80456441474288,13.2118042823443,TRUE,NA
"b",-11.7,-0.0425127818408897,3.50067019484551,4.30964252301827,4.80247186791313,13.2018073366199,TRUE,NA
"b",-11.69,-0.0425487794491379,3.49919118797548,4.30807103742306,4.80037839968496,13.1918103986326,TRUE,NA
"b",-11.68,-0.0425848377793741,3.49771148815563,4.30649873641993,4.79828400884137,13.1818134684087,TRUE,NA
"b",-11.67,-0.0426209569846576,3.49623109434081,4.30492561869873,4.79618869416264,13.1718165459743,TRUE,NA
"b",-11.66,-0.0426571372185666,3.49475000548305,4.30335168294577,4.79409245442642,13.1618196313557,TRUE,NA
"b",-11.65,-0.0426933786351905,3.49326822053162,4.30177692784379,4.79199528840765,13.1518227245793,TRUE,NA
"b",-11.64,-0.0427296813891339,3.49178573843299,4.30020135207196,4.78989719487858,13.1418258256716,TRUE,NA
"b",-11.63,-0.042766045635525,3.49030255813083,4.29862495430585,4.78779817260876,13.1318289346593,TRUE,NA
"b",-11.62,-0.0428024715300087,3.48881867856597,4.29704773321744,4.78569822036505,13.1218320515691,TRUE,NA
"b",-11.61,-0.0428389592287583,3.48733409867642,4.29546968747511,4.78359733691158,13.1118351764278,TRUE,NA
"b",-11.6,-0.0428755088884665,3.48584881739737,4.29389081574359,4.78149552100974,13.1018383092624,TRUE,NA
"b",-11.59,-0.0429121206663575,3.48436283366113,4.29231111668398,4.77939277141822,13.0918414501001,TRUE,NA
"b",-11.58,-0.0429487947201856,3.48287614639717,4.29073058895373,4.77728908689294,13.0818445989679,TRUE,NA
"b",-11.57,-0.0429855312082358,3.48138875453207,4.2891492312066,4.77518446618709,13.0718477558933,TRUE,NA
"b",-11.56,-0.0430223302893297,3.47990065698954,4.2875670420927,4.77307890805108,13.0618509209035,TRUE,NA
"b",-11.55,-0.043059192122822,3.47841185269038,4.28598402025842,4.77097241123258,13.0518540940263,TRUE,NA
"b",-11.54,-0.0430961168686096,3.4769223405525,4.28440016434646,4.76886497447647,13.0418572752892,TRUE,NA
"b",-11.53,-0.0431331046871292,3.47543211949088,4.28281547299578,4.76675659652484,13.0318604647199,TRUE,NA
"b",-11.52,-0.0431701557393627,3.47394118841755,4.28122994484162,4.764647276117,13.0218636623466,TRUE,NA
"b",-11.51,-0.0432072701868354,3.47244954624165,4.27964357851547,4.76253701198945,13.011866868197,TRUE,NA
"b",-11.5,-0.0432444481916206,3.47095719186933,4.27805637264505,4.76042580287588,13.0018700822994,TRUE,NA
"b",-11.49,-0.0432816899163456,3.46946412420377,4.27646832585429,4.75831364750718,12.991873304682,TRUE,NA
"b",-11.48,-0.0433189955241849,3.46797034214519,4.27487943676336,4.75620054461138,12.9818765353732,TRUE,NA
"b",-11.47,-0.0433563651788734,3.46647584459083,4.27328970398858,4.75408649291371,12.9718797744015,TRUE,NA
"b",-11.46,-0.0433937990446988,3.4649806304349,4.2716991261425,4.75197149113653,12.9618830217955,TRUE,NA
"b",-11.45,-0.0434312972865143,3.46348469856863,4.27010770183381,4.74985553799935,12.951886277584,TRUE,NA
"b",-11.44,-0.0434688600697299,3.46198804788021,4.26851542966734,4.74773863221883,12.9418895417958,TRUE,NA
"b",-11.43,-0.0435064875603208,3.46049067725479,4.26692230824407,4.74562077250875,12.9318928144598,TRUE,NA
"b",-11.42,-0.0435441799248334,3.45899258557449,4.26532833616113,4.74350195758001,12.9218960956053,TRUE,NA
"b",-11.41,-0.0435819373303785,3.45749377171835,4.26373351201171,4.74138218614062,12.9118993852615,TRUE,NA
"b",-11.4,-0.0436197599446423,3.45599423456235,4.26213783438512,4.73926145689569,12.9019026834576,TRUE,NA
"b",-11.39,-0.0436576479358813,3.45449397297938,4.26054130186676,4.73713976854743,12.8919059902233,TRUE,NA
"b",-11.38,-0.0436956014729338,3.45299298583923,4.25894391303808,4.73501711979514,12.8819093055881,TRUE,NA
"b",-11.37,-0.0437336207252103,3.45149127200861,4.25734566647658,4.73289350933517,12.8719126295817,TRUE,NA
"b",-11.36,-0.043771705862713,3.44998883035105,4.25574656075579,4.73076893586096,12.8619159622341,TRUE,NA
"b",-11.35,-0.043809857056019,3.44848565972701,4.25414659444529,4.72864339806299,12.8519193035753,TRUE,NA
"b",-11.34,-0.0438480744762936,3.44698175899376,4.25254576611064,4.72651689462879,12.8419226536353,TRUE,NA
"b",-11.33,-0.0438863582952952,3.44547712700543,4.2509440743134,4.72438942424295,12.8319260124444,TRUE,NA
"b",-11.32,-0.0439247086853709,3.44397176261297,4.2493415176111,4.72226098558706,12.8219293800331,TRUE,NA
"b",-11.31,-0.0439631258194638,3.44246566466415,4.24773809455724,4.72013157733973,12.8119327564318,TRUE,NA
"b",-11.3,-0.0440016098711122,3.44095883200354,4.24613380370128,4.7180011981766,12.8019361416712,TRUE,NA
"b",-11.29,-0.0440401610144517,3.43945126347251,4.24452864358857,4.7158698467703,12.7919395357822,TRUE,NA
"b",-11.28,-0.0440787794242236,3.43794295790917,4.24292261276042,4.71373752179045,12.7819429387955,TRUE,NA
"b",-11.27,-0.0441174652757724,3.43643391414845,4.24131570975402,4.71160422190366,12.7719463507424,TRUE,NA
"b",-11.26,-0.0441562187450497,3.43492413102198,4.23970793310245,4.70946994577349,12.7619497716539,TRUE,NA
"b",-11.25,-0.0441950400086154,3.43341360735816,4.23809928133466,4.70733469206048,12.7519532015614,TRUE,NA
"b",-11.24,-0.0442339292436439,3.43190234198209,4.23648975297544,4.70519845942213,12.7419566404963,TRUE,NA
"b",-11.23,-0.0442728866279222,3.4303903337156,4.23487934654547,4.70306124651286,12.7319600884904,TRUE,NA
"b",-11.22,-0.044311912339857,3.42887758137721,4.23326806056119,4.70092305198405,12.7219635455752,TRUE,NA
"b",-11.21,-0.0443510065584738,3.42736408378211,4.23165589353489,4.69878387448398,12.7119670117827,TRUE,NA
"b",-11.2,-0.0443901694634213,3.42584983974219,4.23004284397463,4.69664371265787,12.701970487145,TRUE,NA
"b",-11.19,-0.0444294012349759,3.42433484806597,4.22842891038428,4.69450256514781,12.6919739716941,TRUE,NA
"b",-11.18,-0.0444687020540403,3.42281910755862,4.22681409126343,4.69236043059281,12.6819774654624,TRUE,NA
"b",-11.17,-0.0445080721021456,3.42130261702194,4.22519838510745,4.69021730762877,12.6719809684823,TRUE,NA
"b",-11.16,-0.0445475115614633,3.41978537525435,4.22358179040743,4.68807319488844,12.6619844807863,TRUE,NA
"b",-11.15,-0.0445870206147974,3.41826738105088,4.22196430565015,4.68592809100145,12.6519880024073,TRUE,NA
"b",-11.14,-0.0446265994455917,3.41674863320311,4.22034592931813,4.68378199459429,12.6419915333781,TRUE,NA
"b",-11.13,-0.0446662482379328,3.41522913049923,4.21872665988954,4.68163490429028,12.6319950737317,TRUE,NA
"b",-11.12,-0.0447059671765507,3.41370887172397,4.21710649583823,4.67948681870959,12.6219986235012,TRUE,NA
"b",-11.11,-0.044745756446826,3.41218785565862,4.21548543563369,4.6773377364692,12.61200218272,TRUE,NA
"b",-11.1,-0.0447856162347863,3.41066608108099,4.21386347774106,4.67518765618291,12.6020057514215,TRUE,NA
"b",-11.09,-0.0448255467271142,3.40914354676541,4.21224062062109,4.67303657646134,12.5920093296394,TRUE,NA
"b",-11.08,-0.0448655481111522,3.40762025148271,4.21061686273012,4.67088449591187,12.5820129174073,TRUE,NA
"b",-11.07,-0.0449056205748965,3.4060961940002,4.20899220252008,4.66873141313869,12.5720165147592,TRUE,NA
"b",-11.06,-0.0449457643070067,3.40457137308168,4.20736663843848,4.66657732674277,12.5620201217291,TRUE,NA
"b",-11.05,-0.0449859794968091,3.40304578748738,4.20574016892837,4.66442223532181,12.5520237383513,TRUE,NA
"b",-11.04,-0.0450262663342981,3.40151943597401,4.20411279242834,4.6622661374703,12.54202736466,TRUE,NA
"b",-11.03,-0.0450666250101381,3.39999231729468,4.20248450737249,4.66010903177945,12.5320310006898,TRUE,NA
"b",-11.02,-0.0451070557156659,3.39846443019893,4.20085531219043,4.6579509168372,12.5220346464753,TRUE,NA
"b",-11.01,-0.0451475586428929,3.39693577343267,4.19922520530725,4.65579179122822,12.5120383020514,TRUE,NA
"b",-11,-0.0451881339845203,3.39540634573824,4.19759418514352,4.65363165353389,12.502041967453,TRUE,NA
"b",-10.99,-0.0452287819339219,3.3938761458543,4.19596225011525,4.65147050233229,12.4920456427152,TRUE,NA
"b",-10.98,-0.045269502685158,3.39234517251589,4.19432939863387,4.64930833619819,12.4820493278734,TRUE,NA
"b",-10.97,-0.0453102964329818,3.39081342445439,4.19269562910627,4.64714515370302,12.4720530229628,TRUE,NA
"b",-10.96,-0.0453511633728397,3.38928090039749,4.19106093993469,4.64498095341492,12.4620567280193,TRUE,NA
"b",-10.95,-0.0453921037008664,3.38774759906918,4.18942532951678,4.64281573389865,12.4520604430784,TRUE,NA
"b",-10.94,-0.0454331176138976,3.38621351918977,4.18778879624557,4.64064949371562,12.4420641681761,TRUE,NA
"b",-10.93,-0.0454742053094723,3.38467865947581,4.18615133850939,4.6384822314239,12.4320679033485,TRUE,NA
"b",-10.92,-0.0455153669858306,3.38314301864013,4.18451295469196,4.63631394557815,12.4220716486319,TRUE,NA
"b",-10.91,-0.0455566028419223,3.38160659539179,4.18287364317228,4.63414463472967,12.4120754040625,TRUE,NA
"b",-10.9,-0.0455979130774058,3.3800693884361,4.18123340232463,4.63197429742635,12.402079169677,TRUE,NA
"b",-10.89,-0.0456392978926534,3.37853139647457,4.17959223051862,4.62980293221268,12.3920829455121,TRUE,NA
"b",-10.88,-0.0456807574887524,3.37699261820489,4.17795012611907,4.62763053762972,12.3820867316047,TRUE,NA
"b",-10.87,-0.0457222920675146,3.37545305232094,4.17630708748609,4.62545711221511,12.3720905279919,TRUE,NA
"b",-10.86,-0.0457639018314679,3.37391269751278,4.17466311297496,4.62328265450304,12.3620943347108,TRUE,NA
"b",-10.85,-0.0458055869838767,3.37237155246659,4.17301820093623,4.62110716302425,12.3520981517989,TRUE,NA
"b",-10.84,-0.0458473477287245,3.3708296158647,4.17137234971559,4.61893063630601,12.3421019792938,TRUE,NA
"b",-10.83,-0.0458891842707359,3.36928688638554,4.16972555765393,4.61675307287212,12.332105817233,TRUE,NA
"b",-10.82,-0.0459310968153642,3.36774336270364,4.16807782308729,4.6145744712429,12.3221096656547,TRUE,NA
"b",-10.81,-0.0459730855688078,3.36619904348961,4.16642914434684,4.61239482993515,12.3121135245967,TRUE,NA
"b",-10.8,-0.0460151507380069,3.36465392741012,4.16477951975888,4.61021414746218,12.3021173940974,TRUE,NA
"b",-10.79,-0.0460572925306444,3.3631080131279,4.1631289476448,4.60803242233376,12.2921212741953,TRUE,NA
"b",-10.78,-0.0460995111551567,3.36156129930169,4.16147742632107,4.60584965305615,12.2821251649287,TRUE,NA
"b",-10.77,-0.0461418068207321,3.36001378458625,4.15982495409925,4.60366583813205,12.2721290663367,TRUE,NA
"b",-10.76,-0.0461841797373124,3.35846546763235,4.1581715292859,4.6014809760606,12.262132978458,TRUE,NA
"b",-10.75,-0.0462266301156014,3.3569163470867,4.15651715018264,4.59929506533737,12.2521369013318,TRUE,NA
"b",-10.74,-0.0462691581670649,3.35536642159201,4.15486181508611,4.59710810445438,12.2421408349975,TRUE,NA
"b",-10.73,-0.0463117641039349,3.3538156897869,4.1532055222879,4.59492009190001,12.2321447794944,TRUE,NA
"b",-10.72,-0.0463544481392163,3.35226415030593,4.1515482700746,4.59273102615907,12.2221487348623,TRUE,NA
"b",-10.71,-0.0463972104866852,3.35071180177958,4.14989005672776,4.59054090571275,12.2121527011409,TRUE,NA
"b",-10.7,-0.0464400513608909,3.34915864283419,4.14823088052385,4.5883497290386,12.2021566783704,TRUE,NA
"b",-10.69,-0.0464829709771692,3.34760467209198,4.14657073973425,4.58615749461054,12.1921606665909,TRUE,NA
"b",-10.68,-0.0465259695516372,3.34604988817104,4.14490963262525,4.58396420089883,12.1821646658427,TRUE,NA
"b",-10.67,-0.0465690473011995,3.34449428968528,4.14324755745802,4.58176984637008,12.1721686761665,TRUE,NA
"b",-10.66,-0.0466122044435488,3.34293787524442,4.14158451248857,4.57957442948721,12.1621726976031,TRUE,NA
"b",-10.65,-0.0466554411971783,3.34138064345399,4.13992049596779,4.57737794870947,12.1521767301933,TRUE,NA
"b",-10.64,-0.0466987577813761,3.3398225929153,4.13825550614134,4.57518040249237,12.1421807739783,TRUE,NA
"b",-10.63,-0.0467421544162305,3.33826372222541,4.13658954124972,4.57298178928775,12.1321848289995,TRUE,NA
"b",-10.62,-0.0467856313226405,3.33670402997714,4.13492259952821,4.57078210754371,12.1221888952983,TRUE,NA
"b",-10.61,-0.0468291887223063,3.33514351475901,4.13325467920683,4.5685813557046,12.1121929729164,TRUE,NA
"b",-10.6,-0.0468728268377509,3.33358217515527,4.13158577851037,4.56637953221103,12.1021970618958,TRUE,NA
"b",-10.59,-0.0469165458923048,3.33202000974583,4.12991589565834,4.56417663549985,12.0922011622785,TRUE,NA
"b",-10.58,-0.0469603461101245,3.33045701710628,4.12824502886494,4.56197266400413,12.0822052741068,TRUE,NA
"b",-10.57,-0.0470042277161901,3.32889319580786,4.12657317633908,4.55976761615316,12.0722093974232,TRUE,NA
"b",-10.56,-0.0470481909363058,3.32732854441744,4.12490033628433,4.5575614903724,12.0622135322704,TRUE,NA
"b",-10.55,-0.0470922359971093,3.32576306149748,4.12322650689889,4.55535428508354,12.0522176786912,TRUE,NA
"b",-10.54,-0.0471363631260766,3.32419674560604,4.12155168637561,4.55314599870441,12.0422218367288,TRUE,NA
"b",-10.53,-0.0471805725515193,3.32262959529676,4.11987587290193,4.55093662964902,12.0322260064263,TRUE,NA
"b",-10.52,-0.0472248645025939,3.32106160911881,4.11819906465991,4.54872617632751,12.0222301878273,TRUE,NA
"b",-10.51,-0.0472692392093037,3.3194927856169,4.11652125982614,4.54651463714617,12.0122343809754,TRUE,NA
"b",-10.5,-0.047313696902503,3.31792312333125,4.11484245657178,4.54430201050741,12.0022385859146,TRUE,NA
"b",-10.49,-0.0473582378138976,3.31635262079756,4.11316265306252,4.54208829480974,11.9922428026888,TRUE,NA
"b",-10.48,-0.0474028621760585,3.31478127654702,4.11148184745856,4.53987348844777,11.9822470313425,TRUE,NA
"b",-10.47,-0.0474475702224139,3.31320908910623,4.10980003791456,4.53765758981219,11.97225127192,TRUE,NA
"b",-10.46,-0.0474923621872627,3.31163605699725,4.1081172225797,4.53544059728976,11.9622555244661,TRUE,NA
"b",-10.45,-0.0475372383057698,3.31006217873755,4.10643339959756,4.53322250926331,11.9522597890257,TRUE,NA
"b",-10.44,-0.0475821988139803,3.30848745283996,4.10474856710618,4.53100332411169,11.942264065644,TRUE,NA
"b",-10.43,-0.0476272439488128,3.30691187781269,4.10306272323799,4.52878304020979,11.9322683543662,TRUE,NA
"b",-10.42,-0.0476723739480731,3.3053354521593,4.10137586611983,4.52656165592851,11.9222726552378,TRUE,NA
"b",-10.41,-0.0477175890504513,3.30375817437867,4.09968799387288,4.52433916963476,11.9122769683048,TRUE,NA
"b",-10.4,-0.0477628894955308,3.30218004296498,4.09799910461269,4.52211557969144,11.902281293613,TRUE,NA
"b",-10.39,-0.0478082755237852,3.30060105640768,4.09630919644912,4.51989088445741,11.8922856312086,TRUE,NA
"b",-10.38,-0.0478537473765958,3.2990212131915,4.09461826748635,4.51766508228749,11.882289981138,TRUE,NA
"b",-10.37,-0.047899305296239,3.29744051179639,4.09292631582283,4.51543817153247,11.8722943434479,TRUE,NA
"b",-10.36,-0.0479449495259044,3.29585895069752,4.09123333955129,4.51321015053906,11.862298718185,TRUE,NA
"b",-10.35,-0.0479906803096902,3.29427652836527,4.08953933675869,4.51098101764989,11.8523031053966,TRUE,NA
"b",-10.34,-0.048036497892614,3.29269324326518,4.08784430552623,4.50875077120348,11.8423075051298,TRUE,NA
"b",-10.33,-0.0480824025206121,3.29110909385792,4.0861482439293,4.50651940953426,11.8323119174322,TRUE,NA
"b",-10.32,-0.0481283944405462,3.28952407859931,4.08445115003748,4.50428693097254,11.8223163423514,TRUE,NA
"b",-10.31,-0.0481744739002067,3.28793819594028,4.0827530219145,4.50205333384448,11.8123207799356,TRUE,NA
"b",-10.3,-0.0482206411483159,3.28635144432683,4.08105385761823,4.49981861647209,11.8023252302328,TRUE,NA
"b",-10.29,-0.0482668964345387,3.28476382220002,4.07935365520067,4.49758277717323,11.7923296932914,TRUE,NA
"b",-10.28,-0.0483132400094765,3.28317532799595,4.07765241270792,4.49534581426156,11.7823341691602,TRUE,NA
"b",-10.27,-0.0483596721246834,3.28158596014572,4.07595012818013,4.49310772604655,11.772338657888,TRUE,NA
"b",-10.26,-0.0484061930326594,3.27999571707546,4.07424679965154,4.49086851083348,11.7623431595239,TRUE,NA
"b",-10.25,-0.0484528029868631,3.27840459720621,4.0725424251504,4.48862816692338,11.7523476741173,TRUE,NA
"b",-10.24,-0.048499502241712,3.27681259895401,4.07083700269897,4.48638669261306,11.7423522017177,TRUE,NA
"b",-10.23,-0.0485462910525885,3.27521972072978,4.06913053031352,4.48414408619507,11.732356742375,TRUE,NA
"b",-10.22,-0.048593169675846,3.27362596093936,4.06742300600428,4.4819003459577,11.7223612961391,TRUE,NA
"b",-10.21,-0.0486401383688075,3.27203131798345,4.06571442777543,4.47965547018495,11.7123658630605,TRUE,NA
"b",-10.2,-0.0486871973897785,3.2704357902576,4.06400479362507,4.47740945715653,11.7023704431897,TRUE,NA
"b",-10.19,-0.0487343469980451,3.2688393761522,4.06229410154521,4.47516230514783,11.6923750365773,TRUE,NA
"b",-10.18,-0.0487815874538838,3.26724207405241,4.06058234952175,4.47291401242992,11.6823796432745,TRUE,NA
"b",-10.17,-0.048828919018561,3.2656438823382,4.05886953553444,4.47066457726952,11.6723842633325,TRUE,NA
"b",-10.16,-0.0488763419543389,3.26404479938427,4.05715565755688,4.46841399792901,11.6623888968028,TRUE,NA
"b",-10.15,-0.0489238565244862,3.26244482356006,4.05544071355647,4.46616227266638,11.6523935437372,TRUE,NA
"b",-10.14,-0.0489714629932743,3.26084395322969,4.05372470149444,4.46390939973525,11.6423982041877,TRUE,NA
"b",-10.13,-0.049019161625985,3.25924218675198,4.05200761932576,4.46165537738481,11.6324028782065,TRUE,NA
"b",-10.12,-0.0490669526889221,3.2576395224804,4.05028946499917,4.45940020385986,11.6224075658462,TRUE,NA
"b",-10.11,-0.0491148364494037,3.25603595876303,4.04857023645714,4.45714387740076,11.6124122671595,TRUE,NA
"b",-10.1,-0.0491628131757772,3.25443149394256,4.04684993163585,4.45488639624341,11.6024169821994,TRUE,NA
"b",-10.09,-0.0492108831374206,3.25282612635626,4.04512854846515,4.45262775861925,11.5924217110192,TRUE,NA
"b",-10.08,-0.0492590466047491,3.25121985433594,4.04340608486857,4.45036796275526,11.5824264536724,TRUE,NA
"b",-10.07,-0.0493073038492152,3.24961267620795,4.04168253876329,4.44810700687388,11.5724312102129,TRUE,NA
"b",-10.06,-0.0493556551433186,3.2480045902931,4.03995790806009,4.44584488919308,11.5624359806946,TRUE,NA
"b",-10.05,-0.0494041007606085,3.24639559490672,4.03823219066336,4.44358160792628,11.552440765172,TRUE,NA
"b",-10.04,-0.0494526409756929,3.24478568835855,4.03650538447105,4.44131716128237,11.5424455636995,TRUE,NA
"b",-10.03,-0.0495012760642386,3.24317486895276,4.03477748737468,4.43905154746567,11.532450376332,TRUE,NA
"b",-10.02,-0.0495500063029754,3.2415631349879,4.0330484972593,4.43678476467593,11.5224552031246,TRUE,NA
"b",-10.01,-0.0495988319697102,3.23995048475691,4.03131841200346,4.43451681110831,11.5124600441328,TRUE,NA
"b",-10,-0.0496477533433209,3.23833691654703,4.02958722947919,4.43224768495334,11.502464899412,TRUE,NA
"b",-9.99,-0.0496967707037703,3.23672242863984,4.02785494755199,4.42997738439697,11.4924697690184,TRUE,NA
"b",-9.98,-0.0497458843321045,3.2351070193112,4.02612156408081,4.42770590762046,11.482474653008,TRUE,NA
"b",-9.97,-0.0497950945104639,3.2334906868312,4.024387076918,4.42543325280045,11.4724795514373,TRUE,NA
"b",-9.96,-0.0498444015220854,3.23187342946417,4.02265148390931,4.42315941810888,11.4624844643631,TRUE,NA
"b",-9.95,-0.0498938056513071,3.23025524546866,4.02091478289387,4.42088440171302,11.4524893918424,TRUE,NA
"b",-9.94,-0.049943307183576,3.22863613309735,4.01917697170415,4.41860820177543,11.4424943339324,TRUE,NA
"b",-9.93,-0.0499929064054528,3.2270160905971,4.01743804816595,4.41633081645393,11.4324992906909,TRUE,NA
"b",-9.92,-0.0500426036046134,3.22539511620885,4.01569801009838,4.41405224390162,11.4225042621755,TRUE,NA
"b",-9.91,-0.0500923990698625,3.22377320816766,4.0139568553138,4.41177248226682,11.4125092484446,TRUE,NA
"b",-9.9,-0.0501422930911286,3.22215036470261,4.01221458161788,4.40949152969311,11.4025142495564,TRUE,NA
"b",-9.89,-0.0501922859594819,3.22052658403683,4.01047118680948,4.40720938431923,11.3925192655698,TRUE,NA
"b",-9.88,-0.0502423779671272,3.21890186438743,4.00872666868068,4.40492604427916,11.3825242965438,TRUE,NA
"b",-9.87,-0.0502925694074169,3.21727620396552,4.00698102501677,4.40264150770203,11.3725293425376,TRUE,NA
"b",-9.86,-0.0503428605748538,3.21564960097612,4.00523425359618,4.40035577271212,11.3625344036109,TRUE,NA
"b",-9.85,-0.0503932517651041,3.21402205361815,4.0034863521905,4.39806883742886,11.3525394798235,TRUE,NA
"b",-9.84,-0.0504437432749877,3.21239356008444,4.00173731856442,4.39578069996681,11.3425445712356,TRUE,NA
"b",-9.83,-0.0504943354024982,3.21076411856165,3.99998715047575,4.39349135843563,11.3325496779077,TRUE,NA
"b",-9.82,-0.0505450284468042,3.20913372723026,3.99823584567534,4.39120081094004,11.3225547999007,TRUE,NA
"b",-9.81,-0.0505958227082516,3.20750238426453,3.99648340190713,4.38890905557987,11.3125599372755,TRUE,NA
"b",-9.8,-0.0506467184883723,3.20587008783249,3.99472981690804,4.38661609044999,11.3025650900936,TRUE,NA
"b",-9.79,-0.0506977160898923,3.20423683609588,3.99297508840803,4.38432191364027,11.2925702584167,TRUE,NA
"b",-9.78,-0.0507488158167337,3.20260262721015,3.99121921413001,4.38202652323565,11.2825754423068,TRUE,NA
"b",-9.77,-0.0508000179740206,3.20096745932441,3.98946219178986,4.37972991731603,11.2725806418262,TRUE,NA
"b",-9.76,-0.0508513228680864,3.19933133058139,3.9877040190964,4.3774320939563,11.2625858570374,TRUE,NA
"b",-9.75,-0.0509027308064847,3.19769423911742,3.98594469375134,4.37513305122631,11.2525910880036,TRUE,NA
"b",-9.74,-0.0509542420979817,3.19605618306241,3.98418421344928,4.37283278719086,11.2425963347878,TRUE,NA
"b",-9.73,-0.0510058570525788,3.19441716053979,3.98242257587769,4.37053129990967,11.2326015974537,TRUE,NA
"b",-9.72,-0.0510575759815069,3.19277716966651,3.98065977871685,4.36822858743736,11.2226068760651,TRUE,NA
"b",-9.71,-0.0511093991972376,3.19113620855297,3.97889581963989,4.36592464782344,11.2126121706863,TRUE,NA
"b",-9.7,-0.0511613270134843,3.18949427530303,3.9771306963127,4.36361947911231,11.2026174813818,TRUE,NA
"b",-9.69,-0.0512133597452189,3.18785136801392,3.97536440639395,4.3613130793432,11.1926228082164,TRUE,NA
"b",-9.68,-0.0512654977086659,3.18620748477628,3.97359694753506,4.35900544655016,11.1826281512553,TRUE,NA
"b",-9.67,-0.051317741221316,3.18456262367405,3.97182831738014,4.35669657876208,11.1726335105641,TRUE,NA
"b",-9.66,-0.0513700906019313,3.18291678278451,3.97005851356601,4.35438647400264,11.1626388862085,TRUE,NA
"b",-9.65,-0.051422546170548,3.18126996017817,3.96828753372217,4.35207513029027,11.1526442782547,TRUE,NA
"b",-9.64,-0.051475108248487,3.17962215391881,3.96651537547075,4.34976254563819,11.1426496867692,TRUE,NA
"b",-9.63,-0.0515277771583619,3.17797336206338,3.96474203642652,4.34744871805434,11.1326551118189,TRUE,NA
"b",-9.62,-0.0515805532240759,3.17632358266202,3.96296751419682,4.34513364554136,11.1226605534709,TRUE,NA
"b",-9.61,-0.0516334367708393,3.174672813758,3.96119180638159,4.34281732609663,11.1126660117928,TRUE,NA
"b",-9.6,-0.0516864281251705,3.17302105338766,3.9594149105733,4.34049975771216,11.1026714868523,TRUE,NA
"b",-9.59,-0.0517395276149011,3.17136829958043,3.95763682435697,4.33818093837466,11.0926769787178,TRUE,NA
"b",-9.58,-0.0517927355691898,3.16971455035875,3.9558575453101,4.33586086606546,11.0826824874577,TRUE,NA
"b",-9.57,-0.0518460523185189,3.16805980373805,3.95407707100268,4.33353953876051,11.072688013141,TRUE,NA
"b",-9.56,-0.0518994781947103,3.16640405772672,3.95229539899714,4.33121695443037,11.0626935558369,TRUE,NA
"b",-9.55,-0.0519530135309235,3.16474731032606,3.95051252684835,4.32889311104015,11.0526991156149,TRUE,NA
"b",-9.54,-0.0520066586616729,3.16308955953025,3.94872845210358,4.32656800654956,11.0427046925452,TRUE,NA
"b",-9.53,-0.0520604139228241,3.16143080332631,3.94694317230249,4.32424163891282,11.0327102866978,TRUE,NA
"b",-9.52,-0.0521142796516048,3.15977103969408,3.94515668497708,4.32191400607869,11.0227158981436,TRUE,NA
"b",-9.51,-0.0521682561866133,3.15811026660616,3.94336898765169,4.31958510599042,11.0127215269536,TRUE,NA
"b",-9.5,-0.0522223438678277,3.15644848202787,3.94158007784297,4.31725493658572,11.002727173199,TRUE,NA
"b",-9.49,-0.0522765430366041,3.15478568391725,3.93978995305985,4.3149234957968,10.9927328369519,TRUE,NA
"b",-9.48,-0.052330854035694,3.15312187022498,3.93799861080351,4.31259078155026,10.9827385182841,TRUE,NA
"b",-9.47,-0.0523852772092393,3.15145703889434,3.93620604856739,4.31025679176715,10.9727442172683,TRUE,NA
"b",-9.46,-0.0524398129027917,3.14979118786123,3.9344122638371,4.30792152436292,10.9627499339773,TRUE,NA
"b",-9.45,-0.0524944614633139,3.14812431505405,3.93261725409046,4.30558497724736,10.9527556684843,TRUE,NA
"b",-9.44,-0.0525492232391865,3.14645641839372,3.93082101679746,4.30324714832464,10.942761420863,TRUE,NA
"b",-9.43,-0.0526040985802139,3.14478749579363,3.9290235494202,4.30090803549326,10.9327671911874,TRUE,NA
"b",-9.42,-0.0526590878376389,3.14311754515957,3.92722484941291,4.29856763664604,10.9227729795319,TRUE,NA
"b",-9.41,-0.0527141913641388,3.14144656438972,3.9254249142219,4.29622594967007,10.9127787859712,TRUE,NA
"b",-9.4,-0.0527694095138449,3.1397745513746,3.92362374128553,4.29388297244672,10.9027846105804,TRUE,NA
"b",-9.39,-0.0528247426423349,3.13810150399706,3.92182132803422,4.29153870285161,10.8927904534352,TRUE,NA
"b",-9.38,-0.0528801911066591,3.13642742013215,3.92001767189039,4.28919313875458,10.8827963146115,TRUE,NA
"b",-9.37,-0.0529357552653313,3.13475229764721,3.91821277026846,4.28684627801969,10.8728021941855,TRUE,NA
"b",-9.36,-0.0529914354783485,3.13307613440169,3.91640662057478,4.28449811850515,10.8628080922341,TRUE,NA
"b",-9.35,-0.0530472321071827,3.13139892824723,3.91459922020767,4.28214865806336,10.8528140088342,TRUE,NA
"b",-9.34,-0.0531031455148115,3.12972067702754,3.91279056655736,4.27979789454086,10.8428199440636,TRUE,NA
"b",-9.33,-0.0531591760657039,3.12804137857839,3.91098065700596,4.27744582577828,10.832825898,TRUE,NA
"b",-9.32,-0.0532153241258414,3.12636103072755,3.90916948892744,4.27509244961037,10.8228318707218,TRUE,NA
"b",-9.31,-0.0532715900627201,3.12467963129477,3.90735705968763,4.27273776386593,10.8128378623078,TRUE,NA
"b",-9.3,-0.0533279742453603,3.12299717809172,3.90554336664415,4.27038176636784,10.8028438728371,TRUE,NA
"b",-9.29,-0.0533844770443116,3.12131366892194,3.90372840714642,4.26802445493297,10.7928499023893,TRUE,NA
"b",-9.28,-0.0534410988316691,3.11962910158083,3.90191217853562,4.26566582737222,10.7828559510443,TRUE,NA
"b",-9.27,-0.0534978399810686,3.11794347385556,3.90009467814468,4.26330588149046,10.7728620188826,TRUE,NA
"b",-9.26,-0.0535547008677035,3.11625678352507,3.89827590329824,4.26094461508653,10.762868105985,TRUE,NA
"b",-9.25,-0.0536116818683341,3.11456902835999,3.89645585131262,4.25858202595319,10.7528742124328,TRUE,NA
"b",-9.24,-0.0536687833612881,3.11288020612261,3.89463451949582,4.25621811187712,10.7428803383075,TRUE,NA
"b",-9.23,-0.053726005726474,3.11119031456684,3.89281190514746,4.2538528706389,10.7328864836913,TRUE,NA
"b",-9.22,-0.0537833493453926,3.10949935143817,3.89098800555879,4.25148630001296,10.7228926486668,TRUE,NA
"b",-9.21,-0.0538408146011315,3.1078073144736,3.88916281801265,4.24911839776757,10.7128988333169,TRUE,NA
"b",-9.2,-0.0538984018783924,3.10611420140159,3.88733633978344,4.24674916166484,10.702905037725,TRUE,NA
"b",-9.19,-0.0539561115634864,3.10442000994208,3.88550856813709,4.24437858946065,10.6929112619751,TRUE,NA
"b",-9.18,-0.0540139440443439,3.10272473780634,3.88367950033106,4.24200667890467,10.6829175061512,TRUE,NA
"b",-9.17,-0.0540718997105283,3.10102838269701,3.88184913361429,4.23963342774031,10.6729237703383,TRUE,NA
"b",-9.16,-0.0541299789532386,3.09933094230801,3.88001746522719,4.23725883370471,10.6629300546215,TRUE,NA
"b",-9.15,-0.0541881821653225,3.0976324143245,3.8781844924016,4.2348828945287,10.6529363590864,TRUE,NA
"b",-9.14,-0.0542465097412808,3.09593279642284,3.87635021236078,4.2325056079368,10.6429426838191,TRUE,NA
"b",-9.13,-0.0543049620772804,3.09423208627053,3.87451462231938,4.23012697164715,10.6329490289062,TRUE,NA
"b",-9.12,-0.0543635395711631,3.09253028152617,3.8726777194834,4.22774698337155,10.6229553944347,TRUE,NA
"b",-9.11,-0.0544222426224483,3.0908273798394,3.8708395010502,4.22536564081539,10.6129617804921,TRUE,NA
"b",-9.1,-0.0544810716323475,3.08912337885087,3.86899996420844,4.22298294167763,10.6029681871662,TRUE,NA
"b",-9.09,-0.0545400270037704,3.08741827619216,3.86715910613806,4.2205988836508,10.5929746145456,TRUE,NA
"b",-9.08,-0.0545991091413387,3.08571206948576,3.86531692401028,4.21821346442092,10.582981062719,TRUE,NA
"b",-9.07,-0.0546583184513869,3.08400475634501,3.86347341498754,4.21582668166757,10.5729875317759,TRUE,NA
"b",-9.06,-0.0547176553419777,3.08229633437404,3.8616285762235,4.21343853306376,10.5629940218061,TRUE,NA
"b",-9.05,-0.0547771202229124,3.08058680116773,3.85978240486302,4.21104901627595,10.5530005328999,TRUE,NA
"b",-9.04,-0.0548367135057288,3.07887615431164,3.85793489804208,4.20865812896407,10.5430070651481,TRUE,NA
"b",-9.03,-0.0548964356037277,3.07716439138199,3.85608605288785,4.20626586878141,10.533013618642,TRUE,NA
"b",-9.02,-0.0549562869319682,3.07545150994558,3.85423586651857,4.20387223337465,10.5230201934733,TRUE,NA
"b",-9.01,-0.0550162679072827,3.07373750755973,3.85238433604357,4.20147722038381,10.5130267897344,TRUE,NA
"b",-9,-0.0550763789482855,3.07202238177228,3.85053145856325,4.19908082744225,10.5030334075181,TRUE,NA
"b",-8.99,-0.055136620475382,3.07030613012147,3.84867723116905,4.19668305217661,10.4930400469174,TRUE,NA
"b",-8.98,-0.0551969929107783,3.06858875013592,3.84682165094341,4.19428389220681,10.4830467080264,TRUE,NA
"b",-8.97,-0.055257496678494,3.06687023933458,3.84496471495974,4.19188334514601,10.4730533909392,TRUE,NA
"b",-8.96,-0.0553181322043657,3.06515059522666,3.84310642028242,4.18948140860059,10.4630600957506,TRUE,NA
"b",-8.95,-0.0553788999160604,3.06342981531158,3.84124676396677,4.18707808017013,10.4530668225559,TRUE,NA
"b",-8.94,-0.0554398002430846,3.06170789707892,3.83938574305901,4.18467335744735,10.443073571451,TRUE,NA
"b",-8.93,-0.0555008336167939,3.05998483800836,3.83752335459623,4.18226723801814,10.4330803425322,TRUE,NA
"b",-8.92,-0.0555620004704077,3.05826063556962,3.8356595956064,4.17985971946148,10.4230871358963,TRUE,NA
"b",-8.91,-0.0556233012390069,3.05653528722241,3.83379446310829,4.17745079934943,10.4130939516407,TRUE,NA
"b",-8.9,-0.0556847363595588,3.05480879041636,3.83192795411149,4.17504047524711,10.4031007898634,TRUE,NA
"b",-8.89,-0.0557463062709156,3.053081142591,3.83006006561638,4.17262874471269,10.3931076506629,TRUE,NA
"b",-8.88,-0.0558080114138321,3.05135234117564,3.82819079461407,4.17021560529732,10.383114534138,TRUE,NA
"b",-8.87,-0.0558698522309704,3.04962238358936,3.82632013808642,4.16780105454511,10.3731214403883,TRUE,NA
"b",-8.86,-0.0559318291669155,3.04789126724095,3.82444809300597,4.16538508999315,10.363128369514,TRUE,NA
"b",-8.85,-0.0559939426681789,3.04615898952881,3.82257465633595,4.16296770917143,10.3531353216155,TRUE,NA
"b",-8.84,-0.0560561931832166,3.04442554784095,3.82069982503023,4.16054890960283,10.3431422967942,TRUE,NA
"b",-8.83,-0.0561185811624365,3.04269093955488,3.81882359603333,4.15812868880308,10.3331492951517,TRUE,NA
"b",-8.82,-0.0561811070582042,3.04095516203755,3.81694596628033,4.15570704428076,10.3231563167903,TRUE,NA
"b",-8.81,-0.0562437713248598,3.03921821264535,3.81506693269691,4.15328397353726,10.3131633618128,TRUE,NA
"b",-8.8,-0.0563065744187286,3.03748008872396,3.8131864921993,4.15085947406673,10.3031704303228,TRUE,NA
"b",-8.79,-0.0563695167981276,3.03574078760837,3.81130464169423,4.14843354335607,10.2931775224241,TRUE,NA
"b",-8.78,-0.0564325989233788,3.03400030662275,3.80942137807895,4.14600617888489,10.2831846382212,TRUE,NA
"b",-8.77,-0.0564958212568213,3.03225864308044,3.80753669824116,4.14357737812552,10.2731917778195,TRUE,NA
"b",-8.76,-0.0565591842628185,3.03051579428385,3.80565059905901,4.14114713854291,10.2631989413245,TRUE,NA
"b",-8.75,-0.0566226884077737,3.02877175752442,3.80376307740107,4.13871545759466,10.2532061288425,TRUE,NA
"b",-8.74,-0.0566863341601365,3.02702653008254,3.80187413012631,4.13628233273098,10.2432133404805,TRUE,NA
"b",-8.73,-0.0567501219904198,3.0252801092275,3.79998375408405,4.13384776139463,10.2332205763459,TRUE,NA
"b",-8.72,-0.0568140523712063,3.0235324922174,3.79809194611396,4.13141174102092,10.2232278365468,TRUE,NA
"b",-8.71,-0.0568781257771584,3.02178367629912,3.79619870304602,4.12897426903768,10.2132351211919,TRUE,NA
"b",-8.7,-0.0569423426850373,3.02003365870822,3.79430402170051,4.12653534286521,10.2032424303905,TRUE,NA
"b",-8.69,-0.057006703573707,3.01828243666891,3.79240789888795,4.12409495991625,10.1932497642523,TRUE,NA
"b",-8.68,-0.0570712089241456,3.01653000739392,3.79051033140911,4.12165311759599,10.1832571228881,TRUE,NA
"b",-8.67,-0.0571358592194671,3.01477636808451,3.78861131605496,4.11920981330198,10.1732645064087,TRUE,NA
"b",-8.66,-0.0572006549449199,3.01302151593035,3.78671084960668,4.11676504442414,10.1632719149261,TRUE,NA
"b",-8.65,-0.057265596587905,3.01126544810946,3.78480892883558,4.11431880834473,10.1532793485526,TRUE,NA
"b",-8.64,-0.0573306846379899,3.00950816178817,3.7829055505031,4.11187110243828,10.1432868074011,TRUE,NA
"b",-8.63,-0.0573959195869177,3.007749654121,3.78100071136081,4.10942192407161,10.1332942915852,TRUE,NA
"b",-8.62,-0.0574613019286165,3.00598992225064,3.77909440815033,4.10697127060376,10.1233018012193,TRUE,NA
"b",-8.61,-0.0575268321592161,3.00422896330782,3.77718663760334,4.10451913938597,10.1133093364183,TRUE,NA
"b",-8.6,-0.0575925107770606,3.00246677441132,3.77527739644156,4.10206552776167,10.1033168972976,TRUE,NA
"b",-8.59,-0.0576583382827122,3.00070335266783,3.7733666813767,4.0996104330664,10.0933244839735,TRUE,NA
"b",-8.58,-0.0577243151789795,2.9989386951719,3.77145448911044,4.09715385262782,10.0833320965629,TRUE,NA
"b",-8.57,-0.0577904419709105,2.99717279900586,3.76954081633441,4.09469578376568,10.0733397351832,TRUE,NA
"b",-8.56,-0.0578567191658209,2.99540566123977,3.76762565973015,4.09223622379174,10.0633473999526,TRUE,NA
"b",-8.55,-0.0579231472732996,2.99363727893132,3.76570901596911,4.08977517000979,10.05335509099,TRUE,NA
"b",-8.54,-0.0579897268052185,2.99186764912577,3.7637908817126,4.0873126197156,10.0433628084149,TRUE,NA
"b",-8.53,-0.0580564582757568,2.99009676885586,3.76187125361176,4.08484857019686,10.0333705523475,TRUE,NA
"b",-8.52,-0.0581233422013986,2.98832463514177,3.75995012830755,4.08238301873321,10.0233783229087,TRUE,NA
"b",-8.51,-0.0581903791009573,2.98655124499098,3.75802750243072,4.07991596259611,10.0133861202199,TRUE,NA
"b",-8.5,-0.0582575694955848,2.98477659539826,3.75610337260179,4.07744739904893,10.0033939444035,TRUE,NA
"b",-8.49,-0.0583249139087804,2.98300068334555,3.75417773543098,4.0749773253468,9.99340179558247,TRUE,NA
"b",-8.48,-0.0583924128664146,2.98122350580191,3.75225058751824,4.07250573873664,9.98340967388036,TRUE,NA
"b",-8.47,-0.0584600668967315,2.97944505972339,3.75032192545321,4.07003263645711,9.97341757942157,TRUE,NA
"b",-8.46,-0.0585278765303661,2.97766534205304,3.74839174581514,4.0675580157386,9.96342551233115,TRUE,NA
"b",-8.45,-0.0585958423003588,2.97588434972073,3.74646004517295,4.06508187380315,9.95343347273489,TRUE,NA
"b",-8.44,-0.0586639647421713,2.97410207964314,3.74452682008512,4.06260420786445,9.94344146075927,TRUE,NA
"b",-8.43,-0.0587322443936952,2.97231852872366,3.74259206709974,4.06012501512778,9.93344947653152,TRUE,NA
"b",-8.42,-0.0588006817952635,2.97053369385229,3.7406557827544,4.05764429279,9.92345752017959,TRUE,NA
"b",-8.41,-0.0588692774896742,2.96874757190558,3.73871796357624,4.05516203803952,9.91346559183216,TRUE,NA
"b",-8.4,-0.0589380320221972,2.96696015974653,3.73677860608187,4.05267824805622,9.90347369161865,TRUE,NA
"b",-8.39,-0.0590069459405898,2.96517145422452,3.73483770677737,4.05019292001147,9.89348181966924,TRUE,NA
"b",-8.38,-0.0590760197951098,2.96338145217523,3.73289526215824,4.04770605106805,9.88348997611483,TRUE,NA
"b",-8.37,-0.0591452541385285,2.96159015042052,3.7309512687094,4.04521763838015,9.87349816108711,TRUE,NA
"b",-8.36,-0.0592146495261505,2.9597975457684,3.72900572290513,4.04272767909329,9.8635063747185,TRUE,NA
"b",-8.35,-0.0592842065158241,2.95800363501288,3.72705862120909,4.04023617034434,9.85351461714221,TRUE,NA
"b",-8.34,-0.0593539256679566,2.95620841493396,3.72510996007423,4.03774310926143,9.8435228884922,TRUE,NA
"b",-8.33,-0.059423807545525,2.95441188229745,3.72315973594282,4.03524849296397,9.83353118890321,TRUE,NA
"b",-8.32,-0.0594938527141009,2.95261403385498,3.72120794524638,4.03275231856254,9.82353951851077,TRUE,NA
"b",-8.31,-0.0595640617418511,2.95081486634381,3.71925458440567,4.03025458315892,9.81354787745119,TRUE,NA
"b",-8.3,-0.0596344351995645,2.94901437648684,3.71729964983066,4.02775528384602,9.80355626586157,TRUE,NA
"b",-8.29,-0.0597049736606628,2.94721256099244,3.71534313792051,4.02525441770785,9.79356468387982,TRUE,NA
"b",-8.28,-0.0597756777012112,2.9454094165544,3.71338504506353,4.02275198181948,9.78357313164464,TRUE,NA
"b",-8.27,-0.0598465478999438,2.94360493985183,3.71142536763716,4.02024797324701,9.77358160929554,TRUE,NA
"b",-8.26,-0.0599175848382688,2.94179912754907,3.70946410200791,4.01774238904752,9.76359011697285,TRUE,NA
"b",-8.25,-0.0599887891002893,2.93999197629559,3.70750124453139,4.01523522626904,9.75359865481772,TRUE,NA
"b",-8.24,-0.0600601612728149,2.93818348272588,3.70553679155224,4.01272648195051,9.74360722297212,TRUE,NA
"b",-8.23,-0.0601317019453826,2.93637364345942,3.7035707394041,4.01021615312174,9.73361582157885,TRUE,NA
"b",-8.22,-0.060203411710269,2.93456245510049,3.7016030844096,4.00770423680338,9.72362445078156,TRUE,NA
"b",-8.21,-0.060275291162507,2.93274991423815,3.69963382288031,4.00519073000685,9.71363311072472,TRUE,NA
"b",-8.2,-0.0603473408998981,2.93093601744612,3.69766295111676,4.00267562973436,9.70364180155369,TRUE,NA
"b",-8.19,-0.06041956152304,2.92912076128266,3.69569046540832,4.00015893297881,9.69365052341464,TRUE,NA
"b",-8.18,-0.0604919536353258,2.9273041422905,3.69371636203327,3.99764063672379,9.68365927645462,TRUE,NA
"b",-8.17,-0.0605645178429724,2.92548615699673,3.69174063725869,3.9951207379435,9.67366806082155,TRUE,NA
"b",-8.16,-0.0606372547550343,2.9236668019127,3.6897632873405,3.99259923360276,9.66367687666423,TRUE,NA
"b",-8.15,-0.0607101649834205,2.92184607353393,3.68778430852337,3.99007612065693,9.65368572413231,TRUE,NA
"b",-8.14,-0.0607832491429068,2.92002396833997,3.68580369704071,3.98755139605191,9.64369460337637,TRUE,NA
"b",-8.13,-0.0608565078511556,2.91820048279437,3.68382144911468,3.98502505672405,9.63370351454784,TRUE,NA
"b",-8.12,-0.0609299417287373,2.9163756133445,3.68183756095609,3.98249709960013,9.62371245779907,TRUE,NA
"b",-8.11,-0.0610035513991351,2.91454935642149,3.67985202876442,3.97996752159734,9.61372143328331,TRUE,NA
"b",-8.1,-0.0610773374887777,2.91272170844011,3.67786484872778,3.97743631962322,9.60373044115472,TRUE,NA
"b",-8.09,-0.0611513006270421,2.91089266579867,3.67587601702287,3.97490349057559,9.59373948156838,TRUE,NA
"b",-8.08,-0.0612254414462798,2.90906222487893,3.67388552981494,3.97236903134258,9.58374855468029,TRUE,NA
"b",-8.07,-0.0612997605818338,2.90723038204595,3.67189338325779,3.96983293880252,9.57375766064739,TRUE,NA
"b",-8.06,-0.0613742586720485,2.90539713364802,3.66989957349372,3.96729520982393,9.56376679962754,TRUE,NA
"b",-8.05,-0.0614489363582965,2.90356247601654,3.66790409665349,3.96475584126546,9.55377597177957,TRUE,NA
"b",-8.04,-0.0615237942849946,2.90172640546591,3.66590694885631,3.96221482997587,9.54378517726322,TRUE,NA
"b",-8.03,-0.0615988330996138,2.89988891829341,3.66390812620979,3.95967217279397,9.53379441623923,TRUE,NA
"b",-8.02,-0.0616740534527098,2.8980500107791,3.66190762480992,3.95712786654858,9.52380368886929,TRUE,NA
"b",-8.01,-0.0617494559979298,2.89620967918572,3.65990544074103,3.9545819080585,9.51381299531604,TRUE,NA
"b",-8,-0.0618250413920391,2.89436791975853,3.65790157007577,3.95203429413245,9.50382233574313,TRUE,NA
"b",-7.99,-0.061900810294932,2.89252472872525,3.65589600887506,3.94948502156901,9.49383171031517,TRUE,NA
"b",-7.98,-0.0619767633696605,2.89068010229593,3.65388875318807,3.94693408715663,9.48384111919778,TRUE,NA
"b",-7.97,-0.0620529012824398,2.8888340366628,3.65187979905219,3.94438148767353,9.47385056255757,TRUE,NA
"b",-7.96,-0.0621292247026816,2.8869865280002,3.64986914249299,3.94182721988768,9.46386004056215,TRUE,NA
"b",-7.95,-0.0622057343029984,2.88513757246443,3.64785677952419,3.93927128055675,9.45386955338017,TRUE,NA
"b",-7.94,-0.0622824307592361,2.88328716619365,3.64584270614762,3.9367136664281,9.44387910118128,TRUE,NA
"b",-7.93,-0.0623593147504846,2.88143530530775,3.6438269183532,3.93415437423865,9.43388868413615,TRUE,NA
"b",-7.92,-0.0624363869590976,2.87958198590824,3.6418094121189,3.93159340071493,9.42389830241651,TRUE,NA
"b",-7.91,-0.0625136480707183,2.87772720407811,3.63979018341069,3.92903074257296,9.41390795619511,TRUE,NA
"b",-7.9,-0.0625910987742882,2.87587095588173,3.63776922818255,3.92646639651827,9.40391764564577,TRUE,NA
"b",-7.89,-0.0626687397620818,2.87401323736471,3.63574654237638,3.92390035924577,9.39392737094337,TRUE,NA
"b",-7.88,-0.0627465717297088,2.87215404455378,3.63372212192201,3.9213326274398,9.38393713226383,TRUE,NA
"b",-7.87,-0.0628245953761541,2.87029337345666,3.63169596273713,3.91876319777401,9.37394692978418,TRUE,NA
"b",-7.86,-0.0629028114037785,2.86843122006196,3.6296680607273,3.91619206691133,9.3639567636825,TRUE,NA
"b",-7.85,-0.0629812205183503,2.86656758033902,3.62763841178586,3.91361923150395,9.35396663413798,TRUE,NA
"b",-7.84,-0.0630598234290663,2.86470245023779,3.62560701179394,3.91104468819325,9.34397654133091,TRUE,NA
"b",-7.83,-0.0631386208485655,2.86283582568871,3.62357385662041,3.90846843360973,9.33398648544266,TRUE,NA
"b",-7.82,-0.0632176134929576,2.86096770260257,3.62153894212183,3.90589046437302,9.32399646665574,TRUE,NA
"b",-7.81,-0.063296802081838,2.85909807687039,3.61950226414243,3.90331077709178,9.31400648515379,TRUE,NA
"b",-7.8,-0.0633761873383102,2.85722694436328,3.61746381851406,3.90072936836367,9.30401654112154,TRUE,NA
"b",-7.79,-0.0634557699890114,2.8553543009323,3.61542360105619,3.8981462347753,9.2940266347449,TRUE,NA
"b",-7.78,-0.0635355507641267,2.85348014240834,3.61338160757581,3.89556137290218,9.2840367662109,TRUE,NA
"b",-7.77,-0.0636155303974143,2.85160446460197,3.61133783386745,3.89297477930868,9.27404693570774,TRUE,NA
"b",-7.76,-0.0636957096262325,2.84972726330332,3.60929227571311,3.89038645054796,9.26405714342479,TRUE,NA
"b",-7.75,-0.0637760891915503,2.84784853428193,3.60724492888225,3.88779638316193,9.25406738955257,TRUE,NA
"b",-7.74,-0.0638566698379783,2.84596827328661,3.60519578913171,3.88520457368122,9.2440776742828,TRUE,NA
"b",-7.73,-0.063937452313785,2.84408647604531,3.60314485220571,3.88261101862508,9.23408799780838,TRUE,NA
"b",-7.72,-0.0640184373709287,2.84220313826496,3.60109211383581,3.88001571450139,9.22409836032342,TRUE,NA
"b",-7.71,-0.0640996257650668,2.84031825563137,3.59903756974083,3.87741865780655,9.21410876202322,TRUE,NA
"b",-7.7,-0.064181018255586,2.83843182380903,3.59698121562686,3.87481984502547,9.20411920310432,TRUE,NA
"b",-7.69,-0.0642626156056267,2.83654383844101,3.59492304718721,3.87221927263151,9.19412968376448,TRUE,NA
"b",-7.68,-0.0643444185821029,2.83465429514879,3.59286306010232,3.86961693708641,9.18414020420267,TRUE,NA
"b",-7.67,-0.064426427955725,2.83276318953214,3.5908012500398,3.86701283484025,9.17415076461913,TRUE,NA
"b",-7.66,-0.064508644501021,2.83087051716892,3.58873761265433,3.8644069623314,9.16416136521536,TRUE,NA
"b",-7.65,-0.0645910689963692,2.82897627361501,3.58667214358765,3.86179931598647,9.15417200619409,TRUE,NA
"b",-7.64,-0.0646737022240112,2.82708045440408,3.58460483846849,3.85918989222024,9.14418268775936,TRUE,NA
"b",-7.63,-0.064756544970084,2.8251830550475,3.58253569291256,3.85657868743562,9.13419341011646,TRUE,NA
"b",-7.62,-0.0648395980246349,2.82328407103414,3.58046470252248,3.85396569802358,9.12420417347199,TRUE,NA
"b",-7.61,-0.0649228621816529,2.82138349783026,3.57839186288777,3.85135092036314,9.11421497803386,TRUE,NA
"b",-7.6,-0.0650063382390946,2.81948133087933,3.57631716958477,3.84873435082126,9.10422582401126,TRUE,NA
"b",-7.59,-0.0650900269989018,2.81757756560187,3.57424061817662,3.84611598575281,9.09423671161472,TRUE,NA
"b",-7.58,-0.0651739292670313,2.81567219739531,3.57216220421322,3.84349582150051,9.0842476410561,TRUE,NA
"b",-7.57,-0.0652580458534751,2.81376522163382,3.57008192323118,3.84087385439489,9.07425861254861,TRUE,NA
"b",-7.56,-0.0653423775722934,2.81185663366815,3.56799977075375,3.83825008075421,9.0642696263068,TRUE,NA
"b",-7.55,-0.0654269252416317,2.80994642882548,3.56591574229081,3.83562449688443,9.05428068254657,TRUE,NA
"b",-7.54,-0.0655116896837523,2.80803460240926,3.56382983333883,3.83299709907912,9.04429178148522,TRUE,NA
"b",-7.53,-0.0655966717250526,2.80612114969902,3.5617420393808,3.83036788361944,9.0343029233414,TRUE,NA
"b",-7.52,-0.0656818721961012,2.80420606595023,3.55965235588617,3.82773684677406,9.02431410833518,TRUE,NA
"b",-7.51,-0.0657672919316564,2.80228934639414,3.55756077831085,3.82510398479909,9.01432533668802,TRUE,NA
"b",-7.5,-0.0658529317706922,2.80037098623758,3.55546730209714,3.82246929393807,9.0043366086228,TRUE,NA
"b",-7.49,-0.0659387925564287,2.79845098066283,3.55337192267367,3.81983277042186,8.9943479243638,TRUE,NA
"b",-7.48,-0.0660248751363593,2.79652932482743,3.55127463545536,3.81719441046861,8.98435928413677,TRUE,NA
"b",-7.47,-0.0661111803622711,2.79460601386402,3.54917543584339,3.81455421028369,8.97437068816889,TRUE,NA
"b",-7.46,-0.0661977090902791,2.79268104288013,3.54707431922513,3.81191216605964,8.9643821366888,TRUE,NA
"b",-7.45,-0.066284462180848,2.79075440695807,3.5449712809741,3.8092682739761,8.9543936299266,TRUE,NA
"b",-7.44,-0.066371440498823,2.7888261011547,3.54286631644991,3.80662253019976,8.94440516811389,TRUE,NA
"b",-7.43,-0.0664586449134573,2.7868961205013,3.54075942099823,3.80397493088429,8.93441675148373,TRUE,NA
"b",-7.42,-0.0665460762984393,2.78496446000335,3.53865058995072,3.8013254721703,8.92442838027072,TRUE,NA
"b",-7.41,-0.0666337355319172,2.78303111464037,3.536539818625,3.79867415018524,8.91444005471094,TRUE,NA
"b",-7.4,-0.066721623496534,2.78109607936575,3.53442710232456,3.79602096104337,8.90445177504201,TRUE,NA
"b",-7.39,-0.0668097410794513,2.77915934910655,3.53231243633875,3.79336590084569,8.8944635415031,TRUE,NA
"b",-7.38,-0.0668980891723774,2.77722091876332,3.53019581594271,3.7907089656799,8.88447535433491,TRUE,NA
"b",-7.37,-0.0669866686716006,2.77528078320994,3.52807723639732,3.78805015162028,8.87448721377972,TRUE,NA
"b",-7.36,-0.0670754804780139,2.77333893729339,3.52595669294912,3.78538945472769,8.86449912008135,TRUE,NA
"b",-7.35,-0.0671645254971487,2.77139537583361,3.52383418083032,3.78272687104947,8.85451107348526,TRUE,NA
"b",-7.34,-0.0672538046391999,2.76945009362329,3.52170969525866,3.78006239661938,8.84452307423845,TRUE,NA
"b",-7.33,-0.0673433188190546,2.76750308542766,3.51958323143744,3.77739602745756,8.83453512258956,TRUE,NA
"b",-7.32,-0.0674330689563301,2.76555434598434,3.51745478455538,3.77472775957043,8.82454721878887,TRUE,NA
"b",-7.31,-0.0675230559753976,2.7636038700031,3.51532434978665,3.77205758895064,8.81455936308826,TRUE,NA
"b",-7.3,-0.0676132808054137,2.76165165216573,3.51319192229074,3.76938551157704,8.80457155574127,TRUE,NA
"b",-7.29,-0.0677037443803497,2.75969768712577,3.51105749721243,3.76671152341455,8.79458379700312,TRUE,NA
"b",-7.28,-0.0677944476390292,2.75774196950838,3.50892106968176,3.76403562041414,8.78459608713068,TRUE,NA
"b",-7.27,-0.0678853915251515,2.75578449391008,3.50678263481391,3.76135779851276,8.77460842638252,TRUE,NA
"b",-7.26,-0.0679765769873252,2.7538252548986,3.5046421877092,3.75867805363323,8.76462081501891,TRUE,NA
"b",-7.25,-0.0680680049791027,2.75186424701266,3.502499723453,3.75599638168426,8.75463325330183,TRUE,NA
"b",-7.24,-0.0681596764590107,2.74990146476177,3.50035523711566,3.75331277856029,8.744645741495,TRUE,NA
"b",-7.23,-0.0682515923905783,2.747936902626,3.49820872375248,3.75062724014146,8.73465827986385,TRUE,NA
"b",-7.22,-0.068343753742378,2.74597055505583,3.49606017840362,3.74793976229357,8.7246708686756,TRUE,NA
"b",-7.21,-0.0684361614880484,2.74400241647188,3.49390959609404,3.74525034086797,8.71468350819922,TRUE,NA
"b",-7.2,-0.0685288166063367,2.74203248126474,3.49175697183346,3.74255897170151,8.70469619870546,TRUE,NA
"b",-7.19,-0.0686217200811228,2.74006074379476,3.48960230061627,3.73986565061646,8.69470894046689,TRUE,NA
"b",-7.18,-0.0687148729014588,2.73808719839181,3.48744557742148,3.73717037342044,8.68472173375786,TRUE,NA
"b",-7.17,-0.068808276061602,2.73611183935511,3.48528679721263,3.73447313590638,8.67473457885457,TRUE,NA
"b",-7.16,-0.0689019305610454,2.73413466095296,3.48312595493777,3.73177393385241,8.66474747603504,TRUE,NA
"b",-7.15,-0.0689958374045558,2.73215565742258,3.48096304552936,3.72907276302181,8.65476042557916,TRUE,NA
"b",-7.14,-0.0690899976022078,2.73017482296984,3.47879806390418,3.72636961916291,8.64477342776867,TRUE,NA
"b",-7.13,-0.0691844121694155,2.72819215176908,3.47663100496333,3.72366449800908,8.63478648288723,TRUE,NA
"b",-7.12,-0.0692790821269695,2.72620763796289,3.47446186359209,3.72095739527858,8.62479959122035,TRUE,NA
"b",-7.11,-0.0693740085010715,2.72422127566184,3.47229063465989,3.71824830667455,8.61481275305551,TRUE,NA
"b",-7.1,-0.0694691923233744,2.7222330589443,3.47011731302024,3.71553722788491,8.60482596868206,TRUE,NA
"b",-7.09,-0.0695646346310074,2.72024298185621,3.46794189351063,3.71282415458227,8.59483923839135,TRUE,NA
"b",-7.08,-0.0696603364666263,2.71825103841084,3.46576437095249,3.7101090824239,8.58485256247664,TRUE,NA
"b",-7.07,-0.0697562988784355,2.71625722258856,3.46358474015109,3.70739200705159,8.57486594123322,TRUE,NA
"b",-7.06,-0.0698525229202369,2.71426152833662,3.4614029958955,3.70467292409166,8.56487937495832,TRUE,NA
"b",-7.05,-0.0699490096514608,2.71226394956891,3.45921913295846,3.70195182915481,8.55489286395122,TRUE,NA
"b",-7.04,-0.0700457601371999,2.71026448016572,3.45703314609636,3.69922871783607,8.5449064085132,TRUE,NA
"b",-7.03,-0.0701427754482551,2.70826311397353,3.45484503004916,3.69650358571473,8.53492000894758,TRUE,NA
"b",-7.02,-0.0702400566611664,2.70625984480474,3.45265477954025,3.69377642835428,8.52493366555976,TRUE,NA
"b",-7.01,-0.0703376048582589,2.70425466643745,3.45046238927646,3.69104724130228,8.5149473786572,TRUE,NA
"b",-7,-0.0704354211276662,2.70224757261523,3.44826785394791,3.68831602009032,8.50496114854943,TRUE,NA
"b",-6.99,-0.0705335065633889,2.70023855704684,3.44607116822796,3.68558276023395,8.49497497554813,TRUE,NA
"b",-6.98,-0.0706318622653196,2.69822761340604,3.44387232677314,3.68284745723256,8.48498885996707,TRUE,NA
"b",-6.97,-0.070730489339286,2.6962147353313,3.44167132422306,3.68011010656935,8.47500280212217,TRUE,NA
"b",-6.96,-0.0708293888970909,2.69419991642555,3.43946815520029,3.6773707037112,8.46501680233153,TRUE,NA
"b",-6.95,-0.070928562056555,2.69218315025599,3.43726281431035,3.67462924410865,8.45503086091541,TRUE,NA
"b",-6.94,-0.0710280099415512,2.69016443035378,3.43505529614156,3.67188572319576,8.44504497819626,TRUE,NA
"b",-6.93,-0.0711277336820501,2.68814375021379,3.43284559526498,3.66914013639005,8.43505915449875,TRUE,NA
"b",-6.92,-0.0712277344141597,2.6861211032944,3.43063370623434,3.66639247909243,8.42507339014977,TRUE,NA
"b",-6.91,-0.0713280132801639,2.68409648301717,3.42841962358593,3.66364274668711,8.4150876854785,TRUE,NA
"b",-6.9,-0.0714285714285708,2.68206988276666,3.4262033418385,3.6608909345415,8.40510204081633,TRUE,NA
"b",-6.89,-0.0715294100141471,2.68004129589012,3.42398485549321,3.65813703800617,8.39511645649697,TRUE,NA
"b",-6.88,-0.0716305301979652,2.67801071569722,3.42176415903351,3.65538105241472,8.38513093285644,TRUE,NA
"b",-6.87,-0.0717319331474428,2.67597813545985,3.41954124692507,3.6526229730837,8.37514547023307,TRUE,NA
"b",-6.86,-0.0718336200363889,2.67394354841178,3.41731611361565,3.64986279531257,8.36516006896753,TRUE,NA
"b",-6.85,-0.0719355920450436,2.67190694774847,3.41508875353505,3.64710051438355,8.35517472940287,TRUE,NA
"b",-6.84,-0.0720378503601265,2.66986832662674,3.412859161095,3.6443361255616,8.34518945188451,TRUE,NA
"b",-6.83,-0.0721403961748766,2.66782767816453,3.41062733068905,3.64156962409426,8.33520423676027,TRUE,NA
"b",-6.82,-0.0722432306890967,2.66578499544063,3.4083932566925,3.63880100521163,8.3252190843804,TRUE,NA
"b",-6.81,-0.0723463551092008,2.66374027149441,3.40615693346228,3.63603026412626,8.31523399509759,TRUE,NA
"b",-6.8,-0.0724497706482578,2.66169349932552,3.40391835533686,3.63325739603302,8.30524896926698,TRUE,NA
"b",-6.79,-0.0725534785260366,2.65964467189366,3.40167751663615,3.63048239610909,8.29526400724623,TRUE,NA
"b",-6.78,-0.0726574799690532,2.65759378211826,3.3994344116614,3.6277052595138,8.28527910939545,TRUE,NA
"b",-6.77,-0.0727617762106119,2.65554082287823,3.3971890346951,3.62492598138857,8.27529427607732,TRUE,NA
"b",-6.76,-0.072866368490863,2.65348578701166,3.39494138000088,3.62214455685683,8.26530950765705,TRUE,NA
"b",-6.75,-0.0729712580568353,2.65142866731555,3.39269144182339,3.61936098102391,8.2553248045024,TRUE,NA
"b",-6.74,-0.0730764461624968,2.64936945654552,3.3904392143882,3.61657524897694,8.24534016698374,TRUE,NA
"b",-6.73,-0.0731819340687927,2.64730814741553,3.38818469190172,3.61378735578479,8.23535559547405,TRUE,NA
"b",-6.72,-0.0732877230436971,2.64524473259757,3.38592786855106,3.61099729649795,8.22537109034893,TRUE,NA
"b",-6.71,-0.0733938143622654,2.64317920472142,3.38366873850392,3.60820506614845,8.21538665198664,TRUE,NA
"b",-6.7,-0.0735002093066735,2.6411115563743,3.3814072959085,3.60541065974974,8.20540228076812,TRUE,NA
"b",-6.69,-0.0736069091662787,2.63904178010064,3.3791435348934,3.60261407229665,8.19541797707701,TRUE,NA
"b",-6.68,-0.0737139152376603,2.6369698684017,3.37687744956746,3.59981529876523,8.18543374129966,TRUE,NA
"b",-6.67,-0.0738212288246749,2.63489581373538,3.37460903401969,3.59701433411269,8.17544957382519,TRUE,NA
"b",-6.66,-0.0739288512385029,2.63281960851585,3.37233828231914,3.59421117327733,8.16546547504544,TRUE,NA
"b",-6.65,-0.0740367837977039,2.63074124511324,3.37006518851476,3.59140581117835,8.15548144535511,TRUE,NA
"b",-6.64,-0.0741450278282643,2.62866071585341,3.36778974663535,3.58859824271587,8.14549748515165,TRUE,NA
"b",-6.63,-0.0742535846636517,2.62657801301758,3.36551195068934,3.58578846277075,8.1355135948354,TRUE,NA
"b",-6.62,-0.0743624556448656,2.62449312884207,3.36323179466478,3.58297646620449,8.12552977480953,TRUE,NA
"b",-6.61,-0.0744716421204922,2.62240605551795,3.36094927252914,3.58016224785921,8.11554602548012,TRUE,NA
"b",-6.6,-0.0745811454467523,2.62031678519078,3.3586643782292,3.57734580255745,8.10556234725615,TRUE,NA
"b",-6.59,-0.0746909669875617,2.61822530996026,3.35637710569095,3.57452712510212,8.09557874054954,TRUE,NA
"b",-6.58,-0.0748011081145779,2.61613162187996,3.35408744881947,3.57170621027641,8.08559520577517,TRUE,NA
"b",-6.57,-0.0749115702072644,2.61403571295696,3.35179540149875,3.56888305284365,8.07561174335092,TRUE,NA
"b",-6.56,-0.0750223546529339,2.61193757515157,3.34950095759163,3.56605764754724,8.06562835369767,TRUE,NA
"b",-6.55,-0.0751334628468114,2.609837200377,3.34720411093961,3.56322998911052,8.05564503723935,TRUE,NA
"b",-6.54,-0.0752448961920894,2.60773458049907,3.34490485536276,3.56040007223668,8.04566179440296,TRUE,NA
"b",-6.53,-0.0753566560999802,2.60562970733582,3.34260318465957,3.55756789160867,8.03567862561857,TRUE,NA
"b",-6.52,-0.0754687439897775,2.60352257265728,3.34029909260682,3.55473344188904,8.02569553131939,TRUE,NA
"b",-6.51,-0.0755811612889095,2.60141316818507,3.33799257295945,3.55189671771991,8.01571251194178,TRUE,NA
"b",-6.5,-0.0756939094329996,2.59930148559214,3.33568361945041,3.5490577137228,8.00572956792525,TRUE,NA
"b",-6.49,-0.0758069898659217,2.59718751650239,3.33337222579052,3.54621642449854,7.99574669971253,TRUE,NA
"b",-6.48,-0.0759204040398644,2.59507125249038,3.33105838566835,3.54337284462718,7.98576390774958,TRUE,NA
"b",-6.47,-0.0760341534153808,2.59295268508097,3.32874209275007,3.54052696866787,7.97578119248559,TRUE,NA
"b",-6.46,-0.076148239461458,2.59083180574903,3.32642334067929,3.53767879115873,7.96579855437308,TRUE,NA
"b",-6.45,-0.0762626636555726,2.58870860591906,3.32410212307694,3.53482830661677,7.95581599386784,TRUE,NA
"b",-6.44,-0.0763774274837486,2.58658307696489,3.32177843354111,3.53197550953775,7.94583351142903,TRUE,NA
"b",-6.43,-0.0764925324406257,2.58445521020934,3.31945226564691,3.52912039439609,7.93585110751918,TRUE,NA
"b",-6.42,-0.0766079800295139,2.58232499692388,3.3171236129463,3.52626295564476,7.9258687826042,TRUE,NA
"b",-6.41,-0.076723771762463,2.58019242832828,3.31479246896798,3.52340318771513,7.91588653715346,TRUE,NA
"b",-6.4,-0.0768399091603156,2.57805749559028,3.31245882721719,3.5205410850169,7.90590437163977,TRUE,NA
"b",-6.39,-0.0769563937527811,2.57592018982525,3.31012268117559,3.51767664193795,7.89592228653943,TRUE,NA
"b",-6.38,-0.0770732270784934,2.57378050209586,3.30778402430109,3.51480985284426,7.88594028233229,TRUE,NA
"b",-6.37,-0.0771904106850751,2.57163842341169,3.30544285002769,3.51194071207975,7.87595835950173,TRUE,NA
"b",-6.36,-0.0773079461292059,2.56949394472896,3.30309915176535,3.50906921396619,7.86597651853472,TRUE,NA
"b",-6.35,-0.0774258349766824,2.56734705695009,3.30075292289977,3.50619535280309,7.85599475992184,TRUE,NA
"b",-6.34,-0.0775440788024943,2.56519775092342,3.29840415679229,3.50331912286753,7.84601308415733,TRUE,NA
"b",-6.33,-0.0776626791908777,2.56304601744285,3.29605284677968,3.50044051841413,7.83603149173911,TRUE,NA
"b",-6.32,-0.0777816377353947,2.56089184724746,3.293698986174,3.49755953367482,7.8260499831688,TRUE,NA
"b",-6.31,-0.0779009560389921,2.55873523102118,3.29134256826244,3.49467616285881,7.81606855895179,TRUE,NA
"b",-6.3,-0.0780206357140753,2.55657615939243,3.28898358630711,3.49179040015241,7.80608721959723,TRUE,NA
"b",-6.29,-0.0781406783825735,2.55441462293376,3.2866220335449,3.48890223971895,7.79610596561809,TRUE,NA
"b",-6.28,-0.0782610856760152,2.55225061216149,3.28425790318731,3.48601167569861,7.78612479753119,TRUE,NA
"b",-6.27,-0.0783818592355908,2.55008411753537,3.28189118842026,3.48311870220833,7.77614371585723,TRUE,NA
"b",-6.26,-0.0785030007122274,2.54791512945821,3.27952188240392,3.48022331334167,7.76616272112082,TRUE,NA
"b",-6.25,-0.0786245117666603,2.54574363827549,3.27714997827252,3.47732550316868,7.75618181385055,TRUE,NA
"b",-6.24,-0.0787463940695048,2.54356963427506,3.2747754691342,3.47442526573579,7.74620099457895,TRUE,NA
"b",-6.23,-0.0788686493013275,2.5413931076867,3.27239834807079,3.47152259506565,7.73622026384262,TRUE,NA
"b",-6.22,-0.078991279152723,2.53921404868183,3.27001860813765,3.46861748515705,7.72623962218218,TRUE,NA
"b",-6.21,-0.0791142853243828,2.53703244737308,3.26763624236347,3.46570992998472,7.71625907014239,TRUE,NA
"b",-6.2,-0.0792376695271731,2.53484829381397,3.2652512437501,3.46279992349927,7.7062786082721,TRUE,NA
"b",-6.19,-0.0793614334822099,2.53266157799851,3.26286360527233,3.45988745962701,7.69629823712435,TRUE,NA
"b",-6.18,-0.0794855789209359,2.53047228986084,3.26047331987773,3.45697253226984,7.6863179572564,TRUE,NA
"b",-6.17,-0.0796101075851932,2.52828041927487,3.25808038048643,3.4540551353051,7.67633776922973,TRUE,NA
"b",-6.16,-0.0797350212273046,2.52608595605389,3.25568477999095,3.45113526258545,7.66635767361012,TRUE,NA
"b",-6.15,-0.0798603216101472,2.5238888899502,3.25328651125598,3.44821290793874,7.65637767096768,TRUE,NA
"b",-6.14,-0.0799860105072368,2.52168921065475,3.25088556711818,3.44528806516784,7.64639776187686,TRUE,NA
"b",-6.13,-0.0801120897028027,2.51948690779674,3.248481940386,3.44236072805054,7.63641794691655,TRUE,NA
"b",-6.12,-0.0802385609918705,2.51728197094328,3.24607562383944,3.43943089033938,7.62643822667005,TRUE,NA
"b",-6.11,-0.0803654261803388,2.51507438959896,3.24366661022987,3.43649854576154,7.61645860172515,TRUE,NA
"b",-6.1,-0.0804926870850637,2.51286415320552,3.24125489227984,3.43356368801868,7.60647907267417,TRUE,NA
"b",-6.09,-0.0806203455339413,2.51065125114143,3.23884046268279,3.4306263107868,7.59649964011401,TRUE,NA
"b",-6.08,-0.0807484033659896,2.50843567272156,3.23642331410296,3.4276864077161,7.58652030464616,TRUE,NA
"b",-6.07,-0.0808768624314329,2.50621740719675,3.23400343917504,3.42474397243085,7.57654106687675,TRUE,NA
"b",-6.06,-0.0810057245917815,2.50399644375343,3.23158083050405,3.42179899852921,7.56656192741664,TRUE,NA
"b",-6.05,-0.0811349917199277,2.50177277151327,3.2291554806651,3.41885147958313,7.55658288688139,TRUE,NA
"b",-6.04,-0.0812646657002178,2.49954637953279,3.22672738220314,3.41590140913817,7.54660394589137,TRUE,NA
"b",-6.03,-0.0813947484285489,2.49731725680292,3.22429652763275,3.41294878071336,7.53662510507175,TRUE,NA
"b",-6.02,-0.0815252418124543,2.4950853922487,3.22186290943793,3.40999358780106,7.52664636505258,TRUE,NA
"b",-6.01,-0.0816561477711865,2.49285077472881,3.21942652007184,3.40703582386679,7.51666772646883,TRUE,NA
"b",-6,-0.0817874682358143,2.49061339303524,3.21698735195661,3.40407548234912,7.50668918996042,TRUE,NA
"b",-5.99,-0.0819192051493063,2.48837323589288,3.21454539748307,3.40111255665946,7.49671075617229,TRUE,NA
"b",-5.98,-0.0820513604666246,2.48613029195914,3.21210064901052,3.39814704018197,7.48673242575442,TRUE,NA
"b",-5.97,-0.0821839361548129,2.48388454982353,3.20965309886652,3.39517892627335,7.4767541993619,TRUE,NA
"b",-5.96,-0.0823169341930947,2.48163599800731,3.20720273934661,3.39220820826273,7.46677607765495,TRUE,NA
"b",-5.95,-0.0824503565729601,2.47938462496308,3.2047495627141,3.38923487945146,7.45679806129901,TRUE,NA
"b",-5.94,-0.0825842052982629,2.47713041907438,3.20229356119981,3.38625893311303,7.44682015096475,TRUE,NA
"b",-5.93,-0.0827184823853177,2.47487336865531,3.19983472700182,3.38328036249282,7.43684234732813,TRUE,NA
"b",-5.92,-0.0828531898629887,2.47261346195013,3.19737305228522,3.38029916080804,7.42686465107047,TRUE,NA
"b",-5.91,-0.082988329772792,2.47035068713288,3.19490852918186,3.37731532124747,7.41688706287848,TRUE,NA
"b",-5.9,-0.0831239041689936,2.46808503230697,3.19244114979011,3.37432883697136,7.4069095834443,TRUE,NA
"b",-5.89,-0.0832599151186993,2.46581648550479,3.18997090617457,3.37133970111128,7.39693221346557,TRUE,NA
"b",-5.88,-0.0833963647019685,2.46354503468732,3.18749779036584,3.36834790676988,7.3869549536455,TRUE,NA
"b",-5.87,-0.0835332550118984,2.46127066774371,3.18502179436023,3.3653534470208,7.37697780469288,TRUE,NA
"b",-5.86,-0.083670588154736,2.45899337249095,3.18254291011951,3.36235631490847,7.36700076732216,TRUE,NA
"b",-5.85,-0.0838083662499742,2.45671313667337,3.18006112957066,3.35935650344796,7.35702384225349,TRUE,NA
"b",-5.84,-0.0839465914304597,2.45442994796236,3.17757644460555,3.35635400562477,7.34704703021279,TRUE,NA
"b",-5.83,-0.0840852658424923,2.45214379395588,3.17508884708071,3.35334881439472,7.3370703319318,TRUE,NA
"b",-5.82,-0.0842243916459316,2.44985466217811,3.17259832881705,3.35034092268372,7.32709374814813,TRUE,NA
"b",-5.81,-0.0843639710143009,2.44756254007904,3.17010488159954,3.34733032338764,7.3171172796053,TRUE,NA
"b",-5.8,-0.0845040061348989,2.44526741503409,3.16760849717699,3.34431700937211,7.30714092705285,TRUE,NA
"b",-5.79,-0.0846444992089022,2.44296927434366,3.16510916726172,3.34130097347236,7.29716469124632,TRUE,NA
"b",-5.78,-0.0847854524514747,2.44066810523281,3.16260688352926,3.33828220849305,7.2871885729474,TRUE,NA
"b",-5.77,-0.0849268680918809,2.4383638948508,3.16010163761813,3.33526070720805,7.2772125729239,TRUE,NA
"b",-5.76,-0.0850687483735937,2.43605663027072,3.15759342112948,3.33223646236032,7.26723669194985,TRUE,NA
"b",-5.75,-0.085211095554404,2.43374629848908,3.15508222562681,3.32920946666169,7.25726093080558,TRUE,NA
"b",-5.74,-0.0853539119065399,2.43143288642543,3.15256804263568,3.32617971279267,7.24728529027775,TRUE,NA
"b",-5.73,-0.0854971997167747,2.42911638092194,3.15005086364342,3.32314719340232,7.23730977115941,TRUE,NA
"b",-5.72,-0.0856409612865447,2.42679676874302,3.1475306800988,3.320111901108,7.22733437425008,TRUE,NA
"b",-5.71,-0.0857851989320634,2.42447403657492,3.14500748341172,3.31707382849523,7.21735910035581,TRUE,NA
"b",-5.7,-0.0859299149844428,2.4221481710253,3.14248126495293,3.31403296811748,7.20738395028923,TRUE,NA
"b",-5.69,-0.0860751117898042,2.4198191586229,3.13995201605369,3.31098931249601,7.19740892486963,TRUE,NA
"b",-5.68,-0.0862207917094054,2.41748698581707,3.13741972800546,3.30794285411963,7.187434024923,TRUE,NA
"b",-5.67,-0.0863669571197559,2.41515163897743,3.13488439205958,3.30489358544455,7.17745925128213,TRUE,NA
"b",-5.66,-0.0865136104127402,2.41281310439344,3.13234599942696,3.30184149889417,7.16748460478665,TRUE,NA
"b",-5.65,-0.0866607539957402,2.410471368274,3.12980454127772,3.2987865868589,7.15751008628311,TRUE,NA
"b",-5.64,-0.0868083902917589,2.4081264167471,3.12726000874089,3.29572884169595,7.14753569662505,TRUE,NA
"b",-5.63,-0.0869565217395486,2.40577823585936,3.12471239290408,3.29266825572912,7.13756143667304,TRUE,NA
"b",-5.62,-0.0871051507937314,2.40342681157569,3.12216168481311,3.28960482124865,7.1275873072948,TRUE,NA
"b",-5.61,-0.0872542799249294,2.40107212977885,3.11960787547171,3.28653853051097,7.11761330936522,TRUE,NA
"b",-5.6,-0.0874039116198967,2.39871417626908,3.11705095584116,3.2834693757385,7.10763944376646,TRUE,NA
"b",-5.59,-0.0875540483816424,2.39635293676373,3.11449091683994,3.2803973491195,7.09766571138802,TRUE,NA
"b",-5.58,-0.0877046927295676,2.3939883968968,3.11192774934339,3.27732244280779,7.08769211312679,TRUE,NA
"b",-5.57,-0.0878558471995951,2.39162054221862,3.10936144418335,3.27424464892262,7.07771864988716,TRUE,NA
"b",-5.56,-0.0880075143443031,2.38924935819539,3.10679199214779,3.27116395954839,7.06774532258106,TRUE,NA
"b",-5.55,-0.0881596967330613,2.38687483020886,3.10421938398051,3.26808036673448,7.05777213212806,TRUE,NA
"b",-5.54,-0.0883123969521657,2.38449694355588,3.1016436103807,3.26499386249507,7.04779907945544,TRUE,NA
"b",-5.53,-0.0884656176049764,2.38211568344802,3.09906466200261,3.26190443880883,7.03782616549823,TRUE,NA
"b",-5.52,-0.0886193613120573,2.37973103501121,3.09648252945519,3.25881208761883,7.02785339119936,TRUE,NA
"b",-5.51,-0.0887736307113148,2.37734298328532,3.0938972033017,3.2557168008322,7.01788075750967,TRUE,NA
"b",-5.5,-0.0889284284581436,2.3749515132238,3.09130867405935,3.25261857032003,7.00790826538804,TRUE,NA
"b",-5.49,-0.0890837572255616,2.37255660969325,3.08871693219887,3.24951738791704,6.99793591580142,TRUE,NA
"b",-5.48,-0.0892396197043607,2.37015825747307,3.0861219681442,3.24641324542146,6.98796370972498,TRUE,NA
"b",-5.47,-0.0893960186032501,2.36775644125506,3.08352377227205,3.24330613459473,6.97799164814211,TRUE,NA
"b",-5.46,-0.0895529566490065,2.36535114564307,3.08092233491163,3.24019604716105,6.96801973204458,TRUE,NA
"b",-5.45,-0.0897104365866157,2.3629423551525,3.07831764634382,3.23708297480821,6.95804796243256,TRUE,NA
"b",-5.44,-0.0898684611794308,2.36053005421008,3.07570969680142,3.23396690918576,6.94807634031476,TRUE,NA
"b",-5.43,-0.0900270332093153,2.35811422715337,3.07309847646832,3.23084784190586,6.93810486670847,TRUE,NA
"b",-5.42,-0.0901861554768051,2.35569485823042,3.0704839754792,3.22772576454274,6.92813354263969,TRUE,NA
"b",-5.41,-0.0903458308012553,2.35327193159939,3.06786618391911,3.22460066863254,6.91816236914317,TRUE,NA
"b",-5.4,-0.0905060620209984,2.35084543132816,3.06524509182304,3.22147254567301,6.90819134726255,TRUE,NA
"b",-5.39,-0.0906668519935044,2.34841534139395,3.06262068917556,3.21834138712329,6.89822047805041,TRUE,NA
"b",-5.38,-0.0908282035955359,2.34598164568296,3.05999296591034,3.21520718440371,6.88824976256839,TRUE,NA
"b",-5.37,-0.0909901197233105,2.34354432798996,3.05736191190972,3.21206992889547,6.87827920188726,TRUE,NA
"b",-5.36,-0.0911526032926651,2.34110337201795,3.05472751700433,3.20892961194049,6.86830879708703,TRUE,NA
"b",-5.35,-0.091315657239213,2.33865876137779,3.05208977097262,3.2057862248411,6.85833854925703,TRUE,NA
"b",-5.34,-0.0914792845185188,2.33621047958776,3.0494486635404,3.20263975885981,6.84836845949602,TRUE,NA
"b",-5.33,-0.0916434881062543,2.33375851007327,3.04680418438046,3.19949020521909,6.83839852891228,TRUE,NA
"b",-5.32,-0.0918082709983794,2.33130283616645,3.04415632311203,3.19633755510107,6.82842875862371,TRUE,NA
"b",-5.31,-0.0919736362113003,2.32884344110577,3.04150506930044,3.19318179964734,6.81845914975793,TRUE,NA
"b",-5.3,-0.0921395867820503,2.3263803080357,3.03885041245656,3.19002292995865,6.80848970345237,TRUE,NA
"b",-5.29,-0.0923061257684597,2.3239134200063,3.0361923420364,3.18686093709469,6.79852042085438,TRUE,NA
"b",-5.28,-0.0924732562493322,2.32144275997292,3.03353084744063,3.18369581207381,6.78855130312135,TRUE,NA
"b",-5.27,-0.0926409813246215,2.31896831079574,3.0308659180141,3.18052754587277,6.77858235142079,TRUE,NA
"b",-5.26,-0.0928093041156087,2.31649005523952,3.02819754304537,3.17735612942649,6.76861356693042,TRUE,NA
"b",-5.25,-0.0929782277650901,2.31400797597312,3.02552571176625,3.17418155362774,6.75864495083834,TRUE,NA
"b",-5.24,-0.0931477554375487,2.31152205556924,3.0228504133513,3.17100380932693,6.74867650434305,TRUE,NA
"b",-5.23,-0.0933178903193465,2.30903227650398,3.02017163691732,3.16782288733181,6.73870822865365,TRUE,NA
"b",-5.22,-0.0934886356189118,2.30653862115653,3.0174893715229,3.16463877840722,6.72874012498988,TRUE,NA
"b",-5.21,-0.093659994566921,2.30404107180879,3.0148036061679,3.16145147327477,6.71877219458228,TRUE,NA
"b",-5.2,-0.0938319704164917,2.30153961064501,3.01211432979295,3.15826096261263,6.70880443867224,TRUE,NA
"b",-5.19,-0.0940045664433765,2.29903421975147,3.00942153127894,3.15506723705522,6.69883685851221,TRUE,NA
"b",-5.18,-0.0941777859461549,2.29652488111605,3.00672519944651,3.15187028719292,6.68886945536572,TRUE,NA
"b",-5.17,-0.094351632246429,2.29401157662797,3.00402532305555,3.1486701035718,6.67890223050756,TRUE,NA
"b",-5.16,-0.0945261086890214,2.29149428807736,3.00132189080465,3.14546667669335,6.66893518522389,TRUE,NA
"b",-5.15,-0.094701218642178,2.28897299715494,2.99861489133058,3.14225999701418,6.65896832081231,TRUE,NA
"b",-5.14,-0.0948769654977642,2.28644768545169,2.99590431320778,3.13905005494574,6.64900163858206,TRUE,NA
"b",-5.13,-0.0950533526714736,2.28391833445845,2.9931901449478,3.13583684085399,6.63903513985409,TRUE,NA
"b",-5.12,-0.095230383603032,2.28138492556563,2.99047237499877,3.13262034505918,6.62906882596118,TRUE,NA
"b",-5.11,-0.0954080617564076,2.27884744006281,2.98775099174485,3.1294005578355,6.61910269824811,TRUE,NA
"b",-5.1,-0.0955863906200169,2.27630585913843,2.98502598350567,3.12617746941079,6.60913675807176,TRUE,NA
"b",-5.09,-0.0957653737069426,2.27376016387943,2.98229733853578,3.12295106996625,6.59917100680123,TRUE,NA
"b",-5.08,-0.0959450145551448,2.27121033527092,2.97956504502409,3.11972134963614,6.58920544581799,TRUE,NA
"b",-5.07,-0.0961253167276761,2.26865635419582,2.9768290910933,3.11648829850747,6.579240076516,TRUE,NA
"b",-5.06,-0.0963062838129081,2.26609820143452,2.97408946479932,3.11325190661967,6.56927490030185,TRUE,NA
"b",-5.05,-0.0964879194247433,2.26353585766455,2.9713461541307,3.11001216396433,6.55930991859491,TRUE,NA
"b",-5.04,-0.0966702272028449,2.26096930346025,2.96859914700803,3.10676906048485,6.54934513282745,TRUE,NA
"b",-5.03,-0.0968532108128599,2.25839851929239,2.96584843128336,3.10352258607612,6.53938054444476,TRUE,NA
"b",-5.02,-0.0970368739466523,2.25582348552789,2.96309399473962,3.10027273058423,6.52941615490534,TRUE,NA
"b",-5.01,-0.0972212203225229,2.25324418242942,2.96033582508998,3.09701948380613,6.519451965681,TRUE,NA
"b",-5,-0.0974062536854571,2.25066059015512,2.95757390997727,3.09376283548932,6.50948797825704,TRUE,NA
"b",-4.99,-0.0975919778073473,2.24807268875823,2.95480823697338,3.0905027753315,6.49952419413235,TRUE,NA
"b",-4.98,-0.0977783964872379,2.24548045818678,2.9520387935786,3.08723929298027,6.48956061481962,TRUE,NA
"b",-4.97,-0.0979655135515641,2.24288387828323,2.94926556722102,3.08397237803278,6.47959724184542,TRUE,NA
"b",-4.96,-0.0981533328543935,2.24028292878416,2.9464885452559,3.08070202003542,6.46963407675042,TRUE,NA
"b",-4.95,-0.0983418582776756,2.23767758931991,2.94370771496502,3.07742820848344,6.45967112108951,TRUE,NA
"b",-4.94,-0.0985310937314837,2.23506783941429,2.94092306355605,3.07415093282066,6.44970837643192,TRUE,NA
"b",-4.93,-0.0987210431542711,2.2324536584842,2.93813457816189,3.07087018243909,6.43974584436147,TRUE,NA
"b",-4.92,-0.0989117105131224,2.22983502583936,2.93534224584004,3.0675859466786,6.42978352647663,TRUE,NA
"b",-4.91,-0.0991030998040074,2.22721192068189,2.93254605357188,3.06429821482658,6.41982142439076,TRUE,NA
"b",-4.9,-0.0992952150520446,2.22458432210608,2.92974598826207,3.06100697611758,6.40985953973223,TRUE,NA
"b",-4.89,-0.0994880603117574,2.221952209098,2.92694203673783,3.05771221973295,6.3998978741446,TRUE,NA
"b",-4.88,-0.0996816396673417,2.21931556053518,2.92413418574828,3.0544139348005,6.38993642928677,TRUE,NA
"b",-4.87,-0.0998759572329316,2.21667435518629,2.92132242196373,3.0511121103941,6.37997520683319,TRUE,NA
"b",-4.86,-0.100071017152873,2.21402857171079,2.91850673197501,3.04780673553338,6.37001420847401,TRUE,NA
"b",-4.85,-0.100266823601986,2.21137818865865,2.91568710229275,3.04449779918333,6.36005343591523,TRUE,NA
"b",-4.84,-0.100463380785856,2.20872318446997,2.91286351934671,3.04118529025391,6.35009289087892,TRUE,NA
"b",-4.83,-0.100660692941098,2.20606353747466,2.91003596948499,3.0378691975997,6.34013257510338,TRUE,NA
"b",-4.82,-0.100858764335645,2.20339922589213,2.90720443897339,3.03454951001955,6.33017249034331,TRUE,NA
"b",-4.81,-0.101057599269035,2.20073022783097,2.90436891399462,3.03122621625615,6.32021263837002,TRUE,NA
"b",-4.8,-0.101257202072695,2.19805652128856,2.90152938064761,3.02789930499569,6.31025302097159,TRUE,NA
"b",-4.79,-0.101457577110227,2.19537808415083,2.89868582494674,3.02456876486745,6.30029363995308,TRUE,NA
"b",-4.78,-0.101658728777716,2.19269489419183,2.89583823282109,3.02123458444341,6.2903344971367,TRUE,NA
"b",-4.77,-0.101860661504011,2.1900069290735,2.89298659011369,3.0178967522379,6.28037559436203,TRUE,NA
"b",-4.76,-0.102063379751038,2.18731416634526,2.89013088258077,3.01455525670714,6.2704169334862,TRUE,NA
"b",-4.75,-0.102266888014094,2.1846165834437,2.88727109589094,3.01121008624889,6.26045851638409,TRUE,NA
"b",-4.74,-0.102471190822163,2.18191415769226,2.88440721562449,3.00786122920203,6.25050034494851,TRUE,NA
"b",-4.73,-0.10267629273822,2.17920686630091,2.88153922727251,3.00450867384616,6.24054242109047,TRUE,NA
"b",-4.72,-0.102882198359546,2.17649468636577,2.87866711623617,3.0011524084012,6.23058474673929,TRUE,NA
"b",-4.71,-0.103088912318046,2.17377759486879,2.87579086782588,2.99779242102694,6.22062732384292,TRUE,NA
"b",-4.7,-0.103296439280569,2.17105556867745,2.87291046726049,2.99442869982267,6.21067015436804,TRUE,NA
"b",-4.69,-0.103504783949232,2.16832858454436,2.87002589966647,2.99106123282675,6.20071324030038,TRUE,NA
"b",-4.68,-0.103713951061747,2.16559661910696,2.86713715007708,2.98769000801615,6.19075658364484,TRUE,NA
"b",-4.67,-0.103923945391758,2.16285964888719,2.86424420343155,2.98431501330607,6.18080018642579,TRUE,NA
"b",-4.66,-0.104134771749167,2.16011765029108,2.86134704457422,2.98093623654949,6.17084405068725,TRUE,NA
"b",-4.65,-0.104346434980476,2.1573705996085,2.85844565825372,2.97755366553674,6.16088817849313,TRUE,NA
"b",-4.64,-0.104558939969135,2.15461847301273,2.85554002912205,2.97416728799504,6.15093257192747,TRUE,NA
"b",-4.63,-0.104772291635879,2.15186124656015,2.85263014173378,2.9707770915881,6.14097723309463,TRUE,NA
"b",-4.62,-0.104986494939086,2.14909889618989,2.84971598054516,2.96738306391563,6.13102216411959,TRUE,NA
"b",-4.61,-0.105201554875126,2.14633139772347,2.84679752991318,2.96398519251293,6.12106736714814,TRUE,NA
"b",-4.6,-0.105417476478721,2.14355872686442,2.84387477409477,2.96058346485039,6.11111284434714,TRUE,NA
"b",-4.59,-0.105634264823309,2.14078085919797,2.84094769724581,2.95717786833309,6.10115859790476,TRUE,NA
"b",-4.58,-0.105851925021405,2.13799777019066,2.83801628342028,2.95376839030029,6.09120463003074,TRUE,NA
"b",-4.57,-0.106070462224976,2.13520943518996,2.83508051656932,2.95035501802498,6.08125094295662,TRUE,NA
"b",-4.56,-0.106289881625813,2.13241582942394,2.83214038054029,2.94693773871342,6.07129753893603,TRUE,NA
"b",-4.55,-0.106510188455909,2.12961692800088,2.82919585907585,2.94351653950465,6.06134442024491,TRUE,NA
"b",-4.54,-0.106731387987847,2.1268127059089,2.82624693581302,2.94009140747004,6.05139158918181,TRUE,NA
"b",-4.53,-0.106953485535179,2.12400313801557,2.8232935942822,2.93666232961275,6.04143904806812,TRUE,NA
"b",-4.52,-0.107176486452825,2.12118819906756,2.82033581790622,2.93322929286732,6.03148679924837,TRUE,NA
"b",-4.51,-0.107400396137464,2.11836786369022,2.81737358999936,2.9297922840991,6.02153484509048,TRUE,NA
"b",-4.5,-0.107625220027943,2.11554210638723,2.81440689376639,2.92635129010382,6.01158318798606,TRUE,NA
"b",-4.49,-0.107850963605668,2.11271090154017,2.81143571230152,2.92290629760705,6.00163183035067,TRUE,NA
"b",-4.48,-0.10807763239503,2.10987422340817,2.80846002858747,2.91945729326372,5.99168077462412,TRUE,NA
"b",-4.47,-0.108305231963809,2.10703204612746,2.8054798254944,2.91600426365759,5.98173002327073,TRUE,NA
"b",-4.46,-0.108533767923597,2.104184343711,2.8024950857789,2.91254719530074,5.97177957877969,TRUE,NA
"b",-4.45,-0.108763245930225,2.10133109004806,2.79950579208297,2.90908607463307,5.96182944366528,TRUE,NA
"b",-4.44,-0.108993671684186,2.0984722589038,2.79651192693297,2.90562088802176,5.9518796204672,TRUE,NA
"b",-4.43,-0.109225050931077,2.09560782391888,2.79351347273856,2.90215162176074,5.9419301117509,TRUE,NA
"b",-4.42,-0.109457389462035,2.092737758609,2.79051041179165,2.89867826207016,5.93198092010784,TRUE,NA
"b",-4.41,-0.109690693114179,2.08986203636447,2.7875027262653,2.89520079509588,5.92203204815587,TRUE,NA
"b",-4.4,-0.109924967771066,2.08698063044981,2.78449039821267,2.89171920690888,5.91208349853947,TRUE,NA
"b",-4.39,-0.11016021936314,2.0840935140033,2.78147340956588,2.88823348350474,5.90213527393013,TRUE,NA
"b",-4.38,-0.110396453868199,2.0812006600365,2.77845174213494,2.88474361080311,5.89218737702667,TRUE,NA
"b",-4.37,-0.110633677311855,2.07830204143384,2.77542537760662,2.88124957464709,5.88223981055554,TRUE,NA
"b",-4.36,-0.110871895768011,2.07539763095213,2.77239429754332,2.87775136080272,5.87229257727119,TRUE,NA
"b",-4.35,-0.111111115359336,2.07248740122013,2.76935848338192,2.87424895495842,5.8623456799564,TRUE,NA
"b",-4.34,-0.111351342257749,2.06957132473804,2.76631791643265,2.87074234272436,5.8523991214226,TRUE,NA
"b",-4.33,-0.111592582684906,2.06664937387706,2.7632725778779,2.86723150963194,5.84245290451029,TRUE,NA
"b",-4.32,-0.111834842912699,2.06372152087885,2.76022244877106,2.86371644113317,5.83250703208931,TRUE,NA
"b",-4.31,-0.112078129263753,2.06078773785511,2.75716751003535,2.86019712260011,5.82256150705926,TRUE,NA
"b",-4.3,-0.112322448111934,2.05784799678704,2.7541077424626,2.85667353932425,5.81261633234986,TRUE,NA
"b",-4.29,-0.112567805882868,2.05490226952482,2.75104312671203,2.85314567651592,5.80267151092128,TRUE,NA
"b",-4.28,-0.11281420905445,2.05195052778712,2.74797364330906,2.8496135193037,5.79272704576458,TRUE,NA
"b",-4.27,-0.113061664157381,2.04899274316058,2.74489927264404,2.84607705273378,5.78278293990204,TRUE,NA
"b",-4.26,-0.113310177775692,2.04602888709926,2.74181999497105,2.84253626176937,5.77283919638756,TRUE,NA
"b",-4.25,-0.113559756547293,2.04305893092411,2.73873579040659,2.83899113129005,5.76289581830708,TRUE,NA
"b",-4.24,-0.113810407164507,2.04008284582243,2.73564663892833,2.83544164609119,5.75295280877895,TRUE,NA
"b",-4.23,-0.114062136374635,2.03710060284731,2.73255252037385,2.83188779088324,5.74301017095435,TRUE,NA
"b",-4.22,-0.114314950980507,2.03411217291705,2.72945341443929,2.82832955029119,5.73306790801767,TRUE,NA
"b",-4.21,-0.114568857841055,2.03111752681461,2.72634930067809,2.82476690885382,5.723126023187,TRUE,NA
"b",-4.2,-0.114823863871885,2.02811663518701,2.72324015849964,2.82119985102313,5.71318451971447,TRUE,NA
"b",-4.19,-0.115079976045858,2.02510946854472,2.72012596716795,2.81762836116363,5.70324340088671,TRUE,NA
"b",-4.18,-0.115337201393682,2.02209599726112,2.7170067058003,2.81405242355171,5.69330267002533,TRUE,NA
"b",-4.17,-0.115595547004508,2.01907619157182,2.71388235336587,2.81047202237494,5.68336233048727,TRUE,NA
"b",-4.16,-0.115855020026532,2.01605002157404,2.71075288868439,2.80688714173142,5.67342238566535,TRUE,NA
"b",-4.15,-0.116115627667615,2.01301745722605,2.70761829042469,2.80329776562909,5.66348283898864,TRUE,NA
"b",-4.14,-0.116377377195893,2.00997846834642,2.70447853710337,2.79970387798501,5.65354369392299,TRUE,NA
"b",-4.13,-0.116640275940418,2.00693302461346,2.70133360708333,2.79610546262471,5.64360495397146,TRUE,NA
"b",-4.12,-0.116904331291786,2.00388109556447,2.69818347857235,2.79250250328148,5.63366662267478,TRUE,NA
"b",-4.11,-0.117169550702792,2.00082265059515,2.69502812962164,2.7888949835956,5.62372870361189,TRUE,NA
"b",-4.1,-0.117435941689076,1.99775765895883,2.69186753812438,2.78528288711373,5.6137912004004,TRUE,NA
"b",-4.09,-0.117703511829793,1.99468608976582,2.68870168181427,2.78166619728808,5.60385411669707,TRUE,NA
"b",-4.08,-0.117972268768286,1.99160791198267,2.68553053826396,2.77804489747574,5.59391745619834,TRUE,NA
"b",-4.07,-0.118242220212764,1.98852309443146,2.68235408488365,2.77441897093796,5.58398122264084,TRUE,NA
"b",-4.06,-0.118513373936998,1.98543160578906,2.67917229891948,2.77078840083933,5.57404541980193,TRUE,NA
"b",-4.05,-0.118785737781023,1.98233341458637,2.67598515745202,2.76715317024712,5.56411005150018,TRUE,NA
"b",-4.04,-0.119059319651846,1.97922848920759,2.67279263739476,2.76351326213044,5.55417512159596,TRUE,NA
"b",-4.03,-0.119334127524171,1.97611679788938,2.66959471549246,2.75986865935953,5.54424063399195,TRUE,NA
"b",-4.02,-0.119610169441129,1.97299830872014,2.66639136831964,2.75621934470498,5.53430659263373,TRUE,NA
"b",-4.01,-0.119887453515023,1.96987298963915,2.66318257227893,2.75256530083693,5.52437300151032,TRUE,NA
"b",-4,-0.12016598792808,1.9667408084358,2.65996830359949,2.74890651032427,5.51443986465473,TRUE,NA
"b",-3.99,-0.120445780933216,1.96360173274873,2.65674853833535,2.74524295563389,5.50450718614461,TRUE,NA
"b",-3.98,-0.120726840854813,1.96045573006498,2.65352325236376,2.74157461912984,5.49457497010278,TRUE,NA
"b",-3.97,-0.121009176089506,1.95730276771916,2.65029242138355,2.73790148307256,5.48464322069786,TRUE,NA
"b",-3.96,-0.121292795106981,1.95414281289255,2.64705602091343,2.73422352961798,5.47471194214487,TRUE,NA
"b",-3.95,-0.121577706450792,1.95097583261222,2.64381402629028,2.73054074081679,5.46478113870583,TRUE,NA
"b",-3.94,-0.12186391873918,1.94780179375013,2.64056641266746,2.72685309861354,5.45485081469047,TRUE,NA
"b",-3.93,-0.122151440665913,1.94462066302219,2.63731315501304,2.72316058484583,5.44492097445676,TRUE,NA
"b",-3.92,-0.122440281001138,1.94143240698736,2.63405422810809,2.71946318124343,5.43499162241164,TRUE,NA
"b",-3.91,-0.122730448592241,1.93823699204665,2.63078960654488,2.71576086942747,5.42506276301165,TRUE,NA
"b",-3.9,-0.123021952364728,1.93503438444222,2.62751926472508,2.7120536309095,5.41513440076363,TRUE,NA
"b",-3.89,-0.123314801323116,1.93182455025631,2.62424317685802,2.70834144709068,5.40520654022536,TRUE,NA
"b",-3.88,-0.12360900455184,1.92860745541033,2.62096131695877,2.70462429926086,5.3952791860063,TRUE,NA
"b",-3.87,-0.123904571216177,1.92538306566376,2.61767365884639,2.70090216859771,5.38535234276827,TRUE,NA
"b",-3.86,-0.124201510563178,1.9221513466132,2.614380176142,2.69717503616578,5.37542601522617,TRUE,NA
"b",-3.85,-0.124499831922624,1.91891226369125,2.61108084226696,2.69344288291565,5.36550020814876,TRUE,NA
"b",-3.84,-0.124799544707999,1.91566578216545,2.6077756304409,2.68970568968294,5.35557492635932,TRUE,NA
"b",-3.83,-0.12510065841747,1.91241186713725,2.60446451367987,2.68596343718744,5.34565017473648,TRUE,NA
"b",-3.82,-0.125403182634896,1.90915048354084,2.60114746479437,2.68221610603214,5.33572595821496,TRUE,NA
"b",-3.81,-0.125707127030843,1.90588159614206,2.59782445638739,2.67846367670228,5.32580228178635,TRUE,NA
"b",-3.8,-0.126012501363632,1.90260516953728,2.59449546085245,2.67470612956443,5.31587915049992,TRUE,NA
"b",-3.79,-0.126319315480391,1.89932116815217,2.5911604503716,2.67094344486548,5.30595656946343,TRUE,NA
"b",-3.78,-0.126627579318135,1.89602955624061,2.58781939691338,2.66717560273171,5.29603454384397,TRUE,NA
"b",-3.77,-0.126937302904866,1.89273029788344,2.58447227223082,2.66340258316775,5.28611307886876,TRUE,NA
"b",-3.76,-0.127248496360687,1.88942335698725,2.58111904785937,2.65962436605566,5.27619217982605,TRUE,NA
"b",-3.75,-0.127561169898949,1.88610869728317,2.57775969511479,2.65584093115385,5.26627185206599,TRUE,NA
"b",-3.74,-0.127875333827408,1.8827862823256,2.5743941850911,2.65205225809612,5.25635210100147,TRUE,NA
"b",-3.73,-0.128190998549411,1.87945607549091,2.57102248865844,2.64825832639062,5.2464329321091,TRUE,NA
"b",-3.72,-0.128508174565107,1.8761180399762,2.56764457646093,2.64445911541882,5.23651435093006,TRUE,NA
"b",-3.71,-0.128826872472678,1.87277213879796,2.56426041891448,2.64065460443446,5.22659636307109,TRUE,NA
"b",-3.7,-0.129147102969596,1.86941833479071,2.56086998620466,2.63684477256249,5.21667897420544,TRUE,NA
"b",-3.69,-0.129468876853908,1.8660565906057,2.55747324828446,2.63302959879805,5.20676219007381,TRUE,NA
"b",-3.68,-0.129792205025547,1.86268686870949,2.55407017487206,2.62920906200533,5.19684601648539,TRUE,NA
"b",-3.67,-0.130117098487672,1.85930913138257,2.5506607354486,2.62538314091655,5.18693045931885,TRUE,NA
"b",-3.66,-0.13044356834803,1.85592334071794,2.54724489925588,2.62155181413084,5.17701552452337,TRUE,NA
"b",-3.65,-0.130771625820359,1.85252945861969,2.54382263529409,2.61771506011311,5.1671012181197,TRUE,NA
"b",-3.64,-0.131101282225815,1.84912744680152,2.5403939123195,2.61387285719298,5.15718754620125,TRUE,NA
"b",-3.63,-0.131432548994427,1.84571726678524,2.53695869884208,2.61002518356364,5.14727451493517,TRUE,NA
"b",-3.62,-0.131765437666595,1.84229887989933,2.53351696312316,2.60617201728068,5.13736213056347,TRUE,NA
"b",-3.61,-0.132099959894613,1.83887224727735,2.53006867317307,2.602313336261,5.12745039940416,TRUE,NA
"b",-3.6,-0.132436127444238,1.83543732985644,2.52661379674868,2.59844911828162,5.11753932785243,TRUE,NA
"b",-3.59,-0.132773952196281,1.83199408837571,2.523152301351,2.5945793409785,5.10762892238182,TRUE,NA
"b",-3.58,-0.133113446148251,1.8285424833747,2.51968415422271,2.5907039818454,5.09771918954546,TRUE,NA
"b",-3.57,-0.133454621416031,1.82508247519171,2.51620932234568,2.58682301823263,5.0878101359773,TRUE,NA
"b",-3.56,-0.133797490235595,1.82161402396221,2.51272777243847,2.58293642734593,5.07790176839334,TRUE,NA
"b",-3.55,-0.134142064964772,1.81813708961716,2.5092394709538,2.57904418624517,5.06799409359301,TRUE,NA
"b",-3.54,-0.134488358085047,1.81465163188134,2.50574438407599,2.5751462718432,5.05808711846041,TRUE,NA
"b",-3.53,-0.134836382203417,1.81115761027163,2.5022424777184,2.57124266090458,5.04818084996571,TRUE,NA
"b",-3.52,-0.135186150054288,1.80765498409529,2.49873371752077,2.5673333300443,5.0382752951665,TRUE,NA
"b",-3.51,-0.135537674501429,1.80414371244824,2.4952180688467,2.56341825572662,5.02837046120925,TRUE,NA
"b",-3.5,-0.135890968539965,1.80062375421322,2.49169549678087,2.55949741426371,5.01846635533073,TRUE,NA
"b",-3.49,-0.136246045298438,1.79709506805807,2.48816596612647,2.55557078181439,5.00856298485946,TRUE,NA
"b",-3.48,-0.136602918040914,1.79355761243386,2.48462944140243,2.55163833438289,4.99866035721729,TRUE,NA
"b",-3.47,-0.136961600169154,1.79001134557305,2.48108588684072,2.54770004781748,4.98875847992089,TRUE,NA
"b",-3.46,-0.137322105224843,1.78645622548767,2.47753526638361,2.54375589780921,4.97885736058338,TRUE,NA
"b",-3.45,-0.137684446891876,1.78289220996736,2.47397754368084,2.53980585989054,4.96895700691592,TRUE,NA
"b",-3.44,-0.138048638998725,1.77931925657754,2.47041268208689,2.53584990943404,4.9590574267294,TRUE,NA
"b",-3.43,-0.138414695520854,1.77573732265738,2.46684064465808,2.53188802165104,4.94915862793613,TRUE,NA
"b",-3.42,-0.138782630583221,1.77214636531793,2.46326139414976,2.52792017159025,4.9392606185516,TRUE,NA
"b",-3.41,-0.139152458462846,1.76854634144009,2.45967489301343,2.52394633413642,4.92936340669625,TRUE,NA
"b",-3.4,-0.139524193591453,1.76493720767261,2.45608110339378,2.51996648400892,4.91946700059734,TRUE,NA
"b",-3.39,-0.139897850558201,1.76131892043007,2.45247998712586,2.51598059576039,4.90957140859081,TRUE,NA
"b",-3.38,-0.140273444112492,1.75769143589081,2.44887150573201,2.51198864377534,4.89967663912318,TRUE,NA
"b",-3.37,-0.14065098916686,1.7540547099949,2.44525562041895,2.50799060226869,4.88978270075362,TRUE,NA
"b",-3.36,-0.141030500799965,1.75040869844199,2.44163229207477,2.50398644528439,4.87988960215589,TRUE,NA
"b",-3.35,-0.141411994259663,1.74675335668921,2.43800148126585,2.49997614669399,4.8699973521205,TRUE,NA
"b",-3.34,-0.14179548496619,1.74308863994905,2.43436314823384,2.49595968019516,4.8601059595568,TRUE,NA
"b",-3.33,-0.142180988515432,1.73941450318716,2.43071725289258,2.49193701931027,4.85021543349522,TRUE,NA
"b",-3.32,-0.142568520682317,1.73573090112019,2.42706375482497,2.48790813738492,4.84032578308954,TRUE,NA
"b",-3.31,-0.142958097424301,1.73203778821356,2.42340261327982,2.48387300758645,4.83043701761917,TRUE,NA
"b",-3.3,-0.143349734884985,1.72833511867925,2.41973378716876,2.47983160290249,4.8205491464916,TRUE,NA
"b",-3.29,-0.143743449397834,1.72462284647354,2.41605723506297,2.47578389613943,4.81066217924479,TRUE,NA
"b",-3.28,-0.144139257490038,1.72090092529471,2.41237291519003,2.47172985992095,4.80077612554978,TRUE,NA
"b",-3.27,-0.14453717588649,1.7171693085808,2.40868078543068,2.46766946668648,4.79089099521324,TRUE,NA
"b",-3.26,-0.144937221513904,1.71342794950727,2.40498080331554,2.46360268868973,4.78100679818017,TRUE,NA
"b",-3.25,-0.145339411505078,1.70967680098464,2.40127292602185,2.45952949799712,4.77112354453664,TRUE,NA
"b",-3.24,-0.145743763203291,1.70591581565618,2.39755711037017,2.45544986648627,4.76124124451266,TRUE,NA
"b",-3.23,-0.146150294166867,1.70214494589551,2.39383331282104,2.45136376584444,4.75135990848506,TRUE,NA
"b",-3.22,-0.146559022173891,1.69836414380422,2.39010148947164,2.44727116756701,4.74147954698057,TRUE,NA
"b",-3.21,-0.146969965227091,1.69457336120946,2.38636159605244,2.4431720429559,4.73160017067885,TRUE,NA
"b",-3.2,-0.147383141558889,1.6907725496615,2.38261358792377,2.43906636311805,4.72172179041577,TRUE,NA
"b",-3.19,-0.147798569636643,1.68696166043133,2.37885742007244,2.4349540989638,4.71184441718664,TRUE,NA
"b",-3.18,-0.148216268168065,1.68314064450812,2.37509304710828,2.43083522120537,4.70196806214967,TRUE,NA
"b",-3.17,-0.148636256106834,1.67930945259685,2.37132042326075,2.42670970035526,4.69209273662945,TRUE,NA
"b",-3.16,-0.149058552658423,1.67546803511573,2.36753950237537,2.42257750672469,4.68221845212062,TRUE,NA
"b",-3.15,-0.149483177286124,1.67161634219374,2.36375023791032,2.41843861042201,4.67234522029155,TRUE,NA
"b",-3.14,-0.149910149717301,1.66775432366812,2.35995258293292,2.41429298135113,4.66247305298826,TRUE,NA
"b",-3.13,-0.150339489949868,1.66388192908182,2.35614649011604,2.41014058920991,4.65260196223839,TRUE,NA
"b",-3.12,-0.150771218259009,1.65999910768098,2.35233191173467,2.40598140348864,4.64273196025531,TRUE,NA
"b",-3.11,-0.151205355204141,1.65610580841235,2.34850879966228,2.40181539346839,4.63286305944241,TRUE,NA
"b",-3.1,-0.15164192163614,1.6522019799208,2.3446771053673,2.39764252821946,4.6229952723975,TRUE,NA
"b",-3.09,-0.152080938704832,1.64828757054666,2.34083677990952,2.39346277659983,4.61312861191734,TRUE,NA
"b",-3.08,-0.152522427866764,1.64436252832325,2.33698777393654,2.38927610725353,4.60326309100237,TRUE,NA
"b",-3.07,-0.152966410893268,1.64042680097422,2.33313003768013,2.38508248860913,4.59339872286157,TRUE,NA
"b",-3.06,-0.153412909878825,1.63648033591102,2.32926352095263,2.38088188887814,4.58353552091749,TRUE,NA
"b",-3.05,-0.153861947249741,1.63252308023031,2.3253881731434,2.37667427605347,4.57367349881148,TRUE,NA
"b",-3.04,-0.154313545773158,1.62855498071137,2.32150394321509,2.37245961790789,4.56381267040908,TRUE,NA
"b",-3.03,-0.154767728566394,1.62457598381352,2.31761077970014,2.36823788199248,4.5539530498056,TRUE,NA
"b",-3.02,-0.155224519106644,1.62058603567356,2.31370863069707,2.36400903563514,4.54409465133189,TRUE,NA
"b",-3.01,-0.155683941241046,1.61658508210315,2.3097974438669,2.35977304593902,4.53423748956034,TRUE,NA
"b",-3,-0.156146019197131,1.61257306858634,2.30587716642954,2.3555298797811,4.52438157931111,TRUE,NA
"b",-2.99,-0.156610777593659,1.60854994027689,2.30194774516014,2.35127950381068,4.51452693565849,TRUE,NA
"b",-2.98,-0.157078241451882,1.60451564199584,2.29800912638552,2.34702188444789,4.50467357393762,TRUE,NA
"b",-2.97,-0.157548436207225,1.6004701182289,2.29406125598054,2.34275698788231,4.49482150975134,TRUE,NA
"b",-2.96,-0.158021387721407,1.59641331312398,2.29010407936455,2.33848478007154,4.4849707589774,TRUE,NA
"b",-2.95,-0.158497122295039,1.59234517048868,2.28613754149777,2.33420522673977,4.47512133777581,TRUE,NA
"b",-2.94,-0.158975666680681,1.58826563378779,2.2821615868778,2.3299182933765,4.46527326259657,TRUE,NA
"b",-2.93,-0.159457048096411,1.58417464614089,2.27817615953603,2.32562394523513,4.45542655018762,TRUE,NA
"b",-2.92,-0.159941294239895,1.5800721503199,2.27418120303415,2.32132214733171,4.44558121760313,TRUE,NA
"b",-2.91,-0.160428433303006,1.57595808874668,2.27017666046068,2.31701286444368,4.43573728221206,TRUE,NA
"b",-2.9,-0.160918493986984,1.57183240349066,2.26616247442752,2.31269606110862,4.42589476170704,TRUE,NA
"b",-2.89,-0.161411505518175,1.56769503626658,2.26213858706648,2.3083717016231,4.41605367411364,TRUE,NA
"b",-2.88,-0.161907497664369,1.56354592843212,2.25810494002598,2.30403975004151,4.40621403779994,TRUE,NA
"b",-2.87,-0.162406500751745,1.55938502098575,2.25406147446764,2.29970017017502,4.39637587148643,TRUE,NA
"b",-2.86,-0.162908545682464,1.55521225456447,2.25000813106303,2.29535292559049,4.38653919425637,TRUE,NA
"b",-2.85,-0.163413663952914,1.55102756944173,2.24594484999041,2.29099797960954,4.37670402556651,TRUE,NA
"b",-2.84,-0.163921887672649,1.54683090552531,2.24187157093156,2.28663529530759,4.36687038525816,TRUE,NA
"b",-2.83,-0.164433249584027,1.54262220235534,2.23778823306864,2.28226483551301,4.35703829356876,TRUE,NA
"b",-2.82,-0.164947783082587,1.53840139910233,2.23369477508115,2.27788656280637,4.34720777114386,TRUE,NA
"b",-2.81,-0.165465522238179,1.5341684345653,2.22959113514289,2.27350043951965,4.33737883904955,TRUE,NA
"b",-2.8,-0.165986501816883,1.52992324716995,2.22547725091914,2.26910642773567,4.32755151878541,TRUE,NA
"b",-2.79,-0.16651075730373,1.52566577496701,2.22135305956374,2.26470448928747,4.31772583229786,TRUE,NA
"b",-2.78,-0.167038324926265,1.52139595563054,2.21721849771641,2.2602945857579,4.30790180199417,TRUE,NA
"b",-2.77,-0.167569241678974,1.51711372645645,2.21307350150009,2.25587667847915,4.29807945075687,TRUE,NA
"b",-2.76,-0.168103545348597,1.512819024361,2.20891800651839,2.25145072853258,4.28825880195877,TRUE,NA
"b",-2.75,-0.168641274540366,1.50851178587956,2.20475194785317,2.24701669674843,4.2784398794786,TRUE,NA
"b",-2.74,-0.169182468705192,1.50419194716532,2.20057526006224,2.24257454370583,4.26862270771718,TRUE,NA
"b",-2.73,-0.169727168167825,1.49985944398822,2.19638787717715,2.23812422973279,4.25880731161427,TRUE,NA
"b",-2.72,-0.170275414156032,1.49551421173403,2.19218973270116,2.23366571490641,4.24899371666601,TRUE,NA
"b",-2.71,-0.170827248830804,1.49115618540346,2.18798075960729,2.22919895905315,4.2391819489431,TRUE,NA
"b",-2.7,-0.171382715317639,1.4867852996115,2.18376089033663,2.22472392174926,4.22937203510965,TRUE,NA
"b",-2.69,-0.171941857738922,1.48240148858692,2.17953005679667,2.22024056232138,4.21956400244271,TRUE,NA
"b",-2.68,-0.172504721247442,1.47800468617187,2.17528819035992,2.21574883984725,4.20975787885266,TRUE,NA
"b",-2.67,-0.173071352061068,1.47359482582168,2.17103522186262,2.21124871315661,4.19995369290424,TRUE,NA
"b",-2.66,-0.173641797498627,1.46917184060488,2.16677108160374,2.20674014083223,4.19015147383855,TRUE,NA
"b",-2.65,-0.174216106017005,1.46473566320333,2.16249569934408,2.2022230812112,4.18035125159573,TRUE,NA
"b",-2.64,-0.174794327249514,1.46028622591266,2.15820900430564,2.1976974923863,4.17055305683861,TRUE,NA
"b",-2.63,-0.175376512045549,1.45582346064277,2.15391092517123,2.19316333220763,4.16075692097726,TRUE,NA
"b",-2.62,-0.175962712511574,1.45134729891871,2.14960139008425,2.18862055828445,4.15096287619443,TRUE,NA
"b",-2.61,-0.176552982053467,1.4468576718817,2.1452803266488,2.18406912798718,4.14117095547197,TRUE,NA
"b",-2.6,-0.177147375420253,1.44235451029043,2.14094766193003,2.17950899844972,4.13138119261828,TRUE,NA
"b",-2.59,-0.177745948749262,1.4378377445226,2.1366033224547,2.1749401265719,4.12159362229677,TRUE,NA
"b",-2.58,-0.178348759612745,1.43330730457673,2.13224723421216,2.17036246902227,4.1118082800554,TRUE,NA
"b",-2.57,-0.178955867065972,1.42876312007429,2.12787932265552,2.1657759822411,4.10202520235733,TRUE,NA
"b",-2.56,-0.179567331696849,1.4242051202621,2.12349951270322,2.16118062244364,4.09224442661272,TRUE,NA
"b",-2.55,-0.180183215677082,1.41963323401504,2.1191077287409,2.15657634562375,4.08246599121173,TRUE,NA
"b",-2.54,-0.18080358281492,1.41504738983908,2.11470389462362,2.15196310755772,4.07268993555871,TRUE,NA
"b",-2.53,-0.181428498609499,1.41044751587472,2.11028793367854,2.14734086380849,4.0629163001077,TRUE,NA
"b",-2.52,-0.182058030306827,1.40583353990069,2.10585976870782,2.14270956973012,4.0531451263992,TRUE,NA
"b",-2.51,-0.182692246957413,1.40120538933809,2.10141932199212,2.13806918047271,4.04337645709835,TRUE,NA
"b",-2.5,-0.183331219475596,1.39656299125491,2.09696651529442,2.13341965098754,4.03361033603441,TRUE,NA
"b",-2.49,-0.183975020700571,1.39190627237095,2.09250126986428,2.1287609360327,4.02384680824177,TRUE,NA
"b",-2.48,-0.184623725459145,1.3872351590632,2.08802350644264,2.12409299017903,4.01408592000241,TRUE,NA
"b",-2.47,-0.185277410630245,1.38254957737158,2.08353314526704,2.11941576781653,4.00432771888985,TRUE,NA
"b",-2.46,-0.185936155211181,1.37784945300529,2.07903010607741,2.11472922316111,3.99457225381472,TRUE,NA
"b",-2.45,-0.186600040385705,1.37313471134948,2.07451430812235,2.11003331026188,3.98481957507195,TRUE,NA
"b",-2.44,-0.187269149593843,1.36840527747258,2.06998567016596,2.10532798300879,3.9750697343896,TRUE,NA
"b",-2.43,-0.187943568603548,1.36366107613402,2.06544411049534,2.10061319514083,3.96532278497944,TRUE,NA
"b",-2.42,-0.188623385584144,1.3589020317926,2.06088954692855,2.09588890025469,3.95557878158922,TRUE,NA
"b",-2.41,-0.189308691181598,1.35412806861538,2.05632189682332,2.09115505181392,3.94583778055689,TRUE,NA
"b",-2.4,-0.189999578595588,1.34933911048718,2.05174107708638,2.08641160315863,3.9360998398665,TRUE,NA
"b",-2.39,-0.19069614365838,1.34453508102064,2.04714700418342,2.08165850751581,3.92636501920618,TRUE,NA
"b",-2.38,-0.191398484915513,1.33971590356706,2.04253959414985,2.0768957180101,3.91663338002795,TRUE,NA
"b",-2.37,-0.192106703708251,1.33488150122769,2.0379187626022,2.07212318767524,3.90690498560965,TRUE,NA
"b",-2.36,-0.192820904257808,1.33003179686594,2.03328442475037,2.06734086946614,3.8971799011188,TRUE,NA
"b",-2.35,-0.193541193751313,1.32516671312008,2.02863649541059,2.06254871627157,3.88745819367868,TRUE,NA
"b",-2.34,-0.194267682429485,1.32028617241687,2.02397488901927,2.05774668092749,3.87773993243652,TRUE,NA
"b",-2.33,-0.195000483675983,1.31539009698581,2.01929951964764,2.05293471623109,3.86802518863387,TRUE,NA
"b",-2.32,-0.195739714108391,1.31047840887425,2.01461030101735,2.04811277495555,3.85831403567924,TRUE,NA
"b",-2.31,-0.196485493670784,1.30555102996334,2.00990714651685,2.0432808098655,3.84860654922305,TRUE,NA
"b",-2.3,-0.197237945727826,1.30060788198474,2.00518996921888,2.0384387737333,3.83890280723493,TRUE,NA
"b",-2.29,-0.197997197160329,1.29564888653824,2.00045868189878,2.03358661935596,3.82920289008335,TRUE,NA
"b",-2.28,-0.198763378462209,1.29067396511037,1.99571319705389,2.02872429957305,3.81950688061771,TRUE,NA
"b",-2.27,-0.19953662383875,1.28568303909375,1.99095342692399,2.02385176728531,3.80981486425297,TRUE,NA
"b",-2.26,-0.20031707130609,1.28067602980759,1.98617928351276,2.01896897547414,3.80012692905665,TRUE,NA
"b",-2.25,-0.201104862791836,1.27565285851903,1.98139067861035,2.014075877222,3.79044316583852,TRUE,NA
"b",-2.24,-0.20190014423669,1.27061344646557,1.97658752381716,2.00917242573369,3.78076366824279,TRUE,NA
"b",-2.23,-0.202703065696971,1.26555771487854,1.9717697305687,2.00425857435856,3.77108853284295,TRUE,NA
"b",-2.22,-0.203513781447905,1.26048558500759,1.96693721016165,1.99933427661368,3.76141785923922,TRUE,NA
"b",-2.21,-0.204332450087538,1.25539697814635,1.96208987378124,1.99439948620799,3.75175175015878,TRUE,NA
"b",-2.2,-0.205159234641127,1.25029181565914,1.95722763252982,1.98945415706745,3.74209031155853,TRUE,NA
"b",-2.19,-0.205994302665827,1.24517001900892,1.95235039745675,1.98449824336123,3.73243365273078,TRUE,NA
"b",-2.18,-0.206837826355523,1.24003150978637,1.94745807958962,1.97953169952893,3.72278188641148,TRUE,NA
"b",-2.17,-0.207689982645592,1.23487620974018,1.94255058996681,1.97455448030888,3.71313512889132,TRUE,NA
"b",-2.16,-0.208550953317401,1.22970404080862,1.93762783967154,1.96956654076762,3.7034935001296,TRUE,NA
"b",-2.15,-0.209420925102334,1.22451492515234,1.93268973986719,1.96456783633032,3.69385712387072,TRUE,NA
"b",-2.14,-0.210300089785091,1.2193087851885,1.9277362018342,1.95955832281256,3.68422612776362,TRUE,NA
"b",-2.13,-0.21118864430605,1.21408554362616,1.9227671370084,1.95453795645313,3.67460064348383,TRUE,NA
"b",-2.12,-0.212086790862387,1.2088451235031,1.91778245702087,1.94950669394805,3.66498080685831,TRUE,NA
"b",-2.11,-0.212994737007721,1.20358744822387,1.91278207373932,1.94446449248586,3.65536675799299,TRUE,NA
"b",-2.1,-0.213912695749974,1.19831244159941,1.90776589931101,1.93941130978401,3.64575864140302,TRUE,NA
"b",-2.09,-0.21484088564713,1.19302002788794,1.90273384620738,1.93434710412663,3.63615660614564,TRUE,NA
"b",-2.08,-0.215779530900605,1.18771013183727,1.89768582727007,1.92927183440346,3.62656080595568,TRUE,NA
"b",-2.07,-0.21672886144585,1.18238267872871,1.89262175575878,1.9241854601501,3.61697139938362,TRUE,NA
"b",-2.06,-0.217689113039886,1.17703759442221,1.88754154540066,1.91908794158953,3.60738854993609,TRUE,NA
"b",-2.05,-0.218660527345351,1.17167480540327,1.88244511044148,1.91397923967483,3.59781242621895,TRUE,NA
"b",-2.04,-0.219643352010727,1.16629423883101,1.87733236569827,1.90885931613347,3.58824320208251,TRUE,NA
"b",-2.03,-0.220637840746324,1.160895822588,1.87220322661382,1.9037281335126,3.5786810567692,TRUE,NA
"b",-2.02,-0.221644253395615,1.15547948533144,1.86705760931287,1.89858565522585,3.5691261750633,TRUE,NA
"b",-2.01,-0.222662856001513,1.15004515654598,1.86189543065993,1.89343184560136,3.55957874744275,TRUE,NA
"b",-2,-0.223693920867138,1.14459276659791,1.85671660831887,1.88826666993118,3.55003897023291,TRUE,NA
"b",-1.99,-0.22473772661064,1.13912224679097,1.85152106081415,1.88309009452193,3.54050704576212,TRUE,NA
"b",-1.98,-0.225794558213609,1.13363352942363,1.84630870759383,1.87790208674685,3.53098318251888,TRUE,NA
"b",-1.97,-0.226864707062611,1.12812654784786,1.8410794690942,1.87270261509901,3.5214675953106,TRUE,NA
"b",-1.96,-0.227948470983372,1.12260123652941,1.83583326680614,1.86749164924598,3.51196050542366,TRUE,NA
"b",-1.95,-0.229046154267108,1.11705753110956,1.83057002334313,1.86226916008561,3.50246214078455,TRUE,NA
"b",-1.94,-0.230158067688534,1.11149536846832,1.82528966251087,1.85703511980317,3.49297273612212,TRUE,NA
"b",-1.93,-0.231284528515044,1.10591468678907,1.81999210937858,1.85178950192967,3.48349253313043,TRUE,NA
"b",-1.92,-0.232425860506537,1.1003154256246,1.81467729035186,1.84653228140137,3.4740217806322,TRUE,NA
"b",-1.91,-0.233582393905437,1.09469752596455,1.80934513324707,1.84126343462052,3.46456073474259,TRUE,NA
"b",-1.9,-0.234754465416359,1.08906093030416,1.80399556736727,1.83598293951714,3.45510965903292,TRUE,NA
"b",-1.89,-0.235942418174946,1.08340558271433,1.7986285235796,1.83069077561201,3.44566882469424,TRUE,NA
"b",-1.88,-0.237146601705382,1.07773142891299,1.79324393439411,1.82538692408061,3.43623851070041,TRUE,NA
"b",-1.87,-0.238367371866078,1.07203841633755,1.78784173404392,1.82007136781813,3.42681900397034,TRUE,NA
"b",-1.86,-0.239605090783084,1.06632649421864,1.78242185856663,1.81474409150539,3.41741059952917,TRUE,NA
"b",-1.85,-0.240860126770737,1.06059561365484,1.77698424588708,1.8094050816757,3.40801360066801,TRUE,NA
"b",-1.84,-0.242132854239102,1.05484572768848,1.77152883590117,1.80405432678247,3.39862831910197,TRUE,NA
"b",-1.83,-0.243423653587795,1.0490767913824,1.76605557056077,1.79869181726773,3.38925507512603,TRUE,NA
"b",-1.82,-0.244732911085753,1.04328876189755,1.76056439395962,1.79331754563115,3.37989419776851,TRUE,NA
"b",-1.81,-0.246061018736589,1.03748159857135,1.75505525242012,1.78793150649984,3.37054602494169,TRUE,NA
"b",-1.8,-0.247408374129161,1.03165526299693,1.74952809458099,1.78253369669861,3.36121090358924,TRUE,NA
"b",-1.79,-0.248775380273046,1.02580971910268,1.74398287148538,1.77712411532067,3.35188918983,TRUE,NA
"b",-1.78,-0.250162445418609,1.01994493323267,1.73841953667001,1.77170276379873,3.34258124909782,TRUE,NA
"b",-1.77,-0.251569982861433,1.01406087422715,1.7328380462542,1.76626964597629,3.3332874562769,TRUE,NA
"b",-1.76,-0.252998410730892,1.00815751350352,1.72723835902964,1.76082476817918,3.32400819583236,TRUE,NA
"b",-1.75,-0.25444815176268,1.00223482513759,1.72162043655039,1.75536813928706,3.31474386193544,TRUE,NA
"b",-1.74,-0.255919633055226,0.996292785944453,1.71598424322243,1.74989977080495,3.30549485858312,TRUE,NA
"b",-1.73,-0.257413285809846,0.990331375559993,1.71032974639402,1.74441967693449,3.29626159971142,TRUE,NA
"b",-1.72,-0.258929545054703,0.984350576521513,1.70465691644493,1.73892787464499,3.28704450930223,TRUE,NA
"b",-1.71,-0.260468849352538,0.978350374348451,1.69896572687588,1.73342438374405,3.27784402148304,TRUE,NA
"b",-1.7,-0.262031640492321,0.972330757622549,1.6932561543974,1.72790922694761,3.2686605806191,TRUE,NA
"b",-1.69,-0.263618363164949,0.966291718067295,1.68752817901771,1.72238242994938,3.25949464139777,TRUE,NA
"b",-1.68,-0.265229464623233,0.960233250626711,1.68178178413003,1.71684402148941,3.25034666890433,TRUE,NA
"b",-1.67,-0.266865394326447,0.954155353543183,1.6760169565987,1.71129403342176,3.24121713868901,TRUE,NA
"b",-1.66,-0.268526603569772,0.948058028434499,1.67023368684467,1.70573250078114,3.23210653682472,TRUE,NA
"b",-1.65,-0.270213545099139,0.941941280369,1.66443196892835,1.70015946184828,3.22301535995504,TRUE,NA
"b",-1.64,-0.271926672711818,0.93580511794024,1.65861180063254,1.69457495821393,3.21394411533212,TRUE,NA
"b",-1.63,-0.273666440843451,0.929649553339534,1.65277318354263,1.68897903484144,3.20489332084392,TRUE,NA
"b",-1.62,-0.275433304142113,0.92347460242646,1.64691612312424,1.68337174012769,3.19586350503064,TRUE,NA
"b",-1.61,-0.277227717029962,0.917280284798949,1.64104062880136,1.67775312596215,3.18685520708964,TRUE,NA
"b",-1.6,-0.279050133253463,0.91106662386003,1.63514671402981,1.67212324778423,3.17786897686877,TRUE,NA
"b",-1.59,-0.280901005422935,0.904833646882268,1.62923439636819,1.66648216463831,3.16890537484762,TRUE,NA
"b",-1.58,-0.28278078454205,0.898581385072166,1.62330369755007,1.66082993922684,3.15996497210622,TRUE,NA
"b",-1.57,-0.284689919529041,0.892309873626571,1.61735464354399,1.65516663796063,3.15104835028145,TRUE,NA
"b",-1.56,-0.286628856729127,0.886019151795429,1.61138726462586,1.6494923310077,3.14215610150985,TRUE,NA
"b",-1.55,-0.288598039421177,0.879709262932211,1.60540159543202,1.6438070923381,3.13328882835775,TRUE,NA
"b",-1.54,-0.290597907317974,0.873380254548265,1.59939767502064,1.63811099976741,3.12444714373758,TRUE,NA
"b",-1.53,-0.292628896062847,0.867032178356925,1.59337554691767,1.63240413499519,3.11563167081096,TRUE,NA
"b",-1.52,-0.294691436721133,0.860665090329927,1.58733525918518,1.62668658364561,3.10684304287677,TRUE,NA
"b",-1.51,-0.296785955265669,0.854279050778761,1.58127686453287,1.62095843530988,3.09808190324295,TRUE,NA
"b",-1.5,NA,NA,NA,NA,NA,FALSE,"Degenerate case |a_{i,1}| ~= 0 detected; the cubic fallback is not implemented."
"b",-1.49,-0.301072601469745,0.841450379618827,1.56910598770009,1.60947072589437,3.08064471135576,TRUE,NA
"b",-1.48,-0.303265551071367,0.835007890332347,1.56299363399178,1.60371136402431,3.07196999446662,TRUE,NA
"b",-1.47,-0.305492121432336,0.828546734210065,1.55686343034524,1.59794180360439,3.06332543625723,TRUE,NA
"b",-1.46,-0.307752705486985,0.822066993456696,1.55071545274447,1.59216215438426,3.05471172773456,TRUE,NA
"b",-1.45,-0.310047688053382,0.815568754787013,1.54454978200367,1.58637253021076,3.04612956886725,TRUE,NA
"b",-1.44,-0.312377445354276,0.809052109390722,1.53836650370039,1.58057304902671,3.03757966836606,TRUE,NA
"b",-1.43,-0.314742344536842,0.80251715296156,1.53216570821676,1.5747638328827,3.02906274344455,TRUE,NA
"b",-1.42,-0.317142743206204,0.795963985696699,1.52594749073421,1.56894500793682,3.02057951956835,TRUE,NA
"b",-1.41,-0.319578988968547,0.789392712303038,1.51971195124172,1.56311670445412,3.01213073019016,TRUE,NA
"b",-1.4,-0.322051418987405,0.782803441995061,1.51345919453257,1.55727905680125,3.0037171164718,TRUE,NA
"b",-1.39,-0.324560359553516,0.776196288489639,1.50718933019836,1.55143220343701,2.99533942699351,TRUE,NA
"b",-1.38,-0.327106125669712,0.76957136999591,1.50090247261727,1.54557628689945,2.98699841745065,TRUE,NA
"b",-1.37,-0.329689020651612,0.762928809202243,1.49459874093994,1.53971145378924,2.97869485033822,TRUE,NA
"b",-1.36,-0.332309335745702,0.756268733257466,1.4882782590681,1.53383785474886,2.97042949462375,TRUE,NA
"b",-1.35,-0.334967349765402,0.74959127374846,1.48194115562976,1.52795564443824,2.96220312540885,TRUE,NA
"b",-1.34,-0.337663328746214,0.74289656667348,1.47558756394955,1.52206498150654,2.95401652357997,TRUE,NA
"b",-1.33,-0.340397525620779,0.736184752411279,1.46921762201454,1.51616602856019,2.94587047544875,TRUE,NA
"b",-1.32,-0.343170179914711,0.729455975685721,1.46283147243495,1.51025895212731,2.9377657723827,TRUE,NA
"b",-1.31,-0.345981517463746,0.722710385526845,1.45642926240118,1.50434392261851,2.92970321042652,TRUE,NA
"b",-1.3,-0.348831750153047,0.715948135227335,1.45001114363569,1.49842111428412,2.92168358991484,TRUE,NA
"b",-1.29,-0.351721075679021,0.709169382295388,1.44357727234098,1.49249070516797,2.91370771507681,TRUE,NA
"b",-1.28,-0.354649677334233,0.70237428840348,1.43712780914308,1.4865528770578,2.90577639363328,TRUE,NA
"b",-1.27,-0.357617723815655,0.695563019333683,1.43066291903144,1.48060781543245,2.89789043638709,TRUE,NA
"b",-1.26,-0.360625369056719,0.688735744918814,1.42418277129399,1.47465570940577,2.89005065680729,TRUE,NA
"b",-1.25,-0.363672752083152,0.681892638980457,1.41768753944909,1.46869675166751,2.88225787060773,TRUE,NA
"b",-1.24,-0.36675999689284,0.675033879263404,1.4111774011735,1.46273113842133,2.87451289532083,TRUE,NA
"b",-1.23,-0.369887212359721,0.668159647366614,1.4046525382265,1.45675906931983,2.86681654986725,TRUE,NA
"b",-1.22,-0.373054492161566,0.661270128671271,1.39811313637104,1.45078074739703,2.85916965412192,TRUE,NA
"b",-1.21,-0.37626191473158,0.654365512265605,1.39155938529126,1.44479637899817,2.85157302847748,TRUE,NA
"b",-1.2,-0.379509543233561,0.647445990866871,1.38499147850706,1.43880617370714,2.84402749340535,TRUE,NA
"b",-1.19,-0.382797425560285,0.640511760740633,1.37840961328572,1.43281034427158,2.83653386901558,TRUE,NA
"b",-1.18,-0.386125594354815,0.633563021617286,1.37181399055056,1.42680910652581,2.82909297461586,TRUE,NA
"b",-1.17,-0.389494067054161,0.626599976606347,1.36520481478724,1.42080267931179,2.82170562827039,TRUE,NA
"b",-1.16,-0.392902845954896,0.619622832108323,1.35858229394761,1.41479128439824,2.81437264635946,TRUE,NA
"b",-1.15,-0.396351918300083,0.612631797724467,1.35194663935099,1.40877514639792,2.80709484314016,TRUE,NA
"b",-1.14,-0.399841256386885,0.605627086164623,1.34529806558383,1.40275449268352,2.79987303030904,TRUE,NA
"b",-1.13,-0.403370817694191,0.598608913153214,1.33863679039716,1.39672955330198,2.79270801656728,TRUE,NA
"b",-1.12,-0.406940545029501,0.591577497333636,1.33196303460244,1.39070056088767,2.78560060718891,TRUE,NA
"b",-1.11,-0.410550366694313,0.584533060171137,1.3252770219659,1.38466775057436,2.77855160359284,TRUE,NA
"b",-1.1,-0.414200196667178,0.57747582585444,1.31857897910152,1.37863135990628,2.77156180291913,TRUE,NA
"b",-1.09,-0.417889934803611,0.570406021196108,1.31186913536277,1.37259162874835,2.76463199761017,TRUE,NA
"b",-1.08,-0.421619467051925,0.563323875532037,1.30514772273337,1.3665487991957,2.75776297499715,TRUE,NA
"b",-1.07,-0.425388665684147,0.556229620620062,1.29841497571745,1.36050311548274,2.75095551689254,TRUE,NA
"b",-1.06,-0.429197389541107,0.549123490537791,1.29167113122851,1.35445482389171,2.7442103991889,TRUE,NA
"b",-1.05,-0.433045484290675,0.542005721580123,1.28491642847864,1.34840417266117,2.73752839146455,TRUE,NA
"b",-1.04,-0.436932782698399,0.534876552156081,1.27815110886666,1.34235141189412,2.73091025659657,TRUE,NA
"b",-1.03,-0.440859104909365,0.527736222685717,1.27137541586663,1.33629679346635,2.72435675038149,TRUE,NA
"b",-1.02,-0.444824258740559,0.520584975496714,1.26458959491614,1.33024057093482,2.71786862116409,TRUE,NA
"b",-1.01,-0.448828039982692,0.513423054721007,1.25779389330457,1.32418299944631,2.7114466094747,TRUE,NA
"b",-1,-0.452870232710509,0.506250706191802,1.25098856006203,1.31812433564648,2.70509144767527,TRUE,NA
"b",-0.989999999999998,-0.456950609600842,0.499068177340572,1.24417384584822,1.31206483758937,2.69880385961458,TRUE,NA
"b",-0.98,-0.461068932257287,0.491875717094753,1.23735000284232,1.30600476464757,2.69258456029288,TRUE,NA
"b",-0.969999999999999,-0.465224951540841,0.484673575775739,1.23051728463304,1.29994437742301,2.68643425553618,TRUE,NA
"b",-0.960000000000001,-0.469418407905429,0.477462004997735,1.22367594611,1.29388393765864,2.68035364168047,TRUE,NA
"b",-0.949999999999999,-0.47364903173768,0.470241257567169,1.2168262433555,1.28782370815096,2.67434340526604,TRUE,NA
"b",-0.940000000000001,-0.477916543699961,0.463011587383124,1.20996843353769,1.28176395266352,2.66840422274212,TRUE,NA
"b",-0.93,-0.482220655076004,0.455773249338643,1.20310277480478,1.27570493584163,2.66253676018193,TRUE,NA
"b",-0.919999999999998,-0.48656106811837,0.448526499222949,1.19622952618004,1.26964692312794,2.65674167300849,TRUE,NA
"b",-0.91,-0.490937476396866,0.441271593625097,1.1893489474589,1.26359018067963,2.65101960573092,TRUE,NA
"b",-0.899999999999999,-0.495349565147453,0.43400878983852,1.18246129910669,1.25753497528654,2.64537119169177,TRUE,NA
"b",-0.890000000000001,-0.499797011620776,0.426738345767047,1.17556684215833,1.25148157429092,2.63979705282506,TRUE,NA
"b",-0.879999999999999,-0.504279485429796,0.419460519832221,1.16866583811925,1.24543024550847,2.63429779942534,TRUE,NA
"b",-0.870000000000001,-0.508796648895896,0.412175570882007,1.16175854886814,1.23938125715095,2.62887402992769,TRUE,NA
"b",-0.859999999999999,-0.513348157392917,0.40488375810095,1.1548452365613,1.23333487775016,2.6235263306987,TRUE,NA
"b",-0.849999999999998,-0.51793365968853,0.39758534092194,1.14792616353855,1.2272913760837,2.61825527583835,TRUE,NA
"b",-0.84,-0.52255279828247,0.39028057893959,1.14100159223137,1.22125102110227,2.61306142699284,TRUE,NA
"b",-0.829999999999998,-0.527205209741275,0.38296973182506,1.13407178507233,1.21521408185859,2.60794533317834,TRUE,NA
"b",-0.82,-0.531890525028905,0.375653059242731,1.12713700440663,1.20918082743798,2.60290753061552,TRUE,NA
"b",-0.809999999999999,-0.536608369833021,0.368330820768465,1.12019751240586,1.20315152689078,2.59794854257485,TRUE,NA
"b",-0.800000000000001,-0.541358364886453,0.361003275809612,1.11325357098301,1.1971264491665,2.59306887923253,TRUE,NA
"b",-0.789999999999999,-0.546140126283541,0.353670683526839,1.10630544170978,1.19110586304947,2.588269037537,TRUE,NA
"b",-0.780000000000001,-0.550953265791045,0.34633330275773,1.09935338573645,1.18509003709678,2.58354950108582,TRUE,NA
"b",-0.77,-0.555797391153308,0.33899139194233,1.09239766371293,1.1790792395776,2.57891074001282,TRUE,NA
"b",-0.759999999999998,-0.560672106391804,0.331645209049739,1.08543853571166,1.17307373841425,2.57435321088582,TRUE,NA
"b",-0.75,-0.56557701209795,0.324295011507847,1.07847626115354,1.16707380112551,2.56987735661364,TRUE,NA
"b",-0.739999999999998,-0.570511705719922,0.316941056134088,1.0715110987356,1.16107969477153,2.56548360636345,TRUE,NA
"b",-0.73,-0.575475781843062,0.309583599067803,1.06454330636023,1.15509168590051,2.56117237548788,TRUE,NA
"b",-0.719999999999999,-0.58046883246338,0.302222895704986,1.05757314106575,1.14911004049671,2.5569440654614,TRUE,NA
"b",-0.710000000000001,-0.585490447254157,0.294859200635114,1.05060085896215,1.14313502393186,2.55279906382587,TRUE,NA
"b",-0.699999999999999,-0.590540213826189,0.287492767578716,1.04362671516416,1.13716690091628,2.54873774414588,TRUE,NA
"b",-0.690000000000001,-0.595617717980529,0.280123849327941,1.03665096373089,1.13120593545336,2.54476046597233,TRUE,NA
"b",-0.68,-0.60072254395424,0.272752697688911,1.02967385760487,1.12525239079532,2.54086757481485,TRUE,NA
"b",-0.669999999999998,-0.605854274659454,0.265379563425124,1.02269564855401,1.1193065294005,2.53705940212313,TRUE,NA
"b",-0.66,-0.611012491915533,0.258004696202378,1.01571658711315,1.11336861289292,2.53333626527683,TRUE,NA
"b",-0.649999999999999,-0.616196776673023,0.250628344537725,1.0087369225339,1.10743890202274,2.52969846758222,TRUE,NA
"b",-0.640000000000001,-0.621406709231994,0.243250755747355,1.00175690272828,1.10151765662981,2.52614629827853,TRUE,NA
"b",-0.629999999999999,-0.626641869452171,0.235872175898525,0.994776774220589,1.09560513560702,2.52268003255051,TRUE,NA
"b",-0.620000000000001,-0.631901836956494,0.228492849762451,0.987796782096832,1.08970159686834,2.51929993154899,TRUE,NA
"b",-0.609999999999999,-0.637186191328428,0.221113020767388,0.980817169962845,1.08380729731376,2.51600624241963,TRUE,NA
"b",-0.599999999999998,-0.642494512301325,0.213732930955762,0.973838179893202,1.07792249280171,2.51279919833731,TRUE,NA
"b",-0.59,-0.647826379940077,0.20635282094449,0.966860052390839,1.07204743811771,2.50967901854626,TRUE,NA
"b",-0.579999999999998,-0.65318137482035,0.198972929878633,0.959883026350493,1.06618238694811,2.5066459084122,TRUE,NA
"b",-0.57,-0.658559078195102,0.191593495398546,0.952907339007522,1.0603275918529,2.50370005947318,TRUE,NA
"b",-0.559999999999999,-0.663959072159551,0.184214753598861,0.945933225912215,1.05448330424142,2.50084164950297,TRUE,NA
"b",-0.550000000000001,-0.669380939803588,0.176836939000826,0.938960920898018,1.04864977435795,2.49807084257234,TRUE,NA
"b",-0.539999999999999,-0.674824265359048,0.169460284523662,0.93199065604628,1.04282725125051,2.49538778911738,TRUE,NA
"b",-0.530000000000001,-0.680288634368795,0.162085021404556,0.925022661603149,1.03701598273496,2.49279262605136,TRUE,NA
"b",-0.52,-0.685773633773387,0.154711379264487,0.918057166007613,1.03121621542476,2.49028547677875,TRUE,NA
"b",-0.509999999999998,-0.691278851692582,0.147339586728461,0.911094398112809,1.02542819542267,2.48786645079741,TRUE,NA
"b",-0.5,NA,NA,NA,NA,NA,FALSE,"Degenerate case |a_{i,1}| ~= 0 detected; the cubic fallback is not implemented."
"b",-0.489999999999998,-0.702348308428482,0.132602448253305,0.897177928950388,1.01388836785854,2.48329314635235,TRUE,NA
"b",-0.48,-0.70791173228164,0.125237551008545,0.890224676167563,1.00813704595239,2.48113902070199,TRUE,NA
"b",-0.469999999999999,-0.713493747062947,0.117875396766193,0.883275036375392,1.00239843944539,2.47907332709792,TRUE,NA
"b",-0.460000000000001,-0.719093951110357,0.110516204061311,0.876329226233069,0.996672786883198,2.47709611052351,TRUE,NA
"b",-0.449999999999999,-0.724711944687368,0.103160190140948,0.869387460889456,0.990960325894468,2.47520740277255,TRUE,NA
"b",-0.440000000000001,-0.730347330480622,0.0958075702061594,0.862449953284396,0.985261292690953,2.47340722314017,TRUE,NA
"b",-0.43,-0.735999713541417,0.0884585576603523,0.855516914419465,0.979575922185968,2.47169557833304,TRUE,NA
"b",-0.419999999999998,-0.741668701472933,0.0811133639064459,0.848588553148514,0.973904447889115,2.47007246274455,TRUE,NA
"b",-0.41,-0.74735390443409,0.0737721984663001,0.841665076306325,0.968247101970876,2.46853785847288,TRUE,NA
"b",-0.399999999999999,-0.753054935238715,0.0664352689219241,0.834746688663051,0.962604115247626,2.46709173548738,TRUE,NA
"b",-0.390000000000001,-0.758771409432571,0.0591027808901922,0.827833592877182,0.956975717155594,2.46573405177229,TRUE,NA
"b",-0.379999999999999,-0.764502945341185,0.0517749380424724,0.820925989537288,0.951362135775336,2.46446475343535,TRUE,NA
"b",-0.370000000000001,-0.770249164151454,0.0444519420587732,0.814024077103867,0.945763597808147,2.46328377487601,TRUE,NA
"b",-0.359999999999999,-0.77600968995288,0.0371339926466723,0.807128051938466,0.940180328585988,2.46219103890077,TRUE,NA
"b",-0.349999999999998,-0.781784149802468,0.029821287513322,0.80023810827395,0.934612552068448,2.46118645688236,TRUE,NA
"b",-0.34,-0.787572173770394,0.0225140223653071,0.793354438215596,0.929060490838557,2.46026992889742,TRUE,NA
"b",-0.329999999999998,-0.793373394987962,0.0152123908994558,0.786477231736523,0.923524366108594,2.45944134387472,TRUE,NA
"b",-0.32,-0.799187449689438,0.00791658479897794,0.779606676671258,0.918004397717888,2.45870057974111,TRUE,NA
"b",-0.309999999999999,-0.80501397725468,0.000626793723570218,0.77274295871049,0.912500804134728,2.45804750357539,TRUE,NA
"b",-0.300000000000001,-0.810852620242517,-0.00665679468945657,0.765886261406286,0.907013802459721,2.45748197175415,TRUE,NA
"b",-0.289999999999999,-0.816703024427099,-0.0139339948333872,0.759036766160625,0.901543608426208,2.45700383010836,TRUE,NA
"b",-0.280000000000001,-0.822564838826492,-0.0212046231315326,0.752194652231908,0.896090436405111,2.45661291407365,TRUE,NA
"b",-0.27,-0.828437715730667,-0.0284684980396668,0.745360096732789,0.890654499407389,2.45630904884504,TRUE,NA
"b",-0.259999999999998,-0.834321310727066,-0.0357254400482786,0.738533274631677,0.885236009087317,2.45609204953332,TRUE,NA
"b",-0.25,-0.840215282721856,-0.0429752716813127,0.731714358753704,0.879835175746602,2.45596172131936,TRUE,NA
"b",-0.239999999999998,-0.846119293959379,-0.0502178174954835,0.724903519786188,0.874452208338959,2.45591785961031,TRUE,NA
"b",-0.23,-0.852033010039972,-0.0574529040802499,0.718100926278709,0.869087314473102,2.45596025019777,TRUE,NA
"b",-0.219999999999999,-0.85795609993389,-0.0646803600545836,0.711306744649504,0.863740700418096,2.45608866941376,TRUE,NA
"b",-0.210000000000001,-0.863888235993886,-0.0719000160646163,0.704521139190329,0.858412571107416,2.45630288428862,TRUE,NA
"b",-0.199999999999999,-0.869829093965375,-0.079111704780253,0.697744272071497,0.853103130143335,2.45660265270862,TRUE,NA
"b",-0.190000000000001,-0.875778352994379,-0.0863152608909847,0.690976303348681,0.847812579801351,2.45698772357354,TRUE,NA
"b",-0.18,-0.881735695633861,-0.0935105211017059,0.684217390968992,0.842541121034341,2.45745783695492,TRUE,NA
"b",-0.169999999999998,-0.887700807847347,-0.100697324126702,0.677467690779787,0.837288953476988,2.45801272425282,TRUE,NA
"b",-0.16,-0.893673379011673,-0.107875510684627,0.670727356535692,0.832056275449452,2.45865210835413,TRUE,NA
"b",-0.149999999999999,-0.899653101917085,-0.115044923491499,0.66399653990808,0.826843283961426,2.45937570378902,TRUE,NA
"b",-0.140000000000001,-0.905639672766369,-0.122205407254338,0.657275390493611,0.821650174715253,2.46018321688837,TRUE,NA
"b",-0.129999999999999,-0.9116327911719,-0.129356808663527,0.650564055824101,0.816477142109201,2.46107434593986,TRUE,NA
"b",-0.120000000000001,-0.917632160151257,-0.136498976384863,0.643862681377071,0.811324379240166,2.46204878134386,TRUE,NA
"b",-0.109999999999999,-0.92363748612167,-0.143631761051596,0.637171410585663,0.806192077905737,2.46310620576915,TRUE,NA
"b",-0.0999999999999979,-0.929648478892594,-0.150755015255283,0.6304903848506,0.801080428606162,2.4642462943073,TRUE,NA
"b",-0.0899999999999999,-0.935664851657458,-0.157868593536997,0.623819743550847,0.795989620545321,2.46546871462716,TRUE,NA
"b",-0.0799999999999983,-0.941686320983737,-0.164972352377473,0.617159624055655,0.790919841631291,2.46677312712788,TRUE,NA
"b",-0.0700000000000003,-0.947712606802152,-0.172066150187391,0.610510161737137,0.78587127847628,2.46815918509172,TRUE,NA
"b",-0.0599999999999987,-0.953743432394606,-0.179149847297075,0.6038714899823,0.780844116395642,2.46962653483584,TRUE,NA
"b",-0.0500000000000007,-0.959778524380987,-0.186223305945774,0.59724374020619,0.775838539406301,2.47117481586294,TRUE,NA
"b",-0.0399999999999991,-0.965817612705158,-0.193286390270915,0.59062704186494,0.77085473022414,2.47280366101148,TRUE,NA
"b",-0.0300000000000011,-0.971860430619837,-0.200338966296831,0.584021522469071,0.765892870260596,2.47451269660457,TRUE,NA
"b",-0.0199999999999996,-0.977906714670633,-0.207380901923277,0.577427307597372,0.760953139618303,2.4763015425979,TRUE,NA
"b",-0.00999999999999801,-0.983956204679296,-0.21441206691381,0.570844520910522,0.756035717085575,2.47816981272688,TRUE,NA
"b",0,-0.99000864372609,-0.221432332883761,0.56427328416526,0.751140780129967,2.48011711465237,TRUE,NA
"b",0.0100000000000016,-0.996063778131487,-0.228441573288123,0.557713717228694,0.746268504890591,2.48214305010556,TRUE,NA
"b",0.0199999999999996,-1.00212135743717,-0.235439663409211,0.551165938092566,0.741419066169246,2.4842472150317,TRUE,NA
"b",0.0300000000000011,-1.00818113438638,-0.242426480344173,0.544630062887959,0.736592637420341,2.4864291997326,TRUE,NA
"b",0.0399999999999991,-1.01424286490365,-0.249401902992251,0.538106205899844,0.73178939073943,2.48868858900796,TRUE,NA
"b",0.0500000000000007,-1.02030630807411,-0.256365812042134,0.531594479581772,0.727009496850377,2.49102496229581,TRUE,NA
"b",0.0599999999999987,-1.02637122612204,-0.263318089958857,0.525094994570926,0.722253125091172,2.49343789381125,TRUE,NA
"b",0.0700000000000003,-1.03243738438924,-0.270258620970969,0.518607859702782,0.717520443398135,2.49592695268448,TRUE,NA
"b",0.0800000000000018,-1.0385045513128,-0.277187291057377,0.512133182026085,0.712811618288639,2.4984917030974,TRUE,NA
"b",0.0899999999999999,-1.0445724984025,-0.284103987934128,0.505671066817874,0.708126814842235,2.50113170441884,TRUE,NA
"b",0.100000000000001,-1.05064100021795,-0.291008601041372,0.499221617598308,0.703466196680078,2.50384651133897,TRUE,NA
"b",0.109999999999999,-1.05670983434531,-0.297901021530025,0.49278493614557,0.698829925942638,2.50663567400208,TRUE,NA
"b",0.120000000000001,-1.06277878137384,-0.304781142248628,0.486361122510777,0.694218163265691,2.50949873813845,TRUE,NA
"b",0.129999999999999,-1.0688476248721,-0.311648857730061,0.479950275032743,0.689631067754429,2.51243524519472,TRUE,NA
"b",0.140000000000001,-1.07491615136406,-0.318504064178415,0.473552490352727,0.685068796955723,2.51544473246331,TRUE,NA
"b",0.150000000000002,-1.08098415030493,-0.32534665945583,0.467167863428964,0.680531506828452,2.51852673321047,TRUE,NA
"b",0.16,-1.08705141405694,-0.332176543069403,0.460796487551281,0.676019351711896,2.5216807768032,TRUE,NA
"b",0.170000000000002,-1.09311773786493,-0.338993616158193,0.454438454355352,0.671532484292045,2.52490638883494,TRUE,NA
"b",0.18,-1.09918291983187,-0.345797781480276,0.448093853836989,0.667071055565919,2.52820309125012,TRUE,NA
"b",0.190000000000001,-1.10524676089441,-0.352588943399963,0.441762774366169,0.662635214803741,2.53157040246759,TRUE,NA
"b",0.199999999999999,-1.11130906479825,-0.359367007875067,0.435445302700842,0.658225109508966,2.53500783750277,TRUE,NA
"b",0.210000000000001,-1.11736963807367,-0.3661318824444,0.429141524000633,0.653840885376168,2.53851490808889,TRUE,NA
"b",0.219999999999999,-1.12342829001096,-0.372883476215326,0.422851521840297,0.649482686246695,2.54209112279694,TRUE,NA
"b",0.23,-1.12948483263593,-0.379621699851527,0.416575378222846,0.645150654062055,2.54573598715462,TRUE,NA
"b",0.240000000000002,-1.13553908068558,-0.386346465560962,0.410313173592598,0.640844928815105,2.54944900376424,TRUE,NA
"b",0.25,-1.1415908515837,-0.39305768708398,0.404064986847793,0.636565648498874,2.55322967241959,TRUE,NA
"b",0.260000000000002,-1.14763996541675,-0.399755279681674,0.397830895353029,0.632312949053128,2.55707749022175,TRUE,NA
"b",0.27,-1.15368624490975,-0.40643916012441,0.391610974951454,0.628086964308618,2.56099195169397,TRUE,NA
"b",0.280000000000001,-1.15972951540247,-0.413109246680682,0.385405299976432,0.623887825928933,2.56497254889564,TRUE,NA
"b",0.289999999999999,-1.16576960482556,-0.419765459106032,0.379213943263215,0.619715663350109,2.56901877153514,TRUE,NA
"b",0.300000000000001,-1.1718063436778,-0.426407718632748,0.373036976159576,0.615570603722642,2.57313010708257,TRUE,NA
"b",0.309999999999999,-1.17783956500018,-0.433035947958086,0.366874468538464,0.611452771826334,2.57730604087885,TRUE,NA
"b",0.32,-1.18386910435669,-0.439650071236129,0.360726488805659,0.607362290034207,2.58154605624937,TRUE,NA
"b",0.330000000000002,-1.18989479980889,-0.446250014066462,0.354593103911885,0.603299278221079,2.58584963461131,TRUE,NA
"b",0.34,-1.19591649189396,-0.452835703484987,0.348474379362004,0.599263853697204,2.59021625558305,TRUE,NA
"b",0.350000000000001,-1.20193402360244,-0.459407067954622,0.342370379224401,0.595256131134077,2.59464539709225,TRUE,NA
"b",0.359999999999999,-1.20794724035619,-0.465964037356319,0.336281166139958,0.591276222487995,2.59913653548325,TRUE,NA
"b",0.370000000000001,-1.21395598998671,-0.472506542980436,0.330206801330593,0.587324236921479,2.60368914562372,TRUE,NA
"b",0.379999999999999,-1.21996012271369,-0.47903451751838,0.32414734460752,0.583400280722585,2.60830270101074,TRUE,NA
"b",0.390000000000001,-1.22595949112404,-0.485547895054654,0.31810285437889,0.579504457222217,2.61297667387626,TRUE,NA
"b",0.400000000000002,-1.23195395015104,-0.492046611059172,0.312073387657242,0.575636866709467,2.6177105352919,TRUE,NA
"b",0.41,-1.237943357054,-0.498530602379965,0.306059000066396,0.571797606344959,2.6225037552733,TRUE,NA
"b",0.420000000000002,-1.24392757139824,-0.504999807236232,0.300059745847944,0.567986770072606,2.6273558028839,TRUE,NA
"b",0.43,-1.24990645503533,-0.51145416521171,0.294075677867336,0.564204448529431,2.63226614633818,TRUE,NA
"b",0.440000000000001,-1.25587987208387,-0.517893617248456,0.288106847619564,0.560450728954025,2.63723425310458,TRUE,NA
"b",0.449999999999999,-1.26184768891044,-0.524318105640926,0.282153305234327,0.556725695093321,2.64225959000782,TRUE,NA
"b",0.460000000000001,-1.26780977411084,-0.530727574030491,0.276215099480878,0.553029427115231,2.64734162333097,TRUE,NA
"b",0.469999999999999,-1.27376599849292,-0.537121967400048,0.270292277772447,0.549362001485164,2.65247981891666,TRUE,NA
"b",0.48,-1.27971623505719,-0.543501232069544,0.264384886170032,0.545723490909999,2.65767364226895,TRUE,NA
"b",0.490000000000002,-1.28566035898046,-0.549865315691276,0.258492969386021,0.542113964213852,2.66292255865376,TRUE,NA
"b",0.5,-1.29159824759851,-0.556214167245809,0.252616570787361,0.538533486246138,2.66822603319955,TRUE,NA
"b",0.510000000000002,-1.29752978038945,-0.562547737038237,0.246755732398173,0.534982117782521,2.67358353099751,TRUE,NA
"b",0.52,-1.30345483895747,-0.568865976694762,0.240910494902074,0.531459915425541,2.67899451720164,TRUE,NA
"b",0.530000000000001,-1.30937330701689,-0.575168839159607,0.235080897644086,0.527966931505002,2.68445845712834,TRUE,NA
"b",0.539999999999999,-1.3152850703767,-0.581456278692245,0.229266978632201,0.524503213978413,2.68997481635585,TRUE,NA
"b",0.550000000000001,-1.32119001692543,-0.587728250865023,0.223468774538442,0.521068806331612,2.69554306082342,TRUE,NA
"b",0.559999999999999,-1.32708803661634,-0.593984712561014,0.217686320699711,0.517663747479871,2.70116265693023,TRUE,NA
"b",0.57,-1.33297902145308,-0.600225621972243,0.211919651118179,0.514288071669674,2.70683307163402,TRUE,NA
"b",0.580000000000002,-1.3388628654756,-0.606450938598162,0.206168798461407,0.510941808381417,2.71255377254952,TRUE,NA
"b",0.59,-1.34473946474647,-0.61266062324445,0.200433794062095,0.507624982233281,2.71832422804662,TRUE,NA
"b",0.600000000000001,-1.35060871733757,-0.618854638022063,0.19471466791756,0.504337612886534,2.72414390734823,TRUE,NA
"b",0.609999999999999,-1.35647052331704,-0.625032946346539,0.189011448688903,0.501079714952524,2.73001228062799,TRUE,NA
"b",0.620000000000001,-1.36232478473659,-0.631195512937577,0.183324163699918,0.497851297901639,2.73592881910761,TRUE,NA
"b",0.629999999999999,-1.36817140561916,-0.637342303818793,0.177652838935764,0.494652365974491,2.7418929951539,TRUE,NA
"b",0.640000000000001,-1.37401029194676,-0.643473286317754,0.171997499041352,0.491482918095626,2.74790428237562,TRUE,NA
"b",0.650000000000002,-1.37984135164876,-0.649588429066142,0.166358167319616,0.488342947790035,2.75396215571987,TRUE,NA
"b",0.66,-1.3856644945903,-0.655687702000147,0.160734865729508,0.485232443102747,2.76006609156819,TRUE,NA
"b",0.670000000000002,-1.39147963256107,-0.661771076360984,0.155127614883886,0.482151386521785,2.76621556783228,TRUE,NA
"b",0.68,-1.39728667926424,-0.667838524695556,0.149536434047266,0.479099754904819,2.77241006404928,TRUE,NA
"b",0.690000000000001,-1.40308555030569,-0.673890020857251,0.143961341133422,0.476077519409738,2.77864906147662,TRUE,NA
"b",0.699999999999999,-1.40887616318341,-0.679925540006797,0.138402352702971,0.47308464542949,2.78493204318641,TRUE,NA
"b",0.710000000000001,-1.41465843727709,-0.685945058613231,0.132859483960808,0.470121092531427,2.79125849415927,TRUE,NA
"b",0.719999999999999,-1.4204322938379,-0.691948554454873,0.127332748753649,0.467186814401499,2.79762790137759,TRUE,NA
"b",0.73,-1.42619765597838,-0.697936006620381,0.121822159567399,0.464281758793482,2.80403975391822,TRUE,NA
"b",0.740000000000002,-1.43195444866254,-0.703907395509737,0.116327727524737,0.461405867483616,2.81049354304444,TRUE,NA
"b",0.75,-1.437702598696,-0.709862702835272,0.110849462382614,0.458559076230834,2.81698876229725,TRUE,NA
"b",0.760000000000002,-1.44344203471627,-0.71580191162262,0.10538737252991,0.455741314742882,2.82352490758586,TRUE,NA
"b",0.77,-1.44917268718306,-0.721725006211568,0.0999414649852429,0.452952506648555,2.83010147727736,TRUE,NA
"b",0.780000000000001,-1.45489448836867,-0.727631972256867,0.0945117453948294,0.450192569476291,2.83671797228554,TRUE,NA
"b",0.789999999999999,-1.46060737234844,-0.73352279672885,0.0890982180306445,0.447461414639336,2.84337389615861,TRUE,NA
"b",0.800000000000001,-1.46631127499113,-0.739397467913961,0.083700885788709,0.444758947427691,2.85006875516612,TRUE,NA
"b",0.809999999999999,-1.47200613395041,-0.74525597541623,0.0783197501862269,0.442085066997144,2.85680205838712,TRUE,NA
"b",0.82,-1.47769188865103,-0.751098310152679,0.0729548113662218,0.439439666415247,2.86357331778455,TRUE,NA
"b",0.830000000000002,-1.48336848028543,-0.756924464360289,0.0676060680880022,0.436822632614233,2.87038204830383,TRUE,NA
"b",0.84,-1.48903585179982,-0.762734431590911,0.0622735177324288,0.43423384645247,2.87722776794473,TRUE,NA
"b",0.850000000000001,-1.49469394788531,-0.768528206711788,0.0569571563003479,0.431673182732548,2.88410999784452,TRUE,NA
"b",0.859999999999999,-1.50034271496802,-0.774305785904606,0.0516569784128401,0.429140510237271,2.89102826235717,TRUE,NA
"b",0.870000000000001,-1.5059821011989,-0.780067166664195,0.0463729773119111,0.42663569177337,2.89798208913101,TRUE,NA
"b",0.879999999999999,-1.51161205644347,-0.7858123477969,0.0411051448616019,0.42415858422296,2.90497100918484,TRUE,NA
"b",0.890000000000001,-1.51723253227141,-0.791541329418558,0.0358534715496398,0.421709038602821,2.9119945569823,TRUE,NA
"b",0.900000000000002,-1.52284348194585,-0.797254112952076,0.0306179464895323,0.41928690013146,2.91905227050455,TRUE,NA
"b",0.91,-1.52844486041253,-0.80295070112459,0.0253985574232524,0.416892008303956,2.92614369132107,TRUE,NA
"b",0.920000000000002,-1.5340366242887,-0.808631097964207,0.0201952907244018,0.4145241969745,2.93326836465867,TRUE,NA
"b",0.93,-1.53961873185174,-0.814295308796231,0.0150081314020382,0.412183294446654,2.94042583946838,TRUE,NA
"b",0.940000000000001,-1.54519114302757,-0.819943340238978,0.00983706310502364,0.409869123571084,2.94761566849049,TRUE,NA
"b",0.949999999999999,-1.55075381937872,-0.825575200199041,0.00468206812704131,0.407581501850779,2.95483740831733,TRUE,NA
"b",0.960000000000001,-1.55630672409212,-0.831190897866089,-0.00045687258781435,0.405320241553536,2.96209061945402,TRUE,NA
"b",0.969999999999999,-1.56184982196663,-0.836790443707082,-0.00557977943870402,0.403085149831548,2.96937486637688,TRUE,NA
"b",0.98,-1.56738307940014,-0.842373849460025,-0.0106866741611511,0.400876028847928,2.97668971758956,TRUE,NA
"b",0.990000000000002,-1.57290646437646,-0.847941128127109,-0.0157775798194213,0.398692675909895,2.98403474567694,TRUE,NA
"b",1,-1.57841994645175,-0.853492293967316,-0.0208525207981971,0.396534883608428,2.99140952735646,TRUE,NA
"b",1.01,-1.58392349674074,-0.859027362488461,-0.0259115227936199,0.394402439964098,2.99881364352714,TRUE,NA
"b",1.02,-1.58941708790242,-0.864546350438655,-0.0309546128035464,0.392295128578787,3.00624667931596,TRUE,NA
"b",1.03,-1.59490069412551,-0.870049275797184,-0.0359818191172233,0.390212728793037,3.01370822412179,TRUE,NA
"b",1.04,-1.60037429111349,-0.875536157764805,-0.0409931713040806,0.388155015848584,3.02119787165678,TRUE,NA
"b",1.05,-1.60583785606928,-0.881007016753484,-0.0459887002020394,0.386121761055928,3.02871521998497,TRUE,NA
"b",1.06,-1.61129136767952,-0.886461874375471,-0.0509684379048565,0.384112731966386,3.03625987155836,TRUE,NA
"b",1.07,-1.61673480609853,-0.891900753431926,-0.0559324177490035,0.382127692548355,3.04383143325025,TRUE,NA
"b",1.08,-1.62216815293183,-0.897323677900817,-0.0608806742996918,0.380166403367432,3.05142951638611,TRUE,NA
"b",1.09,-1.62759139121932,-0.902730672924333,-0.0658132433362801,0.378228621769938,3.05905373677106,TRUE,NA
"b",1.1,-1.6330045054181,-0.908121764795728,-0.0707301618369465,0.376314102069412,3.06670371471569,TRUE,NA
"b",1.11,-1.63840748138492,-0.913496980945517,-0.0756314679627124,0.374422595735816,3.07437907505797,TRUE,NA
"b",1.12,-1.64380030635826,-0.918856349927266,-0.0805172010409174,0.372553851586811,3.08207944718342,TRUE,NA
"b",1.13,-1.64918296894004,-0.924199901402702,-0.0853874015478064,0.370707615980913,3.08980446504182,TRUE,NA
"b",1.14,-1.65455545907706,-0.929527666126362,-0.0902421110907409,0.368883633011961,3.09755376716167,TRUE,NA
"b",1.15,-1.65991776804199,-0.934839675929715,-0.0950813723895755,0.36708164470451,3.10532699666151,TRUE,NA
"b",1.16,-1.66526988841417,-0.940135963704806,-0.0999052292577352,0.365301391209766,3.11312380125892,TRUE,NA
"b",1.17,-1.67061181406,-0.945416563387397,-0.10471372658247,0.363542611001604,3.12094383327689,TRUE,NA
"b",1.18,-1.67594354011303,-0.950681509939592,-0.109506910304478,0.361805041072295,3.12878674964667,TRUE,NA
"b",1.19,-1.68126506295386,-0.955930839332129,-0.114284827397529,0.360088417127561,3.13665221190934,TRUE,NA
"b",1.2,-1.68657638018967,-0.961164588526196,-0.119047525847004,0.358392473780378,3.14453988621387,TRUE,NA
"b",1.21,-1.69187749063351,-0.966382795454765,-0.123795054628116,0.356716944743513,3.15244944331254,TRUE,NA
"b",1.22,-1.69716839428341,-0.971585499003642,-0.128527463684072,0.355061563020053,3.16038055855468,TRUE,NA
"b",1.23,-1.70244909230114,-0.97677273899217,-0.13324480390318,0.353426061091761,3.16833291187699,TRUE,NA
"b",1.24,-1.70771958699088,-0.981944556153316,-0.137947127096056,0.351810171105132,3.1763061877922,TRUE,NA
"b",1.25,-1.71297988177756,-0.9871009921138,-0.142634485972177,0.350213625054132,3.18430007537446,TRUE,NA
"b",1.26,-1.71822998118519,-0.992242089373863,-0.147306934116379,0.348636154959854,3.19231426824333,TRUE,NA
"b",1.27,-1.72346989081513,-0.997367891286614,-0.151964525964885,0.347077493046625,3.20034846454586,TRUE,NA
"b",1.28,-1.72869961732396,-1.00247844203739,-0.156607316781277,0.345537371914544,3.20840236693554,TRUE,NA
"b",1.29,-1.7339191684013,-1.00757378662274,-0.161235362631922,0.344015524707686,3.21647568254932,TRUE,NA
"b",1.3,-1.73912855274772,-1.01265397082895,-0.165848720361377,0.342511685278559,3.22456812298215,TRUE,NA
"b",1.31,-1.74432778005218,-1.01771904121074,-0.170447447566978,0.341025588347501,3.23267940426134,TRUE,NA
"b",1.32,-1.74951686096992,-1.02276904507012,-0.175031602575376,0.339556969657557,3.24080924681814,TRUE,NA
"b",1.33,-1.75469580709985,-1.02780403043405,-0.179601244415151,0.338105566124512,3.24895737545287,TRUE,NA
"b",1.34,-1.75986463096221,-1.03282404603361,-0.184156432793946,0.336671115981716,3.25712351931104,TRUE,NA
"b",1.35,-1.76502334597619,-1.03782914128136,-0.18869722807181,0.335253358919937,3.26530741184007,TRUE,NA
"b",1.36,-1.77017196643743,-1.04281936625043,-0.193223691237032,0.333852036221548,3.2735087907618,TRUE,NA
"b",1.37,-1.77531050749595,-1.04779477165095,-0.197735883879279,0.332466890890157,3.2817273980247,TRUE,NA
"b",1.38,-1.78043898513266,-1.05275540881014,-0.202233868165573,0.331097667773147,3.28996297978026,TRUE,NA
"b",1.39,-1.78555741613981,-1.05770132965089,-0.206717706814972,0.329744113678715,3.2982152863313,TRUE,NA
"b",1.4,-1.79066581809554,-1.06263258666749,-0.211187463074054,0.328405977490747,3.30648407209649,TRUE,NA
"b",1.41,-1.79576420934471,-1.06754923290598,-0.215643200693597,0.32708301027312,3.3147690955613,TRUE,NA
"b",1.42,-1.8008526089732,-1.07245132193964,-0.220084983892561,0.325774965372039,3.32307011924205,TRUE,NA
"b",1.43,-1.80593103679097,-1.07733890785647,-0.224512877355521,0.324481598507106,3.3313869096489,TRUE,NA
"b",1.44,-1.81099951330909,-1.08221204521968,-0.228926946181057,0.323202667869947,3.33971923721304,TRUE,NA
"b",1.45,-1.81605805971555,-1.08707078906919,-0.233327255894118,0.321937934197358,3.34806687622961,TRUE,NA
"b",1.46,-1.82110669785066,-1.09191519489341,-0.237713872372274,0.32068716084791,3.35642960493904,TRUE,NA
"b",1.47,-1.82614545019639,-1.09674531859811,-0.242086861857577,0.319450113887962,3.36480720539758,TRUE,NA
"b",1.48,-1.83117433986598,-1.10156121643142,-0.24644629091584,0.318226562175435,3.37319946291268,TRUE,NA
"b",1.49,-1.83619339050194,-1.10636294514891,-0.250792226182172,0.317016277310053,3.38160616785416,TRUE,NA
"b",1.5,NA,NA,NA,NA,NA,FALSE,"Degenerate case |a_{i,1}| ~= 0 detected; the cubic fallback is not implemented."
"b",1.51,-1.84620207217296,-1.11592412435768,-0.259443885626405,0.314634609012662,3.39846209298375,TRUE,NA
"b",1.52,-1.85119175401269,-1.12068368883862,-0.263749745106214,0.313462784478557,3.40691091012275,TRUE,NA
"b",1.53,-1.85617169678449,-1.12542931494858,-0.268042380799199,0.312303342271839,3.41537336801613,TRUE,NA
"b",1.54,-1.86114192726825,-1.13016106039988,-0.272321861299811,0.311156069552447,3.4238492734144,TRUE,NA
"b",1.55,-1.86610247227656,-1.1348789838124,-0.276588254838723,0.310020755924112,3.43233843704932,TRUE,NA
"b",1.56,-1.87105335912526,-1.13958314398681,-0.28084162987321,0.308897194176744,3.44084067268358,TRUE,NA
"b",1.57,-1.87599461554084,-1.14427359998683,-0.285082054939906,0.307785180200377,3.44935579752782,TRUE,NA
"b",1.58,-1.88092626968943,-1.14895041107653,-0.289309598729825,0.306684513072513,3.45788363200837,TRUE,NA
"b",1.59,-1.88584835013931,-1.15361363671293,-0.293524330032579,0.305594995043495,3.46642399972168,TRUE,NA
"b",1.6,-1.89076088583919,-1.15826333653721,-0.297726317698789,0.304516431540504,3.47497672741832,TRUE,NA
"b",1.61,-1.89566390611139,-1.16289957034611,-0.301915630647957,0.303448631189952,3.48354164493301,TRUE,NA
"b",1.62,-1.90055744062887,-1.16752239808256,-0.30609233783936,0.302391405810077,3.49211858513052,TRUE,NA
"b",1.63,-1.90544151940022,-1.17213187981962,-0.310256508252892,0.301344570412684,3.50070738385264,TRUE,NA
"b",1.64,-1.91031617275364,-1.17672807574112,-0.314408210876048,0.300307943200281,3.50930787988475,TRUE,NA
"b",1.65,-1.91518143132098,-1.18131104613004,-0.318547514684738,0.299281345557349,3.51791991487675,TRUE,NA
"b",1.66,-1.92003732602261,-1.18588085135134,-0.322674488626731,0.298264602041289,3.52654333331995,TRUE,NA
"b",1.67,-1.9248838880516,-1.19043755183892,-0.32678920160664,0.297257540368051,3.53517798247986,TRUE,NA
"b",1.68,-1.92972114885933,-1.19498120808069,-0.330891722470114,0.296259991396889,3.5438237123546,TRUE,NA
"b",1.69,-1.93454914014126,-1.19951188060468,-0.33498211998848,0.295271789112299,3.55248037562103,TRUE,NA
"b",1.7,-1.93936789382224,-1.20402962996617,-0.339060462844277,0.294292770602262,3.5611478275888,TRUE,NA
"b",1.71,-1.94417744204343,-1.20853451673345,-0.343126819616028,0.293322776036224,3.56982592615029,TRUE,NA
"b",1.72,-1.94897781714813,-1.21302660147726,-0.347181258767318,0.292361648638621,3.57851453173508,TRUE,NA
"b",1.73,-1.95376905166904,-1.21750594475672,-0.351223848630425,0.291409234662287,3.58721350725973,TRUE,NA
"b",1.74,-1.95855117831572,-1.22197260710766,-0.355254657395159,0.29046538335973,3.59592271808207,TRUE,NA
"b",1.75,-1.96332422996175,-1.22642664903144,-0.359273753095722,0.289529946951651,3.60464203195469,TRUE,NA
"b",1.76,-1.96808823963272,-1.23086813098381,-0.363281203599051,0.288602780594726,3.61337131898067,TRUE,NA
"b",1.77,-1.97284324049471,-1.23529711336343,-0.367277076593406,0.287683742348203,3.6221104515653,TRUE,NA
"b",1.78,-1.97758926584257,-1.23971365650188,-0.371261439576863,0.2867726931383,3.63085930437556,TRUE,NA
"b",1.79,-1.98232634908883,-1.24411782065332,-0.375234359846695,0.285869496721932,3.63961775429167,TRUE,NA
"b",1.8,-1.98705452375303,-1.24850966598462,-0.379195904489143,0.284974019649367,3.6483856803675,TRUE,NA
"b",1.81,-1.99177382345111,-1.25288925256572,-0.38314614036923,0.284086131225714,3.65716296378506,TRUE,NA
"b",1.82,-1.99648428188519,-1.25725664036093,-0.387085134121795,0.283205703471462,3.66594948781438,TRUE,NA
"b",1.83,-2.00118593283375,-1.26161188921967,-0.391012952141695,0.282332611082459,3.67474513777144,TRUE,NA
"b",1.84,-2.00587881014205,-1.26595505886803,-0.394929660575331,0.281466731389143,3.68354980097677,TRUE,NA
"b",1.85,-2.01056294771286,-1.27028620890072,-0.398835325312647,0.280607944315102,3.69236336671579,TRUE,NA
"b",1.86,-2.01523837949736,-1.27460539877303,-0.402730011978315,0.279756132335145,3.70118572619904,TRUE,NA
"b",1.87,-2.01990513948653,-1.27891268779336,-0.406613785924828,0.27891118043299,3.71001677252392,TRUE,NA
"b",1.88,-2.02456326170269,-1.28320813511604,-0.410486712225152,0.278072976058638,3.71885640063606,TRUE,NA
"b",1.89,-2.02921278019133,-1.28749179973401,-0.414348855665114,0.277241409085438,3.72770450729168,TRUE,NA
"b",1.9,-2.03385372901326,-1.2917637404724,-0.418200280737569,0.276416371767016,3.73656099102106,TRUE,NA
"b",1.91,-2.03848614223697,-1.29602401598207,-0.422041051635726,0.275597758693993,3.74542575209208,TRUE,NA
"b",1.92,-2.04311005393127,-1.30027268473344,-0.425871232247339,0.27478546675069,3.75429869247499,TRUE,NA
"b",1.93,-2.04772549815822,-1.30450980501056,-0.429690886148998,0.273979395071949,3.76317971580723,TRUE,NA
"b",1.94,-2.05233250896622,-1.30873543490559,-0.433500076600816,0.27317944499981,3.77206872735948,TRUE,NA
"b",1.95,-2.05693112038347,-1.31294963231344,-0.437298866541508,0.272385520040439,3.78096563400185,TRUE,NA
"b",1.96,-2.06152136641155,-1.3171524549266,-0.441087318583507,0.271597525821218,3.78987034417134,TRUE,NA
"b",1.97,-2.06610328101933,-1.32134396023027,-0.444865495008639,0.270815370048028,3.79878276783879,TRUE,NA
"b",1.98,-2.07067689813699,-1.32552420549784,-0.448633457763796,0.270038962462708,3.80770281647811,TRUE,NA
"b",1.99,-2.07524225165043,-1.32969324778643,-0.452391268457271,0.269268214800948,3.81663040303503,TRUE,NA
"b",2,-2.07979937539571,-1.33385114393269,-0.456138988354914,0.268503040750443,3.8255654418963,TRUE,NA
"b",2.01,-2.08434830315385,-1.33799795054891,-0.459876678376747,0.267743355909381,3.83450784886028,TRUE,NA
"b",2.02,-2.08888906864578,-1.34213372401918,-0.463604399093892,0.266989077745448,3.84345754110771,TRUE,NA
"b",2.03,-2.09342170552746,-1.34625852049603,-0.467322210725754,0.266240125555099,3.8524144371734,TRUE,NA
"b",2.04,-2.09794624738524,-1.35037239589688,-0.471030173137121,0.265496420423462,3.86137845691772,TRUE,NA
"b",2.05,-2.10246272773141,-1.35447540590108,-0.474728345835877,0.264757885184576,3.8703495214997,TRUE,NA
"b",2.06,-2.10697117999991,-1.35856760594682,-0.478416787970659,0.264024444382216,3.8793275533501,TRUE,NA
"b",2.07,-2.11147163754224,-1.36264905122848,-0.482095558328975,0.26329602423121,3.8883124761452,TRUE,NA
"b",2.08,-2.11596413362354,-1.36671979669392,-0.48576471533521,0.262572552579331,3.89730421478113,TRUE,NA
"b",2.09,-2.12044870141883,-1.37077989704213,-0.489424317049087,0.261853958869676,3.9063026953487,TRUE,NA
"b",2.1,-2.12492537400943,-1.37482940672097,-0.493074421164271,0.261140174103704,3.91530784510903,TRUE,NA
"b",2.11,-2.12939418437957,-1.37886837992499,-0.496715085006962,0.260431130804782,3.92431959246945,TRUE,NA
"b",2.12,-2.13385516541306,-1.38289687059358,-0.500346365534953,0.259726762982381,3.93333786695989,TRUE,NA
"b",2.13,-2.13830834989023,-1.38691493240915,-0.503968319336639,0.259027006096803,3.94236259921018,TRUE,NA
"b",2.14,-2.14275377048494,-1.39092261879542,-0.507581002630298,0.258331797024634,3.95139372092733,TRUE,NA
"b",2.15,-2.14719145976176,-1.39491998291597,-0.511184471263493,0.257641074024684,3.9604311648737,TRUE,NA
"b",2.16,-2.15162145017327,-1.39890707767284,-0.514778780712573,0.256954776704627,3.9694748648456,TRUE,NA
"b",2.17,-2.15604377405754,-1.40288395570525,-0.518363986082449,0.256272845988253,3.97852475565215,TRUE,NA
"b",2.18,-2.16045846363567,-1.40685066938855,-0.521940142106407,0.25559522408331,3.9875807730949,TRUE,NA
"b",2.19,-2.16486555100953,-1.41080727083311,-0.52550730314608,0.254921854450036,3.99664285394769,TRUE,NA
"b",2.2,-2.16926506815957,-1.41475381188352,-0.529065523191529,0.254252681770257,4.00571093593722,TRUE,NA
"b",2.21,-2.17365704694273,-1.41869034411777,-0.532614855861516,0.253587651917145,4.01478495772368,TRUE,NA
"b",2.22,-2.17804151909058,-1.42261691884655,-0.536155354403808,0.252926711925603,4.02386485888228,TRUE,NA
"b",2.23,-2.18241851620739,-1.42653358711276,-0.539687071695667,0.252269809963249,4.03295057988477,TRUE,NA
"b",2.24,-2.18678806976849,-1.43044039969094,-0.543210060244361,0.251616895302039,4.04204206208172,TRUE,NA
"b",2.25,-2.1911502111186,-1.43433740708698,-0.546724372187903,0.250967918290506,4.05113924768499,TRUE,NA
"b",2.26,-2.19550497147031,-1.43822465953778,-0.550230059295802,0.250322830326596,4.06024207975075,TRUE,NA
"b",2.27,-2.19985238190268,-1.44210220701107,-0.553727172969888,0.249681583831115,4.06935050216278,TRUE,NA
"b",2.28,-2.20419247335988,-1.4459700992053,-0.557215764245328,0.249044132221801,4.07846445961624,TRUE,NA
"b",2.29,-2.20852527664996,-1.4498283855496,-0.560695883791593,0.24841042988793,4.08758389760173,TRUE,NA
"b",2.3,-2.21285082244371,-1.45367711520381,-0.564167581913649,0.247780432165576,4.09670876238968,TRUE,NA
"b",2.31,-2.21716914127353,-1.4575163370586,-0.567630908553117,0.247154095313403,4.1058390010155,TRUE,NA
"b",2.32,-2.22148026353251,-1.4613460997357,-0.571085913289592,0.246531376489053,4.11497456126436,TRUE,NA
"b",2.33,-2.22578421947347,-1.46516645158806,-0.574532645341923,0.245912233726099,4.124115391657,TRUE,NA
"b",2.34,-2.23008103920812,-1.46897744070027,-0.577971153569687,0.245296625911528,4.13326144143546,TRUE,NA
"b",2.35,-2.23437075270634,-1.47277911488885,-0.581401486474668,0.244684512763821,4.1424126605494,TRUE,NA
"b",2.36,-2.2386533897954,-1.47657152170274,-0.584823692202312,0.244075854811512,4.15156899964231,TRUE,NA
"b",2.37,-2.2429289801594,-1.48035470842379,-0.588237818543454,0.24347061337234,4.16073041003877,TRUE,NA
"b",2.38,-2.24719755333867,-1.48412872206727,-0.591643912935844,0.242868750532864,4.16989684373118,TRUE,NA
"b",2.39,-2.25145913872927,-1.48789360938249,-0.595042022465935,0.242270229128641,4.17906825336745,TRUE,NA
"b",2.4,-2.25571376558256,-1.49164941685344,-0.598432193870576,0.241675012724878,4.18824459223857,TRUE,NA
"b",2.41,-2.25996146300478,-1.49539619069948,-0.601814473538827,0.241083065597585,4.19742581426663,TRUE,NA
"b",2.42,-2.26420225995675,-1.49913397687607,-0.605188907513808,0.240494352715222,4.20661187399316,TRUE,NA
"b",2.43,-2.26843618525356,-1.50286282107554,-0.60855554149457,0.239908839720801,4.21580272656761,TRUE,NA
"b",2.44,-2.27266326756436,-1.50658276872791,-0.611914420837984,0.239326492914486,4.22499832773619,TRUE,NA
"b",2.45,-2.27688353541217,-1.51029386500171,-0.615265590560711,0.23874727923662,4.23419863383092,TRUE,NA
"b",2.46,-2.28109701717378,-1.51399615480492,-0.6186090953412,0.238171166251211,4.243403601759,TRUE,NA
"b",2.47,-2.28530374107959,-1.51768968278581,-0.621944979521643,0.237598122129865,4.25261318899224,TRUE,NA
"b",2.48,-2.28950373521362,-1.52137449333398,-0.625273287110102,0.237028115636131,4.26182735355701,TRUE,NA
"b",2.49,-2.29369702751351,-1.52505063058125,-0.628594061782479,0.236461116110275,4.2710460540242,TRUE,NA
"b",2.5,-2.29788364577051,-1.52871813840269,-0.631907346884691,0.235897093454472,4.28026924949948,TRUE,NA
"b",2.51,-2.3020636176296,-1.53237706041772,-0.635213185434723,0.235336018118372,4.28949689961379,TRUE,NA
"b",2.52,-2.30623697058957,-1.53602743999103,-0.638511620124793,0.23477786108509,4.29872896451405,TRUE,NA
"b",2.53,-2.31040373200316,-1.53966932023379,-0.641802693323486,0.234222593857562,4.30796540485403,TRUE,NA
"b",2.54,-2.31456392907727,-1.54330274400465,-0.645086447077929,0.233670188445261,4.31720618178551,TRUE,NA
"b",2.55,-2.31871758887314,-1.54692775391094,-0.648362923115992,0.233120617351317,4.32645125694957,TRUE,NA
"b",2.56,-2.3228647383066,-1.55054439230972,-0.651632162848446,0.232573853559954,4.33570059246809,TRUE,NA
"b",2.57,-2.32700540414834,-1.55415270130903,-0.654894207371204,0.232029870524286,4.34495415093545,TRUE,NA
"b",2.58,-2.33113961302418,-1.55775272276897,-0.658149097467531,0.231488642154469,4.35421189541043,TRUE,NA
"b",2.59,-2.33526739141545,-1.56134449830293,-0.661396873610268,0.23095014280616,4.36347378940824,TRUE,NA
"b",2.6,-2.33938876565929,-1.56492806927882,-0.664637575964071,0.230414347269311,4.37273979689277,TRUE,NA
"b",2.61,-2.34350376194901,-1.5685034768202,-0.667871244387652,0.229881230757265,4.38200988226906,TRUE,NA
"b",2.62,-2.34761240633455,-1.57207076180758,-0.671097918436056,0.229350768896187,4.39128401037579,TRUE,NA
"b",2.63,-2.35171472472283,-1.57562996487961,-0.674317637362857,0.228822937714747,4.40056214647807,TRUE,NA
"b",2.64,-2.35581074287822,-1.57918112643433,-0.677530440122461,0.228297713634142,4.40984425626032,TRUE,NA
"b",2.65,-2.35990048642298,-1.58272428663044,-0.680736365372342,0.227775073458359,4.41913030581931,TRUE,NA
"b",2.66,-2.36398398083776,-1.58625948538853,-0.683935451475317,0.227254994364745,4.42842026165742,TRUE,NA
"b",2.67,-2.36806125146207,-1.58978676239237,-0.687127736501792,0.226737453894825,4.43771409067598,TRUE,NA
"b",2.68,-2.37213232349479,-1.59330615709017,-0.690313258232015,0.226222429945388,4.44701176016866,TRUE,NA
"b",2.69,-2.37619722199471,-1.59681770869586,-0.693492054158348,0.225709900759822,4.45631323781529,TRUE,NA
"b",2.7,-2.38025597188108,-1.60032145619036,-0.696664161487513,0.225199844919716,4.46561849167546,TRUE,NA
"b",2.71,-2.38430859793413,-1.60381743832291,-0.699829617142835,0.224692241336663,4.4749274901825,TRUE,NA
"b",2.72,-2.38835512479565,-1.60730569361229,-0.702988457766505,0.224187069244336,4.48424020213755,TRUE,NA
"b",2.73,-2.39239557696961,-1.61078626034818,-0.706140719721806,0.223684308190763,4.49355659670365,TRUE,NA
"b",2.74,-2.3964299788227,-1.61425917659239,-0.709286439095352,0.223183938030846,4.50287664340005,TRUE,NA
"b",2.75,-2.40045835458495,-1.61772448018022,-0.71242565169932,0.22268593891907,4.5122003120966,TRUE,NA
"b",2.76,-2.40448072835039,-1.62118220872168,-0.715558393073669,0.222190291302437,4.5215275730083,TRUE,NA
"b",2.77,-2.40849712407759,-1.62463239960288,-0.71868469848836,0.221696975913604,4.5308583966899,TRUE,NA
"b",2.78,-2.41250756559037,-1.62807508998722,-0.721804602945559,0.221205973764202,4.54019275403066,TRUE,NA
"b",2.79,-2.41651207657841,-1.63151031681679,-0.724918141181837,0.220717266138365,4.5495306162492,TRUE,NA
"b",2.8,-2.42051068059791,-1.63493811681357,-0.728025347670353,0.220230834586423,4.55887195488845,TRUE,NA
"b",2.81,-2.42450340107223,-1.63835852648078,-0.731126256623038,0.219746660918809,4.56821674181071,TRUE,NA
"b",2.82,-2.42849026129258,-1.64177158210417,-0.734220901992777,0.219264727200098,4.57756494919282,TRUE,NA
"b",2.83,-2.43247128441869,-1.64517731975328,-0.73730931747554,0.218785015743254,4.5869165495214,TRUE,NA
"b",2.84,-2.43644649347946,-1.64857577528274,-0.740391536512561,0.218307509104018,4.59627151558823,TRUE,NA
"b",2.85,-2.44041591137367,-1.65196698433355,-0.743467592292452,0.217832190075468,4.60562982048567,TRUE,NA
"b",2.86,-2.44437956087068,-1.65535098233436,-0.746537517753347,0.217359041682728,4.61499143760221,TRUE,NA
"b",2.87,-2.44833746461108,-1.65872780450277,-0.749601345585004,0.216888047177837,4.6243563406181,TRUE,NA
"b",2.88,-2.45228964510743,-1.66209748584653,-0.752659108230906,0.216419190034753,4.63372450350103,TRUE,NA
"b",2.89,-2.45623612474495,-1.66546006116492,-0.755710837890365,0.215952453944508,4.64309590050197,TRUE,NA
"b",2.9,-2.4601769257822,-1.66881556504989,-0.75875656652058,0.215487822810496,4.65247050615102,TRUE,NA
"b",2.91,-2.46411207035181,-1.6721640318874,-0.761796325838714,0.215025280743897,4.66184829525336,TRUE,NA
"b",2.92,-2.4680415804612,-1.67550549585868,-0.764830147323946,0.214564812059228,4.67122924288534,TRUE,NA
"b",2.93,-2.47196547799329,-1.6788399909414,-0.767858062219499,0.214106401270031,4.68061332439046,TRUE,NA
"b",2.94,-2.47588378470716,-1.68216755091101,-0.77088010153467,0.213650033084661,4.69000051537576,TRUE,NA
"b",2.95,-2.47979652223887,-1.68548820934189,-0.773896296046841,0.213195692402219,4.69939079170788,TRUE,NA
"b",2.96,-2.48370371210207,-1.68880199960865,-0.776906676303473,0.212743364308578,4.7087841295095,TRUE,NA
"b",2.97,-2.4876053756888,-1.69210895488733,-0.779911272624085,0.21229303407253,4.71818050515571,TRUE,NA
"b",2.98,-2.49150153427017,-1.69540910815662,-0.782910115102234,0.211844687142048,4.72757989527049,TRUE,NA
"b",2.99,-2.49539220899708,-1.69870249219906,-0.785903233607455,0.211398309140635,4.73698227672321,TRUE,NA
"b",3,-2.49927742090096,-1.70198913960228,-0.788890657787218,0.210953885863788,4.74638762662524,TRUE,NA
"b",3.01,-2.50315719089448,-1.70526908276019,-0.791872417068831,0.21051140327556,4.75579592232664,TRUE,NA
"b",3.02,-2.50703153977227,-1.70854235387416,-0.794848540661361,0.210070847505214,4.7652071414128,TRUE,NA
"b",3.03,-2.51090048821164,-1.71180898495424,-0.797819057557545,0.209632204843965,4.77462126170134,TRUE,NA
"b",3.04,-2.5147640567733,-1.71506900782031,-0.80078399653564,0.209195461741822,4.78403826123882,TRUE,NA
"b",3.05,-2.5186222659021,-1.71832245410328,-0.803743386161325,0.20876060480451,4.79345811829772,TRUE,NA
"b",3.06,-2.5224751359277,-1.72156935524627,-0.806697254789516,0.208327620790471,4.80288081137337,TRUE,NA
"b",3.07,-2.52632268706534,-1.72480974250571,-0.809645630566227,0.207896496607973,4.81230631918094,TRUE,NA
"b",3.08,-2.53016493941652,-1.72804364695259,-0.812588541430392,0.207467219312254,4.8217346206525,TRUE,NA
"b",3.09,-2.53400191296973,-1.73127109947354,-0.815526015115668,0.207039776102786,4.83116569493415,TRUE,NA
"b",3.1,-2.53783362760116,-1.734492130772,-0.818458079152204,0.206614154320587,4.84059952138317,TRUE,NA
"b",3.11,-2.54166010307541,-1.73770677136935,-0.821384760868466,0.206190341445615,4.8500360795652,TRUE,NA
"b",3.12,-2.5454813590462,-1.74091505160604,-0.824306087392956,0.205768325094228,4.85947534925159,TRUE,NA
"b",3.13,-2.54929741505707,-1.74411700164271,-0.827222085655976,0.205348093016718,4.86891731041657,TRUE,NA
"b",3.14,-2.55310829054211,-1.74731265146132,-0.83013278239137,0.2049296330949,4.87836194323473,TRUE,NA
"b",3.15,-2.55691400482661,-1.75050203086623,-0.833038204138227,0.204512933339777,4.88780922807836,TRUE,NA
"b",3.16,-2.56071457712783,-1.75368516948533,-0.835938377242583,0.204097981889254,4.89725914551485,TRUE,NA
"b",3.17,-2.56451002655564,-1.75686209677111,-0.838833327859123,0.203684767005926,4.90671167630429,TRUE,NA
"b",3.18,-2.56830037211324,-1.76003284200177,-0.841723081952843,0.203273277074907,4.91616680139687,TRUE,NA
"b",3.19,-2.57208563269785,-1.76319743428229,-0.844607665300715,0.202863500601732,4.92562450193058,TRUE,NA
"b",3.2,-2.5758658271014,-1.76635590254551,-0.84748710349332,0.202455426210302,4.93508475922867,TRUE,NA
"b",3.21,-2.57964097401122,-1.76950827555317,-0.850361421936496,0.202049042640883,4.94454755479744,TRUE,NA
"b",3.22,-2.5834110920107,-1.77265458189701,-0.853230645852931,0.201644338748161,4.95401287032383,TRUE,NA
"b",3.23,-2.58717619958002,-1.7757948499998,-0.856094800283781,0.201241303499345,4.96348068767321,TRUE,NA
"b",3.24,-2.59093631509676,-1.77892910811639,-0.858953910090245,0.200839925972313,4.97295098888709,TRUE,NA
"b",3.25,-2.59469145683664,-1.78205738433474,-0.861807999955141,0.200440195353812,4.98242375618096,TRUE,NA
"b",3.26,-2.59844164297416,-1.78517970657698,-0.86465709438447,0.20004210093769,4.99189897194214,TRUE,NA
"b",3.27,-2.60218689158324,-1.78829610260039,-0.867501217708938,0.199645632123196,5.00137661872757,TRUE,NA
"b",3.28,-2.60592722063796,-1.79140659999849,-0.870340394085506,0.199250778413295,5.01085667926179,TRUE,NA
"b",3.29,-2.60966264801314,-1.79451122620197,-0.873174647498902,0.198857529413037,5.02033913643485,TRUE,NA
"b",3.3,-2.61339319148505,-1.79761000847975,-0.876004001763102,0.198465874827974,5.02982397330028,TRUE,NA
"b",3.31,-2.61711886873203,-1.80070297393998,-0.878828480522854,0.198075804462592,5.03931117307312,TRUE,NA
"b",3.32,-2.62083969733519,-1.80379014953098,-0.881648107255109,0.197687308218811,5.04880071912789,TRUE,NA
"b",3.33,-2.62455569477899,-1.80687156204231,-0.884462905270512,0.197300376094487,5.05829259499673,TRUE,NA
"b",3.34,-2.62826687845194,-1.80994723810565,-0.887272897714828,0.196914998181988,5.06778678436739,TRUE,NA
"b",3.35,-2.63197326564721,-1.81301720419588,-0.890078107570393,0.196531164666764,5.07728327108152,TRUE,NA
"b",3.36,-2.63567487356327,-1.81608148663195,-0.892878557657511,0.196148865825981,5.08678203913264,TRUE,NA
"b",3.37,-2.63937171930453,-1.81914011157791,-0.895674270635879,0.195768092027167,5.09628307266443,TRUE,NA
"b",3.38,-2.64306381988196,-1.82219310504381,-0.898465269005969,0.195388833726909,5.10578635596893,TRUE,NA
"b",3.39,-2.64675119221374,-1.82524049288671,-0.90125157511041,0.195011081469555,5.11529187348474,TRUE,NA
"b",3.4,-2.65043385312582,-1.82828230081156,-0.904033211135351,0.194634825885967,5.12479960979529,TRUE,NA
"b",3.41,-2.65411181935261,-1.83131855437215,-0.906810199111813,0.194260057692294,5.13430954962715,TRUE,NA
"b",3.42,-2.65778510753756,-1.83434927897209,-0.909582560917044,0.193886767688765,5.14382167784835,TRUE,NA
"b",3.43,-2.66145373423375,-1.83737449986567,-0.912350318275825,0.193514946758525,5.15333597946668,TRUE,NA
"b",3.44,-2.66511771590453,-1.84039424215878,-0.915113492761798,0.193144585866484,5.16285243962807,TRUE,NA
"b",3.45,-2.6687770689241,-1.84340853080989,-0.917872105798766,0.192775676058196,5.17237104361502,TRUE,NA
"b",3.46,-2.67243180957813,-1.84641739063088,-0.920626178661983,0.192408208458759,5.18189177684494,TRUE,NA
"b",3.47,-2.67608195406432,-1.84942084628795,-0.923375732479429,0.192042174271746,5.19141462486862,TRUE,NA
"b",3.48,-2.67972751849303,-1.85241892230255,-0.926120788233077,0.191677564778147,5.20093957336871,TRUE,NA
"b",3.49,-2.68336851888783,-1.85541164305226,-0.928861366760147,0.19131437133535,5.21046660815818,TRUE,NA
"b",3.5,-2.68700497118612,-1.85839903277164,-0.931597488754343,0.190952585376125,5.2199957151788,TRUE,NA
"b",3.51,-2.69063689123966,-1.86138111555312,-0.934329174767097,0.190592198407641,5.2295268804997,TRUE,NA
"b",3.52,-2.69426429481519,-1.86435791534791,-0.937056445208761,0.190233202010504,5.23906009031589,TRUE,NA
"b",3.53,-2.69788719759499,-1.86732945596678,-0.939779320349836,0.189875587837807,5.24859533094684,TRUE,NA
"b",3.54,-2.70150561517743,-1.87029576108103,-0.942497820322154,0.189519347614203,5.25813258883507,TRUE,NA
"b",3.55,-2.70511956307754,-1.87325685422323,-0.945211965120062,0.189164473135002,5.26767185054473,TRUE,NA
"b",3.56,-2.70872905672759,-1.87621275878818,-0.947921774601601,0.188810956265276,5.27721310276025,TRUE,NA
"b",3.57,-2.71233411147762,-1.87916349803364,-0.950627268489653,0.188458788938991,5.28675633228499,TRUE,NA
"b",3.58,-2.71593474259599,-1.88210909508128,-0.953328466373102,0.188107963158148,5.29630152603987,TRUE,NA
"b",3.59,-2.71953096526996,-1.88504957291742,-0.956025387707963,0.187758470991949,5.30584867106208,TRUE,NA
"b",3.6,-2.7231227946062,-1.88798495439391,-0.958718051818514,0.187410304575973,5.3153977545038,TRUE,NA
"b",3.61,-2.72671024563134,-1.89091526222894,-0.961406477898409,0.187063456111368,5.32494876363085,TRUE,NA
"b",3.62,-2.73029333329253,-1.89384051900787,-0.964090685011792,0.186717917864063,5.33450168582153,TRUE,NA
"b",3.63,-2.73387207245792,-1.89676074718398,-0.966770692094366,0.186373682163991,5.34405650856525,TRUE,NA
"b",3.64,-2.73744647791724,-1.89967596907938,-0.969446517954516,0.186030741404327,5.35361321946141,TRUE,NA
"b",3.65,-2.74101656438231,-1.90258620688573,-0.972118181274342,0.18568908804074,5.36317180621813,TRUE,NA
"b",3.66,-2.74458234648756,-1.90549148266507,-0.974785700610756,0.18534871459066,5.37273225665105,TRUE,NA
"b",3.67,-2.74814383879052,-1.9083918183506,-0.977449094396512,0.185009613632557,5.38229455868222,TRUE,NA
"b",3.68,-2.75170105577239,-1.91128723574748,-0.980108380941258,0.184671777805234,5.3918587003388,TRUE,NA
"b",3.69,-2.75525401183851,-1.91417775653362,-0.982763578432571,0.184335199807131,5.4014246697521,TRUE,NA
"b",3.7,-2.75880272131886,-1.91706340226041,-0.985414704936967,0.183999872395646,5.41099245515623,TRUE,NA
"b",3.71,-2.76234719846859,-1.91994419435356,-0.988061778400934,0.183665788386458,5.42056204488719,TRUE,NA
"b",3.72,-2.76588745746853,-1.92282015411383,-0.990704816651916,0.183332940652876,5.43013342738162,TRUE,NA
"b",3.73,-2.76942351242562,-1.92569130271778,-0.993343837399317,0.183001322125183,5.43970659117578,TRUE,NA
"b",3.74,-2.77295537737349,-1.92855766121858,-0.995978858235481,0.182670925790008,5.44928152490447,TRUE,NA
"b",3.75,-2.77648306627287,-1.9314192505467,-0.998609896636669,0.182341744689691,5.45885821729993,TRUE,NA
"b",3.76,-2.78000659301214,-1.93427609151072,-1.00123696996402,0.182013771921679,5.46843665719086,TRUE,NA
"b",3.77,-2.78352597140774,-1.93712820479805,-1.00386009546451,0.181687000637909,5.47801683350133,TRUE,NA
"b",3.78,-2.78704121520473,-1.93997561097565,-1.0064792902719,0.181361424044222,5.48759873524979,TRUE,NA
"b",3.79,-2.79055233807721,-1.9428183304908,-1.00909457140766,0.181037035399774,5.49718235154807,TRUE,NA
"b",3.8,-2.79405935362878,-1.94565638367182,-1.01170595578193,0.180713828016462,5.50676767160036,TRUE,NA
"b",3.81,-2.79756227539305,-1.9484897907288,-1.01431346019439,0.180391795258352,5.51635468470226,TRUE,NA
"b",3.82,-2.8010611168341,-1.95131857175432,-1.01691710133523,0.180070930541131,5.52594338023979,TRUE,NA
"b",3.83,-2.80455589134689,-1.95414274672417,-1.01951689578599,0.179751227331552,5.53553374768844,TRUE,NA
"b",3.84,-2.80804661225777,-1.95696233549806,-1.0221128600205,0.179432679146894,5.54512577661226,TRUE,NA
"b",3.85,-2.81153329282493,-1.95977735782036,-1.02470501040575,0.179115279554432,5.55471945666288,TRUE,NA
"b",3.86,-2.8150159462388,-1.96258783332076,-1.02729336320276,0.178799022170911,5.56431477757863,TRUE,NA
"b",3.87,-2.81849458562256,-1.965393781515,-1.02987793456745,0.178483900662039,5.57391172918359,TRUE,NA
"b",3.88,-2.82196922403254,-1.96819522180559,-1.03245874055151,0.178169908741965,5.58351030138675,TRUE,NA
"b",3.89,-2.8254398744587,-1.97099217348245,-1.03503579710324,0.177857040172793,5.5931104841811,TRUE,NA
"b",3.9,-2.82890654982501,-1.97378465572367,-1.03760912006839,0.177545288764082,5.60271226764274,TRUE,NA
"b",3.91,-2.83236926298993,-1.97657268759611,-1.04017872519102,0.177234648372361,5.61231564193003,TRUE,NA
"b",3.92,-2.83582802674684,-1.97935628805617,-1.04274462811429,0.176925112900652,5.62192059728277,TRUE,NA
"b",3.93,-2.83928285382443,-1.98213547595042,-1.04530684438131,0.176616676298004,5.6315271240213,TRUE,NA
"b",3.94,-2.84273375688716,-1.98491027001628,-1.04786538943595,0.176309332559016,5.64113521254573,TRUE,NA
"b",3.95,-2.84618074853569,-1.9876806888827,-1.05042027862362,0.176003075723393,5.65074485333507,TRUE,NA
"b",3.96,-2.84962384130723,-1.99044675107083,-1.05297152719209,0.175697899875487,5.66035603694648,TRUE,NA
"b",3.97,-2.85306304767603,-1.99320847499465,-1.05551915029226,0.175393799143856,5.66996875401436,TRUE,NA
"b",3.98,-2.85649838005377,-1.99596587896168,-1.05806316297896,0.175090767700822,5.67958299524972,TRUE,NA
"b",3.99,-2.85992985078994,-1.99871898117362,-1.06060358021172,0.17478879976204,5.68919875143926,TRUE,NA
"b",4,-2.86335747217226,-2.00146779972697,-1.06314041685552,0.174487889586073,5.69881601344466,TRUE,NA
"b",4.01,-2.86678125642713,-2.00421235261373,-1.06567368768158,0.174188031473971,5.70843477220184,TRUE,NA
"b",4.02,-2.87020121571994,-2.00695265772198,-1.06820340736807,0.173889219768854,5.71805501872013,TRUE,NA
"b",4.03,-2.87361736215553,-2.00968873283659,-1.0707295905009,0.173591448855505,5.72767674408164,TRUE,NA
"b",4.04,-2.87702970777858,-2.01242059563982,-1.07325225157442,0.173294713159968,5.73729993944041,TRUE,NA
"b",4.05,-2.88043826457396,-2.01514826371195,-1.07577140499219,0.172999007149142,5.74692459602179,TRUE,NA
"b",4.06,-2.88384304446717,-2.01787175453193,-1.07828706506767,0.172704325330398,5.75655070512161,TRUE,NA
"b",4.07,-2.88724405932468,-2.02059108547798,-1.08079924602494,0.172410662251185,5.76617825810559,TRUE,NA
"b",4.08,-2.89064132095434,-2.02330627382825,-1.08330796199945,0.172118012498647,5.77580724640857,TRUE,NA
"b",4.09,-2.89403484110574,-2.0260173367614,-1.08581322703867,0.171826370699251,5.78543766153382,TRUE,NA
"b",4.1,-2.89742463147059,-2.02872429135726,-1.08831505510281,0.171535731518402,5.79506949505241,TRUE,NA
"b",4.11,-2.90081070368312,-2.03142715459739,-1.09081346006555,0.171246089660093,5.80470273860247,TRUE,NA
"b",4.12,-2.9041930693204,-2.03412594336573,-1.09330845571465,0.17095743986652,5.81433738388857,TRUE,NA
"b",4.13,-2.90757173990275,-2.03682067444919,-1.09580005575269,0.170669776917744,5.82397342268104,TRUE,NA
"b",4.14,-2.91094672689409,-2.03951136453826,-1.09828827379772,0.170383095631323,5.83361084681532,TRUE,NA
"b",4.15,-2.91431804170228,-2.0421980302276,-1.1007731233839,0.170097390861963,5.84324964819134,TRUE,NA
"b",4.16,-2.91768569567953,-2.04488068801663,-1.10325461796221,0.16981265750118,5.85288981877285,TRUE,NA
"b",4.17,-2.9210497001227,-2.04755935431015,-1.10573277090107,0.169528890476952,5.86253135058683,TRUE,NA
"b",4.18,-2.92441006627369,-2.0502340454189,-1.10820759548701,0.169246084753385,5.87217423572282,TRUE,NA
"b",4.19,-2.92776680531979,-2.05290477756015,-1.11067910492526,0.168964235330377,5.88181846633239,TRUE,NA
"b",4.2,-2.93111992839401,-2.05557156685829,-1.11314731234047,0.168683337243297,5.89146403462842,TRUE,NA
"b",4.21,-2.93446944657543,-2.05823442934542,-1.11561223077724,0.168403385562649,5.90111093288461,TRUE,NA
"b",4.22,-2.93781537088955,-2.06089338096189,-1.11807387320085,0.168124375393754,5.91075915343481,TRUE,NA
"b",4.23,-2.94115771230864,-2.06354843755692,-1.12053225249778,0.167846301876443,5.92040868867249,TRUE,NA
"b",4.24,-2.94449648175205,-2.06619961488912,-1.12298738147639,0.16756916018473,5.93005953105013,TRUE,NA
"b",4.25,-2.94783169008658,-2.0688469286271,-1.1254392728675,0.16729294552651,5.93971167307864,TRUE,NA
"b",4.26,-2.95116334812679,-2.07149039434999,-1.12788793932498,0.167017653143249,5.94936510732684,TRUE,NA
"b",4.27,-2.95449146663532,-2.07413002754805,-1.13033339342638,0.166743278309686,5.95901982642086,TRUE,NA
"b",4.28,-2.95781605632326,-2.07676584362318,-1.13277564767348,0.166469816333531,5.96867582304361,TRUE,NA
"b",4.29,-2.96113712785043,-2.07939785788949,-1.13521471449292,0.166197262555168,5.9783330899342,TRUE,NA
"b",4.3,-2.96445469182572,-2.08202608557386,-1.13765060623673,0.16592561234737,5.98799161988746,TRUE,NA
"b",4.31,-2.96776875880744,-2.08465054181648,-1.14008333518293,0.165654861114999,5.99765140575337,TRUE,NA
"b",4.32,-2.97107933930358,-2.08727124167139,-1.14251291353613,0.165385004294732,6.0073124404365,TRUE,NA
"b",4.33,-2.97438644377217,-2.08988820010702,-1.14493935342801,0.165116037354773,6.01697471689559,TRUE,NA
"b",4.34,-2.97769008262159,-2.09250143200673,-1.14736266691798,0.164847955794573,6.02663822814291,TRUE,NA
"b",4.35,-2.98099026621087,-2.09511095216936,-1.14978286599364,0.164580755144558,6.03630296724386,TRUE,NA
"b",4.36,-2.98428700484998,-2.09771677530974,-1.15219996257141,0.164314430965856,6.04596892731636,TRUE,NA
"b",4.37,-2.98758030880018,-2.10031891605922,-1.15461396849701,0.164048978850019,6.05563610153049,TRUE,NA
"b",4.38,-2.99087018827429,-2.1029173889662,-1.15702489554603,0.163784394418776,6.06530448310784,TRUE,NA
"b",4.39,-2.99415665343703,-2.10551220849668,-1.15943275542446,0.163520673323742,6.07497406532116,TRUE,NA
"b",4.4,-2.99743971440526,-2.10810338903472,-1.16183755976923,0.163257811246183,6.08464484149379,TRUE,NA
"b",4.41,-3.00071938124832,-2.110690944883,-1.1642393201487,0.162995803896744,6.09431680499921,TRUE,NA
"b",4.42,-3.00399566398833,-2.11327489026336,-1.16663804806321,0.162734647015196,6.10398994926061,TRUE,NA
"b",4.43,-3.00726857260046,-2.11585523931721,-1.1690337549456,0.162474336370184,6.11366426775034,TRUE,NA
"b",4.44,-3.01053811701324,-2.11843200610617,-1.17142645216168,0.162214867758981,6.12333975398954,TRUE,NA
"b",4.45,-3.01380430710882,-2.12100520461245,-1.17381615101078,0.161956237007238,6.13301640154763,TRUE,NA
"b",4.46,-3.01706715272331,-2.12357484873946,-1.17620286272622,0.16169843996874,6.14269420404186,TRUE,NA
"b",4.47,-3.02032666364699,-2.12614095231221,-1.17858659847584,0.161441472525164,6.15237315513691,TRUE,NA
"b",4.48,-3.02358284962468,-2.1287035290779,-1.18096736936245,0.161185330585844,6.1620532485444,TRUE,NA
"b",4.49,-3.02683572035592,-2.13126259270634,-1.18334518642436,0.160930010087529,6.17173447802247,TRUE,NA
"b",4.5,-3.03008528549535,-2.13381815679047,-1.18572006063583,0.160675506994156,6.18141683737536,TRUE,NA
"b",4.51,-3.03333155465291,-2.13637023484686,-1.18809200290755,0.16042181729661,6.19110032045299,TRUE,NA
"b",4.52,-3.03657453739416,-2.13891884031617,-1.19046102408717,0.160168937012502,6.20078492115051,TRUE,NA
"b",4.53,-3.03981424324053,-2.14146398656364,-1.19282713495967,0.159916862185941,6.21047063340791,TRUE,NA
"b",4.54,-3.04305068166958,-2.14400568687958,-1.19519034624794,0.15966558888731,6.22015745120962,TRUE,NA
"b",4.55,-3.0462838621153,-2.14654395447984,-1.19755066861315,0.15941511321304,6.22984536858404,TRUE,NA
"b",4.56,-3.04951379396836,-2.14907880250626,-1.19990811265526,0.159165431285399,6.23953437960322,TRUE,NA
"b",4.57,-3.05274048657636,-2.1516102440272,-1.20226268891346,0.158916539252267,6.24922447838239,TRUE,NA
"b",4.58,-3.05596394924412,-2.15413829203793,-1.20461440786662,0.158668433286925,6.25891565907963,TRUE,NA
"b",4.59,-3.05918419123391,-2.15666295946116,-1.20696327993373,0.158421109587843,6.26860791589542,TRUE,NA
"b",4.6,-3.06240122176575,-2.15918425914746,-1.20930931547435,0.158174564378466,6.27830124307231,TRUE,NA
"b",4.61,-3.06561505001762,-2.16170220387577,-1.21165252478905,0.15792879390701,6.28799563489447,TRUE,NA
"b",4.62,-3.06882568512574,-2.16421680635378,-1.21399291811984,0.157683794446252,6.29769108568741,TRUE,NA
"b",4.63,-3.07203313618482,-2.16672807921846,-1.21633050565062,0.157439562293332,6.3073875898175,TRUE,NA
"b",4.64,-3.07523741224832,-2.16923603503647,-1.21866529750755,0.157196093769541,6.31708514169169,TRUE,NA
"b",4.65,-3.07843852232867,-2.17174068630461,-1.22099730375956,0.156953385220131,6.32678373575708,TRUE,NA
"b",4.66,-3.08163647539755,-2.1742420454503,-1.22332653441869,0.156711433014113,6.33648336650059,TRUE,NA
"b",4.67,-3.08483128038612,-2.17674012483197,-1.22565299944054,0.156470233544059,6.34618402844861,TRUE,NA
"b",4.68,-3.08802294618526,-2.17923493673955,-1.2279767087247,0.156229783225913,6.35588571616663,TRUE,NA
"b",4.69,-3.09121148164582,-2.18172649339488,-1.23029767211513,0.155990078498797,6.36558842425889,TRUE,NA
"b",4.7,-3.09439689557886,-2.18421480695214,-1.23261589940057,0.155751115824819,6.37529214736803,TRUE,NA
"b",4.71,-3.09757919675589,-2.18669988949832,-1.23493140031496,0.155512891688887,6.38499688017479,TRUE,NA
"b",4.72,-3.10075839390909,-2.18918175305361,-1.2372441845378,0.155275402598526,6.3947026173976,TRUE,NA
"b",4.73,-3.10393449573156,-2.19166040957185,-1.2395542616946,0.155038645083683,6.4044093537923,TRUE,NA
"b",4.74,-3.10710751087758,-2.19413587094095,-1.24186164135723,0.154802615696559,6.41411708415179,TRUE,NA
"b",4.75,-3.11027744796276,-2.19660814898331,-1.2441663330443,0.154567311011417,6.42382580330569,TRUE,NA
"b",4.76,-3.11344431556437,-2.19907725545624,-1.2464683462216,0.154332727624408,6.43353550612005,TRUE,NA
"b",4.77,-3.1166081222215,-2.20154320205238,-1.24876769030241,0.154098862153395,6.44324618749699,TRUE,NA
"b",4.78,-3.11976887643532,-2.20400600040012,-1.25106437464793,0.153865711237771,6.45295784237441,TRUE,NA
"b",4.79,-3.12292658666926,-2.206465662064,-1.25335840856765,0.153633271538297,6.46267046572565,TRUE,NA
"b",4.8,-3.12608126134931,-2.20892219854513,-1.25564980131969,0.153401539736917,6.47238405255921,TRUE,NA
"b",4.81,-3.12923290886416,-2.21137562128158,-1.25793856211118,0.153170512536597,6.48209859791841,TRUE,NA
"b",4.82,-3.13238153756549,-2.21382594164882,-1.26022470009867,0.152940186661154,6.49181409688111,TRUE,NA
"b",4.83,-3.13552715576814,-2.21627317096009,-1.26250822438842,0.152710558855086,6.50153054455939,TRUE,NA
"b",4.84,-3.13866977175034,-2.21871732046681,-1.26478914403681,0.152481625883411,6.51124793609927,TRUE,NA
"b",4.85,-3.14180939375394,-2.22115840135897,-1.26706746805067,0.152253384531502,6.52096626668041,TRUE,NA
"b",4.86,-3.14494602998459,-2.22359642476555,-1.26934320538766,0.152025831604922,6.53068553151579,TRUE,NA
"b",4.87,-3.14807968861202,-2.22603140175488,-1.2716163649566,0.151798963929267,6.54040572585146,TRUE,NA
"b",4.88,-3.15121037777015,-2.22846334333505,-1.2738869556178,0.151572778350006,6.55012684496625,TRUE,NA
"b",4.89,-3.15433810555741,-2.23089226045429,-1.27615498618345,0.151347271732326,6.55984888417143,TRUE,NA
"b",4.9,-3.15746288003685,-2.23331816400138,-1.27842046541791,0.151122440960968,6.56957183881053,TRUE,NA
"b",4.91,-3.16058470923641,-2.23574106480596,-1.2806834020381,0.150898282940082,6.57929570425896,TRUE,NA
"b",4.92,-3.16370360114911,-2.23816097363901,-1.2829438047138,0.150674794593069,6.58902047592381,TRUE,NA
"b",4.93,-3.16681956373324,-2.24057790121315,-1.28520168206797,0.150451972862431,6.59874614924354,TRUE,NA
"b",4.94,-3.16993260491257,-2.24299185818307,-1.28745704267713,0.150229814709618,6.60847271968771,TRUE,NA
"b",4.95,-3.17304273257654,-2.24540285514583,-1.28970989507165,0.150008317114887,6.61820018275673,TRUE,NA
"b",4.96,-3.17614995458049,-2.24781090264133,-1.29196024773608,0.149787477077144,6.62792853398161,TRUE,NA
"b",4.97,-3.17925427874584,-2.2502160111526,-1.29420810910947,0.149567291613807,6.63765776892367,TRUE,NA
"b",4.98,-3.18235571286026,-2.25261819110619,-1.29645348758569,0.149347757760658,6.64738788317426,TRUE,NA
"b",4.99,-3.1854542646779,-2.25501745287255,-1.29869639151377,0.1491288725717,6.65711887235458,TRUE,NA
"b",5,-3.18854994191959,-2.25741380676637,-1.30093682919816,0.148910633119015,6.66685073211536,TRUE,NA
"b",5.01,-3.19164275227299,-2.25980726304693,-1.3031748088991,0.148693036492626,6.67658345813665,TRUE,NA
"b",5.02,-3.19473270339282,-2.26219783191851,-1.30541033883288,0.148476079800354,6.68631704612752,TRUE,NA
"b",5.03,-3.19781980290102,-2.26458552353068,-1.3076434271722,0.148259760167683,6.69605149182589,TRUE,NA
"b",5.04,-3.20090405838698,-2.26697034797869,-1.30987408204639,0.148044074737626,6.7057867909982,TRUE,NA
"b",5.05,-3.20398547740768,-2.2693523153038,-1.31210231154181,0.14782902067058,6.71552293943928,TRUE,NA
"b",5.06,-3.2070640674879,-2.27173143549366,-1.31432812370207,0.147614595144206,6.72525993297199,TRUE,NA
"b",5.07,-3.2101398361204,-2.27410771848261,-1.31655152652836,0.147400795353283,6.73499776744707,TRUE,NA
"b",5.08,-3.21321279076611,-2.27648117415207,-1.31877252797974,0.147187618509589,6.74473643874286,TRUE,NA
"b",5.09,-3.21628293885429,-2.27885181233084,-1.32099113597343,0.146975061841757,6.75447594276511,TRUE,NA
"b",5.1,-3.21935028778273,-2.28121964279546,-1.3232073583851,0.14676312259516,6.7642162754467,TRUE,NA
"b",5.11,-3.22241484491794,-2.28358467527054,-1.32542120304913,0.146551798031773,6.77395743274748,TRUE,NA
"b",5.12,-3.22547661759531,-2.28594691942913,-1.32763267775894,0.14634108543005,6.78369941065399,TRUE,NA
"b",5.13,-3.22853561311925,-2.28830638489297,-1.32984179026725,0.1461309820848,6.79344220517924,TRUE,NA
"b",5.14,-3.23159183876346,-2.29066308123291,-1.33204854828633,0.14592148530706,6.80318581236254,TRUE,NA
"b",5.15,-3.23464530177101,-2.29301701796918,-1.33425295948834,0.145712592423973,6.81293022826921,TRUE,NA
"b",5.16,-3.23769600935457,-2.29536820457174,-1.33645503150553,0.145504300778664,6.82267544899043,TRUE,NA
"b",5.17,-3.24074396869655,-2.2977166504606,-1.33865477193058,0.145296607730126,6.83242147064301,TRUE,NA
"b",5.18,-3.2437891869493,-2.30006236500613,-1.34085218831681,0.145089510653089,6.84216828936914,TRUE,NA
"b",5.19,-3.24683167123525,-2.3024053575294,-1.34304728817851,0.144883006937913,6.85191590133622,TRUE,NA
"b",5.2,-3.2498714286471,-2.30474563730248,-1.34524007899115,0.144677093990459,6.86166430273666,TRUE,NA
"b",5.21,-3.25290846624797,-2.30708321354878,-1.34743056819167,0.144471769231981,6.87141348978764,TRUE,NA
"b",5.22,-3.25594279107158,-2.30941809544331,-1.34961876317875,0.144267030099009,6.88116345873094,TRUE,NA
"b",5.23,-3.25897441012242,-2.31175029211305,-1.35180467131303,0.144062874043231,6.8909142058327,TRUE,NA
"b",5.24,-3.26200333037588,-2.31407981263724,-1.35398829991743,0.14385929853138,6.90066572738328,TRUE,NA
"b",5.25,-3.26502955877846,-2.31640666604766,-1.35616965627732,0.143656301045129,6.91041801969699,TRUE,NA
"b",5.26,-3.26805310224788,-2.31873086132899,-1.35834874764087,0.143453879080966,6.92017107911196,TRUE,NA
"b",5.27,-3.2710739676733,-2.32105240741904,-1.36052558121923,0.143252030150098,6.92992490198991,TRUE,NA
"b",5.28,-3.27409216191543,-2.32337131320912,-1.36270016418679,0.143050751778332,6.93967948471597,TRUE,NA
"b",5.29,-3.27710769180669,-2.32568758754429,-1.36487250368145,0.142850041505968,6.94943482369849,TRUE,NA
"b",5.3,-3.2801205641514,-2.32800123922371,-1.36704260680486,0.142649896887695,6.95919091536885,TRUE,NA
"b",5.31,-3.28313078572592,-2.33031227700086,-1.36921048062263,0.142450315492486,6.96894775618126,TRUE,NA
"b",5.32,-3.2861383632788,-2.33262070958391,-1.37137613216463,0.142251294903483,6.97870534261263,TRUE,NA
"b",5.33,-3.28914330353093,-2.33492654563594,-1.37353956842515,0.1420528327179,6.98846367116231,TRUE,NA
"b",5.34,-3.2921456131757,-2.3372297937753,-1.37570079636322,0.141854926546922,6.99822273835196,TRUE,NA
"b",5.35,-3.29514529887916,-2.33953046257584,-1.37785982290279,0.141657574015592,7.00798254072537,TRUE,NA
"b",5.36,-3.29814236728015,-2.34182856056722,-1.38001665493298,0.14146077276272,7.01774307484825,TRUE,NA
"b",5.37,-3.30113682499047,-2.34412409623521,-1.38217129930832,0.141264520440774,7.02750433730811,TRUE,NA
"b",5.38,-3.30412867859502,-2.34641707802191,-1.38432376284894,0.141068814715785,7.03726632471401,TRUE,NA
"b",5.39,-3.30711793465194,-2.34870751432612,-1.38647405234088,0.140873653267246,7.04702903369648,TRUE,NA
"b",5.4,-3.31010459969278,-2.35099541350352,-1.38862217453621,0.140679033788013,7.05679246090726,TRUE,NA
"b",5.41,-3.31308868022262,-2.35328078386704,-1.39076813615335,0.140484953984209,7.06655660301919,TRUE,NA
"b",5.42,-3.31607018272021,-2.35556363368705,-1.39291194387721,0.140291411575127,7.07632145672603,TRUE,NA
"b",5.43,-3.31904911363817,-2.35784397119169,-1.39505360435949,0.140098404293136,7.08608701874225,TRUE,NA
"b",5.44,-3.32202547940304,-2.36012180456712,-1.39719312421883,0.139905929883579,7.09585328580297,TRUE,NA
"b",5.45,-3.32499928641552,-2.36239714195778,-1.39933051004107,0.13971398610469,7.10562025466367,TRUE,NA
"b",5.46,-3.32797054105054,-2.36466999146667,-1.40146576837945,0.139522570727491,7.11538792210015,TRUE,NA
"b",5.47,-3.33093924965741,-2.36694036115561,-1.40359890575482,0.139331681535706,7.12515628490825,TRUE,NA
"b",5.48,-3.33390541856002,-2.36920825904549,-1.40572992865585,0.139141316325663,7.1349253399038,TRUE,NA
"b",5.49,-3.33686905405688,-2.37147369311656,-1.40785884353926,0.138951472906217,7.1446950839224,TRUE,NA
"b",5.5,-3.33983016242134,-2.37373667130866,-1.40998565683001,0.138762149098638,7.15446551381929,TRUE,NA
"b",5.51,-3.34278874990168,-2.37599720152149,-1.41211037492152,0.138573342736543,7.16423662646918,TRUE,NA
"b",5.52,-3.34574482272127,-2.37825529161488,-1.41423300417585,0.138385051665794,7.17400841876611,TRUE,NA
"b",5.53,-3.34869838707868,-2.38051094940901,-1.41635355092393,0.138197273744418,7.1837808876233,TRUE,NA
"b",5.54,-3.35164944914784,-2.38276418268469,-1.41847202146576,0.138010006842515,7.19355402997298,TRUE,NA
"b",5.55,-3.35459801507816,-2.3850149991836,-1.42058842207059,0.137823248842172,7.2033278427663,TRUE,NA
"b",5.56,-3.35754409099466,-2.38726340660855,-1.42270275897714,0.137636997637383,7.21310232297309,TRUE,NA
"b",5.57,-3.36048768299809,-2.3895094126237,-1.42481503839378,0.137451251133961,7.22287746758181,TRUE,NA
"b",5.58,-3.36342879716509,-2.39175302485483,-1.42692526649877,0.137266007249448,7.23265327359935,TRUE,NA
"b",5.59,-3.36636743954829,-2.39399425088958,-1.42903344944036,0.137081263913046,7.24242973805088,TRUE,NA
"b",5.6,-3.36930361617647,-2.39623309827769,-1.4311395933371,0.136897019065518,7.25220685797978,TRUE,NA
"b",5.61,-3.37223733305463,-2.39846957453123,-1.43324370427794,0.136713270659121,7.26198463044739,TRUE,NA
"b",5.62,-3.3751685961642,-2.40070368712486,-1.43534578832246,0.136530016657511,7.27176305253297,TRUE,NA
"b",5.63,-3.37809741146308,-2.40293544349603,-1.43744585150106,0.136347255035675,7.28154212133352,TRUE,NA
"b",5.64,-3.38102378488583,-2.40516485104528,-1.43954389981512,0.136164983779843,7.29132183396366,TRUE,NA
"b",5.65,-3.38394772234376,-2.40739191713639,-1.44163993923723,0.135983200887412,7.30110218755544,TRUE,NA
"b",5.66,-3.38686922972505,-2.40961664909668,-1.44373397571133,0.13580190436687,7.3108831792583,TRUE,NA
"b",5.67,-3.38978831289491,-2.41183905421721,-1.44582601515292,0.135621092237713,7.32066480623886,TRUE,NA
"b",5.68,-3.39270497769565,-2.41405913975302,-1.44791606344921,0.135440762530369,7.33044706568082,TRUE,NA
"b",5.69,-3.39561922994686,-2.41627691292333,-1.45000412645935,0.135260913286126,7.34022995478484,TRUE,NA
"b",5.7,-3.39853107544545,-2.41849238091182,-1.45209021001456,0.135081542557056,7.35001347076839,TRUE,NA
"b",5.71,-3.40144051996587,-2.4207055508668,-1.45417431991833,0.134902648405929,7.35979761086562,TRUE,NA
"b",5.72,-3.40434756926012,-2.42291642990146,-1.4562564619466,0.134724228906153,7.36958237232727,TRUE,NA
"b",5.73,-3.40725222905798,-2.42512502509408,-1.45833664184792,0.134546282141692,7.37936775242051,TRUE,NA
"b",5.74,-3.41015450506701,-2.42733134348827,-1.46041486534362,0.134368806206994,7.3891537484288,TRUE,NA
"b",5.75,-3.41305440297278,-2.42953539209315,-1.46249113812801,0.134191799206919,7.39894035765183,TRUE,NA
"b",5.76,-3.41595192843889,-2.4317371778836,-1.46456546586852,0.134015259256669,7.40872757740534,TRUE,NA
"b",5.77,-3.41884708710715,-2.43393670780048,-1.46663785420588,0.133839184481711,7.41851540502102,TRUE,NA
"b",5.78,-3.42173988459767,-2.4361339887508,-1.46870830875428,0.133663573017711,7.4283038378464,TRUE,NA
"b",5.79,-3.42463032650894,-2.43832902760798,-1.47077683510156,0.133488423010464,7.43809287324471,TRUE,NA
"b",5.8,-3.42751841841803,-2.44052183121202,-1.47284343880935,0.133313732615819,7.44788250859478,TRUE,NA
"b",5.81,-3.4304041658806,-2.44271240636975,-1.47490812541325,0.133139499999617,7.45767274129094,TRUE,NA
"b",5.82,-3.43328757443108,-2.444900759855,-1.47697090042296,0.132965723337616,7.46746356874283,TRUE,NA
"b",5.83,-3.43616864958276,-2.44708689840884,-1.47903176932251,0.13279240081543,7.47725498837538,TRUE,NA
"b",5.84,-3.43904739682789,-2.44927082873974,-1.48109073757034,0.132619530628454,7.48704699762865,TRUE,NA
"b",5.85,-3.4419238216378,-2.45145255752382,-1.48314781059952,0.132447110981803,7.4968395939577,TRUE,NA
"b",5.86,-3.444797929463,-2.45363209140503,-1.48520299381786,0.132275140090242,7.50663277483252,TRUE,NA
"b",5.87,-3.44766972573331,-2.45580943699535,-1.48725629260811,0.132103616178122,7.51642653773792,TRUE,NA
"b",5.88,-3.45053921585792,-2.45798460087498,-1.48930771232809,0.131932537479317,7.52622088017335,TRUE,NA
"b",5.89,-3.45340640522556,-2.46015758959258,-1.49135725831086,0.131761902237155,7.53601579965289,TRUE,NA
"b",5.9,-3.45627129920455,-2.4623284096654,-1.49340493586484,0.131591708704355,7.54581129370507,TRUE,NA
"b",5.91,-3.45913390314293,-2.46449706757952,-1.49545075027401,0.131421955142969,7.55560735987278,TRUE,NA
"b",5.92,-3.46199422236856,-2.46666356979005,-1.49749470679801,0.131252639824308,7.56540399571322,TRUE,NA
"b",5.93,-3.46485226218922,-2.46882792272127,-1.49953681067233,0.131083761028889,7.57520119879771,TRUE,NA
"b",5.94,-3.46770802789273,-2.4709901327669,-1.50157706710846,0.130915317046372,7.58499896671161,TRUE,NA
"b",5.95,-3.47056152474701,-2.47315020629022,-1.50361548129398,0.130747306175489,7.59479729705428,TRUE,NA
"b",5.96,-3.47341275800026,-2.47530814962427,-1.5056520583928,0.130579726723998,7.60459618743891,TRUE,NA
"b",5.97,-3.47626173288095,-2.47746396907208,-1.5076868035452,0.13041257700861,7.61439563549242,TRUE,NA
"b",5.98,-3.47910845459802,-2.4796176709068,-1.50971972186806,0.130245855354934,7.6241956388554,TRUE,NA
"b",5.99,-3.48195292834094,-2.48176926137193,-1.51175081845497,0.130079560097418,7.633996195182,TRUE,NA
"b",6,-3.48479515927979,-2.48391874668147,-1.51378009837636,0.129913689579288,7.64379730213978,TRUE,NA
"b",6.01,-3.48763515256538,-2.48606613302011,-1.51580756667965,0.12974824215249,7.65359895740972,TRUE,NA
"b",6.02,-3.49047291332937,-2.48821142654343,-1.5178332283894,0.129583216177635,7.66340115868599,TRUE,NA
"b",6.03,-3.49330844668432,-2.49035463337805,-1.51985708850744,0.129418610023933,7.67320390367597,TRUE,NA
"b",6.04,-3.49614175772381,-2.49249575962182,-1.52187915201302,0.129254422069144,7.68300719010008,TRUE,NA
"b",6.05,-3.49897285152254,-2.49463481134401,-1.52389942386293,0.12909065069952,7.69281101569174,TRUE,NA
"b",6.06,-3.50180173313642,-2.49677179458546,-1.52591790899161,0.128927294309747,7.70261537819722,TRUE,NA
"b",6.07,-3.50462840760267,-2.49890671535876,-1.52793461231138,0.128764351302888,7.71242027537559,TRUE,NA
"b",6.08,-3.50745287993989,-2.50103957964846,-1.52994953871245,0.128601820090326,7.72222570499862,TRUE,NA
"b",6.09,-3.5102751551482,-2.50317039341117,-1.53196269306316,0.12843969909172,7.73203166485068,TRUE,NA
"b",6.1,-3.51309523820928,-2.5052991625758,-1.53397408021003,0.128277986734933,7.74183815272865,TRUE,NA
"b",6.11,-3.51591313408649,-2.5074258930437,-1.53598370497794,0.128116681455996,7.75164516644185,TRUE,NA
"b",6.12,-3.51872884772498,-2.50955059068881,-1.53799157217026,0.127955781699042,7.76145270381191,TRUE,NA
"b",6.13,-3.52154238405174,-2.51167326135785,-1.53999768656893,0.127795285916255,7.77126076267275,TRUE,NA
"b",6.14,-3.52435374797571,-2.5137939108705,-1.54200205293467,0.127635192567821,7.7810693408704,TRUE,NA
"b",6.15,-3.52716294438789,-2.51591254501952,-1.54400467600702,0.127475500121875,7.79087843626301,TRUE,NA
"b",6.16,-3.52996997816139,-2.51802916957095,-1.54600556050453,0.127316207054441,7.80068804672071,TRUE,NA
"b",6.17,-3.53277485415155,-2.52014379026427,-1.54800471112483,0.127157311849397,7.81049817012549,TRUE,NA
"b",6.18,-3.53557757719602,-2.52225641281252,-1.55000213254484,0.126998812998405,7.82030880437123,TRUE,NA
"b",6.19,-3.53837815211483,-2.52436704290254,-1.55199782942078,0.126840709000873,7.83011994736352,TRUE,NA
"b",6.2,-3.54117658371051,-2.52647568619503,-1.55399180638839,0.126682998363902,7.83993159701957,TRUE,NA
"b",6.21,-3.54397287676814,-2.5285823483248,-1.555984068063,0.12652567960223,7.84974375126821,TRUE,NA
"b",6.22,-3.54676703605548,-2.53068703490084,-1.55797461903967,0.126368751238192,7.85955640804974,TRUE,NA
"b",6.23,-3.54955906632301,-2.53278975150657,-1.55996346389329,0.126212211801665,7.86936956531588,TRUE,NA
"b",6.24,-3.55234897230406,-2.5348905036999,-1.56195060717873,0.126056059830019,7.87918322102966,TRUE,NA
"b",6.25,-3.55513675871483,-2.53698929701346,-1.56393605343094,0.125900293868072,7.88899737316538,TRUE,NA
"b",6.26,-3.55792243025457,-2.53908613695469,-1.56591980716504,0.125744912468036,7.89881201970851,TRUE,NA
"b",6.27,-3.56070599160555,-2.54118102900605,-1.5679018728765,0.125589914189478,7.90862715865562,TRUE,NA
"b",6.28,-3.56348744743325,-2.54327397862512,-1.56988225504121,0.125435297599266,7.91844278801428,TRUE,NA
"b",6.29,-3.56626680238636,-2.54536499124478,-1.57186095811559,0.125281061271523,7.92825890580302,TRUE,NA
"b",6.3,-3.56904406109693,-2.54745407227334,-1.57383798653674,0.125127203787584,7.93807551005122,TRUE,NA
"b",6.31,-3.57181922818038,-2.5495412270947,-1.57581334472252,0.124973723735944,7.94789259879906,TRUE,NA
"b",6.32,-3.57459230823565,-2.55162646106848,-1.57778703707168,0.12482061971222,7.95771017009742,TRUE,NA
"b",6.33,-3.57736330584523,-2.5537097795302,-1.57975906796395,0.124667890319099,7.96752822200785,TRUE,NA
"b",6.34,-3.58013222557526,-2.55579118779137,-1.58172944176019,0.124515534166293,7.97734675260243,TRUE,NA
"b",6.35,-3.58289907197563,-2.55787069113968,-1.58369816280247,0.1243635498705,7.98716575996376,TRUE,NA
"b",6.36,-3.58566384958,-2.55994829483911,-1.58566523541416,0.124211936055355,7.99698524218486,TRUE,NA
"b",6.37,-3.58842656290597,-2.5620240041301,-1.58763066390011,0.124060691351384,8.00680519736909,TRUE,NA
"b",6.38,-3.59118721645504,-2.56409782422967,-1.58959445254668,0.123909814395966,8.01662562363009,TRUE,NA
"b",6.39,-3.59394581471281,-2.56616976033156,-1.59155660562187,0.123759303833285,8.02644651909172,TRUE,NA
"b",6.4,-3.59670236214897,-2.56823981760636,-1.59351712737547,0.123609158314292,8.03626788188798,TRUE,NA
"b",6.41,-3.59945686321741,-2.57030800120168,-1.5954760220391,0.123459376496652,8.0460897101629,TRUE,NA
"b",6.42,-3.6022093223563,-2.57237431624224,-1.59743329382635,0.123309957044715,8.05591200207058,TRUE,NA
"b",6.43,-3.60495974398814,-2.57443876783006,-1.59938894693289,0.123160898629464,8.065734755775,TRUE,NA
"b",6.44,-3.60770813251988,-2.57650136104454,-1.60134298553655,0.123012199928479,8.07555796945001,TRUE,NA
"b",6.45,-3.61045449234294,-2.57856210094262,-1.60329541379744,0.122863859625891,8.08538164127928,TRUE,NA
"b",6.46,-3.61319882783334,-2.5806209925589,-1.60524623585804,0.122715876412345,8.09520576945619,TRUE,NA
"b",6.47,-3.61594114335173,-2.58267804090581,-1.6071954558433,0.122568248984954,8.1050303521838,TRUE,NA
"b",6.48,-3.61868144324349,-2.58473325097367,-1.60914307786077,0.122420976047265,8.11485538767477,TRUE,NA
"b",6.49,-3.62141973183879,-2.5867866277309,-1.61108910600064,0.122274056309214,8.12468087415128,TRUE,NA
"b",6.5,-3.62415601345265,-2.58883817612407,-1.61303354433591,0.122127488487088,8.134506809845,TRUE,NA
"b",6.51,-3.62689029238506,-2.59088790107809,-1.61497639692244,0.121981271303486,8.14433319299698,TRUE,NA
"b",6.52,-3.629622572921,-2.59293580749631,-1.61691766779905,0.121835403487275,8.15416002185765,TRUE,NA
"b",6.53,-3.63235285933054,-2.59498190026065,-1.61885736098763,0.121689883773561,8.16398729468668,TRUE,NA
"b",6.54,-3.63508115586888,-2.5970261842317,-1.62079548049325,0.121544710903636,8.173815009753,TRUE,NA
"b",6.55,-3.63780746677648,-2.5990686642489,-1.62273203030422,0.121399883624956,8.18364316533467,TRUE,NA
"b",6.56,-3.64053179627907,-2.60110934513062,-1.62466701439221,0.121255400691089,8.19347175971884,TRUE,NA
"b",6.57,-3.64325414858774,-2.60314823167429,-1.62660043671233,0.121111260861684,8.20330079120171,TRUE,NA
"b",6.58,-3.64597452789902,-2.60518532865651,-1.62853230120325,0.120967462902431,8.21313025808846,TRUE,NA
"b",6.59,-3.64869293839495,-2.60722064083323,-1.63046261178725,0.120824005585028,8.22296015869317,TRUE,NA
"b",6.6,-3.65140938424313,-2.60925417293977,-1.63239137237035,0.12068088768714,8.23279049133876,TRUE,NA
"b",6.61,-3.65412386959679,-2.61128592969103,-1.63431858684239,0.120538107992358,8.24262125435699,TRUE,NA
"b",6.62,-3.65683639859488,-2.61331591578158,-1.63624425907709,0.120395665290173,8.25245244608832,TRUE,NA
"b",6.63,-3.6595469753621,-2.61534413588574,-1.63816839293221,0.120253558375936,8.26228406488189,TRUE,NA
"b",6.64,-3.66225560400903,-2.61737059465775,-1.64009099224957,0.120111786050815,8.27211610909551,TRUE,NA
"b",6.65,-3.66496228863211,-2.61939529673186,-1.64201206085517,0.119970347121766,8.28194857709548,TRUE,NA
"b",6.66,-3.66766703331378,-2.62141824672243,-1.64393160255927,0.119829240401502,8.29178146725667,TRUE,NA
"b",6.67,-3.67036984212251,-2.62343944922408,-1.64584962115651,0.119688464708447,8.30161477796237,TRUE,NA
"b",6.68,-3.67307071911287,-2.6254589088118,-1.64776612042593,0.119548018866707,8.31144850760428,TRUE,NA
"b",6.69,-3.6757696683256,-2.627476630041,-1.64968110413114,0.119407901706037,8.32128265458245,TRUE,NA
"b",6.7,-3.67846669378767,-2.62949261744772,-1.65159457602031,0.119268112061804,8.33111721730518,TRUE,NA
"b",6.71,-3.68116179951236,-2.63150687554868,-1.65350653982637,0.119128648774952,8.34095219418906,TRUE,NA
"b",6.72,-3.68385498949929,-2.63351940884136,-1.65541699926697,0.118989510691971,8.3507875836588,TRUE,NA
"b",6.73,-3.68654626773452,-2.63553022180422,-1.65732595804468,0.118850696664865,8.36062338414728,TRUE,NA
"b",6.74,-3.68923563819058,-2.63753931889667,-1.65923341984699,0.11871220555111,8.37045959409542,TRUE,NA
"b",6.75,-3.69192310482656,-2.63954670455931,-1.66113938834642,0.118574036213631,8.38029621195218,TRUE,NA
"b",6.76,-3.69460867158817,-2.64155238321394,-1.66304386720062,0.118436187520763,8.39013323617448,TRUE,NA
"b",6.77,-3.69729234240778,-2.6435563592637,-1.66494686005244,0.11829865834622,8.39997066522716,TRUE,NA
"b",6.78,-3.69997412120449,-2.64555863709319,-1.66684837053001,0.118161447569064,8.40980849758292,TRUE,NA
"b",6.79,-3.70265401188422,-2.64755922106857,-1.6687484022468,0.118024554073671,8.41964673172226,TRUE,NA
"b",6.8,-3.70533201833972,-2.64955811553764,-1.67064695880174,0.117887976749701,8.42948536613347,TRUE,NA
"b",6.81,-3.70800814445068,-2.65155532482997,-1.67254404377927,0.117751714492063,8.43932439931253,TRUE,NA
"b",6.82,-3.71068239408375,-2.65355085325699,-1.67443966074944,0.117615766200888,8.44916382976308,TRUE,NA
"b",6.83,-3.71335477109263,-2.65554470511211,-1.67633381326797,0.117480130781492,8.45900365599639,TRUE,NA
"b",6.84,-3.71602527931812,-2.65753688467078,-1.67822650487633,0.117344807144352,8.4688438765313,TRUE,NA
"b",6.85,-3.71869392258817,-2.65952739619066,-1.68011773910184,0.117209794205069,8.47868448989414,TRUE,NA
"b",6.86,-3.72136070471793,-2.66151624391163,-1.68200751945771,0.117075090884345,8.4885254946187,TRUE,NA
"b",6.87,-3.72402562950986,-2.66350343205598,-1.68389584944317,0.116940696107941,8.49836688924624,TRUE,NA
"b",6.88,-3.72668870075371,-2.66548896482845,-1.68578273254347,0.116806608806657,8.50820867232533,TRUE,NA
"b",6.89,-3.72934992222665,-2.66747284641635,-1.68766817223003,0.116672827916301,8.51805084241192,TRUE,NA
"b",6.9,-3.7320092976933,-2.66945508098964,-1.68955217196048,0.116539352377653,8.52789339806918,TRUE,NA
"b",6.91,-3.73466683090575,-2.67143567270107,-1.69143473517873,0.116406181136443,8.53773633786755,TRUE,NA
"b",6.92,-3.73732252560368,-2.67341462568621,-1.69331586531505,0.116273313143316,8.54757966038466,TRUE,NA
"b",6.93,-3.73997638551439,-2.6753919440636,-1.69519556578616,0.116140747353808,8.55742336420524,TRUE,NA
"b",6.94,-3.74262841435283,-2.67736763193484,-1.69707383999528,0.116008482728313,8.56726744792115,TRUE,NA
"b",6.95,-3.7452786158217,-2.67934169338464,-1.69895069133221,0.115876518232053,8.57711191013131,TRUE,NA
"b",6.96,-3.74792699361148,-2.68131413248098,-1.70082612317341,0.115744852835058,8.58695674944159,TRUE,NA
"b",6.97,-3.75057355140049,-2.68328495327514,-1.70270013888205,0.115613485512132,8.59680196446485,TRUE,NA
"b",6.98,-3.75321829285493,-2.68525415980183,-1.70457274180812,0.11548241524282,8.60664755382088,TRUE,NA
"b",6.99,-3.75586122162898,-2.68722175607927,-1.70644393528847,0.11535164101139,8.61649351613633,TRUE,NA
"b",7,-3.7585023413648,-2.68918774610929,-1.70831372264686,0.1152211618068,8.62633985004466,TRUE,NA
"b",7.01,-3.76114165569262,-2.69115213387741,-1.71018210719409,0.115090976622668,8.63618655418616,TRUE,NA
"b",7.02,-3.76377916823076,-2.69311492335292,-1.71204909222803,0.114961084457256,8.64603362720781,TRUE,NA
"b",7.03,-3.76641488258574,-2.69507611848899,-1.71391468103368,0.114831484313426,8.65588106776332,TRUE,NA
"b",7.04,-3.76904880235227,-2.69703572322277,-1.71577887688327,0.114702175198629,8.66572887451307,TRUE,NA
"b",7.05,-3.77168093111335,-2.69899374147544,-1.7176416830363,0.11457315612487,8.67557704612402,TRUE,NA
"b",7.06,-3.77431127244028,-2.70095017715232,-1.71950310273962,0.114444426108679,8.68542558126975,TRUE,NA
"b",7.07,-3.77693982989276,-2.70290503414295,-1.7213631392275,0.114315984171097,8.69527447863032,TRUE,NA
"b",7.08,-3.7795666070189,-2.70485831632119,-1.72322179572169,0.114187829337633,8.70512373689235,TRUE,NA
"b",7.09,-3.7821916073553,-2.70681002754529,-1.7250790754315,0.114059960638254,8.71497335474885,TRUE,NA
"b",7.1,-3.78481483442708,-2.70876017165798,-1.72693498155382,0.113932377107348,8.72482333089928,TRUE,NA
"b",7.11,-3.78743629174796,-2.71070875248656,-1.72878951727325,0.113805077783702,8.73467366404947,TRUE,NA
"b",7.12,-3.79005598282026,-2.71265577384298,-1.73064268576213,0.113678061710483,8.74452435291159,TRUE,NA
"b",7.13,-3.792673911135,-2.71460123952391,-1.73249449018059,0.113551327935201,8.75437539620404,TRUE,NA
"b",7.14,-3.79529008017195,-2.71654515331086,-1.73434493367666,0.113424875509692,8.76422679265158,TRUE,NA
"b",7.15,-3.79790449339964,-2.71848751897022,-1.73619401938628,0.113298703490091,8.77407854098512,TRUE,NA
"b",7.16,-3.80051715427542,-2.72042834025336,-1.73804175043342,0.113172810936809,8.78393063994175,TRUE,NA
"b",7.17,-3.80312806624557,-2.72236762089672,-1.73988812993006,0.113047196914508,8.79378308826471,TRUE,NA
"b",7.18,-3.80573723274524,-2.72430536462188,-1.74173316097636,0.112921860492068,8.80363588470335,TRUE,NA
"b",7.19,-3.8083446571986,-2.72624157513565,-1.74357684666064,0.11279680074258,8.81348902801309,TRUE,NA
"b",7.2,-3.81095034301884,-2.72817625613013,-1.74541919005946,0.112672016743308,8.82334251695535,TRUE,NA
"b",7.21,-3.81355429360821,-2.7301094112828,-1.74726019423771,0.112547507575667,8.83319635029757,TRUE,NA
"b",7.22,-3.8161565123581,-2.73204104425661,-1.74909986224863,0.112423272325208,8.84305052681313,TRUE,NA
"b",7.23,-3.81875700264907,-2.73397115870005,-1.7509381971339,0.112299310081587,8.85290504528131,TRUE,NA
"b",7.24,-3.8213557678509,-2.73589975824721,-1.75277520192369,0.112175619938539,8.86275990448731,TRUE,NA
"b",7.25,-3.82395281132262,-2.73782684651789,-1.75461087963671,0.112052200993864,8.87261510322214,TRUE,NA
"b",7.26,-3.82654813641259,-2.73975242711765,-1.75644523328028,0.111929052349395,8.88247064028265,TRUE,NA
"b",7.27,-3.82914174645853,-2.7416765036379,-1.75827826585041,0.111806173110983,8.89232651447143,TRUE,NA
"b",7.28,-3.83173364478755,-2.74359907965597,-1.76010998033181,0.111683562388464,8.90218272459684,TRUE,NA
"b",7.29,-3.83432383471623,-2.74552015873518,-1.76194037969797,0.111561219295654,8.91203926947293,TRUE,NA
"b",7.3,-3.83691231955064,-2.74743974442493,-1.76376946691125,0.111439142950305,8.92189614791943,TRUE,NA
"b",7.31,-3.83949910258639,-2.74935784026076,-1.76559724492288,0.111317332474095,8.93175335876169,TRUE,NA
"b",7.32,-3.84208418710869,-2.75127444976444,-1.76742371667307,0.111195786992609,8.94161090083065,TRUE,NA
"b",7.33,-3.84466757639239,-2.75318957644401,-1.76924888509101,0.111074505635308,8.95146877296287,TRUE,NA
"b",7.34,-3.84724927370198,-2.75510322379388,-1.771072753095,0.110953487535516,8.96132697400038,TRUE,NA
"b",7.35,-3.84982928229172,-2.75701539529491,-1.77289532359243,0.110832731830386,8.97118550279077,TRUE,NA
"b",7.36,-3.85240760540562,-2.75892609441447,-1.77471659947988,0.110712237660892,8.98104435818704,TRUE,NA
"b",7.37,-3.8549842462775,-2.76083532460648,-1.77653658364317,0.110592004171802,8.99090353904768,TRUE,NA
"b",7.38,-3.85755920813104,-2.76274308931155,-1.77835527895741,0.110472030511655,9.00076304423653,TRUE,NA
"b",7.39,-3.86013249417981,-2.76464939195697,-1.78017268828705,0.110352315832742,9.01062287262285,TRUE,NA
"b",7.4,-3.86270410762735,-2.76655423595686,-1.78198881448593,0.110232859291084,9.02048302308119,TRUE,NA
"b",7.41,-3.86527405166716,-2.76845762471216,-1.78380366039737,0.110113660046414,9.03034349449143,TRUE,NA
"b",7.42,-3.86784232948278,-2.77035956161077,-1.78561722885416,0.109994717262154,9.04020428573873,TRUE,NA
"b",7.43,-3.87040894424782,-2.77226005002758,-1.78742952267867,0.109876030105393,9.05006539571348,TRUE,NA
"b",7.44,-3.87297389912601,-2.77415909332453,-1.78924054468288,0.10975759774687,9.05992682331128,TRUE,NA
"b",7.45,-3.87553719727123,-2.77605669485072,-1.79105029766843,0.109639419360951,9.06978856743292,TRUE,NA
"b",7.46,-3.87809884182757,-2.77795285794241,-1.79285878442667,0.109521494125614,9.07965062698433,TRUE,NA
"b",7.47,-3.88065883592936,-2.77984758592318,-1.79466600773873,0.109403821222418,9.08951300087656,TRUE,NA
"b",7.48,-3.88321718270119,-2.78174088210389,-1.79647197037555,0.109286399836499,9.09937568802577,TRUE,NA
"b",7.49,-3.88577388525802,-2.78363274978284,-1.79827667509795,0.109169229156535,9.10923868735314,TRUE,NA
"b",7.5,-3.88832894670512,-2.78552319224577,-1.80008012465666,0.109052308374736,9.11910199778491,TRUE,NA
"b",7.51,-3.89088237013821,-2.78741221276595,-1.80188232179238,0.108935636686823,9.12896561825231,TRUE,NA
"b",7.52,-3.89343415864344,-2.78929981460427,-1.80368326923584,0.108819213292005,9.13882954769151,TRUE,NA
"b",7.53,-3.89598431529744,-2.79118600100924,-1.80548296970785,0.108703037392964,9.14869378504367,TRUE,NA
"b",7.54,-3.8985328431674,-2.79307077521712,-1.80728142591931,0.108587108195831,9.15855832925484,TRUE,NA
"b",7.55,-3.90107974531103,-2.79495414045195,-1.80907864057132,0.108471424910177,9.16842317927593,TRUE,NA
"b",7.56,-3.90362502477668,-2.79683609992561,-1.8108746163552,0.108355986748982,9.17828833406274,TRUE,NA
"b",7.57,-3.90616868460335,-2.79871665683791,-1.8126693559525,0.108240792928621,9.18815379257586,TRUE,NA
"b",7.58,-3.90871072782071,-2.8005958143766,-1.81446286203514,0.108125842668853,9.19801955378071,TRUE,NA
"b",7.59,-3.91125115744917,-2.8024735757175,-1.81625513726536,0.108011135192789,9.20788561664746,TRUE,NA
"b",7.6,-3.91378997649989,-2.8043499440245,-1.81804618429584,0.107896669726887,9.21775198015102,TRUE,NA
"b",7.61,-3.91632718797486,-2.80622492244967,-1.81983600576969,0.10778244550092,9.22761864327102,TRUE,NA
"b",7.62,-3.91886279486687,-2.80809851413329,-1.82162460432057,0.107668461747973,9.23748560499177,TRUE,NA
"b",7.63,-3.92139680015964,-2.8099707222039,-1.82341198257264,0.107554717704413,9.24735286430223,TRUE,NA
"b",7.64,-3.92392920682777,-2.81184154977841,-1.82519814314071,0.107441212609876,9.25722042019602,TRUE,NA
"b",7.65,-3.92646001783685,-2.8137109999621,-1.8269830886302,0.107327945707251,9.26708827167134,TRUE,NA
"b",7.66,-3.92898923614344,-2.81557907584872,-1.82876682163724,0.10721491624266,9.27695641773097,TRUE,NA
"b",7.67,-3.93151686469514,-2.81744578052054,-1.8305493447487,0.107102123465439,9.28682485738226,TRUE,NA
"b",7.68,-3.93404290643062,-2.81931111704839,-1.83233066054221,0.106989566628124,9.29669358963705,TRUE,NA
"b",7.69,-3.93656736427966,-2.82117508849175,-1.83411077158625,0.106877244986433,9.30656261351172,TRUE,NA
"b",7.7,-3.93909024116319,-2.82303769789877,-1.83588968044018,0.106765157799249,9.31643192802709,TRUE,NA
"b",7.71,-3.94161153999331,-2.82489894830635,-1.83766738965425,0.1066533043286,9.32630153220844,TRUE,NA
"b",7.72,-3.94413126367335,-2.82675884274021,-1.8394439017697,0.106541683839644,9.33617142508549,TRUE,NA
"b",7.73,-3.94664941509787,-2.82861738421492,-1.84121921931875,0.106430295600655,9.34604160569231,TRUE,NA
"b",7.74,-3.94916599715274,-2.83047457573396,-1.8429933448247,0.106319138883002,9.35591207306739,TRUE,NA
"b",7.75,-3.95168101271517,-2.83233042028978,-1.84476628080191,0.106208212961138,9.36578282625353,TRUE,NA
"b",7.76,-3.95419446465369,-2.83418492086387,-1.8465380297559,0.106097517112575,9.37565386429787,TRUE,NA
"b",7.77,-3.95670635582827,-2.83603808042681,-1.84830859418336,0.105987050617873,9.38552518625185,TRUE,NA
"b",7.78,-3.9592166890903,-2.83788990193828,-1.85007797657221,0.105876812760628,9.39539679117115,TRUE,NA
"b",7.79,-3.96172546728263,-2.8397403883472,-1.85184617940164,0.105766802827444,9.40526867811576,TRUE,NA
"b",7.8,-3.96423269323962,-2.8415895425917,-1.85361320514211,0.105657020107931,9.41514084614981,TRUE,NA
"b",7.81,-3.96673836978716,-2.84343736759923,-1.85537905625548,0.105547463894677,9.4250132943417,TRUE,NA
"b",7.82,-3.96924249974274,-2.84528386628658,-1.85714373519497,0.105438133483239,9.43488602176397,TRUE,NA
"b",7.83,-3.97174508591543,-2.84712904155995,-1.85890724440523,0.105329028172126,9.44475902749334,TRUE,NA
"b",7.84,-3.97424613110595,-2.84897289631501,-1.8606695863224,0.105220147262784,9.4546323106106,TRUE,NA
"b",7.85,-3.97674563810671,-2.85081543343692,-1.86243076337413,0.105111490059576,9.46450587020071,TRUE,NA
"b",7.86,-3.97924360970181,-2.85265665580042,-1.86419077797961,0.105003055869775,9.47437970535266,TRUE,NA
"b",7.87,-3.98174004866711,-2.85449656626987,-1.86594963254964,0.104894844003534,9.48425381515956,TRUE,NA
"b",7.88,-3.98423495777025,-2.85633516769929,-1.86770732948666,0.104786853773893,9.49412819871848,TRUE,NA
"b",7.89,-3.98672833977067,-2.8581724629324,-1.86946387118477,0.104679084496742,9.50400285513056,TRUE,NA
"b",7.9,-3.98922019741966,-2.86000845480271,-1.8712192600298,0.104571535490818,9.51387778350091,TRUE,NA
"b",7.91,-3.99171053346039,-2.86184314613355,-1.87297349839932,0.104464206077688,9.5237529829386,TRUE,NA
"b",7.92,-3.99419935062794,-2.86367653973812,-1.87472658866271,0.104357095581732,9.53362845255666,TRUE,NA
"b",7.93,-3.99668665164934,-2.86550863841952,-1.87647853318116,0.104250203330131,9.54350419147203,TRUE,NA
"b",7.94,-3.9991724392436,-2.86733944497084,-1.87822933430777,0.10414352865285,9.55338019880556,TRUE,NA
"b",7.95,-4.00165671612171,-2.86916896217518,-1.87997899438751,0.104037070882622,9.56325647368199,TRUE,NA
"b",7.96,-4.00413948498674,-2.87099719280571,-1.88172751575732,0.103930829354943,9.57313301522989,TRUE,NA
"b",7.97,-4.00662074853382,-2.87282413962571,-1.88347490074612,0.10382480340804,9.58300982258168,TRUE,NA
"b",7.98,-4.00910050945017,-2.87464980538863,-1.88522115167486,0.103718992382879,9.5928868948736,TRUE,NA
"b",7.99,-4.01157877041517,-2.87647419283814,-1.88696627085656,0.103613395623129,9.60276423124569,TRUE,NA
"b",8,-4.01405553410036,-2.87829730470814,-1.88871026059632,0.103508012475162,9.61264183084174,TRUE,NA
"b",8.01,-4.01653080316949,-2.88011914372289,-1.89045312319138,0.103402842288037,9.62251969280931,TRUE,NA
"b",8.02,-4.01900458027852,-2.88193971259695,-1.89219486093118,0.103297884413478,9.63239781629968,TRUE,NA
"b",8.03,-4.02147686807569,-2.88375901403531,-1.89393547609734,0.103193138205873,9.64227620046785,TRUE,NA
"b",8.04,-4.02394766920154,-2.88557705073341,-1.89567497096374,0.103088603022248,9.65215484447249,TRUE,NA
"b",8.05,-4.02641698628893,-2.88739382537718,-1.89741334779654,0.102984278222263,9.66203374747597,TRUE,NA
"b",8.06,-4.02888482196306,-2.8892093406431,-1.89915060885423,0.102880163168186,9.6719129086443,TRUE,NA
"b",8.07,-4.03135117884154,-2.89102359919821,-1.90088675638765,0.102776257224899,9.68179232714707,TRUE,NA
"b",8.08,-4.03381605953439,-2.89283660370021,-1.90262179264002,0.102672559759864,9.69167200215756,TRUE,NA
"b",8.09,-4.03627946664408,-2.89464835679747,-1.90435571984701,0.102569070143121,9.70155193285258,TRUE,NA
"b",8.1,-4.03874140276554,-2.89645886112908,-1.90608854023673,0.102465787747276,9.71143211841252,TRUE,NA
"b",8.11,-4.04120187048622,-2.89826811932489,-1.90782025602979,0.102362711947479,9.72131255802134,TRUE,NA
"b",8.12,-4.04366087238613,-2.90007613400558,-1.90955086943936,0.102259842121419,9.73119325086653,TRUE,NA
"b",8.13,-4.0461184110378,-2.90188290778266,-1.91128038267114,0.10215717764931,9.74107419613904,TRUE,NA
"b",8.14,-4.04857448900639,-2.90368844325858,-1.91300879792345,0.102054717913874,9.75095539303337,TRUE,NA
"b",8.15,-4.05102910884969,-2.90549274302669,-1.91473611738724,0.10195246230033,9.76083684074747,TRUE,NA
"b",8.16,-4.05348227311811,-2.90729580967135,-1.91646234324614,0.101850410196379,9.77071853848274,TRUE,NA
"b",8.17,-4.05593398435478,-2.90909764576795,-1.91818747767647,0.101748560992205,9.78060048544402,TRUE,NA
"b",8.18,-4.05838424509553,-2.91089825388295,-1.91991152284729,0.101646914080437,9.79048268083957,TRUE,NA
"b",8.19,-4.06083305786892,-2.91269763657391,-1.92163448092043,0.101545468856162,9.80036512388104,TRUE,NA
"b",8.2,-4.06328042519631,-2.91449579638957,-1.92335635405055,0.101444224716893,9.81024781378345,TRUE,NA
"b",8.21,-4.06572634959182,-2.91629273586987,-1.9250771443851,0.101343181062571,9.82013074976521,TRUE,NA
"b",8.22,-4.06817083356243,-2.91808845754597,-1.92679685406444,0.101242337295544,9.83001393104804,TRUE,NA
"b",8.23,-4.07061387960797,-2.91988296394033,-1.92851548522181,0.10114169282056,9.839897356857,TRUE,NA
"b",8.24,-4.07305549022113,-2.92167625756673,-1.93023303998339,0.101041247044749,9.84978102642044,TRUE,NA
"b",8.25,-4.07549566788754,-2.92346834093033,-1.93194952046833,0.100940999377614,9.85966493897005,TRUE,NA
"b",8.26,-4.07793441508575,-2.92525921652767,-1.93366492878879,0.100840949231023,9.86954909374073,TRUE,NA
"b",8.27,-4.08037173428729,-2.92704888684675,-1.93537926704994,0.10074109601919,9.87943348997065,TRUE,NA
"b",8.28,-4.08280762795668,-2.92883735436706,-1.93709253735004,0.10064143915867,9.88931812690122,TRUE,NA
"b",8.29,-4.08524209855146,-2.93062462155961,-1.9388047417804,0.10054197806834,9.89920300377708,TRUE,NA
"b",8.3,-4.08767514852221,-2.932410690887,-1.94051588242552,0.100442712169391,9.90908811984605,TRUE,NA
"b",8.31,-4.09010678031261,-2.9341955648034,-1.942225961363,0.100343640885318,9.91897347435916,TRUE,NA
"b",8.32,-4.09253699635942,-2.93597924575467,-1.94393498066367,0.100244763641907,9.92885906657058,TRUE,NA
"b",8.33,-4.09496579909255,-2.93776173617831,-1.94564294239154,0.100146079867225,9.93874489573762,TRUE,NA
"b",8.34,-4.09739319093504,-2.93954303850358,-1.94734984860391,0.100047588991599,9.94863096112078,TRUE,NA
"b",8.35,-4.09981917430313,-2.94132315515148,-1.94905570135134,0.0999492904476225,9.95851726198361,TRUE,NA
"b",8.36,-4.10224375160629,-2.94310208853484,-1.9507605026777,0.0998511836701264,9.96840379759279,TRUE,NA
"b",8.37,-4.10466692524718,-2.94487984105831,-1.95246425462021,0.0997532680961806,9.9782905672181,TRUE,NA
"b",8.38,-4.10708869762176,-2.94665641511841,-1.95416695920946,0.0996555431650759,9.98817757013235,TRUE,NA
"b",8.39,-4.10950907111925,-2.9484318131036,-1.95586861846942,0.0995580083183145,9.99806480561141,TRUE,NA
"b",8.4,-4.11192804812222,-2.95020603739427,-1.95756923441753,0.0994606629995975,10.0079522729342,TRUE,NA
"b",8.41,-4.11434563100655,-2.95197909036283,-1.95926880906467,0.0993635066548229,10.0178399713827,TRUE,NA
"b",8.42,-4.11676182214149,-2.95375097437369,-1.96096734441519,0.0992665387320568,10.0277279002417,TRUE,NA
"b",8.43,-4.11917662388969,-2.95552169178333,-1.96266484246699,0.0991697586815419,10.0376160587993,TRUE,NA
"b",8.44,-4.12159003860721,-2.95729124494036,-1.96436130521151,0.0990731659556752,10.0475044463462,TRUE,NA
"b",8.45,-4.12400206864356,-2.95905963618549,-1.96605673463375,0.0989767600089988,10.0573930621764,TRUE,NA
"b",8.46,-4.12641271634171,-2.96082686785162,-1.96775113271235,0.0988805402981963,10.0672819055866,TRUE,NA
"b",8.47,-4.12882198403812,-2.96259294226388,-1.96944450141954,0.0987845062820671,10.0771709758765,TRUE,NA
"b",8.48,-4.13122987406277,-2.96435786173962,-1.97113684272124,0.098688657421536,10.0870602723487,TRUE,NA
"b",8.49,-4.13363638873919,-2.96612162858848,-1.97282815857706,0.0985929931796226,10.0969497943087,TRUE,NA
"b",8.5,-4.13604153038446,-2.96788424511243,-1.97451845094032,0.0984975130214498,10.106839541065,TRUE,NA
"b",8.51,-4.13844530130927,-2.96964571360578,-1.9762077217581,0.0984022164142155,10.1167295119287,TRUE,NA
"b",8.52,-4.14084770381791,-2.97140603635523,-1.97789597297123,0.0983071028271993,10.126619706214,TRUE,NA
"b",8.53,-4.14324874020831,-2.97316521563991,-1.97958320651436,0.0982121717317388,10.1365101232378,TRUE,NA
"b",8.54,-4.14564841277209,-2.9749232537314,-1.98126942431597,0.0981174226012276,10.1464007623197,TRUE,NA
"b",8.55,-4.14804672379452,-2.97668015289378,-1.98295462829839,0.0980228549110946,10.1562916227824,TRUE,NA
"b",8.56,-4.15044367555461,-2.97843591538366,-1.98463882037783,0.0979284681388179,10.1661827039512,TRUE,NA
"b",8.57,-4.15283927032509,-2.98019054345018,-1.98632200246442,0.0978342617638801,10.1760740051542,TRUE,NA
"b",8.58,-4.15523351037247,-2.98194403933513,-1.98800417646222,0.0977402352677927,10.1859655257223,TRUE,NA
"b",8.59,-4.15762639795702,-2.98369640527287,-1.98968534426926,0.0976463881340597,10.195857264989,TRUE,NA
"b",8.6,-4.16001793533283,-2.98544764349046,-1.99136550777755,0.0975527198481858,10.2057492222908,TRUE,NA
"b",8.61,-4.16240812474782,-2.98719775620765,-1.99304466887313,0.0974592298976567,10.2156413969666,TRUE,NA
"b",8.62,-4.16479696844376,-2.9889467456369,-1.99472282943609,0.0973659177719295,10.2255337883583,TRUE,NA
"b",8.63,-4.16718446865629,-2.99069461398344,-1.99639999134055,0.097272782962432,10.2354263958102,TRUE,NA
"b",8.64,-4.16957062761498,-2.99244136344532,-1.99807615645477,0.0971798249625437,10.2453192186696,TRUE,NA
"b",8.65,-4.17195544754329,-2.99418699621337,-1.99975132664111,0.0970870432675901,10.2552122562861,TRUE,NA
"b",8.66,-4.17433893065864,-2.99593151447131,-2.00142550375607,0.0969944373748324,10.2651055080123,TRUE,NA
"b",8.67,-4.17672107917242,-2.99767492039575,-2.00309868965034,0.0969020067834605,10.2749989732032,TRUE,NA
"b",8.68,-4.17910189529,-2.9994172161562,-2.0047708861688,0.0968097509945802,10.2848926512164,TRUE,NA
"b",8.69,-4.18148138121077,-3.00115840391516,-2.00644209515054,0.0967176695112038,10.2947865414123,TRUE,NA
"b",8.7,-4.18385953912818,-3.00289848582808,-2.00811231842892,0.0966257618382493,10.3046806431538,TRUE,NA
"b",8.71,-4.18623637122969,-3.00463746404346,-2.00978155783156,0.0965340274825168,10.3145749558063,TRUE,NA
"b",8.72,-4.18861187969689,-3.00637534070282,-2.01144981518037,0.0964424659526903,10.3244694787379,TRUE,NA
"b",8.73,-4.19098606670543,-3.00811211794078,-2.01311709229161,0.0963510767593285,10.3343642113191,TRUE,NA
"b",8.74,-4.19335893442513,-3.00984779788507,-2.01478339097585,0.0962598594148449,10.344259152923,TRUE,NA
"b",8.75,-4.19573048501991,-3.01158238265655,-2.01644871303805,0.096168813433517,10.3541543029254,TRUE,NA
"b",8.76,-4.19810072064789,-3.01331587436926,-2.01811306027757,0.0960779383314598,10.3640496607043,TRUE,NA
"b",8.77,-4.20046964346138,-3.01504827513045,-2.01977643448819,0.0959872336266265,10.3739452256405,TRUE,NA
"b",8.78,-4.20283725560688,-3.01677958704059,-2.02143883745813,0.0958966988387973,10.3838409971172,TRUE,NA
"b",8.79,-4.20520355922515,-3.01850981219343,-2.02310027097006,0.0958063334895702,10.3937369745198,TRUE,NA
"b",8.8,-4.20756855645118,-3.02023895267598,-2.02476073680116,0.0957161371023565,10.4036331572366,TRUE,NA
"b",8.81,-4.20993224941425,-3.02196701056861,-2.02642023672313,0.0956261092023634,10.4135295446581,TRUE,NA
"b",8.82,-4.21229464023794,-3.02369398794503,-2.0280787725022,0.0955362493165963,10.4234261361773,TRUE,NA
"b",8.83,-4.21465573104015,-3.02541988687232,-2.02973634589915,0.0954465569738385,10.4333229311896,TRUE,NA
"b",8.84,-4.2170155239331,-3.02714470941098,-2.03139295866936,0.0953570317046544,10.4432199290927,TRUE,NA
"b",8.85,-4.21937402102339,-3.02886845761495,-2.03304861256283,0.0952676730413708,10.4531171292871,TRUE,NA
"b",8.86,-4.221731224412,-3.03059113353165,-2.03470330932416,0.0951784805180762,10.4630145311752,TRUE,NA
"b",8.87,-4.22408713619429,-3.03231273920198,-2.03635705069262,0.0950894536706102,10.4729121341621,TRUE,NA
"b",8.88,-4.22644175846008,-3.03403327666036,-2.03800983840217,0.0950005920365515,10.4828099376551,TRUE,NA
"b",8.89,-4.22879509329359,-3.0357527479348,-2.03966167418144,0.0949118951552119,10.492707941064,TRUE,NA
"b",8.9,-4.23114714277355,-3.03747115504686,-2.04131255975381,0.0948233625676349,10.5026061438007,TRUE,NA
"b",8.91,-4.23349790897312,-3.03918850001172,-2.04296249683738,0.0947349938165756,10.5125045452798,TRUE,NA
"b",8.92,-4.23584739396002,-3.0409047848382,-2.04461148714503,0.0946467884465001,10.5224031449179,TRUE,NA
"b",8.93,-4.23819559979645,-3.04262001152879,-2.04625953238444,0.0945587460035759,10.532301942134,TRUE,NA
"b",8.94,-4.24054252853917,-3.04433418207967,-2.04790663425808,0.0944708660356635,10.5422009363494,TRUE,NA
"b",8.95,-4.24288818223952,-3.04604729848075,-2.04955279446325,0.0943831480923101,10.5521001269878,TRUE,NA
"b",8.96,-4.24523256294339,-3.04775936271569,-2.05119801469213,0.0942955917247361,10.5619995134749,TRUE,NA
"b",8.97,-4.24757567269131,-3.0494703767619,-2.05284229663176,0.0942081964858366,10.571899095239,TRUE,NA
"b",8.98,-4.2499175135184,-3.05118034259062,-2.05448564196407,0.0941209619301677,10.5817988717104,TRUE,NA
"b",8.99,-4.25225808745444,-3.05288926216693,-2.05612805236591,0.0940338876139339,10.5916988423217,TRUE,NA
"b",9,-4.25459739652388,-3.05459713744974,-2.0577695295091,0.0939469730949924,10.6015990065077,TRUE,NA
"b",9.01,-4.25693544274583,-3.05630397039185,-2.05941007506038,0.0938602179328338,10.6114993637056,TRUE,NA
"b",9.02,-4.25927222813412,-3.05800976293999,-2.0610496906815,0.0937736216885825,10.6213999133546,TRUE,NA
"b",9.03,-4.2616077546973,-3.0597145170348,-2.06268837802921,0.0936871839249842,10.6313006548961,TRUE,NA
"b",9.04,-4.26394202443864,-3.06141823461091,-2.06432613875527,0.0936009042064025,10.6412015877739,TRUE,NA
"b",9.05,-4.26627503935618,-3.06312091759691,-2.0659629745065,0.093514782098806,10.6511027114336,TRUE,NA
"b",9.06,-4.26860680144276,-3.06482256791542,-2.06759888692479,0.0934288171697677,10.6610040253233,TRUE,NA
"b",9.07,-4.27093731268597,-3.06652318748311,-2.06923387764709,0.0933430089884477,10.6709055288932,TRUE,NA
"b",9.08,-4.27326657506824,-3.0682227782107,-2.07086794830549,0.093257357125597,10.6808072215955,TRUE,NA
"b",9.09,-4.27559459056685,-3.06992134200301,-2.07250110052718,0.0931718611535448,10.6907091028845,TRUE,NA
"b",9.1,-4.27792136115391,-3.07161888075897,-2.07413333593453,0.0930865206461871,10.7006111722169,TRUE,NA
"b",9.11,-4.2802468887964,-3.07331539637165,-2.07576465614504,0.0930013351789869,10.7105134290513,TRUE,NA
"b",9.12,-4.28257117545621,-3.07501089072831,-2.07739506277141,0.092916304328964,10.7204158728483,TRUE,NA
"b",9.13,-4.2848942230901,-3.07670536571037,-2.07902455742158,0.0928314276746853,10.7303185030709,TRUE,NA
"b",9.14,-4.28721603364979,-3.0783988231935,-2.08065314169866,0.0927467047962618,10.7402213191838,TRUE,NA
"b",9.15,-4.28953660908194,-3.08009126504758,-2.08228081720106,0.0926621352753392,10.7501243206542,TRUE,NA
"b",9.16,-4.29185595132816,-3.08178269313677,-2.08390758552242,0.0925777186950874,10.7600275069509,TRUE,NA
"b",9.17,-4.29417406232504,-3.08347310931953,-2.08553344825169,0.0924934546402016,10.7699308775452,TRUE,NA
"b",9.18,-4.29649094400419,-3.08516251544862,-2.08715840697311,0.0924093426968926,10.77983443191,TRUE,NA
"b",9.19,-4.2988065982922,-3.08685091337114,-2.08878246326626,0.0923253824528709,10.7897381695205,TRUE,NA
"b",9.2,-4.30112102711072,-3.08853830492856,-2.09040561870604,0.0922415734973532,10.7996420898539,TRUE,NA
"b",9.21,-4.30343423237644,-3.09022469195673,-2.09202787486274,0.0921579154210486,10.8095461923894,TRUE,NA
"b",9.22,-4.30574621600114,-3.09191007628593,-2.09364923330201,0.0920744078161491,10.8194504766081,TRUE,NA
"b",9.23,-4.30805697989166,-3.09359445974084,-2.09526969558493,0.0919910502763259,10.8293549419932,TRUE,NA
"b",9.24,-4.31036652594995,-3.09527784414062,-2.09688926326796,0.091907842396731,10.8392595880298,TRUE,NA
"b",9.25,-4.31267485607309,-3.0969602312989,-2.09850793790304,0.0918247837739723,10.849164414205,TRUE,NA
"b",9.26,-4.31498197215329,-3.09864162302383,-2.10012572103753,0.0917418740061233,10.8590694200079,TRUE,NA
"b",9.27,-4.31728787607793,-3.10032202111808,-2.10174261421429,0.0916591126927062,10.8689746049295,TRUE,NA
"b",9.28,-4.31959256972955,-3.10200142737886,-2.10335861897168,0.0915764994346913,10.8788799684627,TRUE,NA
"b",9.29,-4.32189605498588,-3.10367984359797,-2.10497373684354,0.0914940338344894,10.8887855101025,TRUE,NA
"b",9.3,-4.32419833371987,-3.10535727156179,-2.10658796935927,0.0914117154959397,10.8986912293457,TRUE,NA
"b",9.31,-4.32649940779968,-3.10703371305132,-2.1082013180438,0.0913295440243145,10.9085971256909,TRUE,NA
"b",9.32,-4.32879927908871,-3.10870916984221,-2.10981378441765,0.0912475190262998,10.9185031986389,TRUE,NA
"b",9.33,-4.33109794944563,-3.11038364370477,-2.11142536999691,0.0911656401099976,10.9284094476921,TRUE,NA
"b",9.34,-4.33339542072437,-3.112057136404,-2.11303607629327,0.0910839068849194,10.938315872355,TRUE,NA
"b",9.35,-4.33569169477418,-3.1137296496996,-2.11464590481403,0.0910023189619702,10.9482224721338,TRUE,NA
"b",9.36,-4.33798677343957,-3.115401185346,-2.11625485706216,0.090920875953457,10.9581292465367,TRUE,NA
"b",9.37,-4.34028065856042,-3.11707174509239,-2.11786293453626,0.0908395774730733,10.9680361950737,TRUE,NA
"b",9.38,-4.34257335197193,-3.11874133068272,-2.11947013873062,0.090758423135886,10.9779433172567,TRUE,NA
"b",9.39,-4.34486485550464,-3.12040994385575,-2.12107647113521,0.0906774125583505,10.9878506125994,TRUE,NA
"b",9.4,-4.3471551709845,-3.12207758634504,-2.12268193323569,0.0905965453582831,10.9977580806173,TRUE,NA
"b",9.41,-4.34944430023283,-3.12374425987901,-2.12428652651348,0.0905158211548658,11.0076657208278,TRUE,NA
"b",9.42,-4.35173224506634,-3.12540996618092,-2.12589025244573,0.0904352395686354,11.0175735327501,TRUE,NA
"b",9.43,-4.35401900729719,-3.12707470696892,-2.12749311250534,0.0903548002214833,11.0274815159052,TRUE,NA
"b",9.44,-4.35630458873295,-3.12873848395606,-2.12909510816099,0.0902745027366434,11.0373896698158,TRUE,NA
"b",9.45,-4.35858899117667,-3.13040129885032,-2.13069624087716,0.0901943467386896,11.0472979940065,TRUE,NA
"b",9.46,-4.36087221642686,-3.1320631533546,-2.13229651211414,0.0901143318535271,11.0572064880037,TRUE,NA
"b",9.47,-4.36315426627749,-3.1337240491668,-2.13389592332803,0.0900344577083874,11.0671151513355,TRUE,NA
"b",9.48,-4.36543514251807,-3.13538398797978,-2.1354944759708,0.0899547239318266,11.0770239835318,TRUE,NA
"b",9.49,-4.3677148469336,-3.13704297148142,-2.13709217149024,0.0898751301537133,11.0869329841242,TRUE,NA
"b",9.5,-4.36999338130462,-3.1387010013546,-2.13868901133007,0.0897956760052256,11.0968421526461,TRUE,NA
"b",9.51,-4.37227074740721,-3.14035807927729,-2.14028499692985,0.0897163611188434,11.1067514886328,TRUE,NA
"b",9.52,-4.37454694701302,-3.14201420692249,-2.14188012972509,0.0896371851283471,11.1166609916209,TRUE,NA
"b",9.53,-4.37682198188929,-3.1436693859583,-2.14347441114721,0.0895581476688063,11.1265706611492,TRUE,NA
"b",9.54,-4.37909585379881,-3.14532361804793,-2.14506784262354,0.0894792483765792,11.1364804967579,TRUE,NA
"b",9.55,-4.38136856450004,-3.14697690484971,-2.14666042557743,0.0894004868893004,11.1463904979891,TRUE,NA
"b",9.56,-4.383640115747,-3.14862924801713,-2.14825216142816,0.0893218628458854,11.1563006643864,TRUE,NA
"b",9.57,-4.3859105092894,-3.15028064919884,-2.14984305159099,0.089243375886511,11.1662109954952,TRUE,NA
"b",9.58,-4.38817974687258,-3.15193111003866,-2.15143309747723,0.0891650256526222,11.1761214908627,TRUE,NA
"b",9.59,-4.39044783023754,-3.15358063217565,-2.15302230049417,0.0890868117869217,11.1860321500375,TRUE,NA
"b",9.6,-4.39271476112098,-3.15522921724406,-2.15461066204515,0.0890087339333618,11.1959429725701,TRUE,NA
"b",9.61,-4.39498054125529,-3.15687686687342,-2.15619818352957,0.0889307917371438,11.2058539580127,TRUE,NA
"b",9.62,-4.39724517236858,-3.15852358268848,-2.15778486634288,0.0888529848447108,11.2157651059188,TRUE,NA
"b",9.63,-4.39950865618469,-3.16016936630932,-2.15937071187663,0.0887753129037354,11.225676415844,TRUE,NA
"b",9.64,-4.40177099442317,-3.16181421935128,-2.16095572151846,0.0886977755631309,11.2355878873451,TRUE,NA
"b",9.65,-4.40403218879937,-3.16345814342506,-2.16253989665212,0.0886203724730277,11.245499519981,TRUE,NA
"b",9.66,-4.40629224102439,-3.16510114013667,-2.16412323865749,0.0885431032847754,11.2554113133117,TRUE,NA
"b",9.67,-4.40855115280512,-3.16674321108749,-2.16570574891061,0.0884659676509418,11.2653232668993,TRUE,NA
"b",9.68,-4.41080892584424,-3.16838435787428,-2.16728742878366,0.088388965225302,11.2752353803072,TRUE,NA
"b",9.69,-4.41306556184025,-3.1700245820892,-2.16886827964498,0.0883120956628338,11.2851476531004,TRUE,NA
"b",9.7,-4.4153210624875,-3.1716638853198,-2.17044830285915,0.0882353586197122,11.2950600848457,TRUE,NA
"b",9.71,-4.41757542947614,-3.17330226914909,-2.17202749978689,0.0881587537533091,11.3049726751113,TRUE,NA
"b",9.72,-4.41982866449222,-3.17493973515553,-2.17360587178518,0.0880822807221797,11.3148854234671,TRUE,NA
"b",9.73,-4.42208076921763,-3.17657628491302,-2.17518342020723,0.0880059391860639,11.3247983294844,TRUE,NA
"b",9.74,-4.42433174533016,-3.17821191999098,-2.17676014640248,0.0879297288058787,11.3347113927362,TRUE,NA
"b",9.75,-4.42658159450349,-3.17984664195432,-2.17833605171664,0.0878536492437134,11.344624612797,TRUE,NA
"b",9.76,-4.42883031840722,-3.18148045236348,-2.1799111374917,0.0877777001628219,11.354537989243,TRUE,NA
"b",9.77,-4.43107791870688,-3.18311335277442,-2.18148540506593,0.0877018812276291,11.3644515216517,TRUE,NA
"b",9.78,-4.43332439706393,-3.1847453447387,-2.18305885577393,0.0876261921037038,11.3743652096022,TRUE,NA
"b",9.79,-4.43556975513579,-3.18637642980342,-2.18463149094659,0.0875506324577753,11.3842790526753,TRUE,NA
"b",9.8,-4.43781399457584,-3.18800660951128,-2.18620331191114,0.0874752019577199,11.3941930504531,TRUE,NA
"b",9.81,-4.44005711703345,-3.18963588540061,-2.18777431999117,0.0873999002725507,11.4041072025194,TRUE,NA
"b",9.82,-4.44229912415398,-3.19126425900534,-2.18934451650663,0.0873247270724251,11.4140215084592,TRUE,NA
"b",9.83,-4.44454001757881,-3.19289173185508,-2.19091390277384,0.0872496820286242,11.4239359678594,TRUE,NA
"b",9.84,-4.44677979894532,-3.19451830547507,-2.19248248010549,0.087174764813565,11.4338505803082,TRUE,NA
"b",9.85,-4.44901846988694,-3.19614398138625,-2.19405024981072,0.087099975100779,11.4437653453951,TRUE,NA
"b",9.86,-4.45125603203315,-3.19776876110526,-2.19561721319504,0.0870253125649234,11.4536802627115,TRUE,NA
"b",9.87,-4.45349248700948,-3.19939264614444,-2.19718337156042,0.0869507768817588,11.4635953318498,TRUE,NA
"b",9.88,-4.45572783643753,-3.20101563801187,-2.19874872620527,0.0868763677281605,11.4735105524043,TRUE,NA
"b",9.89,-4.45796208193502,-3.20263773821138,-2.20031327842444,0.0868020847821054,11.4834259239704,TRUE,NA
"b",9.9,-4.46019522511574,-3.20425894824255,-2.20187702950926,0.0867279277226691,11.4933414461453,TRUE,NA
"b",9.91,-4.46242726758961,-3.20587926960076,-2.20343998074757,0.0866538962300187,11.5032571185272,TRUE,NA
"b",9.92,-4.46465821096265,-3.20749870377719,-2.20500213342367,0.0865799899854123,11.5131729407162,TRUE,NA
"b",9.93,-4.46688805683706,-3.2091172522588,-2.20656348881839,0.0865062086711927,11.5230889123136,TRUE,NA
"b",9.94,-4.46911680681116,-3.21073491652843,-2.2081240482091,0.0864325519707791,11.533005032922,TRUE,NA
"b",9.95,-4.47134446247946,-3.21235169806473,-2.20968381286967,0.0863590195686719,11.5429213021457,TRUE,NA
"b",9.96,-4.47357102543262,-3.21396759834222,-2.21124278407056,0.0862856111504344,11.5528377195902,TRUE,NA
"b",9.97,-4.47579649725751,-3.21558261883132,-2.21280096307876,0.0862123264027006,11.5627542848626,TRUE,NA
"b",9.98,-4.47802087953721,-3.21719676099831,-2.21435835115786,0.0861391650131633,11.5726709975712,TRUE,NA
"b",9.99,-4.480244173851,-3.21881002630541,-2.21591494956804,0.0860661266705769,11.5825878573258,TRUE,NA
"b",10,-4.4824663817744,-3.22042241621076,-2.21747075956607,0.0859932110647428,11.5925048637376,TRUE,NA
"b",10.01,-4.48468750487915,-3.22203393216844,-2.21902578240534,0.0859204178865145,11.6024220164191,TRUE,NA
"b",10.02,-4.48690754473327,-3.22364457562848,-2.22058001933588,0.085847746827783,11.6123393149843,TRUE,NA
"b",10.03,-4.48912650290103,-3.2252543480369,-2.22213347160434,0.0857751975814822,11.6222567590484,TRUE,NA
"b",10.04,-4.49134438094298,-3.2268632508357,-2.22368614045403,0.0857027698415833,11.6321743482281,TRUE,NA
"b",10.05,-4.49356118041598,-3.22847128546289,-2.22523802712495,0.08563046330308,11.6420920821414,TRUE,NA
"b",10.06,-4.49577690287315,-3.23007845335251,-2.22678913285374,0.0855582776619994,11.6520099604077,TRUE,NA
"b",10.07,-4.49799154986397,-3.2316847559346,-2.22833945887377,0.0854862126153852,11.6619279826477,TRUE,NA
"b",10.08,-4.50020512293422,-3.2332901946353,-2.22988900641508,0.0854142678613017,11.6718461484833,TRUE,NA
"b",10.09,-4.50241762362602,-3.23489477087677,-2.23143777670444,0.0853424430988192,11.6817644575381,TRUE,NA
"b",10.1,-4.50462905347785,-3.2364984860773,-2.23298577096536,0.0852707380280266,11.6916829094367,TRUE,NA
"b",10.11,-4.50683941402456,-3.23810134165123,-2.23453299041807,0.0851991523500093,11.7016015038052,TRUE,NA
"b",10.12,-4.50904870679735,-3.23970333900905,-2.23607943627955,0.0851276857668561,11.7115202402708,TRUE,NA
"b",10.13,-4.51125693332382,-3.24130447955734,-2.23762510976358,0.0850563379816482,11.7214391184623,TRUE,NA
"b",10.14,-4.51346409512799,-3.24290476469886,-2.23917001208067,0.0849851086984641,11.7313581380095,TRUE,NA
"b",10.15,-4.51567019373025,-3.24450419583249,-2.24071414443815,0.0849139976223632,11.7412772985438,TRUE,NA
"b",10.16,-4.51787523064744,-3.24610277435331,-2.24225750804014,0.0848430044593949,11.7511965996976,TRUE,NA
"b",10.17,-4.52007920739282,-3.24770050165256,-2.24380010408757,0.0847721289165815,11.7611160411049,TRUE,NA
"b",10.18,-4.5222821254761,-3.24929737911771,-2.2453419337782,0.0847013707019255,11.7710356224006,TRUE,NA
"b",10.19,-4.52448398640346,-3.25089340813241,-2.24688299830663,0.0846307295243971,11.7809553432213,TRUE,NA
"b",10.2,-4.52668479167751,-3.25248859007656,-2.24842329886428,0.0845602050939327,11.7908752032045,TRUE,NA
"b",10.21,-4.5288845427974,-3.25408292632631,-2.24996283663946,0.084489797121436,11.8007952019892,TRUE,NA
"b",10.22,-4.5310832412587,-3.25567641825404,-2.25150161281735,0.0844195053187669,11.8107153392155,TRUE,NA
"b",10.23,-4.53328088855355,-3.25726906722844,-2.25303962857998,0.0843493293987367,11.8206356145248,TRUE,NA
"b",10.24,-4.53547748617055,-3.25886087461444,-2.25457688510632,0.0842792690751146,11.8305560275599,TRUE,NA
"b",10.25,-4.53767303559486,-3.26045184177331,-2.2561133835722,0.0842093240626109,11.8404765779647,TRUE,NA
"b",10.26,-4.53986753830816,-3.2620419700626,-2.2576491251504,0.0841394940768825,11.8503972653842,TRUE,NA
"b",10.27,-4.54206099578869,-3.26363126083622,-2.25918411101062,0.0840697788345208,11.8603180894649,TRUE,NA
"b",10.28,-4.54425340951123,-3.26521971544441,-2.26071834231948,0.0840001780530568,11.8702390498544,TRUE,NA
"b",10.29,-4.54644478094714,-3.26680733523375,-2.26225182024057,0.0839306914509539,11.8801601462015,TRUE,NA
"b",10.3,-4.54863511156438,-3.2683941215472,-2.26378454593443,0.0838613187475952,11.8900813781562,TRUE,NA
"b",10.31,-4.55082440282746,-3.26998007572411,-2.2653165205586,0.0837920596632946,11.9000027453699,TRUE,NA
"b",10.32,-4.55301265619753,-3.27156519910021,-2.26684774526756,0.0837229139192854,11.9099242474949,TRUE,NA
"b",10.33,-4.55519987313234,-3.27314949300767,-2.26837822121281,0.0836538812377112,11.9198458841849,TRUE,NA
"b",10.34,-4.55738605508626,-3.27473295877504,-2.26990794954285,0.0835849613416335,11.9297676550947,TRUE,NA
"b",10.35,-4.5595712035103,-3.27631559772733,-2.27143693140322,0.0835161539550207,11.9396895598804,TRUE,NA
"b",10.36,-4.56175531985213,-3.27789741118602,-2.27296516793643,0.0834474588027416,11.9496115981992,TRUE,NA
"b",10.37,-4.56393840555605,-3.27947840046901,-2.2744926602821,0.08337887561057,11.9595337697094,TRUE,NA
"b",10.38,-4.56612046206304,-3.28105856689071,-2.27601940957684,0.0833104041051795,11.9694560740708,TRUE,NA
"b",10.39,-4.56830149081077,-3.282637911762,-2.27754541695434,0.0832420440141299,11.9793785109439,TRUE,NA
"b",10.4,-4.57048149323358,-3.28421643639028,-2.27907068354537,0.0831737950658762,11.9893010799906,TRUE,NA
"b",10.41,-4.57266047076252,-3.28579414207946,-2.28059521047778,0.0831056569897575,11.9992237808741,TRUE,NA
"b",10.42,-4.57483842482536,-3.28737103012996,-2.28211899887649,0.0830376295159958,12.0091466132586,TRUE,NA
"b",10.43,-4.57701535684657,-3.28894710183876,-2.28364204986354,0.0829697123756912,12.0190695768093,TRUE,NA
"b",10.44,-4.57919126824735,-3.2905223584994,-2.28516436455809,0.082901905300822,12.0289926711928,TRUE,NA
"b",10.45,-4.58136616044568,-3.29209680140197,-2.28668594407639,0.0828342080242326,12.0389158960767,TRUE,NA
"b",10.46,-4.58354003485623,-3.29367043183316,-2.28820678953185,0.0827666202796418,12.0488392511299,TRUE,NA
"b",10.47,-4.58571289289049,-3.29524325107622,-2.28972690203503,0.0826991418016267,12.0587627360221,TRUE,NA
"b",10.48,-4.58788473595669,-3.29681526041104,-2.29124628269361,0.0826317723256311,12.0686863504244,TRUE,NA
"b",10.49,-4.59005556545985,-3.29838646111411,-2.29276493261247,0.0825645115879539,12.0786100940089,TRUE,NA
"b",10.5,-4.59222538280178,-3.29995685445855,-2.29428285289364,0.0824973593257465,12.0885339664489,TRUE,NA
"b",10.51,-4.5943941893811,-3.30152644171412,-2.29580004463635,0.0824303152770125,12.0984579674188,TRUE,NA
"b",10.52,-4.59656198659324,-3.30309522414726,-2.29731650893701,0.0823633791806024,12.108382096594,TRUE,NA
"b",10.53,-4.59872877583045,-3.30466320302104,-2.29883224688924,0.0822965507762103,12.1183063536511,TRUE,NA
"b",10.54,-4.60089455848182,-3.30623037959522,-2.30034725958388,0.0822298298043713,12.1282307382676,TRUE,NA
"b",10.55,-4.60305933593328,-3.30779675512628,-2.30186154810898,0.0821632160064532,12.1381552501225,TRUE,NA
"b",10.56,-4.6052231095676,-3.30936233086737,-2.30337511354984,0.0820967091246647,12.1480798888954,TRUE,NA
"b",10.57,-4.60738588076443,-3.31092710806837,-2.30488795698899,0.082030308902036,12.1580046542674,TRUE,NA
"b",10.58,-4.60954765090029,-3.31249108797588,-2.30640007950623,0.0819640150824319,12.1679295459204,TRUE,NA
"b",10.59,-4.61170842134858,-3.31405427183326,-2.3079114821786,0.0818978274105331,12.1778545635374,TRUE,NA
"b",10.6,-4.61386819347959,-3.31561666088058,-2.30942216608044,0.0818317456318454,12.1877797068026,TRUE,NA
"b",10.61,-4.61602696866052,-3.31717825635473,-2.31093213228334,0.0817657694926885,12.1977049754012,TRUE,NA
"b",10.62,-4.61818474825547,-3.31873905948932,-2.31244138185623,0.0816998987401969,12.2076303690195,TRUE,NA
"b",10.63,-4.62034153362548,-3.32029907151479,-2.31394991586529,0.0816341331223165,12.2175558873446,TRUE,NA
"b",10.64,-4.62249732612849,-3.32185829365836,-2.31545773537404,0.081568472387795,12.227481530065,TRUE,NA
"b",10.65,-4.62465212711941,-3.32341672714405,-2.31696484144332,0.08150291628619,12.2374072968701,TRUE,NA
"b",10.66,-4.6268059379501,-3.32497437319272,-2.3184712351313,0.0814374645678551,12.2473331874503,TRUE,NA
"b",10.67,-4.62895875996936,-3.32653123302205,-2.31997691749348,0.0813721169839412,12.257259201497,TRUE,NA
"b",10.68,-4.63111059452297,-3.32808730784659,-2.32148188958272,0.0813068732863944,12.2671853387028,TRUE,NA
"b",10.69,-4.63326144295369,-3.32964259887771,-2.32298615244922,0.0812417332279525,12.2771115987613,TRUE,NA
"b",10.7,-4.63541130660126,-3.33119710732367,-2.32448970714058,0.0811766965621392,12.2870379813668,TRUE,NA
"b",10.71,-4.63756018680244,-3.33275083438961,-2.32599255470176,0.0811117630432623,12.2969644862151,TRUE,NA
"b",10.72,-4.63970808489097,-3.33430378127754,-2.32749469617509,0.08104693242641,12.3068911130026,TRUE,NA
"b",10.73,-4.64185500219762,-3.33585594918641,-2.32899613260032,0.0809822044674524,12.316817861427,TRUE,NA
"b",10.74,-4.64400094005018,-3.33740733931203,-2.3304968650146,0.0809175789230321,12.326744731187,TRUE,NA
"b",10.75,-4.64614589977348,-3.33895795284719,-2.33199689445248,0.0808530555505635,12.336671721982,TRUE,NA
"b",10.76,-4.6482898826894,-3.34050779098156,-2.33349622194594,0.0807886341082296,12.3465988335126,TRUE,NA
"b",10.77,-4.65043289011685,-3.34205685490181,-2.33499484852441,0.0807243143549785,12.3565260654805,TRUE,NA
"b",10.78,-4.65257492337182,-3.34360514579152,-2.33649277521472,0.0806600960505253,12.3664534175883,TRUE,NA
"b",10.79,-4.65471598376737,-3.34515266483126,-2.33799000304119,0.080595978955337,12.3763808895395,TRUE,NA
"b",10.8,-4.65685607261365,-3.34669941319858,-2.33948653302559,0.080531962830646,12.3863084810386,TRUE,NA
"b",10.81,-4.65899519121786,-3.34824539206802,-2.34098236618713,0.0804680474384334,12.3962361917911,TRUE,NA
"b",10.82,-4.66113334088435,-3.3497906026111,-2.34247750354252,0.080404232541432,12.4061640215037,TRUE,NA
"b",10.83,-4.66327052291453,-3.35133504599637,-2.34397194610596,0.0803405179031196,12.4160919698836,TRUE,NA
"b",10.84,-4.66540673860697,-3.3528787233894,-2.34546569488912,0.0802769032877242,12.4260200366393,TRUE,NA
"b",10.85,-4.66754198925733,-3.35442163595279,-2.3469587509012,0.0802133884602112,12.4359482214803,TRUE,NA
"b",10.86,-4.66967627615843,-3.35596378484618,-2.34845111514889,0.0801499731862849,12.4458765241168,TRUE,NA
"b",10.87,-4.6718096006002,-3.35750517122626,-2.3499427886364,0.0800866572323908,12.4558049442602,TRUE,NA
"b",10.88,-4.67394196386975,-3.35904579624679,-2.35143377236549,0.0800234403656988,12.4657334816226,TRUE,NA
"b",10.89,-4.67607336725135,-3.3605856610586,-2.35292406733544,0.0799603223541157,12.4756621359174,TRUE,NA
"b",10.9,-4.67820381202642,-3.36212476680961,-2.35441367454306,0.0798973029662742,12.4855909068585,TRUE,NA
"b",10.91,-4.68033329947356,-3.36366311464483,-2.35590259498274,0.0798343819715281,12.4955197941611,TRUE,NA
"b",10.92,-4.68246183086858,-3.36520070570637,-2.35739082964642,0.079771559139957,12.5054487975411,TRUE,NA
"b",10.93,-4.68458940748445,-3.36673754113346,-2.35887837952361,0.0797088342423575,12.5153779167155,TRUE,NA
"b",10.94,-4.68671603059138,-3.36827362206246,-2.36036524560141,0.0796462070502413,12.5253071514022,TRUE,NA
"b",10.95,-4.68884170145675,-3.36980894962686,-2.36185142886449,0.0795836773358314,12.5352365013198,TRUE,NA
"b",10.96,-4.69096642134519,-3.3713435249573,-2.36333693029513,0.0795212448720659,12.5451659661881,TRUE,NA
"b",10.97,-4.69309019151856,-3.37287734918156,-2.36482175087319,0.0794589094325886,12.5550955457277,TRUE,NA
"b",10.98,-4.69521301323594,-3.37441042342461,-2.36630589157618,0.0793966707917453,12.5650252396601,TRUE,NA
"b",10.99,-4.69733488775367,-3.37594274880857,-2.36778935337919,0.0793345287245848,12.5749550477077,TRUE,NA
"b",11,-4.69945581632532,-3.37747432645277,-2.36927213725497,0.0792724830068585,12.5848849695939,TRUE,NA
"b",11.01,-4.70157580020175,-3.37900515747372,-2.37075424417388,0.0792105334150093,12.5948150050428,TRUE,NA
"b",11.02,-4.70369484063109,-3.38053524298513,-2.37223567510395,0.0791486797261762,12.6047451537795,TRUE,NA
"b",11.03,-4.70581293885872,-3.38206458409795,-2.37371643101083,0.0790869217181913,12.6146754155301,TRUE,NA
"b",11.04,-4.70793009612733,-3.38359318192033,-2.37519651285787,0.0790252591695717,12.6246057900215,TRUE,NA
"b",11.05,-4.71004631367691,-3.38512103755766,-2.37667592160605,0.0789636918595193,12.6345362769814,TRUE,NA
"b",11.06,-4.71216159274473,-3.38664815211258,-2.37815465821405,0.0789022195679228,12.6444668761385,TRUE,NA
"b",11.07,-4.71427593456539,-3.38817452668497,-2.37963272363823,0.0788408420753508,12.6543975872223,TRUE,NA
"b",11.08,-4.7163893403708,-3.389700162372,-2.38111011883263,0.0787795591630447,12.6643284099633,TRUE,NA
"b",11.09,-4.71850181139021,-3.39122506026808,-2.38258684474901,0.0787183706129277,12.6742593440927,TRUE,NA
"b",11.1,-4.7206133488502,-3.39274922146493,-2.38406290233681,0.0786572762075894,12.6841903893426,TRUE,NA
"b",11.11,-4.72272395397467,-3.39427264705154,-2.38553829254321,0.0785962757302934,12.6941215454462,TRUE,NA
"b",11.12,-4.72483362798492,-3.39579533811421,-2.38701301631311,0.0785353689649684,12.7040528121371,TRUE,NA
"b",11.13,-4.72694237209956,-3.39731729573656,-2.38848707458912,0.0784745556962094,12.7139841891502,TRUE,NA
"b",11.14,-4.7290501875346,-3.39883852099951,-2.38996046831161,0.078413835709271,12.723915676221,TRUE,NA
"b",11.15,-4.73115707550341,-3.40035901498133,-2.39143319841868,0.0783532087900713,12.7338472730859,TRUE,NA
"b",11.16,-4.73326303721675,-3.4018787787576,-2.3929052658462,0.0782926747251795,12.7437789794823,TRUE,NA
"b",11.17,-4.73536807388277,-3.40339781340128,-2.39437667152779,0.0782322333018235,12.7537107951482,TRUE,NA
"b",11.18,-4.73747218670702,-3.40491611998267,-2.39584741639484,0.0781718843078836,12.7636427198226,TRUE,NA
"b",11.19,-4.73957537689245,-3.40643369956943,-2.39731750137651,0.0781116275318863,12.7735747532452,TRUE,NA
"b",11.2,-4.74167764563943,-3.4079505532266,-2.39878692739976,0.0780514627630082,12.7835068951567,TRUE,NA
"b",11.21,-4.74377899414576,-3.4094666820166,-2.40025569538932,0.0779913897910687,12.7934391452985,TRUE,NA
"b",11.22,-4.74587942360665,-3.41098208699926,-2.40172380626774,0.0779314084065281,12.803371503413,TRUE,NA
"b",11.23,-4.74797893521476,-3.4124967692318,-2.40319126095535,0.0778715184004888,12.813303969243,TRUE,NA
"b",11.24,-4.75007753016019,-3.41401072976883,-2.40465806037033,0.0778117195646879,12.8232365425327,TRUE,NA
"b",11.25,-4.7521752096305,-3.41552396966242,-2.40612420542863,0.0777520116914969,12.8331692230267,TRUE,NA
"b",11.26,-4.75427197481071,-3.41703648996203,-2.40758969704407,0.0776923945739214,12.8431020104706,TRUE,NA
"b",11.27,-4.7563678268833,-3.41854829171458,-2.40905453612829,0.0776328680055975,12.8530349046106,TRUE,NA
"b",11.28,-4.75846276702823,-3.42005937596443,-2.41051872359076,0.077573431780785,12.862967905194,TRUE,NA
"b",11.29,-4.76055679642294,-3.42156974375339,-2.41198226033882,0.0775140856943697,12.8729010119687,TRUE,NA
"b",11.3,-4.76264991624237,-3.42307939612075,-2.41344514727766,0.0774548295418622,12.8828342246834,TRUE,NA
"b",11.31,-4.76474212765893,-3.42458833410324,-2.41490738531032,0.0773956631193919,12.8927675430878,TRUE,NA
"b",11.32,-4.76683343184258,-3.4260965587351,-2.41636897533771,0.0773365862237059,12.9027009669321,TRUE,NA
"b",11.33,-4.76892382996074,-3.42760407104805,-2.41782991825865,0.0772775986521657,12.9126344959674,TRUE,NA
"b",11.34,-4.7710133231784,-3.4291108720713,-2.41929021496981,0.0772187002027467,12.9225681299458,TRUE,NA
"b",11.35,-4.77310191265804,-3.43061696283157,-2.42074986636577,0.0771598906740385,12.9325018686198,TRUE,NA
"b",11.36,-4.77518959955969,-3.4321223443531,-2.42220887333899,0.0771011698652311,12.9424357117431,TRUE,NA
"b",11.37,-4.77727638504093,-3.43362701765764,-2.42366723677985,0.0770425375761286,12.9523696590697,TRUE,NA
"b",11.38,-4.77936227025686,-3.43513098376449,-2.42512495757664,0.076983993607135,12.9623037103548,TRUE,NA
"b",11.39,-4.78144725636017,-3.43663424369048,-2.42658203661558,0.0769255377592564,12.9722378653542,TRUE,NA
"b",11.4,-4.78353134450109,-3.43813679844998,-2.42803847478078,0.0768671698341001,12.9821721238244,TRUE,NA
"b",11.41,-4.78561453582743,-3.43963864905492,-2.42949427295432,0.0768088896338655,12.9921064855228,TRUE,NA
"b",11.42,-4.78769683148457,-3.44113979651481,-2.43094943201621,0.0767506969613536,13.0020409502074,TRUE,NA
"b",11.43,-4.78977823261549,-3.4426402418367,-2.4324039528444,0.0766925916199503,13.0119755176372,TRUE,NA
"b",11.44,-4.79185874036075,-3.44413998602526,-2.43385783631479,0.0766345734136413,13.0219101875717,TRUE,NA
"b",11.45,-4.7939383558585,-3.44563903008273,-2.43531108330125,0.0765766421469887,13.0318449597713,TRUE,NA
"b",11.46,-4.79601708024451,-3.44713737500893,-2.43676369467561,0.0765187976251505,13.0417798339971,TRUE,NA
"b",11.47,-4.79809491465216,-3.44863502180132,-2.43821567130768,0.0764610396538612,13.0517148100109,TRUE,NA
"b",11.48,-4.80017186021245,-3.45013197145494,-2.43966701406523,0.0764033680394425,13.0616498875755,TRUE,NA
"b",11.49,-4.802247918054,-3.45162822496247,-2.44111772381405,0.0763457825887905,13.071585066454,TRUE,NA
"b",11.5,-4.80432308930308,-3.45312378331422,-2.44256780141788,0.0762882831093843,13.0815203464107,TRUE,NA
"b",11.51,-4.80639737508357,-3.45461864749812,-2.4440172477385,0.0762308694092675,13.0914557272102,TRUE,NA
"b",11.52,-4.80847077651703,-3.45611281849977,-2.44546606363568,0.0761735412970688,13.1013912086183,TRUE,NA
"b",11.53,-4.81054329472265,-3.4576062973024,-2.44691424996719,0.0761162985819785,13.1113267904011,TRUE,NA
"b",11.54,-4.8126149308173,-3.45909908488691,-2.44836180758883,0.0760591410737583,13.1212624723256,TRUE,NA
"b",11.55,-4.81468568591551,-3.46059118223187,-2.44980873735443,0.0760020685827394,13.1311982541597,TRUE,NA
"b",11.56,-4.81675556112947,-3.46208259031353,-2.45125504011585,0.0759450809198103,13.1411341356716,TRUE,NA
"b",11.57,-4.81882455756907,-3.4635733101058,-2.45270071672298,0.0758881778964287,13.1510701166307,TRUE,NA
"b",11.58,-4.82089267634188,-3.46506334258031,-2.45414576802376,0.0758313593246074,13.1610061968068,TRUE,NA
"b",11.59,-4.82295991855317,-3.46655268870638,-2.45559019486417,0.0757746250169173,13.1709423759704,TRUE,NA
"b",11.6,-4.82502628530592,-3.46804134945104,-2.45703399808827,0.0757179747864893,13.180878653893,TRUE,NA
"b",11.61,-4.82709177770078,-3.46952932577901,-2.45847717853817,0.0756614084470049,13.1908150303464,TRUE,NA
"b",11.62,-4.82915639683615,-3.47101661865276,-2.45991973705404,0.0756049258126961,13.2007515051035,TRUE,NA
"b",11.63,-4.83122014380815,-3.47250322903249,-2.46136167447413,0.0755485266983467,13.2106880779376,TRUE,NA
"b",11.64,-4.83328301971061,-3.47398915787612,-2.46280299163479,0.0754922109192875,13.2206247486229,TRUE,NA
"b",11.65,-4.83534502563511,-3.47547440613931,-2.46424368937045,0.0754359782913943,13.2305615169342,TRUE,NA
"b",11.66,-4.83740616267096,-3.4769589747755,-2.46568376851361,0.0753798286310876,13.2404983826469,TRUE,NA
"b",11.67,-4.83946643190521,-3.47844286473587,-2.46712322989489,0.0753237617553295,13.2504353455374,TRUE,NA
"b",11.68,-4.84152583442269,-3.47992607696936,-2.46856207434304,0.0752677774816197,13.2603724053823,TRUE,NA
"b",11.69,-4.84358437130597,-3.4814086124227,-2.47000030268487,0.0752118756279958,13.2703095619595,TRUE,NA
"b",11.7,-4.84564204363539,-3.48289047204039,-2.47143791574535,0.0751560560130335,13.280246815047,TRUE,NA
"b",11.71,-4.84769885248906,-3.48437165676473,-2.47287491434756,0.0751003184558403,13.2901841644238,TRUE,NA
"b",11.72,-4.84975479894288,-3.4858521675358,-2.47431129931272,0.0750446627760546,13.3001216098695,TRUE,NA
"b",11.73,-4.85180988407053,-3.48733200529149,-2.47574707146016,0.0749890887938442,13.3100591511645,TRUE,NA
"b",11.74,-4.85386410894347,-3.48881117096752,-2.47718223160738,0.0749335963299056,13.3199967880896,TRUE,NA
"b",11.75,-4.85591747463098,-3.49028966549738,-2.47861678057002,0.0748781852054616,13.3299345204265,TRUE,NA
"b",11.76,-4.85796998220013,-3.49176748981244,-2.48005071916188,0.0748228552422563,13.3398723479576,TRUE,NA
"b",11.77,-4.86002163271581,-3.49324464484187,-2.4814840481949,0.0747676062625593,13.3498102704656,TRUE,NA
"b",11.78,-4.86207242724071,-3.49472113151267,-2.4829167684792,0.0747124380891551,13.3597482877344,TRUE,NA
"b",11.79,-4.86412236683536,-3.4961969507497,-2.48434888082308,0.0746573505453547,13.369686399548,TRUE,NA
"b",11.8,-4.86617145255812,-3.49767210347568,-2.48578038603301,0.0746023434549752,13.3796246056916,TRUE,NA
"b",11.81,-4.86821968546518,-3.49914659061119,-2.48721128491363,0.074547416642353,13.3895629059507,TRUE,NA
"b",11.82,-4.87026706661056,-3.50062041307465,-2.48864157826778,0.0744925699323371,13.3995013001114,TRUE,NA
"b",11.83,-4.87231359704615,-3.50209357178239,-2.49007126689652,0.0744378031502837,13.4094397879608,TRUE,NA
"b",11.84,-4.87435927782168,-3.50356606764858,-2.49150035159906,0.0743831161220645,13.4193783692863,TRUE,NA
"b",11.85,-4.87640410998474,-3.50503790158531,-2.49292883317285,0.0743285086740508,13.4293170438761,TRUE,NA
"b",11.86,-4.8784480945808,-3.50650907450256,-2.49435671241355,0.0742739806331203,13.4392558115191,TRUE,NA
"b",11.87,-4.88049123265319,-3.5079795873082,-2.49578399011503,0.0742195318266585,13.4491946720046,TRUE,NA
"b",11.88,-4.88253352524311,-3.509449440908,-2.49721066706939,0.0741651620825441,13.4591336251229,TRUE,NA
"b",11.89,-4.88457497338967,-3.51091863620568,-2.49863674406694,0.0741108712291636,13.4690726706646,TRUE,NA
"b",11.9,-4.88661557812984,-3.51238717410283,-2.50006222189625,0.0740566590953926,13.4790118084212,TRUE,NA
"b",11.91,-4.8886553404985,-3.51385505549902,-2.50148710134411,0.0740025255106103,13.4889510381846,TRUE,NA
"b",11.92,-4.89069426152845,-3.51532228129172,-2.50291138319557,0.0739484703046855,13.4988903597473,TRUE,NA
"b",11.93,-4.89273234225037,-3.51678885237635,-2.50433506823392,0.0738944933079795,13.5088297729028,TRUE,NA
"b",11.94,-4.89476958369286,-3.51825476964627,-2.50575815724072,0.0738405943513443,13.5187692774448,TRUE,NA
"b",11.95,-4.89680598688245,-3.51972003399282,-2.50718065099576,0.0737867732661206,13.5287088731678,TRUE,NA
"b",11.96,-4.8988415528436,-3.52118464630528,-2.50860255027715,0.0737330298841372,13.538648559867,TRUE,NA
"b",11.97,-4.90087628259867,-3.5226486074709,-2.51002385586122,0.0736793640377038,13.5485883373381,TRUE,NA
"b",11.98,-4.90291017716799,-3.5241119183749,-2.51144456852261,0.0736257755596172,13.5585282053774,TRUE,NA
"b",11.99,-4.90494323756981,-3.52557457990049,-2.51286468903423,0.0735722642831584,13.5684681637818,TRUE,NA
"b",12,-4.90697546482036,-3.52703659292887,-2.51428421816729,0.073518830042079,13.578408212349,TRUE,NA
"b",12.01,-4.9090068599338,-3.52849795833922,-2.51570315669127,0.0734654726706179,13.5883483508771,TRUE,NA
"b",12.02,-4.91103742392224,-3.52995867700872,-2.51712150537399,0.0734121920034849,13.5982885791648,TRUE,NA
"b",12.03,-4.91306715779578,-3.53141874981257,-2.51853926498153,0.0733589878758663,13.6082288970115,TRUE,NA
"b",12.04,-4.91509606256247,-3.53287817762398,-2.5199564362783,0.0733058601234222,13.6181693042171,TRUE,NA
"b",12.05,-4.91712413922837,-3.53433696131416,-2.52137302002704,0.0732528085822812,13.6281098005824,TRUE,NA
"b",12.06,-4.9191513887975,-3.53579510175237,-2.5227890169888,0.0731998330890438,13.6380503859083,TRUE,NA
"b",12.07,-4.92117781227185,-3.53725259980589,-2.52420442792293,0.0731469334807766,13.6479910599967,TRUE,NA
"b",12.08,-4.92320341065144,-3.53870945634002,-2.52561925358715,0.0730941095950159,13.6579318226499,TRUE,NA
"b",12.09,-4.92522818493427,-3.54016567221815,-2.52703349473749,0.0730413612697562,13.6678726736709,TRUE,NA
"b",12.1,-4.92725213611635,-3.54162124830167,-2.52844715212833,0.0729886883434601,13.6778136128631,TRUE,NA
"b",12.11,-4.9292752651917,-3.54307618545005,-2.52986022651241,0.0729360906550491,13.6877546400307,TRUE,NA
"b",12.12,-4.93129757315235,-3.54453048452082,-2.53127271864079,0.0728835680439053,13.6976957549783,TRUE,NA
"b",12.13,-4.93331906098837,-3.54598414636959,-2.53268462926291,0.0728311203498673,13.7076369575112,TRUE,NA
"b",12.14,-4.93533972968784,-3.54743717185003,-2.53409595912656,0.0727787474132304,13.7175782474353,TRUE,NA
"b",12.15,-4.93735958023688,-3.54888956181388,-2.53550670897791,0.0727264490747443,13.7275196245569,TRUE,NA
"b",12.16,-4.93937861361964,-3.55034131711098,-2.53691687956149,0.0726742251756134,13.737461088683,TRUE,NA
"b",12.17,-4.94139683081832,-3.55179243858928,-2.53832647162021,0.0726220755574913,13.7474026396213,TRUE,NA
"b",12.18,-4.94341423281317,-3.55324292709481,-2.53973548589537,0.0725700000624832,13.7573442771798,TRUE,NA
"b",12.19,-4.94543082058249,-3.55469278347169,-2.54114392312663,0.0725179985331379,13.7672860011672,TRUE,NA
"b",12.2,-4.94744659510265,-3.55614200856217,-2.54255178405206,0.0724660708124563,13.7772278113928,TRUE,NA
"b",12.21,-4.94946155734808,-3.55759060320663,-2.54395906940814,0.0724142167438799,13.7871697076665,TRUE,NA
"b",12.22,-4.95147570829126,-3.55903856824353,-2.54536577992973,0.0723624361713,13.7971116897985,TRUE,NA
"b",12.23,-4.95348904890279,-3.56048590450951,-2.5467719163501,0.0723107289390401,13.8070537575998,TRUE,NA
"b",12.24,-4.9555015801513,-3.56193261283931,-2.54817747940094,0.0722590948918715,13.816995910882,TRUE,NA
"b",12.25,-4.95751330300354,-3.5633786940658,-2.54958246981234,0.0722075338749999,13.8269381494571,TRUE,NA
"b",12.26,-4.95952421842435,-3.56482414902004,-2.55098688831283,0.0721560457340704,13.8368804731376,TRUE,NA
"b",12.27,-4.96153432737664,-3.5662689785312,-2.55239073562935,0.0721046303151658,13.8468228817368,TRUE,NA
"b",12.28,-4.96354363082146,-3.56771318342662,-2.55379401248727,0.072053287464795,13.8567653750683,TRUE,NA
"b",12.29,-4.96555212971794,-3.56915676453182,-2.55519671961041,0.0720020170299076,13.8667079529464,TRUE,NA
"b",12.3,-4.96755982502333,-3.57059972267047,-2.55659885772102,0.0719508188578803,13.8766506151859,TRUE,NA
"b",12.31,-4.96956671769301,-3.57204205866441,-2.55800042753979,0.0718996927965203,13.886593361602,TRUE,NA
"b",12.32,-4.97157280868045,-3.57348377333368,-2.55940142978587,0.0718486386940618,13.8965361920108,TRUE,NA
"b",12.33,-4.97357809893728,-3.57492486749648,-2.56080186517686,0.0717976563991627,13.9064791062285,TRUE,NA
"b",12.34,-4.97558258941325,-3.57636534196924,-2.5622017344288,0.0717467457609122,13.9164221040722,TRUE,NA
"b",12.35,-4.97758628105624,-3.57780519756655,-2.56360103825623,0.0716959066288201,13.9263651853593,TRUE,NA
"b",12.36,-4.9795891748123,-3.57924443510121,-2.56499977737213,0.071645138852813,13.9363083499079,TRUE,NA
"b",12.37,-4.9815912716256,-3.58068305538424,-2.56639795248795,0.0715944422832493,13.9462515975364,TRUE,NA
"b",12.38,-4.98359257243848,-3.58212105922488,-2.56779556431365,0.0715438167708933,13.9561949280639,TRUE,NA
"b",12.39,-4.98559307819141,-3.58355844743055,-2.56919261355763,0.0714932621669333,13.9661383413101,TRUE,NA
"b",12.4,-4.98759278982307,-3.58499522080695,-2.5705891009268,0.0714427783229739,13.9760818370951,TRUE,NA
"b",12.41,-4.98959170827028,-3.58643138015797,-2.57198502712656,0.0713923650910351,13.9860254152395,TRUE,NA
"b",12.42,-4.99158983446802,-3.58786692628575,-2.5733803928608,0.0713420223235453,13.9959690755645,TRUE,NA
"b",12.43,-4.99358716934947,-3.58930185999066,-2.57477519883191,0.0712917498733479,14.0059128178917,TRUE,NA
"b",12.44,-4.995583713846,-3.59073618207134,-2.57616944574078,0.0712415475936972,14.0158566420434,TRUE,NA
"b",12.45,-4.99757946888714,-3.59216989332465,-2.57756313428683,0.0711914153382556,14.0258005478422,TRUE,NA
"b",12.46,-4.99957443540063,-3.59360299454574,-2.57895626516797,0.07114135296109,14.0357445351115,TRUE,NA
"b",12.47,-5.00156861431241,-3.595035486528,-2.58034883908063,0.0710913603166756,14.0456886036749,TRUE,NA
"b",12.48,-5.00356200654661,-3.59646737006309,-2.58174085671977,0.0710414372598938,14.0556327533567,TRUE,NA
"b",12.49,-5.00555461302559,-3.59789864594096,-2.58313231877889,0.070991583646026,14.0655769839817,TRUE,NA
"b",12.5,-5.00754643466989,-3.59932931494982,-2.58452322594998,0.070941799330754,14.0755212953751,TRUE,NA
"b",12.51,-5.00953747239829,-3.60075937787616,-2.58591357892361,0.0708920841701657,14.0854656873626,TRUE,NA
"b",12.52,-5.01152772712779,-3.60218883550479,-2.58730337838886,0.0708424380207426,14.0954101597706,TRUE,NA
"b",12.53,-5.01351719977361,-3.60361768861878,-2.58869262503337,0.0707928607393642,14.1053547124258,TRUE,NA
"b",12.54,-5.01550589124921,-3.60504593799951,-2.59008131954333,0.0707433521833098,14.1152993451555,TRUE,NA
"b",12.55,-5.01749380246627,-3.60647358442667,-2.59146946260346,0.0706939122102512,14.1252440577874,TRUE,NA
"b",12.56,-5.01948093433474,-3.60790062867826,-2.59285705489706,0.0706445406782485,14.1351888501499,TRUE,NA
"b",12.57,-5.02146728776277,-3.60932707153059,-2.59424409710599,0.0705952374457643,14.1451337220716,TRUE,NA
"b",12.58,-5.0234528636568,-3.61075291375828,-2.59563058991067,0.0705460023716435,14.1550786733817,TRUE,NA
"b",12.59,-5.02543766292152,-3.61217815613431,-2.59701653399008,0.0704968353151223,14.1650237039101,TRUE,NA
"b",12.6,-5.02742168645987,-3.61360279942995,-2.59840193002178,0.0704477361358258,14.1749688134869,TRUE,NA
"b",12.61,-5.02940493517304,-3.61502684441483,-2.59978677868193,0.0703987046937646,14.1849140019429,TRUE,NA
"b",12.62,-5.03138740996052,-3.61645029185691,-2.60117108064525,0.0703497408493381,14.1948592691092,TRUE,NA
"b",12.63,-5.03336911172005,-3.61787314252249,-2.60255483658504,0.0703008444633237,14.2048046148175,TRUE,NA
"b",12.64,-5.03535004134767,-3.61929539717623,-2.60393804717321,0.0702520153968842,14.2147500388999,TRUE,NA
"b",12.65,-5.03733019973767,-3.62071705658115,-2.60532071308026,0.0702032535115662,14.2246955411891,TRUE,NA
"b",12.66,-5.03930958778266,-3.62213812149863,-2.60670283497528,0.0701545586692909,14.2346411215183,TRUE,NA
"b",12.67,-5.04128820637353,-3.62355859268838,-2.60808441352597,0.0701059307323635,14.2445867797208,TRUE,NA
"b",12.68,-5.04326605639946,-3.62497847090853,-2.60946544939863,0.0700573695634632,14.2545325156309,TRUE,NA
"b",12.69,-5.04524313874793,-3.62639775691556,-2.6108459432582,0.0700088750256476,14.2644783290831,TRUE,NA
"b",12.7,-5.04721945430475,-3.62781645146434,-2.61222589576819,0.0699604469823449,14.2744242199123,TRUE,NA
"b",12.71,-5.049195003954,-3.6292345553081,-2.61360530759077,0.0699120852973611,14.284370187954,TRUE,NA
"b",12.72,-5.0511697885781,-3.63065206919848,-2.61498417938671,0.0698637898348742,14.2943162330441,TRUE,NA
"b",12.73,-5.0531438090578,-3.63206899388553,-2.61636251181542,0.0698155604594302,14.3042623550192,TRUE,NA
"b",12.74,-5.05511706627215,-3.63348533011766,-2.61774030553492,0.0697673970359465,14.3142085537159,TRUE,NA
"b",12.75,-5.05708956109852,-3.63490107864171,-2.6191175612019,0.0697192994297087,14.3241548289717,TRUE,NA
"b",12.76,-5.05906129441266,-3.63631624020293,-2.62049427947166,0.06967126750637,14.3341011806243,TRUE,NA
"b",12.77,-5.06103226708859,-3.63773081554498,-2.62187046099816,0.0696233011319483,14.3440476085119,TRUE,NA
"b",12.78,-5.06300247999874,-3.63914480540992,-2.62324610643401,0.0695754001728255,14.3539941124733,TRUE,NA
"b",12.79,-5.06497193401382,-3.64055821053825,-2.62462121643045,0.0695275644957523,14.3639406923477,TRUE,NA
"b",12.8,-5.06694063000294,-3.64197103166891,-2.6259957916374,0.0694797939678331,14.3738873479746,TRUE,NA
"b",12.81,-5.06890856883354,-3.64338326953925,-2.62736983270342,0.0694320884565394,14.3838340791941,TRUE,NA
"b",12.82,-5.07087575137142,-3.64479492488506,-2.62874334027576,0.0693844478296981,14.3937808858467,TRUE,NA
"b",12.83,-5.07284217848075,-3.64620599844059,-2.63011631500029,0.0693368719555028,14.4037277677734,TRUE,NA
"b",12.84,-5.07480785102407,-3.64761649093851,-2.63148875752161,0.0692893607024909,14.4136747248155,TRUE,NA
"b",12.85,-5.07677276986227,-3.64902640310995,-2.63286066848295,0.0692419139395675,14.423621756815,TRUE,NA
"b",12.86,-5.07873693585464,-3.65043573568452,-2.63423204852624,0.069194531535989,14.4335688636142,TRUE,NA
"b",12.87,-5.08070034985884,-3.65184448939025,-2.63560289829208,0.0691472133613611,14.4435160450557,TRUE,NA
"b",12.88,-5.08266301273091,-3.65325266495366,-2.63697321841977,0.0690999592856483,14.4534633009828,TRUE,NA
"b",12.89,-5.08462492532528,-3.65466026309974,-2.63834300954728,0.0690527691791618,14.4634106312391,TRUE,NA
"b",12.9,-5.08658608849478,-3.65606728455193,-2.6397122723113,0.0690056429125683,14.4733580356687,TRUE,NA
"b",12.91,-5.08854650309064,-3.65747373003218,-2.6410810073472,0.068958580356874,14.483305514116,TRUE,NA
"b",12.92,-5.09050616996247,-3.6588796002609,-2.64244921528906,0.0689115813834422,14.493253066426,TRUE,NA
"b",12.93,-5.0924650899583,-3.660284895957,-2.64381689676965,0.0688646458639748,14.503200692444,TRUE,NA
"b",12.94,-5.09442326392457,-3.66168961783788,-2.64518405242047,0.0688177736705256,14.5131483920159,TRUE,NA
"b",12.95,-5.09638069270614,-3.66309376661942,-2.64655068287172,0.068770964675489,14.5230961649879,TRUE,NA
"b",12.96,-5.09833737714626,-3.66449734301601,-2.64791678875231,0.0687242187516044,14.5330440112066,TRUE,NA
"b",12.97,-5.10029331808663,-3.66590034774057,-2.64928237068989,0.0686775357719513,14.5429919305192,TRUE,NA
"b",12.98,-5.10224851636738,-3.66730278150449,-2.65064742931082,0.0686309156099494,14.5529399227731,TRUE,NA
"b",12.99,-5.10420297282703,-3.66870464501769,-2.65201196524018,0.0685843581393595,14.5628879878162,TRUE,NA
"b",13,-5.10615668830257,-3.67010593898861,-2.65337597910181,0.0685378632342801,14.572836125497,TRUE,NA
"b",13.01,-5.10810966362942,-3.67150666412421,-2.65473947151824,0.0684914307691464,14.5827843356642,TRUE,NA
"b",13.02,-5.11006189964144,-3.67290682112999,-2.65610244311079,0.0684450606187301,14.5927326181671,TRUE,NA
"b",13.03,-5.11201339717093,-3.67430641070995,-2.65746489449947,0.0683987526581395,14.6026809728551,TRUE,NA
"b",13.04,-5.11396415704866,-3.67570543356666,-2.65882682630308,0.0683525067628157,14.6126293995784,TRUE,NA
"b",13.05,-5.11591418010383,-3.6771038904012,-2.66018823913913,0.068306322808529,14.6225778981875,TRUE,NA
"b",13.06,-5.11786346716412,-3.67850178191322,-2.66154913362392,0.0682602006713857,14.6325264685331,TRUE,NA
"b",13.07,-5.11981201905564,-3.67989910880089,-2.66290951037248,0.0682141402278238,14.6424751104666,TRUE,NA
"b",13.08,-5.121759836603,-3.68129587176095,-2.66426936999861,0.0681681413546045,14.6524238238396,TRUE,NA
"b",13.09,-5.12370692062928,-3.68269207148871,-2.66562871311486,0.0681222039288252,14.6623726085043,TRUE,NA
"b",13.1,-5.125653271956,-3.684087708678,-2.66698754033258,0.0680763278279017,14.6723214643132,TRUE,NA
"b",13.11,-5.12759889140318,-3.68548278402126,-2.66834585226184,0.0680305129295817,14.6822703911192,TRUE,NA
"b",13.12,-5.12954377978934,-3.68687729820946,-2.66970364951153,0.0679847591119414,14.6922193887755,TRUE,NA
"b",13.13,-5.13148793793145,-3.68827125193217,-2.67106093268929,0.0679390662533703,14.7021684571359,TRUE,NA
"b",13.14,-5.13343136664499,-3.68966464587754,-2.67241770240155,0.0678934342325901,14.7121175960547,TRUE,NA
"b",13.15,-5.13537406674394,-3.69105748073227,-2.67377395925353,0.0678478629286401,14.7220668053861,TRUE,NA
"b",13.16,-5.13731603904075,-3.69244975718168,-2.67512970384922,0.0678023522208813,14.7320160849854,TRUE,NA
"b",13.17,-5.13925728434641,-3.69384147590965,-2.67648493679141,0.0677569019889934,14.7419654347076,TRUE,NA
"b",13.18,-5.14119780347037,-3.69523263759868,-2.67783965868169,0.0677115121129757,14.7519148544086,TRUE,NA
"b",13.19,-5.14313759722064,-3.69662324292985,-2.67919387012045,0.0676661824731468,14.7618643439445,TRUE,NA
"b",13.2,-5.14507666640369,-3.69801329258286,-2.68054757170686,0.0676209129501379,14.7718139031717,TRUE,NA
"b",13.21,-5.14701501182456,-3.69940278723599,-2.68190076403893,0.0675757034248941,14.7817635319473,TRUE,NA
"b",13.22,-5.14895263428676,-3.70079172756615,-2.68325344771343,0.0675305537786857,14.7917132301285,TRUE,NA
"b",13.23,-5.15088953459235,-3.70218011424885,-2.68460562332598,0.0674854638930857,14.801662997573,TRUE,NA
"b",13.24,-5.15282571354193,-3.70356794795824,-2.685957291471,0.0674404336499799,14.8116128341389,TRUE,NA
"b",13.25,-5.1547611719346,-3.70495522936707,-2.68730845274173,0.0673954629315707,14.8215627396846,TRUE,NA
"b",13.26,-5.15669591056803,-3.70634195914671,-2.68865910773023,0.0673505516203701,14.831512714069,TRUE,NA
"b",13.27,-5.1586299302384,-3.70772813796719,-2.69000925702739,0.0673056995991907,14.8414627571514,TRUE,NA
"b",13.28,-5.16056323174044,-3.70911376649715,-2.69135890122293,0.0672609067511662,14.8514128687913,TRUE,NA
"b",13.29,-5.16249581586744,-3.71049884540386,-2.69270804090537,0.0672161729597289,14.8613630488488,TRUE,NA
"b",13.3,-5.16442768341123,-3.71188337535327,-2.69405667666211,0.0671714981086207,14.8713132971843,TRUE,NA
"b",13.31,-5.16635883516219,-3.71326735700993,-2.69540480907935,0.0671268820818867,14.8812636136584,TRUE,NA
"b",13.32,-5.16828927190927,-3.71465079103706,-2.69675243874216,0.0670823247638768,14.8912139981325,TRUE,NA
"b",13.33,-5.17021899443998,-3.71603367809654,-2.69809956623444,0.0670378260392441,14.9011644504679,TRUE,NA
"b",13.34,-5.17214800354037,-3.7174160188489,-2.69944619213893,0.0669933857929439,14.9111149705266,TRUE,NA
"b",13.35,-5.17407629999509,-3.71879781395333,-2.70079231703723,0.0669490039102336,14.9210655581709,TRUE,NA
"b",13.36,-5.17600388458736,-3.72017906406767,-2.70213794150979,0.0669046802766697,14.9310162132634,TRUE,NA
"b",13.37,-5.17793075809895,-3.72155976984845,-2.70348306613593,0.066860414778108,14.9409669356672,TRUE,NA
"b",13.38,-5.17985692131023,-3.72293993195087,-2.7048276914938,0.0668162073007021,14.9509177252455,TRUE,NA
"b",13.39,-5.18178237500015,-3.72431955102878,-2.70617181816045,0.0667720577309048,14.9608685818622,TRUE,NA
"b",13.4,-5.18370711994625,-3.72569862773476,-2.70751544671177,0.0667279659554625,14.9708195053815,TRUE,NA
"b",13.41,-5.18563115692465,-3.72707716272002,-2.70885857772252,0.066683931861419,14.9807704956677,TRUE,NA
"b",13.42,-5.18755448671007,-3.72845515663448,-2.71020121176636,0.066639955336111,14.9907215525858,TRUE,NA
"b",13.43,-5.18947711007583,-3.72983261012676,-2.71154334941578,0.066596036267168,15.000672676001,TRUE,NA
"b",13.44,-5.19139902779384,-3.73120952384416,-2.7128849912422,0.0665521745425144,15.0106238657789,TRUE,NA
"b",13.45,-5.19332024063463,-3.73258589843268,-2.71422613781588,0.0665083700503644,15.0205751217854,TRUE,NA
"b",13.46,-5.19524074936733,-3.73396173453704,-2.71556678970598,0.0664646226792232,15.0305264438868,TRUE,NA
"b",13.47,-5.19716055475967,-3.73533703280063,-2.71690694748057,0.0664209323178864,15.0404778319499,TRUE,NA
"b",13.48,-5.19907965757802,-3.73671179386557,-2.71824661170656,0.0663772988554343,15.0504292858416,TRUE,NA
"b",13.49,-5.20099805858734,-3.73808601837271,-2.71958578294981,0.0663337221812403,15.0603808054293,TRUE,NA
"b",13.5,-5.20291575855124,-3.73945970696158,-2.72092446177504,0.0662902021849598,15.0703323905808,TRUE,NA
"b",13.51,-5.20483275823193,-3.74083286027046,-2.72226264874589,0.0662467387565395,15.0802840411642,TRUE,NA
"b",13.52,-5.20674905839027,-3.74220547893634,-2.72360034442488,0.0662033317862045,15.0902357570479,TRUE,NA
"b",13.53,-5.20866465978573,-3.74357756359493,-2.72493754937347,0.0661599811644673,15.1001875381008,TRUE,NA
"b",13.54,-5.21057956317644,-3.74494911488069,-2.726274264152,0.0661166867821268,15.1101393841919,TRUE,NA
"b",13.55,-5.21249376931914,-3.74632013342679,-2.72761048931974,0.0660734485302559,15.1200912951909,TRUE,NA
"b",13.56,-5.21440727896925,-3.74769061986517,-2.72894622543485,0.0660302663002148,15.1300432709675,TRUE,NA
"b",13.57,-5.2163200928808,-3.74906057482649,-2.73028147305446,0.0659871399836427,15.1399953113919,TRUE,NA
"b",13.58,-5.21823221180648,-3.75042999894014,-2.73161623273456,0.0659440694724549,15.1499474163348,TRUE,NA
"b",13.59,-5.22014363649765,-3.75179889283429,-2.73295050503009,0.0659010546588554,15.1598995856669,TRUE,NA
"b",13.6,-5.22205436770431,-3.75316725713585,-2.73428429049494,0.0658580954353121,15.1698518192596,TRUE,NA
"b",13.61,-5.22396440617511,-3.75453509247048,-2.7356175896819,0.0658151916945782,15.1798041169845,TRUE,NA
"b",13.62,-5.22587375265738,-3.7559023994626,-2.73695040314269,0.0657723433296784,15.1897564787133,TRUE,NA
"b",13.63,-5.22778240789711,-3.7572691787354,-2.738282731428,0.0657295502339195,15.1997089043185,TRUE,NA
"b",13.64,-5.22969037263896,-3.75863543091083,-2.73961457508741,0.0656868123008705,15.2096613936727,TRUE,NA
"b",13.65,-5.23159764762626,-3.76000115660959,-2.74094593466949,0.0656441294243866,15.2196139466486,TRUE,NA
"b",13.66,-5.23350423360102,-3.7613663564512,-2.74227681072172,0.0656015014985845,15.2295665631198,TRUE,NA
"b",13.67,-5.23541013130391,-3.76273103105391,-2.74360720379054,0.0655589284178602,15.2395192429596,TRUE,NA
"b",13.68,-5.23731534147432,-3.76409518103478,-2.74493711442134,0.0655164100768735,15.2494719860422,TRUE,NA
"b",13.69,-5.23921986485029,-3.76545880700963,-2.74626654315847,0.0654739463705583,15.2594247922419,TRUE,NA
"b",13.7,-5.24112370216856,-3.76682190959307,-2.74759549054522,0.0654315371941183,15.2693776614331,TRUE,NA
"b",13.71,-5.24302685416458,-3.76818448939852,-2.74892395712385,0.0653891824430191,15.2793305934909,TRUE,NA
"b",13.72,-5.24492932157247,-3.76954654703817,-2.75025194343557,0.0653468820129999,15.2892835882906,TRUE,NA
"b",13.73,-5.24683110512505,-3.77090808312303,-2.75157945002058,0.0653046358000613,15.2992366457078,TRUE,NA
"b",13.74,-5.24873220555387,-3.77226909826286,-2.75290647741802,0.0652624437004752,15.3091897656184,TRUE,NA
"b",13.75,-5.25063262358914,-3.77362959306629,-2.754233026166,0.0652203056107727,15.3191429478986,TRUE,NA
"b",13.76,-5.25253235995983,-3.7749895681407,-2.75555909680164,0.0651782214277454,15.3290961924251,TRUE,NA
"b",13.77,-5.25443141539357,-3.77634902409232,-2.75688468986098,0.0651361910484556,15.3390494990749,TRUE,NA
"b",13.78,-5.25632979061674,-3.77770796152617,-2.75820980587907,0.0650942143702267,15.3490028677251,TRUE,NA
"b",13.79,-5.25822748635443,-3.77906638104608,-2.75953444538995,0.0650522912906388,15.3589562982533,TRUE,NA
"b",13.8,-5.26012450333045,-3.78042428325472,-2.76085860892662,0.0650104217075329,15.3689097905374,TRUE,NA
"b",13.81,-5.26202084226731,-3.78178166875357,-2.76218229702108,0.0649686055190131,15.3788633444556,TRUE,NA
"b",13.82,-5.26391650388629,-3.78313853814294,-2.76350551020432,0.0649268426234393,15.3888169598865,TRUE,NA
"b",13.83,-5.26581148890737,-3.78449489202195,-2.76482824900631,0.0648851329194287,15.3987706367088,TRUE,NA
"b",13.84,-5.26770579804927,-3.7858507309886,-2.76615051395603,0.0648434763058576,15.4087243748019,TRUE,NA
"b",13.85,-5.26959943202944,-3.78720605563967,-2.76747230558144,0.0648018726818615,15.418678174045,TRUE,NA
"b",13.86,-5.2714923915641,-3.7885608665708,-2.76879362440951,0.0647603219468191,15.4286320343182,TRUE,NA
"b",13.87,-5.27338467736816,-3.78991516437649,-2.77011447096622,0.0647188240003809,15.4385859555013,TRUE,NA
"b",13.88,-5.27527629015534,-3.79126894965007,-2.77143484577654,0.0646773787424353,15.448539937475,TRUE,NA
"b",13.89,-5.27716723063804,-3.7926222229837,-2.77275474936446,0.0646359860731347,15.45849398012,TRUE,NA
"b",13.9,-5.27905749952747,-3.79397498496842,-2.77407418225297,0.0645946458928774,15.4684480833172,TRUE,NA
"b",13.91,-5.28094709753355,-3.79532723619411,-2.77539314496409,0.0645533581023185,15.4784022469481,TRUE,NA
"b",13.92,-5.282836025365,-3.7966789772495,-2.77671163801882,0.0645121226023568,15.4883564708943,TRUE,NA
"b",13.93,-5.28472428372926,-3.7980302087222,-2.77802966193723,0.0644709392941465,15.4983107550378,TRUE,NA
"b",13.94,-5.28661187333257,-3.79938093119867,-2.77934721723836,0.0644298080790886,15.5082650992609,TRUE,NA
"b",13.95,-5.2884987948799,-3.80073114526424,-2.78066430444032,0.0643887288588312,15.5182195034462,TRUE,NA
"b",13.96,-5.29038504907503,-3.80208085150312,-2.78198092406021,0.0643477015352727,15.5281739674766,TRUE,NA
"b",13.97,-5.29227063662048,-3.80343005049836,-2.78329707661417,0.0643067260105554,15.5381284912353,TRUE,NA
"b",13.98,-5.29415555821756,-3.80477874283193,-2.78461276261738,0.064265802187069,15.5480830746059,TRUE,NA
"b",13.99,-5.29603981456636,-3.80612692908464,-2.78592798258404,0.0642249299674491,15.558037717472,TRUE,NA
"b",14,-5.29792340636574,-3.80747460983621,-2.7872427370274,0.0641841092545747,15.567992419718,TRUE,NA
"b",14.01,-5.29980633431336,-3.80882178566522,-2.78855702645974,0.0641433399515656,15.577947181228,TRUE,NA
"b",14.02,-5.30168859910567,-3.81016845714917,-2.78987085139239,0.0641026219617888,15.587902001887,TRUE,NA
"b",14.03,-5.30357020143788,-3.81151462486442,-2.79118421233571,0.0640619551888491,15.5978568815798,TRUE,NA
"b",14.04,-5.30545114200403,-3.81286028938624,-2.79249710979912,0.0640213395365987,15.6078118201919,TRUE,NA
"b",14.05,-5.30733142149694,-3.8142054512888,-2.79380954429109,0.0639807749091226,15.6177668176087,TRUE,NA
"b",14.06,-5.30921104060823,-3.81555011114515,-2.79512151631912,0.0639402612107549,15.6277218737163,TRUE,NA
"b",14.07,-5.31109000002832,-3.81689426952726,-2.79643302638979,0.0638997983460552,15.6376769884008,TRUE,NA
"b",14.08,-5.31296830044643,-3.81823792700601,-2.79774407500873,0.0638593862198364,15.6476321615487,TRUE,NA
"b",14.09,-5.31484594255062,-3.81958108415117,-2.79905466268062,0.0638190247371395,15.6575873930468,TRUE,NA
"b",14.1,-5.31672292702771,-3.82092374153143,-2.8003647899092,0.0637787138032428,15.6675426827821,TRUE,NA
"b",14.11,-5.31859925456338,-3.82226589971441,-2.8016744571973,0.0637384533236642,15.6774980306421,TRUE,NA
"b",14.12,-5.32047492584209,-3.82360755926662,-2.80298366504678,0.063698243204156,15.6874534365144,TRUE,NA
"b",14.13,-5.32234994154715,-3.82494872075351,-2.8042924139586,0.063658083350703,15.6974089002869,TRUE,NA
"b",14.14,-5.32422430236067,-3.82628938473945,-2.80560070443277,0.0636179736695253,15.7073644218479,TRUE,NA
"b",14.15,-5.32609800896359,-3.82762955178773,-2.80690853696838,0.0635779140670762,15.7173200010859,TRUE,NA
"b",14.16,-5.32797106203569,-3.82896922246058,-2.8082159120636,0.0635379044500426,15.7272756378897,TRUE,NA
"b",14.17,-5.32984346225558,-3.83030839731914,-2.80952283021568,0.0634979447253357,15.7372313321485,TRUE,NA
"b",14.18,-5.33171521030067,-3.83164707692351,-2.81082929192095,0.0634580348001115,15.7471870837515,TRUE,NA
"b",14.19,-5.33358630684725,-3.83298526183271,-2.8121352976748,0.0634181745817406,15.7571428925885,TRUE,NA
"b",14.2,-5.33545675257043,-3.83432295260472,-2.81344084797176,0.0633783639778356,15.7670987585494,TRUE,NA
"b",14.21,-5.33732654814415,-3.83566014979644,-2.81474594330539,0.0633386028962324,15.7770546815244,TRUE,NA
"b",14.22,-5.33919569424122,-3.83699685396372,-2.81605058416837,0.063298891244993,15.787010661404,TRUE,NA
"b",14.23,-5.34106419153328,-3.83833306566138,-2.81735477105247,0.0632592289324121,15.7969666980791,TRUE,NA
"b",14.24,-5.34293204069083,-3.83966878544316,-2.81865850444856,0.0632196158670046,15.8069227914406,TRUE,NA
"b",14.25,-5.3447992423832,-3.84100401386178,-2.81996178484659,0.0631800519575187,15.81687894138,TRUE,NA
"b",14.26,-5.3466657972786,-3.84233875146891,-2.82126461273563,0.0631405371129223,15.8268351477888,TRUE,NA
"b",14.27,-5.34853170604411,-3.84367299881518,-2.82256698860384,0.0631010712424098,15.8367914105591,TRUE,NA
"b",14.28,-5.35039696934562,-3.84500675645017,-2.82386891293849,0.0630616542553999,15.8467477295828,TRUE,NA
"b",14.29,-5.35226158784794,-3.84634002492245,-2.82517038622595,0.0630222860615333,15.8567041047525,TRUE,NA
"b",14.3,-5.35412556221471,-3.84767280477953,-2.82647140895171,0.062982966570674,15.866660535961,TRUE,NA
"b",14.31,-5.35598889310845,-3.84900509656791,-2.82777198160036,0.062943695692907,15.8766170231011,TRUE,NA
"b",14.32,-5.35785158119057,-3.85033690083307,-2.82907210465562,0.0629044733385404,15.8865735660662,TRUE,NA
"b",14.33,-5.35971362712131,-3.85166821811943,-2.8303717786003,0.0628652994181,15.8965301647499,TRUE,NA
"b",14.34,-5.36157503155983,-3.85299904897044,-2.83167100391636,0.0628261738423341,15.9064868190458,TRUE,NA
"b",14.35,-5.36343579516416,-3.85432939392848,-2.83296978108486,0.0627870965222095,15.9164435288482,TRUE,NA
"b",14.36,-5.36529591859119,-3.85565925353497,-2.83426811058599,0.0627480673689083,15.9264002940513,TRUE,NA
"b",14.37,-5.36715540249672,-3.85698862833026,-2.83556599289905,0.0627090862938329,15.9363571145498,TRUE,NA
"b",14.38,-5.36901424753543,-3.85831751885373,-2.8368634285025,0.0626701532086029,15.9463139902385,TRUE,NA
"b",14.39,-5.37087245436089,-3.85964592564374,-2.83816041787389,0.0626312680250543,15.9562709210126,TRUE,NA
"b",14.4,-5.37273002362556,-3.86097384923763,-2.83945696148994,0.0625924306552403,15.9662279067675,TRUE,NA
"b",14.41,-5.3745869559808,-3.86230129017177,-2.84075305982648,0.0625536410114242,15.9761849473989,TRUE,NA
"b",14.42,-5.37644325207686,-3.8636282489815,-2.84204871335848,0.0625148990060875,15.9861420428028,TRUE,NA
"b",14.43,-5.3782989125629,-3.86495472620117,-2.84334392256005,0.0624762045519289,15.9960991928753,TRUE,NA
"b",14.44,-5.38015393808698,-3.86628072236416,-2.84463868790445,0.0624375575618501,16.0060563975129,TRUE,NA
"b",14.45,-5.38200832929607,-3.86760623800282,-2.84593300986407,0.0623989579489748,16.0160136566123,TRUE,NA
"b",14.46,-5.38386208683604,-3.86893127364853,-2.84722688891045,0.0623604056266331,16.0259709700705,TRUE,NA
"b",14.47,-5.38571521135168,-3.87025582983169,-2.84852032551428,0.0623219005083708,16.0359283377848,TRUE,NA
"b",14.48,-5.38756770348667,-3.8715799070817,-2.84981332014539,0.0622834425079408,16.0458857596527,TRUE,NA
"b",14.49,-5.38941956388365,-3.872903505927,-2.85110587327278,0.062245031539307,16.0558432355719,TRUE,NA
"b",14.5,-5.39127079318415,-3.87422662689502,-2.85239798536459,0.0622066675166399,16.0658007654404,TRUE,NA
"b",14.51,-5.39312139202861,-3.87554927051223,-2.85368965688812,0.0621683503543231,16.0757583491566,TRUE,NA
"b",14.52,-5.39497136105641,-3.87687143730414,-2.85498088830982,0.0621300799669453,16.0857159866189,TRUE,NA
"b",14.53,-5.39682070090587,-3.87819312779528,-2.85627168009531,0.062091856269304,16.0956736777262,TRUE,NA
"b",14.54,-5.39866941221422,-3.87951434250918,-2.85756203270937,0.0620536791764028,16.1056314223774,TRUE,NA
"b",14.55,-5.40051749561761,-3.88083508196845,-2.85885194661594,0.0620155486034495,16.1155892204719,TRUE,NA
"b",14.56,-5.40236495175115,-3.88215534669471,-2.86014142227815,0.0619774644658611,16.1255470719092,TRUE,NA
"b",14.57,-5.40421178124888,-3.88347513720862,-2.86143046015826,0.0619394266792561,16.1355049765892,TRUE,NA
"b",14.58,-5.40605798474376,-3.8847944540299,-2.86271906071772,0.0619014351594589,16.1454629344118,TRUE,NA
"b",14.59,-5.40790356286772,-3.88611329767729,-2.86400722441717,0.0618634898224966,16.1554209452774,TRUE,NA
"b",14.6,-5.4097485162516,-3.88743166866858,-2.8652949517164,0.0618255905845992,16.1653790090864,TRUE,NA
"b",14.61,-5.41159284552522,-3.88874956752061,-2.86658224307439,0.0617877373622004,16.1753371257398,TRUE,NA
"b",14.62,-5.41343655131733,-3.89006699474929,-2.86786909894928,0.0617499300719362,16.1852952951385,TRUE,NA
"b",14.63,-5.41527963425563,-3.89138395086956,-2.86915551979843,0.0617121686306419,16.1952535171838,TRUE,NA
"b",14.64,-5.41712209496678,-3.89270043639543,-2.87044150607835,0.061674452955351,16.2052117917772,TRUE,NA
"b",14.65,-5.41896393407639,-3.89401645183994,-2.87172705824474,0.0616367829633067,16.2151701188206,TRUE,NA
"b",14.66,-5.42080515220903,-3.89533199771524,-2.8730121767525,0.0615991585719367,16.225128498216,TRUE,NA
"b",14.67,-5.42264574998824,-3.8966470745325,-2.87429686205571,0.061561579698878,16.2350869298655,TRUE,NA
"b",14.68,-5.42448572803651,-3.89796168280198,-2.87558111460764,0.0615240462619635,16.2450454136718,TRUE,NA
"b",14.69,-5.42632508697531,-3.89927582303299,-2.87686493486077,0.0614865581792237,16.2550039495376,TRUE,NA
"b",14.7,-5.42816382742506,-3.90058949573392,-2.87814832326676,0.0614491153688843,16.2649625373658,TRUE,NA
"b",14.71,-5.43000195000515,-3.90190270141224,-2.87943128027646,0.0614117177493689,16.2749211770598,TRUE,NA
"b",14.72,-5.43183945533397,-3.90321544057449,-2.88071380633995,0.0613743652392968,16.2848798685229,TRUE,NA
"b",14.73,-5.43367634402886,-3.90452771372627,-2.88199590190647,0.0613370577574806,16.2948386116589,TRUE,NA
"b",14.74,-5.43551261670615,-3.90583952137228,-2.88327756742451,0.0612997952229315,16.3047974063717,TRUE,NA
"b",14.75,-5.43734827398113,-3.9071508640163,-2.88455880334172,0.0612625775548494,16.3147562525656,TRUE,NA
"b",14.76,-5.4391833164681,-3.90846174216119,-2.885839610105,0.0612254046726339,16.3247151501449,TRUE,NA
"b",14.77,-5.44101774478032,-3.9097721563089,-2.88711998816043,0.061188276495868,16.3346740990143,TRUE,NA
"b",14.78,-5.44285155953005,-3.91108210696046,-2.88839993795331,0.0611511929443389,16.3446330990787,TRUE,NA
"b",14.79,-5.44468476132854,-3.912391594616,-2.88967945992816,0.0611141539380151,16.3545921502432,TRUE,NA
"b",14.8,-5.44651735078603,-3.91370061977475,-2.8909585545287,0.0610771593970623,16.3645512524133,TRUE,NA
"b",14.81,-5.44834932851175,-3.91500918293502,-2.89223722219788,0.0610402092418356,16.3745104054944,TRUE,NA
"b",14.82,-5.45018069511392,-3.91631728459423,-2.89351546337789,0.0610033033928779,16.3844696093924,TRUE,NA
"b",14.83,-5.45201145119978,-3.9176249252489,-2.89479327851008,0.0609664417709235,16.3944288640135,TRUE,NA
"b",14.84,-5.45384159737554,-3.91893210539464,-2.8960706680351,0.0609296242968957,16.4043881692638,TRUE,NA
"b",14.85,-5.45567113424645,-3.92023882552619,-2.89734763239276,0.0608928508919049,16.4143475250499,TRUE,NA
"b",14.86,-5.45750006241672,-3.92154508613737,-2.89862417202214,0.0608561214772498,16.4243069312785,TRUE,NA
"b",14.87,-5.45932838248962,-3.92285088772113,-2.89990028736152,0.0608194359744134,16.4342663878567,TRUE,NA
"b",14.88,-5.46115609506739,-3.92415623076953,-2.90117597884844,0.0607827943050734,16.4442258946917,TRUE,NA
"b",14.89,-5.46298320075129,-3.92546111577372,-2.90245124691965,0.0607461963910834,16.4541854516908,TRUE,NA
"b",14.9,-5.4648097001416,-3.92676554322401,-2.90372609201114,0.0607096421544866,16.4641450587617,TRUE,NA
"b",14.91,-5.46663559383762,-3.92806951360978,-2.90500051455814,0.0606731315175155,16.4741047158124,TRUE,NA
"b",14.92,-5.46846088243767,-3.92937302741958,-2.90627451499512,0.0606366644025815,16.4840644227509,TRUE,NA
"b",14.93,-5.47028556653907,-3.93067608514104,-2.90754809375579,0.0606002407322812,16.4940241794856,TRUE,NA
"b",14.94,-5.47210964673818,-3.93197868726093,-2.9088212512731,0.0605638604293954,16.5039839859251,TRUE,NA
"b",14.95,-5.4739331236304,-3.93328083426517,-2.91009398797924,0.0605275234168858,16.5139438419781,TRUE,NA
"b",14.96,-5.47575599781013,-3.93458252663879,-2.91136630430566,0.0604912296178974,16.5239037475536,TRUE,NA
"b",14.97,-5.47757826987082,-3.93588376486594,-2.91263820068304,0.0604549789557591,16.533863702561,TRUE,NA
"b",14.98,-5.47939994040493,-3.93718454942992,-2.91390967754132,0.0604187713539761,16.5438237069095,TRUE,NA
"b",14.99,-5.48122101000398,-3.93848488081317,-2.91518073530969,0.0603826067362401,16.553783760509,TRUE,NA
"b",15,-5.4830414792585,-3.93978475949725,-2.9164513744166,0.0603464850264182,16.5637438632693,TRUE,NA
"b",15.01,-5.48486134875809,-3.94108418596289,-2.91772159528974,0.060310406148556,16.5737040151004,TRUE,NA
"b",15.02,-5.48668061909137,-3.94238316068994,-2.91899139835608,0.0602743700268826,16.5836642159129,TRUE,NA
"b",15.03,-5.488499290846,-3.9436816841574,-2.92026078404182,0.0602383765858052,16.5936244656171,TRUE,NA
"b",15.04,-5.4903173646087,-3.94497975684341,-2.92152975277244,0.0602024257499036,16.6035847641239,TRUE,NA
"b",15.05,-5.49213484096523,-3.94627737922528,-2.92279830497269,0.0601665174439416,16.6135451113442,TRUE,NA
"b",15.06,-5.49395172050039,-3.94757455177944,-2.92406644106655,0.0601306515928575,16.6235055071892,TRUE,NA
"b",15.07,-5.49576800379806,-3.94887127498152,-2.92533416147732,0.0600948281217617,16.6334659515705,TRUE,NA
"b",15.08,-5.49758369144113,-3.95016754930625,-2.92660146662751,0.0600590469559457,16.6434264443995,TRUE,NA
"b",15.09,-5.49939878401159,-3.95146337522756,-2.92786835693894,0.0600233080208783,16.6533869855881,TRUE,NA
"b",15.1,-5.50121328209046,-3.95275875321852,-2.92913483283269,0.0599876112421938,16.6633475750484,TRUE,NA
"b",15.11,-5.50302718625783,-3.95405368375137,-2.9304008947291,0.0599519565457114,16.6733082126927,TRUE,NA
"b",15.12,-5.50484049709285,-3.95534816729751,-2.93166654304781,0.0599163438574166,16.6832688984335,TRUE,NA
"b",15.13,-5.50665321517374,-3.9566422043275,-2.93293177820773,0.0598807731034712,16.6932296321833,TRUE,NA
"b",15.14,-5.50846534107779,-3.95793579531109,-2.93419660062702,0.05984524421021,16.7031904138552,TRUE,NA
"b",15.15,-5.51027687538133,-3.95922894071717,-2.93546101072316,0.0598097571041407,16.7131512433623,TRUE,NA
"b",15.16,-5.5120878186598,-3.96052164101383,-2.93672500891288,0.0597743117119398,16.7231121206178,TRUE,NA
"b",15.17,-5.51389817148769,-3.96181389666831,-2.93798859561223,0.0597389079604578,16.7330730455353,TRUE,NA
"b",15.18,-5.51570793443857,-3.96310570814705,-2.93925177123651,0.0597035457767134,16.7430340180286,TRUE,NA
"b",15.19,-5.51751710808508,-3.96439707591565,-2.94051453620033,0.0596682250879002,16.7529950380115,TRUE,NA
"b",15.2,-5.51932569299895,-3.9656880004389,-2.94177689091757,0.0596329458213756,16.7629561053983,TRUE,NA
"b",15.21,-5.52113368975099,-3.96697848218076,-2.94303883580142,0.059597707904671,16.7729172201033,TRUE,NA
"b",15.22,-5.52294109891108,-3.9682685216044,-2.94430037126435,0.0595625112654856,16.7828783820411,TRUE,NA
"b",15.23,-5.52474792104821,-3.96955811917215,-2.94556149771814,0.0595273558316829,16.7928395911265,TRUE,NA
"b",15.24,-5.52655415673043,-3.97084727534554,-2.94682221557384,0.0594922415313004,16.8028008472744,TRUE,NA
"b",15.25,-5.52835980652489,-3.97213599058529,-2.94808252524182,0.0594571682925369,16.8127621503999,TRUE,NA
"b",15.26,-5.53016487099784,-3.97342426535131,-2.94934242713174,0.059422136043767,16.8227235004186,TRUE,NA
"b",15.27,-5.53196935071462,-3.97471210010272,-2.95060192165257,0.0593871447135168,16.832684897246,TRUE,NA
"b",15.28,-5.53377324623965,-3.9759994952978,-2.95186100921256,0.0593521942304962,16.8426463407977,TRUE,NA
"b",15.29,-5.53557655813647,-3.97728645139407,-2.95311969021929,0.0593172845235657,16.85260783099,TRUE,NA
"b",15.3,-5.5373792869677,-3.97857296884822,-2.95437796507963,0.0592824155217571,16.8625693677389,TRUE,NA
"b",15.31,-5.53918143329507,-3.97985904811617,-2.95563583419977,0.0592475871542666,16.8725309509609,TRUE,NA
"b",15.32,-5.54098299767942,-3.981144689653,-2.9568932979852,0.0592127993504556,16.8824925805724,TRUE,NA
"b",15.33,-5.54278398068069,-3.98242989391306,-2.95815035684072,0.0591780520398419,16.8924542564904,TRUE,NA
"b",15.34,-5.54458438285791,-3.98371466134985,-2.95940701117045,0.0591433451521164,16.9024159786318,TRUE,NA
"b",15.35,-5.54638420476925,-3.98499899241611,-2.96066326137783,0.0591086786171253,16.9123777469138,TRUE,NA
"b",15.36,-5.54818344697197,-3.98628288756378,-2.96191910786559,0.0590740523648785,16.9223395612538,TRUE,NA
"b",15.37,-5.54998211002245,-3.98756634724402,-2.9631745510358,0.05903946632555,16.9323014215693,TRUE,NA
"b",15.38,-5.5517801944762,-3.98884937190722,-2.96442959128986,0.0590049204294703,16.9422633277782,TRUE,NA
"b",15.39,-5.55357770088781,-3.99013196200295,-2.96568422902845,0.0589704146071357,16.9522252797983,TRUE,NA
"b",15.4,-5.55537462981102,-3.99141411798004,-2.96693846465161,0.0589359487892005,16.9621872775479,TRUE,NA
"b",15.41,-5.55717098179869,-3.99269584028652,-2.9681922985587,0.0589015229064742,16.9721493209454,TRUE,NA
"b",15.42,-5.55896675740279,-3.99397712936965,-2.96944573114838,0.0588671368899316,16.9821114099092,TRUE,NA
"b",15.43,-5.56076195717441,-3.9952579856759,-2.97069876281866,0.0588327906707082,16.9920735443582,TRUE,NA
"b",15.44,-5.5625565816638,-3.996538409651,-2.97195139396688,0.0587984841800893,17.0020357242113,TRUE,NA
"b",15.45,-5.5643506314203,-3.99781840173988,-2.9732036249897,0.0587642173495233,17.0119979493875,TRUE,NA
"b",15.46,-5.56614410699241,-3.99909796238672,-2.97445545628311,0.0587299901106197,17.0219602198063,TRUE,NA
"b",15.47,-5.56793700892774,-4.00037709203491,-2.97570688824245,0.0586958023951363,17.0319225353872,TRUE,NA
"b",15.48,-5.56972933777304,-4.00165579112709,-2.97695792126239,0.058661654134994,17.0418848960498,TRUE,NA
"b",15.49,-5.57152109407422,-4.00293406010515,-2.97820855573691,0.0586275452622678,17.051847301714,TRUE,NA
"b",15.5,-5.57331227837629,-4.00421189941019,-2.97945879205937,0.0585934757091859,17.0618097523,TRUE,NA
"b",15.51,-5.57510289122344,-4.00548930948257,-2.98070863062245,0.0585594454081386,17.0717722477279,TRUE,NA
"b",15.52,-5.57689293315896,-4.0067662907619,-2.98195807181816,0.0585254542916642,17.0817347879184,TRUE,NA
"b",15.53,-5.57868240472532,-4.00804284368699,-2.98320711603788,0.0584915022924557,17.0916973727919,TRUE,NA
"b",15.54,-5.58047130646412,-4.00931896869595,-2.98445576367231,0.0584575893433668,17.1016600022694,TRUE,NA
"b",15.55,-5.58225963891612,-4.01059466622612,-2.98570401511151,0.0584237153773914,17.1116226762719,TRUE,NA
"b",15.56,-5.5840474026212,-4.01186993671406,-2.98695187074488,0.0583898803276917,17.1215853947205,TRUE,NA
"b",15.57,-5.58583459811842,-4.01314478059562,-2.98819933096118,0.0583560841275723,17.1315481575368,TRUE,NA
"b",15.58,-5.58762122594599,-4.01441919830588,-2.98944639614852,0.0583223267104964,17.1415109646421,TRUE,NA
"b",15.59,-5.58940728664126,-4.0156931902792,-2.99069306669435,0.0582886080100691,17.1514738159584,TRUE,NA
"b",15.6,-5.59119278074076,-4.01696675694916,-2.99193934298547,0.0582549279600597,17.1614367114076,TRUE,NA
"b",15.61,-5.59297770878015,-4.01823989874863,-2.99318522540806,0.0582212864943781,17.1713996509117,TRUE,NA
"b",15.62,-5.59476207129429,-4.01951261610973,-2.99443071434765,0.0581876835470867,17.1813626343931,TRUE,NA
"b",15.63,-5.59654586881716,-4.02078490946384,-2.99567581018911,0.0581541190524035,17.1913256617744,TRUE,NA
"b",15.64,-5.59832910188193,-4.02205677924159,-2.99692051331668,0.0581205929446877,17.2012887329781,TRUE,NA
"b",15.65,-5.60011177102092,-4.0233282258729,-2.99816482411397,0.0580871051584531,17.2112518479271,TRUE,NA
"b",15.66,-5.60189387676565,-4.02459924978696,-2.99940874296395,0.0580536556283633,17.2212150065445,TRUE,NA
"b",15.67,-5.60367541964678,-4.0258698514122,-3.00065227024894,0.0580202442892244,17.2311782087535,TRUE,NA
"b",15.68,-5.60545640019414,-4.02714003117633,-3.00189540635065,0.0579868710759941,17.2411414544774,TRUE,NA
"b",15.69,-5.60723681893675,-4.02840978950637,-3.00313815165014,0.0579535359237795,17.2511047436399,TRUE,NA
"b",15.7,-5.6090166764028,-4.02967912682855,-3.00438050652783,0.0579202387678288,17.2610680761647,TRUE,NA
"b",15.71,-5.61079597311966,-4.03094804356844,-3.00562247136355,0.0578869795435422,17.2710314519758,TRUE,NA
"b",15.72,-5.61257470961387,-4.03221654015084,-3.00686404653645,0.0578537581864635,17.2809948709972,TRUE,NA
"b",15.73,-5.61435288641115,-4.03348461699985,-3.0081052324251,0.0578205746322809,17.2909583331532,TRUE,NA
"b",15.74,-5.61613050403642,-4.03475227453885,-3.00934602940741,0.0577874288168339,17.3009218383683,TRUE,NA
"b",15.75,-5.61790756301376,-4.0360195131905,-3.01058643786069,0.0577543206761,17.3108853865672,TRUE,NA
"b",15.76,-5.61968406386646,-4.03728633337676,-3.01182645816161,0.057721250146205,17.3208489776746,TRUE,NA
"b",15.77,-5.62146000711697,-4.03855273551885,-3.01306609068623,0.0576882171634168,17.3308126116155,TRUE,NA
"b",15.78,-5.62323539328696,-4.03981872003729,-3.01430533581,0.0576552216641462,17.3407762883152,TRUE,NA
"b",15.79,-5.62501022289727,-4.04108428735189,-3.01554419390772,0.0576222635849541,17.3507400076988,TRUE,NA
"b",15.8,-5.62678449646795,-4.04234943788176,-3.01678266535361,0.0575893428625367,17.3607037696921,TRUE,NA
"b",15.81,-5.62855821451822,-4.04361417204529,-3.01802075052125,0.0575564594337363,17.3706675742205,TRUE,NA
"b",15.82,-5.63033137756651,-4.04487849026017,-3.01925844978361,0.057523613235535,17.38063142121,TRUE,NA
"b",15.83,-5.63210398613046,-4.04614239294338,-3.02049576351307,0.0574908042050586,17.3905953105866,TRUE,NA
"b",15.84,-5.63387604072689,-4.04740588051122,-3.02173269208137,0.0574580322795724,17.4005592422765,TRUE,NA
"b",15.85,-5.63564754187184,-4.04866895337926,-3.02296923585965,0.0574252973964846,17.4105232162061,TRUE,NA
"b",15.86,-5.63741849008054,-4.04993161196239,-3.02420539521846,0.057392599493344,17.4204872323019,TRUE,NA
"b",15.87,-5.63918888586742,-4.05119385667481,-3.02544117052771,0.0573599385078367,17.4304512904906,TRUE,NA
"b",15.88,-5.64095872974614,-4.05245568792999,-3.02667656215674,0.0573273143777895,17.4404153906992,TRUE,NA
"b",15.89,-5.64272802222954,-4.05371710614075,-3.02791157047426,0.0572947270411746,17.4503795328545,TRUE,NA
"b",15.9,-5.6444967638297,-4.05497811171919,-3.02914619584839,0.0572621764360912,17.4603437168839,TRUE,NA
"b",15.91,-5.64626495505788,-4.05623870507672,-3.03038043864665,0.0572296625007871,17.4703079427148,TRUE,NA
"b",15.92,-5.64803259642458,-4.05749888662409,-3.03161429923594,0.0571971851736457,17.4802722102746,TRUE,NA
"b",15.93,-5.64979968843951,-4.05875865677131,-3.0328477779826,0.0571647443931846,17.4902365194912,TRUE,NA
"b",15.94,-5.65156623161158,-4.06001801592777,-3.03408087525234,0.0571323400980637,17.5002008702923,TRUE,NA
"b",15.95,-5.65333222644893,-4.06127696450212,-3.03531359141029,0.057099972227074,17.510165262606,TRUE,NA
"b",15.96,-5.65509767345894,-4.06253550290235,-3.03654592682097,0.0570676407191524,17.5201296963607,TRUE,NA
"b",15.97,-5.65686257314817,-4.06379363153578,-3.03777788184834,0.0570353455133645,17.5300941714845,TRUE,NA
"b",15.98,-5.65862692602244,-4.06505135080903,-3.03900945685574,0.0570030865489102,17.5400586879061,TRUE,NA
"b",15.99,-5.66039073258677,-4.06630866112807,-3.04024065220593,0.0569708637651312,17.5500232455542,TRUE,NA
"b",16,-5.66215399334544,-4.06756556289815,-3.04147146826108,0.0569386771015008,17.5599878443577,TRUE,NA
"b",16.01,-5.66391670880191,-4.06882205652389,-3.04270190538276,0.0569065264976283,17.5699524842455,TRUE,NA
"b",16.02,-5.66567887945892,-4.07007814240922,-3.04393196393198,0.0568744118932552,17.5799171651469,TRUE,NA
"b",16.03,-5.66744050581841,-4.07133382095738,-3.04516164426915,0.0568423332282642,17.5898818869913,TRUE,NA
"b",16.04,-5.66920158838157,-4.07258909257099,-3.0463909467541,0.0568102904426553,17.5998466497081,TRUE,NA
"b",16.05,-5.67096212764881,-4.07384395765194,-3.04761987174607,0.0567782834765787,17.6098114532271,TRUE,NA
"b",16.06,-5.67272212411978,-4.0750984166015,-3.04884841960373,0.056746312270314,17.619776297478,TRUE,NA
"b",16.07,-5.67448157829338,-4.07635246982025,-3.05007659068517,0.0567143767642655,17.629741182391,TRUE,NA
"b",16.08,-5.67624049066775,-4.07760611770813,-3.05130438534789,0.0566824768989749,17.6397061078961,TRUE,NA
"b",16.09,-5.67799886174026,-4.07885936066439,-3.05253180394884,0.0566506126151136,17.6496710739237,TRUE,NA
"b",16.1,-5.67975669200752,-4.08011219908764,-3.05375884684436,0.0566187838534917,17.6596360804042,TRUE,NA
"b",16.11,-5.6815139819654,-4.08136463337583,-3.05498551439024,0.0565869905550391,17.6696011272683,TRUE,NA
"b",16.12,-5.68327073210901,-4.08261666392623,-3.0562118069417,0.0565552326608243,17.6795662144469,TRUE,NA
"b",16.13,-5.6850269429327,-4.08386829113549,-3.05743772485336,0.0565235101120445,17.6895313418707,TRUE,NA
"b",16.14,-5.68678261493009,-4.08511951539957,-3.0586632684793,0.0564918228500222,17.6994965094711,TRUE,NA
"b",16.15,-5.68853774859402,-4.08637033711381,-3.05988843817302,0.0564601708162158,17.7094617171791,TRUE,NA
"b",16.16,-5.69029234441661,-4.08762075667288,-3.06111323428745,0.0564285539522134,17.7194269649263,TRUE,NA
"b",16.17,-5.69204640288923,-4.0888707744708,-3.06233765717496,0.0563969721997246,17.7293922526442,TRUE,NA
"b",16.18,-5.6937999245025,-4.09012039090095,-3.06356170718735,0.0563654255005908,17.7393575802647,TRUE,NA
"b",16.19,-5.69555290974629,-4.09136960635606,-3.06478538467586,0.0563339137967862,17.7493229477194,TRUE,NA
"b",16.2,-5.69730535910975,-4.0926184212282,-3.06600868999117,0.056302437030407,17.7592883549406,TRUE,NA
"b",16.21,-5.69905727308126,-4.09386683590883,-3.06723162348338,0.0562709951436817,17.7692538018604,TRUE,NA
"b",16.22,-5.7008086521485,-4.09511485078874,-3.06845418550206,0.0562395880789603,17.7792192884111,TRUE,NA
"b",16.23,-5.70255949679838,-4.09636246625808,-3.0696763763962,0.0562082157787245,17.7891848145253,TRUE,NA
"b",16.24,-5.70430980751709,-4.09760968270638,-3.07089819651424,0.0561768781855783,17.7991503801357,TRUE,NA
"b",16.25,-5.7060595847901,-4.0988565005225,-3.07211964620406,0.0561455752422564,17.8091159851749,TRUE,NA
"b",16.26,-5.70780882910212,-4.10010292009471,-3.073340725813,0.0561143068916135,17.8190816295761,TRUE,NA
"b",16.27,-5.70955754093715,-4.10134894181061,-3.07456143568782,0.0560830730766382,17.8290473132722,TRUE,NA
"b",16.28,-5.71130572077845,-4.10259456605717,-3.07578177617474,0.0560518737404321,17.8390130361967,TRUE,NA
"b",16.29,-5.71305336910857,-4.10383979322073,-3.07700174761945,0.0560207088262317,17.8489787982828,TRUE,NA
"b",16.3,-5.71480048640932,-4.10508462368702,-3.07822135036706,0.0559895782773934,17.8589445994642,TRUE,NA
"b",16.31,-5.71654707316178,-4.10632905784111,-3.07944058476214,0.0559584820373979,17.8689104396745,TRUE,NA
"b",16.32,-5.71829312984633,-4.10757309606746,-3.08065945114873,0.0559274200498523,17.8788763188477,TRUE,NA
"b",16.33,-5.7200386569426,-4.1088167387499,-3.08187794987029,0.0558963922584859,17.8888422369177,TRUE,NA
"b",16.34,-5.72178365492954,-4.11005998627164,-3.08309608126977,0.0558653986071445,17.8988081938188,TRUE,NA
"b",16.35,-5.72352812428533,-4.11130283901525,-3.08431384568955,0.0558344390398053,17.9087741894852,TRUE,NA
"b",16.36,-5.72527206548748,-4.11254529736271,-3.08553124347149,0.0558035135005621,17.9187402238513,TRUE,NA
"b",16.37,-5.72701547901277,-4.11378736169535,-3.08674827495689,0.0557726219336381,17.9287062968518,TRUE,NA
"b",16.38,-5.72875836533725,-4.11502903239389,-3.08796494048652,0.0557417642833657,17.9386724084215,TRUE,NA
"b",16.39,-5.73050072493628,-4.11627030983843,-3.08918124040061,0.0557109404942144,17.9486385584952,TRUE,NA
"b",16.4,-5.7322425582845,-4.11751119440846,-3.09039717503884,0.05568015051076,17.958604747008,TRUE,NA
"b",16.41,-5.73398386585584,-4.11875168648286,-3.09161274474038,0.0556493942777054,17.968570973895,TRUE,NA
"b",16.42,-5.73572464812352,-4.11999178643988,-3.09282794984385,0.0556186717398779,17.9785372390917,TRUE,NA
"b",16.43,-5.73746490556007,-4.12123149465717,-3.09404279068732,0.0555879828422166,17.9885035425334,TRUE,NA
"b",16.44,-5.73920463863729,-4.12247081151177,-3.09525726760835,0.0555573275297849,17.9984698841558,TRUE,NA
"b",16.45,-5.74094384782631,-4.12370973738009,-3.09647138094397,0.0555267057477673,18.0084362638947,TRUE,NA
"b",16.46,-5.74268253359752,-4.12494827263798,-3.09768513103066,0.0554961174414581,18.018402681686,TRUE,NA
"b",16.47,-5.74442069642063,-4.12618641766062,-3.09889851820438,0.055465562556285,18.0283691374657,TRUE,NA
"b",16.48,-5.74615833676467,-4.12742417282264,-3.10011154280057,0.0554350410377831,18.0383356311701,TRUE,NA
"b",16.49,-5.74789545509793,-4.12866153849804,-3.10132420515413,0.0554045528316047,18.0483021627354,TRUE,NA
"b",16.5,-5.74963205188803,-4.12989851506022,-3.10253650559945,0.0553740978835302,18.0582687320982,TRUE,NA
"b",16.51,-5.7513681276019,-4.13113510288197,-3.10374844447038,0.0553436761394472,18.068235339195,TRUE,NA
"b",16.52,-5.75310368270577,-4.13237130233551,-3.10496002210025,0.0553132875453626,18.0782019839627,TRUE,NA
"b",16.53,-5.75483871766517,-4.13360711379242,-3.10617123882187,0.0552829320474038,18.0881686663381,TRUE,NA
"b",16.54,-5.75657323294496,-4.13484253762373,-3.10738209496754,0.0552526095918147,18.0981353862584,TRUE,NA
"b",16.55,-5.75830722900928,-4.13607757419983,-3.10859259086902,0.0552223201249467,18.1081021436606,TRUE,NA
"b",16.56,-5.76004070632162,-4.13731222389055,-3.10980272685756,0.0551920635932772,18.1180689384821,TRUE,NA
"b",16.57,-5.76177366534475,-4.1385464870651,-3.11101250326389,0.0551618399433984,18.1280357706603,TRUE,NA
"b",16.58,-5.76350610654079,-4.13978036409213,-3.11222192041824,0.055131649122008,18.1380026401329,TRUE,NA
"b",16.59,-5.76523803037114,-4.14101385533966,-3.1134309786503,0.0551014910759298,18.1479695468377,TRUE,NA
"b",16.6,-5.76696943729654,-4.14224696117516,-3.11463967828925,0.0550713657520943,18.1579364907124,TRUE,NA
"b",16.61,-5.76870032777705,-4.14347968196548,-3.11584801966378,0.0550412730975536,18.1679034716951,TRUE,NA
"b",16.62,-5.77043070227205,-4.1447120180769,-3.11705600310205,0.0550112130594664,18.1778704897239,TRUE,NA
"b",16.63,-5.77216056124024,-4.14594396987513,-3.11826362893169,0.0549811855851123,18.1878375447372,TRUE,NA
"b",16.64,-5.77388990513963,-4.14717553772526,-3.11947089747987,0.0549511906218747,18.1978046366734,TRUE,NA
"b",16.65,-5.77561873442759,-4.14840672199183,-3.1206778090732,0.0549212281172586,18.207771765471,TRUE,NA
"b",16.66,-5.77734704956079,-4.14963752303879,-3.12188436403782,0.0548912980188785,18.2177389310687,TRUE,NA
"b",16.67,-5.77907485099522,-4.15086794122949,-3.12309056269934,0.0548614002744632,18.2277061334054,TRUE,NA
"b",16.68,-5.78080213918623,-4.15209797692673,-3.12429640538288,0.0548315348318509,18.2376733724201,TRUE,NA
"b",16.69,-5.78252891458847,-4.15332763049271,-3.12550189241304,0.0548017016389926,18.2476406480517,TRUE,NA
"b",16.7,-5.78425517765595,-4.15455690228909,-3.12670702411393,0.0547719006439502,18.2576079602397,TRUE,NA
"b",16.71,-5.785980928842,-4.1557857926769,-3.12791180080916,0.0547421317949013,18.2675753089233,TRUE,NA
"b",16.72,-5.78770616859927,-4.15701430201665,-3.12911622282183,0.0547123950401271,18.277542694042,TRUE,NA
"b",16.73,-5.78943089737978,-4.15824243066825,-3.13032029047454,0.0546826903280246,18.2875101155356,TRUE,NA
"b",16.74,-5.79115511563485,-4.15947017899104,-3.1315240040894,0.0546530176070998,18.2974775733437,TRUE,NA
"b",16.75,-5.79287882381518,-4.1606975473438,-3.13272736398802,0.0546233768259698,18.3074450674063,TRUE,NA
"b",16.76,-5.79460202237077,-4.16192453608474,-3.1339303704915,0.0545937679333592,18.3174125976634,TRUE,NA
"b",16.77,-5.79632471175098,-4.16315114557149,-3.13513302392046,0.0545641908781036,18.3273801640551,TRUE,NA
"b",16.78,-5.79804689240453,-4.16437737616113,-3.13633532459503,0.0545346456091496,18.3373477665218,TRUE,NA
"b",16.79,-5.79976856477946,-4.16560322821018,-3.13753727283484,0.054505132075545,18.347315405004,TRUE,NA
"b",16.8,-5.80148972932316,-4.16682870207457,-3.13873886895901,0.0544756502264585,18.3572830794421,TRUE,NA
"b",16.81,-5.80321038648237,-4.1680537981097,-3.13994011328619,0.0544462000111565,18.3672507897768,TRUE,NA
"b",16.82,-5.80493053670317,-4.16927851667038,-3.14114100613455,0.0544167813790173,18.377218535949,TRUE,NA
"b",16.83,-5.80665018043102,-4.17050285811089,-3.14234154782173,0.0543873942795283,18.3871863178996,TRUE,NA
"b",16.84,-5.8083693181107,-4.17172682278493,-3.14354173866494,0.0543580386622811,18.3971541355698,TRUE,NA
"b",16.85,-5.81008795018635,-4.17295041104565,-3.14474157898084,0.0543287144769788,18.4071219889006,TRUE,NA
"b",16.86,-5.81180607710146,-4.17417362324565,-3.14594106908566,0.0542994216734298,18.4170898778335,TRUE,NA
"b",16.87,-5.81352369929889,-4.17539645973696,-3.1471402092951,0.0542701602015452,18.4270578023099,TRUE,NA
"b",16.88,-5.81524081722085,-4.17661892087108,-3.14833899992441,0.0542409300113462,18.4370257622714,TRUE,NA
"b",16.89,-5.81695743130889,-4.17784100699893,-3.14953744128834,0.0542117310529582,18.4469937576597,TRUE,NA
"b",16.9,-5.81867354200394,-4.1790627184709,-3.15073553370117,0.0541825632766146,18.4569617884167,TRUE,NA
"b",16.91,-5.82038914974629,-4.18028405563683,-3.15193327747669,0.0541534266326558,18.4669298544843,TRUE,NA
"b",16.92,-5.82210425497558,-4.18150501884601,-3.15313067292821,0.0541243210715221,18.4768979558047,TRUE,NA
"b",16.93,-5.82381885813081,-4.18272560844716,-3.15432772036856,0.0540952465437599,18.48686609232,TRUE,NA
"b",16.94,-5.82553295965036,-4.18394582478849,-3.1555244201101,0.0540662030000245,18.4968342639727,TRUE,NA
"b",16.95,-5.82724655997197,-4.18516566821763,-3.15672077246472,0.054037190391071,18.5068024707052,TRUE,NA
"b",16.96,-5.82895965953274,-4.18638513908171,-3.15791677774381,0.0540082086677591,18.51677071246,TRUE,NA
"b",16.97,-5.83067225876914,-4.18760423772727,-3.15911243625831,0.0539792577810569,18.52673898918,TRUE,NA
"b",16.98,-5.83238435811701,-4.18882296450035,-3.16030774831868,0.0539503376820267,18.536707300808,TRUE,NA
"b",16.99,-5.83409595801156,-4.19004131974641,-3.1615027142349,0.0539214483218471,18.5466756472869,TRUE,NA
"b",17,-5.83580705888739,-4.19125930381041,-3.16269733431649,0.0538925896517899,18.5566440285598,TRUE,NA
"b",17.01,-5.83751766117843,-4.19247691703675,-3.16389160887249,0.0538637616232256,18.5666124445701,TRUE,NA
"b",17.02,-5.83922776531803,-4.1936941597693,-3.16508553821147,0.0538349641876454,18.5765808952609,TRUE,NA
"b",17.03,-5.84093737173888,-4.19491103235138,-3.16627912264154,0.0538061972966251,18.5865493805759,TRUE,NA
"b",17.04,-5.84264648087307,-4.1961275351258,-3.16747236247034,0.053777460901844,18.5965179004585,TRUE,NA
"b",17.05,-5.84435509315207,-4.19734366843483,-3.16866525800504,0.0537487549550937,18.6064864548525,TRUE,NA
"b",17.06,-5.8460632090067,-4.19855943262019,-3.16985780955235,0.0537200794082606,18.6164550437017,TRUE,NA
"b",17.07,-5.8477708288672,-4.1997748280231,-3.17105001741852,0.0536914342133263,18.6264236669502,TRUE,NA
"b",17.08,-5.84947795316315,-4.20098985498423,-3.17224188190932,0.0536628193223878,18.6363923245418,TRUE,NA
"b",17.09,-5.85118458232356,-4.20220451384371,-3.17343340333006,0.0536342346876308,18.6463610164209,TRUE,NA
"b",17.1,-5.85289071677678,-4.20341880494118,-3.17462458198562,0.0536056802613425,18.6563297425318,TRUE,NA
"b",17.11,-5.85459635695057,-4.20463272861573,-3.17581541818038,0.0535771559959111,18.6662985028189,TRUE,NA
"b",17.12,-5.85630150327207,-4.20584628520591,-3.17700591221828,0.0535486618438341,18.6762672972267,TRUE,NA
"b",17.13,-5.85800615616781,-4.20705947504978,-3.1781960644028,0.0535201977576918,18.6862361257,TRUE,NA
"b",17.14,-5.85971031606371,-4.20827229848486,-3.17938587503695,0.0534917636901762,18.6962049881835,TRUE,NA
"b",17.15,-5.86141398338508,-4.20948475584815,-3.18057534442331,0.0534633595940752,18.7061738846222,TRUE,NA
"b",17.16,-5.86311715855662,-4.21069684747612,-3.18176447286399,0.0534349854222711,18.716142814961,TRUE,NA
"b",17.17,-5.86481984200241,-4.21190857370475,-3.18295326066063,0.0534066411277463,18.7261117791452,TRUE,NA
"b",17.18,-5.86652203414595,-4.21311993486946,-3.18414170811445,0.0533783266635925,18.7360807771199,TRUE,NA
"b",17.19,-5.86822373541012,-4.21433093130519,-3.18532981552618,0.0533500419829842,18.7460498088307,TRUE,NA
"b",17.2,-5.8699249462172,-4.21554156334635,-3.18651758319613,0.0533217870391969,18.7560188742229,TRUE,NA
"b",17.21,-5.87162566698885,-4.21675183132684,-3.18770501142414,0.0532935617856118,18.7659879732423,TRUE,NA
"b",17.22,-5.87332589814617,-4.21796173558002,-3.18889210050962,0.0532653661756983,18.7759571058345,TRUE,NA
"b",17.23,-5.87502564010961,-4.21917127643878,-3.1900788507515,0.0532372001630277,18.7859262719453,TRUE,NA
"b",17.24,-5.87672489329906,-4.22038045423548,-3.19126526244829,0.0532090637012654,18.7958954715209,TRUE,NA
"b",17.25,-5.8784236581338,-4.22158926930195,-3.19245133589805,0.0531809567441757,18.8058647045072,TRUE,NA
"b",17.26,-5.88012193503251,-4.22279772196954,-3.19363707139837,0.0531528792456148,18.8158339708504,TRUE,NA
"b",17.27,-5.88181972441327,-4.22400581256908,-3.19482246924644,0.0531248311595416,18.8258032704969,TRUE,NA
"b",17.28,-5.88351702669357,-4.22521354143089,-3.19600752973895,0.053096812440006,18.8357726033931,TRUE,NA
"b",17.29,-5.88521384229032,-4.22642090888479,-3.1971922531722,0.0530688230411513,18.8457419694855,TRUE,NA
"b",17.3,-5.88691017161982,-4.22762791526009,-3.19837663984201,0.0530408629172241,18.8557113687209,TRUE,NA
"b",17.31,-5.88860601509779,-4.2288345608856,-3.19956069004378,0.0530129320225541,18.8656808010459,TRUE,NA
"b",17.32,-5.89030137313936,-4.23004084608963,-3.20074440407246,0.0529850303115778,18.8756502664074,TRUE,NA
"b",17.33,-5.89199624615906,-4.23124677119999,-3.20192778222257,0.052957157738815,18.8856197647525,TRUE,NA
"b",17.34,-5.89369063457085,-4.23245233654397,-3.20311082478817,0.052929314258896,18.8955892960282,TRUE,NA
"b",17.35,-5.8953845387881,-4.23365754244839,-3.20429353206291,0.0529014998265236,18.9055588601818,TRUE,NA
"b",17.36,-5.89707795922359,-4.23486238923954,-3.20547590433999,0.052873714396509,18.9155284571606,TRUE,NA
"b",17.37,-5.89877089628951,-4.23606687724325,-3.20665794191217,0.0528459579237541,18.9254980869121,TRUE,NA
"b",17.38,-5.90046335039748,-4.23727100678482,-3.20783964507178,0.0528182303632532,18.9354677493839,TRUE,NA
"b",17.39,-5.90215532195854,-4.23847477818907,-3.20902101411073,0.0527905316700927,18.9454374445235,TRUE,NA
"b",17.4,-5.90384681138313,-4.23967819178033,-3.21020204932048,0.0527628617994518,18.9554071722787,TRUE,NA
"b",17.41,-5.90553781908114,-4.24088124788243,-3.21138275099205,0.0527352207066043,18.9653769325976,TRUE,NA
"b",17.42,-5.90722834546186,-4.2420839468187,-3.21256311941605,0.0527076083469158,18.975346725428,TRUE,NA
"b",17.43,-5.908918390934,-4.243286288912,-3.21374315488265,0.0526800246758397,18.9853165507181,TRUE,NA
"b",17.44,-5.91060795590573,-4.24448827448468,-3.2149228576816,0.0526524696489297,18.9952864084161,TRUE,NA
"b",17.45,-5.9122970407846,-4.24568990385862,-3.2161022281022,0.0526249432218195,19.0052562984703,TRUE,NA
"b",17.46,-5.91398564597761,-4.24689117735519,-3.21728126643335,0.052597445350246,19.0152262208292,TRUE,NA
"b",17.47,-5.91567377189119,-4.24809209529529,-3.21845997296349,0.0525699759900293,19.0251961754414,TRUE,NA
"b",17.48,-5.9173614189312,-4.24929265799934,-3.21963834798067,0.052542535097083,19.0351661622554,TRUE,NA
"b",17.49,-5.9190485875029,-4.25049286578725,-3.2208163917725,0.0525151226274136,19.0451361812201,TRUE,NA
"b",17.5,-5.92073527801103,-4.25169271897847,-3.22199410462615,0.0524877385371134,19.0551062322843,TRUE,NA
"b",17.51,-5.92242149085972,-4.25289221789196,-3.2231714868284,0.0524603827823675,19.0650763153971,TRUE,NA
"b",17.52,-5.92410722645256,-4.25409136284619,-3.22434853866558,0.0524330553194501,19.0750464305074,TRUE,NA
"b",17.53,-5.92579248519256,-4.25529015415916,-3.22552526042361,0.0524057561047249,19.0850165775646,TRUE,NA
"b",17.54,-5.92747726748217,-4.25648859214839,-3.22670165238798,0.0523784850946489,19.0949867565179,TRUE,NA
"b",17.55,-5.92916157372327,-4.25768667713092,-3.22787771484379,0.0523512422457619,19.1049569673166,TRUE,NA
"b",17.56,-5.9308454043172,-4.2588844094233,-3.22905344807568,0.0523240275146968,19.1149272099105,TRUE,NA
"b",17.57,-5.93252875966472,-4.26008178934163,-3.2302288523679,0.0522968408581779,19.124897484249,TRUE,NA
"b",17.58,-5.93421164016602,-4.26127881720151,-3.23140392800428,0.0522696822330095,19.1348677902819,TRUE,NA
"b",17.59,-5.93589404622076,-4.26247549331808,-3.23257867526822,0.0522425515960911,19.1448381279591,TRUE,NA
"b",17.6,-5.93757597822802,-4.26367181800599,-3.23375309444272,0.0522154489044091,19.1548084972304,TRUE,NA
"b",17.61,-5.93925743658632,-4.26486779157944,-3.23492718581037,0.0521883741150395,19.1647788980459,TRUE,NA
"b",17.62,-5.94093842169365,-4.26606341435215,-3.23610094965332,0.0521613271851393,19.1747493303559,TRUE,NA
"b",17.63,-5.94261893394743,-4.26725868663736,-3.23727438625333,0.0521343080719605,19.1847197941105,TRUE,NA
"b",17.64,-5.94429897374451,-4.26845360874784,-3.23844749589174,0.0521073167328385,19.19469028926,TRUE,NA
"b",17.65,-5.94597854148121,-4.26964818099592,-3.23962027884948,0.0520803531251959,19.2046608157551,TRUE,NA
"b",17.66,-5.9476576375533,-4.27084240369342,-3.24079273540708,0.0520534172065412,19.2146313735461,TRUE,NA
"b",17.67,-5.94933626235599,-4.27203627715173,-3.24196486584465,0.0520265089344747,19.2246019625839,TRUE,NA
"b",17.68,-5.95101441628393,-4.27322980168175,-3.24313667044188,0.0519996282666781,19.2345725828191,TRUE,NA
"b",17.69,-5.95269209973124,-4.27442297759392,-3.24430814947809,0.0519727751609178,19.2445432342027,TRUE,NA
"b",17.7,-5.95436931309149,-4.27561580519824,-3.24547930323215,0.0519459495750505,19.2545139166856,TRUE,NA
"b",17.71,-5.9560460567577,-4.27680828480421,-3.24665013198255,0.0519191514670156,19.264484630219,TRUE,NA
"b",17.72,-5.95772233112235,-4.2780004167209,-3.24782063600737,0.0518923807948415,19.2744553747539,TRUE,NA
"b",17.73,-5.95939813657737,-4.2791922012569,-3.24899081558429,0.0518656375166344,19.2844261502418,TRUE,NA
"b",17.74,-5.96107347351414,-4.28038363872035,-3.25016067099057,0.051838921590595,19.2943969566339,TRUE,NA
"b",17.75,-5.96274834232351,-4.28157472941892,-3.25133020250308,0.0518122329750037,19.3043677938818,TRUE,NA
"b",17.76,-5.9644227433958,-4.28276547365984,-3.25249941039829,0.0517855716282245,19.314338661937,TRUE,NA
"b",17.77,-5.96609667712076,-4.28395587174986,-3.25366829495227,0.0517589375087075,19.3243095607514,TRUE,NA
"b",17.78,-5.96777014388762,-4.2851459239953,-3.25483685644068,0.0517323305749873,19.3342804902765,TRUE,NA
"b",17.79,-5.96944314408508,-4.286335630702,-3.25600509513879,0.0517057507856826,19.3442514504644,TRUE,NA
"b",17.8,-5.97111567810129,-4.28752499217538,-3.25717301132148,0.0516791980994951,19.354222441267,TRUE,NA
"b",17.81,-5.97278774632386,-4.28871400872036,-3.2583406052632,0.0516526724752078,19.3641934626364,TRUE,NA
"b",17.82,-5.97445934913987,-4.28990268064145,-3.25950787723803,0.0516261738716945,19.3741645145248,TRUE,NA
"b",17.83,-5.97613048693589,-4.29109100824268,-3.26067482751965,0.0515997022478993,19.3841355968845,TRUE,NA
"b",17.84,-5.97780116009791,-4.29227899182765,-3.26184145638135,0.0515732575628629,19.394106709668,TRUE,NA
"b",17.85,-5.97947136901144,-4.2934666316995,-3.26300776409601,0.0515468397757033,19.4040778528276,TRUE,NA
"b",17.86,-5.98114111406142,-4.29465392816093,-3.26417375093614,0.0515204488456158,19.4140490263159,TRUE,NA
"b",17.87,-5.98281039563228,-4.29584088151417,-3.26533941717382,0.0514940847318845,19.4240202300857,TRUE,NA
"b",17.88,-5.98447921410792,-4.29702749206104,-3.26650476308077,0.0514677473938763,19.4339914640898,TRUE,NA
"b",17.89,-5.98614756987171,-4.29821376010289,-3.26766978892832,0.0514414367910305,19.4439627282809,TRUE,NA
"b",17.9,-5.98781546330648,-4.29939968594062,-3.26883449498738,0.0514151528828819,19.4539340226122,TRUE,NA
"b",17.91,-5.98948289479456,-4.30058526987471,-3.26999888152851,0.0513888956290351,19.4639053470366,TRUE,NA
"b",17.92,-5.99114986471773,-4.30177051220517,-3.27116294882184,0.0513626649891812,19.4738767015073,TRUE,NA
"b",17.93,-5.99281637345728,-4.30295541323159,-3.27232669713715,0.0513364609230953,19.4838480859777,TRUE,NA
"b",17.94,-5.99448242139394,-4.30413997325311,-3.2734901267438,0.0513102833906247,19.493819500401,TRUE,NA
"b",17.95,-5.99614800890795,-4.30532419256843,-3.2746532379108,0.0512841323517046,19.5037909447307,TRUE,NA
"b",17.96,-5.997813136379,-4.30650807147582,-3.27581603090673,0.0512580077663483,19.5137624189205,TRUE,NA
"b",17.97,-5.99947780418628,-4.30769161027308,-3.27697850599982,0.0512319095946481,19.5237339229239,TRUE,NA
"b",17.98,-6.00114201270847,-4.30887480925763,-3.27814066345792,0.0512058377967781,19.5337054566947,TRUE,NA
"b",17.99,-6.0028057623237,-4.31005766872639,-3.27930250354845,0.0511797923329915,19.5436770201867,TRUE,NA
"b",18,-6.00446905340962,-4.31124018897588,-3.2804640265385,0.0511537731636231,19.5536486133538,TRUE,NA
"b",18.01,-6.00613188634334,-4.3124223703022,-3.28162523269476,0.0511277802490842,19.5636202361502,TRUE,NA
"b",18.02,-6.00779426150147,-4.31360421300097,-3.28278612228352,0.0511018135498649,19.5735918885299,TRUE,NA
"b",18.03,-6.00945617926008,-4.31478571736742,-3.28394669557072,0.0510758730265355,19.5835635704472,TRUE,NA
"b",18.04,-6.01111763999477,-4.31596688369632,-3.2851069528219,0.0510499586397497,19.5935352818563,TRUE,NA
"b",18.05,-6.0127786440806,-4.31714771228203,-3.28626689430223,0.0510240703502314,19.6035070227118,TRUE,NA
"b",18.06,-6.01443919189212,-4.31832820341846,-3.2874265202765,0.0509982081187896,19.613478792968,TRUE,NA
"b",18.07,-6.01609928380338,-4.31950835739911,-3.28858583100912,0.05097237190631,19.6234505925795,TRUE,NA
"b",18.08,-6.01775892018791,-4.32068817451704,-3.28974482676413,0.0509465616737499,19.6334224215012,TRUE,NA
"b",18.09,-6.01941810141875,-4.32186765506488,-3.2909035078052,0.0509207773821574,19.6433942796877,TRUE,NA
"b",18.1,-6.02107682786841,-4.32304679933484,-3.2920618743956,0.0508950189926445,19.6533661670939,TRUE,NA
"b",18.11,-6.02273509990891,-4.3242256076187,-3.29321992679825,0.050869286466412,19.6633380836748,TRUE,NA
"b",18.12,-6.02439291791176,-4.32540408020783,-3.29437766527568,0.0508435797647282,19.6733100293854,TRUE,NA
"b",18.13,-6.02605028224798,-4.32658221739315,-3.29553509009008,0.0508178988489485,19.683282004181,TRUE,NA
"b",18.14,-6.02770719328806,-4.32776001946517,-3.29669220150322,0.0507922436804984,19.6932540080166,TRUE,NA
"b",18.15,-6.02936365140201,-4.32893748671399,-3.29784899977653,0.0507666142208762,19.7032260408478,TRUE,NA
"b",18.16,-6.03101965695933,-4.33011461942926,-3.29900548517107,0.0507410104316701,19.7131981026299,TRUE,NA
"b",18.17,-6.03267521032903,-4.33129141790024,-3.30016165794752,0.0507154322745302,19.7231701933184,TRUE,NA
"b",18.18,-6.03433031187959,-4.33246788241575,-3.30131751836619,0.0506898797111974,19.7331423128688,TRUE,NA
"b",18.19,-6.03598496197903,-4.33364401326419,-3.30247306668703,0.050664352703472,19.743114461237,TRUE,NA
"b",18.2,-6.03763916099486,-4.33481981073357,-3.30362830316962,0.0506388512132414,19.7530866383788,TRUE,NA
"b",18.21,-6.03929290929409,-4.33599527511144,-3.30478322807317,0.0506133752024658,19.7630588442498,TRUE,NA
"b",18.22,-6.04094620724322,-4.33717040668497,-3.30593784165652,0.05058792463318,19.7730310788063,TRUE,NA
"b",18.23,-6.04259905520829,-4.3383452057409,-3.30709214417817,0.0505624994674969,19.7830033420042,TRUE,NA
"b",18.24,-6.04425145355482,-4.33951967256554,-3.30824613589622,0.050537099667598,19.7929756337995,TRUE,NA
"b",18.25,-6.04590340264784,-4.34069380744482,-3.30939981706843,0.0505117251957481,19.8029479541487,TRUE,NA
"b",18.26,-6.0475549028519,-4.34186761066424,-3.31055318795218,0.0504863760142804,19.812920303008,TRUE,NA
"b",18.27,-6.04920595453104,-4.34304108250887,-3.31170624880451,0.0504610520856019,19.8228926803338,TRUE,NA
"b",18.28,-6.05085655804884,-4.3442142232634,-3.31285899988208,0.0504357533721995,19.8328650860826,TRUE,NA
"b",18.29,-6.05250671376836,-4.34538703321209,-3.3140114414412,0.0504104798366294,19.842837520211,TRUE,NA
"b",18.3,-6.05415642205219,-4.3465595126388,-3.31516357373781,0.0503852314415241,19.8528099826758,TRUE,NA
"b",18.31,-6.05580568326243,-4.34773166182697,-3.3163153970275,0.0503600081495899,19.8627824734335,TRUE,NA
"b",18.32,-6.05745449776069,-4.34890348105964,-3.31746691156549,0.0503348099236023,19.8727549924412,TRUE,NA
"b",18.33,-6.05910286590809,-4.35007497061945,-3.31861811760666,0.0503096367264151,19.8827275396556,TRUE,NA
"b",18.34,-6.06075078806529,-4.35124613078862,-3.31976901540551,0.0502844885209566,19.892700115034,TRUE,NA
"b",18.35,-6.06239826459243,-4.35241696184897,-3.3209196052162,0.0502593652702217,19.9026727185333,TRUE,NA
"b",18.36,-6.0640452958492,-4.35358746408192,-3.32206988729253,0.0502342669372835,19.9126453501108,TRUE,NA
"b",18.37,-6.06569188219479,-4.35475763776847,-3.32321986188795,0.0502091934852871,19.9226180097238,TRUE,NA
"b",18.38,-6.06733802398792,-4.35592748318925,-3.32436952925554,0.0501841448774449,19.9325906973296,TRUE,NA
"b",18.39,-6.06898372158681,-4.35709700062444,-3.32551888964803,0.0501591210770513,19.9425634128857,TRUE,NA
"b",18.4,-6.07062897534923,-4.35826619035387,-3.32666794331782,0.0501341220474592,19.9525361563496,TRUE,NA
"b",18.41,-6.07227378563245,-4.35943505265693,-3.32781669051693,0.0501091477521092,19.962508927679,TRUE,NA
"b",18.42,-6.07391815279327,-4.36060358781262,-3.32896513149704,0.0500841981544999,19.9724817268316,TRUE,NA
"b",18.43,-6.07556207718801,-4.36177179609956,-3.33011326650948,0.0500592732182108,19.9824545537651,TRUE,NA
"b",18.44,-6.07720555917253,-4.36293967779595,-3.33126109580523,0.0500343729068877,19.9924274084375,TRUE,NA
"b",18.45,-6.0788485991022,-4.36410723317961,-3.33240861963491,0.0500094971842504,20.0024002908067,TRUE,NA
"b",18.46,-6.08049119733191,-4.36527446252794,-3.3335558382488,0.0499846460140887,20.0123732008309,TRUE,NA
"b",18.47,-6.0821333542161,-4.36644136611796,-3.33470275189684,0.0499598193602591,20.022346138468,TRUE,NA
"b",18.48,-6.08377507010872,-4.3676079442263,-3.33584936082861,0.049935017186697,20.0323191036764,TRUE,NA
"b",18.49,-6.08541634536326,-4.36877419712918,-3.33699566529334,0.0499102394574038,20.0422920964143,TRUE,NA
"b",18.5,-6.08705718033272,-4.36994012510245,-3.33814166553992,0.0498854861364508,20.0522651166402,TRUE,NA
"b",18.51,-6.08869757536967,-4.37110572842154,-3.3392873618169,0.0498607571879788,20.0622381643125,TRUE,NA
"b",18.52,-6.09033753082616,-4.3722710073615,-3.34043275437248,0.0498360525762047,20.0722112393897,TRUE,NA
"b",18.53,-6.09197704705382,-4.373435962197,-3.34157784345451,0.0498113722654043,20.0821843418305,TRUE,NA
"b",18.54,-6.09361612440378,-4.3746005932023,-3.34272262931051,0.0497867162199332,20.0921574715937,TRUE,NA
"b",18.55,-6.09525476322672,-4.37576490065128,-3.34386711218765,0.0497620844042155,20.102130628638,TRUE,NA
"b",18.56,-6.09689296387286,-4.37692888481744,-3.34501129233275,0.0497374767827363,20.1121038129224,TRUE,NA
"b",18.57,-6.09853072669194,-4.37809254597388,-3.3461551699923,0.0497128933200583,20.1220770244057,TRUE,NA
"b",18.58,-6.10016805203324,-4.37925588439332,-3.34729874541245,0.049688333980809,20.132050263047,TRUE,NA
"b",18.59,-6.1018049402456,-4.38041890034807,-3.34844201883899,0.0496637987296857,20.1420235288056,TRUE,NA
"b",18.6,-6.10344139167736,-4.3815815941101,-3.3495849905174,0.04963928753146,20.1519968216405,TRUE,NA
"b",18.61,-6.10507740667643,-4.38274396595096,-3.3507276606928,0.0496148003509598,20.161970141511,TRUE,NA
"b",18.62,-6.10671298559026,-4.38390601614182,-3.35187002960999,0.0495903371530897,20.1719434883767,TRUE,NA
"b",18.63,-6.10834812876582,-4.38506774495348,-3.35301209751341,0.0495658979028226,20.1819168621969,TRUE,NA
"b",18.64,-6.10998283654963,-4.38622915265634,-3.35415386464718,0.0495414825651981,20.191890262931,TRUE,NA
"b",18.65,-6.11161710928777,-4.38739023952044,-3.35529533125507,0.0495170911053213,20.2018636905389,TRUE,NA
"b",18.66,-6.11325094732583,-4.38855100581542,-3.35643649758054,0.0494927234883722,20.2118371449802,TRUE,NA
"b",18.67,-6.11488435100899,-4.38971145181055,-3.35757736386668,0.0494683796795847,20.2218106262146,TRUE,NA
"b",18.68,-6.11651732068192,-4.3908715777747,-3.35871793035627,0.0494440596442747,20.231784134202,TRUE,NA
"b",18.69,-6.11814985668889,-4.3920313839764,-3.35985819729175,0.0494197633478164,20.2417576689023,TRUE,NA
"b",18.7,-6.11978195937369,-4.39319087068377,-3.36099816491523,0.0493954907556535,20.2517312302756,TRUE,NA
"b",18.71,-6.12141362907964,-4.39435003816457,-3.36213783346849,0.0493712418333008,20.261704818282,TRUE,NA
"b",18.72,-6.12304486614965,-4.39550888668616,-3.36327720319296,0.0493470165463288,20.2716784328816,TRUE,NA
"b",18.73,-6.12467567092615,-4.39666741651556,-3.36441627432976,0.0493228148603873,20.2816520740347,TRUE,NA
"b",18.74,-6.12630604375113,-4.39782562791939,-3.36555504711968,0.0492986367411827,20.2916257417017,TRUE,NA
"b",18.75,-6.12793598496613,-4.39898352116388,-3.36669352180316,0.0492744821544946,20.3015994358428,TRUE,NA
"b",18.76,-6.12956549491224,-4.40014109651494,-3.36783169862033,0.0492503510661626,20.3115731564187,TRUE,NA
"b",18.77,-6.13119457393011,-4.40129835423805,-3.36896957781099,0.0492262434420958,20.32154690339,TRUE,NA
"b",18.78,-6.13282322235992,-4.40245529459836,-3.3701071596146,0.0492021592482708,20.3315206767171,TRUE,NA
"b",18.79,-6.13445144054144,-4.40361191786062,-3.3712444442703,0.0491780984507235,20.3414944763609,TRUE,NA
"b",18.8,-6.13607922881397,-4.40476822428922,-3.37238143201691,0.0491540610155621,20.3514683022823,TRUE,NA
"b",18.81,-6.13770658751638,-4.40592421414819,-3.37351812309291,0.0491300469089557,20.361442154442,TRUE,NA
"b",18.82,-6.13933351698708,-4.40707988770117,-3.37465451773647,0.0491060560971395,20.371416032801,TRUE,NA
"b",18.83,-6.14096001756405,-4.40823524521146,-3.37579061618542,0.0490820885464132,20.3813899373203,TRUE,NA
"b",18.84,-6.14258608958484,-4.40939028694195,-3.37692641867729,0.0490581442231433,20.3913638679612,TRUE,NA
"b",18.85,-6.14421173338652,-4.41054501315521,-3.37806192544926,0.049034223093761,20.4013378246846,TRUE,NA
"b",18.86,-6.14583694930577,-4.41169942411342,-3.37919713673819,0.0490103251247573,20.411311807452,TRUE,NA
"b",18.87,-6.14746173767878,-4.41285352007838,-3.38033205278064,0.048986450282694,20.4212858162246,TRUE,NA
"b",18.88,-6.14908609884135,-4.41400730131156,-3.38146667381283,0.0489625985341933,20.431259850964,TRUE,NA
"b",18.89,-6.15071003312881,-4.41516076807403,-3.38260100007066,0.0489387698459405,20.4412339116315,TRUE,NA
"b",18.9,-6.15233354087607,-4.41631392062653,-3.38373503178972,0.0489149641846858,20.4512079981887,TRUE,NA
"b",18.91,-6.15395662241759,-4.41746675922942,-3.38486876920528,0.0488911815172441,20.4611821105973,TRUE,NA
"b",18.92,-6.1555792780874,-4.41861928414269,-3.38600221255226,0.0488674218104972,20.471156248819,TRUE,NA
"b",18.93,-6.1572015082191,-4.41977149562598,-3.38713536206531,0.0488436850313816,20.4811304128156,TRUE,NA
"b",18.94,-6.15882331314586,-4.42092339393857,-3.38826821797872,0.0488199711469024,20.491104602549,TRUE,NA
"b",18.95,-6.16044469320041,-4.42207497933938,-3.3894007805265,0.0487962801241304,20.5010788179811,TRUE,NA
"b",18.96,-6.16206564871504,-4.42322625208696,-3.39053304994232,0.0487726119301932,20.5110530590739,TRUE,NA
"b",18.97,-6.16368618002162,-4.42437721243952,-3.39166502645952,0.0487489665322869,20.5210273257895,TRUE,NA
"b",18.98,-6.16530628745159,-4.4255278606549,-3.39279671031117,0.0487253438976634,20.5310016180901,TRUE,NA
"b",18.99,-6.16692597133596,-4.42667819699058,-3.39392810172998,0.0487017439936483,20.540975935938,TRUE,NA
"b",19,-6.1685452320053,-4.42782822170368,-3.39505920094838,0.0486781667876164,20.5509502792954,TRUE,NA
"b",19.01,-6.17016406978977,-4.428977935051,-3.39619000819845,0.0486546122470131,20.5609246481247,TRUE,NA
"b",19.02,-6.17178248501909,-4.43012733728893,-3.397320523712,0.0486310803393408,20.5708990423884,TRUE,NA
"b",19.03,-6.17340047802255,-4.43127642867355,-3.39845074772049,0.0486075710321723,20.5808734620491,TRUE,NA
"b",19.04,-6.17501804912903,-4.43242520946057,-3.39958068045509,0.0485840842931333,20.5908479070693,TRUE,NA
"b",19.05,-6.17663519866697,-4.43357367990533,-3.40071032214665,0.0485606200899129,20.6008223774117,TRUE,NA
"b",19.06,-6.17825192696439,-4.43472184026285,-3.40183967302571,0.0485371783902675,20.6107968730391,TRUE,NA
"b",19.07,-6.17986823434888,-4.43586969078779,-3.40296873332251,0.0485137591620042,20.6207713939144,TRUE,NA
"b",19.08,-6.18148412114763,-4.43701723173443,-3.40409750326697,0.0484903623730046,20.6307459400003,TRUE,NA
"b",19.09,-6.18309958768739,-4.43816446335674,-3.4052259830887,0.048466987991195,20.6407205112599,TRUE,NA
"b",19.1,-6.18471463429448,-4.43931138590831,-3.406354173017,0.0484436359845812,20.6506951076563,TRUE,NA
"b",19.11,-6.18632926129481,-4.4404579996424,-3.40748207328088,0.0484203063212165,20.6606697291525,TRUE,NA
"b",19.12,-6.18794346901389,-4.44160430481192,-3.40860968410903,0.048396998969217,20.6706443757117,TRUE,NA
"b",19.13,-6.18955725777678,-4.44275030166942,-3.40973700572982,0.0483737138967628,20.6806190472972,TRUE,NA
"b",19.14,-6.19117062790813,-4.44389599046711,-3.41086403837134,0.0483504510720936,20.6905937438723,TRUE,NA
"b",19.15,-6.19278357973218,-4.44504137145687,-3.41199078226136,0.0483272104635031,20.7005684654005,TRUE,NA
"b",19.16,-6.19439611357275,-4.4461864448902,-3.41311723762735,0.0483039920393571,20.7105432118451,TRUE,NA
"b",19.17,-6.19600822975324,-4.44733121101828,-3.41424340469647,0.0482807957680684,20.7205179831698,TRUE,NA
"b",19.18,-6.19761992859664,-4.44847567009195,-3.41536928369558,0.0482576216181165,20.7304927793382,TRUE,NA
"b",19.19,-6.19923121042552,-4.44961982236169,-3.41649487485124,0.0482344695580412,20.7404676003139,TRUE,NA
"b",19.2,-6.20084207556205,-4.45076366807764,-3.41762017838971,0.0482113395564392,20.7504424460607,TRUE,NA
"b",19.21,-6.20245252432797,-4.4519072074896,-3.41874519453694,0.0481882315819684,20.7604173165424,TRUE,NA
"b",19.22,-6.20406255704461,-4.45305044084705,-3.41986992351858,0.048165145603341,20.7703922117229,TRUE,NA
"b",19.23,-6.2056721740329,-4.45419336839908,-3.42099436555998,0.0481420815893348,20.7803671315663,TRUE,NA
"b",19.24,-6.20728137561335,-4.45533599039449,-3.42211852088619,0.0481190395087827,20.7903420760364,TRUE,NA
"b",19.25,-6.20889016210607,-4.45647830708172,-3.42324238972196,0.0480960193305773,20.8003170450975,TRUE,NA
"b",19.26,-6.21049853383073,-4.45762031870885,-3.42436597229174,0.0480730210236713,20.8102920387137,TRUE,NA
"b",19.27,-6.21210649110664,-4.45876202552367,-3.4254892688197,0.0480500445570717,20.8202670568492,TRUE,NA
"b",19.28,-6.21371403425265,-4.45990342777359,-3.42661227952968,0.0480270898998478,20.8302420994684,TRUE,NA
"b",19.29,-6.21532116358725,-4.46104452570569,-3.42773500464524,0.04800415702113,20.8402171665356,TRUE,NA
"b",19.3,-6.2169278794285,-4.46218531956674,-3.42885744438964,0.0479812458900923,20.8501922580153,TRUE,NA
"b",19.31,-6.21853418209404,-4.46332580960313,-3.42997959898586,0.0479583564759896,20.860167373872,TRUE,NA
"b",19.32,-6.22014007190115,-4.46446599606098,-3.43110146865655,0.0479354887481103,20.8701425140704,TRUE,NA
"b",19.33,-6.22174554916665,-4.465605879186,-3.4322230536241,0.0479126426758203,20.880117678575,TRUE,NA
"b",19.34,-6.22335061420699,-4.46674545922361,-3.43334435411058,0.0478898182285326,20.8900928673505,TRUE,NA
"b",19.35,-6.22495526733822,-4.4678847364189,-3.43446537033778,0.0478670153757212,20.9000680803618,TRUE,NA
"b",19.36,-6.22655950887597,-4.46902371101662,-3.43558610252719,0.0478442340869094,20.9100433175738,TRUE,NA
"b",19.37,-6.22816333913549,-4.47016238326117,-3.43670655090001,0.0478214743316911,20.9200185789513,TRUE,NA
"b",19.38,-6.2297667584316,-4.47130075339664,-3.43782671567715,0.0477987360797103,20.9299938644593,TRUE,NA
"b",19.39,-6.23136976707874,-4.47243882166679,-3.43894659707923,0.0477760193006649,20.939969174063,TRUE,NA
"b",19.4,-6.23297236539096,-4.47357658831503,-3.44006619532656,0.0477533239643169,20.9499445077274,TRUE,NA
"b",19.41,-6.23457455368189,-4.47471405358446,-3.44118551063918,0.0477306500404726,20.9599198654177,TRUE,NA
"b",19.42,-6.23617633226477,-4.47585121771785,-3.44230454323683,0.0477079974990096,20.9698952470993,TRUE,NA
"b",19.43,-6.23777770145244,-4.47698808095764,-3.44342329333897,0.0476853663098531,20.9798706527373,TRUE,NA
"b",19.44,-6.23937866155735,-4.47812464354592,-3.44454176116476,0.0476627564429855,20.9898460822972,TRUE,NA
"b",19.45,-6.24097921289156,-4.47926090572449,-3.44565994693308,0.0476401678684466,20.9998215357446,TRUE,NA
"b",19.46,-6.24257935576672,-4.48039686773481,-3.44677785086252,0.0476176005563307,21.0097970130448,TRUE,NA
"b",19.47,-6.24417909049409,-4.48153252981799,-3.44789547317136,0.0475950544767914,21.0197725141635,TRUE,NA
"b",19.48,-6.24577841738453,-4.48266789221486,-3.44901281407764,0.0475725296000338,21.0297480390664,TRUE,NA
"b",19.49,-6.24737733674853,-4.48380295516589,-3.45012987379906,0.0475500258963208,21.0397235877192,TRUE,NA
"b",19.5,-6.24897584889617,-4.48493771891124,-3.45124665255309,0.0475275433359679,21.0496991600877,TRUE,NA
"b",19.51,-6.25057395413714,-4.48607218369074,-3.45236315055686,0.0475050818893514,21.0596747561376,TRUE,NA
"b",19.52,-6.25217165278074,-4.4872063497439,-3.45347936802725,0.0474826415268979,21.069650375835,TRUE,NA
"b",19.53,-6.25376894513588,-4.48834021730992,-3.45459530518085,0.0474602222190894,21.0796260191459,TRUE,NA
"b",19.54,-6.25536583151107,-4.48947378662767,-3.45571096223396,0.047437823936467,21.0896016860362,TRUE,NA
"b",19.55,-6.25696231221446,-4.49060705793569,-3.45682633940259,0.0474154466496222,21.0995773764722,TRUE,NA
"b",19.56,-6.25855838755379,-4.49174003147221,-3.45794143690249,0.0473930903292006,21.1095530904198,TRUE,NA
"b",19.57,-6.2601540578364,-4.49287270747513,-3.45905625494911,0.0473707549459057,21.1195288278456,TRUE,NA
"b",19.58,-6.26174932336928,-4.49400508618206,-3.46017079375762,0.0473484404704925,21.1295045887156,TRUE,NA
"b",19.59,-6.263344184459,-4.49513716783027,-3.46128505354292,0.0473261468737753,21.1394803729964,TRUE,NA
"b",19.6,-6.26493864141177,-4.49626895265669,-3.4623990345196,0.0473038741266176,21.1494561806543,TRUE,NA
"b",19.61,-6.26653269453338,-4.49740044089797,-3.46351273690201,0.047281622199935,21.1594320116558,TRUE,NA
"b",19.62,-6.26812634412929,-4.49853163279044,-3.46462616090419,0.0472593910647028,21.1694078659676,TRUE,NA
"b",19.63,-6.26971959050452,-4.49966252857009,-3.46573930673992,0.0472371806919494,21.1793837435561,TRUE,NA
"b",19.64,-6.27131243396374,-4.50079312847262,-3.46685217462269,0.047214991052754,21.1893596443882,TRUE,NA
"b",19.65,-6.27290487481124,-4.50192343273339,-3.46796476476572,0.047192822118248,21.1993355684306,TRUE,NA
"b",19.66,-6.2744969133509,-4.50305344158748,-3.46907707738193,0.04717067385962,21.20931151565,TRUE,NA
"b",19.67,-6.27608854988626,-4.50418315526961,-3.470189112684,0.0471485462481098,21.2192874860134,TRUE,NA
"b",19.68,-6.27767978472045,-4.50531257401424,-3.4713008708843,0.047126439255015,21.2292634794877,TRUE,NA
"b",19.69,-6.27927061815622,-4.50644169805548,-3.47241235219495,0.0471043528516741,21.23923949604,TRUE,NA
"b",19.7,-6.28086105049596,-4.50757052762713,-3.47352355682778,0.0470822870094949,21.2492155356372,TRUE,NA
"b",19.71,-6.28245108204167,-4.5086990629627,-3.47463448499433,0.0470602416999224,21.2591915982466,TRUE,NA
"b",19.72,-6.28404071309497,-4.50982730429538,-3.47574513690591,0.0470382168944674,21.2691676838352,TRUE,NA
"b",19.73,-6.28562994395712,-4.51095525185804,-3.47685551277351,0.0470162125646834,21.2791437923704,TRUE,NA
"b",19.74,-6.28721877492898,-4.51208290588325,-3.47796561280788,0.0469942286821849,21.2891199238195,TRUE,NA
"b",19.75,-6.28880720631105,-4.51321026660326,-3.47907543721946,0.0469722652186286,21.2990960781498,TRUE,NA
"b",19.76,-6.29039523840345,-4.51433733425004,-3.48018498621846,0.0469503221457312,21.3090722553288,TRUE,NA
"b",19.77,-6.29198287150593,-4.51546410905522,-3.4812942600148,0.0469283994352594,21.319048455324,TRUE,NA
"b",19.78,-6.29357010591786,-4.51659059125015,-3.4824032588181,0.0469064970590338,21.3290246781029,TRUE,NA
"b",19.79,-6.29515694193824,-4.51771678106583,-3.48351198283776,0.0468846149889206,21.3390009236332,TRUE,NA
"b",19.8,-6.29674337986571,-4.51884267873302,-3.48462043228288,0.0468627531968453,21.3489771918826,TRUE,NA
"b",19.81,-6.29832941999851,-4.51996828448211,-3.4857286073623,0.0468409116547779,21.3589534828188,TRUE,NA
"b",19.82,-6.29991506263454,-4.52109359854323,-3.48683650828456,0.0468190903347443,21.3689297964096,TRUE,NA
"b",19.83,-6.30150030807131,-4.52221862114617,-3.48794413525799,0.0467972892088211,21.3789061326229,TRUE,NA
"b",19.84,-6.30308515660597,-4.52334335252046,-3.48905148849059,0.0467755082491372,21.3888824914265,TRUE,NA
"b",19.85,-6.30466960853529,-4.52446779289528,-3.49015856819014,0.0467537474278705,21.3988588727885,TRUE,NA
"b",19.86,-6.30625366415569,-4.52559194249954,-3.49126537456412,0.0467320067172512,21.408835276677,TRUE,NA
"b",19.87,-6.30783732376319,-4.52671580156184,-3.49237190781975,0.0467102860895574,21.41881170306,TRUE,NA
"b",19.88,-6.30942058765349,-4.52783937031046,-3.493478168164,0.0466885855171233,21.4287881519057,TRUE,NA
"b",19.89,-6.31100345612188,-4.52896264897342,-3.49458415580357,0.0466669049723265,21.4387646231824,TRUE,NA
"b",19.9,-6.31258592946331,-4.53008563777839,-3.49568987094486,0.0466452444276051,21.4487411168582,TRUE,NA
"b",19.91,-6.31416800797236,-4.53120833695278,-3.49679531379406,0.0466236038554371,21.4587176329016,TRUE,NA
"b",19.92,-6.31574969194323,-4.53233074672368,-3.49790048455704,0.0466019832283608,21.468694171281,TRUE,NA
"b",19.93,-6.31733098166977,-4.53345286731788,-3.49900538343946,0.0465803825189566,21.4786707319648,TRUE,NA
"b",19.94,-6.31891187744548,-4.53457469896189,-3.50011001064667,0.0465588016998542,21.4886473149215,TRUE,NA
"b",19.95,-6.32049237956346,-4.5356962418819,-3.50121436638377,0.0465372407437439,21.4986239201198,TRUE,NA
"b",19.96,-6.32207248831649,-4.53681749630383,-3.50231845085563,0.0465156996233542,21.5086005475283,TRUE,NA
"b",19.97,-6.32365220399696,-4.53793846245327,-3.50342226426681,0.0464941783114696,21.5185771971156,TRUE,NA
"b",19.98,-6.3252315268969,-4.53905914055554,-3.50452580682163,0.0464726767809243,21.5285538688505,TRUE,NA
"b",19.99,-6.326810457308,-4.54017953083565,-3.50562907872415,0.0464511950045967,21.5385305627019,TRUE,NA
"b",20,-6.32838899552158,-4.54129963351833,-3.50673208017817,0.0464297329554233,21.5485072786386,TRUE,NA
