"sweep_param","sweep_value","xL","xk","xl","xU","gamma","converged","error_msg"
"b",-10,-0.0496477533433209,3.23833691654703,4.02958722947919,4.43224768495321,11.502464899412,TRUE,NA
"b",-9.99,-0.0496967707037703,3.23672242863984,4.02785494755199,4.42997738439697,11.4924697690184,TRUE,NA
"b",-9.98,-0.0497458843321045,3.2351070193112,4.02612156408081,4.42770590762046,11.482474653008,TRUE,NA
"b",-9.97,-0.0497950945104639,3.2334906868312,4.024387076918,4.42543325280045,11.4724795514373,TRUE,NA
"b",-9.96,-0.0498444015220854,3.23187342946417,4.02265148390931,4.42315941810888,11.4624844643631,TRUE,NA
"b",-9.95,-0.0498938056513071,3.23025524546866,4.02091478289387,4.42088440171302,11.4524893918424,TRUE,NA
"b",-9.94,-0.049943307183576,3.22863613309735,4.01917697170415,4.41860820177543,11.4424943339324,TRUE,NA
"b",-9.93,-0.0499929064054528,3.2270160905971,4.01743804816595,4.41633081645393,11.4324992906909,TRUE,NA
"b",-9.92,-0.0500426036046134,3.22539511620885,4.01569801009837,4.41405224390162,11.4225042621755,TRUE,NA
"b",-9.91,-0.0500923990698625,3.22377320816766,4.0139568553138,4.41177248226683,11.4125092484446,TRUE,NA
"b",-9.9,-0.0501422930911286,3.22215036470261,4.01221458161788,4.40949152969311,11.4025142495564,TRUE,NA
"b",-9.89,-0.0501922859594819,3.22052658403683,4.01047118680948,4.40720938431923,11.3925192655698,TRUE,NA
"b",-9.88,-0.0502423779671271,3.21890186438744,4.00872666868068,4.40492604427916,11.3825242965438,TRUE,NA
"b",-9.87,-0.0502925694074168,3.21727620396552,4.00698102501677,4.40264150770203,11.3725293425376,TRUE,NA
"b",-9.86,-0.0503428605748538,3.21564960097612,4.00523425359618,4.40035577271212,11.3625344036109,TRUE,NA
"b",-9.85,-0.0503932517651042,3.21402205361815,4.0034863521905,4.39806883742886,11.3525394798235,TRUE,NA
"b",-9.84,-0.0504437432749877,3.21239356008444,4.00173731856442,4.39578069996681,11.3425445712356,TRUE,NA
"b",-9.83,-0.0504943354024982,3.21076411856165,3.99998715047575,4.39349135843563,11.3325496779077,TRUE,NA
"b",-9.82,-0.0505450284468042,3.20913372723026,3.99823584567534,4.39120081094004,11.3225547999007,TRUE,NA
"b",-9.81,-0.0505958227082516,3.20750238426453,3.99648340190713,4.38890905557987,11.3125599372755,TRUE,NA
"b",-9.8,-0.0506467184883723,3.20587008783249,3.99472981690804,4.38661609044999,11.3025650900936,TRUE,NA
"b",-9.79,-0.0506977160898923,3.20423683609588,3.99297508840803,4.38432191364027,11.2925702584167,TRUE,NA
"b",-9.78,-0.0507488158167337,3.20260262721016,3.99121921413001,4.38202652323565,11.2825754423068,TRUE,NA
"b",-9.77,-0.0508000179740206,3.20096745932441,3.98946219178986,4.37972991731603,11.2725806418262,TRUE,NA
"b",-9.76,-0.0508513228680864,3.19933133058139,3.9877040190964,4.3774320939563,11.2625858570374,TRUE,NA
"b",-9.75,-0.0509027308064847,3.19769423911742,3.98594469375134,4.37513305122631,11.2525910880036,TRUE,NA
"b",-9.74,-0.0509542420979817,3.19605618306241,3.98418421344928,4.37283278719086,11.2425963347878,TRUE,NA
"b",-9.73,-0.0510058570525788,3.19441716053979,3.98242257587769,4.37053129990967,11.2326015974537,TRUE,NA
"b",-9.72,-0.0510575759815069,3.19277716966651,3.98065977871685,4.36822858743736,11.2226068760651,TRUE,NA
"b",-9.71,-0.0511093991972364,3.19113620855297,3.97889581963989,4.36592464782344,11.2126121706863,TRUE,NA
"b",-9.7,-0.0511613270134843,3.18949427530303,3.9771306963127,4.36361947911231,11.2026174813818,TRUE,NA
"b",-9.69,-0.0512133597452189,3.18785136801392,3.97536440639396,4.3613130793432,11.1926228082164,TRUE,NA
"b",-9.68,-0.0512654977086665,3.18620748477628,3.97359694753506,4.35900544655016,11.1826281512553,TRUE,NA
"b",-9.67,-0.051317741221316,3.18456262367405,3.97182831738014,4.35669657876208,11.1726335105641,TRUE,NA
"b",-9.66,-0.0513700906019313,3.18291678278451,3.97005851356601,4.35438647400264,11.1626388862085,TRUE,NA
"b",-9.65,-0.0514225461705481,3.18126996017817,3.96828753372217,4.35207513029027,11.1526442782547,TRUE,NA
"b",-9.64,-0.051475108248487,3.1796221539188,3.96651537547075,4.34976254563819,11.1426496867692,TRUE,NA
"b",-9.63,-0.0515277771583619,3.17797336206338,3.96474203642652,4.34744871805434,11.1326551118189,TRUE,NA
"b",-9.62,-0.0515805532240759,3.17632358266202,3.96296751419682,4.34513364554136,11.1226605534709,TRUE,NA
"b",-9.61,-0.0516334367708393,3.174672813758,3.96119180638159,4.34281732609662,11.1126660117928,TRUE,NA
"b",-9.6,-0.0516864281251705,3.17302105338766,3.9594149105733,4.34049975771216,11.1026714868523,TRUE,NA
"b",-9.59,-0.0517395276149011,3.17136829958043,3.95763682435697,4.33818093837466,11.0926769787178,TRUE,NA
"b",-9.58,-0.0517927355691898,3.16971455035875,3.9558575453101,4.33586086606546,11.0826824874577,TRUE,NA
"b",-9.57,-0.0518460523185189,3.16805980373805,3.95407707100268,4.33353953876052,11.072688013141,TRUE,NA
"b",-9.56,-0.0518994781947103,3.16640405772672,3.95229539899714,4.33121695443037,11.0626935558369,TRUE,NA
"b",-9.55,-0.0519530135309234,3.16474731032606,3.95051252684835,4.32889311104015,11.0526991156149,TRUE,NA
"b",-9.54,-0.0520066586616729,3.16308955953025,3.94872845210358,4.32656800654956,11.0427046925452,TRUE,NA
"b",-9.53,-0.0520604139228241,3.16143080332631,3.94694317230249,4.32424163891282,11.0327102866978,TRUE,NA
"b",-9.52,-0.0521142796516048,3.15977103969408,3.94515668497708,4.32191400607869,11.0227158981436,TRUE,NA
"b",-9.51,-0.0521682561866132,3.15811026660616,3.94336898765169,4.31958510599042,11.0127215269536,TRUE,NA
"b",-9.5,-0.0522223438678277,3.15644848202787,3.94158007784297,4.31725493658572,11.002727173199,TRUE,NA
"b",-9.49,-0.0522765430366041,3.15478568391725,3.93978995305985,4.3149234957968,10.9927328369519,TRUE,NA
"b",-9.48,-0.052330854035694,3.15312187022498,3.93799861080351,4.31259078155026,10.9827385182841,TRUE,NA
"b",-9.47,-0.0523852772092393,3.15145703889434,3.93620604856739,4.31025679176715,10.9727442172683,TRUE,NA
"b",-9.46,-0.0524398129027917,3.14979118786123,3.9344122638371,4.30792152436292,10.9627499339773,TRUE,NA
"b",-9.45,-0.0524944614633139,3.14812431505405,3.93261725409046,4.30558497724736,10.9527556684843,TRUE,NA
"b",-9.44,-0.0525492232391865,3.14645641839372,3.93082101679746,4.30324714832464,10.942761420863,TRUE,NA
"b",-9.43,-0.0526040985802139,3.14478749579363,3.9290235494202,4.30090803549326,10.9327671911874,TRUE,NA
"b",-9.42,-0.0526590878376389,3.14311754515957,3.92722484941291,4.29856763664604,10.9227729795319,TRUE,NA
"b",-9.41,-0.0527141913641387,3.14144656438972,3.9254249142219,4.29622594967007,10.9127787859712,TRUE,NA
"b",-9.4,-0.0527694095138449,3.1397745513746,3.92362374128553,4.29388297244672,10.9027846105804,TRUE,NA
"b",-9.39,-0.0528247426423348,3.13810150399706,3.92182132803422,4.29153870285161,10.8927904534352,TRUE,NA
"b",-9.38,-0.0528801911066589,3.13642742013215,3.92001767189039,4.28919313875458,10.8827963146115,TRUE,NA
"b",-9.37,-0.0529357552653313,3.1347522976472,3.91821277026846,4.28684627801969,10.8728021941855,TRUE,NA
"b",-9.36,-0.0529914354783485,3.13307613440169,3.91640662057478,4.28449811850515,10.8628080922341,TRUE,NA
"b",-9.35,-0.0530472321071826,3.13139892824723,3.91459922020767,4.28214865806336,10.8528140088342,TRUE,NA
"b",-9.34,-0.0531031455148115,3.12972067702754,3.91279056655736,4.27979789454086,10.8428199440636,TRUE,NA
"b",-9.33,-0.0531591760657039,3.12804137857839,3.91098065700596,4.27744582577828,10.832825898,TRUE,NA
"b",-9.32,-0.0532153241258414,3.12636103072755,3.90916948892744,4.27509244961037,10.8228318707218,TRUE,NA
"b",-9.31,-0.0532715900627207,3.12467963129477,3.90735705968763,4.27273776386593,10.8128378623078,TRUE,NA
"b",-9.3,-0.0533279742453602,3.12299717809172,3.90554336664415,4.27038176636784,10.8028438728371,TRUE,NA
"b",-9.29,-0.0533844770443116,3.12131366892194,3.90372840714642,4.26802445493297,10.7928499023893,TRUE,NA
"b",-9.28,-0.0534410988316691,3.11962910158083,3.90191217853562,4.26566582737222,10.7828559510443,TRUE,NA
"b",-9.27,-0.0534978399810686,3.11794347385556,3.90009467814468,4.26330588149046,10.7728620188826,TRUE,NA
"b",-9.26,-0.053554700867702,3.11625678352507,3.89827590329824,4.26094461508653,10.762868105985,TRUE,NA
"b",-9.25,-0.0536116818683341,3.11456902835999,3.89645585131262,4.25858202595319,10.7528742124328,TRUE,NA
"b",-9.24,-0.0536687833612881,3.11288020612261,3.89463451949582,4.25621811187712,10.7428803383075,TRUE,NA
"b",-9.23,-0.053726005726474,3.11119031456684,3.89281190514746,4.2538528706389,10.7328864836913,TRUE,NA
"b",-9.22,-0.0537833493453926,3.10949935143817,3.89098800555879,4.25148630001296,10.7228926486668,TRUE,NA
"b",-9.21,-0.0538408146011315,3.1078073144736,3.88916281801265,4.24911839776757,10.7128988333169,TRUE,NA
"b",-9.2,-0.0538984018783924,3.10611420140159,3.88733633978344,4.24674916166484,10.702905037725,TRUE,NA
"b",-9.19,-0.0539561115634863,3.10442000994208,3.88550856813709,4.24437858946065,10.6929112619751,TRUE,NA
"b",-9.18,-0.0540139440443439,3.10272473780634,3.88367950033106,4.24200667890467,10.6829175061512,TRUE,NA
"b",-9.17,-0.0540718997105283,3.10102838269701,3.88184913361429,4.23963342774031,10.6729237703383,TRUE,NA
"b",-9.16,-0.0541299789532386,3.09933094230801,3.88001746522719,4.23725883370471,10.6629300546215,TRUE,NA
"b",-9.15,-0.0541881821653225,3.0976324143245,3.8781844924016,4.2348828945287,10.6529363590864,TRUE,NA
"b",-9.14,-0.0542465097412808,3.09593279642284,3.87635021236078,4.2325056079368,10.6429426838191,TRUE,NA
"b",-9.13,-0.0543049620772806,3.09423208627053,3.87451462231938,4.23012697164715,10.6329490289062,TRUE,NA
"b",-9.12,-0.0543635395711631,3.09253028152617,3.8726777194834,4.22774698337155,10.6229553944347,TRUE,NA
"b",-9.11,-0.0544222426224483,3.0908273798394,3.8708395010502,4.22536564081539,10.6129617804921,TRUE,NA
"b",-9.1,-0.0544810716323475,3.08912337885087,3.86899996420844,4.22298294167763,10.6029681871662,TRUE,NA
"b",-9.09,-0.0545400270037704,3.08741827619216,3.86715910613806,4.2205988836508,10.5929746145456,TRUE,NA
"b",-9.08,-0.0545991091413387,3.08571206948576,3.86531692401028,4.21821346442093,10.582981062719,TRUE,NA
"b",-9.07,-0.0546583184513869,3.08400475634501,3.86347341498754,4.21582668166757,10.5729875317759,TRUE,NA
"b",-9.06,-0.0547176553419777,3.08229633437404,3.8616285762235,4.21343853306376,10.5629940218061,TRUE,NA
"b",-9.05,-0.0547771202229111,3.08058680116773,3.85978240486302,4.21104901627596,10.5530005328999,TRUE,NA
"b",-9.04,-0.0548367135057288,3.07887615431164,3.85793489804208,4.20865812896407,10.5430070651481,TRUE,NA
"b",-9.03,-0.0548964356037277,3.07716439138199,3.85608605288785,4.20626586878141,10.533013618642,TRUE,NA
"b",-9.02,-0.0549562869319682,3.07545150994558,3.85423586651857,4.20387223337465,10.5230201934733,TRUE,NA
"b",-9.01,-0.0550162679072827,3.07373750755973,3.85238433604357,4.20147722038381,10.5130267897344,TRUE,NA
"b",-9,-0.0550763789482855,3.07202238177228,3.85053145856325,4.19908082744225,10.5030334075181,TRUE,NA
"b",-8.99,-0.055136620475382,3.07030613012147,3.84867723116905,4.19668305217661,10.4930400469174,TRUE,NA
"b",-8.98,-0.0551969929107783,3.06858875013592,3.84682165094341,4.19428389220681,10.4830467080264,TRUE,NA
"b",-8.97,-0.055257496678494,3.06687023933458,3.84496471495974,4.19188334514601,10.4730533909392,TRUE,NA
"b",-8.96,-0.0553181322043656,3.06515059522666,3.84310642028242,4.18948140860059,10.4630600957506,TRUE,NA
"b",-8.95,-0.0553788999160604,3.06342981531158,3.84124676396677,4.18707808017013,10.4530668225559,TRUE,NA
"b",-8.94,-0.0554398002430846,3.06170789707892,3.83938574305901,4.18467335744735,10.443073571451,TRUE,NA
"b",-8.93,-0.0555008336167939,3.05998483800836,3.83752335459623,4.18226723801814,10.4330803425322,TRUE,NA
"b",-8.92,-0.0555620004704078,3.05826063556962,3.8356595956064,4.17985971946148,10.4230871358963,TRUE,NA
"b",-8.91,-0.0556233012390069,3.05653528722241,3.83379446310829,4.17745079934943,10.4130939516407,TRUE,NA
"b",-8.9,-0.0556847363595588,3.05480879041636,3.83192795411149,4.17504047524711,10.4031007898634,TRUE,NA
"b",-8.89,-0.0557463062709156,3.053081142591,3.83006006561638,4.17262874471269,10.3931076506629,TRUE,NA
"b",-8.88,-0.0558080114138321,3.05135234117564,3.82819079461407,4.17021560529732,10.383114534138,TRUE,NA
"b",-8.87,-0.0558698522309704,3.04962238358936,3.82632013808642,4.16780105454511,10.3731214403883,TRUE,NA
"b",-8.86,-0.0559318291669155,3.04789126724095,3.82444809300597,4.16538508999315,10.363128369514,TRUE,NA
"b",-8.85,-0.0559939426681789,3.04615898952881,3.82257465633595,4.16296770917143,10.3531353216155,TRUE,NA
"b",-8.84,-0.0560561931832166,3.04442554784095,3.82069982503023,4.16054890960283,10.3431422967942,TRUE,NA
"b",-8.83,-0.0561185811624365,3.04269093955488,3.81882359603333,4.15812868880308,10.3331492951517,TRUE,NA
"b",-8.82,-0.0561811070582042,3.04095516203755,3.81694596628033,4.15570704428076,10.3231563167903,TRUE,NA
"b",-8.81,-0.0562437713248598,3.03921821264535,3.81506693269691,4.15328397353726,10.3131633618128,TRUE,NA
"b",-8.8,-0.0563065744187291,3.03748008872396,3.8131864921993,4.15085947406673,10.3031704303228,TRUE,NA
"b",-8.79,-0.0563695167981276,3.03574078760837,3.81130464169423,4.14843354335607,10.2931775224241,TRUE,NA
"b",-8.78,-0.0564325989233788,3.03400030662275,3.80942137807895,4.14600617888489,10.2831846382212,TRUE,NA
"b",-8.77,-0.0564958212568213,3.03225864308044,3.80753669824116,4.14357737812552,10.2731917778195,TRUE,NA
"b",-8.76,-0.0565591842628185,3.03051579428385,3.80565059905901,4.14114713854291,10.2631989413245,TRUE,NA
"b",-8.75,-0.0566226884077737,3.02877175752442,3.80376307740107,4.13871545759466,10.2532061288425,TRUE,NA
"b",-8.74,-0.0566863341601365,3.02702653008254,3.80187413012631,4.13628233273098,10.2432133404805,TRUE,NA
"b",-8.73,-0.0567501219904198,3.0252801092275,3.79998375408405,4.13384776139463,10.2332205763459,TRUE,NA
"b",-8.72,-0.0568140523712063,3.0235324922174,3.79809194611396,4.13141174102092,10.2232278365468,TRUE,NA
"b",-8.71,-0.0568781257771583,3.02178367629912,3.79619870304602,4.12897426903768,10.2132351211919,TRUE,NA
"b",-8.7,-0.0569423426850373,3.02003365870823,3.79430402170051,4.12653534286521,10.2032424303905,TRUE,NA
"b",-8.69,-0.057006703573707,3.01828243666891,3.79240789888795,4.12409495991625,10.1932497642523,TRUE,NA
"b",-8.68,-0.0570712089241456,3.01653000739392,3.79051033140911,4.12165311759599,10.1832571228881,TRUE,NA
"b",-8.67,-0.0571358592194667,3.01477636808451,3.78861131605496,4.11920981330198,10.1732645064087,TRUE,NA
"b",-8.66,-0.0572006549449199,3.01302151593035,3.78671084960668,4.11676504442414,10.1632719149261,TRUE,NA
"b",-8.65,-0.057265596587905,3.01126544810946,3.78480892883558,4.11431880834473,10.1532793485526,TRUE,NA
"b",-8.64,-0.0573306846379899,3.00950816178817,3.7829055505031,4.11187110243828,10.1432868074011,TRUE,NA
"b",-8.63,-0.0573959195869177,3.007749654121,3.78100071136081,4.10942192407161,10.1332942915852,TRUE,NA
"b",-8.62,-0.0574613019286165,3.00598992225064,3.77909440815033,4.10697127060376,10.1233018012193,TRUE,NA
"b",-8.61,-0.0575268321592161,3.00422896330782,3.77718663760334,4.10451913938597,10.1133093364183,TRUE,NA
"b",-8.6,-0.0575925107770606,3.00246677441132,3.77527739644156,4.10206552776167,10.1033168972976,TRUE,NA
"b",-8.59,-0.0576583382827122,3.00070335266783,3.7733666813767,4.0996104330664,10.0933244839735,TRUE,NA
"b",-8.58,-0.0577243151789795,2.9989386951719,3.77145448911044,4.09715385262782,10.0833320965629,TRUE,NA
"b",-8.57,-0.0577904419709105,2.99717279900586,3.76954081633441,4.09469578376568,10.0733397351832,TRUE,NA
"b",-8.56,-0.0578567191658209,2.99540566123977,3.76762565973015,4.09223622379174,10.0633473999526,TRUE,NA
"b",-8.55,-0.0579231472732984,2.99363727893132,3.76570901596911,4.08977517000979,10.05335509099,TRUE,NA
"b",-8.54,-0.0579897268052185,2.99186764912577,3.7637908817126,4.0873126197156,10.0433628084149,TRUE,NA
"b",-8.53,-0.0580564582757568,2.99009676885586,3.76187125361176,4.08484857019686,10.0333705523475,TRUE,NA
"b",-8.52,-0.0581233422013986,2.98832463514177,3.75995012830755,4.08238301873321,10.0233783229087,TRUE,NA
"b",-8.51,-0.0581903791009573,2.98655124499098,3.75802750243072,4.07991596259611,10.0133861202199,TRUE,NA
"b",-8.5,-0.0582575694955847,2.98477659539826,3.75610337260179,4.07744739904893,10.0033939444035,TRUE,NA
"b",-8.49,-0.0583249139087804,2.98300068334555,3.75417773543098,4.0749773253468,9.99340179558247,TRUE,NA
"b",-8.48,-0.0583924128664146,2.98122350580191,3.75225058751824,4.07250573873664,9.98340967388036,TRUE,NA
"b",-8.47,-0.0584600668967315,2.97944505972339,3.75032192545321,4.07003263645712,9.97341757942157,TRUE,NA
"b",-8.46,-0.0585278765303659,2.97766534205304,3.74839174581514,4.0675580157386,9.96342551233115,TRUE,NA
"b",-8.45,-0.0585958423003587,2.97588434972073,3.74646004517295,4.06508187380315,9.95343347273489,TRUE,NA
"b",-8.44,-0.0586639647421713,2.97410207964315,3.74452682008512,4.06260420786445,9.94344146075927,TRUE,NA
"b",-8.43,-0.0587322443936952,2.97231852872366,3.74259206709974,4.06012501512778,9.93344947653152,TRUE,NA
"b",-8.42,-0.0588006817952635,2.97053369385229,3.7406557827544,4.05764429279,9.92345752017959,TRUE,NA
"b",-8.41,-0.0588692774896742,2.96874757190558,3.73871796357624,4.05516203803952,9.91346559183216,TRUE,NA
"b",-8.4,-0.0589380320221972,2.96696015974653,3.73677860608187,4.05267824805622,9.90347369161865,TRUE,NA
"b",-8.39,-0.0590069459405898,2.96517145422452,3.73483770677737,4.05019292001147,9.89348181966924,TRUE,NA
"b",-8.38,-0.0590760197951098,2.96338145217523,3.73289526215824,4.04770605106805,9.88348997611483,TRUE,NA
"b",-8.37,-0.0591452541385285,2.96159015042052,3.7309512687094,4.04521763838015,9.87349816108711,TRUE,NA
"b",-8.36,-0.0592146495261505,2.9597975457684,3.72900572290513,4.04272767909329,9.8635063747185,TRUE,NA
"b",-8.35,-0.0592842065158241,2.95800363501288,3.72705862120909,4.04023617034434,9.85351461714221,TRUE,NA
"b",-8.34,-0.0593539256679566,2.95620841493396,3.72510996007423,4.03774310926143,9.8435228884922,TRUE,NA
"b",-8.33,-0.059423807545525,2.95441188229745,3.72315973594282,4.03524849296397,9.83353118890321,TRUE,NA
"b",-8.32,-0.0594938527141009,2.95261403385498,3.72120794524638,4.03275231856254,9.82353951851077,TRUE,NA
"b",-8.31,-0.0595640617418511,2.95081486634381,3.71925458440567,4.03025458315892,9.81354787745119,TRUE,NA
"b",-8.3,-0.0596344351995644,2.94901437648684,3.71729964983066,4.02775528384602,9.80355626586157,TRUE,NA
"b",-8.29,-0.0597049736606628,2.94721256099244,3.71534313792051,4.02525441770785,9.79356468387982,TRUE,NA
"b",-8.28,-0.0597756777012112,2.9454094165544,3.71338504506353,4.02275198181948,9.78357313164464,TRUE,NA
"b",-8.27,-0.0598465478999438,2.94360493985183,3.71142536763716,4.02024797324701,9.77358160929554,TRUE,NA
"b",-8.26,-0.0599175848382688,2.94179912754907,3.70946410200791,4.01774238904752,9.76359011697285,TRUE,NA
"b",-8.25,-0.0599887891002893,2.93999197629559,3.70750124453139,4.01523522626904,9.75359865481772,TRUE,NA
"b",-8.24,-0.0600601612728149,2.93818348272588,3.70553679155224,4.01272648195051,9.74360722297212,TRUE,NA
"b",-8.23,-0.0601317019453826,2.93637364345942,3.7035707394041,4.01021615312174,9.73361582157885,TRUE,NA
"b",-8.22,-0.060203411710269,2.93456245510049,3.7016030844096,4.00770423680338,9.72362445078156,TRUE,NA
"b",-8.21,-0.0602752911625069,2.93274991423815,3.69963382288031,4.00519073000685,9.71363311072473,TRUE,NA
"b",-8.2,-0.0603473408998981,2.93093601744612,3.69766295111676,4.00267562973436,9.70364180155369,TRUE,NA
"b",-8.19,-0.06041956152304,2.92912076128266,3.69569046540832,4.00015893297882,9.69365052341464,TRUE,NA
"b",-8.18,-0.0604919536353258,2.9273041422905,3.69371636203327,3.99764063672379,9.68365927645462,TRUE,NA
"b",-8.17,-0.0605645178429724,2.92548615699673,3.69174063725869,3.9951207379435,9.67366806082155,TRUE,NA
"b",-8.16,-0.0606372547550343,2.9236668019127,3.6897632873405,3.99259923360276,9.66367687666423,TRUE,NA
"b",-8.15,-0.0607101649834205,2.92184607353393,3.68778430852337,3.99007612065693,9.65368572413231,TRUE,NA
"b",-8.14,-0.0607832491429068,2.92002396833997,3.68580369704071,3.98755139605191,9.64369460337637,TRUE,NA
"b",-8.13,-0.0608565078511556,2.91820048279437,3.68382144911468,3.98502505672405,9.63370351454784,TRUE,NA
"b",-8.12,-0.0609299417287373,2.9163756133445,3.68183756095609,3.98249709960013,9.62371245779907,TRUE,NA
"b",-8.11,-0.0610035513991351,2.91454935642149,3.67985202876442,3.97996752159734,9.61372143328331,TRUE,NA
"b",-8.1,-0.0610773374887777,2.91272170844011,3.67786484872778,3.97743631962322,9.60373044115472,TRUE,NA
"b",-8.09,-0.0611513006270421,2.91089266579867,3.67587601702287,3.97490349057559,9.59373948156838,TRUE,NA
"b",-8.08,-0.0612254414462798,2.90906222487893,3.67388552981494,3.97236903134258,9.58374855468029,TRUE,NA
"b",-8.07,-0.0612997605818338,2.90723038204595,3.67189338325779,3.96983293880252,9.57375766064739,TRUE,NA
"b",-8.06,-0.0613742586720485,2.90539713364802,3.66989957349372,3.96729520982393,9.56376679962754,TRUE,NA
"b",-8.05,-0.0614489363582984,2.90356247601654,3.66790409665349,3.96475584126546,9.55377597177957,TRUE,NA
"b",-8.04,-0.0615237942849951,2.90172640546591,3.66590694885631,3.96221482997587,9.54378517726322,TRUE,NA
"b",-8.03,-0.0615988330996138,2.89988891829341,3.66390812620979,3.95967217279397,9.53379441623923,TRUE,NA
"b",-8.02,-0.0616740534527098,2.8980500107791,3.66190762480992,3.95712786654858,9.52380368886929,TRUE,NA
"b",-8.01,-0.0617494559979298,2.89620967918572,3.65990544074103,3.9545819080585,9.51381299531604,TRUE,NA
"b",-8,-0.0618250413920391,2.89436791975853,3.65790157007577,3.95203429413245,9.50382233574313,TRUE,NA
"b",-7.99,-0.061900810294932,2.89252472872525,3.65589600887506,3.94948502156901,9.49383171031517,TRUE,NA
"b",-7.98,-0.0619767633696605,2.89068010229593,3.65388875318807,3.94693408715663,9.48384111919778,TRUE,NA
"b",-7.97,-0.0620529012824398,2.8888340366628,3.65187979905219,3.94438148767353,9.47385056255757,TRUE,NA
"b",-7.96,-0.0621292247026809,2.8869865280002,3.64986914249299,3.94182721988767,9.46386004056216,TRUE,NA
"b",-7.95,-0.0622057343029984,2.88513757246443,3.64785677952419,3.93927128055675,9.45386955338017,TRUE,NA
"b",-7.94,-0.0622824307592361,2.88328716619365,3.64584270614762,3.9367136664281,9.44387910118128,TRUE,NA
"b",-7.93,-0.0623593147504846,2.88143530530775,3.6438269183532,3.93415437423865,9.43388868413615,TRUE,NA
"b",-7.92,-0.0624363869590976,2.87958198590824,3.6418094121189,3.93159340071493,9.42389830241651,TRUE,NA
"b",-7.91,-0.0625136480707182,2.87772720407811,3.63979018341069,3.92903074257296,9.41390795619511,TRUE,NA
"b",-7.9,-0.0625910987742882,2.87587095588173,3.63776922818255,3.92646639651827,9.40391764564577,TRUE,NA
"b",-7.89,-0.0626687397620818,2.87401323736471,3.63574654237638,3.92390035924577,9.39392737094337,TRUE,NA
"b",-7.88,-0.0627465717297088,2.87215404455378,3.63372212192201,3.9213326274398,9.38393713226383,TRUE,NA
"b",-7.87,-0.0628245953761545,2.87029337345666,3.63169596273713,3.91876319777401,9.37394692978418,TRUE,NA
"b",-7.86,-0.0629028114037785,2.86843122006196,3.6296680607273,3.91619206691133,9.3639567636825,TRUE,NA
"b",-7.85,-0.0629812205183503,2.86656758033902,3.62763841178586,3.91361923150395,9.35396663413798,TRUE,NA
"b",-7.84,-0.0630598234290658,2.86470245023779,3.62560701179394,3.91104468819325,9.34397654133091,TRUE,NA
"b",-7.83,-0.0631386208485655,2.86283582568871,3.62357385662041,3.90846843360973,9.33398648544266,TRUE,NA
"b",-7.82,-0.0632176134929585,2.86096770260257,3.62153894212183,3.90589046437302,9.32399646665575,TRUE,NA
"b",-7.81,-0.063296802081838,2.85909807687039,3.61950226414243,3.90331077709178,9.31400648515379,TRUE,NA
"b",-7.8,-0.0633761873383112,2.85722694436328,3.61746381851406,3.90072936836367,9.30401654112154,TRUE,NA
"b",-7.79,-0.0634557699890114,2.8553543009323,3.61542360105619,3.89814623477529,9.2940266347449,TRUE,NA
"b",-7.78,-0.0635355507641266,2.85348014240834,3.6133816075758,3.89556137290218,9.2840367662109,TRUE,NA
"b",-7.77,-0.0636155303974143,2.85160446460197,3.61133783386745,3.89297477930868,9.27404693570774,TRUE,NA
"b",-7.76,-0.0636957096262325,2.84972726330332,3.60929227571311,3.89038645054796,9.26405714342479,TRUE,NA
"b",-7.75,-0.0637760891915503,2.84784853428193,3.60724492888225,3.88779638316193,9.25406738955257,TRUE,NA
"b",-7.74,-0.0638566698379783,2.84596827328661,3.60519578913171,3.88520457368122,9.2440776742828,TRUE,NA
"b",-7.73,-0.063937452313785,2.84408647604531,3.60314485220571,3.88261101862508,9.23408799780838,TRUE,NA
"b",-7.72,-0.0640184373709287,2.84220313826496,3.60109211383581,3.88001571450139,9.22409836032342,TRUE,NA
"b",-7.71,-0.0640996257650661,2.84031825563137,3.59903756974083,3.87741865780655,9.21410876202322,TRUE,NA
"b",-7.7,-0.064181018255586,2.83843182380903,3.59698121562687,3.87481984502547,9.20411920310432,TRUE,NA
"b",-7.69,-0.0642626156056267,2.83654383844101,3.59492304718721,3.87221927263151,9.19412968376448,TRUE,NA
"b",-7.68,-0.0643444185821029,2.83465429514879,3.59286306010232,3.86961693708641,9.18414020420267,TRUE,NA
"b",-7.67,-0.064426427955725,2.83276318953214,3.5908012500398,3.86701283484025,9.17415076461913,TRUE,NA
"b",-7.66,-0.064508644501021,2.83087051716892,3.58873761265433,3.8644069623314,9.16416136521536,TRUE,NA
"b",-7.65,-0.0645910689963692,2.82897627361501,3.58667214358765,3.86179931598647,9.15417200619409,TRUE,NA
"b",-7.64,-0.0646737022240112,2.82708045440408,3.58460483846849,3.85918989222024,9.14418268775936,TRUE,NA
"b",-7.63,-0.064756544970084,2.8251830550475,3.58253569291255,3.85657868743561,9.13419341011646,TRUE,NA
"b",-7.62,-0.064839598024635,2.82328407103414,3.58046470252248,3.85396569802358,9.124204173472,TRUE,NA
"b",-7.61,-0.0649228621816529,2.82138349783026,3.57839186288777,3.85135092036314,9.11421497803386,TRUE,NA
"b",-7.6,-0.0650063382390946,2.81948133087933,3.57631716958477,3.84873435082126,9.10422582401126,TRUE,NA
"b",-7.59,-0.0650900269989018,2.81757756560187,3.57424061817662,3.84611598575281,9.09423671161472,TRUE,NA
"b",-7.58,-0.0651739292670313,2.81567219739531,3.57216220421322,3.84349582150051,9.0842476410561,TRUE,NA
"b",-7.57,-0.0652580458534751,2.81376522163382,3.57008192323118,3.84087385439489,9.07425861254861,TRUE,NA
"b",-7.56,-0.0653423775722934,2.81185663366815,3.56799977075375,3.83825008075421,9.0642696263068,TRUE,NA
"b",-7.55,-0.0654269252416319,2.80994642882548,3.56591574229081,3.83562449688443,9.05428068254657,TRUE,NA
"b",-7.54,-0.0655116896837523,2.80803460240926,3.56382983333883,3.83299709907912,9.04429178148522,TRUE,NA
"b",-7.53,-0.0655966717250526,2.80612114969902,3.5617420393808,3.83036788361944,9.0343029233414,TRUE,NA
"b",-7.52,-0.0656818721961011,2.80420606595023,3.55965235588617,3.82773684677406,9.02431410833518,TRUE,NA
"b",-7.51,-0.0657672919316564,2.80228934639414,3.55756077831085,3.82510398479909,9.01432533668802,TRUE,NA
"b",-7.5,-0.0658529317706922,2.80037098623758,3.55546730209714,3.82246929393807,9.0043366086228,TRUE,NA
"b",-7.49,-0.0659387925564287,2.79845098066283,3.55337192267367,3.81983277042186,8.9943479243638,TRUE,NA
"b",-7.48,-0.0660248751363593,2.79652932482743,3.55127463545536,3.81719441046861,8.98435928413677,TRUE,NA
"b",-7.47,-0.066111180362271,2.79460601386402,3.54917543584339,3.81455421028369,8.97437068816889,TRUE,NA
"b",-7.46,-0.0661977090902794,2.79268104288013,3.54707431922513,3.81191216605964,8.9643821366888,TRUE,NA
"b",-7.45,-0.0662844621808481,2.79075440695807,3.5449712809741,3.8092682739761,8.9543936299266,TRUE,NA
"b",-7.44,-0.0663714404988231,2.7888261011547,3.54286631644991,3.80662253019976,8.94440516811389,TRUE,NA
"b",-7.43,-0.0664586449134572,2.7868961205013,3.54075942099823,3.80397493088429,8.93441675148373,TRUE,NA
"b",-7.42,-0.0665460762984393,2.78496446000335,3.53865058995072,3.8013254721703,8.92442838027072,TRUE,NA
"b",-7.41,-0.0666337355319172,2.78303111464037,3.536539818625,3.79867415018523,8.91444005471094,TRUE,NA
"b",-7.4,-0.066721623496534,2.78109607936575,3.53442710232456,3.79602096104337,8.90445177504201,TRUE,NA
"b",-7.39,-0.0668097410794513,2.77915934910655,3.53231243633875,3.79336590084569,8.8944635415031,TRUE,NA
"b",-7.38,-0.0668980891723774,2.77722091876332,3.53019581594271,3.7907089656799,8.88447535433491,TRUE,NA
"b",-7.37,-0.0669866686716007,2.77528078320994,3.52807723639732,3.78805015162028,8.87448721377972,TRUE,NA
"b",-7.36,-0.0670754804780138,2.77333893729339,3.52595669294912,3.78538945472769,8.86449912008135,TRUE,NA
"b",-7.35,-0.0671645254971488,2.77139537583361,3.52383418083032,3.78272687104947,8.85451107348526,TRUE,NA
"b",-7.34,-0.0672538046391998,2.76945009362329,3.52170969525866,3.78006239661938,8.84452307423845,TRUE,NA
"b",-7.33,-0.0673433188190546,2.76750308542766,3.51958323143744,3.77739602745756,8.83453512258956,TRUE,NA
"b",-7.32,-0.0674330689563301,2.76555434598434,3.51745478455538,3.77472775957042,8.82454721878887,TRUE,NA
"b",-7.31,-0.0675230559753976,2.7636038700031,3.51532434978665,3.77205758895064,8.81455936308826,TRUE,NA
"b",-7.3,-0.0676132808054132,2.76165165216573,3.51319192229074,3.76938551157704,8.80457155574127,TRUE,NA
"b",-7.29,-0.0677037443803497,2.75969768712577,3.51105749721243,3.76671152341455,8.79458379700312,TRUE,NA
"b",-7.28,-0.0677944476390292,2.75774196950838,3.50892106968176,3.76403562041414,8.78459608713068,TRUE,NA
"b",-7.27,-0.0678853915251514,2.75578449391008,3.50678263481391,3.76135779851276,8.77460842638252,TRUE,NA
"b",-7.26,-0.0679765769873252,2.7538252548986,3.5046421877092,3.75867805363324,8.76462081501891,TRUE,NA
"b",-7.25,-0.0680680049791027,2.75186424701266,3.502499723453,3.75599638168426,8.75463325330183,TRUE,NA
"b",-7.24,-0.0681596764590107,2.74990146476177,3.50035523711566,3.75331277856029,8.744645741495,TRUE,NA
"b",-7.23,-0.0682515923905782,2.747936902626,3.49820872375248,3.75062724014146,8.73465827986385,TRUE,NA
"b",-7.22,-0.068343753742378,2.74597055505583,3.49606017840362,3.74793976229357,8.7246708686756,TRUE,NA
"b",-7.21,-0.0684361614880494,2.74400241647188,3.49390959609404,3.74525034086797,8.71468350819922,TRUE,NA
"b",-7.2,-0.0685288166063367,2.74203248126474,3.49175697183346,3.74255897170151,8.70469619870546,TRUE,NA
"b",-7.19,-0.0686217200811228,2.74006074379476,3.48960230061627,3.73986565061645,8.69470894046689,TRUE,NA
"b",-7.18,-0.0687148729014588,2.73808719839181,3.48744557742148,3.73717037342044,8.68472173375786,TRUE,NA
"b",-7.17,-0.068808276061602,2.73611183935511,3.48528679721263,3.73447313590638,8.67473457885457,TRUE,NA
"b",-7.16,-0.0689019305610454,2.73413466095296,3.48312595493777,3.73177393385241,8.66474747603504,TRUE,NA
"b",-7.15,-0.0689958374045558,2.73215565742258,3.48096304552936,3.72907276302181,8.65476042557916,TRUE,NA
"b",-7.14,-0.0690899976022079,2.73017482296984,3.47879806390418,3.72636961916291,8.64477342776867,TRUE,NA
"b",-7.13,-0.0691844121694155,2.72819215176908,3.47663100496333,3.72366449800908,8.63478648288723,TRUE,NA
"b",-7.12,-0.0692790821269706,2.72620763796289,3.47446186359209,3.72095739527858,8.62479959122036,TRUE,NA
"b",-7.11,-0.0693740085010715,2.72422127566184,3.47229063465989,3.71824830667455,8.61481275305551,TRUE,NA
"b",-7.1,-0.0694691923233744,2.7222330589443,3.47011731302024,3.71553722788491,8.60482596868206,TRUE,NA
"b",-7.09,-0.0695646346310074,2.72024298185621,3.46794189351063,3.71282415458227,8.59483923839135,TRUE,NA
"b",-7.08,-0.0696603364666263,2.71825103841084,3.46576437095249,3.7101090824239,8.58485256247664,TRUE,NA
"b",-7.07,-0.0697562988784355,2.71625722258856,3.46358474015109,3.70739200705159,8.57486594123322,TRUE,NA
"b",-7.06,-0.0698525229202369,2.71426152833662,3.4614029958955,3.70467292409166,8.56487937495832,TRUE,NA
"b",-7.05,-0.0699490096514613,2.71226394956891,3.45921913295846,3.70195182915481,8.55489286395122,TRUE,NA
"b",-7.04,-0.0700457601371999,2.71026448016572,3.45703314609636,3.69922871783607,8.5449064085132,TRUE,NA
"b",-7.03,-0.0701427754482551,2.70826311397353,3.45484503004916,3.69650358571473,8.53492000894758,TRUE,NA
"b",-7.02,-0.0702400566611664,2.70625984480474,3.45265477954025,3.69377642835428,8.52493366555976,TRUE,NA
"b",-7.01,-0.0703376048582589,2.70425466643745,3.45046238927646,3.69104724130228,8.5149473786572,TRUE,NA
"b",-7,-0.0704354211276662,2.70224757261523,3.44826785394791,3.68831602009032,8.50496114854943,TRUE,NA
"b",-6.99,-0.0705335065633888,2.70023855704684,3.44607116822796,3.68558276023395,8.49497497554813,TRUE,NA
"b",-6.98,-0.0706318622653196,2.69822761340604,3.44387232677314,3.68284745723256,8.48498885996707,TRUE,NA
"b",-6.97,-0.070730489339286,2.6962147353313,3.44167132422306,3.68011010656935,8.47500280212217,TRUE,NA
"b",-6.96,-0.0708293888970914,2.69419991642555,3.43946815520029,3.6773707037112,8.46501680233154,TRUE,NA
"b",-6.95,-0.0709285620565551,2.692183150256,3.43726281431035,3.67462924410865,8.45503086091541,TRUE,NA
"b",-6.94,-0.0710280099415511,2.69016443035378,3.43505529614156,3.67188572319576,8.44504497819626,TRUE,NA
"b",-6.93,-0.0711277336820501,2.68814375021379,3.43284559526498,3.66914013639005,8.43505915449875,TRUE,NA
"b",-6.92,-0.0712277344141597,2.6861211032944,3.43063370623434,3.66639247909243,8.42507339014977,TRUE,NA
"b",-6.91,-0.0713280132801639,2.68409648301717,3.42841962358593,3.66364274668711,8.4150876854785,TRUE,NA
"b",-6.9,-0.0714285714285708,2.68206988276666,3.4262033418385,3.6608909345415,8.40510204081633,TRUE,NA
"b",-6.89,-0.0715294100141471,2.68004129589012,3.42398485549321,3.65813703800617,8.39511645649697,TRUE,NA
"b",-6.88,-0.0716305301979651,2.67801071569722,3.42176415903351,3.65538105241472,8.38513093285644,TRUE,NA
"b",-6.87,-0.0717319331474432,2.67597813545985,3.41954124692507,3.6526229730837,8.37514547023307,TRUE,NA
"b",-6.86,-0.0718336200363889,2.67394354841178,3.41731611361565,3.64986279531257,8.36516006896753,TRUE,NA
"b",-6.85,-0.0719355920450436,2.67190694774847,3.41508875353505,3.64710051438356,8.35517472940287,TRUE,NA
"b",-6.84,-0.0720378503601265,2.66986832662674,3.412859161095,3.6443361255616,8.34518945188451,TRUE,NA
"b",-6.83,-0.0721403961748766,2.66782767816453,3.41062733068905,3.64156962409426,8.33520423676027,TRUE,NA
"b",-6.82,-0.0722432306890967,2.66578499544063,3.4083932566925,3.63880100521163,8.3252190843804,TRUE,NA
"b",-6.81,-0.0723463551092009,2.66374027149441,3.40615693346228,3.63603026412626,8.31523399509759,TRUE,NA
"b",-6.8,-0.0724497706482578,2.66169349932552,3.40391835533686,3.63325739603302,8.30524896926699,TRUE,NA
"b",-6.79,-0.0725534785260365,2.65964467189366,3.40167751663615,3.63048239610909,8.29526400724623,TRUE,NA
"b",-6.78,-0.0726574799690528,2.65759378211826,3.3994344116614,3.6277052595138,8.28527910939545,TRUE,NA
"b",-6.77,-0.0727617762106119,2.65554082287823,3.3971890346951,3.62492598138857,8.27529427607732,TRUE,NA
"b",-6.76,-0.072866368490863,2.65348578701166,3.39494138000088,3.62214455685683,8.26530950765705,TRUE,NA
"b",-6.75,-0.0729712580568353,2.65142866731555,3.39269144182339,3.61936098102391,8.2553248045024,TRUE,NA
"b",-6.74,-0.0730764461624968,2.64936945654552,3.3904392143882,3.61657524897694,8.24534016698374,TRUE,NA
"b",-6.73,-0.0731819340687927,2.64730814741553,3.38818469190172,3.61378735578479,8.23535559547405,TRUE,NA
"b",-6.72,-0.0732877230436968,2.64524473259757,3.38592786855106,3.61099729649795,8.22537109034893,TRUE,NA
"b",-6.71,-0.0733938143622654,2.64317920472142,3.38366873850392,3.60820506614845,8.21538665198664,TRUE,NA
"b",-6.7,-0.0735002093066735,2.6411115563743,3.3814072959085,3.60541065974974,8.20540228076812,TRUE,NA
"b",-6.69,-0.0736069091662787,2.63904178010064,3.3791435348934,3.60261407229665,8.19541797707701,TRUE,NA
"b",-6.68,-0.0737139152376603,2.6369698684017,3.37687744956746,3.59981529876523,8.18543374129966,TRUE,NA
"b",-6.67,-0.0738212288246749,2.63489581373538,3.37460903401969,3.59701433411269,8.17544957382519,TRUE,NA
"b",-6.66,-0.0739288512385029,2.63281960851585,3.37233828231914,3.59421117327733,8.16546547504544,TRUE,NA
"b",-6.65,-0.0740367837977039,2.63074124511324,3.37006518851476,3.59140581117835,8.15548144535511,TRUE,NA
"b",-6.64,-0.0741450278282643,2.62866071585341,3.36778974663535,3.58859824271587,8.14549748515165,TRUE,NA
"b",-6.63,-0.0742535846636516,2.62657801301758,3.36551195068934,3.58578846277075,8.1355135948354,TRUE,NA
"b",-6.62,-0.0743624556448655,2.62449312884207,3.36323179466478,3.5829764662045,8.12552977480954,TRUE,NA
"b",-6.61,-0.0744716421204922,2.62240605551795,3.36094927252914,3.58016224785921,8.11554602548012,TRUE,NA
"b",-6.6,-0.0745811454467523,2.62031678519078,3.3586643782292,3.57734580255745,8.10556234725615,TRUE,NA
"b",-6.59,-0.0746909669875617,2.61822530996026,3.35637710569095,3.57452712510212,8.09557874054954,TRUE,NA
"b",-6.58,-0.0748011081145779,2.61613162187996,3.35408744881947,3.57170621027641,8.08559520577517,TRUE,NA
"b",-6.57,-0.0749115702072644,2.61403571295696,3.35179540149875,3.56888305284365,8.07561174335092,TRUE,NA
"b",-6.56,-0.0750223546529339,2.61193757515157,3.34950095759163,3.56605764754724,8.06562835369767,TRUE,NA
"b",-6.55,-0.0751334628468114,2.609837200377,3.34720411093961,3.56322998911052,8.05564503723935,TRUE,NA
"b",-6.54,-0.075244896192089,2.60773458049907,3.34490485536276,3.56040007223668,8.04566179440296,TRUE,NA
"b",-6.53,-0.0753566560999803,2.60562970733582,3.34260318465957,3.55756789160867,8.03567862561857,TRUE,NA
"b",-6.52,-0.0754687439897779,2.60352257265727,3.34029909260682,3.55473344188904,8.02569553131939,TRUE,NA
"b",-6.51,-0.0755811612889096,2.60141316818507,3.33799257295945,3.55189671771991,8.01571251194178,TRUE,NA
"b",-6.5,-0.0756939094329995,2.59930148559214,3.33568361945041,3.5490577137228,8.00572956792525,TRUE,NA
"b",-6.49,-0.0758069898659218,2.59718751650239,3.33337222579052,3.54621642449854,7.99574669971253,TRUE,NA
"b",-6.48,-0.0759204040398644,2.59507125249038,3.33105838566835,3.54337284462718,7.98576390774958,TRUE,NA
"b",-6.47,-0.0760341534153798,2.59295268508097,3.32874209275007,3.54052696866787,7.97578119248559,TRUE,NA
"b",-6.46,-0.0761482394614591,2.59083180574903,3.32642334067929,3.53767879115873,7.96579855437308,TRUE,NA
"b",-6.45,-0.0762626636555726,2.58870860591906,3.32410212307694,3.53482830661677,7.95581599386784,TRUE,NA
"b",-6.44,-0.0763774274837486,2.58658307696489,3.32177843354111,3.53197550953775,7.94583351142903,TRUE,NA
"b",-6.43,-0.0764925324406257,2.58445521020934,3.31945226564691,3.52912039439609,7.93585110751918,TRUE,NA
"b",-6.42,-0.0766079800295139,2.58232499692388,3.3171236129463,3.52626295564476,7.9258687826042,TRUE,NA
"b",-6.41,-0.076723771762463,2.58019242832828,3.31479246896798,3.52340318771513,7.91588653715346,TRUE,NA
"b",-6.4,-0.0768399091603156,2.57805749559028,3.31245882721719,3.5205410850169,7.90590437163977,TRUE,NA
"b",-6.39,-0.0769563937527811,2.57592018982525,3.31012268117559,3.51767664193795,7.89592228653943,TRUE,NA
"b",-6.38,-0.0770732270784935,2.57378050209586,3.30778402430109,3.51480985284426,7.88594028233229,TRUE,NA
"b",-6.37,-0.0771904106850753,2.57163842341169,3.30544285002769,3.51194071207975,7.87595835950173,TRUE,NA
"b",-6.36,-0.0773079461292059,2.56949394472896,3.30309915176535,3.50906921396619,7.86597651853472,TRUE,NA
"b",-6.35,-0.0774258349766824,2.56734705695009,3.30075292289977,3.50619535280309,7.85599475992184,TRUE,NA
"b",-6.34,-0.0775440788024943,2.56519775092342,3.29840415679229,3.50331912286753,7.84601308415733,TRUE,NA
"b",-6.33,-0.0776626791908777,2.56304601744285,3.29605284677968,3.50044051841412,7.83603149173911,TRUE,NA
"b",-6.32,-0.0777816377353947,2.56089184724746,3.293698986174,3.49755953367482,7.8260499831688,TRUE,NA
"b",-6.31,-0.0779009560389921,2.55873523102118,3.29134256826244,3.49467616285881,7.81606855895179,TRUE,NA
"b",-6.3,-0.0780206357140741,2.55657615939243,3.28898358630711,3.49179040015241,7.80608721959723,TRUE,NA
"b",-6.29,-0.0781406783825744,2.55441462293376,3.2866220335449,3.48890223971895,7.79610596561809,TRUE,NA
"b",-6.28,-0.0782610856760152,2.55225061216149,3.28425790318731,3.48601167569861,7.78612479753119,TRUE,NA
"b",-6.27,-0.0783818592355908,2.55008411753537,3.28189118842026,3.48311870220833,7.77614371585723,TRUE,NA
"b",-6.26,-0.0785030007122274,2.54791512945821,3.27952188240392,3.48022331334167,7.76616272112082,TRUE,NA
"b",-6.25,-0.0786245117666603,2.54574363827549,3.27714997827252,3.47732550316868,7.75618181385055,TRUE,NA
"b",-6.24,-0.0787463940695048,2.54356963427506,3.2747754691342,3.47442526573579,7.74620099457895,TRUE,NA
"b",-6.23,-0.0788686493013275,2.5413931076867,3.27239834807079,3.47152259506565,7.73622026384262,TRUE,NA
"b",-6.22,-0.0789912791527222,2.53921404868183,3.27001860813765,3.46861748515705,7.72623962218218,TRUE,NA
"b",-6.21,-0.0791142853243821,2.53703244737308,3.26763624236347,3.46570992998472,7.71625907014239,TRUE,NA
"b",-6.2,-0.0792376695271732,2.53484829381397,3.2652512437501,3.46279992349927,7.7062786082721,TRUE,NA
"b",-6.19,-0.0793614334822099,2.53266157799851,3.26286360527233,3.45988745962701,7.69629823712435,TRUE,NA
"b",-6.18,-0.0794855789209354,2.53047228986084,3.26047331987773,3.45697253226983,7.6863179572564,TRUE,NA
"b",-6.17,-0.0796101075851932,2.52828041927487,3.25808038048643,3.4540551353051,7.67633776922973,TRUE,NA
"b",-6.16,-0.0797350212273046,2.52608595605389,3.25568477999095,3.45113526258545,7.66635767361012,TRUE,NA
"b",-6.15,-0.0798603216101472,2.5238888899502,3.25328651125598,3.44821290793874,7.65637767096768,TRUE,NA
"b",-6.14,-0.0799860105072368,2.52168921065475,3.25088556711818,3.44528806516784,7.64639776187686,TRUE,NA
"b",-6.13,-0.0801120897028036,2.51948690779674,3.248481940386,3.44236072805054,7.63641794691655,TRUE,NA
"b",-6.12,-0.0802385609918704,2.51728197094328,3.24607562383944,3.43943089033938,7.62643822667005,TRUE,NA
"b",-6.11,-0.0803654261803388,2.51507438959896,3.24366661022987,3.43649854576154,7.61645860172515,TRUE,NA
"b",-6.1,-0.0804926870850637,2.51286415320552,3.24125489227984,3.43356368801868,7.60647907267417,TRUE,NA
"b",-6.09,-0.0806203455339413,2.51065125114143,3.23884046268279,3.4306263107868,7.59649964011401,TRUE,NA
"b",-6.08,-0.0807484033659896,2.50843567272156,3.23642331410296,3.4276864077161,7.58652030464616,TRUE,NA
"b",-6.07,-0.0808768624314329,2.50621740719675,3.23400343917504,3.42474397243085,7.57654106687675,TRUE,NA
"b",-6.06,-0.0810057245917815,2.50399644375343,3.23158083050405,3.42179899852921,7.56656192741664,TRUE,NA
"b",-6.05,-0.0811349917199273,2.50177277151328,3.2291554806651,3.41885147958313,7.55658288688139,TRUE,NA
"b",-6.04,-0.0812646657002173,2.49954637953279,3.22672738220314,3.41590140913817,7.54660394589137,TRUE,NA
"b",-6.03,-0.0813947484285489,2.49731725680292,3.22429652763275,3.41294878071336,7.53662510507175,TRUE,NA
"b",-6.02,-0.0815252418124542,2.4950853922487,3.22186290943793,3.40999358780106,7.52664636505258,TRUE,NA
"b",-6.01,-0.0816561477711864,2.49285077472881,3.21942652007184,3.40703582386679,7.51666772646883,TRUE,NA
"b",-6,-0.0817874682358143,2.49061339303524,3.21698735195661,3.40407548234912,7.50668918996042,TRUE,NA
"b",-5.99,-0.0819192051493064,2.48837323589288,3.21454539748307,3.40111255665946,7.49671075617229,TRUE,NA
"b",-5.98,-0.0820513604666238,2.48613029195914,3.21210064901052,3.39814704018197,7.48673242575442,TRUE,NA
"b",-5.97,-0.082183936154813,2.48388454982353,3.20965309886652,3.39517892627336,7.4767541993619,TRUE,NA
"b",-5.96,-0.0823169341930938,2.48163599800731,3.20720273934661,3.39220820826273,7.46677607765495,TRUE,NA
"b",-5.95,-0.0824503565729596,2.47938462496308,3.2047495627141,3.38923487945146,7.45679806129901,TRUE,NA
"b",-5.94,-0.0825842052982629,2.47713041907438,3.20229356119981,3.38625893311303,7.44682015096475,TRUE,NA
"b",-5.93,-0.0827184823853177,2.47487336865531,3.19983472700182,3.38328036249282,7.43684234732813,TRUE,NA
"b",-5.92,-0.0828531898629887,2.47261346195013,3.19737305228522,3.38029916080804,7.42686465107047,TRUE,NA
"b",-5.91,-0.0829883297727919,2.47035068713288,3.19490852918186,3.37731532124747,7.41688706287848,TRUE,NA
"b",-5.9,-0.0831239041689936,2.46808503230698,3.19244114979011,3.37432883697136,7.4069095834443,TRUE,NA
"b",-5.89,-0.0832599151187003,2.46581648550479,3.18997090617457,3.37133970111128,7.39693221346557,TRUE,NA
"b",-5.88,-0.0833963647019687,2.46354503468732,3.18749779036584,3.36834790676988,7.3869549536455,TRUE,NA
"b",-5.87,-0.0835332550118985,2.46127066774371,3.18502179436023,3.3653534470208,7.37697780469288,TRUE,NA
"b",-5.86,-0.0836705881547359,2.45899337249095,3.18254291011951,3.36235631490847,7.36700076732216,TRUE,NA
"b",-5.85,-0.0838083662499739,2.45671313667337,3.18006112957066,3.35935650344796,7.35702384225349,TRUE,NA
"b",-5.84,-0.0839465914304597,2.45442994796236,3.17757644460555,3.35635400562477,7.34704703021279,TRUE,NA
"b",-5.83,-0.0840852658424923,2.45214379395588,3.17508884708071,3.35334881439472,7.3370703319318,TRUE,NA
"b",-5.82,-0.0842243916459316,2.44985466217811,3.17259832881705,3.35034092268372,7.32709374814813,TRUE,NA
"b",-5.81,-0.084363971014301,2.44756254007904,3.17010488159954,3.34733032338764,7.3171172796053,TRUE,NA
"b",-5.8,-0.0845040061348996,2.44526741503409,3.16760849717699,3.34431700937211,7.30714092705285,TRUE,NA
"b",-5.79,-0.0846444992089021,2.44296927434366,3.16510916726172,3.34130097347236,7.29716469124633,TRUE,NA
"b",-5.78,-0.0847854524514754,2.44066810523281,3.16260688352926,3.33828220849305,7.2871885729474,TRUE,NA
"b",-5.77,-0.0849268680918809,2.4383638948508,3.16010163761813,3.33526070720805,7.2772125729239,TRUE,NA
"b",-5.76,-0.0850687483735937,2.43605663027072,3.15759342112948,3.33223646236032,7.26723669194985,TRUE,NA
"b",-5.75,-0.085211095554404,2.43374629848908,3.15508222562681,3.32920946666169,7.25726093080558,TRUE,NA
"b",-5.74,-0.0853539119065399,2.43143288642543,3.15256804263568,3.32617971279267,7.24728529027775,TRUE,NA
"b",-5.73,-0.0854971997167748,2.42911638092194,3.15005086364342,3.32314719340232,7.23730977115941,TRUE,NA
"b",-5.72,-0.0856409612865442,2.42679676874302,3.1475306800988,3.320111901108,7.22733437425008,TRUE,NA
"b",-5.71,-0.0857851989320634,2.42447403657492,3.14500748341172,3.31707382849523,7.21735910035581,TRUE,NA
"b",-5.7,-0.0859299149844426,2.4221481710253,3.14248126495293,3.31403296811748,7.20738395028923,TRUE,NA
"b",-5.69,-0.0860751117898042,2.4198191586229,3.13995201605369,3.31098931249601,7.19740892486963,TRUE,NA
"b",-5.68,-0.0862207917094054,2.41748698581707,3.13741972800546,3.30794285411963,7.187434024923,TRUE,NA
"b",-5.67,-0.0863669571197559,2.41515163897743,3.13488439205958,3.30489358544455,7.17745925128213,TRUE,NA
"b",-5.66,-0.0865136104127401,2.41281310439344,3.13234599942696,3.30184149889417,7.16748460478665,TRUE,NA
"b",-5.65,-0.0866607539957397,2.410471368274,3.12980454127772,3.2987865868589,7.15751008628311,TRUE,NA
"b",-5.64,-0.0868083902917596,2.4081264167471,3.12726000874089,3.29572884169595,7.14753569662505,TRUE,NA
"b",-5.63,-0.0869565217395486,2.40577823585937,3.12471239290408,3.29266825572912,7.13756143667304,TRUE,NA
"b",-5.62,-0.0871051507937309,2.40342681157569,3.12216168481311,3.28960482124865,7.1275873072948,TRUE,NA
"b",-5.61,-0.08725427992493,2.40107212977885,3.11960787547171,3.28653853051097,7.11761330936522,TRUE,NA
"b",-5.6,-0.0874039116198966,2.39871417626908,3.11705095584116,3.2834693757385,7.10763944376646,TRUE,NA
"b",-5.59,-0.0875540483816424,2.39635293676373,3.11449091683994,3.2803973491195,7.09766571138802,TRUE,NA
"b",-5.58,-0.0877046927295676,2.3939883968968,3.11192774934339,3.27732244280779,7.08769211312679,TRUE,NA
"b",-5.57,-0.0878558471995951,2.39162054221862,3.10936144418335,3.27424464892262,7.07771864988716,TRUE,NA
"b",-5.56,-0.0880075143443029,2.38924935819539,3.10679199214779,3.27116395954839,7.06774532258106,TRUE,NA
"b",-5.55,-0.0881596967330605,2.38687483020886,3.10421938398051,3.26808036673448,7.05777213212806,TRUE,NA
"b",-5.54,-0.0883123969521649,2.38449694355588,3.1016436103807,3.26499386249507,7.04779907945544,TRUE,NA
"b",-5.53,-0.0884656176049763,2.38211568344802,3.09906466200261,3.26190443880883,7.03782616549823,TRUE,NA
"b",-5.52,-0.0886193613120573,2.37973103501121,3.09648252945519,3.25881208761883,7.02785339119936,TRUE,NA
"b",-5.51,-0.0887736307113147,2.37734298328533,3.0938972033017,3.2557168008322,7.01788075750967,TRUE,NA
"b",-5.5,-0.0889284284581435,2.3749515132238,3.09130867405934,3.25261857032003,7.00790826538804,TRUE,NA
"b",-5.49,-0.0890837572255616,2.37255660969325,3.08871693219887,3.24951738791704,6.99793591580142,TRUE,NA
"b",-5.48,-0.08923961970436,2.37015825747307,3.0861219681442,3.24641324542146,6.98796370972498,TRUE,NA
"b",-5.47,-0.0893960186032509,2.36775644125506,3.08352377227205,3.24330613459473,6.97799164814211,TRUE,NA
"b",-5.46,-0.0895529566490066,2.36535114564307,3.08092233491163,3.24019604716105,6.96801973204458,TRUE,NA
"b",-5.45,-0.0897104365866161,2.3629423551525,3.07831764634382,3.23708297480821,6.95804796243256,TRUE,NA
"b",-5.44,-0.0898684611794308,2.36053005421008,3.07570969680142,3.23396690918576,6.94807634031476,TRUE,NA
"b",-5.43,-0.0900270332093153,2.35811422715337,3.07309847646832,3.23084784190586,6.93810486670847,TRUE,NA
"b",-5.42,-0.0901861554768051,2.35569485823042,3.0704839754792,3.22772576454274,6.92813354263969,TRUE,NA
"b",-5.41,-0.0903458308012552,2.35327193159939,3.06786618391911,3.22460066863254,6.91816236914317,TRUE,NA
"b",-5.4,-0.090506062020999,2.35084543132816,3.06524509182304,3.22147254567301,6.90819134726255,TRUE,NA
"b",-5.39,-0.0906668519935045,2.34841534139395,3.06262068917556,3.21834138712329,6.89822047805041,TRUE,NA
"b",-5.38,-0.0908282035955357,2.34598164568296,3.05999296591034,3.21520718440371,6.88824976256839,TRUE,NA
"b",-5.37,-0.0909901197233109,2.34354432798996,3.05736191190972,3.21206992889547,6.87827920188726,TRUE,NA
"b",-5.36,-0.0911526032926648,2.34110337201796,3.05472751700434,3.20892961194049,6.86830879708703,TRUE,NA
"b",-5.35,-0.091315657239213,2.33865876137779,3.05208977097262,3.2057862248411,6.85833854925703,TRUE,NA
"b",-5.34,-0.0914792845185188,2.33621047958776,3.0494486635404,3.20263975885981,6.84836845949602,TRUE,NA
"b",-5.33,-0.0916434881062543,2.33375851007327,3.04680418438046,3.19949020521909,6.83839852891228,TRUE,NA
"b",-5.32,-0.0918082709983794,2.33130283616645,3.04415632311203,3.19633755510107,6.82842875862371,TRUE,NA
"b",-5.31,-0.0919736362113002,2.32884344110577,3.04150506930044,3.19318179964734,6.81845914975793,TRUE,NA
"b",-5.3,-0.0921395867820503,2.3263803080357,3.03885041245656,3.19002292995865,6.80848970345237,TRUE,NA
"b",-5.29,-0.0923061257684598,2.3239134200063,3.0361923420364,3.18686093709469,6.79852042085438,TRUE,NA
"b",-5.28,-0.0924732562493325,2.32144275997292,3.03353084744063,3.18369581207381,6.78855130312135,TRUE,NA
"b",-5.27,-0.0926409813246215,2.31896831079574,3.03086591801409,3.18052754587277,6.77858235142079,TRUE,NA
"b",-5.26,-0.0928093041156087,2.31649005523952,3.02819754304537,3.17735612942649,6.76861356693042,TRUE,NA
"b",-5.25,-0.0929782277650901,2.31400797597312,3.02552571176625,3.17418155362774,6.75864495083834,TRUE,NA
"b",-5.24,-0.0931477554375487,2.31152205556924,3.0228504133513,3.17100380932693,6.74867650434305,TRUE,NA
"b",-5.23,-0.0933178903193471,2.30903227650398,3.02017163691732,3.16782288733181,6.73870822865365,TRUE,NA
"b",-5.22,-0.0934886356189126,2.30653862115653,3.0174893715229,3.16463877840722,6.72874012498989,TRUE,NA
"b",-5.21,-0.093659994566921,2.30404107180879,3.0148036061679,3.16145147327477,6.71877219458228,TRUE,NA
"b",-5.2,-0.0938319704164923,2.30153961064501,3.01211432979295,3.15826096261263,6.70880443867224,TRUE,NA
"b",-5.19,-0.0940045664433766,2.29903421975147,3.00942153127894,3.15506723705522,6.69883685851221,TRUE,NA
"b",-5.18,-0.0941777859461546,2.29652488111605,3.00672519944651,3.15187028719292,6.68886945536572,TRUE,NA
"b",-5.17,-0.0943516322464289,2.29401157662797,3.00402532305555,3.1486701035718,6.67890223050756,TRUE,NA
"b",-5.16,-0.0945261086890214,2.29149428807736,3.00132189080465,3.14546667669335,6.66893518522389,TRUE,NA
"b",-5.15,-0.0947012186421773,2.28897299715494,2.99861489133058,3.14225999701418,6.65896832081231,TRUE,NA
"b",-5.14,-0.0948769654977634,2.28644768545169,2.99590431320778,3.13905005494574,6.64900163858206,TRUE,NA
"b",-5.13,-0.0950533526714734,2.28391833445845,2.9931901449478,3.13583684085399,6.63903513985409,TRUE,NA
"b",-5.12,-0.0952303836030319,2.28138492556563,2.99047237499877,3.13262034505918,6.62906882596118,TRUE,NA
"b",-5.11,-0.0954080617564068,2.27884744006281,2.98775099174485,3.1294005578355,6.61910269824811,TRUE,NA
"b",-5.1,-0.0955863906200169,2.27630585913843,2.98502598350567,3.12617746941079,6.60913675807176,TRUE,NA
"b",-5.09,-0.0957653737069426,2.27376016387943,2.98229733853578,3.12295106996625,6.59917100680123,TRUE,NA
"b",-5.08,-0.0959450145551448,2.27121033527092,2.97956504502409,3.11972134963614,6.58920544581799,TRUE,NA
"b",-5.07,-0.0961253167276761,2.26865635419582,2.9768290910933,3.11648829850747,6.579240076516,TRUE,NA
"b",-5.06,-0.0963062838129082,2.26609820143452,2.97408946479932,3.11325190661967,6.56927490030185,TRUE,NA
"b",-5.05,-0.0964879194247432,2.26353585766455,2.9713461541307,3.11001216396433,6.55930991859492,TRUE,NA
"b",-5.04,-0.0966702272028449,2.26096930346025,2.96859914700803,3.10676906048485,6.54934513282745,TRUE,NA
"b",-5.03,-0.0968532108128606,2.25839851929239,2.96584843128336,3.10352258607612,6.53938054444476,TRUE,NA
"b",-5.02,-0.0970368739466523,2.25582348552789,2.96309399473962,3.10027273058423,6.52941615490534,TRUE,NA
"b",-5.01,-0.0972212203225229,2.25324418242942,2.96033582508998,3.09701948380613,6.519451965681,TRUE,NA
"b",-5,-0.0974062536854571,2.25066059015512,2.95757390997728,3.09376283548932,6.50948797825704,TRUE,NA
"b",-4.99,-0.0975919778073473,2.24807268875823,2.95480823697338,3.0905027753315,6.49952419413235,TRUE,NA
"b",-4.98,-0.097778396487238,2.24548045818678,2.9520387935786,3.08723929298027,6.48956061481961,TRUE,NA
"b",-4.97,-0.0979655135515641,2.24288387828323,2.94926556722102,3.08397237803278,6.47959724184542,TRUE,NA
"b",-4.96,-0.0981533328543938,2.24028292878416,2.9464885452559,3.08070202003542,6.46963407675043,TRUE,NA
"b",-4.95,-0.0983418582776756,2.23767758931991,2.94370771496502,3.07742820848344,6.45967112108951,TRUE,NA
"b",-4.94,-0.0985310937314837,2.23506783941429,2.94092306355605,3.07415093282066,6.44970837643192,TRUE,NA
"b",-4.93,-0.0987210431542714,2.2324536584842,2.93813457816189,3.07087018243908,6.43974584436147,TRUE,NA
"b",-4.92,-0.0989117105131224,2.22983502583936,2.93534224584004,3.0675859466786,6.42978352647663,TRUE,NA
"b",-4.91,-0.0991030998040077,2.22721192068189,2.93254605357188,3.06429821482658,6.41982142439076,TRUE,NA
"b",-4.9,-0.0992952150520447,2.22458432210608,2.92974598826207,3.06100697611758,6.40985953973223,TRUE,NA
"b",-4.89,-0.0994880603117569,2.221952209098,2.92694203673783,3.05771221973295,6.3998978741446,TRUE,NA
"b",-4.88,-0.0996816396673419,2.21931556053518,2.92413418574828,3.0544139348005,6.38993642928677,TRUE,NA
"b",-4.87,-0.0998759572329317,2.21667435518629,2.92132242196373,3.0511121103941,6.37997520683319,TRUE,NA
"b",-4.86,-0.100071017152872,2.21402857171079,2.91850673197501,3.04780673553339,6.37001420847401,TRUE,NA
"b",-4.85,-0.100266823601986,2.21137818865865,2.91568710229276,3.04449779918333,6.36005343591523,TRUE,NA
"b",-4.84,-0.100463380785856,2.20872318446997,2.91286351934671,3.04118529025391,6.35009289087892,TRUE,NA
"b",-4.83,-0.100660692941097,2.20606353747466,2.91003596948499,3.0378691975997,6.34013257510338,TRUE,NA
"b",-4.82,-0.100858764335645,2.20339922589213,2.90720443897339,3.03454951001955,6.33017249034331,TRUE,NA
"b",-4.81,-0.101057599269036,2.20073022783097,2.90436891399462,3.03122621625615,6.32021263837002,TRUE,NA
"b",-4.8,-0.101257202072694,2.19805652128856,2.90152938064761,3.02789930499569,6.31025302097159,TRUE,NA
"b",-4.79,-0.101457577110227,2.19537808415083,2.89868582494674,3.02456876486745,6.30029363995308,TRUE,NA
"b",-4.78,-0.101658728777716,2.19269489419183,2.89583823282109,3.02123458444342,6.2903344971367,TRUE,NA
"b",-4.77,-0.101860661504011,2.1900069290735,2.89298659011369,3.0178967522379,6.28037559436203,TRUE,NA
"b",-4.76,-0.102063379751038,2.18731416634526,2.89013088258077,3.01455525670714,6.2704169334862,TRUE,NA
"b",-4.75,-0.102266888014094,2.1846165834437,2.88727109589094,3.01121008624889,6.26045851638409,TRUE,NA
"b",-4.74,-0.102471190822163,2.18191415769226,2.88440721562449,3.00786122920203,6.25050034494851,TRUE,NA
"b",-4.73,-0.102676292738221,2.17920686630091,2.88153922727251,3.00450867384616,6.24054242109046,TRUE,NA
"b",-4.72,-0.102882198359546,2.17649468636577,2.87866711623617,3.0011524084012,6.23058474673929,TRUE,NA
"b",-4.71,-0.103088912318046,2.1737775948688,2.87579086782588,2.99779242102694,6.22062732384292,TRUE,NA
"b",-4.7,-0.103296439280569,2.17105556867745,2.87291046726049,2.99442869982267,6.21067015436804,TRUE,NA
"b",-4.69,-0.103504783949232,2.16832858454436,2.87002589966647,2.99106123282675,6.20071324030038,TRUE,NA
"b",-4.68,-0.103713951061747,2.16559661910696,2.86713715007708,2.98769000801615,6.19075658364484,TRUE,NA
"b",-4.67,-0.103923945391759,2.16285964888719,2.86424420343155,2.98431501330607,6.18080018642579,TRUE,NA
"b",-4.66,-0.104134771749167,2.16011765029108,2.86134704457422,2.98093623654949,6.17084405068725,TRUE,NA
"b",-4.65,-0.104346434980477,2.1573705996085,2.85844565825371,2.97755366553674,6.16088817849313,TRUE,NA
"b",-4.64,-0.104558939969135,2.15461847301273,2.85554002912205,2.97416728799504,6.15093257192747,TRUE,NA
"b",-4.63,-0.104772291635879,2.15186124656015,2.85263014173378,2.9707770915881,6.14097723309463,TRUE,NA
"b",-4.62,-0.104986494939085,2.14909889618989,2.84971598054516,2.96738306391563,6.13102216411959,TRUE,NA
"b",-4.61,-0.105201554875126,2.14633139772347,2.84679752991318,2.96398519251293,6.12106736714814,TRUE,NA
"b",-4.6,-0.105417476478721,2.14355872686442,2.84387477409477,2.96058346485039,6.11111284434714,TRUE,NA
"b",-4.59,-0.105634264823309,2.14078085919797,2.84094769724581,2.95717786833309,6.10115859790476,TRUE,NA
"b",-4.58,-0.105851925021405,2.13799777019066,2.83801628342028,2.95376839030029,6.09120463003074,TRUE,NA
"b",-4.57,-0.106070462224976,2.13520943518996,2.83508051656932,2.95035501802498,6.08125094295662,TRUE,NA
"b",-4.56,-0.106289881625813,2.13241582942394,2.83214038054029,2.94693773871342,6.07129753893603,TRUE,NA
"b",-4.55,-0.106510188455909,2.12961692800088,2.82919585907585,2.94351653950465,6.06134442024491,TRUE,NA
"b",-4.54,-0.106731387987846,2.1268127059089,2.82624693581302,2.94009140747004,6.05139158918181,TRUE,NA
"b",-4.53,-0.106953485535179,2.12400313801557,2.8232935942822,2.93666232961276,6.04143904806812,TRUE,NA
"b",-4.52,-0.107176486452825,2.12118819906756,2.82033581790622,2.93322929286732,6.03148679924837,TRUE,NA
"b",-4.51,-0.107400396137465,2.11836786369022,2.81737358999936,2.9297922840991,6.02153484509048,TRUE,NA
"b",-4.5,-0.107625220027943,2.11554210638723,2.81440689376639,2.92635129010382,6.01158318798606,TRUE,NA
"b",-4.49,-0.107850963605668,2.11271090154017,2.81143571230152,2.92290629760705,6.00163183035067,TRUE,NA
"b",-4.48,-0.10807763239503,2.10987422340817,2.80846002858747,2.91945729326372,5.99168077462411,TRUE,NA
"b",-4.47,-0.108305231963809,2.10703204612746,2.8054798254944,2.91600426365759,5.98173002327073,TRUE,NA
"b",-4.46,-0.108533767923597,2.104184343711,2.8024950857789,2.91254719530074,5.97177957877969,TRUE,NA
"b",-4.45,-0.108763245930224,2.10133109004806,2.79950579208297,2.90908607463307,5.96182944366528,TRUE,NA
"b",-4.44,-0.108993671684186,2.0984722589038,2.79651192693297,2.90562088802176,5.9518796204672,TRUE,NA
"b",-4.43,-0.109225050931077,2.09560782391888,2.79351347273856,2.90215162176074,5.9419301117509,TRUE,NA
"b",-4.42,-0.109457389462035,2.092737758609,2.79051041179165,2.89867826207016,5.93198092010784,TRUE,NA
"b",-4.41,-0.109690693114179,2.08986203636447,2.7875027262653,2.89520079509588,5.92203204815587,TRUE,NA
"b",-4.4,-0.109924967771066,2.08698063044981,2.78449039821267,2.89171920690888,5.91208349853947,TRUE,NA
"b",-4.39,-0.11016021936314,2.0840935140033,2.78147340956588,2.88823348350474,5.90213527393013,TRUE,NA
"b",-4.38,-0.110396453868199,2.0812006600365,2.77845174213494,2.88474361080311,5.89218737702667,TRUE,NA
"b",-4.37,-0.110633677311854,2.07830204143384,2.77542537760663,2.88124957464709,5.88223981055554,TRUE,NA
"b",-4.36,-0.110871895768011,2.07539763095213,2.77239429754332,2.87775136080272,5.87229257727119,TRUE,NA
"b",-4.35,-0.111111115359336,2.07248740122013,2.76935848338192,2.87424895495842,5.8623456799564,TRUE,NA
"b",-4.34,-0.111351342257749,2.06957132473804,2.76631791643265,2.87074234272436,5.8523991214226,TRUE,NA
"b",-4.33,-0.111592582684906,2.06664937387706,2.7632725778779,2.86723150963194,5.84245290451029,TRUE,NA
"b",-4.32,-0.111834842912699,2.06372152087885,2.76022244877106,2.86371644113317,5.83250703208931,TRUE,NA
"b",-4.31,-0.112078129263753,2.06078773785511,2.75716751003535,2.86019712260011,5.82256150705926,TRUE,NA
"b",-4.3,-0.112322448111934,2.05784799678704,2.7541077424626,2.85667353932425,5.81261633234986,TRUE,NA
"b",-4.29,-0.112567805882868,2.05490226952482,2.75104312671203,2.85314567651593,5.80267151092128,TRUE,NA
"b",-4.28,-0.11281420905445,2.05195052778712,2.74797364330906,2.8496135193037,5.79272704576458,TRUE,NA
"b",-4.27,-0.113061664157381,2.04899274316058,2.74489927264404,2.84607705273378,5.78278293990204,TRUE,NA
"b",-4.26,-0.113310177775692,2.04602888709926,2.74181999497105,2.84253626176937,5.77283919638756,TRUE,NA
"b",-4.25,-0.113559756547293,2.04305893092411,2.73873579040659,2.83899113129005,5.76289581830708,TRUE,NA
"b",-4.24,-0.113810407164507,2.04008284582243,2.73564663892833,2.83544164609119,5.75295280877895,TRUE,NA
"b",-4.23,-0.114062136374634,2.03710060284731,2.73255252037385,2.83188779088324,5.74301017095434,TRUE,NA
"b",-4.22,-0.114314950980507,2.03411217291705,2.72945341443929,2.82832955029119,5.73306790801768,TRUE,NA
"b",-4.21,-0.114568857841055,2.03111752681461,2.72634930067809,2.82476690885382,5.723126023187,TRUE,NA
"b",-4.2,-0.114823863871885,2.02811663518701,2.72324015849964,2.82119985102313,5.71318451971447,TRUE,NA
"b",-4.19,-0.115079976045858,2.02510946854472,2.72012596716795,2.81762836116363,5.70324340088671,TRUE,NA
"b",-4.18,-0.115337201393682,2.02209599726112,2.7170067058003,2.81405242355171,5.69330267002533,TRUE,NA
"b",-4.17,-0.115595547004508,2.01907619157182,2.71388235336587,2.81047202237494,5.68336233048727,TRUE,NA
"b",-4.16,-0.115855020026532,2.01605002157404,2.71075288868439,2.80688714173142,5.67342238566535,TRUE,NA
"b",-4.15,-0.116115627667614,2.01301745722605,2.70761829042469,2.80329776562909,5.66348283898864,TRUE,NA
"b",-4.14,-0.116377377195893,2.00997846834642,2.70447853710337,2.79970387798501,5.65354369392299,TRUE,NA
"b",-4.13,-0.116640275940417,2.00693302461346,2.70133360708333,2.79610546262471,5.64360495397146,TRUE,NA
"b",-4.12,-0.116904331291786,2.00388109556447,2.69818347857235,2.79250250328148,5.63366662267478,TRUE,NA
"b",-4.11,-0.117169550702791,2.00082265059515,2.69502812962164,2.7888949835956,5.62372870361189,TRUE,NA
"b",-4.1,-0.117435941689076,1.99775765895883,2.69186753812438,2.78528288711373,5.6137912004004,TRUE,NA
"b",-4.09,-0.117703511829793,1.99468608976582,2.68870168181427,2.78166619728808,5.60385411669707,TRUE,NA
"b",-4.08,-0.117972268768286,1.99160791198267,2.68553053826396,2.77804489747574,5.59391745619834,TRUE,NA
"b",-4.07,-0.118242220212764,1.98852309443146,2.68235408488365,2.77441897093796,5.58398122264084,TRUE,NA
"b",-4.06,-0.118513373936999,1.98543160578906,2.67917229891948,2.77078840083933,5.57404541980193,TRUE,NA
"b",-4.05,-0.118785737781023,1.98233341458638,2.67598515745202,2.76715317024712,5.56411005150018,TRUE,NA
"b",-4.04,-0.119059319651846,1.97922848920759,2.67279263739476,2.76351326213044,5.55417512159596,TRUE,NA
"b",-4.03,-0.119334127524171,1.97611679788938,2.66959471549246,2.75986865935953,5.54424063399196,TRUE,NA
"b",-4.02,-0.119610169441129,1.97299830872014,2.66639136831964,2.75621934470498,5.53430659263373,TRUE,NA
"b",-4.01,-0.119887453515023,1.96987298963915,2.66318257227893,2.75256530083692,5.52437300151032,TRUE,NA
"b",-4,-0.12016598792808,1.9667408084358,2.65996830359949,2.74890651032427,5.51443986465473,TRUE,NA
"b",-3.99,-0.120445780933216,1.96360173274873,2.65674853833535,2.74524295563389,5.50450718614461,TRUE,NA
"b",-3.98,-0.120726840854813,1.96045573006498,2.65352325236376,2.74157461912984,5.49457497010278,TRUE,NA
"b",-3.97,-0.121009176089506,1.95730276771916,2.65029242138355,2.73790148307256,5.48464322069786,TRUE,NA
"b",-3.96,-0.121292795106981,1.95414281289255,2.64705602091343,2.73422352961798,5.47471194214486,TRUE,NA
"b",-3.95,-0.121577706450792,1.95097583261222,2.64381402629028,2.73054074081679,5.46478113870583,TRUE,NA
"b",-3.94,-0.121863918739179,1.94780179375013,2.64056641266746,2.72685309861354,5.45485081469047,TRUE,NA
"b",-3.93,-0.122151440665913,1.94462066302219,2.63731315501304,2.72316058484583,5.44492097445676,TRUE,NA
"b",-3.92,-0.122440281001138,1.94143240698736,2.63405422810809,2.71946318124344,5.43499162241164,TRUE,NA
"b",-3.91,-0.122730448592241,1.93823699204665,2.63078960654488,2.71576086942747,5.42506276301165,TRUE,NA
"b",-3.9,-0.123021952364728,1.93503438444222,2.62751926472508,2.7120536309095,5.41513440076363,TRUE,NA
"b",-3.89,-0.123314801323116,1.93182455025631,2.62424317685802,2.70834144709067,5.40520654022536,TRUE,NA
"b",-3.88,-0.123609004551841,1.92860745541033,2.62096131695877,2.70462429926086,5.3952791860063,TRUE,NA
"b",-3.87,-0.123904571216177,1.92538306566376,2.61767365884639,2.70090216859771,5.38535234276826,TRUE,NA
"b",-3.86,-0.124201510563178,1.9221513466132,2.614380176142,2.69717503616578,5.37542601522617,TRUE,NA
"b",-3.85,-0.124499831922624,1.91891226369125,2.61108084226696,2.69344288291565,5.36550020814876,TRUE,NA
"b",-3.84,-0.124799544707999,1.91566578216545,2.6077756304409,2.68970568968295,5.35557492635932,TRUE,NA
"b",-3.83,-0.12510065841747,1.91241186713725,2.60446451367987,2.68596343718745,5.34565017473648,TRUE,NA
"b",-3.82,-0.125403182634896,1.90915048354084,2.60114746479437,2.68221610603214,5.33572595821496,TRUE,NA
"b",-3.81,-0.125707127030843,1.90588159614206,2.59782445638739,2.67846367670228,5.32580228178635,TRUE,NA
"b",-3.8,-0.126012501363632,1.90260516953728,2.59449546085245,2.67470612956443,5.31587915049992,TRUE,NA
"b",-3.79,-0.126319315480391,1.89932116815217,2.5911604503716,2.67094344486548,5.30595656946343,TRUE,NA
"b",-3.78,-0.126627579318135,1.89602955624061,2.58781939691338,2.6671756027317,5.29603454384397,TRUE,NA
"b",-3.77,-0.126937302904866,1.89273029788344,2.58447227223082,2.66340258316775,5.28611307886876,TRUE,NA
"b",-3.76,-0.127248496360686,1.88942335698725,2.58111904785937,2.65962436605566,5.27619217982606,TRUE,NA
"b",-3.75,-0.127561169898949,1.88610869728317,2.57775969511479,2.65584093115385,5.26627185206599,TRUE,NA
"b",-3.74,-0.127875333827408,1.8827862823256,2.5743941850911,2.65205225809612,5.25635210100147,TRUE,NA
"b",-3.73,-0.128190998549411,1.87945607549091,2.57102248865844,2.64825832639062,5.24643293210909,TRUE,NA
"b",-3.72,-0.128508174565107,1.8761180399762,2.56764457646093,2.64445911541882,5.23651435093006,TRUE,NA
"b",-3.71,-0.128826872472678,1.87277213879796,2.56426041891448,2.64065460443446,5.22659636307109,TRUE,NA
"b",-3.7,-0.129147102969596,1.86941833479071,2.56086998620466,2.63684477256249,5.21667897420544,TRUE,NA
"b",-3.69,-0.129468876853908,1.8660565906057,2.55747324828446,2.63302959879804,5.20676219007381,TRUE,NA
"b",-3.68,-0.129792205025548,1.86268686870949,2.55407017487206,2.62920906200533,5.19684601648539,TRUE,NA
"b",-3.67,-0.130117098487671,1.85930913138257,2.5506607354486,2.62538314091655,5.18693045931885,TRUE,NA
"b",-3.66,-0.13044356834803,1.85592334071794,2.54724489925588,2.62155181413084,5.17701552452337,TRUE,NA
"b",-3.65,-0.130771625820359,1.85252945861969,2.54382263529409,2.61771506011311,5.1671012181197,TRUE,NA
"b",-3.64,-0.131101282225815,1.84912744680152,2.5403939123195,2.61387285719298,5.15718754620125,TRUE,NA
"b",-3.63,-0.131432548994427,1.84571726678524,2.53695869884208,2.61002518356364,5.14727451493517,TRUE,NA
"b",-3.62,-0.131765437666595,1.84229887989933,2.53351696312316,2.60617201728068,5.13736213056347,TRUE,NA
"b",-3.61,-0.132099959894613,1.83887224727735,2.53006867317307,2.602313336261,5.12745039940416,TRUE,NA
"b",-3.6,-0.132436127444237,1.83543732985644,2.52661379674868,2.59844911828162,5.11753932785243,TRUE,NA
"b",-3.59,-0.132773952196281,1.83199408837571,2.523152301351,2.5945793409785,5.10762892238182,TRUE,NA
"b",-3.58,-0.133113446148251,1.8285424833747,2.51968415422271,2.5907039818454,5.09771918954546,TRUE,NA
"b",-3.57,-0.133454621416031,1.82508247519171,2.51620932234568,2.58682301823263,5.0878101359773,TRUE,NA
"b",-3.56,-0.133797490235596,1.82161402396221,2.51272777243847,2.58293642734593,5.07790176839334,TRUE,NA
"b",-3.55,-0.134142064964772,1.81813708961716,2.5092394709538,2.57904418624517,5.06799409359301,TRUE,NA
"b",-3.54,-0.134488358085047,1.81465163188134,2.505744384076,2.57514627184321,5.05808711846041,TRUE,NA
"b",-3.53,-0.134836382203417,1.81115761027163,2.5022424777184,2.57124266090458,5.04818084996571,TRUE,NA
"b",-3.52,-0.135186150054288,1.8076549840953,2.49873371752077,2.56733333004431,5.0382752951665,TRUE,NA
"b",-3.51,-0.135537674501429,1.80414371244824,2.4952180688467,2.56341825572662,5.02837046120926,TRUE,NA
"b",-3.5,-0.135890968539965,1.80062375421322,2.49169549678087,2.55949741426371,5.01846635533073,TRUE,NA
"b",-3.49,-0.136246045298438,1.79709506805807,2.48816596612647,2.55557078181439,5.00856298485946,TRUE,NA
"b",-3.48,-0.136602918040914,1.79355761243386,2.48462944140243,2.55163833438289,4.99866035721729,TRUE,NA
"b",-3.47,-0.136961600169154,1.79001134557305,2.48108588684072,2.54770004781748,4.98875847992089,TRUE,NA
"b",-3.46,-0.137322105224843,1.78645622548767,2.47753526638361,2.54375589780921,4.97885736058338,TRUE,NA
"b",-3.45,-0.137684446891877,1.78289220996736,2.47397754368084,2.53980585989054,4.96895700691592,TRUE,NA
"b",-3.44,-0.138048638998725,1.77931925657753,2.47041268208689,2.53584990943404,4.9590574267294,TRUE,NA
"b",-3.43,-0.138414695520854,1.77573732265738,2.46684064465808,2.53188802165104,4.94915862793613,TRUE,NA
"b",-3.42,-0.138782630583221,1.77214636531793,2.46326139414976,2.52792017159025,4.9392606185516,TRUE,NA
"b",-3.41,-0.139152458462846,1.76854634144009,2.45967489301343,2.52394633413642,4.92936340669625,TRUE,NA
"b",-3.4,-0.139524193591452,1.76493720767261,2.45608110339378,2.51996648400892,4.91946700059734,TRUE,NA
"b",-3.39,-0.139897850558202,1.76131892043007,2.45247998712586,2.51598059576039,4.9095714085908,TRUE,NA
"b",-3.38,-0.140273444112491,1.75769143589081,2.44887150573201,2.51198864377534,4.89967663912318,TRUE,NA
"b",-3.37,-0.14065098916686,1.7540547099949,2.44525562041895,2.50799060226869,4.88978270075362,TRUE,NA
"b",-3.36,-0.141030500799965,1.75040869844199,2.44163229207477,2.50398644528439,4.87988960215589,TRUE,NA
"b",-3.35,-0.141411994259663,1.74675335668921,2.43800148126585,2.49997614669399,4.86999735212049,TRUE,NA
"b",-3.34,-0.14179548496619,1.74308863994905,2.43436314823384,2.49595968019516,4.8601059595568,TRUE,NA
"b",-3.33,-0.142180988515432,1.73941450318716,2.43071725289258,2.49193701931027,4.85021543349523,TRUE,NA
"b",-3.32,-0.142568520682317,1.73573090112019,2.42706375482497,2.48790813738492,4.84032578308954,TRUE,NA
"b",-3.31,-0.142958097424301,1.73203778821356,2.42340261327982,2.48387300758646,4.83043701761918,TRUE,NA
"b",-3.3,-0.143349734884985,1.72833511867925,2.41973378716876,2.47983160290249,4.8205491464916,TRUE,NA
"b",-3.29,-0.143743449397834,1.72462284647354,2.41605723506297,2.47578389613943,4.81066217924479,TRUE,NA
"b",-3.28,-0.144139257490038,1.72090092529471,2.41237291519003,2.47172985992095,4.80077612554978,TRUE,NA
"b",-3.27,-0.14453717588649,1.7171693085808,2.40868078543068,2.46766946668648,4.79089099521324,TRUE,NA
"b",-3.26,-0.144937221513904,1.71342794950727,2.40498080331554,2.46360268868973,4.78100679818017,TRUE,NA
"b",-3.25,-0.145339411505078,1.70967680098464,2.40127292602185,2.45952949799712,4.77112354453664,TRUE,NA
"b",-3.24,-0.145743763203291,1.70591581565618,2.39755711037017,2.45544986648627,4.76124124451266,TRUE,NA
"b",-3.23,-0.146150294166867,1.70214494589551,2.39383331282104,2.45136376584444,4.75135990848506,TRUE,NA
"b",-3.22,-0.146559022173891,1.69836414380422,2.39010148947164,2.44727116756701,4.74147954698057,TRUE,NA
"b",-3.21,-0.14696996522709,1.69457336120946,2.38636159605244,2.4431720429559,4.73160017067885,TRUE,NA
"b",-3.2,-0.147383141558888,1.69077254966151,2.38261358792377,2.43906636311805,4.72172179041577,TRUE,NA
"b",-3.19,-0.147798569636643,1.68696166043133,2.37885742007244,2.4349540989638,4.71184441718664,TRUE,NA
"b",-3.18,-0.148216268168065,1.68314064450812,2.37509304710828,2.43083522120537,4.70196806214967,TRUE,NA
"b",-3.17,-0.148636256106834,1.67930945259685,2.37132042326074,2.42670970035526,4.69209273662946,TRUE,NA
"b",-3.16,-0.149058552658423,1.67546803511573,2.36753950237537,2.42257750672469,4.68221845212062,TRUE,NA
"b",-3.15,-0.149483177286124,1.67161634219374,2.36375023791032,2.41843861042201,4.67234522029155,TRUE,NA
"b",-3.14,-0.149910149717301,1.66775432366812,2.35995258293292,2.41429298135113,4.66247305298826,TRUE,NA
"b",-3.13,-0.150339489949868,1.66388192908182,2.35614649011604,2.41014058920991,4.65260196223839,TRUE,NA
"b",-3.12,-0.150771218259009,1.65999910768098,2.35233191173467,2.40598140348864,4.64273196025531,TRUE,NA
"b",-3.11,-0.151205355204141,1.65610580841235,2.34850879966228,2.40181539346839,4.63286305944241,TRUE,NA
"b",-3.1,-0.15164192163614,1.6522019799208,2.3446771053673,2.39764252821946,4.6229952723975,TRUE,NA
"b",-3.09,-0.152080938704832,1.64828757054666,2.34083677990952,2.39346277659983,4.61312861191734,TRUE,NA
"b",-3.08,-0.152522427866764,1.64436252832325,2.33698777393654,2.38927610725353,4.60326309100237,TRUE,NA
"b",-3.07,-0.152966410893268,1.64042680097422,2.33313003768013,2.38508248860913,4.59339872286157,TRUE,NA
"b",-3.06,-0.153412909878825,1.63648033591102,2.32926352095263,2.38088188887814,4.58353552091749,TRUE,NA
"b",-3.05,-0.153861947249741,1.63252308023031,2.3253881731434,2.37667427605347,4.57367349881148,TRUE,NA
"b",-3.04,-0.154313545773158,1.62855498071137,2.32150394321509,2.37245961790789,4.56381267040908,TRUE,NA
"b",-3.03,-0.154767728566394,1.62457598381352,2.31761077970014,2.36823788199249,4.5539530498056,TRUE,NA
"b",-3.02,-0.155224519106644,1.62058603567356,2.31370863069707,2.36400903563514,4.54409465133189,TRUE,NA
"b",-3.01,-0.155683941241047,1.61658508210316,2.3097974438669,2.35977304593902,4.53423748956035,TRUE,NA
"b",-3,-0.156146019197131,1.61257306858634,2.30587716642954,2.3555298797811,4.52438157931111,TRUE,NA
"b",-2.99,-0.156610777593659,1.60854994027689,2.30194774516015,2.35127950381068,4.51452693565849,TRUE,NA
"b",-2.98,-0.157078241451882,1.60451564199584,2.29800912638552,2.34702188444789,4.50467357393762,TRUE,NA
"b",-2.97,-0.157548436207224,1.6004701182289,2.29406125598054,2.34275698788231,4.49482150975134,TRUE,NA
"b",-2.96,-0.158021387721407,1.59641331312398,2.29010407936455,2.33848478007154,4.4849707589774,TRUE,NA
"b",-2.95,-0.158497122295039,1.59234517048868,2.28613754149777,2.33420522673977,4.47512133777581,TRUE,NA
"b",-2.94,-0.158975666680681,1.58826563378779,2.2821615868778,2.3299182933765,4.46527326259657,TRUE,NA
"b",-2.93,-0.15945704809641,1.58417464614089,2.27817615953603,2.32562394523513,4.45542655018762,TRUE,NA
"b",-2.92,-0.159941294239895,1.5800721503199,2.27418120303415,2.32132214733171,4.44558121760313,TRUE,NA
"b",-2.91,-0.160428433303006,1.57595808874668,2.27017666046068,2.31701286444368,4.43573728221206,TRUE,NA
"b",-2.9,-0.160918493986984,1.57183240349066,2.26616247442752,2.31269606110862,4.42589476170704,TRUE,NA
"b",-2.89,-0.161411505518175,1.56769503626658,2.26213858706648,2.3083717016231,4.41605367411364,TRUE,NA
"b",-2.88,-0.161907497664369,1.56354592843212,2.25810494002598,2.30403975004151,4.40621403779994,TRUE,NA
"b",-2.87,-0.162406500751745,1.55938502098575,2.25406147446764,2.29970017017502,4.39637587148643,TRUE,NA
"b",-2.86,-0.162908545682464,1.55521225456447,2.25000813106303,2.29535292559049,4.38653919425637,TRUE,NA
"b",-2.85,-0.163413663952914,1.55102756944173,2.24594484999041,2.29099797960954,4.37670402556652,TRUE,NA
"b",-2.84,-0.163921887672649,1.54683090552531,2.24187157093156,2.28663529530758,4.36687038525816,TRUE,NA
"b",-2.83,-0.164433249584027,1.54262220235535,2.23778823306865,2.28226483551301,4.35703829356876,TRUE,NA
"b",-2.82,-0.164947783082587,1.53840139910233,2.23369477508115,2.27788656280637,4.34720777114386,TRUE,NA
"b",-2.81,-0.165465522238179,1.5341684345653,2.22959113514289,2.27350043951965,4.33737883904955,TRUE,NA
"b",-2.8,-0.165986501816883,1.52992324716995,2.22547725091914,2.26910642773567,4.32755151878541,TRUE,NA
"b",-2.79,-0.16651075730373,1.52566577496701,2.22135305956374,2.26470448928747,4.31772583229786,TRUE,NA
"b",-2.78,-0.167038324926265,1.52139595563054,2.21721849771641,2.2602945857579,4.30790180199417,TRUE,NA
"b",-2.77,-0.167569241678974,1.51711372645645,2.21307350150009,2.25587667847915,4.29807945075687,TRUE,NA
"b",-2.76,-0.168103545348597,1.512819024361,2.20891800651839,2.25145072853258,4.28825880195877,TRUE,NA
"b",-2.75,-0.168641274540366,1.50851178587956,2.20475194785317,2.24701669674843,4.2784398794786,TRUE,NA
"b",-2.74,-0.169182468705192,1.50419194716532,2.20057526006224,2.24257454370583,4.26862270771718,TRUE,NA
"b",-2.73,-0.169727168167825,1.49985944398822,2.19638787717715,2.23812422973279,4.25880731161427,TRUE,NA
"b",-2.72,-0.170275414156032,1.49551421173403,2.19218973270116,2.23366571490641,4.24899371666601,TRUE,NA
"b",-2.71,-0.170827248830804,1.49115618540346,2.18798075960729,2.22919895905315,4.2391819489431,TRUE,NA
"b",-2.7,-0.171382715317639,1.4867852996115,2.18376089033663,2.22472392174926,4.22937203510965,TRUE,NA
"b",-2.69,-0.171941857738922,1.48240148858692,2.17953005679668,2.22024056232138,4.21956400244271,TRUE,NA
"b",-2.68,-0.172504721247442,1.47800468617187,2.17528819035992,2.21574883984725,4.20975787885266,TRUE,NA
"b",-2.67,-0.173071352061068,1.47359482582168,2.17103522186262,2.21124871315661,4.19995369290425,TRUE,NA
"b",-2.66,-0.173641797498627,1.46917184060488,2.16677108160374,2.20674014083223,4.19015147383855,TRUE,NA
"b",-2.65,-0.174216106017005,1.46473566320334,2.16249569934408,2.2022230812112,4.18035125159573,TRUE,NA
"b",-2.64,-0.174794327249514,1.46028622591266,2.15820900430564,2.1976974923863,4.17055305683861,TRUE,NA
"b",-2.63,-0.175376512045549,1.45582346064277,2.15391092517123,2.19316333220764,4.16075692097726,TRUE,NA
"b",-2.62,-0.175962712511574,1.45134729891871,2.14960139008425,2.18862055828445,4.15096287619443,TRUE,NA
"b",-2.61,-0.176552982053467,1.4468576718817,2.1452803266488,2.18406912798718,4.14117095547197,TRUE,NA
"b",-2.6,-0.177147375420253,1.44235451029044,2.14094766193003,2.17950899844972,4.13138119261828,TRUE,NA
"b",-2.59,-0.177745948749262,1.4378377445226,2.1366033224547,2.1749401265719,4.12159362229677,TRUE,NA
"b",-2.58,-0.178348759612745,1.43330730457673,2.13224723421216,2.17036246902228,4.1118082800554,TRUE,NA
"b",-2.57,-0.178955867065972,1.42876312007429,2.12787932265552,2.1657759822411,4.10202520235733,TRUE,NA
"b",-2.56,-0.179567331696848,1.4242051202621,2.12349951270322,2.16118062244364,4.09224442661273,TRUE,NA
"b",-2.55,-0.180183215677082,1.41963323401504,2.1191077287409,2.15657634562375,4.08246599121173,TRUE,NA
"b",-2.54,-0.180803582814919,1.41504738983908,2.11470389462363,2.15196310755772,4.07268993555871,TRUE,NA
"b",-2.53,-0.181428498609499,1.41044751587472,2.11028793367854,2.14734086380849,4.0629163001077,TRUE,NA
"b",-2.52,-0.182058030306827,1.40583353990069,2.10585976870782,2.14270956973012,4.0531451263992,TRUE,NA
"b",-2.51,-0.182692246957412,1.40120538933809,2.10141932199212,2.13806918047271,4.04337645709835,TRUE,NA
"b",-2.5,-0.183331219475596,1.39656299125491,2.09696651529442,2.13341965098754,4.03361033603441,TRUE,NA
"b",-2.49,-0.183975020700571,1.39190627237095,2.09250126986428,2.1287609360327,4.02384680824178,TRUE,NA
"b",-2.48,-0.184623725459145,1.38723515906319,2.08802350644264,2.12409299017903,4.01408592000241,TRUE,NA
"b",-2.47,-0.185277410630245,1.38254957737158,2.08353314526704,2.11941576781653,4.00432771888985,TRUE,NA
"b",-2.46,-0.185936155211182,1.37784945300529,2.07903010607741,2.11472922316111,3.99457225381472,TRUE,NA
"b",-2.45,-0.186600040385705,1.37313471134948,2.07451430812235,2.11003331026188,3.98481957507195,TRUE,NA
"b",-2.44,-0.187269149593843,1.36840527747258,2.06998567016596,2.10532798300879,3.9750697343896,TRUE,NA
"b",-2.43,-0.187943568603548,1.36366107613402,2.06544411049534,2.10061319514083,3.96532278497944,TRUE,NA
"b",-2.42,-0.188623385584144,1.3589020317926,2.06088954692855,2.09588890025469,3.95557878158922,TRUE,NA
"b",-2.41,-0.189308691181598,1.35412806861538,2.05632189682332,2.09115505181392,3.94583778055689,TRUE,NA
"b",-2.4,-0.189999578595587,1.34933911048718,2.05174107708638,2.08641160315863,3.9360998398665,TRUE,NA
"b",-2.39,-0.19069614365838,1.34453508102064,2.04714700418342,2.08165850751581,3.92636501920618,TRUE,NA
"b",-2.38,-0.191398484915513,1.33971590356706,2.04253959414985,2.0768957180101,3.91663338002795,TRUE,NA
"b",-2.37,-0.192106703708251,1.33488150122769,2.0379187626022,2.07212318767524,3.90690498560965,TRUE,NA
"b",-2.36,-0.192820904257808,1.33003179686594,2.03328442475037,2.06734086946614,3.8971799011188,TRUE,NA
"b",-2.35,-0.193541193751313,1.32516671312008,2.02863649541059,2.06254871627157,3.88745819367868,TRUE,NA
"b",-2.34,-0.194267682429485,1.32028617241687,2.02397488901927,2.05774668092749,3.87773993243652,TRUE,NA
"b",-2.33,-0.195000483675983,1.31539009698581,2.01929951964764,2.05293471623109,3.86802518863387,TRUE,NA
"b",-2.32,-0.195739714108391,1.31047840887425,2.01461030101735,2.04811277495555,3.85831403567923,TRUE,NA
"b",-2.31,-0.196485493670784,1.30555102996334,2.00990714651685,2.0432808098655,3.84860654922305,TRUE,NA
"b",-2.3,-0.197237945727826,1.30060788198473,2.00518996921888,2.0384387737333,3.83890280723493,TRUE,NA
"b",-2.29,-0.197997197160329,1.29564888653824,2.00045868189878,2.03358661935596,3.82920289008335,TRUE,NA
"b",-2.28,-0.198763378462209,1.29067396511037,1.99571319705389,2.02872429957305,3.81950688061771,TRUE,NA
"b",-2.27,-0.19953662383875,1.28568303909375,1.99095342692399,2.02385176728531,3.80981486425297,TRUE,NA
"b",-2.26,-0.20031707130609,1.28067602980759,1.98617928351276,2.01896897547414,3.80012692905665,TRUE,NA
"b",-2.25,-0.201104862791836,1.27565285851903,1.98139067861035,2.014075877222,3.79044316583852,TRUE,NA
"b",-2.24,-0.20190014423669,1.27061344646557,1.97658752381716,2.0091724257337,3.7807636682428,TRUE,NA
"b",-2.23,-0.202703065696971,1.26555771487854,1.9717697305687,2.00425857435856,3.77108853284295,TRUE,NA
"b",-2.22,-0.203513781447905,1.26048558500759,1.96693721016165,1.99933427661368,3.76141785923923,TRUE,NA
"b",-2.21,-0.204332450087539,1.25539697814635,1.96208987378124,1.99439948620799,3.75175175015878,TRUE,NA
"b",-2.2,-0.205159234641127,1.25029181565914,1.95722763252982,1.98945415706745,3.74209031155853,TRUE,NA
"b",-2.19,-0.205994302665827,1.24517001900892,1.95235039745676,1.98449824336123,3.73243365273078,TRUE,NA
"b",-2.18,-0.206837826355523,1.24003150978637,1.94745807958962,1.97953169952892,3.72278188641148,TRUE,NA
"b",-2.17,-0.207689982645591,1.23487620974018,1.94255058996681,1.97455448030889,3.71313512889133,TRUE,NA
"b",-2.16,-0.208550953317401,1.22970404080862,1.93762783967154,1.96956654076762,3.7034935001296,TRUE,NA
"b",-2.15,-0.209420925102334,1.22451492515234,1.93268973986719,1.96456783633032,3.69385712387072,TRUE,NA
"b",-2.14,-0.210300089785092,1.2193087851885,1.9277362018342,1.95955832281256,3.68422612776362,TRUE,NA
"b",-2.13,-0.21118864430605,1.21408554362616,1.9227671370084,1.95453795645313,3.67460064348383,TRUE,NA
"b",-2.12,-0.212086790862386,1.2088451235031,1.91778245702087,1.94950669394805,3.66498080685831,TRUE,NA
"b",-2.11,-0.212994737007721,1.20358744822387,1.91278207373931,1.94446449248586,3.65536675799299,TRUE,NA
"b",-2.1,-0.213912695749974,1.19831244159942,1.90776589931102,1.93941130978401,3.64575864140302,TRUE,NA
"b",-2.09,-0.21484088564713,1.19302002788794,1.90273384620738,1.93434710412663,3.63615660614564,TRUE,NA
"b",-2.08,-0.215779530900605,1.18771013183727,1.89768582727006,1.92927183440347,3.62656080595568,TRUE,NA
"b",-2.07,-0.216728861445851,1.18238267872871,1.89262175575878,1.9241854601501,3.61697139938361,TRUE,NA
"b",-2.06,-0.217689113039886,1.17703759442221,1.88754154540066,1.91908794158953,3.60738854993609,TRUE,NA
"b",-2.05,-0.218660527345351,1.17167480540327,1.88244511044149,1.91397923967483,3.59781242621895,TRUE,NA
"b",-2.04,-0.219643352010727,1.16629423883101,1.87733236569827,1.90885931613347,3.58824320208251,TRUE,NA
"b",-2.03,-0.220637840746323,1.160895822588,1.87220322661383,1.9037281335126,3.5786810567692,TRUE,NA
"b",-2.02,-0.221644253395615,1.15547948533144,1.86705760931287,1.89858565522585,3.5691261750633,TRUE,NA
"b",-2.01,-0.222662856001513,1.15004515654598,1.86189543065993,1.89343184560136,3.55957874744275,TRUE,NA
"b",-2,-0.223693920867138,1.14459276659791,1.85671660831887,1.88826666993118,3.55003897023291,TRUE,NA
"b",-1.99,-0.22473772661064,1.13912224679097,1.85152106081415,1.88309009452193,3.54050704576212,TRUE,NA
"b",-1.98,-0.225794558213609,1.13363352942363,1.84630870759383,1.87790208674685,3.53098318251888,TRUE,NA
"b",-1.97,-0.226864707062611,1.12812654784785,1.8410794690942,1.87270261509901,3.52146759531061,TRUE,NA
"b",-1.96,-0.227948470983372,1.12260123652941,1.83583326680614,1.86749164924598,3.51196050542366,TRUE,NA
"b",-1.95,-0.229046154267108,1.11705753110956,1.83057002334313,1.86226916008561,3.50246214078455,TRUE,NA
"b",-1.94,-0.230158067688535,1.11149536846832,1.82528966251086,1.85703511980317,3.49297273612212,TRUE,NA
"b",-1.93,-0.231284528515044,1.10591468678907,1.81999210937858,1.85178950192967,3.48349253313043,TRUE,NA
"b",-1.92,-0.232425860506537,1.1003154256246,1.81467729035186,1.84653228140137,3.4740217806322,TRUE,NA
"b",-1.91,-0.233582393905437,1.09469752596455,1.80934513324707,1.84126343462052,3.46456073474259,TRUE,NA
"b",-1.9,-0.234754465416359,1.08906093030416,1.80399556736727,1.83598293951714,3.45510965903292,TRUE,NA
"b",-1.89,-0.235942418174946,1.08340558271434,1.7986285235796,1.83069077561201,3.44566882469424,TRUE,NA
"b",-1.88,-0.237146601705382,1.07773142891299,1.79324393439412,1.82538692408061,3.43623851070041,TRUE,NA
"b",-1.87,-0.238367371866077,1.07203841633755,1.78784173404392,1.82007136781813,3.42681900397034,TRUE,NA
"b",-1.86,-0.239605090783085,1.06632649421864,1.78242185856662,1.81474409150539,3.41741059952917,TRUE,NA
"b",-1.85,-0.240860126770737,1.06059561365484,1.77698424588708,1.8094050816757,3.40801360066802,TRUE,NA
"b",-1.84,-0.242132854239102,1.05484572768848,1.77152883590117,1.80405432678247,3.39862831910197,TRUE,NA
"b",-1.83,-0.243423653587795,1.04907679138241,1.76605557056077,1.79869181726773,3.38925507512603,TRUE,NA
"b",-1.82,-0.244732911085753,1.04328876189754,1.76056439395962,1.79331754563115,3.37989419776851,TRUE,NA
"b",-1.81,-0.246061018736588,1.03748159857137,1.75505525242014,1.78793150649984,3.37054602494169,TRUE,NA
"b",-1.8,-0.247408374129161,1.03165526299692,1.74952809458096,1.78253369669861,3.36121090358924,TRUE,NA
"b",-1.79,-0.248775380273046,1.02580971910269,1.7439828714854,1.77712411532067,3.35188918983,TRUE,NA
"b",-1.78,-0.250162445418609,1.01994493323267,1.73841953667002,1.77170276379872,3.34258124909782,TRUE,NA
"b",-1.77,-0.251569982861434,1.01406087422715,1.7328380462542,1.76626964597629,3.3332874562769,TRUE,NA
"b",-1.76,-0.25299841073089,1.00815751350355,1.72723835902969,1.76082476817918,3.32400819583236,TRUE,NA
"b",-1.75,-0.25444815176268,1.00223482513758,1.72162043655039,1.75536813928706,3.31474386193544,TRUE,NA
"b",-1.74,-0.255919633055225,0.996292785944461,1.71598424322245,1.74989977080495,3.30549485858312,TRUE,NA
"b",-1.73,-0.257413285809846,0.990331375560001,1.71032974639403,1.74441967693449,3.29626159971142,TRUE,NA
"b",-1.72,-0.258929545054704,0.984350576521489,1.70465691644488,1.73892787464499,3.28704450930224,TRUE,NA
"b",-1.71,-0.260468849352537,0.978350374348464,1.6989657268759,1.73342438374405,3.27784402148303,TRUE,NA
"b",-1.7,-0.262031640492318,0.972330757622586,1.69325615439746,1.72790922694762,3.26866058061909,TRUE,NA
"b",-1.69,-0.263618363164949,0.966291718067292,1.6875281790177,1.72238242994938,3.25949464139777,TRUE,NA
"b",-1.68,-0.265229464623233,0.960233250626704,1.68178178413001,1.7168440214894,3.25034666890433,TRUE,NA
"b",-1.67,-0.266865394326446,0.954155353543191,1.67601695659872,1.71129403342176,3.24121713868901,TRUE,NA
"b",-1.66,-0.268526603569773,0.948058028434482,1.67023368684464,1.70573250078114,3.23210653682472,TRUE,NA
"b",-1.65,-0.270213545099132,0.941941280369072,1.66443196892847,1.70015946184829,3.22301535995504,TRUE,NA
"b",-1.64,-0.27192667271182,0.935805117940226,1.65861180063251,1.69457495821393,3.21394411533212,TRUE,NA
"b",-1.63,-0.273666440843467,0.92964955333936,1.65277318354233,1.68897903484146,3.20489332084393,TRUE,NA
"b",-1.62,-0.275433304142125,0.923474602426334,1.64691612312403,1.68337174012768,3.19586350503065,TRUE,NA
"b",-1.61,-0.277227717029945,0.917280284799113,1.64104062880164,1.67775312596219,3.18685520708963,TRUE,NA
"b",-1.6,-0.279050133253461,0.911066623860045,1.63514671402983,1.67212324778423,3.17786897686877,TRUE,NA
"b",-1.59,-0.280901005422934,0.904833646882284,1.62923439636822,1.66648216463829,3.16890537484761,TRUE,NA
"b",-1.58,-0.28278078454212,0.898581385071518,1.62330369754897,1.66082993922674,3.15996497210626,TRUE,NA
"b",-1.57,-0.284689919529043,0.892309873626554,1.61735464354396,1.65516663796063,3.15104835028145,TRUE,NA
"b",-1.56,-0.28662885672918,0.886019151794971,1.61138726462509,1.64949233100766,3.14215610150988,TRUE,NA
"b",-1.55,-0.28859803942106,0.879709262933202,1.60540159543369,1.64380709233827,3.13328882835768,TRUE,NA
"b",-1.54,-0.290597907317944,0.873380254548518,1.59939767502107,1.63811099976738,3.12444714373757,TRUE,NA
"b",-1.53,-0.292628896062187,0.867032178362211,1.59337554692652,1.63240413499621,3.11563167081057,TRUE,NA
"b",-1.52,-0.294691436720735,0.860665090333029,1.58733525919036,1.62668658364625,3.10684304287653,TRUE,NA
"b",-1.51,-0.296785955264542,0.854279050787305,1.5812768645471,1.62095843531256,3.09808190324229,TRUE,NA
"b",-1.5,NA,NA,NA,NA,NA,FALSE,"S1: |a_{i,1}|≈0 detected. Use the cubic (Remark 1) branch for p_i(x)."
"b",-1.49,-0.301072601473268,0.841450379593464,1.56910598765812,1.6094707258884,3.08064471135788,TRUE,NA
"b",-1.48,-0.303265551073953,0.835007890314201,1.56299363396184,1.60371136401982,3.07196999446819,TRUE,NA
"b",-1.47,-0.305492121433183,0.828546734204268,1.5568634303357,1.59794180360283,3.06332543625775,TRUE,NA
"b",-1.46,-0.307752705487058,0.82206699345621,1.55071545274367,1.59216215438425,3.0547117277346,TRUE,NA
"b",-1.45,-0.310047688053336,0.815568754787311,1.54454978200415,1.58637253021081,3.04612956886722,TRUE,NA
"b",-1.44,-0.312377445354261,0.809052109390818,1.53836650370055,1.58057304902678,3.03757966836605,TRUE,NA
"b",-1.43,-0.314742344536824,0.802517152961669,1.53216570821694,1.57476383288271,3.02906274344454,TRUE,NA
"b",-1.42,-0.317142743206205,0.79596398569669,1.5259474907342,1.56894500793678,3.02057951956836,TRUE,NA
"b",-1.41,-0.319578988968589,0.78939271230279,1.51971195124133,1.56311670445408,3.01213073019019,TRUE,NA
"b",-1.4,-0.322051418987397,0.782803441995105,1.51345919453265,1.55727905680129,3.0037171164718,TRUE,NA
"b",-1.39,-0.324560359553533,0.776196288489543,1.5071893301982,1.55143220343699,2.99533942699352,TRUE,NA
"b",-1.38,-0.327106125669734,0.769571369995787,1.50090247261708,1.54557628689947,2.98699841745066,TRUE,NA
"b",-1.37,-0.329689020651606,0.762928809202276,1.49459874093999,1.53971145378924,2.97869485033821,TRUE,NA
"b",-1.36,-0.332309335745714,0.756268733257403,1.488278259068,1.53383785474884,2.97042949462376,TRUE,NA
"b",-1.35,-0.334967349765404,0.749591273748448,1.48194115562974,1.52795564443824,2.96220312540886,TRUE,NA
"b",-1.34,-0.337663328746211,0.742896566673497,1.47558756394958,1.52206498150654,2.95401652357997,TRUE,NA
"b",-1.33,-0.34039752562078,0.736184752411273,1.46921762201454,1.51616602856019,2.94587047544875,TRUE,NA
"b",-1.32,-0.343170179914713,0.72945597568571,1.46283147243493,1.5102589521273,2.9377657723827,TRUE,NA
"b",-1.31,-0.345981517463744,0.722710385526854,1.45642926240119,1.50434392261852,2.92970321042652,TRUE,NA
"b",-1.3,-0.348831750153042,0.715948135227359,1.45001114363573,1.49842111428413,2.92168358991483,TRUE,NA
"b",-1.29,-0.351721075679022,0.709169382295386,1.44357727234098,1.49249070516797,2.91370771507681,TRUE,NA
"b",-1.28,-0.354649677334231,0.70237428840349,1.43712780914311,1.4865528770578,2.90577639363327,TRUE,NA
"b",-1.27,-0.357617723815655,0.695563019333684,1.43066291903145,1.48060781543245,2.89789043638709,TRUE,NA
"b",-1.26,-0.360625369056718,0.688735744918814,1.42418277129399,1.47465570940577,2.89005065680729,TRUE,NA
"b",-1.25,-0.363672752083149,0.68189263898047,1.41768753944911,1.46869675166751,2.88225787060773,TRUE,NA
"b",-1.24,-0.366759996892841,0.675033879263397,1.41117740117349,1.46273113842133,2.87451289532084,TRUE,NA
"b",-1.23,-0.36988721235972,0.668159647366617,1.40465253822651,1.45675906931983,2.86681654986725,TRUE,NA
"b",-1.22,-0.373054492161567,0.661270128671267,1.39811313637103,1.45078074739702,2.85916965412193,TRUE,NA
"b",-1.21,-0.376261914731581,0.654365512265601,1.39155938529126,1.44479637899817,2.85157302847748,TRUE,NA
"b",-1.2,-0.379509543233558,0.647445990866884,1.38499147850708,1.43880617370714,2.84402749340534,TRUE,NA
"b",-1.19,-0.382797425560286,0.640511760740633,1.37840961328572,1.43281034427158,2.83653386901558,TRUE,NA
"b",-1.18,-0.386125594354814,0.633563021617289,1.37181399055056,1.42680910652581,2.82909297461586,TRUE,NA
"b",-1.17,-0.38949406705416,0.626599976606348,1.36520481478726,1.42080267931179,2.82170562827039,TRUE,NA
"b",-1.16,-0.392902845954895,0.619622832108326,1.35858229394762,1.41479128439824,2.81437264635946,TRUE,NA
"b",-1.15,-0.396351918300083,0.612631797724466,1.35194663935099,1.40877514639792,2.80709484314016,TRUE,NA
"b",-1.14,-0.399841256386884,0.605627086164627,1.34529806558384,1.40275449268352,2.79987303030904,TRUE,NA
"b",-1.13,-0.403370817694192,0.598608913153213,1.33863679039716,1.39672955330198,2.79270801656728,TRUE,NA
"b",-1.12,-0.406940545029501,0.591577497333636,1.33196303460244,1.39070056088767,2.78560060718891,TRUE,NA
"b",-1.11,-0.410550366694312,0.584533060171141,1.3252770219659,1.38466775057436,2.77855160359283,TRUE,NA
"b",-1.1,-0.414200196667178,0.577475825854441,1.31857897910154,1.37863135990628,2.77156180291913,TRUE,NA
"b",-1.09,-0.417889934803611,0.570406021196108,1.31186913536277,1.37259162874835,2.76463199761017,TRUE,NA
"b",-1.08,-0.421619467051923,0.563323875532043,1.30514772273339,1.3665487991957,2.75776297499715,TRUE,NA
"b",-1.07,-0.425388665684148,0.556229620620059,1.29841497571743,1.36050311548273,2.75095551689254,TRUE,NA
"b",-1.06,-0.429197389541103,0.5491234905378,1.29167113122852,1.35445482389172,2.7442103991889,TRUE,NA
"b",-1.05,-0.433045484290676,0.542005721580124,1.28491642847864,1.34840417266117,2.73752839146455,TRUE,NA
"b",-1.04,-0.436932782698397,0.534876552156088,1.27815110886667,1.34235141189412,2.73091025659656,TRUE,NA
"b",-1.03,-0.440859104909364,0.527736222685722,1.27137541586664,1.33629679346635,2.72435675038149,TRUE,NA
"b",-1.02,-0.44482425874056,0.520584975496709,1.26458959491614,1.33024057093482,2.71786862116409,TRUE,NA
"b",-1.01,-0.448828039982692,0.513423054721005,1.25779389330457,1.32418299944631,2.71144660947471,TRUE,NA
"b",-1,-0.45287023271051,0.506250706191801,1.25098856006203,1.31812433564648,2.70509144767527,TRUE,NA
"b",-0.99,-0.456950609600839,0.499068177340579,1.24417384584824,1.31206483758937,2.69880385961458,TRUE,NA
"b",-0.98,-0.461068932257285,0.491875717094758,1.23735000284233,1.30600476464757,2.69258456029287,TRUE,NA
"b",-0.970000000000001,-0.465224951540846,0.484673575775724,1.23051728463301,1.299944377423,2.68643425553618,TRUE,NA
"b",-0.959999999999999,-0.469418407905436,0.477462004997716,1.22367594610996,1.29388393765863,2.68035364168047,TRUE,NA
"b",-0.949999999999999,-0.473649031737683,0.470241257567162,1.21682624335547,1.28782370815095,2.67434340526604,TRUE,NA
"b",-0.94,-0.477916543699957,0.463011587383136,1.20996843353772,1.28176395266353,2.66840422274211,TRUE,NA
"b",-0.93,-0.482220655076006,0.455773249338637,1.20310277480474,1.27570493584162,2.66253676018193,TRUE,NA
"b",-0.92,-0.486561068118366,0.448526499222958,1.19622952618006,1.26964692312795,2.65674167300849,TRUE,NA
"b",-0.91,-0.490937476396867,0.441271593625094,1.18934894745889,1.26359018067962,2.65101960573092,TRUE,NA
"b",-0.9,-0.495349565147448,0.434008789838533,1.18246129910674,1.25753497528655,2.64537119169177,TRUE,NA
"b",-0.890000000000001,-0.499797011620768,0.426738345767067,1.17556684215836,1.25148157429092,2.63979705282505,TRUE,NA
"b",-0.879999999999999,-0.50427948542979,0.419460519832233,1.16866583811926,1.24543024550848,2.63429779942533,TRUE,NA
"b",-0.869999999999999,-0.508796648895896,0.412175570882005,1.16175854886816,1.23938125715094,2.62887402992769,TRUE,NA
"b",-0.859999999999999,-0.513348157392918,0.404883758100948,1.15484523656127,1.23333487775014,2.6235263306987,TRUE,NA
"b",-0.85,-0.517933659688529,0.397585340921942,1.14792616353854,1.22729137608369,2.61825527583835,TRUE,NA
"b",-0.84,-0.522552798282465,0.390280578939604,1.14100159223138,1.22125102110229,2.61306142699283,TRUE,NA
"b",-0.83,-0.527205209741274,0.382969731825062,1.13407178507225,1.21521408185858,2.60794533317834,TRUE,NA
"b",-0.82,-0.531890525028901,0.375653059242741,1.12713700440669,1.20918082743799,2.60290753061552,TRUE,NA
"b",-0.81,-0.536608369833029,0.368330820768446,1.12019751240583,1.20315152689078,2.59794854257486,TRUE,NA
"b",-0.799999999999999,-0.541358364886456,0.361003275809606,1.113253570983,1.19712644916651,2.59306887923254,TRUE,NA
"b",-0.789999999999999,-0.546140126283555,0.353670683526806,1.10630544170976,1.19110586304946,2.58826903753702,TRUE,NA
"b",-0.779999999999999,-0.550953265791035,0.346333302757753,1.09935338573655,1.18509003709682,2.58354950108581,TRUE,NA
"b",-0.77,-0.55579739115333,0.338991391942281,1.09239766371291,1.1790792395776,2.57891074001285,TRUE,NA
"b",-0.76,-0.560672106391819,0.331645209049707,1.08543853571171,1.17307373841429,2.57435321088584,TRUE,NA
"b",-0.75,-0.565577012097911,0.324295011507933,1.07847626115354,1.16707380112555,2.5698773566136,TRUE,NA
"b",-0.74,-0.570511705719922,0.316941056134087,1.07151109873572,1.16107969477159,2.56548360636345,TRUE,NA
"b",-0.73,-0.575475781843073,0.309583599067781,1.06454330636001,1.15509168590045,2.56117237548789,TRUE,NA
"b",-0.720000000000001,-0.580468832463364,0.30222289570502,1.05757314106596,1.14911004049673,2.55694406546138,TRUE,NA
"b",-0.709999999999999,-0.58549044725423,0.294859200634962,1.0506008589619,1.1431350239318,2.55279906382595,TRUE,NA
"b",-0.699999999999999,-0.590540213826198,0.287492767578699,1.04362671516413,1.13716690091631,2.54873774414589,TRUE,NA
"b",-0.69,-0.59561771798047,0.280123849328063,1.03665096373115,1.13120593545338,2.54476046597226,TRUE,NA
"b",-0.68,-0.600722543954043,0.272752697689319,1.02967385760546,1.12525239079547,2.54086757481462,TRUE,NA
"b",-0.67,-0.605854274659432,0.265379563425175,1.02269564855393,1.11930652940062,2.5370594021231,TRUE,NA
"b",-0.66,-0.611012491915548,0.258004696202341,1.01571658711286,1.11336861289269,2.53333626527685,TRUE,NA
"b",-0.65,-0.616196776672941,0.250628344537883,1.00873692253412,1.10743890202261,2.52969846758212,TRUE,NA
"b",-0.640000000000001,-0.621406709232212,0.24325075574691,1.00175690272789,1.1015176566295,2.52614629827881,TRUE,NA
"b",-0.629999999999999,-0.626641869452241,0.235872175898399,0.994776774218991,1.09560513560691,2.52268003255059,TRUE,NA
"b",-0.619999999999999,-0.631901836956679,0.228492849762075,0.987796782097045,1.08970159686803,2.51929993154923,TRUE,NA
"b",-0.609999999999999,-0.637186191328764,0.221113020766722,0.980817169963526,1.08380729731387,2.51600624242006,TRUE,NA
"b",-0.6,-0.642494512301641,0.213732930955151,0.973838179890868,1.07792249280134,2.51279919833772,TRUE,NA
"b",-0.59,-0.647826379939844,0.206352820944943,0.966860052391966,1.07204743811814,2.50967901854596,TRUE,NA
"b",-0.58,-0.653181374819948,0.198972929879413,0.959883026349984,1.06618238694805,2.50664590841168,TRUE,NA
"b",-0.57,-0.658559078194101,0.191593495400472,0.952907339008319,1.06032759185309,2.50370005947186,TRUE,NA
"b",-0.56,-0.663959072156504,0.184214753604693,0.945933225927503,1.05448330424721,2.50084164949893,TRUE,NA
"b",-0.549999999999999,-0.669380939801386,0.176836939005016,0.938960920913481,1.0486497743633,2.49807084256939,TRUE,NA
"b",-0.539999999999999,-0.674824265358383,0.169460284524921,0.93199065605481,1.04282725125363,2.49538778911648,TRUE,NA
"b",-0.529999999999999,-0.680288634373484,0.16208502139574,0.925022661689306,1.03701598276808,2.49279262605774,TRUE,NA
"b",-0.52,-0.685773633777509,0.154711379256779,0.918057166080486,1.03121621545404,2.49028547678441,TRUE,NA
"b",-0.51,-0.691278852219902,0.147339585748102,0.911094396186644,1.0254281947514,2.48786645152647,TRUE,NA
"b",-0.5,NA,NA,NA,NA,NA,FALSE,"S1: |a_{i,1}|≈0 detected. Use the cubic (Remark 1) branch for p_i(x)."
"b",-0.49,-0.702348308264414,0.132602448555009,0.897177929348584,1.01388836800234,2.48329314612188,TRUE,NA
"b",-0.48,-0.707911732194652,0.125237551167656,0.890224676541458,1.00813704608622,2.48113902057883,TRUE,NA
"b",-0.470000000000001,-0.713493747083665,0.117875396728497,0.883275036327086,1.0023984394308,2.47907332712749,TRUE,NA
"b",-0.459999999999999,-0.719093951110074,0.110516204061824,0.876329226247214,0.996672786888096,2.4770961105231,TRUE,NA
"b",-0.449999999999999,-0.724711944690412,0.103160190135466,0.869387460886024,0.990960325893625,2.47520740277696,TRUE,NA
"b",-0.44,-0.730347330475063,0.0958075702161206,0.862449953279913,0.98526129269107,2.47340722313205,TRUE,NA
"b",-0.43,-0.735999713540795,0.088458557661459,0.855516914421413,0.979575922187172,2.47169557833213,TRUE,NA
"b",-0.42,-0.741668701472503,0.0811133639072094,0.848588553143937,0.97390444788741,2.47007246274391,TRUE,NA
"b",-0.41,-0.747353904434149,0.0737721984661979,0.841665076305267,0.968247101970446,2.46853785847297,TRUE,NA
"b",-0.4,-0.753054935239969,0.0664352689197193,0.834746688658764,0.962604115245553,2.46709173548927,TRUE,NA
"b",-0.390000000000001,-0.758771409432099,0.0591027808910223,0.827833592877503,0.956975717156025,2.46573405177157,TRUE,NA
"b",-0.379999999999999,-0.764502945341779,0.0517749380414443,0.82092598953564,0.951362135775111,2.46446475343625,TRUE,NA
"b",-0.369999999999999,-0.770249164151226,0.0444519420591687,0.814024077104414,0.945763597808199,2.46328377487566,TRUE,NA
"b",-0.359999999999999,-0.776009689952684,0.0371339926470188,0.807128051938726,0.940180328586364,2.46219103890045,TRUE,NA
"b",-0.35,-0.781784149802607,0.029821287513081,0.800238108273874,0.934612552068206,2.46118645688258,TRUE,NA
"b",-0.34,-0.787572173770417,0.0225140223652693,0.793354438215824,0.929060490838687,2.46026992889745,TRUE,NA
"b",-0.33,-0.793373394988083,0.0152123908992491,0.786477231735968,0.923524366108506,2.45944134387491,TRUE,NA
"b",-0.32,-0.799187449689553,0.00791658479878921,0.779606676670577,0.91800439771791,2.45870057974129,TRUE,NA
"b",-0.31,-0.805013977254478,0.000626793723910724,0.772742958710911,0.912500804134982,2.45804750357507,TRUE,NA
"b",-0.299999999999999,-0.810852620242705,-0.00665679468977209,0.765886261406093,0.907013802459604,2.45748197175445,TRUE,NA
"b",-0.289999999999999,-0.816703024427071,-0.0139339948333403,0.759036766160518,0.901543608426184,2.45700383010832,TRUE,NA
"b",-0.279999999999999,-0.822564838826385,-0.021204623131353,0.752194652231907,0.89609043640515,2.45661291407347,TRUE,NA
"b",-0.27,-0.828437715730749,-0.028468498039805,0.745360096732737,0.890654499407372,2.45630904884517,TRUE,NA
"b",-0.26,-0.83432131072714,-0.0357254400484017,0.738533274631479,0.885236009087283,2.45609204953345,TRUE,NA
"b",-0.25,-0.840215282721804,-0.0429752716812276,0.731714358753974,0.879835175746677,2.45596172131927,TRUE,NA
"b",-0.24,-0.846119293959361,-0.0502178174954546,0.724903519786193,0.874452208338978,2.45591785961028,TRUE,NA
"b",-0.23,-0.852033010039955,-0.0574529040802224,0.718100926278671,0.869087314473095,2.45596025019774,TRUE,NA
"b",-0.220000000000001,-0.857956099933911,-0.0646803600546184,0.711306744649428,0.863740700418075,2.4560886694138,TRUE,NA
"b",-0.209999999999999,-0.863888235993916,-0.0719000160646646,0.704521139190317,0.858412571107414,2.45630288428867,TRUE,NA
"b",-0.199999999999999,-0.869829093965362,-0.0791117047802329,0.697744272071562,0.853103130143345,2.45660265270859,TRUE,NA
"b",-0.19,-0.875778352994414,-0.0863152608910425,0.690976303348526,0.84781257980132,2.4569877235736,TRUE,NA
"b",-0.18,-0.8817356956339,-0.0935105211017699,0.684217390968792,0.842541121034283,2.45745783695499,TRUE,NA
"b",-0.17,-0.887700807847369,-0.10069732412674,0.677467690779678,0.837288953476941,2.45801272425286,TRUE,NA
"b",-0.16,-0.893673379011648,-0.107875510684588,0.670727356535758,0.832056275449477,2.45865210835409,TRUE,NA
"b",-0.15,-0.899653101917094,-0.115044923491513,0.663996539908108,0.826843283961424,2.45937570378904,TRUE,NA
"b",-0.140000000000001,-0.905639672766379,-0.122205407254354,0.657275390493578,0.821650174715245,2.46018321688839,TRUE,NA
"b",-0.129999999999999,-0.911632791171901,-0.129356808663529,0.650564055824041,0.816477142109186,2.46107434593986,TRUE,NA
"b",-0.119999999999999,-0.917632160151246,-0.136498976384845,0.643862681377058,0.811324379240167,2.46204878134383,TRUE,NA
"b",-0.109999999999999,-0.923637486121668,-0.143631761051593,0.637171410585656,0.80619207790573,2.46310620576915,TRUE,NA
"b",-0.0999999999999996,-0.929648478892608,-0.150755015255305,0.630490384850566,0.801080428606144,2.46424629430733,TRUE,NA
"b",-0.0899999999999999,-0.935664851657465,-0.157868593537008,0.623819743550833,0.795989620545319,2.46546871462718,TRUE,NA
"b",-0.0800000000000001,-0.941686320983741,-0.164972352377481,0.617159624055621,0.790919841631277,2.46677312712789,TRUE,NA
"b",-0.0700000000000003,-0.947712606802158,-0.1720661501874,0.610510161737132,0.785871278476281,2.46815918509173,TRUE,NA
"b",-0.0600000000000005,-0.953743432394597,-0.179149847297062,0.603871489982333,0.780844116395658,2.46962653483582,TRUE,NA
"b",-0.0499999999999989,-0.959778524380995,-0.186223305945786,0.597243740206183,0.775838539406298,2.47117481586295,TRUE,NA
"b",-0.0399999999999991,-0.965817612705152,-0.193286390270906,0.590627041864951,0.770854730224143,2.47280366101147,TRUE,NA
"b",-0.0299999999999994,-0.971860430619819,-0.200338966296802,0.584021522469122,0.765892870260612,2.47451269660453,TRUE,NA
"b",-0.0199999999999996,-0.977906714670632,-0.207380901923276,0.577427307597385,0.760953139618306,2.4763015425979,TRUE,NA
"b",-0.00999999999999979,-0.983956204679288,-0.214412066913796,0.570844520910534,0.756035717085582,2.47816981272686,TRUE,NA
"b",0,-0.990008643726098,-0.221432332883773,0.564273284165241,0.751140780129963,2.48011711465238,TRUE,NA
"b",0.00999999999999979,-0.996063778131494,-0.228441573288134,0.557713717228689,0.74626850489059,2.48214305010558,TRUE,NA
"b",0.0199999999999996,-1.00212135743716,-0.235439663409203,0.551165938092581,0.741419066169249,2.48424721503169,TRUE,NA
"b",0.0299999999999994,-1.00818113438637,-0.242426480344156,0.544630062887963,0.736592637420343,2.48642919973258,TRUE,NA
"b",0.0400000000000009,-1.01424286490365,-0.249401902992254,0.538106205899839,0.731789390739428,2.48868858900797,TRUE,NA
"b",0.0500000000000007,-1.0203063080741,-0.256365812042118,0.531594479581779,0.727009496850377,2.49102496229579,TRUE,NA
"b",0.0600000000000005,-1.02637122612203,-0.263318089958853,0.525094994570934,0.722253125091174,2.49343789381124,TRUE,NA
"b",0.0700000000000003,-1.03243738438924,-0.27025862097097,0.518607859702792,0.717520443398139,2.49592695268448,TRUE,NA
"b",0.0800000000000001,-1.03850455131279,-0.277187291057363,0.512133182026104,0.712811618288645,2.49849170309738,TRUE,NA
"b",0.0899999999999999,-1.0445724984025,-0.284103987934128,0.505671066817888,0.70812681484224,2.50113170441884,TRUE,NA
"b",0.0999999999999996,-1.05064100021795,-0.291008601041369,0.499221617598316,0.703466196680079,2.50384651133896,TRUE,NA
"b",0.109999999999999,-1.05670983434531,-0.297901021530031,0.492784936145565,0.698829925942638,2.50663567400209,TRUE,NA
"b",0.120000000000001,-1.06277878137384,-0.304781142248629,0.486361122510787,0.694218163265696,2.50949873813845,TRUE,NA
"b",0.130000000000001,-1.06884762487209,-0.311648857730054,0.479950275032763,0.689631067754433,2.51243524519471,TRUE,NA
"b",0.140000000000001,-1.07491615136405,-0.318504064178407,0.473552490352746,0.685068796955727,2.5154447324633,TRUE,NA
"b",0.15,-1.08098415030493,-0.325346659455831,0.46716786342896,0.680531506828451,2.51852673321048,TRUE,NA
"b",0.16,-1.08705141405694,-0.332176543069398,0.460796487551296,0.676019351711899,2.52168077680319,TRUE,NA
"b",0.17,-1.09311773786492,-0.338993616158185,0.45443845435536,0.671532484292049,2.52490638883493,TRUE,NA
"b",0.18,-1.09918291983187,-0.345797781480274,0.448093853837,0.667071055565922,2.52820309125012,TRUE,NA
"b",0.19,-1.10524676089441,-0.352588943399958,0.44176277436617,0.66263521480374,2.53157040246758,TRUE,NA
"b",0.200000000000001,-1.11130906479825,-0.359367007875061,0.435445302700847,0.658225109508966,2.53500783750276,TRUE,NA
"b",0.210000000000001,-1.11736963807367,-0.366131882444397,0.429141524000643,0.653840885376171,2.53851490808889,TRUE,NA
"b",0.220000000000001,-1.12342829001096,-0.372883476215328,0.422851521840292,0.649482686246693,2.54209112279695,TRUE,NA
"b",0.23,-1.12948483263593,-0.379621699851528,0.416575378222845,0.645150654062055,2.54573598715462,TRUE,NA
"b",0.24,-1.13553908068558,-0.386346465560964,0.410313173592589,0.640844928815103,2.54944900376425,TRUE,NA
"b",0.25,-1.1415908515837,-0.393057687083984,0.404064986847774,0.636565648498869,2.5532296724196,TRUE,NA
"b",0.26,-1.14763996541675,-0.39975527968167,0.397830895353043,0.632312949053134,2.55707749022175,TRUE,NA
"b",0.27,-1.15368624490976,-0.406439160124414,0.391610974951453,0.628086964308619,2.56099195169398,TRUE,NA
"b",0.279999999999999,-1.15972951540246,-0.413109246680679,0.38540529997644,0.623887825928936,2.56497254889564,TRUE,NA
"b",0.290000000000001,-1.16576960482556,-0.419765459106037,0.379213943263209,0.619715663350108,2.56901877153514,TRUE,NA
"b",0.300000000000001,-1.1718063436778,-0.426407718632745,0.373036976159582,0.615570603722641,2.57313010708256,TRUE,NA
"b",0.31,-1.17783956500017,-0.433035947958083,0.36687446853847,0.611452771826337,2.57730604087884,TRUE,NA
"b",0.32,-1.18386910435669,-0.439650071236125,0.360726488805668,0.607362290034212,2.58154605624937,TRUE,NA
"b",0.33,-1.18989479980889,-0.446250014066462,0.354593103911879,0.603299278221078,2.58584963461131,TRUE,NA
"b",0.34,-1.19591649189396,-0.452835703484989,0.348474379362003,0.599263853697199,2.59021625558305,TRUE,NA
"b",0.35,-1.20193402360244,-0.45940706795462,0.342370379224403,0.595256131134076,2.59464539709225,TRUE,NA
"b",0.359999999999999,-1.20794724035619,-0.465964037356319,0.336281166139957,0.591276222488001,2.59913653548325,TRUE,NA
"b",0.370000000000001,-1.21395598998671,-0.472506542980439,0.330206801330592,0.58732423692148,2.60368914562372,TRUE,NA
"b",0.380000000000001,-1.2199601227137,-0.479034517518384,0.324147344607516,0.583400280722585,2.60830270101075,TRUE,NA
"b",0.390000000000001,-1.22595949112404,-0.485547895054653,0.318102854378891,0.579504457222228,2.61297667387626,TRUE,NA
"b",0.4,-1.23195395015104,-0.49204661105917,0.312073387657249,0.575636866709471,2.6177105352919,TRUE,NA
"b",0.41,-1.237943357054,-0.498530602379965,0.306059000066396,0.571797606344966,2.6225037552733,TRUE,NA
"b",0.42,-1.24392757139824,-0.504999807236231,0.300059745847938,0.567986770072598,2.6273558028839,TRUE,NA
"b",0.43,-1.24990645503533,-0.511454165211709,0.294075677867339,0.564204448529435,2.63226614633818,TRUE,NA
"b",0.44,-1.25587987208387,-0.517893617248457,0.28810684761956,0.560450728954032,2.63723425310459,TRUE,NA
"b",0.450000000000001,-1.26184768891044,-0.524318105640927,0.282153305234326,0.556725695093333,2.64225959000782,TRUE,NA
"b",0.460000000000001,-1.26780977411083,-0.53072757403049,0.27621509948088,0.55302942711523,2.64734162333097,TRUE,NA
"b",0.470000000000001,-1.27376599849292,-0.537121967400049,0.270292277772445,0.549362001485163,2.65247981891666,TRUE,NA
"b",0.48,-1.27971623505719,-0.543501232069547,0.264384886170021,0.545723490909996,2.65767364226895,TRUE,NA
"b",0.49,-1.28566035898046,-0.549865315691275,0.258492969386024,0.542113964213854,2.66292255865376,TRUE,NA
"b",0.5,-1.29159824759851,-0.556214167245807,0.252616570787364,0.538533486246137,2.66822603319954,TRUE,NA
"b",0.51,-1.29752978038945,-0.562547737038236,0.246755732398174,0.534982117782521,2.67358353099751,TRUE,NA
"b",0.52,-1.30345483895747,-0.568865976694764,0.240910494902063,0.531459915425539,2.67899451720164,TRUE,NA
"b",0.529999999999999,-1.30937330701689,-0.575168839159605,0.235080897644086,0.527966931505002,2.68445845712834,TRUE,NA
"b",0.540000000000001,-1.3152850703767,-0.581456278692247,0.2292669786322,0.524503213978414,2.68997481635585,TRUE,NA
"b",0.550000000000001,-1.32119001692543,-0.587728250865023,0.223468774538442,0.521068806331612,2.69554306082342,TRUE,NA
"b",0.56,-1.32708803661635,-0.593984712561017,0.217686320699709,0.517663747479871,2.70116265693023,TRUE,NA
"b",0.57,-1.33297902145308,-0.600225621972242,0.211919651118184,0.514288071669675,2.70683307163402,TRUE,NA
"b",0.58,-1.3388628654756,-0.606450938598163,0.206168798461404,0.510941808381417,2.71255377254953,TRUE,NA
"b",0.59,-1.34473946474646,-0.612660623244447,0.2004337940621,0.507624982233281,2.71832422804661,TRUE,NA
"b",0.6,-1.35060871733757,-0.618854638022062,0.194714667917561,0.504337612886534,2.72414390734823,TRUE,NA
"b",0.609999999999999,-1.35647052331704,-0.625032946346539,0.189011448688902,0.501079714952524,2.73001228062799,TRUE,NA
"b",0.620000000000001,-1.36232478473659,-0.631195512937576,0.183324163699919,0.497851297901639,2.73592881910761,TRUE,NA
"b",0.630000000000001,-1.36817140561916,-0.637342303818796,0.177652838935757,0.49465236597449,2.74189299515391,TRUE,NA
"b",0.640000000000001,-1.37401029194676,-0.643473286317754,0.171997499041352,0.491482918095626,2.74790428237562,TRUE,NA
"b",0.65,-1.37984135164876,-0.649588429066142,0.166358167319617,0.488342947790037,2.75396215571987,TRUE,NA
"b",0.66,-1.3856644945903,-0.655687702000146,0.160734865729511,0.485232443102748,2.76006609156819,TRUE,NA
"b",0.67,-1.39147963256107,-0.661771076360982,0.155127614883888,0.482151386521786,2.76621556783228,TRUE,NA
"b",0.68,-1.39728667926424,-0.667838524695556,0.149536434047266,0.47909975490482,2.77241006404928,TRUE,NA
"b",0.69,-1.40308555030569,-0.67389002085725,0.143961341133425,0.476077519409739,2.77864906147662,TRUE,NA
"b",0.700000000000001,-1.40887616318341,-0.679925540006798,0.138402352702965,0.473084645429488,2.78493204318641,TRUE,NA
"b",0.710000000000001,-1.41465843727709,-0.685945058613231,0.132859483960809,0.470121092531427,2.79125849415927,TRUE,NA
"b",0.720000000000001,-1.4204322938379,-0.691948554454875,0.127332748753645,0.467186814401498,2.79762790137759,TRUE,NA
"b",0.73,-1.42619765597838,-0.697936006620379,0.121822159567402,0.464281758793482,2.80403975391822,TRUE,NA
"b",0.74,-1.43195444866254,-0.703907395509735,0.116327727524737,0.461405867483616,2.81049354304444,TRUE,NA
"b",0.75,-1.43770259869601,-0.709862702835274,0.11084946238261,0.458559076230834,2.81698876229725,TRUE,NA
"b",0.76,-1.44344203471627,-0.71580191162262,0.105387372529909,0.455741314742882,2.82352490758586,TRUE,NA
"b",0.77,-1.44917268718306,-0.721725006211568,0.0999414649852446,0.452952506648555,2.83010147727736,TRUE,NA
"b",0.779999999999999,-1.45489448836867,-0.727631972256864,0.0945117453948308,0.450192569476291,2.83671797228553,TRUE,NA
"b",0.790000000000001,-1.46060737234844,-0.73352279672885,0.0890982180306455,0.447461414639336,2.84337389615861,TRUE,NA
"b",0.800000000000001,-1.46631127499113,-0.739397467913961,0.0837008857887096,0.444758947427691,2.85006875516612,TRUE,NA
"b",0.81,-1.47200613395041,-0.745255975416231,0.0783197501862273,0.442085066997148,2.85680205838712,TRUE,NA
"b",0.82,-1.47769188865103,-0.751098310152679,0.0729548113662248,0.439439666415248,2.86357331778454,TRUE,NA
"b",0.83,-1.48336848028543,-0.75692446436029,0.0676060680880025,0.436822632614234,2.87038204830383,TRUE,NA
"b",0.84,-1.48903585179982,-0.762734431590911,0.0622735177324308,0.434233846452471,2.87722776794474,TRUE,NA
"b",0.85,-1.49469394788531,-0.768528206711786,0.0569571563003534,0.43167318273255,2.88410999784452,TRUE,NA
"b",0.859999999999999,-1.50034271496802,-0.774305785904603,0.0516569784128486,0.429140510237276,2.89102826235716,TRUE,NA
"b",0.870000000000001,-1.5059821011989,-0.780067166664193,0.0463729773119125,0.426635691773369,2.897982089131,TRUE,NA
"b",0.880000000000001,-1.51161205644347,-0.7858123477969,0.0411051448616045,0.424158584222958,2.90497100918483,TRUE,NA
"b",0.890000000000001,-1.51723253227141,-0.791541329418558,0.0358534715496392,0.42170903860282,2.9119945569823,TRUE,NA
"b",0.9,-1.52284348194585,-0.797254112952074,0.030617946489534,0.419286900131461,2.91905227050455,TRUE,NA
"b",0.91,-1.52844486041253,-0.802950701124591,0.0253985574232493,0.416892008303949,2.92614369132108,TRUE,NA
"b",0.92,-1.5340366242887,-0.808631097964208,0.0201952907244015,0.414524196974502,2.93326836465867,TRUE,NA
"b",0.93,-1.53961873185174,-0.81429530879623,0.0150081314020393,0.412183294446656,2.94042583946837,TRUE,NA
"b",0.94,-1.54519114302757,-0.819943340238976,0.00983706310503007,0.409869123571086,2.94761566849048,TRUE,NA
"b",0.950000000000001,-1.55075381937872,-0.825575200199042,0.00468206812704219,0.407581501850783,2.95483740831732,TRUE,NA
"b",0.960000000000001,-1.55630672409212,-0.831190897866087,-0.000456872587808133,0.405320241553536,2.96209061945402,TRUE,NA
"b",0.970000000000001,-1.56184982196663,-0.836790443707079,-0.00557977943870003,0.403085149831549,2.96937486637687,TRUE,NA
"b",0.98,-1.56738307940014,-0.842373849460025,-0.0106866741611517,0.400876028847927,2.97668971758956,TRUE,NA
"b",0.99,-1.57290646437646,-0.847941128127108,-0.015777579819423,0.398692675909897,2.98403474567695,TRUE,NA
"b",1,-1.57841994645175,-0.853492293967313,-0.0208525207981972,0.396534883608429,2.99140952735646,TRUE,NA
"b",1.01,-1.58392349674074,-0.859027362488459,-0.0259115227936144,0.394402439964098,2.99881364352714,TRUE,NA
"b",1.02,-1.58941708790242,-0.864546350438658,-0.0309546128035525,0.392295128578787,3.00624667931596,TRUE,NA
"b",1.03,-1.59490069412551,-0.87004927579718,-0.0359818191172132,0.390212728793037,3.01370822412179,TRUE,NA
"b",1.04,-1.60037429111349,-0.875536157764807,-0.0409931713040794,0.388155015848585,3.02119787165678,TRUE,NA
"b",1.05,-1.60583785606928,-0.881007016753477,-0.0459887002020259,0.386121761055934,3.02871521998496,TRUE,NA
"b",1.06,-1.61129136767952,-0.88646187437547,-0.0509684379048463,0.384112731966388,3.03625987155834,TRUE,NA
"b",1.07,-1.61673480609853,-0.891900753431931,-0.0559324177490041,0.382127692548349,3.04383143325029,TRUE,NA
"b",1.08,-1.62216815293183,-0.897323677900815,-0.0608806742997012,0.380166403367434,3.0514295163861,TRUE,NA
"b",1.09,-1.62759139121932,-0.902730672924339,-0.0658132433362867,0.378228621769934,3.05905373677109,TRUE,NA
"b",1.1,-1.6330045054181,-0.908121764795728,-0.0707301618369468,0.376314102069412,3.06670371471566,TRUE,NA
"b",1.11,-1.63840748138493,-0.913496980945514,-0.0756314679627221,0.374422595735819,3.07437907505797,TRUE,NA
"b",1.12,-1.64380030635826,-0.918856349927265,-0.0805172010409276,0.372553851586813,3.08207944718344,TRUE,NA
"b",1.13,-1.64918296894004,-0.924199901402702,-0.0853874015478027,0.370707615980913,3.08980446504182,TRUE,NA
"b",1.14,-1.65455545907705,-0.929527666126364,-0.0902421110907156,0.368883633011957,3.09755376716166,TRUE,NA
"b",1.15,-1.65991776804199,-0.934839675929713,-0.0950813723895737,0.367081644704509,3.10532699666147,TRUE,NA
"b",1.16,-1.66526988841417,-0.940135963704804,-0.0999052292577356,0.365301391209767,3.11312380125896,TRUE,NA
"b",1.17,-1.67061181405999,-0.945416563387393,-0.104713726582433,0.363542611001598,3.12094383327685,TRUE,NA
"b",1.18,-1.67594354011303,-0.950681509939595,-0.109506910304513,0.361805041072303,3.12878674964669,TRUE,NA
"b",1.19,-1.68126506295387,-0.95593083933214,-0.114284827397558,0.360088417127553,3.13665221190938,TRUE,NA
"b",1.2,-1.68657638018967,-0.961164588526181,-0.119047525846985,0.358392473780385,3.14453988621379,TRUE,NA
"b",1.21,-1.69187749063351,-0.966382795454758,-0.123795054628099,0.35671694474351,3.15244944331246,TRUE,NA
"b",1.22,-1.69716839428341,-0.971585499003651,-0.128527463684049,0.355061563020042,3.16038055855468,TRUE,NA
"b",1.23,-1.70244909230115,-0.976772738992168,-0.133244803903187,0.353426061091762,3.16833291187701,TRUE,NA
"b",1.24,-1.70771958699089,-0.981944556153298,-0.137947127096027,0.351810171105134,3.17630618779221,TRUE,NA
"b",1.25,-1.71297988177755,-0.987100992113808,-0.142634485972195,0.350213625054133,3.18430007537442,TRUE,NA
"b",1.26,-1.71822998118518,-0.992242089373858,-0.147306934116394,0.348636154959851,3.19231426824345,TRUE,NA
"b",1.27,-1.72346989081513,-0.997367891286607,-0.15196452596489,0.34707749304664,3.20034846454604,TRUE,NA
"b",1.28,-1.72869961732397,-1.00247844203746,-0.156607316781441,0.34553737191452,3.20840236693574,TRUE,NA
"b",1.29,-1.73391916840132,-1.00757378662281,-0.161235362632094,0.344015524707678,3.21647568254954,TRUE,NA
"b",1.3,-1.73912855274771,-1.01265397082888,-0.165848720361246,0.342511685278587,3.22456812298179,TRUE,NA
"b",1.31,-1.74432778005222,-1.01771904121075,-0.170447447567165,0.341025588347548,3.23267940426155,TRUE,NA
"b",1.32,-1.74951686096995,-1.02276904507004,-0.175031602575364,0.339556969657606,3.24080924681763,TRUE,NA
"b",1.33,-1.75469580709984,-1.02780403043406,-0.179601244415116,0.33810556612451,3.24895737545319,TRUE,NA
"b",1.34,-1.75986463096221,-1.03282404603367,-0.184156432793994,0.336671115981678,3.25712351931124,TRUE,NA
"b",1.35,-1.76502334597619,-1.03782914128156,-0.188697228072276,0.335253358919875,3.2653074118406,TRUE,NA
"b",1.36,-1.77017196643753,-1.04281936625007,-0.193223691236768,0.333852036221732,3.27350879075973,TRUE,NA
"b",1.37,-1.77531050749597,-1.04779477165107,-0.197735883879565,0.332466890890139,3.28172739802535,TRUE,NA
"b",1.38,-1.78043898513319,-1.05275540881068,-0.202233868165733,0.331097667772671,3.28996297978219,TRUE,NA
"b",1.39,-1.78555741614015,-1.05770132965208,-0.206717706815998,0.329744113678035,3.29821528633282,TRUE,NA
"b",1.4,-1.79066581809618,-1.06263258666766,-0.211187463074539,0.328405977490573,3.3064840720958,TRUE,NA
"b",1.41,-1.79576420934467,-1.06754923290605,-0.215643200693152,0.327083010273012,3.31476909556109,TRUE,NA
"b",1.42,-1.80085260897305,-1.07245132194021,-0.220084983893453,0.325774965371763,3.32307011924338,TRUE,NA
"b",1.43,-1.80593103679172,-1.07733890785567,-0.224512877357791,0.324481598508079,3.33138690964421,TRUE,NA
"b",1.44,-1.81099951330948,-1.08221204522119,-0.228926946187453,0.323202667870204,3.33971923721479,TRUE,NA
"b",1.45,-1.81605805971288,-1.08707078907473,-0.233327255891863,0.321937934193559,3.34806687624823,TRUE,NA
"b",1.46,-1.82110669784832,-1.0919151948994,-0.237713872373631,0.320687160844391,3.35642960492253,TRUE,NA
"b",1.47,-1.8261454502054,-1.09674531858186,-0.242086861867809,0.319450113900841,3.36480720528316,TRUE,NA
"b",1.48,-1.83117433983201,-1.10156121649623,-0.246446290879771,0.318226562126487,3.37319946332304,TRUE,NA
"b",1.49,-1.83619339035739,-1.10636294549472,-0.250792226216797,0.317016277092714,3.38160616990626,TRUE,NA
"b",1.5,NA,NA,NA,NA,NA,FALSE,"S1: |a_{i,1}|≈0 detected. Use the cubic (Remark 1) branch for p_i(x)."
"b",1.51,-1.84620207253263,-1.1159241236658,-0.259443886035065,0.3146346095388,3.39846209234366,TRUE,NA
"b",1.52,-1.85119175400407,-1.12068368884802,-0.263749745077933,0.313462784466578,3.40691091020088,TRUE,NA
"b",1.53,-1.85617169678357,-1.12542931493486,-0.268042380761518,0.312303342271839,3.41537336789767,TRUE,NA
"b",1.54,-1.86114192726498,-1.13016106040468,-0.272321861290871,0.31115606954777,3.42384927340791,TRUE,NA
"b",1.55,-1.86610247227682,-1.13487898381296,-0.276588254841717,0.3100207559244,3.43233843706312,TRUE,NA
"b",1.56,-1.87105335912352,-1.13958314398648,-0.280841629866876,0.308897194174268,3.44084067268558,TRUE,NA
"b",1.57,-1.87599461554029,-1.14427359998761,-0.285082054938532,0.30778518019957,3.44935579752928,TRUE,NA
"b",1.58,-1.88092626968981,-1.14895041107627,-0.289309598731785,0.306684513073046,3.45788363201117,TRUE,NA
"b",1.59,-1.88584835013955,-1.153613636712,-0.29352433003163,0.305594995043904,3.4664239997218,TRUE,NA
"b",1.6,-1.8907608858393,-1.15826333653709,-0.297726317698062,0.304516431540692,3.47497672742006,TRUE,NA
"b",1.61,-1.89566390611129,-1.16289957034619,-0.301915630647585,0.303448631189804,3.48354164493239,TRUE,NA
"b",1.62,-1.90055744062888,-1.16752239808261,-0.306092337839556,0.302391405810093,3.49211858512841,TRUE,NA
"b",1.63,-1.9054415194004,-1.17213187981925,-0.310256508253086,0.301344570412966,3.50070738385569,TRUE,NA
"b",1.64,-1.91031617275371,-1.17672807574113,-0.314408210876577,0.300307943200384,3.50930787988513,TRUE,NA
"b",1.65,-1.91518143132105,-1.18131104612989,-0.318547514684413,0.299281345557456,3.51791991487714,TRUE,NA
"b",1.66,-1.92003732602257,-1.1858808513514,-0.322674488626602,0.298264602041217,3.5265433333202,TRUE,NA
"b",1.67,-1.92488388805157,-1.19043755183884,-0.326789201606268,0.297257540368007,3.53517798248015,TRUE,NA
"b",1.68,-1.92972114885928,-1.19498120808075,-0.330891722469931,0.296259991396808,3.54382371235477,TRUE,NA
"b",1.69,-1.93454914014119,-1.19951188060479,-0.334982119988502,0.29527178911218,3.5524803756211,TRUE,NA
"b",1.7,-1.93936789382228,-1.20402962996599,-0.339060462843861,0.294292770602335,3.56114782758842,TRUE,NA
"b",1.71,-1.94417744204341,-1.20853451673346,-0.343126819615906,0.293322776036188,3.56982592615062,TRUE,NA
"b",1.72,-1.94897781714809,-1.21302660147733,-0.347181258767302,0.292361648638549,3.57851453173522,TRUE,NA
"b",1.73,-1.95376905166904,-1.21750594475672,-0.351223848630477,0.291409234662296,3.58721350725976,TRUE,NA
"b",1.74,-1.95855117831573,-1.22197260710761,-0.355254657395178,0.290465383359756,3.59592271808175,TRUE,NA
"b",1.75,-1.96332422996173,-1.22642664903146,-0.359273753095637,0.289529946951621,3.60464203195478,TRUE,NA
"b",1.76,-1.96808823963273,-1.23086813098378,-0.363281203599064,0.288602780594738,3.61337131898049,TRUE,NA
"b",1.77,-1.97284324049472,-1.2352971133634,-0.367277076593358,0.287683742348211,3.62211045156526,TRUE,NA
"b",1.78,-1.97758926584255,-1.23971365650192,-0.371261439576933,0.286772693138279,3.63085930437534,TRUE,NA
"b",1.79,-1.98232634908884,-1.24411782065335,-0.375234359846782,0.285869496721939,3.63961775429181,TRUE,NA
"b",1.8,-1.98705452375305,-1.24850966598459,-0.379195904489208,0.284974019649404,3.64838568036738,TRUE,NA
"b",1.81,-1.99177382345111,-1.25288925256573,-0.383146140369303,0.28408613122572,3.65716296378498,TRUE,NA
"b",1.82,-1.99648428188517,-1.25725664036099,-0.38708513412185,0.283205703471436,3.66594948781459,TRUE,NA
"b",1.83,-2.00118593283374,-1.26161188921969,-0.391012952141648,0.282332611082443,3.67474513777159,TRUE,NA
"b",1.84,-2.00587881014206,-1.26595505886802,-0.394929660575365,0.281466731389158,3.6835498009768,TRUE,NA
"b",1.85,-2.01056294771286,-1.27028620890069,-0.39883532531258,0.280607944315117,3.69236336671572,TRUE,NA
"b",1.86,-2.01523837949736,-1.274605398773,-0.402730011978256,0.279756132335147,3.70118572619903,TRUE,NA
"b",1.87,-2.01990513948653,-1.27891268779338,-0.406613785924861,0.278911180432982,3.71001677252389,TRUE,NA
"b",1.88,-2.02456326170268,-1.28320813511605,-0.410486712225153,0.278072976058629,3.71885640063603,TRUE,NA
"b",1.89,-2.02921278019133,-1.28749179973401,-0.414348855665121,0.277241409085438,3.72770450729171,TRUE,NA
"b",1.9,-2.03385372901326,-1.29176374047238,-0.418200280737552,0.276416371767028,3.73656099102098,TRUE,NA
"b",1.91,-2.03848614223697,-1.29602401598207,-0.422041051635723,0.275597758693993,3.74542575209205,TRUE,NA
"b",1.92,-2.04311005393128,-1.30027268473344,-0.425871232247336,0.274785466750695,3.75429869247499,TRUE,NA
"b",1.93,-2.04772549815822,-1.30450980501055,-0.429690886148996,0.273979395071954,3.7631797158072,TRUE,NA
"b",1.94,-2.05233250896622,-1.3087354349056,-0.433500076600818,0.273179444999804,3.77206872735945,TRUE,NA
"b",1.95,-2.05693112038347,-1.31294963231344,-0.437298866541509,0.27238552004044,3.78096563400189,TRUE,NA
"b",1.96,-2.06152136641156,-1.31715245492658,-0.441087318583503,0.271597525821224,3.78987034417129,TRUE,NA
"b",1.97,-2.06610328101933,-1.32134396023025,-0.444865495008629,0.270815370048036,3.7987827678387,TRUE,NA
"b",1.98,-2.07067689813699,-1.32552420549784,-0.448633457763808,0.270038962462709,3.80770281647811,TRUE,NA
"b",1.99,-2.07524225165043,-1.32969324778643,-0.452391268457295,0.269268214800951,3.81663040303499,TRUE,NA
"b",2,-2.07979937539571,-1.33385114393269,-0.456138988354906,0.268503040750442,3.82556544189627,TRUE,NA
"b",2.01,-2.08434830315385,-1.3379979505489,-0.45987667837672,0.267743355909384,3.83450784886023,TRUE,NA
"b",2.02,-2.08888906864578,-1.34213372401919,-0.4636043990939,0.266989077745443,3.84345754110774,TRUE,NA
"b",2.03,-2.09342170552746,-1.34625852049603,-0.467322210725761,0.266240125555099,3.8524144371734,TRUE,NA
"b",2.04,-2.09794624738524,-1.35037239589688,-0.471030173137121,0.265496420423463,3.86137845691772,TRUE,NA
"b",2.05,-2.10246272773141,-1.35447540590108,-0.474728345835874,0.264757885184574,3.87034952149971,TRUE,NA
"b",2.06,-2.10697117999991,-1.35856760594682,-0.478416787970663,0.264024444382214,3.87932755335012,TRUE,NA
"b",2.07,-2.11147163754224,-1.36264905122848,-0.48209555832897,0.26329602423121,3.88831247614523,TRUE,NA
"b",2.08,-2.11596413362354,-1.36671979669392,-0.4857647153352,0.262572552579329,3.89730421478111,TRUE,NA
"b",2.09,-2.12044870141883,-1.37077989704214,-0.489424317049098,0.261853958869677,3.90630269534871,TRUE,NA
"b",2.1,-2.12492537400944,-1.37482940672097,-0.49307442116428,0.261140174103707,3.91530784510904,TRUE,NA
"b",2.11,-2.12939418437957,-1.37886837992499,-0.496715085006967,0.260431130804783,3.92431959246945,TRUE,NA
"b",2.12,-2.13385516541306,-1.38289687059359,-0.500346365534958,0.259726762982378,3.93333786695989,TRUE,NA
"b",2.13,-2.13830834989023,-1.38691493240916,-0.503968319336654,0.259027006096801,3.9423625992102,TRUE,NA
"b",2.14,-2.14275377048494,-1.39092261879542,-0.507581002630292,0.258331797024634,3.95139372092732,TRUE,NA
"b",2.15,-2.14719145976176,-1.39491998291597,-0.511184471263484,0.257641074024687,3.96043116487371,TRUE,NA
"b",2.16,-2.15162145017327,-1.39890707767284,-0.514778780712561,0.256954776704627,3.96947486484559,TRUE,NA
"b",2.17,-2.15604377405753,-1.40288395570526,-0.518363986082448,0.256272845988247,3.97852475565215,TRUE,NA
"b",2.18,-2.16045846363567,-1.40685066938855,-0.521940142106406,0.255595224083307,3.9875807730949,TRUE,NA
"b",2.19,-2.16486555100953,-1.41080727083311,-0.525507303146076,0.254921854450036,3.99664285394771,TRUE,NA
"b",2.2,-2.16926506815957,-1.41475381188353,-0.529065523191546,0.254252681770255,4.00571093593724,TRUE,NA
"b",2.21,-2.17365704694273,-1.41869034411777,-0.532614855861521,0.253587651917143,4.0147849577237,TRUE,NA
"b",2.22,-2.17804151909058,-1.42261691884655,-0.536155354403808,0.252926711925606,4.02386485888226,TRUE,NA
"b",2.23,-2.18241851620739,-1.42653358711276,-0.539687071695663,0.25226980996325,4.03295057988476,TRUE,NA
"b",2.24,-2.18678806976849,-1.43044039969094,-0.543210060244353,0.251616895302038,4.04204206208172,TRUE,NA
"b",2.25,-2.1911502111186,-1.43433740708697,-0.546724372187902,0.250967918290506,4.05113924768498,TRUE,NA
"b",2.26,-2.19550497147031,-1.43822465953778,-0.550230059295806,0.250322830326593,4.06024207975074,TRUE,NA
"b",2.27,-2.19985238190268,-1.44210220701107,-0.553727172969898,0.249681583831115,4.0693505021628,TRUE,NA
"b",2.28,-2.20419247335988,-1.44597009920531,-0.557215764245329,0.249044132221801,4.07846445961625,TRUE,NA
"b",2.29,-2.20852527664996,-1.4498283855496,-0.560695883791587,0.248410429887931,4.08758389760168,TRUE,NA
"b",2.3,-2.21285082244371,-1.45367711520381,-0.564167581913648,0.247780432165576,4.09670876238968,TRUE,NA
"b",2.31,-2.21716914127353,-1.45751633705861,-0.567630908553121,0.247154095313401,4.10583900101549,TRUE,NA
"b",2.32,-2.22148026353251,-1.4613460997357,-0.571085913289585,0.246531376489052,4.11497456126434,TRUE,NA
"b",2.33,-2.22578421947347,-1.46516645158806,-0.574532645341927,0.245912233726099,4.12411539165701,TRUE,NA
"b",2.34,-2.23008103920812,-1.46897744070027,-0.577971153569694,0.245296625911527,4.1332614414355,TRUE,NA
"b",2.35,-2.23437075270634,-1.47277911488885,-0.581401486474659,0.244684512763819,4.14241266054938,TRUE,NA
"b",2.36,-2.2386533897954,-1.47657152170274,-0.584823692202312,0.244075854811515,4.15156899964232,TRUE,NA
"b",2.37,-2.2429289801594,-1.48035470842379,-0.588237818543453,0.243470613372341,4.16073041003875,TRUE,NA
"b",2.38,-2.24719755333867,-1.48412872206727,-0.59164391293585,0.242868750532862,4.16989684373119,TRUE,NA
"b",2.39,-2.25145913872927,-1.48789360938249,-0.595042022465936,0.242270229128642,4.17906825336745,TRUE,NA
"b",2.4,-2.25571376558256,-1.49164941685344,-0.598432193870565,0.241675012724878,4.18824459223856,TRUE,NA
"b",2.41,-2.25996146300478,-1.49539619069948,-0.601814473538823,0.241083065597585,4.19742581426663,TRUE,NA
"b",2.42,-2.26420225995675,-1.49913397687607,-0.605188907513814,0.240494352715223,4.20661187399316,TRUE,NA
"b",2.43,-2.26843618525356,-1.50286282107554,-0.608555541494572,0.239908839720802,4.21580272656761,TRUE,NA
"b",2.44,-2.27266326756436,-1.50658276872791,-0.611914420837981,0.239326492914487,4.22499832773617,TRUE,NA
"b",2.45,-2.27688353541217,-1.51029386500171,-0.615265590560712,0.238747279236621,4.23419863383093,TRUE,NA
"b",2.46,-2.28109701717378,-1.51399615480492,-0.618609095341193,0.238171166251211,4.243403601759,TRUE,NA
"b",2.47,-2.28530374107959,-1.51768968278582,-0.621944979521649,0.237598122129864,4.25261318899224,TRUE,NA
"b",2.48,-2.28950373521362,-1.52137449333398,-0.625273287110098,0.23702811563613,4.26182735355702,TRUE,NA
"b",2.49,-2.29369702751351,-1.52505063058124,-0.628594061782482,0.236461116110276,4.2710460540242,TRUE,NA
"b",2.5,-2.29788364577051,-1.5287181384027,-0.631907346884693,0.235897093454472,4.28026924949948,TRUE,NA
"b",2.51,-2.3020636176296,-1.53237706041772,-0.635213185434727,0.235336018118373,4.28949689961379,TRUE,NA
"b",2.52,-2.30623697058957,-1.53602743999103,-0.638511620124793,0.234777861085091,4.29872896451404,TRUE,NA
"b",2.53,-2.31040373200316,-1.53966932023379,-0.641802693323483,0.234222593857561,4.30796540485403,TRUE,NA
"b",2.54,-2.31456392907727,-1.54330274400465,-0.645086447077933,0.233670188445261,4.31720618178551,TRUE,NA
"b",2.55,-2.31871758887314,-1.54692775391094,-0.648362923115996,0.233120617351319,4.32645125694957,TRUE,NA
"b",2.56,-2.3228647383066,-1.55054439230973,-0.651632162848448,0.232573853559953,4.33570059246809,TRUE,NA
"b",2.57,-2.32700540414834,-1.55415270130903,-0.654894207371205,0.232029870524285,4.34495415093545,TRUE,NA
"b",2.58,-2.33113961302418,-1.55775272276896,-0.658149097467531,0.23148864215447,4.35421189541042,TRUE,NA
"b",2.59,-2.33526739141545,-1.56134449830293,-0.661396873610266,0.230950142806161,4.36347378940823,TRUE,NA
"b",2.6,-2.33938876565929,-1.56492806927881,-0.664637575964067,0.230414347269312,4.37273979689276,TRUE,NA
"b",2.61,-2.34350376194901,-1.5685034768202,-0.667871244387657,0.229881230757265,4.38200988226905,TRUE,NA
"b",2.62,-2.34761240633455,-1.57207076180758,-0.671097918436054,0.229350768896185,4.39128401037581,TRUE,NA
"b",2.63,-2.35171472472283,-1.57562996487961,-0.674317637362856,0.228822937714747,4.40056214647808,TRUE,NA
"b",2.64,-2.35581074287822,-1.57918112643433,-0.677530440122458,0.228297713634142,4.40984425626032,TRUE,NA
"b",2.65,-2.35990048642298,-1.58272428663044,-0.680736365372345,0.227775073458359,4.41913030581931,TRUE,NA
"b",2.66,-2.36398398083776,-1.58625948538853,-0.683935451475321,0.227254994364745,4.42842026165743,TRUE,NA
"b",2.67,-2.36806125146207,-1.58978676239237,-0.687127736501794,0.226737453894826,4.43771409067598,TRUE,NA
"b",2.68,-2.37213232349479,-1.59330615709017,-0.690313258232012,0.226222429945386,4.44701176016867,TRUE,NA
"b",2.69,-2.37619722199471,-1.59681770869586,-0.69349205415835,0.225709900759822,4.45631323781529,TRUE,NA
"b",2.7,-2.38025597188108,-1.60032145619037,-0.696664161487514,0.225199844919716,4.46561849167545,TRUE,NA
"b",2.71,-2.38430859793413,-1.60381743832291,-0.699829617142837,0.224692241336662,4.4749274901825,TRUE,NA
"b",2.72,-2.38835512479565,-1.6073056936123,-0.70298845776651,0.224187069244335,4.48424020213756,TRUE,NA
"b",2.73,-2.39239557696961,-1.61078626034818,-0.706140719721807,0.223684308190763,4.49355659670365,TRUE,NA
"b",2.74,-2.3964299788227,-1.61425917659239,-0.709286439095352,0.223183938030846,4.50287664340004,TRUE,NA
"b",2.75,-2.40045835458495,-1.61772448018021,-0.712425651699318,0.22268593891907,4.51220031209659,TRUE,NA
"b",2.76,-2.40448072835039,-1.62118220872168,-0.715558393073667,0.222190291302438,4.52152757300829,TRUE,NA
"b",2.77,-2.40849712407759,-1.62463239960288,-0.718684698488361,0.221696975913605,4.53085839668989,TRUE,NA
"b",2.78,-2.41250756559037,-1.62807508998722,-0.72180460294556,0.221205973764203,4.54019275403066,TRUE,NA
"b",2.79,-2.41651207657841,-1.63151031681679,-0.72491814118184,0.220717266138365,4.5495306162492,TRUE,NA
"b",2.8,-2.42051068059791,-1.63493811681357,-0.728025347670353,0.220230834586423,4.55887195488846,TRUE,NA
"b",2.81,-2.42450340107223,-1.63835852648078,-0.731126256623039,0.21974666091881,4.56821674181071,TRUE,NA
"b",2.82,-2.42849026129258,-1.64177158210417,-0.734220901992775,0.219264727200099,4.57756494919282,TRUE,NA
"b",2.83,-2.43247128441869,-1.64517731975328,-0.73730931747554,0.218785015743255,4.58691654952139,TRUE,NA
"b",2.84,-2.43644649347946,-1.64857577528274,-0.740391536512561,0.218307509104018,4.59627151558823,TRUE,NA
"b",2.85,-2.44041591137367,-1.65196698433355,-0.743467592292456,0.217832190075467,4.60562982048567,TRUE,NA
"b",2.86,-2.44437956087068,-1.65535098233436,-0.746537517753346,0.217359041682729,4.61499143760221,TRUE,NA
"b",2.87,-2.44833746461108,-1.65872780450276,-0.749601345585003,0.216888047177838,4.6243563406181,TRUE,NA
"b",2.88,-2.45228964510743,-1.66209748584654,-0.752659108230906,0.216419190034753,4.63372450350104,TRUE,NA
"b",2.89,-2.45623612474495,-1.66546006116492,-0.755710837890364,0.215952453944508,4.64309590050197,TRUE,NA
"b",2.9,-2.46017692578219,-1.66881556504988,-0.758756566520579,0.215487822810497,4.65247050615102,TRUE,NA
"b",2.91,-2.46411207035181,-1.6721640318874,-0.761796325838714,0.215025280743897,4.66184829525337,TRUE,NA
"b",2.92,-2.4680415804612,-1.67550549585868,-0.764830147323948,0.214564812059229,4.67122924288534,TRUE,NA
"b",2.93,-2.47196547799329,-1.6788399909414,-0.767858062219499,0.214106401270032,4.68061332439047,TRUE,NA
"b",2.94,-2.47588378470716,-1.68216755091101,-0.770880101534668,0.213650033084662,4.69000051537576,TRUE,NA
"b",2.95,-2.47979652223887,-1.68548820934189,-0.773896296046843,0.21319569240222,4.69939079170788,TRUE,NA
"b",2.96,-2.48370371210207,-1.68880199960865,-0.776906676303473,0.212743364308578,4.7087841295095,TRUE,NA
"b",2.97,-2.4876053756888,-1.69210895488733,-0.779911272624083,0.21229303407253,4.71818050515572,TRUE,NA
"b",2.98,-2.49150153427017,-1.69540910815662,-0.782910115102231,0.211844687142048,4.7275798952705,TRUE,NA
"b",2.99,-2.49539220899708,-1.69870249219906,-0.785903233607457,0.211398309140634,4.73698227672321,TRUE,NA
"b",3,-2.49927742090096,-1.70198913960228,-0.788890657787218,0.210953885863787,4.74638762662525,TRUE,NA
"b",3.01,-2.50315719089448,-1.70526908276019,-0.791872417068827,0.21051140327556,4.75579592232663,TRUE,NA
"b",3.02,-2.50703153977227,-1.70854235387416,-0.79484854066136,0.210070847505215,4.7652071414128,TRUE,NA
"b",3.03,-2.51090048821164,-1.71180898495424,-0.797819057557546,0.209632204843966,4.77462126170134,TRUE,NA
"b",3.04,-2.5147640567733,-1.71506900782031,-0.800783996535642,0.209195461741823,4.78403826123882,TRUE,NA
"b",3.05,-2.5186222659021,-1.71832245410329,-0.803743386161323,0.208760604804509,4.79345811829773,TRUE,NA
"b",3.06,-2.5224751359277,-1.72156935524627,-0.806697254789515,0.208327620790471,4.80288081137338,TRUE,NA
"b",3.07,-2.52632268706534,-1.72480974250571,-0.809645630566229,0.207896496607973,4.81230631918095,TRUE,NA
"b",3.08,-2.53016493941652,-1.72804364695259,-0.812588541430396,0.207467219312254,4.8217346206525,TRUE,NA
"b",3.09,-2.53400191296973,-1.73127109947354,-0.815526015115668,0.207039776102786,4.83116569493416,TRUE,NA
"b",3.1,-2.53783362760116,-1.734492130772,-0.818458079152204,0.206614154320587,4.84059952138316,TRUE,NA
"b",3.11,-2.54166010307541,-1.73770677136935,-0.821384760868464,0.206190341445615,4.8500360795652,TRUE,NA
"b",3.12,-2.5454813590462,-1.74091505160604,-0.824306087392954,0.205768325094228,4.85947534925159,TRUE,NA
"b",3.13,-2.54929741505707,-1.74411700164271,-0.827222085655975,0.205348093016718,4.86891731041657,TRUE,NA
"b",3.14,-2.55310829054211,-1.74731265146132,-0.830132782391369,0.204929633094901,4.87836194323473,TRUE,NA
"b",3.15,-2.55691400482661,-1.75050203086623,-0.833038204138226,0.204512933339777,4.88780922807835,TRUE,NA
"b",3.16,-2.56071457712783,-1.75368516948533,-0.835938377242581,0.204097981889254,4.89725914551485,TRUE,NA
"b",3.17,-2.56451002655564,-1.75686209677111,-0.838833327859122,0.203684767005926,4.90671167630429,TRUE,NA
"b",3.18,-2.56830037211324,-1.76003284200177,-0.841723081952843,0.203273277074907,4.91616680139688,TRUE,NA
"b",3.19,-2.57208563269785,-1.76319743428229,-0.844607665300717,0.202863500601733,4.92562450193058,TRUE,NA
"b",3.2,-2.5758658271014,-1.76635590254551,-0.847487103493325,0.202455426210302,4.93508475922868,TRUE,NA
"b",3.21,-2.57964097401122,-1.76950827555317,-0.850361421936499,0.202049042640882,4.94454755479744,TRUE,NA
"b",3.22,-2.5834110920107,-1.77265458189702,-0.853230645852934,0.20164433874816,4.95401287032383,TRUE,NA
"b",3.23,-2.58717619958002,-1.7757948499998,-0.856094800283781,0.201241303499345,4.9634806876732,TRUE,NA
"b",3.24,-2.59093631509676,-1.77892910811639,-0.858953910090246,0.200839925972313,4.97295098888709,TRUE,NA
"b",3.25,-2.59469145683665,-1.78205738433474,-0.861807999955143,0.200440195353811,4.98242375618096,TRUE,NA
"b",3.26,-2.59844164297416,-1.78517970657698,-0.864657094384468,0.20004210093769,4.99189897194214,TRUE,NA
"b",3.27,-2.60218689158324,-1.78829610260039,-0.867501217708935,0.199645632123197,5.00137661872757,TRUE,NA
"b",3.28,-2.60592722063796,-1.79140659999849,-0.870340394085506,0.199250778413295,5.01085667926178,TRUE,NA
"b",3.29,-2.60966264801314,-1.79451122620197,-0.873174647498901,0.198857529413037,5.02033913643485,TRUE,NA
"b",3.3,-2.61339319148504,-1.79761000847975,-0.876004001763103,0.198465874827974,5.02982397330028,TRUE,NA
"b",3.31,-2.61711886873203,-1.80070297393998,-0.878828480522855,0.198075804462592,5.03931117307312,TRUE,NA
"b",3.32,-2.62083969733519,-1.80379014953098,-0.881648107255109,0.19768730821881,5.04880071912789,TRUE,NA
"b",3.33,-2.62455569477899,-1.80687156204231,-0.884462905270511,0.197300376094486,5.05829259499672,TRUE,NA
"b",3.34,-2.62826687845194,-1.80994723810565,-0.887272897714829,0.196914998181987,5.0677867843674,TRUE,NA
"b",3.35,-2.63197326564721,-1.81301720419588,-0.890078107570391,0.196531164666764,5.07728327108152,TRUE,NA
"b",3.36,-2.63567487356327,-1.81608148663195,-0.89287855765751,0.196148865825979,5.08678203913264,TRUE,NA
"b",3.37,-2.63937171930453,-1.81914011157791,-0.89567427063588,0.195768092027168,5.09628307266443,TRUE,NA
"b",3.38,-2.64306381988196,-1.82219310504381,-0.898465269005969,0.195388833726909,5.10578635596893,TRUE,NA
"b",3.39,-2.64675119221374,-1.82524049288671,-0.901251575110409,0.195011081469555,5.11529187348473,TRUE,NA
"b",3.4,-2.65043385312582,-1.82828230081155,-0.90403321113535,0.194634825885969,5.12479960979528,TRUE,NA
"b",3.41,-2.65411181935261,-1.83131855437215,-0.906810199111814,0.194260057692294,5.13430954962715,TRUE,NA
"b",3.42,-2.65778510753756,-1.83434927897209,-0.909582560917042,0.193886767688764,5.14382167784835,TRUE,NA
"b",3.43,-2.66145373423375,-1.83737449986567,-0.912350318275825,0.193514946758526,5.15333597946667,TRUE,NA
"b",3.44,-2.66511771590453,-1.84039424215878,-0.915113492761798,0.193144585866484,5.16285243962808,TRUE,NA
"b",3.45,-2.6687770689241,-1.84340853080989,-0.917872105798767,0.192775676058197,5.17237104361502,TRUE,NA
"b",3.46,-2.67243180957813,-1.84641739063088,-0.920626178661983,0.192408208458759,5.18189177684493,TRUE,NA
"b",3.47,-2.67608195406432,-1.84942084628795,-0.92337573247943,0.192042174271746,5.19141462486862,TRUE,NA
"b",3.48,-2.67972751849303,-1.85241892230255,-0.926120788233078,0.191677564778147,5.20093957336872,TRUE,NA
"b",3.49,-2.68336851888783,-1.85541164305226,-0.928861366760147,0.191314371335351,5.21046660815819,TRUE,NA
"b",3.5,-2.68700497118612,-1.85839903277164,-0.931597488754344,0.190952585376125,5.2199957151788,TRUE,NA
"b",3.51,-2.69063689123966,-1.86138111555312,-0.934329174767097,0.190592198407641,5.2295268804997,TRUE,NA
"b",3.52,-2.69426429481519,-1.86435791534791,-0.937056445208763,0.190233202010504,5.23906009031589,TRUE,NA
"b",3.53,-2.69788719759499,-1.86732945596678,-0.939779320349837,0.189875587837806,5.24859533094684,TRUE,NA
"b",3.54,-2.70150561517743,-1.87029576108103,-0.942497820322153,0.189519347614203,5.25813258883507,TRUE,NA
"b",3.55,-2.70511956307754,-1.87325685422323,-0.945211965120063,0.189164473135001,5.26767185054474,TRUE,NA
"b",3.56,-2.70872905672759,-1.87621275878818,-0.947921774601602,0.188810956265276,5.27721310276026,TRUE,NA
"b",3.57,-2.71233411147762,-1.87916349803364,-0.950627268489653,0.18845878893899,5.28675633228499,TRUE,NA
"b",3.58,-2.71593474259599,-1.88210909508128,-0.953328466373102,0.188107963158148,5.29630152603986,TRUE,NA
"b",3.59,-2.71953096526996,-1.88504957291742,-0.956025387707963,0.187758470991949,5.30584867106209,TRUE,NA
"b",3.6,-2.7231227946062,-1.88798495439391,-0.958718051818514,0.187410304575972,5.3153977545038,TRUE,NA
"b",3.61,-2.72671024563134,-1.89091526222895,-0.961406477898411,0.187063456111368,5.32494876363086,TRUE,NA
"b",3.62,-2.73029333329253,-1.89384051900786,-0.964090685011791,0.186717917864063,5.33450168582153,TRUE,NA
"b",3.63,-2.73387207245792,-1.89676074718398,-0.966770692094366,0.186373682163992,5.34405650856525,TRUE,NA
"b",3.64,-2.73744647791724,-1.89967596907938,-0.969446517954515,0.186030741404327,5.35361321946141,TRUE,NA
"b",3.65,-2.74101656438231,-1.90258620688573,-0.972118181274341,0.18568908804074,5.36317180621812,TRUE,NA
"b",3.66,-2.74458234648756,-1.90549148266507,-0.974785700610755,0.18534871459066,5.37273225665105,TRUE,NA
"b",3.67,-2.74814383879052,-1.9083918183506,-0.977449094396512,0.185009613632556,5.38229455868222,TRUE,NA
"b",3.68,-2.75170105577239,-1.91128723574748,-0.980108380941258,0.184671777805233,5.39185870033881,TRUE,NA
"b",3.69,-2.75525401183851,-1.91417775653362,-0.98276357843257,0.18433519980713,5.4014246697521,TRUE,NA
"b",3.7,-2.75880272131886,-1.91706340226041,-0.985414704936968,0.183999872395644,5.41099245515624,TRUE,NA
"b",3.71,-2.76234719846859,-1.91994419435356,-0.988061778400934,0.183665788386458,5.42056204488719,TRUE,NA
"b",3.72,-2.76588745746853,-1.92282015411383,-0.990704816651916,0.183332940652876,5.43013342738162,TRUE,NA
"b",3.73,-2.76942351242562,-1.92569130271778,-0.993343837399318,0.183001322125183,5.43970659117579,TRUE,NA
"b",3.74,-2.77295537737349,-1.92855766121858,-0.995978858235481,0.182670925790007,5.44928152490447,TRUE,NA
"b",3.75,-2.77648306627287,-1.9314192505467,-0.998609896636668,0.182341744689692,5.45885821729993,TRUE,NA
"b",3.76,-2.78000659301214,-1.93427609151072,-1.00123696996402,0.18201377192168,5.46843665719086,TRUE,NA
"b",3.77,-2.78352597140774,-1.93712820479805,-1.00386009546451,0.181687000637909,5.47801683350133,TRUE,NA
"b",3.78,-2.78704121520473,-1.93997561097565,-1.0064792902719,0.181361424044222,5.48759873524979,TRUE,NA
"b",3.79,-2.79055233807721,-1.9428183304908,-1.00909457140766,0.181037035399774,5.49718235154807,TRUE,NA
"b",3.8,-2.79405935362878,-1.94565638367182,-1.01170595578193,0.180713828016461,5.50676767160036,TRUE,NA
"b",3.81,-2.79756227539305,-1.9484897907288,-1.01431346019439,0.180391795258352,5.51635468470225,TRUE,NA
"b",3.82,-2.8010611168341,-1.95131857175432,-1.01691710133523,0.180070930541132,5.52594338023978,TRUE,NA
"b",3.83,-2.80455589134689,-1.95414274672417,-1.01951689578599,0.179751227331552,5.53553374768844,TRUE,NA
"b",3.84,-2.80804661225777,-1.95696233549806,-1.0221128600205,0.179432679146893,5.54512577661226,TRUE,NA
"b",3.85,-2.81153329282493,-1.95977735782036,-1.02470501040575,0.179115279554432,5.55471945666288,TRUE,NA
"b",3.86,-2.8150159462388,-1.96258783332075,-1.02729336320276,0.178799022170911,5.56431477757862,TRUE,NA
"b",3.87,-2.81849458562256,-1.965393781515,-1.02987793456745,0.178483900662038,5.57391172918359,TRUE,NA
"b",3.88,-2.82196922403254,-1.96819522180559,-1.03245874055151,0.178169908741965,5.58351030138675,TRUE,NA
"b",3.89,-2.8254398744587,-1.97099217348245,-1.03503579710324,0.177857040172794,5.59311048418109,TRUE,NA
"b",3.9,-2.82890654982501,-1.97378465572367,-1.03760912006839,0.177545288764082,5.60271226764273,TRUE,NA
"b",3.91,-2.83236926298993,-1.97657268759611,-1.04017872519101,0.17723464837236,5.61231564193003,TRUE,NA
"b",3.92,-2.83582802674684,-1.97935628805617,-1.04274462811429,0.176925112900653,5.62192059728276,TRUE,NA
"b",3.93,-2.83928285382443,-1.98213547595042,-1.04530684438131,0.176616676298003,5.6315271240213,TRUE,NA
"b",3.94,-2.84273375688716,-1.98491027001628,-1.04786538943595,0.176309332559016,5.64113521254573,TRUE,NA
"b",3.95,-2.84618074853569,-1.9876806888827,-1.05042027862362,0.176003075723393,5.65074485333508,TRUE,NA
"b",3.96,-2.84962384130723,-1.99044675107082,-1.05297152719209,0.175697899875488,5.66035603694647,TRUE,NA
"b",3.97,-2.85306304767603,-1.99320847499465,-1.05551915029226,0.175393799143857,5.66996875401436,TRUE,NA
"b",3.98,-2.85649838005377,-1.99596587896168,-1.05806316297896,0.175090767700823,5.67958299524971,TRUE,NA
"b",3.99,-2.85992985078993,-1.99871898117362,-1.06060358021172,0.174788799762041,5.68919875143925,TRUE,NA
"b",4,-2.86335747217226,-2.00146779972697,-1.06314041685552,0.174487889586073,5.69881601344466,TRUE,NA
"b",4.01,-2.86678125642713,-2.00421235261373,-1.06567368768158,0.174188031473971,5.70843477220183,TRUE,NA
"b",4.02,-2.87020121571994,-2.00695265772198,-1.06820340736807,0.173889219768854,5.71805501872013,TRUE,NA
"b",4.03,-2.87361736215553,-2.00968873283659,-1.0707295905009,0.173591448855506,5.72767674408164,TRUE,NA
"b",4.04,-2.87702970777858,-2.01242059563982,-1.07325225157442,0.173294713159968,5.73729993944042,TRUE,NA
"b",4.05,-2.88043826457396,-2.01514826371195,-1.07577140499219,0.172999007149142,5.74692459602179,TRUE,NA
"b",4.06,-2.88384304446717,-2.01787175453193,-1.07828706506767,0.172704325330398,5.75655070512161,TRUE,NA
"b",4.07,-2.88724405932468,-2.02059108547798,-1.08079924602494,0.172410662251185,5.76617825810559,TRUE,NA
"b",4.08,-2.89064132095434,-2.02330627382825,-1.08330796199945,0.172118012498648,5.77580724640857,TRUE,NA
"b",4.09,-2.89403484110574,-2.0260173367614,-1.08581322703867,0.17182637069925,5.78543766153382,TRUE,NA
"b",4.1,-2.89742463147059,-2.02872429135726,-1.08831505510281,0.171535731518402,5.79506949505241,TRUE,NA
"b",4.11,-2.90081070368312,-2.03142715459739,-1.09081346006555,0.171246089660093,5.80470273860247,TRUE,NA
"b",4.12,-2.9041930693204,-2.03412594336573,-1.09330845571465,0.170957439866521,5.81433738388857,TRUE,NA
"b",4.13,-2.90757173990275,-2.03682067444919,-1.09580005575269,0.170669776917745,5.82397342268104,TRUE,NA
"b",4.14,-2.91094672689409,-2.03951136453826,-1.09828827379772,0.170383095631322,5.83361084681532,TRUE,NA
"b",4.15,-2.91431804170228,-2.0421980302276,-1.1007731233839,0.170097390861963,5.84324964819133,TRUE,NA
"b",4.16,-2.91768569567953,-2.04488068801663,-1.10325461796221,0.169812657501179,5.85288981877285,TRUE,NA
"b",4.17,-2.9210497001227,-2.04755935431015,-1.10573277090107,0.169528890476953,5.86253135058682,TRUE,NA
"b",4.18,-2.92441006627369,-2.0502340454189,-1.10820759548701,0.169246084753385,5.87217423572282,TRUE,NA
"b",4.19,-2.92776680531979,-2.05290477756015,-1.11067910492526,0.168964235330379,5.88181846633239,TRUE,NA
"b",4.2,-2.93111992839401,-2.05557156685829,-1.11314731234047,0.168683337243298,5.89146403462843,TRUE,NA
"b",4.21,-2.93446944657543,-2.05823442934542,-1.11561223077724,0.168403385562649,5.90111093288461,TRUE,NA
"b",4.22,-2.93781537088955,-2.06089338096189,-1.11807387320085,0.168124375393755,5.91075915343481,TRUE,NA
"b",4.23,-2.94115771230864,-2.06354843755692,-1.12053225249778,0.167846301876444,5.92040868867249,TRUE,NA
"b",4.24,-2.94449648175205,-2.06619961488912,-1.12298738147639,0.16756916018473,5.93005953105013,TRUE,NA
"b",4.25,-2.94783169008658,-2.0688469286271,-1.1254392728675,0.16729294552651,5.93971167307864,TRUE,NA
"b",4.26,-2.95116334812679,-2.07149039435,-1.12788793932498,0.167017653143248,5.94936510732685,TRUE,NA
"b",4.27,-2.95449146663532,-2.07413002754805,-1.13033339342638,0.166743278309686,5.95901982642087,TRUE,NA
"b",4.28,-2.95781605632326,-2.07676584362318,-1.13277564767348,0.166469816333531,5.9686758230436,TRUE,NA
"b",4.29,-2.96113712785043,-2.07939785788949,-1.13521471449292,0.166197262555169,5.9783330899342,TRUE,NA
"b",4.3,-2.96445469182572,-2.08202608557386,-1.13765060623673,0.165925612347369,5.98799161988746,TRUE,NA
"b",4.31,-2.96776875880744,-2.08465054181648,-1.14008333518294,0.165654861114998,5.99765140575336,TRUE,NA
"b",4.32,-2.97107933930358,-2.08727124167139,-1.14251291353613,0.165385004294733,6.0073124404365,TRUE,NA
"b",4.33,-2.97438644377217,-2.08988820010702,-1.14493935342801,0.165116037354773,6.01697471689559,TRUE,NA
"b",4.34,-2.97769008262159,-2.09250143200673,-1.14736266691798,0.164847955794573,6.02663822814291,TRUE,NA
"b",4.35,-2.98099026621087,-2.09511095216936,-1.14978286599364,0.164580755144559,6.03630296724385,TRUE,NA
"b",4.36,-2.98428700484998,-2.09771677530974,-1.15219996257141,0.164314430965855,6.04596892731637,TRUE,NA
"b",4.37,-2.98758030880018,-2.10031891605922,-1.15461396849701,0.164048978850019,6.05563610153049,TRUE,NA
"b",4.38,-2.9908701882743,-2.1029173889662,-1.15702489554603,0.163784394418775,6.06530448310784,TRUE,NA
"b",4.39,-2.99415665343703,-2.10551220849668,-1.15943275542446,0.163520673323742,6.07497406532116,TRUE,NA
"b",4.4,-2.99743971440526,-2.10810338903471,-1.16183755976923,0.163257811246185,6.08464484149379,TRUE,NA
"b",4.41,-3.00071938124832,-2.110690944883,-1.1642393201487,0.162995803896744,6.09431680499921,TRUE,NA
"b",4.42,-3.00399566398833,-2.11327489026335,-1.16663804806321,0.162734647015196,6.1039899492606,TRUE,NA
"b",4.43,-3.00726857260046,-2.11585523931721,-1.1690337549456,0.162474336370183,6.11366426775034,TRUE,NA
"b",4.44,-3.01053811701324,-2.11843200610617,-1.17142645216168,0.16221486775898,6.12333975398954,TRUE,NA
"b",4.45,-3.01380430710882,-2.12100520461245,-1.17381615101078,0.161956237007238,6.13301640154763,TRUE,NA
"b",4.46,-3.01706715272331,-2.12357484873946,-1.17620286272622,0.16169843996874,6.14269420404187,TRUE,NA
"b",4.47,-3.02032666364699,-2.12614095231222,-1.17858659847584,0.161441472525164,6.15237315513691,TRUE,NA
"b",4.48,-3.02358284962468,-2.1287035290779,-1.18096736936245,0.161185330585844,6.1620532485444,TRUE,NA
"b",4.49,-3.02683572035592,-2.13126259270634,-1.18334518642436,0.16093001008753,6.17173447802246,TRUE,NA
"b",4.5,-3.03008528549535,-2.13381815679047,-1.18572006063583,0.160675506994155,6.18141683737536,TRUE,NA
"b",4.51,-3.03333155465291,-2.13637023484686,-1.18809200290755,0.160421817296611,6.19110032045298,TRUE,NA
"b",4.52,-3.03657453739416,-2.13891884031617,-1.19046102408717,0.160168937012502,6.20078492115051,TRUE,NA
"b",4.53,-3.03981424324053,-2.14146398656364,-1.19282713495967,0.159916862185942,6.21047063340791,TRUE,NA
"b",4.54,-3.04305068166958,-2.14400568687958,-1.19519034624794,0.15966558888731,6.22015745120961,TRUE,NA
"b",4.55,-3.0462838621153,-2.14654395447984,-1.19755066861315,0.159415113213039,6.22984536858404,TRUE,NA
"b",4.56,-3.04951379396836,-2.14907880250626,-1.19990811265526,0.159165431285399,6.23953437960321,TRUE,NA
"b",4.57,-3.05274048657636,-2.1516102440272,-1.20226268891346,0.158916539252267,6.24922447838239,TRUE,NA
"b",4.58,-3.05596394924412,-2.15413829203793,-1.20461440786662,0.158668433286925,6.25891565907962,TRUE,NA
"b",4.59,-3.05918419123391,-2.15666295946116,-1.20696327993373,0.158421109587843,6.26860791589542,TRUE,NA
"b",4.6,-3.06240122176575,-2.15918425914746,-1.20930931547435,0.158174564378466,6.2783012430723,TRUE,NA
"b",4.61,-3.06561505001762,-2.16170220387577,-1.21165252478905,0.15792879390701,6.28799563489447,TRUE,NA
"b",4.62,-3.06882568512574,-2.16421680635378,-1.21399291811984,0.157683794446253,6.29769108568741,TRUE,NA
"b",4.63,-3.07203313618483,-2.16672807921846,-1.21633050565062,0.157439562293332,6.30738758981751,TRUE,NA
"b",4.64,-3.07523741224832,-2.16923603503647,-1.21866529750756,0.157196093769541,6.31708514169169,TRUE,NA
"b",4.65,-3.07843852232867,-2.17174068630461,-1.22099730375956,0.156953385220131,6.32678373575707,TRUE,NA
"b",4.66,-3.08163647539755,-2.1742420454503,-1.22332653441869,0.156711433014112,6.33648336650059,TRUE,NA
"b",4.67,-3.08483128038612,-2.17674012483197,-1.22565299944054,0.156470233544059,6.34618402844861,TRUE,NA
"b",4.68,-3.08802294618526,-2.17923493673955,-1.2279767087247,0.156229783225913,6.35588571616663,TRUE,NA
"b",4.69,-3.09121148164582,-2.18172649339488,-1.23029767211513,0.155990078498797,6.36558842425888,TRUE,NA
"b",4.7,-3.09439689557886,-2.18421480695214,-1.23261589940057,0.155751115824819,6.37529214736804,TRUE,NA
"b",4.71,-3.09757919675589,-2.18669988949832,-1.23493140031496,0.155512891688888,6.38499688017479,TRUE,NA
"b",4.72,-3.10075839390909,-2.18918175305361,-1.2372441845378,0.155275402598525,6.3947026173976,TRUE,NA
"b",4.73,-3.10393449573156,-2.19166040957185,-1.2395542616946,0.155038645083683,6.40440935379229,TRUE,NA
"b",4.74,-3.10710751087758,-2.19413587094095,-1.24186164135723,0.15480261569656,6.41411708415178,TRUE,NA
"b",4.75,-3.11027744796276,-2.19660814898331,-1.2441663330443,0.154567311011417,6.42382580330568,TRUE,NA
"b",4.76,-3.11344431556437,-2.19907725545624,-1.2464683462216,0.154332727624408,6.43353550612005,TRUE,NA
"b",4.77,-3.1166081222215,-2.20154320205238,-1.24876769030241,0.154098862153394,6.44324618749699,TRUE,NA
"b",4.78,-3.11976887643532,-2.20400600040012,-1.25106437464794,0.15386571123777,6.45295784237441,TRUE,NA
"b",4.79,-3.12292658666926,-2.206465662064,-1.25335840856765,0.153633271538297,6.46267046572565,TRUE,NA
"b",4.8,-3.12608126134931,-2.20892219854513,-1.25564980131969,0.153401539736916,6.47238405255921,TRUE,NA
"b",4.81,-3.12923290886416,-2.21137562128158,-1.25793856211118,0.153170512536597,6.48209859791841,TRUE,NA
"b",4.82,-3.13238153756549,-2.21382594164882,-1.26022470009867,0.152940186661153,6.49181409688111,TRUE,NA
"b",4.83,-3.13552715576814,-2.21627317096009,-1.26250822438842,0.152710558855086,6.50153054455939,TRUE,NA
"b",4.84,-3.13866977175034,-2.21871732046681,-1.26478914403681,0.152481625883411,6.51124793609927,TRUE,NA
"b",4.85,-3.14180939375394,-2.22115840135897,-1.26706746805067,0.152253384531501,6.52096626668041,TRUE,NA
"b",4.86,-3.14494602998459,-2.22359642476555,-1.26934320538766,0.152025831604922,6.53068553151579,TRUE,NA
"b",4.87,-3.14807968861202,-2.22603140175488,-1.2716163649566,0.151798963929267,6.54040572585146,TRUE,NA
"b",4.88,-3.15121037777015,-2.22846334333505,-1.2738869556178,0.151572778350007,6.55012684496624,TRUE,NA
"b",4.89,-3.15433810555741,-2.23089226045429,-1.27615498618345,0.151347271732326,6.55984888417143,TRUE,NA
"b",4.9,-3.15746288003685,-2.23331816400138,-1.27842046541791,0.151122440960968,6.56957183881053,TRUE,NA
"b",4.91,-3.16058470923641,-2.23574106480596,-1.2806834020381,0.150898282940082,6.57929570425896,TRUE,NA
"b",4.92,-3.16370360114911,-2.23816097363901,-1.28294380471379,0.15067479459307,6.58902047592381,TRUE,NA
"b",4.93,-3.16681956373324,-2.24057790121315,-1.28520168206797,0.150451972862431,6.59874614924353,TRUE,NA
"b",4.94,-3.16993260491257,-2.24299185818306,-1.28745704267713,0.150229814709619,6.6084727196877,TRUE,NA
"b",4.95,-3.17304273257654,-2.24540285514583,-1.28970989507165,0.150008317114887,6.61820018275673,TRUE,NA
"b",4.96,-3.17614995458049,-2.24781090264133,-1.29196024773608,0.149787477077144,6.62792853398161,TRUE,NA
"b",4.97,-3.17925427874584,-2.2502160111526,-1.29420810910947,0.149567291613807,6.63765776892367,TRUE,NA
"b",4.98,-3.18235571286026,-2.25261819110619,-1.29645348758569,0.149347757760658,6.64738788317426,TRUE,NA
"b",4.99,-3.1854542646779,-2.25501745287255,-1.29869639151377,0.149128872571699,6.65711887235458,TRUE,NA
"b",5,-3.18854994191959,-2.25741380676637,-1.30093682919816,0.148910633119015,6.66685073211537,TRUE,NA
"b",5.01,-3.19164275227299,-2.25980726304693,-1.3031748088991,0.148693036492626,6.67658345813665,TRUE,NA
"b",5.02,-3.19473270339282,-2.26219783191851,-1.30541033883288,0.148476079800353,6.68631704612752,TRUE,NA
"b",5.03,-3.19781980290102,-2.26458552353068,-1.30764342717219,0.148259760167684,6.69605149182588,TRUE,NA
"b",5.04,-3.20090405838698,-2.26697034797869,-1.30987408204639,0.148044074737625,6.70578679099821,TRUE,NA
"b",5.05,-3.20398547740768,-2.2693523153038,-1.31210231154181,0.14782902067058,6.71552293943928,TRUE,NA
"b",5.06,-3.2070640674879,-2.27173143549366,-1.31432812370207,0.147614595144205,6.72525993297199,TRUE,NA
"b",5.07,-3.2101398361204,-2.27410771848261,-1.31655152652836,0.147400795353283,6.73499776744707,TRUE,NA
"b",5.08,-3.21321279076611,-2.27648117415207,-1.31877252797974,0.147187618509588,6.74473643874286,TRUE,NA
"b",5.09,-3.21628293885429,-2.27885181233084,-1.32099113597343,0.146975061841758,6.7544759427651,TRUE,NA
"b",5.1,-3.21935028778273,-2.28121964279546,-1.32320735838509,0.14676312259516,6.76421627544671,TRUE,NA
"b",5.11,-3.22241484491795,-2.28358467527054,-1.32542120304913,0.146551798031773,6.77395743274749,TRUE,NA
"b",5.12,-3.22547661759531,-2.28594691942913,-1.32763267775894,0.14634108543005,6.78369941065399,TRUE,NA
"b",5.13,-3.22853561311925,-2.28830638489297,-1.32984179026725,0.1461309820848,6.79344220517925,TRUE,NA
"b",5.14,-3.23159183876346,-2.29066308123291,-1.33204854828633,0.145921485307059,6.80318581236253,TRUE,NA
"b",5.15,-3.23464530177101,-2.29301701796918,-1.33425295948834,0.145712592423972,6.81293022826921,TRUE,NA
"b",5.16,-3.23769600935457,-2.29536820457174,-1.33645503150553,0.145504300778664,6.82267544899043,TRUE,NA
"b",5.17,-3.24074396869655,-2.29771665046059,-1.33865477193058,0.145296607730126,6.832421470643,TRUE,NA
"b",5.18,-3.2437891869493,-2.30006236500613,-1.34085218831681,0.145089510653091,6.84216828936913,TRUE,NA
"b",5.19,-3.24683167123525,-2.3024053575294,-1.34304728817851,0.144883006937913,6.85191590133622,TRUE,NA
"b",5.2,-3.2498714286471,-2.30474563730248,-1.34524007899115,0.144677093990458,6.86166430273666,TRUE,NA
"b",5.21,-3.25290846624797,-2.30708321354878,-1.34743056819168,0.144471769231981,6.87141348978765,TRUE,NA
"b",5.22,-3.25594279107158,-2.30941809544331,-1.34961876317875,0.144267030099009,6.88116345873094,TRUE,NA
"b",5.23,-3.25897441012242,-2.31175029211305,-1.35180467131303,0.144062874043231,6.8909142058327,TRUE,NA
"b",5.24,-3.26200333037588,-2.31407981263724,-1.35398829991743,0.14385929853138,6.90066572738328,TRUE,NA
"b",5.25,-3.26502955877846,-2.31640666604766,-1.35616965627732,0.143656301045129,6.91041801969699,TRUE,NA
"b",5.26,-3.26805310224788,-2.31873086132899,-1.35834874764087,0.143453879080967,6.92017107911195,TRUE,NA
"b",5.27,-3.2710739676733,-2.32105240741904,-1.36052558121923,0.143252030150098,6.92992490198991,TRUE,NA
"b",5.28,-3.27409216191543,-2.32337131320912,-1.36270016418679,0.14305075177833,6.93967948471597,TRUE,NA
"b",5.29,-3.27710769180669,-2.32568758754429,-1.36487250368145,0.142850041505967,6.94943482369849,TRUE,NA
"b",5.3,-3.2801205641514,-2.32800123922371,-1.36704260680486,0.142649896887696,6.95919091536885,TRUE,NA
"b",5.31,-3.28313078572592,-2.33031227700086,-1.36921048062263,0.142450315492486,6.96894775618126,TRUE,NA
"b",5.32,-3.2861383632788,-2.33262070958391,-1.37137613216463,0.142251294903482,6.97870534261263,TRUE,NA
"b",5.33,-3.28914330353093,-2.33492654563594,-1.37353956842515,0.1420528327179,6.98846367116231,TRUE,NA
"b",5.34,-3.2921456131757,-2.3372297937753,-1.37570079636322,0.141854926546922,6.99822273835196,TRUE,NA
"b",5.35,-3.29514529887916,-2.33953046257584,-1.37785982290279,0.141657574015592,7.00798254072537,TRUE,NA
"b",5.36,-3.29814236728015,-2.34182856056723,-1.38001665493298,0.141460772762719,7.01774307484825,TRUE,NA
"b",5.37,-3.30113682499047,-2.34412409623521,-1.38217129930832,0.141264520440774,7.02750433730811,TRUE,NA
"b",5.38,-3.30412867859502,-2.34641707802191,-1.38432376284895,0.141068814715783,7.03726632471402,TRUE,NA
"b",5.39,-3.30711793465194,-2.34870751432612,-1.38647405234088,0.140873653267246,7.04702903369648,TRUE,NA
"b",5.4,-3.31010459969278,-2.35099541350352,-1.38862217453621,0.140679033788012,7.05679246090726,TRUE,NA
"b",5.41,-3.31308868022262,-2.35328078386704,-1.39076813615335,0.140484953984209,7.06655660301919,TRUE,NA
"b",5.42,-3.31607018272021,-2.35556363368705,-1.39291194387721,0.140291411575129,7.07632145672602,TRUE,NA
"b",5.43,-3.31904911363817,-2.35784397119169,-1.39505360435949,0.140098404293136,7.08608701874225,TRUE,NA
"b",5.44,-3.32202547940304,-2.36012180456712,-1.39719312421883,0.13990592988358,7.09585328580296,TRUE,NA
"b",5.45,-3.32499928641552,-2.36239714195778,-1.39933051004107,0.139713986104691,7.10562025466367,TRUE,NA
"b",5.46,-3.32797054105054,-2.36466999146667,-1.40146576837945,0.13952257072749,7.11538792210015,TRUE,NA
"b",5.47,-3.33093924965741,-2.36694036115561,-1.40359890575482,0.139331681535704,7.12515628490825,TRUE,NA
"b",5.48,-3.33390541856002,-2.36920825904549,-1.40572992865585,0.139141316325664,7.1349253399038,TRUE,NA
"b",5.49,-3.33686905405688,-2.37147369311656,-1.40785884353926,0.138951472906216,7.14469508392241,TRUE,NA
"b",5.5,-3.33983016242134,-2.37373667130866,-1.40998565683001,0.138762149098639,7.15446551381929,TRUE,NA
"b",5.51,-3.34278874990168,-2.37599720152149,-1.41211037492152,0.138573342736543,7.16423662646918,TRUE,NA
"b",5.52,-3.34574482272127,-2.37825529161488,-1.41423300417585,0.138385051665796,7.17400841876611,TRUE,NA
"b",5.53,-3.34869838707868,-2.38051094940901,-1.41635355092393,0.138197273744418,7.1837808876233,TRUE,NA
"b",5.54,-3.35164944914784,-2.38276418268469,-1.41847202146576,0.138010006842515,7.19355402997298,TRUE,NA
"b",5.55,-3.35459801507816,-2.3850149991836,-1.42058842207059,0.137823248842172,7.2033278427663,TRUE,NA
"b",5.56,-3.35754409099466,-2.38726340660855,-1.42270275897714,0.137636997637383,7.2131023229731,TRUE,NA
"b",5.57,-3.36048768299809,-2.3895094126237,-1.42481503839378,0.13745125113396,7.22287746758181,TRUE,NA
"b",5.58,-3.36342879716509,-2.39175302485483,-1.42692526649877,0.137266007249449,7.23265327359934,TRUE,NA
"b",5.59,-3.36636743954829,-2.39399425088958,-1.42903344944036,0.137081263913046,7.24242973805088,TRUE,NA
"b",5.6,-3.36930361617647,-2.39623309827769,-1.4311395933371,0.136897019065518,7.25220685797978,TRUE,NA
"b",5.61,-3.37223733305463,-2.39846957453123,-1.43324370427794,0.136713270659121,7.26198463044739,TRUE,NA
"b",5.62,-3.3751685961642,-2.40070368712486,-1.43534578832246,0.136530016657511,7.27176305253297,TRUE,NA
"b",5.63,-3.37809741146308,-2.40293544349603,-1.43744585150105,0.136347255035675,7.28154212133353,TRUE,NA
"b",5.64,-3.38102378488583,-2.40516485104528,-1.43954389981512,0.136164983779843,7.29132183396366,TRUE,NA
"b",5.65,-3.38394772234376,-2.40739191713639,-1.44163993923723,0.135983200887412,7.30110218755544,TRUE,NA
"b",5.66,-3.38686922972505,-2.40961664909668,-1.44373397571133,0.13580190436687,7.3108831792583,TRUE,NA
"b",5.67,-3.38978831289491,-2.41183905421721,-1.44582601515292,0.135621092237712,7.32066480623885,TRUE,NA
"b",5.68,-3.39270497769565,-2.41405913975302,-1.44791606344921,0.13544076253037,7.33044706568082,TRUE,NA
"b",5.69,-3.39561922994686,-2.41627691292333,-1.45000412645935,0.135260913286128,7.34022995478483,TRUE,NA
"b",5.7,-3.39853107544545,-2.41849238091182,-1.45209021001456,0.135081542557056,7.35001347076839,TRUE,NA
"b",5.71,-3.40144051996587,-2.4207055508668,-1.45417431991833,0.13490264840593,7.35979761086562,TRUE,NA
"b",5.72,-3.40434756926012,-2.42291642990146,-1.4562564619466,0.134724228906153,7.36958237232728,TRUE,NA
"b",5.73,-3.40725222905798,-2.42512502509408,-1.45833664184792,0.134546282141692,7.37936775242051,TRUE,NA
"b",5.74,-3.41015450506701,-2.42733134348827,-1.46041486534362,0.134368806206994,7.3891537484288,TRUE,NA
"b",5.75,-3.41305440297278,-2.42953539209315,-1.46249113812801,0.13419179920692,7.39894035765183,TRUE,NA
"b",5.76,-3.41595192843889,-2.4317371778836,-1.46456546586852,0.134015259256669,7.40872757740534,TRUE,NA
"b",5.77,-3.41884708710715,-2.43393670780048,-1.46663785420588,0.133839184481711,7.41851540502102,TRUE,NA
"b",5.78,-3.42173988459767,-2.4361339887508,-1.46870830875428,0.133663573017711,7.4283038378464,TRUE,NA
"b",5.79,-3.42463032650894,-2.43832902760798,-1.47077683510156,0.133488423010463,7.43809287324471,TRUE,NA
"b",5.8,-3.42751841841803,-2.44052183121202,-1.47284343880935,0.133313732615819,7.44788250859478,TRUE,NA
"b",5.81,-3.4304041658806,-2.44271240636975,-1.47490812541324,0.133139499999617,7.45767274129094,TRUE,NA
"b",5.82,-3.43328757443108,-2.444900759855,-1.47697090042296,0.132965723337617,7.46746356874283,TRUE,NA
"b",5.83,-3.43616864958276,-2.44708689840884,-1.47903176932251,0.13279240081543,7.47725498837538,TRUE,NA
"b",5.84,-3.43904739682789,-2.44927082873974,-1.48109073757034,0.132619530628455,7.48704699762864,TRUE,NA
"b",5.85,-3.4419238216378,-2.45145255752382,-1.48314781059951,0.132447110981803,7.4968395939577,TRUE,NA
"b",5.86,-3.444797929463,-2.45363209140503,-1.48520299381786,0.132275140090242,7.50663277483252,TRUE,NA
"b",5.87,-3.4476697257333,-2.45580943699535,-1.48725629260811,0.132103616178122,7.51642653773792,TRUE,NA
"b",5.88,-3.45053921585792,-2.45798460087498,-1.4893077123281,0.131932537479317,7.52622088017335,TRUE,NA
"b",5.89,-3.45340640522556,-2.46015758959258,-1.49135725831086,0.131761902237155,7.53601579965289,TRUE,NA
"b",5.9,-3.45627129920455,-2.4623284096654,-1.49340493586484,0.131591708704356,7.54581129370506,TRUE,NA
"b",5.91,-3.45913390314293,-2.46449706757952,-1.49545075027401,0.131421955142969,7.55560735987279,TRUE,NA
"b",5.92,-3.46199422236856,-2.46666356979004,-1.497494706798,0.131252639824309,7.56540399571322,TRUE,NA
"b",5.93,-3.46485226218922,-2.46882792272127,-1.49953681067233,0.131083761028889,7.57520119879771,TRUE,NA
"b",5.94,-3.46770802789273,-2.4709901327669,-1.50157706710846,0.130915317046371,7.58499896671161,TRUE,NA
"b",5.95,-3.47056152474702,-2.47315020629022,-1.50361548129398,0.130747306175489,7.59479729705429,TRUE,NA
"b",5.96,-3.47341275800026,-2.47530814962427,-1.5056520583928,0.130579726723998,7.60459618743891,TRUE,NA
"b",5.97,-3.47626173288095,-2.47746396907208,-1.5076868035452,0.13041257700861,7.61439563549242,TRUE,NA
"b",5.98,-3.47910845459802,-2.4796176709068,-1.50971972186806,0.130245855354933,7.6241956388554,TRUE,NA
"b",5.99,-3.48195292834094,-2.48176926137193,-1.51175081845497,0.130079560097418,7.63399619518199,TRUE,NA
"b",6,-3.48479515927979,-2.48391874668147,-1.51378009837636,0.129913689579289,7.64379730213978,TRUE,NA
"b",6.01,-3.48763515256538,-2.48606613302011,-1.51580756667965,0.129748242152491,7.65359895740972,TRUE,NA
"b",6.02,-3.49047291332937,-2.48821142654343,-1.5178332283894,0.129583216177635,7.66340115868599,TRUE,NA
"b",6.03,-3.49330844668432,-2.49035463337805,-1.51985708850744,0.129418610023932,7.67320390367597,TRUE,NA
"b",6.04,-3.49614175772381,-2.49249575962182,-1.52187915201303,0.129254422069143,7.68300719010009,TRUE,NA
"b",6.05,-3.49897285152254,-2.49463481134401,-1.52389942386292,0.129090650699521,7.69281101569174,TRUE,NA
"b",6.06,-3.50180173313642,-2.49677179458546,-1.52591790899161,0.128927294309748,7.70261537819721,TRUE,NA
"b",6.07,-3.50462840760267,-2.49890671535876,-1.52793461231138,0.128764351302888,7.71242027537559,TRUE,NA
"b",6.08,-3.50745287993989,-2.50103957964846,-1.52994953871245,0.128601820090327,7.72222570499862,TRUE,NA
"b",6.09,-3.5102751551482,-2.50317039341117,-1.53196269306316,0.12843969909172,7.73203166485067,TRUE,NA
"b",6.1,-3.51309523820928,-2.5052991625758,-1.53397408021003,0.128277986734934,7.74183815272865,TRUE,NA
"b",6.11,-3.51591313408649,-2.5074258930437,-1.53598370497794,0.128116681455997,7.75164516644185,TRUE,NA
"b",6.12,-3.51872884772498,-2.50955059068881,-1.53799157217026,0.127955781699041,7.76145270381191,TRUE,NA
"b",6.13,-3.52154238405174,-2.51167326135785,-1.53999768656894,0.127795285916255,7.77126076267275,TRUE,NA
"b",6.14,-3.52435374797571,-2.5137939108705,-1.54200205293467,0.127635192567821,7.7810693408704,TRUE,NA
"b",6.15,-3.52716294438789,-2.51591254501952,-1.54400467600702,0.127475500121875,7.79087843626301,TRUE,NA
"b",6.16,-3.52996997816139,-2.51802916957095,-1.54600556050453,0.127316207054441,7.8006880467207,TRUE,NA
"b",6.17,-3.53277485415155,-2.52014379026427,-1.54800471112483,0.127157311849396,7.8104981701255,TRUE,NA
"b",6.18,-3.53557757719602,-2.52225641281252,-1.55000213254484,0.126998812998405,7.82030880437124,TRUE,NA
"b",6.19,-3.53837815211483,-2.52436704290254,-1.55199782942078,0.126840709000873,7.83011994736352,TRUE,NA
"b",6.2,-3.54117658371051,-2.52647568619503,-1.55399180638839,0.126682998363902,7.83993159701957,TRUE,NA
"b",6.21,-3.54397287676814,-2.5285823483248,-1.555984068063,0.12652567960223,7.84974375126821,TRUE,NA
"b",6.22,-3.54676703605548,-2.53068703490084,-1.55797461903967,0.126368751238193,7.85955640804974,TRUE,NA
"b",6.23,-3.54955906632301,-2.53278975150657,-1.55996346389329,0.126212211801666,7.86936956531588,TRUE,NA
"b",6.24,-3.55234897230406,-2.5348905036999,-1.56195060717873,0.12605605983002,7.87918322102966,TRUE,NA
"b",6.25,-3.55513675871483,-2.53698929701346,-1.56393605343094,0.125900293868072,7.88899737316538,TRUE,NA
"b",6.26,-3.55792243025457,-2.53908613695469,-1.56591980716504,0.125744912468036,7.89881201970852,TRUE,NA
"b",6.27,-3.56070599160555,-2.54118102900605,-1.5679018728765,0.125589914189478,7.90862715865562,TRUE,NA
"b",6.28,-3.56348744743325,-2.54327397862512,-1.56988225504121,0.125435297599266,7.91844278801428,TRUE,NA
"b",6.29,-3.56626680238636,-2.54536499124478,-1.57186095811559,0.125281061271522,7.92825890580302,TRUE,NA
"b",6.3,-3.56904406109693,-2.54745407227334,-1.57383798653675,0.125127203787583,7.93807551005122,TRUE,NA
"b",6.31,-3.57181922818038,-2.5495412270947,-1.57581334472252,0.124973723735944,7.94789259879906,TRUE,NA
"b",6.32,-3.57459230823565,-2.55162646106848,-1.57778703707168,0.12482061971222,7.95771017009742,TRUE,NA
"b",6.33,-3.57736330584523,-2.5537097795302,-1.57975906796395,0.124667890319099,7.96752822200785,TRUE,NA
"b",6.34,-3.58013222557526,-2.55579118779137,-1.58172944176019,0.124515534166293,7.97734675260243,TRUE,NA
"b",6.35,-3.58289907197563,-2.55787069113968,-1.58369816280247,0.1243635498705,7.98716575996376,TRUE,NA
"b",6.36,-3.58566384958,-2.55994829483911,-1.58566523541416,0.124211936055355,7.99698524218486,TRUE,NA
"b",6.37,-3.58842656290597,-2.5620240041301,-1.58763066390011,0.124060691351384,8.00680519736909,TRUE,NA
"b",6.38,-3.59118721645504,-2.56409782422967,-1.58959445254668,0.123909814395966,8.01662562363009,TRUE,NA
"b",6.39,-3.59394581471281,-2.56616976033156,-1.59155660562187,0.123759303833285,8.02644651909172,TRUE,NA
"b",6.4,-3.59670236214897,-2.56823981760636,-1.59351712737547,0.123609158314291,8.03626788188797,TRUE,NA
"b",6.41,-3.59945686321741,-2.57030800120168,-1.5954760220391,0.123459376496651,8.04608971016291,TRUE,NA
"b",6.42,-3.6022093223563,-2.57237431624224,-1.59743329382635,0.123309957044714,8.05591200207058,TRUE,NA
"b",6.43,-3.60495974398814,-2.57443876783006,-1.59938894693289,0.123160898629464,8.065734755775,TRUE,NA
"b",6.44,-3.60770813251988,-2.57650136104454,-1.60134298553655,0.123012199928479,8.07555796945001,TRUE,NA
"b",6.45,-3.61045449234294,-2.57856210094262,-1.60329541379744,0.122863859625892,8.08538164127927,TRUE,NA
"b",6.46,-3.61319882783334,-2.5806209925589,-1.60524623585804,0.122715876412344,8.09520576945619,TRUE,NA
"b",6.47,-3.61594114335173,-2.58267804090581,-1.6071954558433,0.122568248984953,8.1050303521838,TRUE,NA
"b",6.48,-3.61868144324349,-2.58473325097367,-1.60914307786076,0.122420976047265,8.11485538767477,TRUE,NA
"b",6.49,-3.62141973183879,-2.5867866277309,-1.61108910600064,0.122274056309215,8.12468087415128,TRUE,NA
"b",6.5,-3.62415601345265,-2.58883817612407,-1.61303354433591,0.122127488487088,8.134506809845,TRUE,NA
"b",6.51,-3.62689029238506,-2.59088790107809,-1.61497639692244,0.121981271303485,8.14433319299698,TRUE,NA
"b",6.52,-3.629622572921,-2.59293580749631,-1.61691766779905,0.121835403487276,8.15416002185765,TRUE,NA
"b",6.53,-3.63235285933054,-2.59498190026065,-1.61885736098763,0.12168988377356,8.16398729468669,TRUE,NA
"b",6.54,-3.63508115586888,-2.5970261842317,-1.62079548049325,0.121544710903637,8.173815009753,TRUE,NA
"b",6.55,-3.63780746677648,-2.5990686642489,-1.62273203030422,0.121399883624957,8.18364316533467,TRUE,NA
"b",6.56,-3.64053179627906,-2.60110934513062,-1.62466701439221,0.121255400691088,8.19347175971884,TRUE,NA
"b",6.57,-3.64325414858774,-2.60314823167429,-1.62660043671233,0.121111260861683,8.20330079120171,TRUE,NA
"b",6.58,-3.64597452789902,-2.60518532865651,-1.62853230120325,0.120967462902431,8.21313025808847,TRUE,NA
"b",6.59,-3.64869293839495,-2.60722064083323,-1.63046261178725,0.120824005585029,8.22296015869316,TRUE,NA
"b",6.6,-3.65140938424313,-2.60925417293977,-1.63239137237035,0.120680887687139,8.23279049133876,TRUE,NA
"b",6.61,-3.65412386959679,-2.61128592969103,-1.63431858684239,0.120538107992358,8.24262125435699,TRUE,NA
"b",6.62,-3.65683639859488,-2.61331591578158,-1.63624425907709,0.120395665290174,8.25245244608832,TRUE,NA
"b",6.63,-3.65954697536211,-2.61534413588574,-1.63816839293221,0.120253558375935,8.2622840648819,TRUE,NA
"b",6.64,-3.66225560400903,-2.61737059465775,-1.64009099224957,0.120111786050814,8.27211610909551,TRUE,NA
"b",6.65,-3.66496228863211,-2.61939529673186,-1.64201206085516,0.119970347121768,8.28194857709548,TRUE,NA
"b",6.66,-3.66766703331378,-2.62141824672243,-1.64393160255927,0.119829240401502,8.29178146725667,TRUE,NA
"b",6.67,-3.67036984212251,-2.62343944922408,-1.64584962115651,0.119688464708446,8.30161477796237,TRUE,NA
"b",6.68,-3.67307071911287,-2.6254589088118,-1.64776612042593,0.119548018866707,8.31144850760428,TRUE,NA
"b",6.69,-3.6757696683256,-2.627476630041,-1.64968110413114,0.119407901706036,8.32128265458245,TRUE,NA
"b",6.7,-3.67846669378767,-2.62949261744773,-1.65159457602031,0.119268112061803,8.33111721730518,TRUE,NA
"b",6.71,-3.68116179951236,-2.63150687554867,-1.65350653982637,0.119128648774952,8.34095219418906,TRUE,NA
"b",6.72,-3.68385498949929,-2.63351940884136,-1.65541699926697,0.118989510691971,8.3507875836588,TRUE,NA
"b",6.73,-3.68654626773452,-2.63553022180422,-1.65732595804468,0.118850696664865,8.36062338414728,TRUE,NA
"b",6.74,-3.68923563819058,-2.63753931889668,-1.65923341984699,0.11871220555111,8.37045959409543,TRUE,NA
"b",6.75,-3.69192310482656,-2.63954670455931,-1.66113938834642,0.118574036213631,8.38029621195219,TRUE,NA
"b",6.76,-3.69460867158817,-2.64155238321394,-1.66304386720062,0.118436187520762,8.39013323617449,TRUE,NA
"b",6.77,-3.69729234240778,-2.6435563592637,-1.66494686005244,0.118298658346219,8.39997066522717,TRUE,NA
"b",6.78,-3.69997412120449,-2.64555863709319,-1.66684837053001,0.118161447569065,8.40980849758292,TRUE,NA
"b",6.79,-3.70265401188422,-2.64755922106857,-1.6687484022468,0.118024554073671,8.41964673172226,TRUE,NA
"b",6.8,-3.70533201833972,-2.64955811553764,-1.67064695880174,0.117887976749701,8.42948536613347,TRUE,NA
"b",6.81,-3.70800814445068,-2.65155532482997,-1.67254404377927,0.117751714492063,8.43932439931252,TRUE,NA
"b",6.82,-3.71068239408375,-2.65355085325699,-1.67443966074944,0.117615766200888,8.44916382976308,TRUE,NA
"b",6.83,-3.71335477109263,-2.65554470511211,-1.67633381326797,0.117480130781491,8.4590036559964,TRUE,NA
"b",6.84,-3.71602527931812,-2.65753688467078,-1.67822650487633,0.117344807144352,8.4688438765313,TRUE,NA
"b",6.85,-3.71869392258817,-2.65952739619066,-1.68011773910184,0.11720979420507,8.47868448989414,TRUE,NA
"b",6.86,-3.72136070471793,-2.66151624391163,-1.68200751945771,0.117075090884345,8.4885254946187,TRUE,NA
"b",6.87,-3.72402562950986,-2.66350343205598,-1.68389584944317,0.11694069610794,8.49836688924624,TRUE,NA
"b",6.88,-3.72668870075371,-2.66548896482845,-1.68578273254347,0.116806608806657,8.50820867232533,TRUE,NA
"b",6.89,-3.72934992222665,-2.66747284641635,-1.68766817223003,0.116672827916301,8.51805084241191,TRUE,NA
"b",6.9,-3.73200929769329,-2.66945508098964,-1.68955217196048,0.116539352377653,8.52789339806917,TRUE,NA
"b",6.91,-3.73466683090575,-2.67143567270107,-1.69143473517873,0.116406181136442,8.53773633786755,TRUE,NA
"b",6.92,-3.73732252560368,-2.67341462568621,-1.69331586531505,0.116273313143316,8.54757966038465,TRUE,NA
"b",6.93,-3.73997638551439,-2.6753919440636,-1.69519556578616,0.116140747353808,8.55742336420524,TRUE,NA
"b",6.94,-3.74262841435283,-2.67736763193484,-1.69707383999528,0.116008482728311,8.56726744792115,TRUE,NA
"b",6.95,-3.7452786158217,-2.67934169338465,-1.69895069133221,0.115876518232052,8.57711191013131,TRUE,NA
"b",6.96,-3.74792699361148,-2.68131413248098,-1.70082612317341,0.115744852835059,8.58695674944158,TRUE,NA
"b",6.97,-3.75057355140049,-2.68328495327514,-1.70270013888205,0.115613485512132,8.59680196446485,TRUE,NA
"b",6.98,-3.75321829285493,-2.68525415980183,-1.70457274180812,0.11548241524282,8.60664755382088,TRUE,NA
"b",6.99,-3.75586122162898,-2.68722175607928,-1.70644393528847,0.115351641011389,8.61649351613634,TRUE,NA
"b",7,-3.7585023413648,-2.68918774610929,-1.70831372264686,0.1152211618068,8.62633985004466,TRUE,NA
"b",7.01,-3.76114165569262,-2.69115213387741,-1.71018210719409,0.115090976622669,8.63618655418616,TRUE,NA
"b",7.02,-3.76377916823076,-2.69311492335292,-1.71204909222803,0.114961084457256,8.64603362720781,TRUE,NA
"b",7.03,-3.76641488258574,-2.69507611848899,-1.71391468103368,0.114831484313427,8.65588106776332,TRUE,NA
"b",7.04,-3.76904880235227,-2.69703572322277,-1.71577887688327,0.114702175198629,8.66572887451307,TRUE,NA
"b",7.05,-3.77168093111335,-2.69899374147544,-1.7176416830363,0.114573156124869,8.67557704612403,TRUE,NA
"b",7.06,-3.77431127244028,-2.70095017715232,-1.71950310273962,0.114444426108679,8.68542558126975,TRUE,NA
"b",7.07,-3.77693982989276,-2.70290503414295,-1.7213631392275,0.114315984171097,8.69527447863032,TRUE,NA
"b",7.08,-3.7795666070189,-2.70485831632119,-1.72322179572169,0.114187829337633,8.70512373689235,TRUE,NA
"b",7.09,-3.7821916073553,-2.70681002754529,-1.7250790754315,0.114059960638254,8.71497335474885,TRUE,NA
"b",7.1,-3.78481483442708,-2.70876017165798,-1.72693498155382,0.113932377107348,8.72482333089928,TRUE,NA
"b",7.11,-3.78743629174796,-2.71070875248656,-1.72878951727325,0.113805077783702,8.73467366404947,TRUE,NA
"b",7.12,-3.79005598282026,-2.71265577384298,-1.73064268576213,0.113678061710483,8.74452435291159,TRUE,NA
"b",7.13,-3.792673911135,-2.71460123952391,-1.73249449018059,0.113551327935201,8.75437539620404,TRUE,NA
"b",7.14,-3.79529008017195,-2.71654515331086,-1.73434493367666,0.113424875509692,8.76422679265158,TRUE,NA
"b",7.15,-3.79790449339964,-2.71848751897022,-1.73619401938628,0.113298703490091,8.77407854098512,TRUE,NA
"b",7.16,-3.80051715427542,-2.72042834025336,-1.73804175043342,0.113172810936809,8.78393063994175,TRUE,NA
"b",7.17,-3.80312806624557,-2.72236762089672,-1.73988812993006,0.113047196914508,8.79378308826471,TRUE,NA
"b",7.18,-3.80573723274524,-2.72430536462188,-1.74173316097636,0.112921860492068,8.80363588470335,TRUE,NA
"b",7.19,-3.8083446571986,-2.72624157513565,-1.74357684666064,0.11279680074258,8.81348902801309,TRUE,NA
"b",7.2,-3.81095034301884,-2.72817625613013,-1.74541919005946,0.112672016743308,8.82334251695535,TRUE,NA
"b",7.21,-3.81355429360821,-2.7301094112828,-1.74726019423771,0.112547507575667,8.83319635029757,TRUE,NA
"b",7.22,-3.8161565123581,-2.73204104425661,-1.74909986224863,0.112423272325208,8.84305052681313,TRUE,NA
"b",7.23,-3.81875700264907,-2.73397115870005,-1.7509381971339,0.112299310081587,8.85290504528131,TRUE,NA
"b",7.24,-3.8213557678509,-2.73589975824721,-1.75277520192369,0.112175619938539,8.86275990448731,TRUE,NA
"b",7.25,-3.82395281132262,-2.73782684651789,-1.75461087963671,0.112052200993864,8.87261510322214,TRUE,NA
"b",7.26,-3.82654813641259,-2.73975242711765,-1.75644523328028,0.111929052349395,8.88247064028265,TRUE,NA
"b",7.27,-3.82914174645853,-2.7416765036379,-1.75827826585041,0.111806173110983,8.89232651447143,TRUE,NA
"b",7.28,-3.83173364478755,-2.74359907965597,-1.76010998033181,0.111683562388464,8.90218272459684,TRUE,NA
"b",7.29,-3.83432383471623,-2.74552015873518,-1.76194037969797,0.111561219295654,8.91203926947293,TRUE,NA
"b",7.3,-3.83691231955064,-2.74743974442493,-1.76376946691125,0.111439142950305,8.92189614791943,TRUE,NA
"b",7.31,-3.83949910258639,-2.74935784026076,-1.76559724492288,0.111317332474095,8.93175335876168,TRUE,NA
"b",7.32,-3.84208418710869,-2.75127444976444,-1.76742371667307,0.111195786992609,8.94161090083064,TRUE,NA
"b",7.33,-3.84466757639239,-2.75318957644401,-1.76924888509101,0.111074505635308,8.95146877296287,TRUE,NA
"b",7.34,-3.84724927370198,-2.75510322379388,-1.771072753095,0.110953487535515,8.96132697400038,TRUE,NA
"b",7.35,-3.84982928229172,-2.75701539529491,-1.77289532359243,0.110832731830385,8.97118550279077,TRUE,NA
"b",7.36,-3.85240760540562,-2.75892609441447,-1.77471659947988,0.110712237660892,8.98104435818704,TRUE,NA
"b",7.37,-3.8549842462775,-2.76083532460648,-1.77653658364317,0.110592004171801,8.99090353904769,TRUE,NA
"b",7.38,-3.85755920813104,-2.76274308931155,-1.77835527895741,0.110472030511654,9.00076304423654,TRUE,NA
"b",7.39,-3.86013249417981,-2.76464939195697,-1.78017268828705,0.110352315832742,9.01062287262285,TRUE,NA
"b",7.4,-3.86270410762735,-2.76655423595685,-1.78198881448593,0.110232859291085,9.02048302308118,TRUE,NA
"b",7.41,-3.86527405166716,-2.76845762471216,-1.78380366039736,0.110113660046415,9.03034349449143,TRUE,NA
"b",7.42,-3.86784232948278,-2.77035956161077,-1.78561722885416,0.109994717262154,9.04020428573873,TRUE,NA
"b",7.43,-3.87040894424782,-2.77226005002758,-1.78742952267867,0.109876030105393,9.05006539571347,TRUE,NA
"b",7.44,-3.87297389912601,-2.77415909332453,-1.78924054468288,0.109757597746869,9.05992682331128,TRUE,NA
"b",7.45,-3.87553719727123,-2.77605669485072,-1.79105029766842,0.109639419360951,9.06978856743292,TRUE,NA
"b",7.46,-3.87809884182757,-2.77795285794241,-1.79285878442667,0.109521494125614,9.07965062698433,TRUE,NA
"b",7.47,-3.88065883592936,-2.77984758592318,-1.79466600773873,0.109403821222419,9.08951300087656,TRUE,NA
"b",7.48,-3.88321718270119,-2.78174088210389,-1.79647197037555,0.109286399836499,9.09937568802577,TRUE,NA
"b",7.49,-3.88577388525801,-2.78363274978284,-1.79827667509795,0.109169229156536,9.10923868735314,TRUE,NA
"b",7.5,-3.88832894670512,-2.78552319224577,-1.80008012465666,0.109052308374736,9.11910199778491,TRUE,NA
"b",7.51,-3.89088237013821,-2.78741221276595,-1.80188232179238,0.108935636686823,9.1289656182523,TRUE,NA
"b",7.52,-3.89343415864344,-2.78929981460427,-1.80368326923584,0.108819213292005,9.13882954769151,TRUE,NA
"b",7.53,-3.89598431529744,-2.79118600100924,-1.80548296970785,0.108703037392963,9.14869378504367,TRUE,NA
"b",7.54,-3.8985328431674,-2.79307077521712,-1.80728142591931,0.108587108195831,9.15855832925483,TRUE,NA
"b",7.55,-3.90107974531103,-2.79495414045195,-1.80907864057132,0.108471424910177,9.16842317927593,TRUE,NA
"b",7.56,-3.90362502477668,-2.79683609992561,-1.8108746163552,0.108355986748981,9.17828833406273,TRUE,NA
"b",7.57,-3.90616868460335,-2.79871665683791,-1.8126693559525,0.108240792928621,9.18815379257586,TRUE,NA
"b",7.58,-3.90871072782071,-2.8005958143766,-1.81446286203514,0.108125842668853,9.19801955378071,TRUE,NA
"b",7.59,-3.91125115744917,-2.8024735757175,-1.81625513726536,0.10801113519279,9.20788561664746,TRUE,NA
"b",7.6,-3.91378997649989,-2.8043499440245,-1.81804618429584,0.107896669726888,9.21775198015102,TRUE,NA
"b",7.61,-3.91632718797486,-2.80622492244967,-1.81983600576969,0.107782445500921,9.22761864327101,TRUE,NA
"b",7.62,-3.91886279486687,-2.80809851413328,-1.82162460432057,0.107668461747973,9.23748560499176,TRUE,NA
"b",7.63,-3.92139680015964,-2.8099707222039,-1.82341198257264,0.107554717704413,9.24735286430223,TRUE,NA
"b",7.64,-3.92392920682777,-2.81184154977841,-1.82519814314071,0.107441212609876,9.25722042019602,TRUE,NA
"b",7.65,-3.92646001783685,-2.8137109999621,-1.8269830886302,0.107327945707251,9.26708827167135,TRUE,NA
"b",7.66,-3.92898923614344,-2.81557907584872,-1.82876682163724,0.107214916242659,9.27695641773097,TRUE,NA
"b",7.67,-3.93151686469514,-2.81744578052054,-1.8305493447487,0.107102123465438,9.28682485738226,TRUE,NA
"b",7.68,-3.93404290643062,-2.81931111704839,-1.83233066054221,0.106989566628123,9.29669358963706,TRUE,NA
"b",7.69,-3.93656736427966,-2.82117508849175,-1.83411077158625,0.106877244986434,9.30656261351172,TRUE,NA
"b",7.7,-3.93909024116319,-2.82303769789877,-1.83588968044018,0.106765157799248,9.3164319280271,TRUE,NA
"b",7.71,-3.94161153999332,-2.82489894830635,-1.83766738965425,0.106653304328598,9.32630153220845,TRUE,NA
"b",7.72,-3.94413126367335,-2.82675884274021,-1.8394439017697,0.106541683839643,9.33617142508549,TRUE,NA
"b",7.73,-3.94664941509787,-2.82861738421492,-1.84121921931875,0.106430295600654,9.34604160569231,TRUE,NA
"b",7.74,-3.94916599715274,-2.83047457573396,-1.8429933448247,0.106319138883002,9.3559120730674,TRUE,NA
"b",7.75,-3.95168101271517,-2.83233042028978,-1.84476628080191,0.106208212961138,9.36578282625353,TRUE,NA
"b",7.76,-3.95419446465369,-2.83418492086387,-1.8465380297559,0.106097517112576,9.37565386429787,TRUE,NA
"b",7.77,-3.95670635582827,-2.83603808042681,-1.84830859418336,0.105987050617874,9.38552518625184,TRUE,NA
"b",7.78,-3.9592166890903,-2.83788990193828,-1.85007797657221,0.105876812760627,9.39539679117116,TRUE,NA
"b",7.79,-3.96172546728263,-2.8397403883472,-1.85184617940164,0.105766802827444,9.40526867811576,TRUE,NA
"b",7.8,-3.96423269323962,-2.8415895425917,-1.85361320514211,0.105657020107931,9.41514084614981,TRUE,NA
"b",7.81,-3.96673836978716,-2.84343736759923,-1.85537905625548,0.105547463894677,9.42501329434171,TRUE,NA
"b",7.82,-3.96924249974274,-2.84528386628658,-1.85714373519497,0.105438133483239,9.43488602176398,TRUE,NA
"b",7.83,-3.97174508591543,-2.84712904155995,-1.85890724440523,0.105329028172128,9.44475902749333,TRUE,NA
"b",7.84,-3.97424613110595,-2.848972896315,-1.8606695863224,0.105220147262785,9.4546323106106,TRUE,NA
"b",7.85,-3.97674563810671,-2.85081543343692,-1.86243076337413,0.105111490059576,9.46450587020071,TRUE,NA
"b",7.86,-3.97924360970181,-2.85265665580042,-1.86419077797961,0.105003055869775,9.47437970535266,TRUE,NA
"b",7.87,-3.98174004866711,-2.85449656626987,-1.86594963254964,0.104894844003534,9.48425381515956,TRUE,NA
"b",7.88,-3.98423495777025,-2.85633516769929,-1.86770732948666,0.104786853773893,9.49412819871848,TRUE,NA
"b",7.89,-3.98672833977067,-2.8581724629324,-1.86946387118477,0.104679084496742,9.50400285513056,TRUE,NA
"b",7.9,-3.98922019741966,-2.86000845480271,-1.8712192600298,0.104571535490818,9.51387778350091,TRUE,NA
"b",7.91,-3.99171053346039,-2.86184314613355,-1.87297349839932,0.104464206077688,9.5237529829386,TRUE,NA
"b",7.92,-3.99419935062794,-2.86367653973812,-1.87472658866271,0.104357095581732,9.53362845255666,TRUE,NA
"b",7.93,-3.99668665164934,-2.86550863841952,-1.87647853318116,0.104250203330131,9.54350419147203,TRUE,NA
"b",7.94,-3.9991724392436,-2.86733944497084,-1.87822933430777,0.10414352865285,9.55338019880556,TRUE,NA
"b",7.95,-4.00165671612171,-2.86916896217518,-1.87997899438751,0.104037070882622,9.56325647368199,TRUE,NA
"b",7.96,-4.00413948498674,-2.87099719280571,-1.88172751575732,0.103930829354943,9.57313301522989,TRUE,NA
"b",7.97,-4.00662074853382,-2.87282413962571,-1.88347490074612,0.10382480340804,9.58300982258168,TRUE,NA
"b",7.98,-4.00910050945017,-2.87464980538863,-1.88522115167486,0.103718992382879,9.5928868948736,TRUE,NA
"b",7.99,-4.01157877041517,-2.87647419283814,-1.88696627085656,0.103613395623129,9.60276423124569,TRUE,NA
"b",8,-4.01405553410036,-2.87829730470814,-1.88871026059632,0.103508012475162,9.61264183084174,TRUE,NA
"b",8.01,-4.01653080316949,-2.88011914372289,-1.89045312319138,0.103402842288037,9.62251969280931,TRUE,NA
"b",8.02,-4.01900458027852,-2.88193971259695,-1.89219486093118,0.103297884413478,9.63239781629968,TRUE,NA
"b",8.03,-4.02147686807569,-2.88375901403531,-1.89393547609734,0.103193138205873,9.64227620046785,TRUE,NA
"b",8.04,-4.02394766920154,-2.88557705073341,-1.89567497096374,0.103088603022248,9.65215484447249,TRUE,NA
"b",8.05,-4.02641698628893,-2.88739382537718,-1.89741334779654,0.102984278222263,9.66203374747597,TRUE,NA
"b",8.06,-4.02888482196306,-2.8892093406431,-1.89915060885423,0.102880163168187,9.67191290864428,TRUE,NA
"b",8.07,-4.03135117884154,-2.89102359919821,-1.90088675638765,0.102776257224899,9.68179232714707,TRUE,NA
"b",8.08,-4.03381605953439,-2.89283660370021,-1.90262179264002,0.102672559759865,9.69167200215755,TRUE,NA
"b",8.09,-4.03627946664408,-2.89464835679747,-1.90435571984701,0.102569070143121,9.70155193285257,TRUE,NA
"b",8.1,-4.03874140276554,-2.89645886112908,-1.90608854023673,0.102465787747275,9.71143211841253,TRUE,NA
"b",8.11,-4.04120187048622,-2.89826811932489,-1.9078202560298,0.102362711947479,9.72131255802134,TRUE,NA
"b",8.12,-4.04366087238613,-2.90007613400558,-1.90955086943936,0.102259842121419,9.73119325086653,TRUE,NA
"b",8.13,-4.0461184110378,-2.90188290778266,-1.91128038267114,0.102157177649311,9.74107419613904,TRUE,NA
"b",8.14,-4.04857448900639,-2.90368844325858,-1.91300879792345,0.102054717913874,9.75095539303337,TRUE,NA
"b",8.15,-4.05102910884969,-2.90549274302669,-1.91473611738724,0.10195246230033,9.76083684074746,TRUE,NA
"b",8.16,-4.05348227311811,-2.90729580967135,-1.91646234324614,0.101850410196381,9.77071853848274,TRUE,NA
"b",8.17,-4.05593398435478,-2.90909764576795,-1.91818747767647,0.101748560992205,9.78060048544402,TRUE,NA
"b",8.18,-4.05838424509553,-2.91089825388295,-1.91991152284729,0.101646914080438,9.79048268083957,TRUE,NA
"b",8.19,-4.06083305786892,-2.91269763657391,-1.92163448092044,0.101545468856161,9.80036512388104,TRUE,NA
"b",8.2,-4.06328042519631,-2.91449579638957,-1.92335635405055,0.101444224716892,9.81024781378346,TRUE,NA
"b",8.21,-4.06572634959182,-2.91629273586987,-1.9250771443851,0.101343181062571,9.82013074976521,TRUE,NA
"b",8.22,-4.06817083356243,-2.91808845754597,-1.92679685406444,0.101242337295544,9.83001393104804,TRUE,NA
"b",8.23,-4.07061387960797,-2.91988296394033,-1.92851548522181,0.10114169282056,9.839897356857,TRUE,NA
"b",8.24,-4.07305549022113,-2.92167625756673,-1.93023303998339,0.101041247044749,9.84978102642044,TRUE,NA
"b",8.25,-4.07549566788754,-2.92346834093033,-1.93194952046833,0.100940999377614,9.85966493897005,TRUE,NA
"b",8.26,-4.07793441508575,-2.92525921652767,-1.93366492878879,0.100840949231023,9.86954909374073,TRUE,NA
"b",8.27,-4.08037173428729,-2.92704888684675,-1.93537926704994,0.10074109601919,9.87943348997065,TRUE,NA
"b",8.28,-4.08280762795668,-2.92883735436706,-1.93709253735004,0.10064143915867,9.88931812690122,TRUE,NA
"b",8.29,-4.08524209855146,-2.93062462155961,-1.9388047417804,0.10054197806834,9.89920300377708,TRUE,NA
"b",8.3,-4.08767514852221,-2.932410690887,-1.94051588242552,0.100442712169391,9.90908811984605,TRUE,NA
"b",8.31,-4.09010678031261,-2.9341955648034,-1.942225961363,0.100343640885318,9.91897347435916,TRUE,NA
"b",8.32,-4.09253699635942,-2.93597924575467,-1.94393498066367,0.100244763641907,9.92885906657058,TRUE,NA
"b",8.33,-4.09496579909255,-2.93776173617831,-1.94564294239154,0.100146079867225,9.93874489573762,TRUE,NA
"b",8.34,-4.09739319093504,-2.93954303850358,-1.94734984860391,0.100047588991599,9.94863096112078,TRUE,NA
"b",8.35,-4.09981917430313,-2.94132315515148,-1.94905570135134,0.0999492904476225,9.95851726198361,TRUE,NA
"b",8.36,-4.10224375160629,-2.94310208853484,-1.9507605026777,0.0998511836701264,9.96840379759279,TRUE,NA
"b",8.37,-4.10466692524718,-2.94487984105831,-1.95246425462021,0.0997532680961806,9.9782905672181,TRUE,NA
"b",8.38,-4.10708869762176,-2.94665641511841,-1.95416695920946,0.0996555431650759,9.98817757013235,TRUE,NA
"b",8.39,-4.10950907111925,-2.9484318131036,-1.95586861846942,0.0995580083183145,9.99806480561141,TRUE,NA
"b",8.4,-4.11192804812222,-2.95020603739427,-1.95756923441753,0.0994606629995975,10.0079522729342,TRUE,NA
"b",8.41,-4.11434563100655,-2.95197909036283,-1.95926880906467,0.0993635066548229,10.0178399713827,TRUE,NA
"b",8.42,-4.11676182214149,-2.95375097437369,-1.96096734441519,0.0992665387320568,10.0277279002417,TRUE,NA
"b",8.43,-4.11917662388969,-2.95552169178333,-1.96266484246699,0.0991697586815419,10.0376160587993,TRUE,NA
"b",8.44,-4.12159003860721,-2.95729124494036,-1.96436130521151,0.0990731659556752,10.0475044463462,TRUE,NA
"b",8.45,-4.12400206864356,-2.95905963618549,-1.96605673463375,0.0989767600089988,10.0573930621764,TRUE,NA
"b",8.46,-4.12641271634171,-2.96082686785162,-1.96775113271235,0.0988805402981963,10.0672819055866,TRUE,NA
"b",8.47,-4.12882198403812,-2.96259294226388,-1.96944450141954,0.0987845062820671,10.0771709758765,TRUE,NA
"b",8.48,-4.13122987406277,-2.96435786173962,-1.97113684272124,0.098688657421536,10.0870602723487,TRUE,NA
"b",8.49,-4.13363638873919,-2.96612162858848,-1.97282815857706,0.0985929931796226,10.0969497943087,TRUE,NA
"b",8.5,-4.13604153038446,-2.96788424511243,-1.97451845094032,0.0984975130214498,10.106839541065,TRUE,NA
"b",8.51,-4.13844530130927,-2.96964571360578,-1.9762077217581,0.0984022164142155,10.1167295119287,TRUE,NA
"b",8.52,-4.14084770381791,-2.97140603635523,-1.97789597297123,0.0983071028271993,10.126619706214,TRUE,NA
"b",8.53,-4.14324874020831,-2.97316521563991,-1.97958320651436,0.0982121717317388,10.1365101232378,TRUE,NA
"b",8.54,-4.14564841277209,-2.9749232537314,-1.98126942431597,0.0981174226012276,10.1464007623197,TRUE,NA
"b",8.55,-4.14804672379452,-2.97668015289378,-1.98295462829839,0.0980228549110946,10.1562916227824,TRUE,NA
"b",8.56,-4.15044367555461,-2.97843591538366,-1.98463882037783,0.0979284681388162,10.1661827039512,TRUE,NA
"b",8.57,-4.15283927032509,-2.98019054345018,-1.98632200246442,0.0978342617638801,10.1760740051542,TRUE,NA
"b",8.58,-4.15523351037247,-2.98194403933512,-1.98800417646222,0.0977402352677932,10.1859655257223,TRUE,NA
"b",8.59,-4.15762639795702,-2.98369640527287,-1.98968534426926,0.0976463881340597,10.195857264989,TRUE,NA
"b",8.6,-4.16001793533283,-2.98544764349046,-1.99136550777755,0.0975527198481854,10.2057492222908,TRUE,NA
"b",8.61,-4.16240812474782,-2.98719775620765,-1.99304466887313,0.0974592298976553,10.2156413969666,TRUE,NA
"b",8.62,-4.16479696844376,-2.9889467456369,-1.99472282943609,0.0973659177719295,10.2255337883583,TRUE,NA
"b",8.63,-4.16718446865629,-2.99069461398344,-1.99639999134055,0.097272782962432,10.2354263958102,TRUE,NA
"b",8.64,-4.16957062761498,-2.99244136344532,-1.99807615645477,0.0971798249625437,10.2453192186696,TRUE,NA
"b",8.65,-4.17195544754329,-2.99418699621337,-1.99975132664111,0.0970870432675901,10.2552122562861,TRUE,NA
"b",8.66,-4.17433893065864,-2.99593151447131,-2.00142550375607,0.0969944373748324,10.2651055080123,TRUE,NA
"b",8.67,-4.17672107917242,-2.99767492039575,-2.00309868965034,0.0969020067834605,10.2749989732032,TRUE,NA
"b",8.68,-4.17910189529,-2.9994172161562,-2.0047708861688,0.0968097509945802,10.2848926512164,TRUE,NA
"b",8.69,-4.18148138121077,-3.00115840391516,-2.00644209515054,0.0967176695112038,10.2947865414123,TRUE,NA
"b",8.7,-4.18385953912818,-3.00289848582808,-2.00811231842892,0.0966257618382493,10.3046806431538,TRUE,NA
"b",8.71,-4.18623637122969,-3.00463746404346,-2.00978155783156,0.0965340274825168,10.3145749558063,TRUE,NA
"b",8.72,-4.18861187969689,-3.00637534070282,-2.01144981518037,0.0964424659526903,10.3244694787379,TRUE,NA
"b",8.73,-4.19098606670543,-3.00811211794078,-2.01311709229161,0.0963510767593285,10.3343642113191,TRUE,NA
"b",8.74,-4.19335893442513,-3.00984779788507,-2.01478339097585,0.0962598594148449,10.344259152923,TRUE,NA
"b",8.75,-4.19573048501991,-3.01158238265655,-2.01644871303805,0.096168813433517,10.3541543029254,TRUE,NA
"b",8.76,-4.19810072064789,-3.01331587436926,-2.01811306027757,0.0960779383314598,10.3640496607043,TRUE,NA
"b",8.77,-4.20046964346138,-3.01504827513045,-2.01977643448819,0.0959872336266265,10.3739452256405,TRUE,NA
"b",8.78,-4.20283725560688,-3.01677958704059,-2.02143883745813,0.0958966988387973,10.3838409971172,TRUE,NA
"b",8.79,-4.20520355922515,-3.01850981219343,-2.02310027097006,0.0958063334895702,10.3937369745198,TRUE,NA
"b",8.8,-4.20756855645118,-3.02023895267598,-2.02476073680116,0.0957161371023565,10.4036331572366,TRUE,NA
"b",8.81,-4.20993224941425,-3.02196701056861,-2.02642023672313,0.0956261092023643,10.4135295446581,TRUE,NA
"b",8.82,-4.21229464023794,-3.02369398794503,-2.02807877250219,0.0955362493165959,10.4234261361773,TRUE,NA
"b",8.83,-4.21465573104015,-3.02541988687232,-2.02973634589915,0.095446556973839,10.4333229311896,TRUE,NA
"b",8.84,-4.2170155239331,-3.02714470941098,-2.03139295866936,0.0953570317046539,10.4432199290927,TRUE,NA
"b",8.85,-4.21937402102339,-3.02886845761495,-2.03304861256283,0.0952676730413704,10.4531171292871,TRUE,NA
"b",8.86,-4.221731224412,-3.03059113353165,-2.03470330932416,0.0951784805180758,10.4630145311752,TRUE,NA
"b",8.87,-4.22408713619429,-3.03231273920198,-2.03635705069262,0.0950894536706111,10.4729121341621,TRUE,NA
"b",8.88,-4.22644175846008,-3.03403327666037,-2.03800983840217,0.0950005920365502,10.4828099376551,TRUE,NA
"b",8.89,-4.22879509329359,-3.0357527479348,-2.03966167418144,0.0949118951552124,10.4927079410639,TRUE,NA
"b",8.9,-4.23114714277355,-3.03747115504686,-2.04131255975381,0.0948233625676349,10.5026061438007,TRUE,NA
"b",8.91,-4.23349790897312,-3.03918850001172,-2.04296249683738,0.0947349938165756,10.5125045452798,TRUE,NA
"b",8.92,-4.23584739396002,-3.0409047848382,-2.04461148714504,0.0946467884465001,10.5224031449179,TRUE,NA
"b",8.93,-4.23819559979645,-3.04262001152879,-2.04625953238444,0.0945587460035755,10.532301942134,TRUE,NA
"b",8.94,-4.24054252853917,-3.04433418207967,-2.04790663425808,0.0944708660356639,10.5422009363494,TRUE,NA
"b",8.95,-4.24288818223952,-3.04604729848075,-2.04955279446325,0.0943831480923092,10.5521001269878,TRUE,NA
"b",8.96,-4.24523256294339,-3.04775936271568,-2.05119801469213,0.0942955917247374,10.5619995134749,TRUE,NA
"b",8.97,-4.24757567269131,-3.0494703767619,-2.05284229663176,0.0942081964858383,10.571899095239,TRUE,NA
"b",8.98,-4.2499175135184,-3.05118034259063,-2.05448564196407,0.0941209619301673,10.5817988717104,TRUE,NA
"b",8.99,-4.25225808745444,-3.05288926216693,-2.05612805236591,0.0940338876139339,10.5916988423217,TRUE,NA
"b",9,-4.25459739652388,-3.05459713744974,-2.0577695295091,0.093946973094992,10.6015990065077,TRUE,NA
"b",9.01,-4.25693544274583,-3.05630397039185,-2.05941007506038,0.0938602179328338,10.6114993637056,TRUE,NA
"b",9.02,-4.25927222813412,-3.05800976293999,-2.0610496906815,0.0937736216885825,10.6213999133546,TRUE,NA
"b",9.03,-4.2616077546973,-3.0597145170348,-2.06268837802921,0.0936871839249842,10.6313006548961,TRUE,NA
"b",9.04,-4.26394202443864,-3.06141823461091,-2.06432613875527,0.0936009042064025,10.6412015877739,TRUE,NA
"b",9.05,-4.26627503935618,-3.06312091759691,-2.0659629745065,0.093514782098806,10.6511027114336,TRUE,NA
"b",9.06,-4.26860680144275,-3.06482256791542,-2.06759888692479,0.0934288171697668,10.6610040253233,TRUE,NA
"b",9.07,-4.27093731268597,-3.06652318748311,-2.06923387764709,0.0933430089884477,10.6709055288932,TRUE,NA
"b",9.08,-4.27326657506824,-3.0682227782107,-2.07086794830549,0.093257357125597,10.6808072215955,TRUE,NA
"b",9.09,-4.27559459056685,-3.06992134200301,-2.07250110052718,0.0931718611535448,10.6907091028845,TRUE,NA
"b",9.1,-4.27792136115391,-3.07161888075897,-2.07413333593453,0.0930865206461871,10.7006111722169,TRUE,NA
"b",9.11,-4.2802468887964,-3.07331539637165,-2.07576465614504,0.0930013351789869,10.7105134290513,TRUE,NA
"b",9.12,-4.28257117545621,-3.07501089072831,-2.07739506277141,0.092916304328964,10.7204158728483,TRUE,NA
"b",9.13,-4.2848942230901,-3.07670536571037,-2.07902455742158,0.0928314276746853,10.7303185030709,TRUE,NA
"b",9.14,-4.28721603364979,-3.0783988231935,-2.08065314169866,0.0927467047962618,10.7402213191838,TRUE,NA
"b",9.15,-4.28953660908194,-3.08009126504758,-2.08228081720106,0.0926621352753392,10.7501243206542,TRUE,NA
"b",9.16,-4.29185595132816,-3.08178269313677,-2.08390758552242,0.0925777186950874,10.7600275069509,TRUE,NA
"b",9.17,-4.29417406232504,-3.08347310931953,-2.08553344825169,0.0924934546402016,10.7699308775452,TRUE,NA
"b",9.18,-4.29649094400419,-3.08516251544862,-2.08715840697311,0.0924093426968926,10.77983443191,TRUE,NA
"b",9.19,-4.2988065982922,-3.08685091337114,-2.08878246326626,0.0923253824528709,10.7897381695205,TRUE,NA
"b",9.2,-4.30112102711072,-3.08853830492856,-2.09040561870604,0.0922415734973532,10.7996420898539,TRUE,NA
"b",9.21,-4.30343423237644,-3.09022469195673,-2.09202787486274,0.0921579154210486,10.8095461923894,TRUE,NA
"b",9.22,-4.30574621600114,-3.09191007628593,-2.09364923330201,0.0920744078161491,10.8194504766081,TRUE,NA
"b",9.23,-4.30805697989166,-3.09359445974084,-2.09526969558493,0.0919910502763259,10.8293549419932,TRUE,NA
"b",9.24,-4.31036652594995,-3.09527784414062,-2.09688926326796,0.091907842396731,10.8392595880298,TRUE,NA
"b",9.25,-4.31267485607309,-3.0969602312989,-2.09850793790304,0.0918247837739723,10.849164414205,TRUE,NA
"b",9.26,-4.31498197215329,-3.09864162302383,-2.10012572103753,0.0917418740061233,10.8590694200079,TRUE,NA
"b",9.27,-4.31728787607793,-3.10032202111808,-2.10174261421429,0.0916591126927062,10.8689746049295,TRUE,NA
"b",9.28,-4.31959256972955,-3.10200142737886,-2.10335861897168,0.0915764994346913,10.8788799684627,TRUE,NA
"b",9.29,-4.32189605498588,-3.10367984359797,-2.10497373684354,0.0914940338344894,10.8887855101025,TRUE,NA
"b",9.3,-4.32419833371987,-3.10535727156179,-2.10658796935927,0.0914117154959397,10.8986912293457,TRUE,NA
"b",9.31,-4.32649940779968,-3.10703371305132,-2.1082013180438,0.0913295440243149,10.9085971256909,TRUE,NA
"b",9.32,-4.32879927908871,-3.10870916984221,-2.10981378441765,0.0912475190263002,10.9185031986389,TRUE,NA
"b",9.33,-4.33109794944563,-3.11038364370477,-2.11142536999691,0.0911656401099994,10.9284094476921,TRUE,NA
"b",9.34,-4.33339542072437,-3.112057136404,-2.11303607629327,0.0910839068849199,10.938315872355,TRUE,NA
"b",9.35,-4.33569169477418,-3.1137296496996,-2.11464590481403,0.091002318961972,10.9482224721338,TRUE,NA
"b",9.36,-4.33798677343957,-3.115401185346,-2.11625485706216,0.0909208759534588,10.9581292465367,TRUE,NA
"b",9.37,-4.34028065856042,-3.11707174509239,-2.11786293453627,0.0908395774730724,10.9680361950737,TRUE,NA
"b",9.38,-4.34257335197193,-3.11874133068272,-2.11947013873062,0.0907584231358869,10.9779433172567,TRUE,NA
"b",9.39,-4.34486485550464,-3.12040994385575,-2.1210764711352,0.0906774125583514,10.9878506125994,TRUE,NA
"b",9.4,-4.3471551709845,-3.12207758634504,-2.12268193323569,0.090596545358284,10.9977580806173,TRUE,NA
"b",9.41,-4.34944430023283,-3.12374425987901,-2.12428652651348,0.0905158211548658,11.0076657208278,TRUE,NA
"b",9.42,-4.35173224506634,-3.12540996618092,-2.12589025244573,0.0904352395686354,11.0175735327501,TRUE,NA
"b",9.43,-4.35401900729719,-3.12707470696892,-2.12749311250534,0.0903548002214833,11.0274815159052,TRUE,NA
"b",9.44,-4.35630458873295,-3.12873848395606,-2.12909510816099,0.0902745027366434,11.0373896698158,TRUE,NA
"b",9.45,-4.35858899117667,-3.13040129885032,-2.13069624087716,0.0901943467386896,11.0472979940065,TRUE,NA
"b",9.46,-4.36087221642686,-3.1320631533546,-2.13229651211414,0.0901143318535271,11.0572064880037,TRUE,NA
"b",9.47,-4.36315426627749,-3.1337240491668,-2.13389592332803,0.0900344577083874,11.0671151513355,TRUE,NA
"b",9.48,-4.36543514251807,-3.13538398797978,-2.1354944759708,0.0899547239318266,11.0770239835318,TRUE,NA
"b",9.49,-4.3677148469336,-3.13704297148142,-2.13709217149024,0.0898751301537133,11.0869329841242,TRUE,NA
"b",9.5,-4.36999338130462,-3.1387010013546,-2.13868901133007,0.0897956760052256,11.0968421526461,TRUE,NA
"b",9.51,-4.37227074740721,-3.14035807927729,-2.14028499692985,0.0897163611188434,11.1067514886328,TRUE,NA
"b",9.52,-4.37454694701302,-3.14201420692249,-2.14188012972509,0.0896371851283471,11.1166609916209,TRUE,NA
"b",9.53,-4.37682198188929,-3.1436693859583,-2.14347441114721,0.0895581476688063,11.1265706611492,TRUE,NA
"b",9.54,-4.37909585379881,-3.14532361804793,-2.14506784262354,0.0894792483765792,11.1364804967579,TRUE,NA
"b",9.55,-4.38136856450004,-3.14697690484971,-2.14666042557743,0.0894004868893004,11.1463904979891,TRUE,NA
"b",9.56,-4.383640115747,-3.14862924801713,-2.14825216142816,0.0893218628458863,11.1563006643864,TRUE,NA
"b",9.57,-4.3859105092894,-3.15028064919884,-2.14984305159099,0.089243375886511,11.1662109954952,TRUE,NA
"b",9.58,-4.38817974687258,-3.15193111003866,-2.15143309747723,0.0891650256526222,11.1761214908627,TRUE,NA
"b",9.59,-4.39044783023754,-3.15358063217565,-2.15302230049417,0.0890868117869217,11.1860321500375,TRUE,NA
"b",9.6,-4.39271476112098,-3.15522921724406,-2.15461066204515,0.0890087339333618,11.1959429725701,TRUE,NA
"b",9.61,-4.39498054125529,-3.15687686687342,-2.15619818352957,0.0889307917371438,11.2058539580127,TRUE,NA
"b",9.62,-4.39724517236858,-3.15852358268848,-2.15778486634288,0.0888529848447108,11.2157651059188,TRUE,NA
"b",9.63,-4.39950865618469,-3.16016936630932,-2.15937071187663,0.0887753129037354,11.225676415844,TRUE,NA
"b",9.64,-4.40177099442317,-3.16181421935128,-2.16095572151846,0.0886977755631309,11.2355878873451,TRUE,NA
"b",9.65,-4.40403218879937,-3.16345814342506,-2.16253989665212,0.0886203724730277,11.245499519981,TRUE,NA
"b",9.66,-4.40629224102439,-3.16510114013667,-2.16412323865749,0.0885431032847754,11.2554113133117,TRUE,NA
"b",9.67,-4.40855115280512,-3.16674321108749,-2.16570574891061,0.0884659676509418,11.2653232668993,TRUE,NA
"b",9.68,-4.41080892584424,-3.16838435787428,-2.16728742878366,0.088388965225302,11.2752353803072,TRUE,NA
"b",9.69,-4.41306556184025,-3.1700245820892,-2.16886827964498,0.0883120956628338,11.2851476531004,TRUE,NA
"b",9.7,-4.4153210624875,-3.1716638853198,-2.17044830285915,0.0882353586197122,11.2950600848457,TRUE,NA
"b",9.71,-4.41757542947614,-3.17330226914909,-2.17202749978689,0.0881587537533091,11.3049726751113,TRUE,NA
"b",9.72,-4.41982866449222,-3.17493973515553,-2.17360587178518,0.0880822807221797,11.3148854234671,TRUE,NA
"b",9.73,-4.42208076921763,-3.17657628491302,-2.17518342020723,0.0880059391860639,11.3247983294844,TRUE,NA
"b",9.74,-4.42433174533016,-3.17821191999098,-2.17676014640248,0.0879297288058787,11.3347113927362,TRUE,NA
"b",9.75,-4.42658159450349,-3.17984664195432,-2.17833605171664,0.0878536492437134,11.344624612797,TRUE,NA
"b",9.76,-4.42883031840722,-3.18148045236348,-2.1799111374917,0.0877777001628219,11.354537989243,TRUE,NA
"b",9.77,-4.43107791870688,-3.18311335277442,-2.18148540506593,0.0877018812276291,11.3644515216517,TRUE,NA
"b",9.78,-4.43332439706393,-3.1847453447387,-2.18305885577393,0.0876261921037038,11.3743652096022,TRUE,NA
"b",9.79,-4.43556975513579,-3.18637642980342,-2.18463149094659,0.0875506324577753,11.3842790526753,TRUE,NA
"b",9.8,-4.43781399457584,-3.18800660951128,-2.18620331191114,0.0874752019577199,11.3941930504531,TRUE,NA
"b",9.81,-4.44005711703345,-3.18963588540061,-2.18777431999117,0.0873999002725516,11.4041072025194,TRUE,NA
"b",9.82,-4.44229912415398,-3.19126425900534,-2.18934451650663,0.0873247270724251,11.4140215084592,TRUE,NA
"b",9.83,-4.44454001757881,-3.19289173185508,-2.19091390277384,0.0872496820286242,11.4239359678594,TRUE,NA
"b",9.84,-4.44677979894532,-3.19451830547507,-2.19248248010549,0.087174764813565,11.4338505803082,TRUE,NA
"b",9.85,-4.44901846988694,-3.19614398138625,-2.19405024981072,0.087099975100779,11.4437653453951,TRUE,NA
"b",9.86,-4.45125603203315,-3.19776876110526,-2.19561721319504,0.0870253125649234,11.4536802627115,TRUE,NA
"b",9.87,-4.45349248700948,-3.19939264614444,-2.19718337156042,0.0869507768817588,11.4635953318498,TRUE,NA
"b",9.88,-4.45572783643753,-3.20101563801187,-2.19874872620527,0.0868763677281605,11.4735105524043,TRUE,NA
"b",9.89,-4.45796208193502,-3.20263773821138,-2.20031327842444,0.0868020847821054,11.4834259239704,TRUE,NA
"b",9.9,-4.46019522511574,-3.20425894824255,-2.20187702950926,0.0867279277226691,11.4933414461453,TRUE,NA
"b",9.91,-4.46242726758961,-3.20587926960076,-2.20343998074757,0.0866538962300187,11.5032571185272,TRUE,NA
"b",9.92,-4.46465821096265,-3.20749870377719,-2.20500213342367,0.0865799899854123,11.5131729407162,TRUE,NA
"b",9.93,-4.46688805683706,-3.2091172522588,-2.20656348881839,0.0865062086711927,11.5230889123136,TRUE,NA
"b",9.94,-4.46911680681116,-3.21073491652843,-2.2081240482091,0.0864325519707791,11.533005032922,TRUE,NA
"b",9.95,-4.47134446247946,-3.21235169806473,-2.20968381286967,0.0863590195686719,11.5429213021457,TRUE,NA
"b",9.96,-4.47357102543262,-3.21396759834222,-2.21124278407056,0.0862856111504344,11.5528377195902,TRUE,NA
"b",9.97,-4.47579649725751,-3.21558261883132,-2.21280096307876,0.0862123264027006,11.5627542848626,TRUE,NA
"b",9.98,-4.47802087953721,-3.21719676099831,-2.21435835115786,0.0861391650131633,11.5726709975712,TRUE,NA
"b",9.99,-4.480244173851,-3.21881002630541,-2.21591494956804,0.0860661266705769,11.5825878573258,TRUE,NA
"b",10,-4.4824663817744,-3.22042241621076,-2.21747075956607,0.0859932110647428,11.5925048637376,TRUE,NA
