"sweep_param","sweep_value","xL","xk","xl","xU","gamma","converged","error_msg"
"r",0.05,-0.754042339284354,-0.0160576578759787,0.720516039333467,0.737565187600758,1.59357984943342,TRUE,NA
"r",0.1,-0.769087474998176,-0.0314660169161465,0.707518116174254,0.736844615474693,1.64149554419907,TRUE,NA
"r",0.15,-0.783796951214995,-0.0462429867900056,0.695227190009794,0.736453933945409,1.68933766073392,TRUE,NA
"r",0.2,-0.79817392898775,-0.0604081965708859,0.683611333379438,0.736350694111288,1.73708162091574,TRUE,NA
"r",0.25,-0.81222361349206,-0.0739825570928847,0.672637896730678,0.736495511286624,1.7847071983141,TRUE,NA
"r",0.3,-0.825952873211744,-0.086987866475574,0.662273929188492,0.736852260686044,1.83219814876673,TRUE,NA
"r",0.35,-0.839369893332722,-0.0994464614507135,0.652486547821616,0.737388160549251,1.87954181783339,TRUE,NA
"r",0.4,-0.852483865726186,-0.111380915093732,0.643243254488568,0.738073761718302,1.92672874132346,TRUE,NA
"r",0.45,-0.865304716165658,-0.122813779906553,0.63451220131193,0.73888286270751,1.97375225181853,TRUE,NA
"r",0.5,-0.877842868066876,-0.133767373956335,0.626262407303805,0.73979236826663,2.02060810101588,TRUE,NA
"r",0.55,-0.890109041024732,-0.144263606890888,0.618463929721216,0.740782107658254,2.06729410491407,TRUE,NA
"r",0.6,-0.902114081724239,-0.154323842102248,0.61108799439259,0.741834626704487,2.11380981644524,TRUE,NA
"r",0.65,-0.913868824358825,-0.163968791017828,0.604107089619416,0.742934965283897,2.16015622813504,TRUE,NA
"r",0.7,-0.925383977487322,-0.173218435457526,0.597495028320467,0.744070429744727,2.2063355057903,TRUE,NA
"r",0.75,-0.936670034194161,-0.182091974073605,0.59122698301476,0.745230367488786,2.25235075295733,TRUE,NA
"r",0.8,-0.947737202505352,-0.19060778912504,0.585279497977129,0.746405949153758,2.2982058050127,TRUE,NA
"r",0.85,-0.95859535317224,-0.198783430127195,0.579630482575707,0.747589962190789,2.34390505112344,TRUE,NA
"r",0.9,-0.969253982156089,-0.206635611257142,0.574259189413235,0.748776618309904,2.38945328192545,TRUE,NA
"r",0.95,-0.979722185398377,-0.214180219750925,0.56914618048614,0.749961376202984,2.43485556056179,TRUE,NA
"r",1,-0.990008643726034,-0.221432332883688,0.564273284165348,0.751140780129573,2.48011711465227,TRUE,NA
"r",1.05,-1.00012161600396,-0.228406241463575,0.559623545409235,0.752312314333877,2.52524324679838,TRUE,NA
"r",1.1,-1.01006893889851,-0.235115478085668,0.555181171251702,0.753474272811126,2.57023926132757,TRUE,NA
"r",1.15,-1.01985803185258,-0.241572848683519,0.5509314732682,0.754625643647643,2.61511040513422,TRUE,NA
"r",1.2,-1.02949590608349,-0.247790466167686,0.546860808427995,0.755766006947415,2.65986182064268,TRUE,NA
"r",1.25,-1.03898917661022,-0.2537797851724,0.542956519467385,0.756895445265517,2.70449850911318,TRUE,NA
"r",1.3,-1.04834407648351,-0.2595516371246,0.539206875693674,0.758014465415175,2.74902530269806,TRUE,NA
"r",1.35,-1.05756647254048,-0.265116265018356,0.535601014926834,0.759123930519756,2.79344684384172,TRUE,NA
"r",1.4,-1.06666188213241,-0.27048335742091,0.532128887121535,0.760225001216828,2.83776757079425,TRUE,NA
"r",1.45,-1.07563549038316,-0.275662081356345,0.528781200065794,0.761319084976029,2.88199170817182,TRUE,NA
"r",1.5,-1.08449216762554,-0.280661113809506,0.52554936744065,0.762407792563921,2.92612326164114,TRUE,NA
"r",1.55,-1.09323648674425,-0.28548867168153,0.522425459425198,0.763492900767895,2.97016601594885,TRUE,NA
"r",1.6,-1.10187274020884,-0.290152540080783,0.519402155954109,0.764576320548146,3.01412353561533,TRUE,NA
"r",1.65,-1.11040495664971,-0.294660098911398,0.516472702667868,0.765660069939719,3.05799916775224,TRUE,NA
"r",1.7,-1.11883691684435,-0.299018347721512,0.513630869570875,0.766746250957802,3.10179604649376,TRUE,NA
"r",1.75,-1.1271721690612,-0.303233928873169,0.510870912306818,0.767837030000729,3.14551709870613,TRUE,NA
"r",1.8,-1.13541404367429,-0.307313149027087,0.508187536054605,0.768934621192626,3.1891650505728,TRUE,NA
"r",1.85,-1.14356566705445,-0.311261999061859,0.505575861877771,0.770041272202425,3.23274243486569,TRUE,NA
"r",1.9,-1.15162997473342,-0.315086172519214,0.503031395371529,0.771159252115624,3.27625159870449,TRUE,NA
"r",1.95,-1.15960972356331,-0.318791082228141,0.500549997895929,0.772290841107186,3.31969471098258,TRUE,NA
"r",2,NA,NA,NA,NA,NA,FALSE,"Degenerate case |a_{i,1}| ~= 0 detected; the cubic fallback is not implemented."
"r",2.05,-1.17532575028805,-0.325863454580649,0.495761474267377,0.774603969687565,3.40639061929016,TRUE,NA
"r",2.1,-1.18306675123216,-0.329240476350575,0.493447615382198,0.775790049129576,3.44964693787102,TRUE,NA
"r",2.15,-1.19073265912122,-0.33251737793976,0.491183318586146,0.776998804773838,3.49284426549789,TRUE,NA
"r",2.2,-1.19832549970308,-0.335698382416662,0.488965857285142,0.77823245625334,3.53598400323863,TRUE,NA
"r",2.25,-1.20584717981481,-0.338787509524446,0.486792727404364,0.779493193053903,3.57906742106734,TRUE,NA
"r",2.3,-1.21329949543689,-0.341788585743221,0.484661629710729,0.780783169021777,3.62209566562741,TRUE,NA
"r",2.35,-1.220684138972,-0.344705253268717,0.482570454567654,0.782104497244385,3.66506976713781,TRUE,NA
"r",2.4,-1.22800270606381,-0.347540978421872,0.480517267555906,0.783459244827856,3.70799064610004,TRUE,NA
"r",2.45,-1.23525670196408,-0.350299059519496,0.478500296278078,0.784849427610051,3.75085911974717,TRUE,NA
"r",2.5,-1.24244754747823,-0.352982634266313,0.4765179181171,0.786277004705991,3.79367590823468,TRUE,NA
"r",2.55,-1.24957658452477,-0.3555946867332,0.474568648913569,0.787743872850874,3.83644164059258,TRUE,NA
"r",2.6,-1.25664508133512,-0.358138053969914,0.472651132464346,0.789251860503672,3.87915686044376,TRUE,NA
"r",2.65,-1.26365423732254,-0.360615432300045,0.470764130770685,0.790802721693244,3.9218220315032,TRUE,NA
"r",2.7,-1.27060518765055,-0.363029383347437,0.468906514971878,0.792398129608407,3.96443754288448,TRUE,NA
"r",2.75,-1.2774990075165,-0.365382339816167,0.467077256907806,0.794039669942665,4.00700371420565,TRUE,NA
"r",2.8,-1.28433671618499,-0.36767661107546,0.465275421236065,0.795728834021855,4.04952080054085,TRUE,NA
"r",2.85,-1.29111928077985,-0.369914388557448,0.463500158076169,0.797467011761149,4.09198899720148,TRUE,NA
"r",2.9,-1.29784761986183,-0.372097751003297,0.461750696119613,0.799255484508925,4.13440844438102,TRUE,NA
"r",2.95,-1.30452260680945,-0.37422866957693,0.460026336160241,0.801095417852307,4.17677923167693,TRUE,NA
"r",3,-1.31114507301139,-0.376309012849804,0.458326445027675,0.802987854473757,4.21910140248205,TRUE,NA
"r",3.05,-1.31771581089486,-0.378340551685161,0.456650449864481,0.804933707159628,4.2613749582823,TRUE,NA
"r",3.1,-1.324235576793,-0.380324964015295,0.454997832741172,0.806933752075716,4.30359986284428,TRUE,NA
"r",3.15,-1.33070509366851,-0.3822638395277,0.453368125569265,0.808988622433107,4.34577604631531,TRUE,NA
"r",3.2,-1.33712505369852,-0.384158684256034,0.451760905297531,0.811098802675438,4.38790340922826,TRUE,NA
"r",3.25,-1.34349612073138,-0.386010925081195,0.450175789372123,0.81326462332431,4.42998182642026,TRUE,NA
"r",3.3,-1.34981893261978,-0.387821914137274,0.44861243144391,0.815486256618615,4.47201115085881,TRUE,NA
"r",3.35,-1.35609410343616,-0.389592933120359,0.447070517313634,0.817763713082461,4.51399121737433,TRUE,NA
"r",3.4,-1.36232222557361,-0.391325197493612,0.445549761104327,0.820096839147882,4.55592184629182,TRUE,NA
"r",3.45,-1.36850387173602,-0.393019860583531,0.444049901652375,0.822485315947695,4.59780284695649,TRUE,NA
"r",3.5,-1.37463959681866,-0.394678017558413,0.442570699114382,0.824928659377206,4.63963402114176,TRUE,NA
"r",3.55,-1.38072993967968,-0.396300709279872,0.441111931786126,0.827426221503032,4.68141516632784,TRUE,NA
"r",3.6,-1.38677542480546,-0.397888926021982,0.439673393128425,0.829977193373783,4.72314607884436,TRUE,NA
"r",3.65,-1.39277656386671,-0.399443611044325,0.438254889003018,0.832580609258234,4.76482655685635,TRUE,NA
"r",3.7,-1.39873385716783,-0.400965664014357,0.436856235113976,0.835235352308244,4.8064564031876,TRUE,NA
"r",3.75,-1.40464779498841,-0.402455944269335,0.435477254655736,0.837940161611229,4.84803542796581,TRUE,NA
"r",3.8,-1.41051885881577,-0.403915273909053,0.434117776168397,0.840693640563987,4.88956345107496,TRUE,NA
"r",3.85,-1.41634752247294,-0.405344440719656,0.432777631592142,0.843494266478756,4.93104030441526,TRUE,NA
"r",3.9,-1.42213425313374,-0.406744200909332,0.431456654534668,0.846340401274263,4.97246583393628,TRUE,NA
"r",3.95,-1.4278795122376,-0.408115281670859,0.430154678728686,0.849230303129381,5.01383990146792,TRUE,NA
"r",4,-1.4335837562972,-0.40945838355512,0.428871536690434,0.852162138904141,5.0551623863192,TRUE,NA
"r",4.05,-1.43924743760473,-0.410774182660995,0.427607058568662,0.85513399714925,5.0964331866518,TRUE,NA
"r",4.1,-1.44487100483951,-0.412063332642144,0.426361071177954,0.85814390150386,5.13765222062595,TRUE,NA
"r",4.15,-1.45045490358033,-0.413326466533516,0.425133397210154,0.861189824278833,5.17881942732023,TRUE,NA
"r",4.2,-1.45599957672724,-0.414564198402309,0.423923854613414,0.864269700024393,5.21993476742988,TRUE,NA
"r",4.25,-1.46150546483796,-0.415777124829961,0.422732256130263,0.867381438889024,5.26099822375119,TRUE,NA
"r",4.3,-1.46697300638443,-0.416965826232237,0.421558408982666,0.870522939588481,5.30200980146055,TRUE,NA
"r",4.35,-1.47240263793546,-0.418130868025999,0.420402114693341,0.873692101821055,5.34296952819927,TRUE,NA
"r",4.4,-1.47779479427204,-0.41927280165241,0.419263169030356,0.876886837986144,5.38387745397753,TRUE,NA
"r",4.45,-1.48314990844233,-0.420392165467221,0.418141362061801,0.880105084086048,5.42473365091249,TRUE,NA
"r",4.5,-1.48846841176223,-0.421489485507733,0.417036478309137,0.883344809714883,5.46553821281397,TRUE,NA
"r",4.55,-1.49375073376964,-0.422565276149382,0.415948296984152,0.886604027064923,5.50629125463733,TRUE,NA
"r",4.6,-1.49899730213794,-0.423620040661247,0.414876592298677,0.889880798903913,5.54699291181681,TRUE,NA
"r",4.65,-1.50420854255583,-0.42465427167253,0.413821133833959,0.893173245501525,5.58764333949794,TRUE,NA
"r",4.7,-1.50938487858004,-0.425668451561138,0.412781686957174,0.896479550504575,5.62824271168608,TRUE,NA
"r",4.75,-1.51452673146579,-0.426663052773162,0.411758013276235,0.899797965779215,5.66879122032446,TRUE,NA
"r",4.8,-1.51963451998188,-0.427638538085076,0.410749871120006,0.90312681525649,5.70928907432056,TRUE,NA
"r",4.85,-1.52470866021413,-0.428595360815998,0.409757016036593,0.906464497829926,5.74973649853195,TRUE,NA
"r",4.9,-1.52974956536269,-0.429533964999739,0.40877920130019,0.909809489366152,5.79013373272734,TRUE,NA
"r",4.95,-1.53475764553666,-0.430454785523397,0.407816178419626,0.913160343896766,5.83048103053323,TRUE,NA
"r",5,-1.53973330755002,-0.431358248240352,0.406867697641253,0.916515694066035,5.87077865837892,TRUE,NA
"r",5.05,-1.54467695472157,-0.432244770062912,0.405933508441593,0.919874250911376,5.91102689444789,TRUE,NA
"r",5.1,-1.54958898668167,-0.433114759040535,0.405013360004281,0.923234803055192,5.95122602764512,TRUE,NA
"r",5.15,-1.55446979918796,-0.433968614428205,0.404107001677716,0.926596215385595,5.99137635658746,TRUE,NA
"r",5.2,-1.55931978395165,-0.434806726748884,0.403214183410171,0.929957427301255,6.03147818862301,TRUE,NA
"r",5.25,-1.56413932847576,-0.435629477853304,0.40233465616027,0.933317450592118,6.07153183888459,TRUE,NA
"r",5.3,-1.56892881590633,-0.436437240979859,0.401468172280996,0.936675367023396,6.11153762938122,TRUE,NA
"r",5.35,-1.57368862489732,-0.437230380817037,0.400614485875793,0.940030325685279,6.1514958881312,TRUE,NA
"r",5.4,-1.5784191294894,-0.438009253569606,0.399773353126802,0.943381540165071,6.19140694833808,TRUE,NA
"r",5.45,-1.58312069900305,-0.438774207030306,0.398944532594416,0.946728285593247,6.23127114761188,TRUE,NA
"r",5.5,-1.58779369794561,-0.439525580657656,0.39812778548875,0.950069895608927,6.27108882723579,TRUE,NA
"r",5.55,-1.5924384859325,-0.44026370566073,0.397322875913317,0.953405759284932,6.31086033147899,TRUE,NA
"r",5.6,-1.59705541762168,-0.440988905090847,0.396529571081861,0.956735318046972,6.35058600695474,TRUE,NA
"r",5.65,-1.60164484266135,-0.44170149394065,0.395747641509302,0.960058062616812,6.39026620202369,TRUE,NA
"r",5.7,-1.60620710565014,-0.442401779250275,0.394976861177649,0.963373530004235,6.42990126624098,TRUE,NA
"r",5.75,-1.61074254610903,-0.443090060220318,0.39421700767867,0.966681300568409,6.46949154984577,TRUE,NA
"r",5.8,-1.61525149846456,-0.443766628331394,0.393467862334124,0.969980995165387,6.50903740329199,TRUE,NA
"r",5.85,-1.61973429204241,-0.444431767469627,0.392729210295387,0.973272272394793,6.54853917681811,TRUE,NA
"r",5.9,-1.62419125107072,-0.445085754057801,0.392000840623499,0.976554825955777,6.58799722005467,TRUE,NA
"r",5.95,-1.62862269469237,-0.445728857191264,0.391282546351498,0.979828382119366,6.62741188166701,TRUE,NA
"r",6,-1.63302893698552,-0.446361338778425,0.390574124529872,0.983092697322215,6.66678350903204,TRUE,NA
"r",6.05,-1.63741028699162,-0.446983453684686,0.389875376257273,0.986347555884302,6.70611244794598,TRUE,NA
"r",6.1,-1.64176704875035,-0.447595449879842,0.38918610669693,0.989592767851914,6.74539904236243,TRUE,NA
"r",6.15,-1.64609952134052,-0.448197568587691,0.3885061250809,0.992828166965166,6.78464363415746,TRUE,NA
"r",6.2,-1.65040799892662,-0.448790044437839,0.387835244702777,0.996053608748686,6.82384656292096,TRUE,NA
"r",6.25,-1.65469277081026,-0.449373105618846,0.38717328290021,0.999268968722703,6.86300816577173,TRUE,NA
"r",6.3,-1.65895412148575,-0.449946974032099,0.386520061028617,1.00247414073107,6.90212877719455,TRUE,NA
"r",6.35,-1.66319233069966,-0.450511865446333,0.385875404426466,1.00566903538243,6.94120872889815,TRUE,NA
"r",6.4,-1.66740767351346,-0.45106798965187,0.38523914237381,1.00885357859972,6.98024834969156,TRUE,NA
"r",6.45,-1.67160042036906,-0.451615550614452,0.384611108044423,1.01202771027355,7.01924796537801,TRUE,NA
"r",6.5,-1.6757708371566,-0.452154746628144,0.383991138452715,1.01519138301411,7.05820789866452,TRUE,NA
"r",6.55,-1.67991918528427,-0.452685770467093,0.383379074395876,1.01834456099672,7.09712846908616,TRUE,NA
"r",6.6,-1.68404572174964,-0.453208809535646,0.382774760392233,1.02148721889567,7.13600999294327,TRUE,NA
"r",6.65,-1.68815069921224,-0.453724046016651,0.382178044616361,1.02461934090119,7.17485278325076,TRUE,NA
"r",6.7,-1.69223436606706,-0.454231657017758,0.381588778831299,1.0277409198146,7.21365714969837,TRUE,NA
"r",6.75,-1.69629696651873,-0.454731814715333,0.381006818318805,1.03085195621644,7.25242339862064,TRUE,NA
"r",6.8,-1.70033874065606,-0.455224686495961,0.380432021807828,1.03395245770289,7.29115183297583,TRUE,NA
"r",6.85,-1.70435992452674,-0.455710435095245,0.379864251401698,1.03704243818579,7.32984275233277,TRUE,NA
"r",6.9,-1.708360750212,-0.456189218733852,0.379303372504477,1.04012191725179,7.36849645286488,TRUE,NA
"r",6.95,-1.71234144590111,-0.456661191250704,0.378749253746727,1.04319091957626,7.4071132273507,TRUE,NA
"r",7,-1.71630223596544,-0.457126502233122,0.378201766911096,1.04624947438816,7.44569336517996,TRUE,NA
"r",7.05,-1.72024334103198,-0.457585297143962,0.377660786857859,1.04929761498169,7.48423715236487,TRUE,NA
"r",7.1,-1.7241649780563,-0.458037717445655,0.377126191450843,1.05233537827145,7.52274487155588,TRUE,NA
"r",7.15,-1.72806736039468,-0.458483900721132,0.37659786148367,1.05536280438746,7.56121680206144,TRUE,NA
"r",7.2,-1.73195069787539,-0.458923980791463,0.376075680606903,1.0583799363069,7.59965321987103,TRUE,NA
"r",7.25,-1.73581519686907,-0.459358087830545,0.375559535255772,1.06138681951972,7.63805439768159,TRUE,NA
"r",7.3,-1.73966106035813,-0.459786348476476,0.375049314578966,1.06438350172519,7.67642060492638,TRUE,NA
"r",7.35,-1.74348848800503,-0.460208885939817,0.374544910368557,1.06737003255682,7.71475210780605,TRUE,NA
"r",7.4,-1.74729767621947,-0.460625820108794,0.374046216990951,1.07034646333338,7.75304916932194,TRUE,NA
"r",7.45,-1.75108881822445,-0.46103726765135,0.373553131319221,1.07331284683357,7.7913120493107,TRUE,NA
"r",7.5,-1.7548621041212,-0.461443342114208,0.373065552666668,1.07626923709254,7.82954100448067,TRUE,NA
"r",7.55,-1.75861772095277,-0.461844154018909,0.372583382721787,1.07921568921806,7.8677362884491,TRUE,NA
"r",7.6,-1.76235585276656,-0.46223981095493,0.372106525484625,1.0821522592249,7.90589815178054,TRUE,NA
"r",7.65,-1.76607668067552,-0.462630417669895,0.371634887204598,1.08507900388553,7.94402684202586,TRUE,NA
"r",7.7,-1.7697803829181,-0.463016076156905,0.371168376319801,1.0879959805958,7.98212260376174,TRUE,NA
"r",7.75,-1.77346713491709,-0.463396885739292,0.370706903397657,1.09090324725428,8.02018567863104,TRUE,NA
"r",7.8,-1.77713710933705,-0.463772943152421,0.370250381077222,1.09380086215382,8.05821630538282,TRUE,NA
"r",7.85,-1.78079047614058,-0.464144342623011,0.369798724012886,1.09668888388435,8.09621471991299,TRUE,NA
"r",7.9,-1.78442740264346,-0.4645111759459,0.369351848819508,1.09956737124582,8.13418115530488,TRUE,NA
"r",7.95,-1.7880480535684,-0.464873532558223,0.368909674019104,1.10243638317035,8.17211584186974,TRUE,NA
"r",8,-1.79165259109773,-0.465231499611238,0.368472119988911,1.10529597865262,8.2100190071872,TRUE,NA
"r",8.05,-1.79524117492482,-0.465585162039756,0.36803910891094,1.10814621668784,8.24789087614543,TRUE,NA
"r",8.1,-1.79881396230438,-0.46593460262929,0.367610564722907,1.11098715621644,8.28573167098119,TRUE,NA
"r",8.15,-1.80237110810161,-0.466279902080996,0.367186413070555,1.11381885607495,8.32354161131942,TRUE,NA
"r",8.2,-1.80591276484016,-0.466621139074442,0.366766581261344,1.11664137495232,8.36132091421261,TRUE,NA
"r",8.25,-1.80943908274904,-0.466958390328295,0.366350998219495,1.11945477135135,8.39906979417967,TRUE,NA
"r",8.3,-1.81295020980843,-0.467291730659026,0.365939594442293,1.12225910355443,8.43678846324444,TRUE,NA
"r",8.35,-1.81644629179442,-0.467621233037597,0.365532301957721,1.12505442959349,8.47447713097371,TRUE,NA
"r",8.4,-1.81992747232266,-0.467946968644319,0.365129054283298,1.12784080722345,8.51213600451473,TRUE,NA
"r",8.45,-1.82339389289103,-0.468269006921861,0.364729786386156,1.13061829389897,8.54976528863229,TRUE,NA
"r",8.5,-1.82684569292132,-0.468587415626458,0.364334434644331,1.13338694675417,8.58736518574517,TRUE,NA
"r",8.55,-1.83028300979989,-0.468902260877482,0.363942936809124,1.13614682258493,8.62493589596213,TRUE,NA
"r",8.6,-1.83370597891739,-0.469213607205318,0.363555231968661,1.13889797783354,8.6624776171174,TRUE,NA
"r",8.65,-1.83711473370759,-0.469521517597667,0.363171260512508,1.14164046857553,8.6999905448055,TRUE,NA
"r",8.7,-1.84050940568517,-0.469826053544289,0.362790964097384,1.14437435050828,8.73747487241556,TRUE,NA
"r",8.75,-1.84389012448278,-0.470127275080294,0.362414285613834,1.14709967894143,8.77493079116511,TRUE,NA
"r",8.8,-1.84725701788714,-0.470425240828002,0.362041169153962,1.14981650878873,8.81235849013327,TRUE,NA
"r",8.85,-1.8506102118743,-0.470720008037402,0.361671559980093,1.15252489456129,8.84975815629343,TRUE,NA
"r",8.9,-1.85394983064408,-0.471011632625254,0.361305404494447,1.15522489036199,8.88712997454523,TRUE,NA
"r",8.95,-1.85727599665376,-0.471300169213007,0.360942650209578,1.15791654988099,8.92447412774622,TRUE,NA
"r",9,-1.86058883065087,-0.471585671163357,0.360583245719859,1.16059992639223,8.96179079674276,TRUE,NA
"r",9.05,-1.86388845170532,-0.471868190615669,0.360227140673731,1.1632750727507,8.99908016040045,TRUE,NA
"r",9.1,-1.86717497724077,-0.472147778520274,0.359874285746767,1.16594204139055,9.03634239563408,TRUE,NA
"r",9.15,-1.87044852306524,-0.472424484671591,0.359524632615592,1.16860088432384,9.07357767743694,TRUE,NA
"r",9.2,-1.873709203401,-0.472698357740181,0.359178133932573,1.17125165313987,9.11078617890959,TRUE,NA
"r",9.25,-1.87695713091385,-0.472969445303858,0.358834743301184,1.17389439900511,9.14796807128834,TRUE,NA
"r",9.3,-1.88019241674168,-0.473237793877691,0.358494415252194,1.17652917266352,9.18512352397292,TRUE,NA
"r",9.35,-1.88341517052237,-0.473503448943087,0.358157105220513,1.17915602443731,9.22225270455379,TRUE,NA
"r",9.4,-1.88662550042104,-0.473766454975958,0.357822769522727,1.18177500422808,9.25935577883895,TRUE,NA
"r",9.45,-1.88982351315679,-0.474026855473989,0.357491365335264,1.18438616151832,9.29643291088028,TRUE,NA
"r",9.5,-1.89300931402868,-0.474284692983031,0.357162850673244,1.18698954537311,9.33348426299935,TRUE,NA
"r",9.55,-1.89618300694125,-0.474540009122657,0.356837184369921,1.18958520444211,9.37050999581275,TRUE,NA
"r",9.6,-1.89934469442938,-0.47479284461093,0.356514326056726,1.19217318696181,9.40751026825704,TRUE,NA
"r",9.65,-1.90249447768271,-0.475043239288408,0.35619423614386,1.1947535407579,9.4444852376132,TRUE,NA
"r",9.7,-1.90563245656937,-0.475291232141363,0.355876875801497,1.19732631324786,9.48143505953061,TRUE,NA
"r",9.75,-1.90875872965931,-0.475536861324305,0.355562206941492,1.19989155144368,9.51835988805062,TRUE,NA
"r",9.8,-1.91187339424703,-0.475780164181793,0.355250192199629,1.20244930195465,9.55525987562964,TRUE,NA
"r",9.85,-1.91497654637387,-0.476021177269621,0.354940794918336,1.2049996109904,9.59213517316201,TRUE,NA
"r",9.9,-1.91806828084981,-0.476259936375279,0.354633979129955,1.20754252436385,9.62898593000215,TRUE,NA
"r",9.95,-1.92114869127472,-0.47649647653785,0.354329709540431,1.21007808749437,9.66581229398656,TRUE,NA
"r",10,-1.92421787005923,-0.476730832067268,0.354027951513495,1.21260634541098,9.7026144114553,TRUE,NA
"r",10.05,-1.92727590844517,-0.47696303656303,0.353728671055246,1.21512734275554,9.73939242727315,TRUE,NA
"r",10.1,-1.93032289652543,-0.477193122932296,0.353431834799217,1.21764112378607,9.77614648485033,TRUE,NA
"r",10.15,-1.93335892326358,-0.477421123407472,0.353137409991839,1.22014773238007,9.8128767261629,TRUE,NA
"r",10.2,-1.93638407651291,-0.477647069563274,0.352845364478265,1.22264721203784,9.84958329177275,TRUE,NA
"r",10.25,-1.9393984430352,-0.477870992333279,0.35255566668865,1.22513960588589,9.88626632084735,TRUE,NA
"r",10.3,-1.94240210851897,-0.478092922025969,0.352268285624759,1.22762495668029,9.92292595117895,TRUE,NA
"r",10.35,-1.94539515759746,-0.478312888340309,0.351983190846984,1.23010330681007,9.95956231920363,TRUE,NA
"r",10.4,-1.94837767386612,-0.478530920380896,0.351700352461654,1.23257469830065,9.99617556001994,TRUE,NA
"r",10.45,-1.95134973989984,-0.478747046672614,0.351419741108763,1.23503917281722,10.0327658074072,TRUE,NA
"r",10.5,-1.95431143726977,-0.47896129517491,0.351141327949953,1.23749677166814,10.0693331938434,TRUE,NA
"r",10.55,-1.95726284655976,-0.479173693295613,0.350865084656903,1.23994753580833,10.1058778505232,TRUE,NA
"r",10.6,-1.96020404738254,-0.479384267904411,0.350590983399926,1.2423915058427,10.1423999073749,TRUE,NA
"r",10.65,-1.96313511839552,-0.479593045345859,0.350318996836988,1.24482872202943,10.1788994930778,TRUE,NA
"r",10.7,-1.96605613731624,-0.479800051452097,0.350049098102918,1.24725922428344,10.2153767350788,TRUE,NA
"r",10.75,-1.96896718093756,-0.480005311555147,0.349781260798959,1.24968305217965,10.2518317596092,TRUE,NA
"r",10.8,-1.97186832514253,-0.480208850498896,0.349515458982576,1.25210024495634,10.2882646917004,TRUE,NA
"r",10.85,-1.97475964491895,-0.480410692650728,0.349251667157522,1.25451084151848,10.3246756552004,TRUE,NA
"r",10.9,-1.9776412143736,-0.480610861912812,0.348989860264193,1.25691488044097,10.3610647727891,TRUE,NA
"r",10.95,-1.98051310674627,-0.480809381733093,0.348730013670211,1.25931239997193,10.3974321659938,TRUE,NA
"r",11,-1.98337539442344,-0.481006275116001,0.348472103161227,1.26170343803595,10.4337779552043,TRUE,NA
"r",11.05,-1.9862281489517,-0.481201564632783,0.348216104932036,1.26408803223728,10.4701022596881,TRUE,NA
"r",11.1,-1.98907144105094,-0.481395272431644,0.347961995577826,1.26646621986306,10.5064051976045,TRUE,NA
"r",11.15,-1.99190534062723,-0.481587420247544,0.347709752085723,1.26883803788646,10.5426868860193,TRUE,NA
"r",11.2,-1.9947299167855,-0.481778029411746,0.347459351826514,1.27120352296983,10.5789474409191,TRUE,NA
"r",11.25,-1.99754523784193,-0.481967120861109,0.3472107725466,1.27356271146783,10.615186977225,TRUE,NA
"r",11.3,-2.00035137133609,-0.482154715147119,0.346963992360124,1.27591563943051,10.6514056088062,TRUE,NA
"r",11.35,-2.00314838404294,-0.482340832444676,0.346718989741335,1.27826234260635,10.6876034484938,TRUE,NA
"r",11.4,-2.00593634198443,-0.48252549256066,0.346475743517101,1.28060285644533,10.7237806080939,TRUE,NA
"r",11.45,-2.00871531044105,-0.482708714942233,0.346234232859649,1.28293721610194,10.7599371984003,TRUE,NA
"r",11.5,-2.01148535396307,-0.482890518684953,0.345994437279458,1.2852654564381,10.7960733292079,TRUE,NA
"r",11.55,-2.01424653638153,-0.483070922540652,0.345756336618328,1.2875876120262,10.832189109325,TRUE,NA
"r",11.6,-2.01699892081913,-0.483249944925115,0.345519911042639,1.28990371715192,10.8682846465855,TRUE,NA
"r",11.65,-2.01974256970082,-0.483427603925547,0.345285141036754,1.29221380581724,10.9043600478617,TRUE,NA
"r",11.7,-2.02247754476424,-0.483603917307851,0.345052007396594,1.29451791174321,10.9404154190756,TRUE,NA
"r",11.75,-2.02520390706992,-0.483778902523707,0.344820491223373,1.29681606837283,10.9764508652113,TRUE,NA
"r",11.8,-2.02792171701134,-0.483952576717473,0.344590573917468,1.29910830887385,11.0124664903262,TRUE,NA
"r",11.85,-2.0306310343248,-0.484124956732916,0.344362237172449,1.30139466614157,11.048462397563,TRUE,NA
"r",11.9,-2.03333191809904,-0.484296059119741,0.34413546296925,1.30367517280156,11.0844386891603,TRUE,NA
"r",11.95,-2.03602442678474,-0.48446590013997,0.343910233570495,1.30594986121243,11.1203954664641,TRUE,NA
"r",12,-2.03870861820387,-0.484634495774166,0.343686531514917,1.30821876346847,11.1563328299387,TRUE,NA
"r",12.05,-2.04138454955877,-0.484801861727472,0.343464339611956,1.31048191140237,11.1922508791773,TRUE,NA
"r",12.1,-2.0440522774412,-0.484968013435524,0.343243640936455,1.31273933658783,11.2281497129126,TRUE,NA
"r",12.15,-2.04671185784107,-0.485132966070189,0.343024418823493,1.3149910703422,11.2640294290273,TRUE,NA
"r",12.2,-2.04936334615517,-0.485296734545178,0.342806656863332,1.31723714372902,11.2998901245643,TRUE,NA
"r",12.25,-2.0520067971956,-0.485459333521499,0.342590338896499,1.31947758756065,11.3357318957369,TRUE,NA
"r",12.3,-2.05464226519815,-0.485620777412796,0.342375449008946,1.32171243240072,11.3715548379386,TRUE,NA
"r",12.35,-2.05726980383048,-0.485781080390522,0.342161971527375,1.32394170856672,11.4073590457527,TRUE,NA
"r",12.4,-2.05988946620018,-0.485940256389029,0.341949891014608,1.32616544613239,11.4431446129625,TRUE,NA
"r",12.45,-2.06250130486265,-0.486098319110473,0.34173919226513,1.32838367493025,11.4789116325601,TRUE,NA
"r",12.5,-2.06510537182888,-0.486255282029663,0.341529860300673,1.33059642455396,11.5146601967565,TRUE,NA
"r",12.55,-2.06770171857308,-0.486411158398734,0.341321880365943,1.33280372436077,11.5503903969901,TRUE,NA
"r",12.6,-2.07029039604012,-0.486565961251733,0.341115237924427,1.33500560347385,11.586102323936,TRUE,NA
"r",12.65,-2.07287145465299,-0.486719703409106,0.340909918654288,1.33720209078469,11.6217960675152,TRUE,NA
"r",12.7,-2.07544494431993,-0.486872397482031,0.340705908444378,1.33939321495535,11.6574717169032,TRUE,NA
"r",12.75,-2.07801091444159,-0.487024055876698,0.340503193390307,1.34157900442082,11.6931293605384,TRUE,NA
"r",12.8,-2.080569413918,-0.487174690798449,0.340301759790627,1.34375948739124,11.7287690861311,TRUE,NA
"r",12.85,-2.08312049115543,-0.487324314255839,0.340101594143083,1.34593469185419,11.7643909806716,TRUE,NA
"r",12.9,-2.08566419407311,-0.487472938064572,0.339902683140971,1.34810464557689,11.7999951304386,TRUE,NA
"r",12.95,-2.08820057010992,-0.487620573851392,0.339705013669539,1.35026937610839,11.8355816210074,TRUE,NA
"r",13,-2.09072966623082,-0.48776723305783,0.3395085728025,1.35242891078174,11.8711505372577,TRUE,NA
"r",13.05,-2.09325152893333,-0.487912926943892,0.339313347798612,1.35458327671616,11.9067019633817,TRUE,NA
"r",13.1,-2.09576620425376,-0.488057666591655,0.339119326098321,1.35673250081915,11.9422359828922,TRUE,NA
"r",13.15,-2.09827373777344,-0.48820146290876,0.338926495320506,1.35887660978858,11.9777526786297,TRUE,NA
"r",13.2,-2.10077417462478,-0.488344326631865,0.33873484325925,1.3610156301148,12.0132521327704,TRUE,NA
"r",13.25,-2.10326755949726,-0.488486268329964,0.33854435788073,1.36314958808265,12.0487344268336,TRUE,NA
"r",13.3,-2.10575393664332,-0.488627298407677,0.338355027320134,1.36527850977353,12.0841996416888,TRUE,NA
"r",13.35,-2.1082333498841,-0.488767427108428,0.338166839878666,1.3674024210674,12.1196478575635,TRUE,NA
"r",13.4,-2.11070584261518,-0.488906664517569,0.337979784020617,1.36952134764473,12.1550791540499,TRUE,NA
"r",13.45,-2.11317145781215,-0.489045020565431,0.33779384837048,1.37163531498852,12.1904936101119,TRUE,NA
"r",13.5,-2.11563023803608,-0.489182505030295,0.337609021710142,1.37374434838621,12.2258913040926,TRUE,NA
"r",13.55,-2.11808222543898,-0.48931912754131,0.337425292976126,1.37584847293161,12.2612723137205,TRUE,NA
"r",13.6,-2.12052746176907,-0.489454897581322,0.337242651256908,1.37794771352679,12.2966367161168,TRUE,NA
"r",13.65,-2.12296598837605,-0.489589824489664,0.337061085790268,1.38004209488396,12.3319845878015,TRUE,NA
"r",13.7,-2.12539784621624,-0.489723917464877,0.336880585960698,1.38213164152734,12.3673160047006,TRUE,NA
"r",13.75,-2.12782307585762,-0.489857185567341,0.336701141296901,1.38421637779498,12.4026310421522,TRUE,NA
"r",13.8,-2.13024171748484,-0.489989637721902,0.336522741469278,1.3862963278406,12.4379297749128,TRUE,NA
"r",13.85,-2.13265381090411,-0.490121282720378,0.336345376287529,1.38837151563533,12.4732122771638,TRUE,NA
"r",13.9,-2.135059395548,-0.490252129224066,0.336169035698267,1.39044196496956,12.5084786225178,TRUE,NA
"r",13.95,-2.13745851048024,-0.490382185766148,0.335993709782689,1.39250769945464,12.5437288840244,TRUE,NA
"r",14,-2.13985119440034,-0.490511460754072,0.335819388754302,1.39456874252463,12.5789631341765,TRUE,NA
"r",14.05,-2.14223748564818,-0.490639962471873,0.335646062956684,1.39662511743803,12.6141814449163,TRUE,NA
"r",14.1,-2.14461742220861,-0.490767699082434,0.335473722861304,1.39867684727945,12.6493838876407,TRUE,NA
"r",14.15,-2.14699104171578,-0.490894678629712,0.335302359065371,1.40072395496133,12.6845705332078,TRUE,NA
"r",14.2,-2.14935838145761,-0.491020909040905,0.335131962289743,1.40276646322554,12.7197414519421,TRUE,NA
"r",14.25,-2.15171947838009,-0.491146398128576,0.334962523376859,1.40480439464508,12.7548967136403,TRUE,NA
"r",14.3,-2.15407436909149,-0.491271153592729,0.334794033288733,1.40683777162566,12.7900363875769,TRUE,NA
"r",14.35,-2.15642308986655,-0.491395183022848,0.334626483104966,1.40886661640732,12.8251605425096,TRUE,NA
"r",14.4,-2.15876567665062,-0.491518493899873,0.334459864020824,1.41089095106603,12.8602692466848,TRUE,NA
"r",14.45,-2.16110216506367,-0.491641093598157,0.334294167345331,1.41291079751523,12.8953625678429,TRUE,NA
"r",14.5,-2.16343259040429,-0.491762989387366,0.334129384499407,1.4149261775074,12.9304405732234,TRUE,NA
"r",14.55,-2.16575698765364,-0.491884188434346,0.333965507014048,1.41693711263558,12.9655033295706,TRUE,NA
"r",14.6,-2.16807539147926,-0.492004697804943,0.333802526528535,1.41894362433491,13.000550903138,TRUE,NA
"r",14.65,-2.17038783623894,-0.492124524465789,0.333640434788688,1.42094573388409,13.0355833596939,TRUE,NA
"r",14.7,-2.1726943559844,-0.492243675286057,0.333479223645134,1.4229434624069,13.0706007645265,TRUE,NA
"r",14.75,-2.17499498446505,-0.492362157039159,0.333318885051638,1.42493683087367,13.1056031824481,TRUE,NA
"r",14.8,-2.17728975513155,-0.492479976404438,0.333159411063434,1.42692586010268,13.1405906778008,TRUE,NA
"r",14.85,-2.17957870113945,-0.492597139968801,0.333000793835611,1.42891057076165,13.1755633144607,TRUE,NA
"r",14.9,-2.1818618553527,-0.492713654228311,0.332843025621536,1.43089098336911,13.2105211558431,TRUE,NA
"r",14.95,-2.18413925034707,-0.492829525589789,0.332686098771271,1.43286711829586,13.2454642649067,TRUE,NA
"r",15,-2.18641091841367,-0.492944760372328,0.332530005730062,1.43483899576629,13.2803927041585,TRUE,NA
"r",15.05,-2.18867689156222,-0.493059364808826,0.332374739036828,1.43680663585979,13.3153065356584,TRUE,NA
"r",15.1,-2.19093720152442,-0.493173345047433,0.332220291322703,1.43877005851212,13.3502058210236,TRUE,NA
"r",15.15,-2.19319187975722,-0.493286707153035,0.332066655309572,1.4407292835167,13.385090621433,TRUE,NA
"r",15.2,-2.19544095744603,-0.49339945710864,0.331913823808679,1.442684330526,13.4199609976315,TRUE,NA
"r",15.25,-2.19768446550787,-0.493511600816788,0.331761789719215,1.44463521905277,13.4548170099346,TRUE,NA
"r",15.3,-2.19992243459456,-0.4936231441009,0.33161054602697,1.44658196847143,13.4896587182325,TRUE,NA
"r",15.35,-2.20215489509574,-0.493734092706628,0.331460085802979,1.44852459801929,13.5244861819941,TRUE,NA
"r",15.4,-2.20438187714192,-0.493844452303136,0.331310402202232,1.45046312679782,13.5592994602717,TRUE,NA
"r",15.45,-2.2066034106075,-0.493954228484399,0.331161488462367,1.45239757377394,13.5940986117046,TRUE,NA
"r",15.5,-2.20881952511367,-0.494063426770459,0.331013337902408,1.45432795778122,13.6288836945234,TRUE,NA
"r",15.55,-2.21103025003137,-0.49417205260865,0.330865943921521,1.45625429752115,13.6636547665538,TRUE,NA
"r",15.6,-2.21323561448411,-0.494280111374794,0.330719299997812,1.45817661156432,13.6984118852208,TRUE,NA
"r",15.65,-2.21543564735081,-0.494387608374407,0.330573399687105,1.46009491835162,13.7331551075527,TRUE,NA
"r",15.7,-2.2176303772686,-0.494494548843827,0.33042823662179,1.46200923619545,13.7678844901845,TRUE,NA
"r",15.75,-2.2198198326355,-0.494600937951371,0.33028380450966,1.46391958328088,13.8026000893619,TRUE,NA
"r",15.8,-2.2220040416132,-0.494706780798449,0.330140097132773,1.46582597766679,13.8373019609454,TRUE,NA
"r",15.85,-2.22418303212968,-0.494812082420635,0.329997108346356,1.46772843728708,13.8719901604136,TRUE,NA
"r",15.9,-2.22635683188184,-0.494916847788763,0.329854832077697,1.46962697995175,13.9066647428669,TRUE,NA
"r",15.95,-2.22852546833809,-0.495021081809954,0.329713262325088,1.47152162334802,13.9413257630315,TRUE,NA
"r",16,-2.23068896874092,-0.495124789328661,0.329572393156761,1.47341238504148,13.9759732752624,TRUE,NA
"r",16.05,-2.23284736010938,-0.495227975127666,0.329432218709862,1.47529928247719,14.0106073335474,TRUE,NA
"r",16.1,-2.23500066924162,-0.495330643929084,0.329292733189426,1.47718233298071,14.0452279915105,TRUE,NA
"r",16.15,-2.23714892271726,-0.495432800395322,0.329153930867389,1.47906155375924,14.079835302415,TRUE,NA
"r",16.2,-2.23929214689988,-0.495534449130025,0.329015806081613,1.48093696190264,14.1144293191675,TRUE,NA
"r",16.25,-2.24143036793934,-0.495635594679035,0.328878353234904,1.48280857438452,14.1490100943207,TRUE,NA
"r",16.3,-2.24356361177417,-0.495736241531284,0.328741566794082,1.48467640806325,14.1835776800771,TRUE,NA
"r",16.35,-2.24569190413383,-0.495836394119697,0.328605441289059,1.48654047968299,14.2181321282922,TRUE,NA
"r",16.4,-2.24781527054106,-0.495936056822082,0.328469971311906,1.48840080587474,14.2526734904776,TRUE,NA
"r",16.45,-2.24993373631407,-0.496035233961988,0.328335151515971,1.49025740315733,14.2872018178042,TRUE,NA
"r",16.5,-2.25204732656879,-0.496133929809564,0.328200976614991,1.49211028793837,14.3217171611057,TRUE,NA
"r",16.55,-2.25415606622108,-0.49623214858237,0.328067441382239,1.49395947651535,14.3562195708813,TRUE,NA
"r",16.6,-2.25625997998881,-0.496329894446223,0.327934540649653,1.49580498507648,14.3907090972991,TRUE,NA
"r",16.65,-2.25835909239409,-0.496427171515976,0.32780226930702,1.49764682970175,14.4251857901991,TRUE,NA
"r",16.7,-2.26045342776531,-0.496523983856319,0.327670622301143,1.49948502636388,14.4596496990959,TRUE,NA
"r",16.75,-2.26254301023921,-0.496620335482542,0.327539594635038,1.50131959092919,14.4941008731823,TRUE,NA
"r",16.8,-2.26462786376297,-0.49671623036131,0.327409181367133,1.50315053915862,14.5285393613316,TRUE,NA
"r",16.85,-2.26670801209616,-0.496811672411385,0.327279377610501,1.50497788670862,14.5629652121009,TRUE,NA
"r",16.9,-2.26878347881282,-0.496906665504383,0.327150178532073,1.50680164913203,14.597378473734,TRUE,NA
"r",16.95,-2.27085428730334,-0.497001213465452,0.327021579351921,1.50862184187907,14.6317791941639,TRUE,NA
"r",17,-2.27292046077642,-0.49709532007403,0.32689357534247,1.51043848029814,14.6661674210161,TRUE,NA
"r",17.05,-2.27498202226101,-0.497188989064491,0.326766161827801,1.51225157963678,14.7005432016108,TRUE,NA
"r",17.1,-2.27703899460819,-0.497282224126847,0.326639334182927,1.5140611550425,14.7349065829663,TRUE,NA
"r",17.15,-2.279091400493,-0.497375028907412,0.326513087833082,1.51586722156368,14.7692576118012,TRUE,NA
"r",17.2,-2.2811392624163,-0.49746740700944,0.326387418253049,1.51766979415041,14.8035963345372,TRUE,NA
"r",17.25,-2.28318260270658,-0.497559361993804,0.326262320966445,1.51946888765534,14.837922797302,TRUE,NA
"r",17.3,-2.28522144352175,-0.497650897379593,0.326137791545078,1.52126451683451,14.8722370459317,TRUE,NA
"r",17.35,-2.28725580685091,-0.497742016644747,0.326013825608283,1.52305669634821,14.9065391259732,TRUE,NA
"r",17.4,-2.28928571451608,-0.497832723226664,0.325890418822271,1.5248454407618,14.9408290826874,TRUE,NA
"r",17.45,-2.29131118817393,-0.497923020522802,0.325767566899491,1.52663076454647,14.975106961051,TRUE,NA
"r",17.5,-2.29333224931745,-0.49801291189126,0.325645265598007,1.52841268208014,15.0093728057594,TRUE,NA
"r",17.55,-2.2953489192777,-0.498102400651364,0.325523510720877,1.53019120764814,15.0436266612293,TRUE,NA
"r",17.6,-2.29736121922538,-0.498191490084225,0.325402298115553,1.53196635544414,15.0778685716007,TRUE,NA
"r",17.65,-2.29936917017249,-0.498280183433304,0.325281623673278,1.53373813957079,15.1120985807397,TRUE,NA
"r",17.7,-2.30137279297396,-0.49836848390496,0.325161483328501,1.53550657404058,15.1463167322408,TRUE,NA
"r",17.75,-2.30337210832925,-0.498456394668978,0.325041873058306,1.53727167277659,15.1805230694291,TRUE,NA
"r",17.8,-2.30536713678387,-0.498543918859104,0.324922788881838,1.53903344961323,15.214717635363,TRUE,NA
"r",17.85,-2.30735789873096,-0.498631059573574,0.32480422685974,1.54079191829699,15.2489004728362,TRUE,NA
"r",17.9,-2.30934441441286,-0.498717819875606,0.324686183093614,1.5425470924872,15.2830716243799,TRUE,NA
"r",17.95,-2.31132670392254,-0.498804202793914,0.324568653725475,1.54429898575675,15.3172311322654,TRUE,NA
"r",18,-2.31330478720517,-0.498890211323199,0.324451634937216,1.5460476115928,15.3513790385064,TRUE,NA
"r",18.05,-2.31527868405954,-0.498975848424638,0.324335122950082,1.54779298339755,15.3855153848605,TRUE,NA
"r",18.1,-2.31724841413954,-0.499061117026345,0.324219114024167,1.54953511448888,15.4196402128322,TRUE,NA
"r",18.15,-2.31921399695561,-0.499146020023858,0.324103604457892,1.55127401810112,15.4537535636748,TRUE,NA
"r",18.2,-2.32117545187613,-0.499230560280586,0.323988590587516,1.5530097073857,15.4878554783924,TRUE,NA
"r",18.25,-2.32313279812883,-0.499314740628265,0.32387406878664,1.55474219541188,15.5219459977419,TRUE,NA
"r",18.3,-2.32508605480218,-0.499398563867409,0.32376003546572,1.55647149516737,15.5560251622356,TRUE,NA
"r",18.35,-2.32703524084677,-0.499482032767744,0.323646487071592,1.55819761955909,15.5900930121428,TRUE,NA
"r",18.4,-2.32898037507663,-0.499565150068626,0.323533420087018,1.55992058141377,15.6241495874921,TRUE,NA
"r",18.45,-2.33092147617058,-0.49964791847948,0.323420831030201,1.56164039347864,15.6581949280732,TRUE,NA
"r",18.5,-2.33285856267355,-0.499730340680212,0.323308716454345,1.56335706842209,15.6922290734393,TRUE,NA
"r",18.55,-2.33479165299788,-0.499812419321609,0.323197072947206,1.56507061883429,15.7262520629086,TRUE,NA
"r",18.6,-2.33672076542459,-0.499894157025757,0.323085897130643,1.56678105722787,15.7602639355665,TRUE,NA
"r",18.65,-2.33864591810467,-0.499975556386407,0.322975185660208,1.56848839603855,15.7942647302676,TRUE,NA
"r",18.7,-2.34056712906033,-0.500056619969413,0.32286493522468,1.57019264762572,15.8282544856377,TRUE,NA
"r",18.75,-2.3424844161862,-0.500137350313051,0.32275514254569,1.57189382427313,15.8622332400752,TRUE,NA
"r",18.8,-2.34439779725064,-0.500217749928458,0.322645804377262,1.57359193818948,15.8962010317536,TRUE,NA
"r",18.85,-2.34630728989684,-0.500297821299948,0.322536917505451,1.575287001509,15.9301578986231,TRUE,NA
"r",18.9,-2.34821291164412,-0.500377566885418,0.322428478747901,1.57697902629211,15.9641038784121,TRUE,NA
"r",18.95,-2.350114679889,-0.500456989116681,0.322320484953467,1.57866802452598,15.9980390086298,TRUE,NA
"r",19,-2.35201261190648,-0.500536090399819,0.322212933001841,1.58035400812511,16.0319633265671,TRUE,NA
"r",19.05,-2.3539067248511,-0.500614873115538,0.322105819803144,1.58203698893199,16.0658768692992,TRUE,NA
"r",19.1,-2.35579703575813,-0.500693339619519,0.321999142297545,1.58371697871757,16.0997796736868,TRUE,NA
"r",19.15,-2.35768356154467,-0.500771492242725,0.321892897454919,1.58539398918195,16.133671776378,TRUE,NA
"r",19.2,-2.35956631901078,-0.500849333291739,0.321787082274466,1.58706803195486,16.1675532138101,TRUE,NA
"r",19.25,-2.36144532484056,-0.500926865049117,0.321681693784327,1.58873911859626,16.2014240222113,TRUE,NA
"r",19.3,-2.36332059560323,-0.501004089773673,0.321576729041264,1.59040726059691,16.2352842376024,TRUE,NA
"r",19.35,-2.36519214775424,-0.501081009700806,0.321472185130287,1.5920724693789,16.2691338957983,TRUE,NA
"r",19.4,-2.36705999763627,-0.501157627042806,0.321368059164322,1.5937347562962,16.3029730324098,TRUE,NA
"r",19.45,-2.36892416148034,-0.501233943989168,0.321264348283859,1.59539413263522,16.3368016828453,TRUE,NA
"r",19.5,-2.37078465540679,-0.501309962706879,0.321161049656628,1.59705060961532,16.3706198823123,TRUE,NA
"r",19.55,-2.37264149542635,-0.501385685340727,0.321058160477253,1.59870419838936,16.404427665819,TRUE,NA
"r",19.6,-2.37449469744112,-0.501461114013571,0.32095567796695,1.60035491004422,16.438225068176,TRUE,NA
"r",19.65,-2.37634427724557,-0.501536250826646,0.320853599373186,1.60200275560133,16.4720121239978,TRUE,NA
"r",19.7,-2.37819025052753,-0.501611097859824,0.320751921969382,1.60364774601718,16.5057888677042,TRUE,NA
"r",19.75,-2.3800326328692,-0.501685657171924,0.320650643054571,1.6052898921838,16.5395553335223,TRUE,NA
"r",19.8,-2.38187143974804,-0.50175993080094,0.320549759953131,1.60692920492932,16.5733115554874,TRUE,NA
"r",19.85,-2.38370668653782,-0.501833920764342,0.320449270014454,1.60856569501844,16.6070575674451,TRUE,NA
"r",19.9,-2.38553838850946,-0.501907629059341,0.320349170612648,1.61019937315292,16.6407934030523,TRUE,NA
"r",19.95,-2.38736656083206,-0.501981057663108,0.320249459146278,1.61183024997211,16.6745190957791,TRUE,NA
"r",20,-2.38919121857373,-0.502054208533089,0.320150133038024,1.61345833605337,16.7082346789099,TRUE,NA
"r",20.05,-2.39101237670259,-0.502127083607214,0.320051189734436,1.61508364191263,16.741940185545,TRUE,NA
"r",20.1,-2.39283005008759,-0.502199684804161,0.319952626705633,1.61670617800479,16.7756356486022,TRUE,NA
"r",20.15,-2.39464425349946,-0.502272014023591,0.319854441445045,1.61832595472427,16.809321100818,TRUE,NA
"r",20.2,-2.39645500161154,-0.502344073146406,0.31975663146911,1.6199429824054,16.842996574749,TRUE,NA
"r",20.25,-2.3982623090007,-0.502415864034961,0.319659194317039,1.62155727132295,16.8766621027734,TRUE,NA
"r",20.3,-2.40006619014817,-0.502487388533327,0.319562127550517,1.62316883169256,16.9103177170924,TRUE,NA
"r",20.35,-2.4018666594404,-0.50255864846749,0.31946542875347,1.62477767367118,16.9439634497314,TRUE,NA
"r",20.4,-2.40366373116988,-0.50262964564561,0.319369095531778,1.62638380735755,16.9775993325415,TRUE,NA
"r",20.45,-2.405457419536,-0.502700381858195,0.319273125513067,1.62798724279263,17.0112253972008,TRUE,NA
"r",20.5,-2.40724773864588,-0.50277085887838,0.319177516346398,1.62958798996004,17.0448416752157,TRUE,NA
"r",20.55,-2.40903470251513,-0.502841078462104,0.319082265702063,1.63118605878653,17.0784481979222,TRUE,NA
"r",20.6,-2.41081832506873,-0.502911042348329,0.318987371271328,1.63278145914234,17.1120449964872,TRUE,NA
"r",20.65,-2.41259862014175,-0.502980752259261,0.318892830766185,1.63437420084172,17.1456321019099,TRUE,NA
"r",20.7,-2.41437560148019,-0.503050209900541,0.318798641919136,1.63596429364329,17.1792095450228,TRUE,NA
"r",20.75,-2.41614928274173,-0.50311941696146,0.318704802482933,1.6375517472505,17.2127773564934,TRUE,NA
"r",20.8,-2.41791967749653,-0.503188375115162,0.31861131023036,1.639136571312,17.2463355668249,TRUE,NA
"r",20.85,-2.41968679922793,-0.503257086018824,0.318518162954014,1.64071877542212,17.2798842063579,TRUE,NA
"r",20.9,-2.42145066133328,-0.50332555131388,0.318425358466056,1.64229836912123,17.3134233052714,TRUE,NA
"r",20.95,-2.42321127712463,-0.503393772626174,0.318332894598024,1.64387536189616,17.346952893584,TRUE,NA
"r",21,-2.42496865982948,-0.503461751566179,0.318240769200589,1.6454497631806,17.3804730011552,TRUE,NA
"r",21.05,-2.42672282259151,-0.503529489729184,0.318148980143335,1.64702158235552,17.4139836576865,TRUE,NA
"r",21.1,-2.4284737784713,-0.503596988695457,0.318057525314573,1.64859082874952,17.4474848927227,TRUE,NA
"r",21.15,-2.43022154044707,-0.503664250030436,0.317966402621112,1.65015751163926,17.4809767356529,TRUE,NA
"r",21.2,-2.43196612141531,-0.503731275284904,0.317875609988064,1.65172164024985,17.5144592157118,TRUE,NA
"r",21.25,-2.43370753419156,-0.503798065995183,0.31778514535862,1.65328322375519,17.5479323619807,TRUE,NA
"r",21.3,-2.43544579151105,-0.503864623683278,0.317695006693871,1.6548422712784,17.5813962033889,TRUE,NA
"r",21.35,-2.4371809060294,-0.503930949857068,0.3176051919726,1.65639879189216,17.6148507687143,TRUE,NA
"r",21.4,-2.4389128903233,-0.503997046010463,0.317515699191091,1.65795279461913,17.6482960865852,TRUE,NA
"r",21.45,-2.44064175689115,-0.504062913623584,0.317426526362921,1.65950428843225,17.6817321854807,TRUE,NA
"r",21.5,-2.44236751815376,-0.504128554162904,0.317337671518796,1.66105328225518,17.7151590937326,TRUE,NA
"r",21.55,-2.44409018645497,-0.504193969081426,0.317249132706337,1.6625997849626,17.7485768395255,TRUE,NA
"r",21.6,-2.44580977406231,-0.504259159818844,0.317160907989908,1.66414380538062,17.7819854508987,TRUE,NA
"r",21.65,-2.44752629316765,-0.50432412780169,0.317072995450425,1.66568535228711,17.815384955747,TRUE,NA
"r",21.7,-2.44923975588782,-0.504388874443471,0.316985393185202,1.66722443441205,17.8487753818214,TRUE,NA
"r",21.75,-2.45095017426522,-0.504453401144877,0.316898099307722,1.66876106043791,17.8821567567307,TRUE,NA
"r",21.8,-2.45265756026849,-0.504517709293863,0.316811111947513,1.67029523899996,17.9155291079422,TRUE,NA
"r",21.85,-2.45436192579306,-0.50458180026584,0.316724429249942,1.67182697868662,17.9488924627826,TRUE,NA
"r",21.9,-2.45606328266182,-0.504645675423813,0.316638049376057,1.67335628803984,17.9822468484396,TRUE,NA
"r",21.95,-2.45776164262566,-0.504709336118518,0.316551970502412,1.67488317555538,18.015592291962,TRUE,NA
"r",22,-2.45945701736411,-0.504772783688561,0.316466190820905,1.6764076496832,18.0489288202616,TRUE,NA
"r",22.05,-2.4611494184859,-0.504836019460569,0.316380708538614,1.67792971882773,18.0822564601135,TRUE,NA
"r",22.1,-2.46283885752957,-0.504899044749312,0.316295521877633,1.67944939134828,18.1155752381576,TRUE,NA
"r",22.15,-2.46452534596402,-0.504961860857862,0.316210629074901,1.68096667555926,18.1488851808991,TRUE,NA
"r",22.2,-2.46620889518908,-0.505024469077704,0.316126028382063,1.6824815797306,18.1821863147097,TRUE,NA
"r",22.25,-2.46788951653609,-0.50508687068888,0.3160417180653,1.68399411208804,18.2154786658287,TRUE,NA
"r",22.3,-2.46956722126845,-0.505149066960105,0.315957696405188,1.6855042808134,18.2487622603636,TRUE,NA
"r",22.35,-2.47124202058217,-0.505211059148931,0.315873961696515,1.68701209404497,18.2820371242911,TRUE,NA
"r",22.4,-2.47291392560644,-0.505272848501826,0.315790512248174,1.68851755987777,18.3153032834583,TRUE,NA
"r",22.45,-2.47458294740413,-0.505334436254333,0.315707346382985,1.69002068636385,18.3485607635833,TRUE,NA
"r",22.5,-2.47624909697234,-0.505395823631185,0.315624462437552,1.69152148151266,18.3818095902563,TRUE,NA
"r",22.55,-2.47791238524295,-0.505457011846417,0.315541858762126,1.69301995329127,18.4150497889404,TRUE,NA
"r",22.6,-2.47957282308314,-0.505518002103493,0.315459533720465,1.69451610962474,18.4482813849725,TRUE,NA
"r",22.65,-2.48123042129589,-0.505578795595427,0.315377485689681,1.69600995839639,18.4815044035642,TRUE,NA
"r",22.7,-2.4828851906205,-0.505639393504899,0.315295713060105,1.69750150744806,18.5147188698026,TRUE,NA
"r",22.75,-2.48453714173312,-0.50569979700437,0.31521421423515,1.69899076458048,18.5479248086514,TRUE,NA
"r",22.8,-2.48618628524723,-0.505760007256181,0.315132987631188,1.70047773755349,18.5811222449514,TRUE,NA
"r",22.85,-2.48783263171415,-0.505820025412681,0.315052031677398,1.70196243408638,18.6143112034217,TRUE,NA
"r",22.9,-2.48947619162352,-0.505879852616353,0.314971344815629,1.70344486185811,18.6474917086604,TRUE,NA
"r",22.95,-2.49111697540382,-0.505939489999875,0.314890925500305,1.70492502850767,18.6806637851451,TRUE,NA
"r",23,-2.49275499342281,-0.505998938686284,0.314810772198241,1.7064029416343,18.7138274572344,TRUE,NA
"r",23.05,-2.49439025598806,-0.506058199789033,0.314730883388574,1.70787860879781,18.7469827491682,TRUE,NA
"r",23.1,-2.49602277334738,-0.506117274412118,0.314651257562602,1.7093520375188,18.7801296850687,TRUE,NA
"r",23.15,-2.4976525556893,-0.506176163650201,0.314571893223655,1.71082323527901,18.8132682889413,TRUE,NA
"r",23.2,-2.49927961314356,-0.506234868588668,0.314492788887,1.71229220952151,18.846398584675,TRUE,NA
"r",23.25,-2.50090395578155,-0.506293390303776,0.314413943079685,1.71375896765104,18.8795205960438,TRUE,NA
"r",23.3,-2.50252559361676,-0.506351729862708,0.314335354340462,1.71522351703421,18.9126343467069,TRUE,NA
"r",23.35,-2.50414453660524,-0.506409888323698,0.314257021219636,1.71668586499982,18.9457398602099,TRUE,NA
"r",23.4,-2.50576079464606,-0.506467866736139,0.31417894227894,1.71814601883907,18.9788371599852,TRUE,NA
"r",23.45,-2.50737437758171,-0.506525666140632,0.314101116091469,1.71960398580588,19.0119262693533,TRUE,NA
"r",23.5,-2.50898529519861,-0.506583287569141,0.314023541241505,1.72105977311707,19.0450072115229,TRUE,NA
"r",23.55,-2.51059355722746,-0.506640732045033,0.313946216324448,1.72251338795271,19.078080009592,TRUE,NA
"r",23.6,-2.51219917334374,-0.506698000583194,0.313869139946696,1.72396483745626,19.111144686549,TRUE,NA
"r",23.65,-2.51380215316809,-0.506755094190134,0.313792310725506,1.72541412873491,19.1442012652725,TRUE,NA
"r",23.7,-2.51540250626675,-0.506812013864032,0.31371572728894,1.7268612688598,19.1772497685331,TRUE,NA
"r",23.75,-2.51700024215199,-0.506868760594876,0.313639388275702,1.72830626486626,19.2102902189932,TRUE,NA
"r",23.8,-2.51859537028249,-0.506925335364513,0.313563292335068,1.72974912375404,19.2433226392084,TRUE,NA
"r",23.85,-2.52018790006376,-0.506981739146753,0.313487438126764,1.73118985248758,19.2763470516278,TRUE,NA
"r",23.9,-2.5217778408486,-0.507037972907443,0.313411824320879,1.73262845799625,19.309363478595,TRUE,NA
"r",23.95,-2.52336520193739,-0.507094037604562,0.313336449597742,1.73406494717455,19.3423719423485,TRUE,NA
"r",24,-2.52494999257861,-0.507149934188295,0.313261312647836,1.7354993268824,19.3753724650227,TRUE,NA
"r",24.05,-2.52653222196914,-0.507205663601125,0.313186412171691,1.73693160394532,19.4083650686483,TRUE,NA
"r",24.1,-2.52811189925468,-0.507261226777887,0.313111746879802,1.73836178515469,19.4413497751531,TRUE,NA
"r",24.15,-2.52968903353017,-0.507316624645894,0.313037315492495,1.739789877268,19.4743266063628,TRUE,NA
"r",24.2,-2.53126363384013,-0.507371858124968,0.312963116739871,1.74121588700902,19.5072955840016,TRUE,NA
"r",24.25,-2.53283570917907,-0.507426928127537,0.312889149361698,1.74263982106809,19.5402567296926,TRUE,NA
"r",24.3,-2.5344052684918,-0.507481835558738,0.312815412107289,1.74406168610228,19.573210064959,TRUE,NA
"r",24.35,-2.53597232067392,-0.50753658131644,0.312741903735455,1.7454814887357,19.6061556112242,TRUE,NA
"r",24.4,-2.53753687457206,-0.507591166291355,0.312668623014388,1.74689923555961,19.6390933898129,TRUE,NA
"r",24.45,-2.53909893898433,-0.507645591367113,0.312595568721562,1.74831493313271,19.6720234219513,TRUE,NA
"r",24.5,-2.54065852266066,-0.507699857420305,0.312522739643673,1.74972858798138,19.7049457287683,TRUE,NA
"r",24.55,-2.54221563430314,-0.507753965320591,0.312450134576518,1.75114020659981,19.7378603312953,TRUE,NA
"r",24.6,-2.5437702825664,-0.50780791593075,0.312377752324929,1.75254979545028,19.7707672504679,TRUE,NA
"r",24.65,-2.54532247605793,-0.50786171010676,0.312305591702668,1.75395736096334,19.8036665071257,TRUE,NA
"r",24.7,-2.54687222333846,-0.507915348697847,0.312233651532377,1.75536290953805,19.836558122013,TRUE,NA
"r",24.75,-2.54841953292231,-0.507968832546585,0.312161930645446,1.75676644754214,19.86944211578,TRUE,NA
"r",24.8,-2.54996441327767,-0.508022162488934,0.312090427881968,1.75816798131228,19.9023185089825,TRUE,NA
"r",24.85,-2.55150687282702,-0.508075339354335,0.312019142090631,1.75956751715422,19.9351873220835,TRUE,NA
"r",24.9,-2.55304691994741,-0.508128363965751,0.311948072128649,1.76096506134302,19.968048575453,TRUE,NA
"r",24.95,-2.55458456297081,-0.508181237139739,0.311877216861691,1.76236062012328,20.0009022893687,TRUE,NA
"r",25,-2.55611981018444,-0.508233959686531,0.311806575163769,1.76375419970929,20.0337484840174,TRUE,NA
"r",25.05,-2.55765266983111,-0.508286532410068,0.3117361459172,1.76514580628526,20.0665871794942,TRUE,NA
"r",25.1,-2.55918315010949,-0.508338956108088,0.311665928012495,1.76653544600549,20.0994183958043,TRUE,NA
"r",25.15,-2.56071125917451,-0.508391231572181,0.311595920348294,1.76792312499459,20.1322421528631,TRUE,NA
"r",25.2,-2.5622370051376,-0.50844335958784,0.311526121831302,1.76930884934768,20.1650584704965,TRUE,NA
"r",25.25,-2.56376039606707,-0.508495340934535,0.311456531376189,1.77069262513055,20.197867368442,TRUE,NA
"r",25.3,-2.56528143998836,-0.508547176385767,0.311387147905542,1.77207445837985,20.2306688663488,TRUE,NA
"r",25.35,-2.56680014488441,-0.508598866709119,0.311317970349768,1.77345435510333,20.2634629837787,TRUE,NA
"r",25.4,-2.56831651869592,-0.508650412666347,0.311248997647026,1.77483232127995,20.2962497402063,TRUE,NA
"r",25.45,-2.56983056932164,-0.508701815013383,0.311180228743179,1.77620836286013,20.32902915502,TRUE,NA
"r",25.5,-2.57134230461876,-0.508753074500443,0.31111166259169,1.77758248576591,20.3618012475221,TRUE,NA
"r",25.55,-2.5728517324031,-0.508804191872047,0.311043298153577,1.77895469589112,20.3945660369296,TRUE,NA
"r",25.6,-2.57435886044945,-0.508855167867106,0.310975134397318,1.78032499910158,20.4273235423746,TRUE,NA
"r",25.65,-2.57586369649189,-0.508906003218964,0.310907170298801,1.78169340123528,20.4600737829048,TRUE,NA
"r",25.7,-2.57736624822402,-0.508956698655425,0.310839404841267,1.78305990810251,20.4928167774844,TRUE,NA
"r",25.75,-2.57886652329932,-0.50900725489885,0.310771837015209,1.78442452548614,20.5255525449939,TRUE,NA
"r",25.8,-2.58036452933136,-0.509057672666191,0.310704465818333,1.78578725914169,20.5582811042315,TRUE,NA
"r",25.85,-2.58186027389412,-0.509107952669036,0.310637290255483,1.78714811479754,20.5910024739126,TRUE,NA
"r",25.9,-2.58335376452228,-0.509158095613684,0.310570309338562,1.78850709815513,20.6237166726715,TRUE,NA
"r",25.95,-2.58484500871147,-0.509208102201155,0.310503522086511,1.7898642148891,20.6564237190606,TRUE,NA
"r",26,-2.58633401391856,-0.50925797312729,0.310436927525189,1.79121947064746,20.6891236315521,TRUE,NA
"r",26.05,-2.58782078756193,-0.509307709082762,0.310370524687353,1.7925728710518,20.7218164285376,TRUE,NA
"r",26.1,-2.58930533702172,-0.509357310753153,0.310304312612569,1.79392442169737,20.7545021283292,TRUE,NA
"r",26.15,-2.59078766964016,-0.509406778818978,0.310238290347174,1.79527412815336,20.7871807491595,TRUE,NA
"r",26.2,-2.59226779272174,-0.509456113955746,0.310172456944199,1.79662199596295,20.8198523091824,TRUE,NA
"r",26.25,-2.59374571353354,-0.509505316834026,0.310106811463299,1.79796803064354,20.8525168264736,TRUE,NA
"r",26.3,-2.59522143930549,-0.509554388119455,0.310041352970728,1.79931223768694,20.8851743190309,TRUE,NA
"r",26.35,-2.59669497723059,-0.509603328472809,0.309976080539248,1.80065462255944,20.9178248047746,TRUE,NA
"r",26.4,-2.5981663344652,-0.509652138550053,0.309910993248081,1.80199519070204,20.9504683015483,TRUE,NA
"r",26.45,-2.59963551812925,-0.509700819002373,0.309846090182855,1.80333394753057,20.9831048271191,TRUE,NA
"r",26.5,-2.60110253530656,-0.50974937047622,0.309781370435552,1.80467089843589,21.0157343991782,TRUE,NA
"r",26.55,-2.60256739304504,-0.509797793613378,0.309716833104427,1.806006048784,21.0483570353413,TRUE,NA
"r",26.6,-2.60403009835692,-0.509846089050974,0.309652477293985,1.80733940391622,21.0809727531487,TRUE,NA
"r",26.65,-2.60549065821905,-0.509894257421551,0.309588302114899,1.80867096914933,21.1135815700667,TRUE,NA
"r",26.7,-2.6069490795731,-0.509942299353086,0.309524306683981,1.81000074977573,21.146183503487,TRUE,NA
"r",26.75,-2.60840536932582,-0.509990215469064,0.309460490124089,1.8113287510636,21.1787785707278,TRUE,NA
"r",26.8,-2.60985953434929,-0.510038006388479,0.309396851564126,1.81265497825702,21.2113667890339,TRUE,NA
"r",26.85,-2.61131158148108,-0.510085672725909,0.309333390138944,1.81397943657616,21.2439481755772,TRUE,NA
"r",26.9,-2.61276151752462,-0.510133215091548,0.309270104989306,1.81530213121737,21.2765227474576,TRUE,NA
"r",26.95,-2.61420934924931,-0.510180634091236,0.309206995261844,1.8166230673534,21.3090905217025,TRUE,NA
"r",27,-2.61565508339081,-0.51022793032651,0.309144060108994,1.81794225013348,21.3416515152682,TRUE,NA
"r",27.05,-2.61709872665124,-0.510275104394647,0.309081298688948,1.81925968468349,21.3742057450395,TRUE,NA
"r",27.1,-2.61854028569943,-0.510322156888691,0.30901871016561,1.82057537610612,21.4067532278308,TRUE,NA
"r",27.15,-2.61997976717115,-0.5103690883975,0.308956293708544,1.82188932948098,21.4392939803862,TRUE,NA
"r",27.2,-2.6214171776693,-0.510415899505781,0.308894048492919,1.82320154986476,21.4718280193797,TRUE,NA
"r",27.25,-2.62285252376415,-0.510462590794128,0.308831973699476,1.82451204229135,21.504355361416,TRUE,NA
"r",27.3,-2.62428581199357,-0.510509162839068,0.308770068514452,1.82582081177201,21.5368760230308,TRUE,NA
"r",27.35,-2.62571704886322,-0.510555616213076,0.308708332129572,1.82712786329549,21.569390020691,TRUE,NA
"r",27.4,-2.62714624084678,-0.510601951484649,0.308646763741955,1.82843320182816,21.6018973707954,TRUE,NA
"r",27.45,-2.62857339438618,-0.510648169218298,0.308585362554113,1.82973683231414,21.6343980896749,TRUE,NA
"r",27.5,-2.62999851589177,-0.51069426997462,0.308524127773873,1.83103875967548,21.6668921935929,TRUE,NA
"r",27.55,-2.63142161174258,-0.510740254310309,0.308463058614348,1.83233898881223,21.6993796987459,TRUE,NA
"r",27.6,-2.63284268828648,-0.510786122778203,0.308402154293891,1.8336375246026,21.7318606212636,TRUE,NA
"r",27.65,-2.63426175184041,-0.510831875927329,0.30834141403603,1.83493437190312,21.7643349772093,TRUE,NA
"r",27.7,-2.6356788086906,-0.510877514302917,0.308280837069449,1.83622953554873,21.7968027825807,TRUE,NA
"r",27.75,-2.63709386509275,-0.510923038446434,0.308220422627944,1.8375230203529,21.8292640533098,TRUE,NA
"r",27.8,-2.63850692727222,-0.510968448895636,0.308160169950361,1.83881483110783,21.8617188052635,TRUE,NA
"r",27.85,-2.63991800142427,-0.511013746184587,0.308100078280566,1.84010497258448,21.8941670542439,TRUE,NA
"r",27.9,-2.64132709371421,-0.511058930843708,0.308040146867388,1.84139344953277,21.9266088159888,TRUE,NA
"r",27.95,-2.64273421027764,-0.511104003399768,0.30798037496462,1.84268026668168,21.9590441061718,TRUE,NA
"r",28,-2.64413935722061,-0.511148964375985,0.307920761830904,1.84396542873937,21.991472940403,TRUE,NA
"r",28.05,-2.64554254061985,-0.511193814291974,0.307861306729778,1.84524894039333,22.0238953342293,TRUE,NA
"r",28.1,-2.6469437665229,-0.511238553663862,0.307802008929552,1.84653080631043,22.0563113031345,TRUE,NA
"r",28.15,-2.64834304094839,-0.511283183004266,0.307742867703317,1.84781103113715,22.0887208625398,TRUE,NA
"r",28.2,-2.64974036988612,-0.511327702822323,0.30768388232891,1.84908961949962,22.1211240278042,TRUE,NA
"r",28.25,-2.65113575929736,-0.511372113623763,0.307625052088829,1.85036657600376,22.1535208142252,TRUE,NA
"r",28.3,-2.65252921511493,-0.511416415910879,0.307566376270252,1.8516419052354,22.1859112370382,TRUE,NA
"r",28.35,-2.65392074324346,-0.511460610182616,0.307507854164951,1.85291561176043,22.2182953114179,TRUE,NA
"r",28.4,-2.65531034955955,-0.511504696934561,0.307449485069278,1.85418770012486,22.2506730524781,TRUE,NA
"r",28.45,-2.65669803991191,-0.511548676658995,0.307391268284114,1.85545817485497,22.2830444752718,TRUE,NA
"r",28.5,-2.65808382012161,-0.511592549844886,0.30733320311486,1.85672704045745,22.3154095947923,TRUE,NA
"r",28.55,-2.65946769598221,-0.511636316977973,0.307275288871355,1.85799430141943,22.3477684259729,TRUE,NA
"r",28.6,-2.66084967325994,-0.511679978540748,0.307217524867877,1.85925996220871,22.3801209836875,TRUE,NA
"r",28.65,-2.66222975769389,-0.511723535012502,0.307159910423088,1.86052402727378,22.4124672827509,TRUE,NA
"r",28.7,-2.66360795499618,-0.511766986869357,0.307102444860002,1.86178650104397,22.4448073379189,TRUE,NA
"r",28.75,-2.66498427085211,-0.511810334584272,0.307045127505959,1.86304738792955,22.4771411638892,TRUE,NA
"r",28.8,-2.66635871092039,-0.511853578627116,0.306987957692558,1.86430669232188,22.5094687753011,TRUE,NA
"r",28.85,-2.66773128083322,-0.51189671946462,0.30693093475568,1.86556441859345,22.5417901867361,TRUE,NA
"r",28.9,-2.66910198619654,-0.511939757560488,0.306874058035386,1.86682057109804,22.5741054127183,TRUE,NA
"r",28.95,-2.67047083259013,-0.51198269337536,0.306817326875933,1.86807515417082,22.6064144677146,TRUE,NA
"r",29,-2.67183782556785,-0.512025527366868,0.306760740625715,1.86932817212845,22.6387173661352,TRUE,NA
"r",29.05,-2.67320297065773,-0.512068259989655,0.30670429863724,1.87057962926919,22.6710141223333,TRUE,NA
"r",29.1,-2.67456627336218,-0.512110891695391,0.306648000267094,1.87182952987299,22.7033047506065,TRUE,NA
"r",29.15,-2.67592773915814,-0.512153422932821,0.306591844875906,1.87307787820164,22.735589265196,TRUE,NA
"r",29.2,-2.6772873734972,-0.512195854147773,0.306535831828309,1.87432467849881,22.7678676802875,TRUE,NA
"r",29.25,-2.67864518180584,-0.512238185783172,0.306479960492932,1.87556993499022,22.8001400100116,TRUE,NA
"r",29.3,-2.68000116948552,-0.512280418279093,0.306424230242339,1.8768136518837,22.8324062684437,TRUE,NA
"r",29.35,-2.68135534191285,-0.512322552072763,0.306368640453016,1.87805583336929,22.8646664696046,TRUE,NA
"r",29.4,-2.68270770443979,-0.512364587598595,0.306313190505326,1.87929648361936,22.8969206274606,TRUE,NA
"r",29.45,-2.68405826239372,-0.512406525288198,0.306257879783505,1.88053560678872,22.929168755924,TRUE,NA
"r",29.5,-2.68540702107767,-0.512448365570429,0.306202707675585,1.88177320701469,22.9614108688532,TRUE,NA
"r",29.55,-2.68675398577043,-0.512490108871388,0.306147673573407,1.88300928841723,22.9936469800533,TRUE,NA
"r",29.6,-2.68809916172673,-0.512531755614446,0.306092776872575,1.88424385509901,23.0258771032759,TRUE,NA
"r",29.65,-2.68944255417734,-0.512573306220282,0.306038016972418,1.88547691114552,23.0581012522199,TRUE,NA
"r",29.7,-2.69078416832926,-0.512614761106902,0.305983393275964,1.88670846062517,23.0903194405314,TRUE,NA
"r",29.75,-2.69212400936587,-0.512656120689624,0.30592890518994,1.8879385075894,23.1225316818042,TRUE,NA
"r",29.8,-2.69346208244706,-0.512697385381173,0.305874552124684,1.88916705607274,23.15473798958,TRUE,NA
"r",29.85,-2.69479839270933,-0.512738555591627,0.305820333494179,1.89039411009295,23.1869383773488,TRUE,NA
"r",29.9,-2.69613294526605,-0.512779631728496,0.30576624871597,1.89161967365105,23.219132858549,TRUE,NA
"r",29.95,-2.69746574520747,-0.512820614196698,0.305712297211188,1.8928437507315,23.2513214465677,TRUE,NA
"r",30,-2.69879679760096,-0.512861503398639,0.305658478404461,1.89406634530221,23.2835041547412,TRUE,NA
"r",30.05,-2.70012610749109,-0.512902299734151,0.305604791723958,1.8952874613147,23.315680996355,TRUE,NA
"r",30.1,-2.70145367989979,-0.512943003600594,0.305551236601298,1.89650710270413,23.3478519846441,TRUE,NA
"r",30.15,-2.70277951982652,-0.512983615392811,0.305497812471571,1.89772527338946,23.3800171327937,TRUE,NA
"r",30.2,-2.70410363224833,-0.513024135503217,0.30544451877326,1.89894197727347,23.4121764539386,TRUE,NA
"r",30.25,-2.70542602212008,-0.51306456432174,0.305391354948279,1.9001572182429,23.4443299611645,TRUE,NA
"r",30.3,-2.70674669437451,-0.513104902235912,0.305338320441882,1.90137100016851,23.4764776675073,TRUE,NA
"r",30.35,-2.7080656539224,-0.513145149630833,0.305285414702688,1.9025833269052,23.5086195859542,TRUE,NA
"r",30.4,-2.70938290565273,-0.513185306889244,0.305232637182615,1.90379420229206,23.5407557294433,TRUE,NA
"r",30.45,-2.71069845443277,-0.51322537439151,0.305179987336877,1.90500363015248,23.5728861108642,TRUE,NA
"r",30.5,-2.71201230510819,-0.51326535251561,0.30512746462398,1.90621161429425,23.6050107430582,TRUE,NA
"r",30.55,-2.71332446250328,-0.513305241637248,0.305075068505633,1.90741815850961,23.6371296388187,TRUE,NA
"r",30.6,-2.71463493142098,-0.51334504212978,0.305022798446792,1.90862326657536,23.669242810891,TRUE,NA
"r",30.65,-2.71594371664308,-0.513384754364293,0.304970653915578,1.90982694225294,23.7013502719731,TRUE,NA
"r",30.7,-2.71725082293031,-0.513424378709571,0.304918634383312,1.91102918928852,23.7334520347154,TRUE,NA
"r",30.75,-2.71855625502246,-0.513463915532173,0.304866739324427,1.91223001141308,23.7655481117217,TRUE,NA
"r",30.8,-2.71986001763852,-0.513503365196402,0.30481496821649,1.91342941234247,23.7976385155486,TRUE,NA
"r",30.85,-2.72116211547681,-0.513542728064339,0.30476332054017,1.91462739577754,23.8297232587063,TRUE,NA
"r",30.9,-2.72246255321511,-0.513582004495864,0.304711795779199,1.91582396540419,23.8618023536586,TRUE,NA
"r",30.95,-2.72376133551073,-0.513621194848685,0.304660393420353,1.91701912489344,23.8938758128232,TRUE,NA
"r",31,-2.7250584670007,-0.513660299478328,0.304609112953446,1.91821287790156,23.9259436485722,TRUE,NA
"r",31.05,-2.72635395230185,-0.513699318738174,0.304557953871282,1.9194052280701,23.9580058732319,TRUE,NA
"r",31.1,-2.72764779601092,-0.513738252979466,0.30450691566966,1.92059617902598,23.9900624990832,TRUE,NA
"r",31.15,-2.72894000270471,-0.513777102551326,0.304455997847327,1.9217857343816,24.022113538362,TRUE,NA
"r",31.2,-2.7302305769402,-0.513815867800796,0.304405199905957,1.92297389773487,24.0541590032592,TRUE,NA
"r",31.25,-2.73151952325462,-0.513854549072815,0.304354521350155,1.92416067266937,24.0861989059212,TRUE,NA
"r",31.3,-2.73280684616562,-0.513893146710246,0.304303961687416,1.92534606275431,24.1182332584497,TRUE,NA
"r",31.35,-2.73409255017133,-0.513931661053929,0.304253520428089,1.92653007154469,24.1502620729024,TRUE,NA
"r",31.4,-2.73537663975055,-0.513970092442665,0.304203197085371,1.92771270258139,24.182285361293,TRUE,NA
"r",31.45,-2.73665911936277,-0.514008441213206,0.304152991175312,1.92889395939118,24.2143031355914,TRUE,NA
"r",31.5,-2.73793999344838,-0.514046707700321,0.304102902216745,1.93007384548683,24.2463154077241,TRUE,NA
"r",31.55,-2.73921926642869,-0.514084892236797,0.304052929731294,1.9312523643672,24.2783221895741,TRUE,NA
"r",31.6,-2.74049694270612,-0.514122995153447,0.304003073243337,1.93242951951729,24.3103234929816,TRUE,NA
"r",31.65,-2.74177302666422,-0.514161016779102,0.303953332280025,1.93360531440832,24.3423193297435,TRUE,NA
"r",31.7,-2.74304752266789,-0.514198957440684,0.303903706371199,1.93477975249781,24.3743097116145,TRUE,NA
"r",31.75,-2.7443204350634,-0.514236817463151,0.303854195049436,1.93595283722966,24.4062946503066,TRUE,NA
"r",31.8,-2.74559176817854,-0.514274597169608,0.303804797849949,1.9371245720342,24.4382741574898,TRUE,NA
"r",31.85,-2.74686152632269,-0.514312296881184,0.303755514310677,1.93829496032827,24.4702482447918,TRUE,NA
"r",31.9,-2.74812971378699,-0.514349916917194,0.303706343972144,1.93946400551531,24.502216923799,TRUE,NA
"r",31.95,-2.74939633484436,-0.514387457595032,0.303657286377549,1.94063171098541,24.5341802060556,TRUE,NA
"r",32,-2.75066139374971,-0.514424919230287,0.303608341072647,1.9417980801154,24.5661381030651,TRUE,NA
"r",32.05,-2.75192489473993,-0.51446230213666,0.303559507605824,1.94296311626889,24.5980906262894,TRUE,NA
"r",32.1,-2.75318684203408,-0.514499606626063,0.303510785528,1.94412682279638,24.6300377871496,TRUE,NA
"r",32.15,-2.75444723983343,-0.514536833008566,0.303462174392667,1.94528920303527,24.661979597026,TRUE,NA
"r",32.2,-2.75570609232161,-0.514573981592462,0.303413673755839,1.94645026031002,24.6939160672585,TRUE,NA
"r",32.25,-2.75696340366471,-0.514611052684254,0.30336528317603,1.94760999793212,24.7258472091465,TRUE,NA
"r",32.3,-2.75821917801132,-0.514648046588677,0.303317002214254,1.94876841920022,24.7577730339494,TRUE,NA
"r",32.35,-2.75947341949271,-0.514684963608682,0.303268830434027,1.9499255274002,24.7896935528868,TRUE,NA
"r",32.4,-2.76072613222283,-0.514721804045509,0.303220767401279,1.95108132580515,24.821608777138,TRUE,NA
"r",32.45,-2.76197732029856,-0.51475856819865,0.303172812684407,1.95223581767561,24.8535187178436,TRUE,NA
"r",32.5,-2.76322698779964,-0.514795256365874,0.303124965854229,1.95338900625945,24.8854233861043,TRUE,NA
"r",32.55,-2.76447513878886,-0.514831868843263,0.303077226483946,1.95454089479202,24.9173227929817,TRUE,NA
"r",32.6,-2.76572177731215,-0.514868405925185,0.303029594149176,1.95569148649625,24.9492169494987,TRUE,NA
"r",32.65,-2.76696690739864,-0.514904867904349,0.302982068427878,1.95684078458265,24.9811058666392,TRUE,NA
"r",32.7,-2.7682105330608,-0.514941255071768,0.302934648900394,1.95798879224941,25.0129895553488,TRUE,NA
"r",32.75,-2.7694526582945,-0.514977567716827,0.302887335149376,1.95913551268245,25.0448680265345,TRUE,NA
"r",32.8,-2.77069328707911,-0.515013806127247,0.302840126759818,1.96028094905549,25.0767412910652,TRUE,NA
"r",32.85,-2.77193242337759,-0.51504997058915,0.302793023318984,1.96142510453011,25.108609359772,TRUE,NA
"r",32.9,-2.7731700711366,-0.515086061386997,0.302746024416462,1.96256798225581,25.1404722434477,TRUE,NA
"r",32.95,-2.77440623428657,-0.515122078803647,0.302699129644108,1.9637095853701,25.1723299528482,TRUE,NA
"r",33,-2.77564091674181,-0.515158023120418,0.302652338595989,1.96484991699852,25.2041824986913,TRUE,NA
"r",33.05,-2.77687412240057,-0.515193894616986,0.302605650868453,1.9659889802547,25.2360298916579,TRUE,NA
"r",33.1,-2.77810585514518,-0.515229693571473,0.302559066060062,1.96712677824049,25.2678721423919,TRUE,NA
"r",33.15,-2.77933611884204,-0.515265420260443,0.302512583771579,1.96826331404593,25.2997092614999,TRUE,NA
"r",33.2,-2.78056491734187,-0.515301074958925,0.302466203605947,1.96939859074938,25.3315412595524,TRUE,NA
"r",33.25,-2.78179225447963,-0.515336657940394,0.302419925168301,1.97053261141753,25.3633681470829,TRUE,NA
"r",33.3,-2.7830181340747,-0.515372169476795,0.302373748065938,1.9716653791055,25.3951899345886,TRUE,NA
"r",33.35,-2.78424255993094,-0.515407609838565,0.302327671908296,1.97279689685688,25.4270066325308,TRUE,NA
"r",33.4,-2.7854655358368,-0.515442979294659,0.302281696306919,1.97392716770378,25.4588182513346,TRUE,NA
"r",33.45,-2.78668706556535,-0.515478278112505,0.302235820875507,1.97505619466691,25.4906248013892,TRUE,NA
"r",33.5,-2.78790715287445,-0.515513506558074,0.302190045229826,1.97618398075562,25.5224262930485,TRUE,NA
"r",33.55,-2.78912580150673,-0.515548664895842,0.302144368987753,1.97731052896796,25.5542227366305,TRUE,NA
"r",33.6,-2.79034301518976,-0.51558375338885,0.302098791769218,1.97843584229076,25.5860141424183,TRUE,NA
"r",33.65,-2.79155879763607,-0.515618772298672,0.302053313196219,1.97955992369965,25.6178005206594,TRUE,NA
"r",33.7,-2.79277315254331,-0.515653721885439,0.302007932892798,1.98068277615916,25.6495818815667,TRUE,NA
"r",33.75,-2.79398608359423,-0.515688602407879,0.301962650485004,1.98180440262271,25.6813582353183,TRUE,NA
"r",33.8,-2.79519759445686,-0.515723414123276,0.301917465600925,1.98292480603276,25.7131295920574,TRUE,NA
"r",33.85,-2.7964076887845,-0.515758157287507,0.301872377870637,1.98404398932077,25.7448959618931,TRUE,NA
"r",33.9,-2.79761637021585,-0.515792832155066,0.301827386926203,1.98516195540731,25.7766573548997,TRUE,NA
"r",33.95,-2.79882364237515,-0.515827438979056,0.301782492401654,1.98627870720214,25.8084137811181,TRUE,NA
"r",34,-2.80002950887208,-0.515861978011174,0.301737693933,1.98739424760417,25.8401652505544,TRUE,NA
"r",34.05,-2.80123397330205,-0.51589644950178,0.301692991158177,1.98850857950162,25.8719117731816,TRUE,NA
"r",34.1,-2.80243703924612,-0.515930853699879,0.301648383717045,1.98962170577199,25.9036533589386,TRUE,NA
"r",34.15,-2.80363871027114,-0.515965190853088,0.301603871251414,1.99073362928216,25.9353900177308,TRUE,NA
"r",34.2,-2.80483898992986,-0.515999461207715,0.30155945340498,1.99184435288847,25.9671217594307,TRUE,NA
"r",34.25,-2.80603788176091,-0.516033665008751,0.301515129823313,1.99295387943667,25.9988485938772,TRUE,NA
"r",34.3,-2.80723538928898,-0.516067802499812,0.301470900153918,1.99406221176209,26.0305705308764,TRUE,NA
"r",34.35,-2.80843151602483,-0.516101873923266,0.301426764046102,1.99516935268962,26.0622875802015,TRUE,NA
"r",34.4,-2.80962626546535,-0.516135879520133,0.301382721151073,1.99627530503377,26.0939997515928,TRUE,NA
"r",34.45,-2.81081964109375,-0.516169819530156,0.301338771121865,1.99738007159877,26.1257070547584,TRUE,NA
"r",34.5,-2.81201164637946,-0.516203694191805,0.301294913613331,1.99848365517855,26.1574094993737,TRUE,NA
"r",34.55,-2.81320228477835,-0.516237503742266,0.301251148282146,1.99958605855683,26.1891070950822,TRUE,NA
"r",34.6,-2.81439155973272,-0.516271248417447,0.30120747478681,2.00068728450719,26.2207998514948,TRUE,NA
"r",34.65,-2.81557947467141,-0.516304928452007,0.301163892787594,2.00178733579307,26.2524877781909,TRUE,NA
"r",34.7,-2.81676603300984,-0.516338544079384,0.301120401946535,2.00288621516785,26.284170884718,TRUE,NA
"r",34.75,-2.81795123815013,-0.516372095531716,0.301077001927486,2.00398392537491,26.3158491805918,TRUE,NA
"r",34.8,-2.8191350934811,-0.516405583039973,0.301033692396005,2.00508046914765,26.3475226752967,TRUE,NA
"r",34.85,-2.82031760237842,-0.516439006833847,0.300990473019441,2.00617584920957,26.3791913782856,TRUE,NA
"r",34.9,-2.82149876820462,-0.516472367141872,0.300947343466826,2.00727006827429,26.4108552989802,TRUE,NA
"r",34.95,-2.8226785943092,-0.51650566419135,0.300904303408938,2.0083631290456,26.4425144467714,TRUE,NA
"r",35,-2.82385708402866,-0.516538898208361,0.300861352518285,2.00945503421756,26.4741688310188,TRUE,NA
"r",35.05,-2.82503424068657,-0.516572069417833,0.300818490469041,2.01054578647445,26.5058184610515,TRUE,NA
"r",35.1,-2.8262100675937,-0.51660517804349,0.300775716937089,2.01163538849094,26.537463346168,TRUE,NA
"r",35.15,-2.82738456804798,-0.516638224307902,0.300733031599966,2.01272384293201,26.5691034956359,TRUE,NA
"r",35.2,-2.82855774533471,-0.516671208432475,0.300690434136882,2.01381115245309,26.600738918693,TRUE,NA
"r",35.25,-2.82972960272647,-0.516704130637426,0.300647924228718,2.01489731970007,26.6323696245465,TRUE,NA
"r",35.3,-2.83090014348331,-0.516736991141851,0.300605501557984,2.01598234730936,26.6639956223738,TRUE,NA
"r",35.35,-2.83206937085274,-0.51676979016371,0.30056316580881,2.01706623790792,26.6956169213222,TRUE,NA
"r",35.4,-2.83323728806983,-0.516802527919825,0.300520916666957,2.01814899411331,26.7272335305093,TRUE,NA
"r",35.45,-2.83440389835727,-0.516835204625864,0.300478753819809,2.01923061853373,26.7588454590229,TRUE,NA
"r",35.5,-2.83556920492544,-0.516867820496422,0.300436676956329,2.02031111376811,26.7904527159215,TRUE,NA
"r",35.55,-2.83673321097244,-0.516900375744972,0.300394685767063,2.02139048240606,26.822055310234,TRUE,NA
"r",35.6,-2.83789591968421,-0.516932870583843,0.300352779944186,2.02246872702806,26.8536532509603,TRUE,NA
"r",35.65,-2.83905733423452,-0.516965305224329,0.300310959181373,2.02354585020531,26.8852465470708,TRUE,NA
"r",35.7,-2.84021745778512,-0.516997679876602,0.300269223173902,2.02462185449999,26.9168352075074,TRUE,NA
"r",35.75,-2.84137629348574,-0.517029994749759,0.300227571618581,2.02569674246511,26.9484192411827,TRUE,NA
"r",35.8,-2.84253384447415,-0.517062250051821,0.300186004213772,2.0267705166447,26.979998656981,TRUE,NA
"r",35.85,-2.84369011387626,-0.517094445989766,0.300144520659333,2.02784317957376,27.0115734637576,TRUE,NA
"r",35.9,-2.84484510480615,-0.517126582769476,0.300103120656676,2.02891473377832,27.0431436703395,TRUE,NA
"r",35.95,-2.84599882036617,-0.51715866059581,0.300061803908699,2.02998518177557,27.0747092855256,TRUE,NA
"r",36,-2.84715126364694,-0.517190679672579,0.300020570119797,2.03105452607375,27.1062703180864,TRUE,NA
"r",36.05,-2.84830243772743,-0.517222640202539,0.299979418995872,2.03212276917231,27.137826776764,TRUE,NA
"r",36.1,-2.84945234567507,-0.517254542387445,0.299938350244275,2.03318991356193,27.1693786702732,TRUE,NA
"r",36.15,-2.85060099054576,-0.517286386427994,0.29989736357386,2.03425596172454,27.2009260073004,TRUE,NA
"r",36.2,-2.8517483753839,-0.517318172523888,0.299856458694918,2.03532091613333,27.2324687965047,TRUE,NA
"r",36.25,-2.85289450322256,-0.517349900873827,0.299815635319187,2.0363847792529,27.2640070465175,TRUE,NA
"r",36.3,-2.85403937708341,-0.517381571675488,0.299774893159858,2.03744755353916,27.2955407659427,TRUE,NA
"r",36.35,-2.85518299997685,-0.517413185125553,0.299734231931556,2.0385092414395,27.3270699633568,TRUE,NA
"r",36.4,-2.85632537490201,-0.51744474141973,0.299693651350313,2.03956984539273,27.3585946473091,TRUE,NA
"r",36.45,-2.85746650484694,-0.517476240752724,0.299653151133589,2.04062936782921,27.3901148263222,TRUE,NA
"r",36.5,-2.8586063927885,-0.517507683318282,0.299612731000237,2.04168781117078,27.4216305088913,TRUE,NA
"r",36.55,-2.85974504169249,-0.517539069309155,0.299572390670521,2.04274517783093,27.4531417034848,TRUE,NA
"r",36.6,-2.86088245451374,-0.517570398917156,0.299532129866074,2.04380147021473,27.4846484185446,TRUE,NA
"r",36.65,-2.8620186341961,-0.51760167233313,0.299491948309909,2.04485669071891,27.5161506624857,TRUE,NA
"r",36.7,-2.86315358367257,-0.517632889746976,0.299451845726411,2.04591084173194,27.5476484436971,TRUE,NA
"r",36.75,-2.86428730586525,-0.517664051347623,0.299411821841339,2.046963925634,27.5791417705408,TRUE,NA
"r",36.8,-2.86541980368549,-0.517695157323099,0.299371876381771,2.04801594479704,27.610630651353,TRUE,NA
"r",36.85,-2.86655108003391,-0.517726207860457,0.29933200907617,2.04906690158486,27.6421150944436,TRUE,NA
"r",36.9,-2.86768113780045,-0.517757203145868,0.299292219654285,2.05011679835307,27.6735951080965,TRUE,NA
"r",36.95,-2.86880997986441,-0.51778814336456,0.29925250784722,2.05116563744923,27.7050707005697,TRUE,NA
"r",37,-2.86993760909456,-0.517819028700814,0.299212873387414,2.05221342121279,27.7365418800954,TRUE,NA
"r",37.05,-2.8710640283491,-0.517849859338074,0.299173316008563,2.05326015197519,27.7680086548802,TRUE,NA
"r",37.1,-2.87218924047579,-0.517880635458817,0.299133835445711,2.05430583205985,27.7994710331049,TRUE,NA
"r",37.15,-2.87331324831197,-0.517911357244655,0.299094431435169,2.05535046378225,27.8309290229251,TRUE,NA
"r",37.2,-2.87443605468464,-0.517942024876293,0.299055103714552,2.05639404944998,27.862382632471,TRUE,NA
"r",37.25,-2.87555766241046,-0.51797263853356,0.29901585202273,2.05743659136269,27.8938318698475,TRUE,NA
"r",37.3,-2.87667807429584,-0.518003198395399,0.298976676099858,2.05847809181222,27.9252767431344,TRUE,NA
"r",37.35,-2.87779729313699,-0.518033704639906,0.298937575687327,2.05951855308259,27.9567172603866,TRUE,NA
"r",37.4,-2.87891532171992,-0.518064157444239,0.298898550527837,2.06055797745005,27.9881534296337,TRUE,NA
"r",37.45,-2.88003216282061,-0.518094556984776,0.298859600365255,2.0615963671831,28.0195852588811,TRUE,NA
"r",37.5,-2.88114781920491,-0.518124903436984,0.298820724944744,2.06263372454256,28.0510127561092,TRUE,NA
"r",37.55,-2.88226229362869,-0.5181551969755,0.298781924012675,2.06367005178156,28.0824359292737,TRUE,NA
"r",37.6,-2.88337558883786,-0.518185437774091,0.298743197316649,2.0647053511456,28.1138547863061,TRUE,NA
"r",37.65,-2.8844877075684,-0.518215626005726,0.298704544605457,2.06573962487259,28.1452693351132,TRUE,NA
"r",37.7,-2.88559865254646,-0.518245761842474,0.298665965629144,2.06677287519288,28.1766795835779,TRUE,NA
"r",37.75,-2.88670842648835,-0.518275845455659,0.298627460138887,2.0678051043293,28.2080855395588,TRUE,NA
"r",37.8,-2.88781703210061,-0.518305877015688,0.298589027887128,2.06883631449715,28.2394872108904,TRUE,NA
"r",37.85,-2.88892447208008,-0.518335856692209,0.298550668627442,2.06986650790431,28.2708846053832,TRUE,NA
"r",37.9,-2.89003074911392,-0.518365784654043,0.298512382114593,2.07089568675122,28.302277730824,TRUE,NA
"r",37.95,-2.89113586587967,-0.518395661069188,0.298474168104526,2.07192385323094,28.3336665949758,TRUE,NA
"r",38,-2.89223982504538,-0.518425486105013,0.298436026354166,2.07295100952899,28.3650512055786,TRUE,NA
"r",38.05,-2.89334262926928,-0.518455259927598,0.298397956622107,2.07397715782404,28.3964315703468,TRUE,NA
"r",38.1,-2.89444428120041,-0.518484982702688,0.298359958667603,2.07500230028704,28.4278076969737,TRUE,NA
"r",38.15,-2.89554478347825,-0.518514654595115,0.298322032251188,2.07602643908178,28.4591795931281,TRUE,NA
"r",38.2,-2.89664413873293,-0.518544275768903,0.298284177134553,2.07704957636488,28.4905472664558,TRUE,NA
"r",38.25,-2.89774234958522,-0.518573846387315,0.298246393080493,2.07807171428573,28.5219107245797,TRUE,NA
"r",38.3,-2.89883941864656,-0.518603366612843,0.298208679852926,2.07909285498655,28.5532699750991,TRUE,NA
"r",38.35,-2.89993534851915,-0.51863283660716,0.298171037216928,2.08011300060249,28.5846250255909,TRUE,NA
"r",38.4,-2.90103014179598,-0.518662256531241,0.298133464938614,2.08113215326154,28.6159758836088,TRUE,NA
"r",38.45,-2.90212380106087,-0.518691626545251,0.298095962785256,2.08215031508467,28.647322556684,TRUE,NA
"r",38.5,-2.90321632888851,-0.518720946808612,0.298058530525199,2.0831674881858,28.6786650523249,TRUE,NA
"r",38.55,-2.90430772784449,-0.518750217480007,0.298021167927867,2.08418367467184,28.7100033780172,TRUE,NA
"r",38.6,-2.90539800048539,-0.518779438717368,0.297983874763769,2.08519887664275,28.7413375412245,TRUE,NA
"r",38.65,-2.90648714935881,-0.518808610677869,0.297946650804504,2.08621309619157,28.7726675493879,TRUE,NA
"r",38.7,-2.90757517700335,-0.518837733517983,0.297909495822703,2.08722633540438,28.8039934099261,TRUE,NA
"r",38.75,-2.90866208594872,-0.518866807393401,0.297872409592102,2.08823859636043,28.8353151302356,TRUE,NA
"r",38.8,-2.90974787871578,-0.51889583245914,0.297835391887449,2.08924988113209,28.866632717691,TRUE,NA
"r",38.85,-2.91083255781655,-0.518924808869446,0.297798442484576,2.09026019178494,28.8979461796449,TRUE,NA
"r",38.9,-2.91191612575427,-0.518953736777858,0.297761561160352,2.0912695303778,28.9292555234277,TRUE,NA
"r",38.95,-2.91299858502344,-0.518982616337231,0.297724747692646,2.09227789896267,28.9605607563485,TRUE,NA
"r",39,-2.91407993810986,-0.519011447699669,0.297688001860402,2.09328529958488,28.9918618856944,TRUE,NA
"r",39.05,-2.91516018749066,-0.519040231016592,0.297651323443562,2.09429173428304,29.0231589187306,TRUE,NA
"r",39.1,-2.91623933563438,-0.519068966438715,0.297614712223094,2.09529720508912,29.0544518627013,TRUE,NA
"r",39.15,-2.91731738500094,-0.519097654116048,0.297578167980974,2.09630171402841,29.0857407248287,TRUE,NA
"r",39.2,-2.91839433804179,-0.519126294197925,0.297541690500179,2.09730526311965,29.1170255123144,TRUE,NA
"r",39.25,-2.91947019719982,-0.51915488683297,0.297505279564699,2.09830785437497,29.1483062323379,TRUE,NA
"r",39.3,-2.92054496490948,-0.519183432169142,0.297468934959497,2.09930948979995,29.1795828920581,TRUE,NA
"r",39.35,-2.92161864359683,-0.519211930353715,0.297432656470535,2.10031017139367,29.2108554986126,TRUE,NA
"r",39.4,-2.92269123567953,-0.519240381533244,0.297396443884787,2.10130990114873,29.2421240591179,TRUE,NA
"r",39.45,-2.92376274356688,-0.519268785853688,0.29736029699014,2.10230868105121,29.2733885806698,TRUE,NA
"r",39.5,-2.92483316965994,-0.519297143460286,0.297324215575491,2.10330651308083,29.304649070343,TRUE,NA
"r",39.55,-2.92590251635148,-0.51932545449761,0.297288199430708,2.10430339921086,29.3359055351919,TRUE,NA
"r",39.6,-2.92697078602602,-0.519353719109613,0.297252248346583,2.10529934140821,29.3671579822498,TRUE,NA
"r",39.65,-2.92803798105992,-0.519381937439539,0.297216362114905,2.10629434163344,29.3984064185295,TRUE,NA
"r",39.7,-2.92910410382142,-0.519410109630023,0.297180540528371,2.10728840184078,29.4296508510235,TRUE,NA
"r",39.75,-2.93016915667064,-0.519438235823031,0.297144783380639,2.10828152397819,29.4608912867039,TRUE,NA
"r",39.8,-2.9312331419596,-0.519466316159874,0.297109090466316,2.10927370998734,29.4921277325224,TRUE,NA
"r",39.85,-2.93229606203231,-0.519494350781259,0.297073461580898,2.11026496180365,29.5233601954102,TRUE,NA
"r",39.9,-2.93335791922478,-0.519522339827204,0.297037896520866,2.11125528135637,29.5545886822788,TRUE,NA
"r",39.95,-2.93441871586509,-0.519550283437163,0.297002395083547,2.11224467056854,29.5858132000194,TRUE,NA
"r",40,-2.93547845427336,-0.519578181749874,0.296966957067266,2.11323313135705,29.6170337555031,TRUE,NA
"r",40.05,-2.93653713676185,-0.519606034903528,0.296931582271189,2.11422066563265,29.6482503555815,TRUE,NA
"r",40.1,-2.93759476563496,-0.519633843035654,0.296896270495417,2.1152072753,29.6794630070859,TRUE,NA
"r",40.15,-2.93865134318927,-0.519661606283156,0.296861021540959,2.11619296225766,29.7106717168281,TRUE,NA
"r",40.2,-2.93970687171361,-0.519689324782371,0.296825835209674,2.11717772839815,29.7418764916002,TRUE,NA
"r",40.25,-2.94076135348906,-0.519716998668946,0.296790711304381,2.11816157560799,29.7730773381748,TRUE,NA
"r",40.3,-2.94181479078897,-0.519744628078006,0.296755649628707,2.11914450576766,29.8042742633047,TRUE,NA
"r",40.35,-2.94286718587907,-0.519772213144004,0.296720649987214,2.1201265207517,29.8354672737238,TRUE,NA
"r",40.4,-2.94391854101739,-0.519799754000856,0.296685712185285,2.12110762242865,29.866656376146,TRUE,NA
"r",40.45,-2.94496885845445,-0.519827250781819,0.296650836029224,2.1220878126612,29.8978415772665,TRUE,NA
"r",40.5,-2.94601814043312,-0.519854703619585,0.296616021326177,2.1230670933061,29.929022883761,TRUE,NA
"r",40.55,-2.94706638918877,-0.519882112646284,0.296581267884119,2.12404546621423,29.9602003022861,TRUE,NA
"r",40.6,-2.9481136069493,-0.519909477993391,0.296546575511942,2.12502293323064,29.9913738394796,TRUE,NA
"r",40.65,-2.94915979593509,-0.519936799791854,0.296511944019334,2.12599949619454,30.0225435019599,TRUE,NA
"r",40.7,-2.95020495835917,-0.519964078172052,0.296477373216822,2.12697515693934,30.053709296327,TRUE,NA
"r",40.75,-2.95124909642711,-0.519991313263732,0.296442862915814,2.12794991729271,30.0848712291619,TRUE,NA
"r",40.8,-2.95229221233715,-0.52001850519612,0.296408412928516,2.12892377907654,30.1160293070266,TRUE,NA
"r",40.85,-2.9533343082802,-0.520045654097828,0.296374023067997,2.12989674410702,30.1471835364649,TRUE,NA
"r",40.9,-2.95437538643985,-0.520072760096951,0.296339693148104,2.13086881419462,30.1783339240016,TRUE,NA
"r",40.95,-2.9554154489925,-0.520099823320977,0.296305422983547,2.13183999114416,30.2094804761435,TRUE,NA
"r",41,-2.95645449810723,-0.52012684389687,0.296271212389821,2.13281027675479,30.2406231993785,TRUE,NA
"r",41.05,-2.95749253594599,-0.520153821951005,0.296237061183257,2.13377967282006,30.2717621001762,TRUE,NA
"r",41.1,-2.95852956466353,-0.520180757609231,0.296202969180972,2.13474818112788,30.3028971849882,TRUE,NA
"r",41.15,-2.95956558640747,-0.520207650996819,0.296168936200903,2.13571580346061,30.3340284602474,TRUE,NA
"r",41.2,-2.96060060331838,-0.520234502238534,0.296134962061753,2.13668254159505,30.3651559323692,TRUE,NA
"r",41.25,-2.96163461752971,-0.520261311458576,0.296101046583033,2.13764839730244,30.3962796077504,TRUE,NA
"r",41.3,-2.96266763116789,-0.520288078780582,0.296067189585065,2.13861337234858,30.42739949277,TRUE,NA
"r",41.35,-2.96369964635235,-0.520314804327674,0.296033390888934,2.13957746849372,30.4585155937891,TRUE,NA
"r",41.4,-2.96473066519554,-0.520341488222453,0.29599965031649,2.14054068749268,30.4896279171508,TRUE,NA
"r",41.45,-2.96576068980298,-0.520368130586967,0.295965967690377,2.14150303109482,30.5207364691807,TRUE,NA
"r",41.5,-2.96678972227326,-0.520394731542738,0.29593234283401,2.1424645010441,30.5518412561863,TRUE,NA
"r",41.55,-2.96781776469813,-0.520421291210774,0.295898775571556,2.14342509907909,30.5829422844578,TRUE,NA
"r",41.6,-2.96884481916242,-0.52044780971156,0.295865265727954,2.14438482693298,30.6140395602675,TRUE,NA
"r",41.65,-2.96987088774421,-0.520474287165043,0.295831813128902,2.14534368633361,30.6451330898706,TRUE,NA
"r",41.7,-2.97089597251476,-0.520500723690664,0.295798417600853,2.14630167900351,30.6762228795044,TRUE,NA
"r",41.75,-2.97192007553859,-0.520527119407381,0.295765078970979,2.14725880665988,30.7073089353893,TRUE,NA
"r",41.8,-2.97294319887346,-0.520553474433583,0.295731797067252,2.14821507101467,30.738391263728,TRUE,NA
"r",41.85,-2.97396534457046,-0.520579788887211,0.295698571718326,2.14917047377455,30.7694698707061,TRUE,NA
"r",41.9,-2.97498651467399,-0.520606062885643,0.295665402753643,2.15012501664095,30.8005447624921,TRUE,NA
"r",41.95,-2.97600671122184,-0.520632296545809,0.295632290003341,2.15107870131011,30.8316159452375,TRUE,NA
"r",42,-2.97702593624515,-0.520658489984104,0.295599233298304,2.15203152947304,30.8626834250763,TRUE,NA
"r",42.05,-2.97804419176851,-0.520684643316452,0.295566232470126,2.15298350281558,30.8937472081261,TRUE,NA
"r",42.1,-2.97906147980993,-0.520710756658259,0.295533287351141,2.15393462301847,30.9248073004874,TRUE,NA
"r",42.15,-2.98007780238093,-0.520736830124453,0.295500397774391,2.15488489175728,30.9558637082436,TRUE,NA
"r",42.2,-2.98109316148653,-0.520762863829489,0.295467563573612,2.15583431070245,30.9869164374617,TRUE,NA
"r",42.25,-2.98210755912523,-0.520788857887308,0.295434784583278,2.15678288151937,31.0179654941919,TRUE,NA
"r",42.3,-2.98312099728917,-0.52081481241138,0.29540206063856,2.15773060586837,31.0490108844675,TRUE,NA
"r",42.35,-2.98413347796403,-0.520840727514717,0.295369391575305,2.1586774854047,31.0800526143057,TRUE,NA
"r",42.4,-2.98514500312911,-0.520866603309796,0.295336777230111,2.15962352177861,31.1110906897067,TRUE,NA
"r",42.45,-2.98615557475738,-0.520892439908709,0.295304217440187,2.16056871663533,31.1421251166546,TRUE,NA
"r",42.5,-2.98716519481546,-0.520918237422979,0.295271712043519,2.16151307161511,31.1731559011169,TRUE,NA
"r",42.55,-2.98817386526369,-0.520943995963744,0.295239260878713,2.16245658835326,31.2041830490449,TRUE,NA
"r",42.6,-2.98918158805612,-0.520969715641619,0.295206863785089,2.16339926848012,31.2352065663737,TRUE,NA
"r",42.65,-2.99018836514055,-0.520995396566753,0.295174520602661,2.16434111362111,31.266226459022,TRUE,NA
"r",42.7,-2.99119419845862,-0.521021038848899,0.295142231172057,2.16528212539677,31.2972427328925,TRUE,NA
"r",42.75,-2.9921990899457,-0.521046642597275,0.295109995334639,2.16622230542274,31.3282553938719,TRUE,NA
"r",42.8,-2.99320304153104,-0.521072207920683,0.2950778129324,2.16716165530978,31.3592644478307,TRUE,NA
"r",42.85,-2.99420605513775,-0.521097734927472,0.295045683808001,2.16810017666385,31.3902699006236,TRUE,NA
"r",42.9,-2.99520813268282,-0.521123223725532,0.295013607804772,2.16903787108605,31.4212717580893,TRUE,NA
"r",42.95,-2.99620927607716,-0.521148674422273,0.294981584766714,2.1699747401727,31.4522700260508,TRUE,NA
"r",43,-2.99720948722562,-0.521174087124723,0.294949614538435,2.17091078551533,31.4832647103153,TRUE,NA
"r",43.05,-2.99820876802703,-0.521199461939415,0.294917696965235,2.1718460087007,31.5142558166742,TRUE,NA
"r",43.1,-2.99920712037421,-0.521224798972453,0.294885831893046,2.17278041131083,31.5452433509034,TRUE,NA
"r",43.15,-3.00020454615397,-0.521250098329518,0.294854019168429,2.173713994923,31.576227318763,TRUE,NA
"r",43.2,-3.00120104724721,-0.521275360115836,0.294822258638607,2.17464676110983,31.6072077259978,TRUE,NA
"r",43.25,-3.00219662552888,-0.521300584436216,0.29479055015141,2.17557871143919,31.638184578337,TRUE,NA
"r",43.3,-3.00319128286802,-0.521325771395018,0.29475889355533,2.17650984747432,31.6691578814945,TRUE,NA
"r",43.35,-3.00418502112781,-0.521350921096164,0.294727288699478,2.17744017077382,31.7001276411687,TRUE,NA
"r",43.4,-3.00517784216554,-0.521376033643169,0.294695735433585,2.17836968289161,31.7310938630427,TRUE,NA
"r",43.45,-3.00616974783271,-0.52140110913914,0.294664233607988,2.17929838537705,31.7620565527846,TRUE,NA
"r",43.5,-3.00716073997501,-0.521426147686714,0.294632783073677,2.18022627977487,31.7930157160471,TRUE,NA
"r",43.55,-3.00815082043236,-0.521451149388152,0.294601383682224,2.18115336762526,31.8239713584679,TRUE,NA
"r",43.6,-3.00913999103887,-0.52147611434527,0.29457003528584,2.18207965046382,31.8549234856694,TRUE,NA
"r",43.65,-3.01012825362298,-0.521501042659473,0.294538737737333,2.18300512982163,31.8858721032594,TRUE,NA
"r",43.7,-3.0111156100074,-0.521525934431752,0.294507490890113,2.18392980722522,31.9168172168303,TRUE,NA
"r",43.75,-3.01210206200918,-0.521550789762702,0.294476294598198,2.18485368419669,31.94775883196,TRUE,NA
"r",43.8,-3.01308761143967,-0.52157560875248,0.294445148716206,2.18577676225356,31.9786969542112,TRUE,NA
"r",43.85,-3.01407226010464,-0.521600391500882,0.294414053099332,2.18669904290896,32.0096315891323,TRUE,NA
"r",43.9,-3.01505600980418,-0.521625138107254,0.294383007603387,2.18762052767152,32.0405627422563,TRUE,NA
"r",43.95,-3.01603886233288,-0.521649848670549,0.294352012084774,2.18854121804549,32.0714904191022,TRUE,NA
"r",44,-3.01702081947969,-0.521674523289316,0.294321066400478,2.18946111553066,32.1024146251739,TRUE,NA
"r",44.05,-3.01800188302808,-0.521699162061755,0.29429017040803,2.19038022162243,32.133335365961,TRUE,NA
"r",44.1,-3.01898205475595,-0.521723765085615,0.29425932396559,2.19129853781187,32.1642526469385,TRUE,NA
"r",44.15,-3.01996133643575,-0.521748332458241,0.294228526931898,2.19221606558563,32.1951664735668,TRUE,NA
"r",44.2,-3.02093972983446,-0.52177286427666,0.294197779166203,2.19313280642603,32.2260768512923,TRUE,NA
"r",44.25,-3.02191723671358,-0.521797360637419,0.294167080528413,2.1940487618111,32.2569837855466,TRUE,NA
"r",44.3,-3.0228938588292,-0.521821821636729,0.29413643087895,2.19496393321451,32.2878872817473,TRUE,NA
"r",44.35,-3.02386959793203,-0.521846247370428,0.294105830078799,2.1958783221057,32.3187873452977,TRUE,NA
"r",44.4,-3.02484445576738,-0.521870637933934,0.294075277989527,2.19679192994975,32.3496839815866,TRUE,NA
"r",44.45,-3.0258184340752,-0.521894993422301,0.294044774473259,2.19770475820757,32.3805771959893,TRUE,NA
"r",44.5,-3.02679153459011,-0.521919313930189,0.29401431939267,2.19861680833574,32.4114669938664,TRUE,NA
"r",44.55,-3.02776375904142,-0.521943599551892,0.293983912611,2.19952808178671,32.4423533805647,TRUE,NA
"r",44.6,-3.02873510915319,-0.521967850381354,0.293953553992008,2.20043858000866,32.4732363614172,TRUE,NA
"r",44.65,-3.02970558664412,-0.521992066512089,0.29392324340004,2.20134830444558,32.5041159417426,TRUE,NA
"r",44.7,-3.03067519322776,-0.522016248037306,0.293892980699943,2.2022572565373,32.5349921268461,TRUE,NA
"r",44.75,-3.03164393061237,-0.522040395049768,0.293862765757164,2.20316543771949,32.5658649220188,TRUE,NA
"r",44.8,-3.03261180050103,-0.522064507641918,0.293832598437657,2.20407284942368,32.5967343325381,TRUE,NA
"r",44.85,-3.03357880459166,-0.522088585905847,0.293802478607892,2.20497949307727,32.6276003636678,TRUE,NA
"r",44.9,-3.03454494457698,-0.522112629933243,0.293772406134903,2.20588537010354,32.6584630206577,TRUE,NA
"r",44.95,-3.03551022214461,-0.522136639815451,0.293742380886249,2.20679048192169,32.6893223087445,TRUE,NA
"r",45,-3.03647463897701,-0.522160615643457,0.293712402730012,2.20769482994684,32.7201782331506,TRUE,NA
"r",45.05,-3.03743819675159,-0.522184557507869,0.293682471534816,2.20859841559004,32.7510307990856,TRUE,NA
"r",45.1,-3.03840089714065,-0.522208465499003,0.29365258716975,2.20950124025829,32.7818800117451,TRUE,NA
"r",45.15,-3.03936274181145,-0.522232339706714,0.293622749504519,2.21040330535457,32.8127258763116,TRUE,NA
"r",45.2,-3.04032373242623,-0.522256180220627,0.293592958409235,2.21130461227784,32.8435683979542,TRUE,NA
"r",45.25,-3.04128387064218,-0.522279987129877,0.293563213754649,2.21220516242307,32.8744075818283,TRUE,NA
"r",45.3,-3.04224315811151,-0.522303760523373,0.293533515411916,2.21310495718122,32.9052434330763,TRUE,NA
"r",45.35,-3.0432015964815,-0.522327500489624,0.293503863252747,2.21400399793933,32.9360759568276,TRUE,NA
"r",45.4,-3.04415918739442,-0.522351207116796,0.293474257149355,2.21490228608041,32.9669051581979,TRUE,NA
"r",45.45,-3.04511593248765,-0.522374880492717,0.293444696974457,2.21579982298362,32.9977310422901,TRUE,NA
"r",45.5,-3.04607183339361,-0.522398520704847,0.293415182601286,2.21669661002411,33.0285536141939,TRUE,NA
"r",45.55,-3.04702689173988,-0.522422127840346,0.29338571390355,2.2175926485732,33.059372878986,TRUE,NA
"r",45.6,-3.04798110914917,-0.522445701986033,0.293356290755453,2.21848793999828,33.0901888417302,TRUE,NA
"r",45.65,-3.04893448723927,-0.522469243228341,0.293326913031728,2.21938248566285,33.121001507477,TRUE,NA
"r",45.7,-3.04988702762321,-0.522492751653434,0.293297580607552,2.22027628692658,33.1518108812644,TRUE,NA
"r",45.75,-3.05083873190919,-0.522516227347094,0.293268293358626,2.22116934514526,33.1826169681173,TRUE,NA
"r",45.8,-3.05178960170057,-0.522539670394784,0.293239051161132,2.22206166167086,33.2134197730477,TRUE,NA
"r",45.85,-3.05273963859603,-0.522563080881653,0.29320985389172,2.22295323785155,33.2442193010555,TRUE,NA
"r",45.9,-3.05368884418938,-0.522586458892521,0.293180701427527,2.22384407503166,33.2750155571267,TRUE,NA
"r",45.95,-3.05463722006981,-0.522609804511855,0.293151593646183,2.22473417455177,33.3058085462358,TRUE,NA
"r",46,-3.05558476782169,-0.522633117823798,0.2931225304258,2.22562353774865,33.336598273344,TRUE,NA
"r",46.05,-3.05653148902476,-0.522656398912202,0.293093511644943,2.22651216595532,33.3673847433999,TRUE,NA
"r",46.1,-3.05747738525407,-0.522679647860589,0.293064537182638,2.22740006050108,33.3981679613401,TRUE,NA
"r",46.15,-3.05842245808,-0.522702864752147,0.293035606918413,2.22828722271144,33.4289479320881,TRUE,NA
"r",46.2,-3.05936670906829,-0.522726049669742,0.293006720732257,2.22917365390828,33.4597246605554,TRUE,NA
"r",46.25,-3.06031013978003,-0.52274920269593,0.292977878504618,2.23005935540967,33.4904981516405,TRUE,NA
"r",46.3,-3.06125275177178,-0.522772323912971,0.29294908011639,2.23094432853008,33.5212684102303,TRUE,NA
"r",46.35,-3.06219454659546,-0.522795413402799,0.292920325448943,2.23182857458026,33.552035441199,TRUE,NA
"r",46.4,-3.06313552579841,-0.522818471247002,0.292891614384129,2.23271209486731,33.5827992494083,TRUE,NA
"r",46.45,-3.0640756909235,-0.522841497526899,0.292862946804219,2.2335948906947,33.6135598397083,TRUE,NA
"r",46.5,-3.06501504350894,-0.522864492323512,0.292834322591936,2.2344769633622,33.6443172169361,TRUE,NA
"r",46.55,-3.06595358508854,-0.522887455717498,0.292805741630496,2.23535831416604,33.6750713859173,TRUE,NA
"r",46.6,-3.06689131719161,-0.522910387789262,0.292777203803521,2.23623894439883,33.7058223514653,TRUE,NA
"r",46.65,-3.0678282413429,-0.522933288618882,0.292748708995099,2.23711885534953,33.7365701183811,TRUE,NA
"r",46.7,-3.06876435906278,-0.522956158286149,0.292720257089746,2.23799804830357,33.767314691454,TRUE,NA
"r",46.75,-3.06969967186711,-0.522978996870506,0.292691847972468,2.2388765245428,33.7980560754611,TRUE,NA
"r",46.8,-3.07063418126742,-0.523001804451183,0.292663481528627,2.23975428534551,33.8287942751678,TRUE,NA
"r",46.85,-3.07156788877077,-0.523024581107019,0.292635157644114,2.2406313319865,33.8595292953277,TRUE,NA
"r",46.9,-3.07250079587981,-0.523047326916604,0.292606876205205,2.24150766573697,33.890261140682,TRUE,NA
"r",46.95,-3.0734329040929,-0.523070041958255,0.292578637098595,2.24238328786467,33.9209898159609,TRUE,NA
"r",47,-3.07436421490394,-0.523092726309914,0.292550440211482,2.24325819963379,33.9517153258819,TRUE,NA
"r",47.05,-3.07529472980259,-0.523115380049317,0.292522285431415,2.24413240230509,33.9824376751516,TRUE,NA
"r",47.1,-3.07622445027416,-0.523138003253878,0.292494172646399,2.24500589713583,34.0131568684646,TRUE,NA
"r",47.15,-3.07715337779961,-0.523160596000705,0.292466101744877,2.24587868537981,34.0438729105036,TRUE,NA
"r",47.2,-3.07808151385568,-0.523183158366649,0.292438072615697,2.24675076828738,34.0745858059401,TRUE,NA
"r",47.25,-3.0790088599148,-0.523205690428239,0.292410085148144,2.24762214710547,34.1052955594339,TRUE,NA
"r",47.3,-3.07993541744517,-0.523228192261748,0.29238213923191,2.24849282307758,34.1360021756331,TRUE,NA
"r",47.35,-3.08086118791074,-0.523250663943151,0.292354234757109,2.2493627974438,34.1667056591748,TRUE,NA
"r",47.4,-3.08178617277124,-0.523273105548142,0.29232637161427,2.25023207144083,34.197406014684,TRUE,NA
"r",47.45,-3.08271037348223,-0.52329551715215,0.292298549694325,2.25110064630197,34.228103246775,TRUE,NA
"r",47.5,-3.083633791495,-0.523317898830277,0.292270768888654,2.25196852325716,34.2587973600498,TRUE,NA
"r",47.55,-3.08455642825678,-0.523340250657436,0.292243029088967,2.25283570353298,34.2894883591002,TRUE,NA
"r",47.6,-3.08547828521059,-0.523362572708156,0.292215330187476,2.25370218835269,34.3201762485061,TRUE,NA
"r",47.65,-3.08639936379529,-0.523384865056755,0.292187672076746,2.25456797893615,34.350861032836,TRUE,NA
"r",47.7,-3.08731966544568,-0.523407127777285,0.292160054649727,2.25543307649997,34.3815427166477,TRUE,NA
"r",47.75,-3.08823919159238,-0.52342936094349,0.292132477799819,2.25629748225741,34.4122213044872,TRUE,NA
"r",47.8,-3.089157943662,-0.523451564628848,0.292104941420792,2.25716119741843,34.44289680089,TRUE,NA
"r",47.85,-3.09007592307701,-0.523473738906602,0.292077445406807,2.25802422318974,34.4735692103803,TRUE,NA
"r",47.9,-3.09099313125585,-0.523495883849666,0.292049989652451,2.25888656077474,34.5042385374709,TRUE,NA
"r",47.95,-3.09190956961295,-0.523517999530737,0.292022574052676,2.2597482113736,34.5349047866642,TRUE,NA
"r",48,-3.09282523955865,-0.523540086022254,0.291995198502811,2.2606091761832,34.565567962451,TRUE,NA
"r",48.05,-3.0937401424993,-0.523562143396316,0.29196786289864,2.26146945639722,34.5962280693116,TRUE,NA
"r",48.1,-3.0946542798373,-0.523584171724855,0.291940567136254,2.26232905320611,34.6268851117153,TRUE,NA
"r",48.15,-3.09556765297102,-0.523606171079466,0.291913311112193,2.2631879677971,34.6575390941205,TRUE,NA
"r",48.2,-3.09648026329489,-0.523628141531533,0.291886094723338,2.26404620135422,34.6881900209748,TRUE,NA
"r",48.25,-3.09739211219936,-0.523650083152129,0.291858917866989,2.26490375505829,34.7188378967148,TRUE,NA
"r",48.3,-3.09830320107097,-0.523671996012114,0.291831780440798,2.265760630087,34.7494827257666,TRUE,NA
"r",48.35,-3.09921353129238,-0.523693880182084,0.291804682342793,2.26661682761482,34.7801245125458,TRUE,NA
"r",48.4,-3.10012310424225,-0.523715735732364,0.291777623471399,2.2674723488131,34.8107632614566,TRUE,NA
"r",48.45,-3.10103192129546,-0.523737562733035,0.291750603725396,2.26832719485004,34.8413989768934,TRUE,NA
"r",48.5,-3.1019399838229,-0.523759361253891,0.291723623003978,2.26918136689069,34.8720316632392,TRUE,NA
"r",48.55,-3.1028472931917,-0.52378113136453,0.291696681206652,2.270034866097,34.902661324867,TRUE,NA
"r",48.6,-3.10375385076512,-0.523802873134259,0.29166977823333,2.27088769362782,34.9332879661393,TRUE,NA
"r",48.65,-3.10465965790254,-0.523824586632136,0.291642913984297,2.27173985063886,34.9639115914076,TRUE,NA
"r",48.7,-3.1055647159596,-0.523846271927004,0.291616088360171,2.2725913382828,34.9945322050132,TRUE,NA
"r",48.75,-3.10646902628806,-0.523867929087432,0.291589301261952,2.27344215770917,35.0251498112871,TRUE,NA
"r",48.8,-3.10737259023597,-0.523889558181724,0.291562552591026,2.27429231006451,35.0557644145498,TRUE,NA
"r",48.85,-3.10827540914757,-0.523911159277967,0.291535842249114,2.27514179649229,35.0863760191115,TRUE,NA
"r",48.9,-3.10917748436333,-0.523932732444016,0.291509170138277,2.27599061813288,35.1169846292719,TRUE,NA
"r",48.95,-3.11007881722001,-0.523954277747445,0.291482536160981,2.2768387761237,35.1475902493207,TRUE,NA
"r",49,-3.11097940905061,-0.523975795255599,0.291455940220023,2.27768627159909,35.1781928835369,TRUE,NA
"r",49.05,-3.11187926118441,-0.523997285035598,0.291429382218549,2.27853310569039,35.2087925361896,TRUE,NA
"r",49.1,-3.11277837494707,-0.524018747154324,0.291402862060052,2.279379279526,35.2393892115381,TRUE,NA
"r",49.15,-3.11367675166043,-0.524040181678395,0.291376379648401,2.28022479423124,35.2699829138307,TRUE,NA
"r",49.2,-3.11457439264278,-0.52406158867421,0.291349934887798,2.28106965092854,35.3005736473061,TRUE,NA
"r",49.25,-3.11547129920864,-0.524082968207936,0.291323527682777,2.28191385073725,35.3311614161928,TRUE,NA
"r",49.3,-3.116367472669,-0.524104320345474,0.291297157938264,2.28275739477391,35.3617462247094,TRUE,NA
"r",49.35,-3.11726291433113,-0.524125645152533,0.291270825559482,2.283600284152,35.3923280770642,TRUE,NA
"r",49.4,-3.11815762549872,-0.524146942694564,0.291244530452015,2.28444251998212,35.4229069774559,TRUE,NA
"r",49.45,-3.11905160747187,-0.524168213036798,0.291218272521787,2.28528410337194,35.4534829300729,TRUE,NA
"r",49.5,-3.11994486154702,-0.524189456244201,0.291192051675082,2.28612503542617,35.4840559390937,TRUE,NA
"r",49.55,-3.12083738901711,-0.52421067238159,0.291165867818461,2.28696531724669,35.5146260086871,TRUE,NA
"r",49.6,-3.12172919117149,-0.524231861513447,0.291139720858906,2.28780494993244,35.5451931430122,TRUE,NA
"r",49.65,-3.12262026929593,-0.524253023704138,0.291113610703639,2.28864393457946,35.5757573462178,TRUE,NA
"r",49.7,-3.12351062467272,-0.524274159017679,0.291087537260321,2.28948227228099,35.6063186224434,TRUE,NA
"r",49.75,-3.12440025858056,-0.524295267517995,0.291061500436835,2.29031996412733,35.6368769758183,TRUE,NA
"r",49.8,-3.12528917229468,-0.524316349268653,0.291035500141502,2.29115701120597,35.6674324104624,TRUE,NA
"r",49.85,-3.12617736708684,-0.524337404333113,0.291009536282876,2.29199341460156,35.697984930486,TRUE,NA
"r",49.9,-3.12706484422522,-0.52435843277453,0.290983608769901,2.29282917539589,35.7285345399893,TRUE,NA
"r",49.95,-3.12795160497464,-0.524379434655891,0.290957717511811,2.29366429466795,35.7590812430634,TRUE,NA
"r",50,-3.12883765059636,-0.524400410039942,0.290931862418176,2.2944987734939,35.7896250437894,TRUE,NA
"r",50.05,-3.12972298234826,-0.524421358989203,0.2909060433989,2.29533261294712,35.8201659462389,TRUE,NA
"r",50.1,-3.13060760148479,-0.524442281565978,0.290880260364196,2.2961658140982,35.8507039544744,TRUE,NA
"r",50.15,-3.13149150925693,-0.524463177832362,0.290854513224592,2.29699837801491,35.8812390725483,TRUE,NA
"r",50.2,-3.13237470691229,-0.524484047850233,0.290828801890946,2.29783030576229,35.9117713045039,TRUE,NA
"r",50.25,-3.13325719569504,-0.524504891681246,0.290803126274429,2.29866159840259,35.9423006543747,TRUE,NA
"r",50.3,-3.13413897684605,-0.524525709386859,0.290777486286509,2.29949225699533,35.9728271261856,TRUE,NA
"r",50.35,-3.13502005160274,-0.524546501028286,0.290751881839009,2.30032228259727,36.0033507239512,TRUE,NA
"r",50.4,-3.1359004211992,-0.52456726666656,0.290726312844018,2.30115167626242,36.0338714516773,TRUE,NA
"r",50.45,-3.13678008686619,-0.524588006362509,0.290700779213949,2.30198043904211,36.0643893133602,TRUE,NA
"r",50.5,-3.1376590498311,-0.524608720176702,0.290675280861547,2.3028085719849,36.094904312987,TRUE,NA
"r",50.55,-3.13853731131803,-0.524629408169531,0.290649817699857,2.30363607613672,36.1254164545354,TRUE,NA
"r",50.6,-3.13941487254778,-0.524650070401183,0.290624389642216,2.30446295254074,36.1559257419742,TRUE,NA
"r",50.65,-3.1402917347378,-0.524670706931658,0.290598996602248,2.30528920223744,36.1864321792625,TRUE,NA
"r",50.7,-3.14116789910232,-0.524691317820701,0.290573638493931,2.30611482626469,36.2169357703509,TRUE,NA
"r",50.75,-3.14204336685224,-0.524711903127857,0.290548315231527,2.30693982565761,36.2474365191801,TRUE,NA
"r",50.8,-3.14291813919523,-0.524732462912498,0.290523026729587,2.30776420144873,36.2779344296824,TRUE,NA
"r",50.85,-3.14379221733574,-0.524752997233801,0.290497772902943,2.3085879546679,36.3084295057808,TRUE,NA
"r",50.9,-3.14466560247491,-0.524773506150689,0.290472553666772,2.30941108634231,36.3389217513889,TRUE,NA
"r",50.95,-3.14553829581072,-0.524793989721939,0.290447368936502,2.31023359749655,36.3694111704118,TRUE,NA
"r",51,-3.14641029853788,-0.524814448006059,0.29042221862792,2.3110554891526,36.3998977667452,TRUE,NA
"r",51.05,-3.14728161184796,-0.524834881061438,0.290397102657024,2.31187676232978,36.4303815442763,TRUE,NA
"r",51.1,-3.1481522369293,-0.524855288946211,0.290372020940161,2.31269741804486,36.4608625068829,TRUE,NA
"r",51.15,-3.14902217496706,-0.524875671718327,0.290346973393962,2.31351745731198,36.4913406584343,TRUE,NA
"r",51.2,-3.14989142714325,-0.524896029435544,0.29032195993534,2.31433688114271,36.5218160027906,TRUE,NA
"r",51.25,-3.15075999463673,-0.524916362155431,0.290296980481484,2.31515569054603,36.5522885438032,TRUE,NA
"r",51.3,-3.15162787862317,-0.524936669935324,0.29027203494991,2.31597388652837,36.5827582853148,TRUE,NA
"r",51.35,-3.15249508027519,-0.524956952832414,0.290247123258379,2.31679147009359,36.6132252311593,TRUE,NA
"r",51.4,-3.15336160076221,-0.524977210903645,0.290222245324973,2.31760844224301,36.6436893851616,TRUE,NA
"r",51.45,-3.15422744125057,-0.524997444205851,0.290197401068003,2.3184248039754,36.6741507511382,TRUE,NA
"r",51.5,-3.15509260290351,-0.525017652795581,0.290172590406123,2.31924055628698,36.7046093328964,TRUE,NA
"r",51.55,-3.15595708688117,-0.525037836729255,0.29014781325823,2.32005570017148,36.7350651342355,TRUE,NA
"r",51.6,-3.15682089434067,-0.525057996063062,0.290123069543531,2.32087023662013,36.7655181589458,TRUE,NA
"r",51.65,-3.15768402643597,-0.525078130853032,0.290098359181484,2.32168416662158,36.7959684108089,TRUE,NA
"r",51.7,-3.15854648431805,-0.525098241154995,0.290073682091832,2.32249749116206,36.826415893598,TRUE,NA
"r",51.75,-3.15940826913483,-0.525118327024581,0.290049038194611,2.32331021122526,36.8568606110775,TRUE,NA
"r",51.8,-3.16026938203117,-0.525138388517257,0.290024427410107,2.32412232779241,36.8873025670037,TRUE,NA
"r",51.85,-3.16112982414896,-0.525158425688308,0.289999849658878,2.32493384184228,36.917741765124,TRUE,NA
"r",51.9,-3.161989596627,-0.525178438592798,0.28997530486179,2.32574475435115,36.9481782091774,TRUE,NA
"r",51.95,-3.16284870060118,-0.52519842728562,0.289950792939959,2.32655506629288,36.9786119028946,TRUE,NA
"r",52,-3.16370713720432,-0.525218391821513,0.289926313814748,2.32736477863881,37.0090428499976,TRUE,NA
"r",52.05,-3.16456490756632,-0.525238332254981,0.289901867407844,2.32817389235795,37.0394710542003,TRUE,NA
"r",52.1,-3.16542201281412,-0.525258248640408,0.289877453641133,2.3289824084168,37.0698965192082,TRUE,NA
"r",52.15,-3.16627845407161,-0.525278141031954,0.289853072436815,2.32979032777943,37.1003192487181,TRUE,NA
"r",52.2,-3.16713423245985,-0.52529800948359,0.289828723717358,2.33059765140757,37.1307392464191,TRUE,NA
"r",52.25,-3.16798934909688,-0.525317854049137,0.289804407405477,2.33140438026049,37.1611565159913,TRUE,NA
"r",52.3,-3.16884380509783,-0.525337674782242,0.289780123424133,2.33221051529504,37.1915710611069,TRUE,NA
"r",52.35,-3.16969760157498,-0.525357471736336,0.289755871696588,2.33301605746577,37.2219828854302,TRUE,NA
"r",52.4,-3.1705507396376,-0.525377244964708,0.289731652146341,2.33382100772475,37.2523919926166,TRUE,NA
"r",52.45,-3.17140322039216,-0.525396994520468,0.289707464697139,2.33462536702173,37.2827983863138,TRUE,NA
"r",52.5,-3.17225504494215,-0.525416720456509,0.289683309273034,2.33542913630409,37.3132020701609,TRUE,NA
"r",52.55,-3.17310621438827,-0.525436422825601,0.289659185798287,2.33623231651684,37.3436030477895,TRUE,NA
"r",52.6,-3.17395672982833,-0.525456101680327,0.289635094197427,2.33703490860266,37.3740013228226,TRUE,NA
"r",52.65,-3.17480659235728,-0.525475757073084,0.289611034395243,2.33783691350186,37.4043968988752,TRUE,NA
"r",52.7,-3.17565580306722,-0.525495389056075,0.289587006316807,2.33863833215247,37.4347897795545,TRUE,NA
"r",52.75,-3.17650436304738,-0.525514997681388,0.289563009887386,2.33943916549011,37.4651799684591,TRUE,NA
"r",52.8,-3.17735227338426,-0.525534583000894,0.289539045032542,2.34023941444817,37.4955674691801,TRUE,NA
"r",52.85,-3.17819953516147,-0.525554145066317,0.28951511167807,2.34103907995767,37.5259522853006,TRUE,NA
"r",52.9,-3.17904614945984,-0.52557368392919,0.289491209750027,2.34183816294736,37.5563344203954,TRUE,NA
"r",52.95,-3.17989211735741,-0.52559319964091,0.289467339174689,2.34263666434367,37.5867138780318,TRUE,NA
"r",53,-3.1807374399294,-0.525612692252676,0.289443499878616,2.34343458507077,37.6170906617687,TRUE,NA
"r",53.05,-3.18158211824832,-0.525632161815517,0.289419691788606,2.34423192605054,37.6474647751575,TRUE,NA
"r",53.1,-3.18242615338386,-0.525651608380329,0.28939591483168,2.34502868820258,37.6778362217416,TRUE,NA
"r",53.15,-3.18326954640297,-0.525671031997813,0.289372168935123,2.34582487244425,37.7082050050566,TRUE,NA
"r",53.2,-3.18411229836986,-0.525690432718502,0.289348454026467,2.34662047969062,37.7385711286302,TRUE,NA
"r",53.25,-3.18495441034599,-0.525709810592778,0.289324770033475,2.34741551085453,37.7689345959824,TRUE,NA
"r",53.3,-3.18579588339012,-0.525729165670876,0.289301116884135,2.34820996684657,37.7992954106254,TRUE,NA
"r",53.35,-3.18663671855828,-0.525748498002825,0.289277494506713,2.34900384857514,37.8296535760639,TRUE,NA
"r",53.4,-3.18747691690374,-0.525767807638531,0.289253902829681,2.34979715694633,37.8600090957942,TRUE,NA
"r",53.45,-3.18831647947718,-0.525787094627719,0.289230341781764,2.35058989286408,37.8903619733058,TRUE,NA
"r",53.5,-3.1891554073265,-0.525806359019937,0.289206811291941,2.35138205723012,37.9207122120799,TRUE,NA
"r",53.55,-3.18999370149694,-0.525825600864626,0.289183311289371,2.3521736509439,37.9510598155901,TRUE,NA
"r",53.6,-3.1908313630311,-0.52584482021099,0.28915984170353,2.35296467490277,37.9814047873029,TRUE,NA
"r",53.65,-3.19166839296889,-0.525864017108135,0.289136402464056,2.35375513000182,38.0117471306766,TRUE,NA
"r",53.7,-3.19250479234759,-0.52588319160501,0.289112993500841,2.35454501713401,38.0420868491623,TRUE,NA
"r",53.75,-3.19334056220179,-0.525902343750367,0.289089614744027,2.35533433719008,38.0724239462032,TRUE,NA
"r",53.8,-3.19417570356351,-0.525921473592828,0.289066266123962,2.35612309105861,38.1027584252355,TRUE,NA
"r",53.85,-3.19501021746211,-0.52594058118085,0.289042947571244,2.35691127962605,38.1330902896873,TRUE,NA
"r",53.9,-3.19584410492433,-0.525959666562735,0.289019659016687,2.35769890377666,38.1634195429796,TRUE,NA
"r",53.95,-3.19667736697434,-0.525978729786606,0.288996400391364,2.3584859643926,38.193746188526,TRUE,NA
"r",54,-3.19751000463364,-0.525997770900501,0.288973171626504,2.3592724623538,38.2240702297322,TRUE,NA
"r",54.05,-3.19834201892122,-0.526016789952249,0.288949972653622,2.36005839853817,38.2543916699971,TRUE,NA
"r",54.1,-3.19917341085346,-0.526035786989515,0.288926803404459,2.36084377382142,38.2847105127117,TRUE,NA
"r",54.15,-3.20000418144415,-0.526054762059843,0.288903663810953,2.36162858907717,38.31502676126,TRUE,NA
"r",54.2,-3.20083433170454,-0.526073715210621,0.288880553805273,2.36241284517692,38.3453404190185,TRUE,NA
"r",54.25,-3.20166386264334,-0.526092646489099,0.288857473319795,2.36319654299006,38.3756514893563,TRUE,NA
"r",54.3,-3.20249277526666,-0.526111555942315,0.28883442228717,2.36397968338389,38.4059599756351,TRUE,NA
"r",54.35,-3.20332107057816,-0.526130443617241,0.288811400640204,2.36476226722363,38.43626588121,TRUE,NA
"r",54.4,-3.20414874957886,-0.52614930956064,0.288788408311965,2.36554429537238,38.4665692094278,TRUE,NA
"r",54.45,-3.20497581326739,-0.52616815381913,0.288765445235737,2.36632576869123,38.496869963629,TRUE,NA
"r",54.5,-3.20580226263976,-0.526186976439234,0.288742511344977,2.3671066880391,38.5271681471462,TRUE,NA
"r",54.55,-3.20662809868956,-0.526205777467264,0.28871960657342,2.36788705427294,38.5574637633054,TRUE,NA
"r",54.6,-3.20745332240784,-0.526224556949434,0.288696730854965,2.36866686824761,38.5877568154251,TRUE,NA
"r",54.65,-3.20827793478316,-0.526243314931774,0.288673884123763,2.36944613081587,38.6180473068165,TRUE,NA
"r",54.7,-3.20910193680164,-0.526262051460176,0.288651066314171,2.37022484282853,38.6483352407841,TRUE,NA
"r",54.75,-3.20992532944691,-0.526280766580416,0.288628277360741,2.3710030051343,38.6786206206249,TRUE,NA
"r",54.8,-3.21074811370012,-0.526299460338094,0.288605517198251,2.37178061857986,38.7089034496289,TRUE,NA
"r",54.85,-3.21157029054006,-0.526318132778685,0.288582785761686,2.3725576840099,38.7391837310796,TRUE,NA
"r",54.9,-3.21239186094295,-0.526336783947499,0.288560082986252,2.37333420226706,38.7694614682525,TRUE,NA
"r",54.95,-3.21321282588267,-0.526355413889754,0.288537408807331,2.37411017419198,38.7997366644169,TRUE,NA
"r",55,-3.21403318633062,-0.526374022650447,0.28851476316057,2.37488560062331,38.8300093228346,TRUE,NA
"r",55.05,-3.21485294325581,-0.526392610274495,0.288492145981776,2.37566048239768,38.8602794467606,TRUE,NA
"r",55.1,-3.21567209762486,-0.526411176806669,0.28846955720697,2.37643482034976,38.8905470394431,TRUE,NA
"r",55.15,-3.21649065040193,-0.52642972229157,0.288446996772403,2.37720861531218,38.9208121041231,TRUE,NA
"r",55.2,-3.21730860254886,-0.526448246773686,0.288424464614503,2.37798186811566,38.9510746440349,TRUE,NA
"r",55.25,-3.21812595502501,-0.526466750297338,0.288401960669932,2.37875457958889,38.9813346624057,TRUE,NA
"r",55.3,-3.21894270878746,-0.526485232906765,0.288379484875507,2.37952675055861,39.0115921624559,TRUE,NA
"r",55.35,-3.21975886479088,-0.526503694646007,0.2883570371683,2.38029838184966,39.0418471473995,TRUE,NA
"r",55.4,-3.22057442398753,-0.526522135558996,0.288334617485557,2.38106947428482,39.0720996204426,TRUE,NA
"r",55.45,-3.22138938732743,-0.526540555689516,0.28831222576473,2.381840028685,39.1023495847858,TRUE,NA
"r",55.5,-3.22220375575813,-0.526558955081236,0.288289861943467,2.38261004586914,39.1325970436218,TRUE,NA
"r",55.55,-3.22301753022494,-0.526577333777651,0.288267525959634,2.38337952665428,39.1628420001373,TRUE,NA
"r",55.6,-3.22383071167079,-0.526595691822177,0.288245217751256,2.38414847185548,39.1930844575118,TRUE,NA
"r",55.65,-3.22464330103628,-0.526614029258022,0.288222937256617,2.38491688228591,39.2233244189182,TRUE,NA
"r",55.7,-3.22545529925977,-0.526632346128344,0.288200684414122,2.38568475875684,39.2535618875229,TRUE,NA
"r",55.75,-3.22626670727719,-0.526650642476095,0.288178459162433,2.38645210207757,39.2837968664852,TRUE,NA
"r",55.8,-3.22707752602226,-0.526668918344139,0.288156261440378,2.38721891305555,39.3140293589579,TRUE,NA
"r",55.85,-3.22788775642642,-0.526687173775183,0.288134091186993,2.38798519249634,39.3442593680876,TRUE,NA
"r",55.9,-3.22869739941876,-0.526705408811837,0.288111948341478,2.38875094120355,39.3744868970135,TRUE,NA
"r",55.95,-3.22950645592615,-0.526723623496526,0.288089832843272,2.38951615997896,39.4047119488687,TRUE,NA
"r",56,-3.23031492687315,-0.526741817871577,0.288067744631985,2.39028084962245,39.4349345267795,TRUE,NA
"r",56.05,-3.2311228131821,-0.526759991979202,0.288045683647396,2.39104501093203,39.4651546338658,TRUE,NA
"r",56.1,-3.23193011577307,-0.526778145861449,0.288023649829504,2.39180864470384,39.495372273241,TRUE,NA
"r",56.15,-3.23273683556386,-0.526796279560259,0.288001643118487,2.39257175173214,39.5255874480114,TRUE,NA
"r",56.2,-3.23354297347005,-0.526814393117446,0.287979663454703,2.39333433280937,39.5558001612776,TRUE,NA
"r",56.25,-3.23434853040502,-0.526832486574686,0.287957710778709,2.39409638872611,39.5860104161331,TRUE,NA
"r",56.3,-3.23515350727986,-0.526850559973512,0.28793578503126,2.39485792027107,39.6162182156652,TRUE,NA
"r",56.35,-3.23595790500352,-0.526868613355384,0.28791388615326,2.39561892823115,39.6464235629548,TRUE,NA
"r",56.4,-3.23676172448268,-0.526886646761556,0.28789201408585,2.39637941339141,39.6766264610761,TRUE,NA
"r",56.45,-3.23756496662184,-0.526904660233219,0.287870168770323,2.39713937653509,39.7068269130971,TRUE,NA
"r",56.5,-3.2383676323233,-0.526922653811446,0.28784835014813,2.39789881844356,39.7370249220792,TRUE,NA
"r",56.55,-3.23916972248719,-0.526940627537112,0.287826558160986,2.39865773989647,39.7672204910777,TRUE,NA
"r",56.6,-3.23997123801146,-0.526958581451047,0.287804792750709,2.39941614167159,39.7974136231416,TRUE,NA
"r",56.65,-3.24077217979186,-0.526976515593929,0.287783053859321,2.40017402454488,39.8276043213129,TRUE,NA
"r",56.7,-3.24157254872199,-0.52699443000629,0.287761341429058,2.40093138929055,39.857792588628,TRUE,NA
"r",56.75,-3.24237234569329,-0.527012324728555,0.287739655402306,2.40168823668098,39.8879784281166,TRUE,NA
"r",56.8,-3.24317157159505,-0.527030199801044,0.287717995721628,2.40244456748678,39.9181618428023,TRUE,NA
"r",56.85,-3.24397022731445,-0.527048055263935,0.28769636232978,2.40320038247679,39.9483428357026,TRUE,NA
"r",56.9,-3.24476831373644,-0.527065891157267,0.28767475516971,2.40395568241804,39.978521409828,TRUE,NA
"r",56.95,-3.24556583174394,-0.527083707521003,0.287653174184506,2.40471046807582,40.0086975681837,TRUE,NA
"r",57,-3.24636278221768,-0.527101504394968,0.287631619317447,2.40546474021364,40.0388713137682,TRUE,NA
"r",57.05,-3.24715916603631,-0.527119281818853,0.287610090511999,2.40621849959325,40.0690426495736,TRUE,NA
"r",57.1,-3.24795498407637,-0.527137039832259,0.287588587711783,2.40697174697467,40.0992115785865,TRUE,NA
"r",57.15,-3.24875023721225,-0.527154778474594,0.287567110860654,2.40772448311614,40.1293781037866,TRUE,NA
"r",57.2,-3.24954492631632,-0.527172497785259,0.287545659902544,2.40847670877419,40.1595422281481,TRUE,NA
"r",57.25,-3.25033905225878,-0.527190197803448,0.287524234781641,2.40922842470359,40.1897039546385,TRUE,NA
"r",57.3,-3.2511326159078,-0.527207878568276,0.287502835442268,2.40997963165737,40.2198632862195,TRUE,NA
"r",57.35,-3.25192561812948,-0.527225540118749,0.28748146182891,2.41073033038686,40.2500202258468,TRUE,NA
"r",57.4,-3.25271805978781,-0.5272431824937,0.287460113886274,2.41148052164165,40.2801747764698,TRUE,NA
"r",57.45,-3.25350994174478,-0.527260805731915,0.287438791559187,2.41223020616966,40.3103269410321,TRUE,NA
"r",57.5,-3.25430126486021,-0.52727840987205,0.287417494792642,2.412979384717,40.3404767224708,TRUE,NA
"r",57.55,-3.25509202999202,-0.52729599495261,0.287396223531844,2.41372805802817,40.3706241237176,TRUE,NA
"r",57.6,-3.25588223799599,-0.527313561012003,0.287374977722148,2.41447622684595,40.4007691476978,TRUE,NA
"r",57.65,-3.25667188972587,-0.527331108088538,0.287353757309056,2.41522389191138,40.4309117973307,TRUE,NA
"r",57.7,-3.25746098603344,-0.527348636220389,0.287332562238273,2.41597105396388,40.46105207553,TRUE,NA
"r",57.75,-3.25824952776835,-0.527366145445625,0.287311392455644,2.41671771374112,40.4911899852027,TRUE,NA
"r",57.8,-3.25903751577838,-0.527383635802231,0.287290247907165,2.41746387197914,40.5213255292509,TRUE,NA
"r",57.85,-3.25982495090916,-0.527401107328012,0.287269128539057,2.41820952941228,40.5514587105699,TRUE,NA
"r",57.9,-3.26061183400439,-0.527418560060716,0.287248034297651,2.41895468677321,40.5815895320495,TRUE,NA
"r",57.95,-3.26139816590579,-0.527435994037976,0.287226965129449,2.41969934479297,40.6117179965737,TRUE,NA
"r",58,-3.26218394745304,-0.527453409297281,0.287205920981143,2.4204435042009,40.6418441070203,TRUE,NA
"r",58.05,-3.26296917948386,-0.527470805876043,0.287184901799561,2.42118716572471,40.6719678662615,TRUE,NA
"r",58.1,-3.26375386283399,-0.527488183811539,0.28716390753171,2.42193033009047,40.7020892771638,TRUE,NA
"r",58.15,-3.26453799833718,-0.527505543140968,0.287142938124735,2.42267299802257,40.7322083425874,TRUE,NA
"r",58.2,-3.26532158682529,-0.527522883901374,0.287121993525977,2.42341517024382,40.7623250653872,TRUE,NA
"r",58.25,-3.2661046291281,-0.527540206129714,0.287101073682921,2.42415684747533,40.792439448412,TRUE,NA
"r",58.3,-3.26688712607354,-0.527557509862862,0.287080178543189,2.42489803043664,40.822551494505,TRUE,NA
"r",58.35,-3.26766907848756,-0.527574795137544,0.287059308054592,2.42563871984564,40.8526612065038,TRUE,NA
"r",58.4,-3.26845048719414,-0.527592061990409,0.287038462165079,2.42637891641859,40.8827685872396,TRUE,NA
"r",58.45,-3.26923135301537,-0.527609310457978,0.287017640822766,2.42711862087017,40.9128736395388,TRUE,NA
"r",58.5,-3.27001167677139,-0.527626540576658,0.28699684397594,2.42785783391342,40.9429763662213,TRUE,NA
"r",58.55,-3.27079145928044,-0.527643752382763,0.286976071573032,2.42859655625982,40.9730767701019,TRUE,NA
"r",58.6,-3.27157070135882,-0.527660945912518,0.28695532356261,2.42933478861921,41.0031748539894,TRUE,NA
"r",58.65,-3.27234940382092,-0.527678121202021,0.286934599893413,2.43007253169984,41.0332706206872,TRUE,NA
"r",58.7,-3.27312756747927,-0.527695278287273,0.286913900514337,2.43080978620841,41.0633640729928,TRUE,NA
"r",58.75,-3.27390519314443,-0.527712417204137,0.286893225374445,2.43154655284997,41.0934552136981,TRUE,NA
"r",58.8,-3.27468228162512,-0.527729537988442,0.286872574422913,2.43228283232805,41.1235440455895,TRUE,NA
"r",58.85,-3.27545883372817,-0.527746640675832,0.28685194760912,2.43301862534459,41.1536305714479,TRUE,NA
"r",58.9,-3.27623485025853,-0.527763725301897,0.286831344882565,2.43375393259997,41.1837147940486,TRUE,NA
"r",58.95,-3.27701033201927,-0.527780791902125,0.286810766192896,2.43448875479297,41.2137967161611,TRUE,NA
"r",59,-3.27778527981158,-0.527797840511887,0.286790211489917,2.43522309262083,41.2438763405495,TRUE,NA
"r",59.05,-3.27855969443481,-0.527814871166444,0.286769680723602,2.43595694677924,41.2739536699725,TRUE,NA
"r",59.1,-3.27933357668647,-0.527831883900973,0.286749173844048,2.43669031796238,41.3040287071833,TRUE,NA
"r",59.15,-3.28010692736215,-0.527848878750529,0.286728690801525,2.43742320686279,41.3341014549291,TRUE,NA
"r",59.2,-3.28087974725569,-0.527865855750103,0.286708231546409,2.43815561417154,41.3641719159526,TRUE,NA
"r",59.25,-3.281652037159,-0.527882814934527,0.286687796029284,2.43888754057813,41.3942400929898,TRUE,NA
"r",59.3,-3.28242379786225,-0.527899756338557,0.286667384200862,2.43961898677058,41.4243059887724,TRUE,NA
"r",59.35,-3.28319503015371,-0.527916679996895,0.286646996011955,2.44034995343531,41.454369606026,TRUE,NA
"r",59.4,-3.28396573481984,-0.527933585944085,0.286626631413575,2.44108044125727,41.4844309474708,TRUE,NA
"r",59.45,-3.28473591264535,-0.527950474214586,0.286606290356867,2.4418104509199,41.5144900158221,TRUE,NA
"r",59.5,-3.28550556441305,-0.527967344842786,0.286585972793091,2.44253998310505,41.5445468137891,TRUE,NA
"r",59.55,-3.28627469090399,-0.527984197862911,0.286565678673716,2.44326903849315,41.5746013440761,TRUE,NA
"r",59.6,-3.28704329289746,-0.528001033309171,0.286545407950278,2.44399761776309,41.6046536093822,TRUE,NA
"r",59.65,-3.28781137117087,-0.528017851215603,0.28652516057452,2.44472572159224,41.6347036124005,TRUE,NA
"r",59.7,-3.2885789264999,-0.528034651616197,0.286504936498294,2.44545335065652,41.6647513558192,TRUE,NA
"r",59.75,-3.28934595965844,-0.52805143454482,0.286484735673604,2.44618050563032,41.6947968423213,TRUE,NA
"r",59.8,-3.2901124714186,-0.52806820003527,0.286464558052579,2.44690718718655,41.7248400745842,TRUE,NA
"r",59.85,-3.29087846255076,-0.52808494812122,0.286444403587512,2.44763339599667,41.7548810552804,TRUE,NA
"r",59.9,-3.29164393382345,-0.52810167883624,0.286424272230841,2.44835913273062,41.7849197870767,TRUE,NA
"r",59.95,-3.29240888600351,-0.528118392213817,0.286404163935138,2.4490843980569,41.8149562726349,TRUE,NA
"r",60,-3.29317331985599,-0.528135088287371,0.28638407865309,2.44980919264251,41.8449905146113,TRUE,NA
"r",60.05,-3.29393723614422,-0.528151767090189,0.286364016337548,2.45053351715303,41.8750225156574,TRUE,NA
"r",60.1,-3.29470063562979,-0.528168428655492,0.286343976941482,2.45125737225252,41.9050522784193,TRUE,NA
"r",60.15,-3.29546351907249,-0.528185073016371,0.286323960418036,2.45198075860363,41.9350798055376,TRUE,NA
"r",60.2,-3.29622588723046,-0.528201700205823,0.286303966720484,2.45270367686757,41.9651050996483,TRUE,NA
"r",60.25,-3.29698774086005,-0.528218310256819,0.28628399580218,2.45342612770405,41.9951281633815,TRUE,NA
"r",60.3,-3.29774908071594,-0.528234903202166,0.286264047616677,2.45414811177137,42.0251489993629,TRUE,NA
"r",60.35,-3.29850990755107,-0.528251479074599,0.286244122117652,2.45486962972641,42.0551676102126,TRUE,NA
"r",60.4,-3.29927022211665,-0.528268037906773,0.28622421925889,2.45559068222458,42.0851839985457,TRUE,NA
"r",60.45,-3.30003002516222,-0.528284579731241,0.286204338994339,2.45631126991988,42.1151981669722,TRUE,NA
"r",60.5,-3.30078931743557,-0.528301104580446,0.286184481278085,2.45703139346486,42.1452101180968,TRUE,NA
"r",60.55,-3.30154809968287,-0.528317612486759,0.28616464606433,2.4577510535107,42.1752198545196,TRUE,NA
"r",60.6,-3.30230637264853,-0.528334103482476,0.286144833307408,2.45847025070712,42.2052273788351,TRUE,NA
"r",60.65,-3.30306413707529,-0.528350577599777,0.286125042961793,2.45918898570242,42.235232693633,TRUE,NA
"r",60.7,-3.30382139370428,-0.528367034870765,0.286105274982091,2.45990725914355,42.2652358014981,TRUE,NA
"r",60.75,-3.30457814327483,-0.528383475327442,0.286085529323037,2.46062507167596,42.2952367050097,TRUE,NA
"r",60.8,-3.30533438652471,-0.5283998990017,0.286065805939529,2.4613424239438,42.3252354067427,TRUE,NA
"r",60.85,-3.30609012418998,-0.528416305925414,0.286046104786522,2.46205931658976,42.3552319092665,TRUE,NA
"r",60.9,-3.30684535700502,-0.528432696130289,0.286026425819179,2.46277575025514,42.3852262151456,TRUE,NA
"r",60.95,-3.30760008570263,-0.528449069647971,0.286006768992762,2.46349172557991,42.4152183269401,TRUE,NA
"r",61,-3.30835431101387,-0.528465426510041,0.285987134262646,2.46420724320257,42.4452082472041,TRUE,NA
"r",61.05,-3.30910803366819,-0.528481766747964,0.285967521584359,2.46492230376029,42.4751959784874,TRUE,NA
"r",61.1,-3.30986125439349,-0.528498090393131,0.28594793091354,2.4656369078889,42.5051815233353,TRUE,NA
"r",61.15,-3.31061397391586,-0.528514397476821,0.28592836220598,2.46635105622276,42.535164884287,TRUE,NA
"r",61.2,-3.31136619295992,-0.528530688030256,0.285908815417576,2.46706474939496,42.5651460638779,TRUE,NA
"r",61.25,-3.31211791224857,-0.528546962084578,0.285889290504341,2.46777798803715,42.5951250646378,TRUE,NA
"r",61.3,-3.31286913250313,-0.528563219670795,0.285869787422456,2.46849077277966,42.6251018890921,TRUE,NA
"r",61.35,-3.31361985444334,-0.52857946081988,0.285850306128187,2.46920310425148,42.6550765397611,TRUE,NA
"r",61.4,-3.31437007878724,-0.528595685562671,0.285830846577965,2.46991498308022,42.6850490191602,TRUE,NA
"r",61.45,-3.31511980625136,-0.52861189392997,0.285811408728305,2.47062640989213,42.7150193298001,TRUE,NA
"r",61.5,-3.31586903755053,-0.52862808595247,0.285791992535861,2.47133738531212,42.7449874741863,TRUE,NA
"r",61.55,-3.31661777339809,-0.528644261660778,0.285772597957427,2.47204790996382,42.7749534548201,TRUE,NA
"r",61.6,-3.31736601450573,-0.528660421085412,0.285753224949912,2.47275798446944,42.8049172741977,TRUE,NA
"r",61.65,-3.31811376158357,-0.528676564256802,0.285733873470348,2.47346760944991,42.8348789348103,TRUE,NA
"r",61.7,-3.31886101534015,-0.528692691205342,0.285714543475866,2.47417678552482,42.8648384391447,TRUE,NA
"r",61.75,-3.31960777648243,-0.528708801961267,0.285695234923759,2.4748855133124,42.8947957896826,TRUE,NA
"r",61.8,-3.32035404571578,-0.52872489655478,0.285675947771427,2.47559379342962,42.9247509889012,TRUE,NA
"r",61.85,-3.32109982374408,-0.528740975015987,0.285656681976378,2.4763016264921,42.954704039273,TRUE,NA
"r",61.9,-3.32184511126954,-0.528757037374913,0.285637437496255,2.47700901311414,42.9846549432654,TRUE,NA
"r",61.95,-3.32258990899291,-0.528773083661493,0.285618214288823,2.47771595390876,43.0146037033416,TRUE,NA
"r",62,-3.3233342176133,-0.528789113905595,0.285599012311948,2.47842244948761,43.0445503219594,TRUE,NA
"r",62.05,-3.32407803782836,-0.52880512813699,0.285579831523644,2.47912850046113,43.0744948015729,TRUE,NA
"r",62.1,-3.32482137033416,-0.528821126385355,0.285560671882038,2.4798341074384,43.1044371446307,TRUE,NA
"r",62.15,-3.32556421582518,-0.528837108680349,0.285541533345332,2.48053927102719,43.134377353577,TRUE,NA
"r",62.2,-3.32630657499449,-0.52885307505146,0.28552241587192,2.48124399183407,43.1643154308516,TRUE,NA
"r",62.25,-3.32704844853347,-0.528869025528152,0.285503319420266,2.4819482704642,43.194251378889,TRUE,NA
"r",62.3,-3.32778983713211,-0.52888496013981,0.285484243948951,2.48265210752155,43.2241852001198,TRUE,NA
"r",62.35,-3.32853074147886,-0.528900878915707,0.285465189416694,2.48335550360879,43.2541168969698,TRUE,NA
"r",62.4,-3.32927116226058,-0.528916781885094,0.285446155782301,2.48405845932728,43.2840464718599,TRUE,NA
"r",62.45,-3.33001110016269,-0.528932669077041,0.285427143004751,2.48476097527715,43.3139739272067,TRUE,NA
"r",62.5,-3.33075055586908,-0.528948540520643,0.285408151043071,2.48546305205722,43.3438992654222,TRUE,NA
"r",62.55,-3.33148953006213,-0.528964396244889,0.285389179856428,2.48616469026509,43.3738224889136,TRUE,NA
"r",62.6,-3.33222802342274,-0.52898023627862,0.28537022940414,2.48686589049706,43.4037436000839,TRUE,NA
"r",62.65,-3.33296603663033,-0.528996060650682,0.285351299645601,2.48756665334823,43.4336626013313,TRUE,NA
"r",62.7,-3.3337035703628,-0.529011869389842,0.285332390540294,2.48826697941236,43.4635794950497,TRUE,NA
"r",62.75,-3.33444062529655,-0.5290276625247,0.2853135020479,2.488966869282,43.493494283628,TRUE,NA
"r",62.8,-3.33517720210654,-0.529043440083873,0.285294634128135,2.48966632354848,43.5234069694512,TRUE,NA
"r",62.85,-3.33591330146628,-0.529059202095874,0.285275786740851,2.49036534280186,43.5533175548996,TRUE,NA
"r",62.9,-3.33664892404775,-0.529074948589153,0.285256959846007,2.49106392763099,43.583226042349,TRUE,NA
"r",62.95,-3.33738407052148,-0.529090679591993,0.28523815340372,2.4917620786234,43.6131324341705,TRUE,NA
"r",63,-3.33811874155655,-0.52910639513273,0.28521936737415,2.49245979636549,43.6430367327311,TRUE,NA
"r",63.05,-3.33885293782059,-0.529122095239555,0.285200601717605,2.49315708144237,43.6729389403932,TRUE,NA
"r",63.1,-3.33958665997975,-0.529137779940545,0.285181856394532,2.49385393443795,43.7028390595147,TRUE,NA
"r",63.15,-3.34031990869876,-0.529153449263795,0.285163131365421,2.4945503559349,43.7327370924493,TRUE,NA
"r",63.2,-3.34105268464089,-0.529169103237261,0.285144426590922,2.4952463465147,43.7626330415461,TRUE,NA
"r",63.25,-3.34178498846796,-0.529184741888854,0.285125742031757,2.49594190675754,43.7925269091498,TRUE,NA
"r",63.3,-3.34251682084036,-0.529200365246374,0.285107077648814,2.4966370372425,43.8224186976007,TRUE,NA
"r",63.35,-3.34324818241708,-0.529215973337595,0.285088433403025,2.49733173854739,43.8523084092351,TRUE,NA
"r",63.4,-3.34397907385565,-0.529231566190197,0.285069809255457,2.49802601124883,43.8821960463845,TRUE,NA
"r",63.45,-3.34470949581215,-0.529247143831738,0.285051205167324,2.49871985592224,43.912081611376,TRUE,NA
"r",63.5,-3.34543944894128,-0.529262706289757,0.285032621099901,2.49941327314182,43.9419651065325,TRUE,NA
"r",63.55,-3.34616893389633,-0.529278253591708,0.285014057014588,2.50010626348062,43.9718465341729,TRUE,NA
"r",63.6,-3.34689795132919,-0.529293785764973,0.284995512872869,2.50079882751047,44.0017258966116,TRUE,NA
"r",63.65,-3.34762650189029,-0.529309302836909,0.284976988636319,2.50149096580198,44.0316031961583,TRUE,NA
"r",63.7,-3.34835458622871,-0.529324804834679,0.284958484266714,2.50218267892467,44.0614784351188,TRUE,NA
"r",63.75,-3.34908220499205,-0.529340291785469,0.284939999725838,2.50287396744674,44.0913516157944,TRUE,NA
"r",63.8,-3.34980935882664,-0.529355763716366,0.284921534975625,2.50356483193534,44.1212227404825,TRUE,NA
"r",63.85,-3.35053604837731,-0.529371220654377,0.284903089978115,2.5042552729564,44.1510918114759,TRUE,NA
"r",63.9,-3.35126227428757,-0.529386662626468,0.284884664695419,2.50494529107464,44.1809588310631,TRUE,NA
"r",63.95,-3.35198803719952,-0.529402089659496,0.284866259089798,2.50563488685369,44.2108238015287,TRUE,NA
"r",64,-3.35271333775387,-0.529417501780265,0.284847873123582,2.50632406085592,44.2406867251527,TRUE,NA
"r",64.05,-3.35343817658999,-0.529432899015527,0.284829506759204,2.50701281364261,44.2705476042112,TRUE,NA
"r",64.1,-3.35416255434585,-0.529448281391886,0.284811159959256,2.50770114577387,44.3004064409759,TRUE,NA
"r",64.15,-3.35488647165808,-0.529463648936071,0.284792832686286,2.50838905780865,44.3302632377144,TRUE,NA
"r",64.2,-3.35560992916191,-0.529479001674394,0.284774524903208,2.50907655030472,44.36011799669,TRUE,NA
"r",64.25,-3.35633292749124,-0.52949433963346,0.284756236572755,2.50976362381874,44.3899707201619,TRUE,NA
"r",64.3,-3.35705546727862,-0.529509662839614,0.284737967657914,2.5104502789062,44.4198214103852,TRUE,NA
"r",64.35,-3.35777754915519,-0.529524971319135,0.284719718121763,2.51113651612143,44.4496700696106,TRUE,NA
"r",64.4,-3.35849917375089,-0.529540265098289,0.284701487927458,2.51182233601774,44.4795167000854,TRUE,NA
"r",64.45,-3.35922034169413,-0.529555544203259,0.284683277038228,2.5125077391471,44.5093613040516,TRUE,NA
"r",64.5,-3.3599410536121,-0.52957080866009,0.2846650854175,2.51319272606054,44.539203883748,TRUE,NA
"r",64.55,-3.36066131013065,-0.529586058494896,0.284646913028661,2.51387729730784,44.5690444414091,TRUE,NA
"r",64.6,-3.36138111187421,-0.529601293733637,0.284628759835279,2.51456145343766,44.5988829792647,TRUE,NA
"r",64.65,-3.36210045946604,-0.529616514402143,0.284610625801065,2.51524519499765,44.6287194995417,TRUE,NA
"r",64.7,-3.36281935352788,-0.529631720526277,0.284592510889765,2.51592852253421,44.6585540044617,TRUE,NA
"r",64.75,-3.36353779468032,-0.529646912131832,0.284574415065193,2.51661143659266,44.6883864962429,TRUE,NA
"r",64.8,-3.36425578354254,-0.529662089244514,0.284556338291309,2.51729393771724,44.7182169770994,TRUE,NA
"r",64.85,-3.36497332073244,-0.529677251889884,0.284538280532208,2.51797602645105,44.7480454492411,TRUE,NA
"r",64.9,-3.36569040686664,-0.529692400093549,0.28452024175202,2.51865770333612,44.7778719148741,TRUE,NA
"r",64.95,-3.36640704256037,-0.529707533881001,0.284502221914982,2.51933896891329,44.8076963762001,TRUE,NA
"r",65,-3.36712322842765,-0.529722653277667,0.284484220985444,2.52001982372239,44.837518835417,TRUE,NA
"r",65.05,-3.36783896508115,-0.529737758308888,0.284466238927864,2.52070026830211,44.8673392947188,TRUE,NA
"r",65.1,-3.36855425313226,-0.529752848999998,0.284448275706739,2.52138030319002,44.8971577562954,TRUE,NA
"r",65.15,-3.36926909319109,-0.529767925376215,0.284430331286718,2.52205992892266,44.9269742223328,TRUE,NA
"r",65.2,-3.36998348586643,-0.529782987462707,0.284412405632527,2.52273914603541,44.9567886950124,TRUE,NA
"r",65.25,-3.37069743176583,-0.529798035284538,0.284394498709026,2.52341795506264,44.9866011765128,TRUE,NA
"r",65.3,-3.37141093149556,-0.529813068866807,0.284376610481058,2.52409635653756,45.0164116690078,TRUE,NA
"r",65.35,-3.37212398566056,-0.529828088234438,0.284358740913696,2.52477435099235,45.0462201746673,TRUE,NA
"r",65.4,-3.37283659486461,-0.529843093412354,0.284340889972018,2.52545193895812,45.0760266956579,TRUE,NA
"r",65.45,-3.37354875971006,-0.529858084425364,0.284323057621252,2.52612912096484,45.1058312341413,TRUE,NA
"r",65.5,-3.37426048079814,-0.529873061298296,0.284305243826648,2.52680589754147,45.1356337922761,TRUE,NA
"r",65.55,-3.37497175872874,-0.529888024055867,0.284287448553589,2.52748226921586,45.1654343722166,TRUE,NA
"r",65.6,-3.37568259410056,-0.529902972722677,0.284269671767597,2.52815823651486,45.1952329761135,TRUE,NA
"r",65.65,-3.37639298751099,-0.529917907323355,0.284251913434202,2.52883379996419,45.2250296061134,TRUE,NA
"r",65.7,-3.37710293955616,-0.529932827882385,0.284234173519105,2.52950896008854,45.2548242643589,TRUE,NA
"r",65.75,-3.37781245083097,-0.529947734424228,0.284216451988052,2.5301837174115,45.2846169529887,TRUE,NA
"r",65.8,-3.37852152192914,-0.529962626973351,0.28419874880684,2.53085807245568,45.3144076741384,TRUE,NA
"r",65.85,-3.37923015344303,-0.529977505553984,0.284181063941488,2.53153202574259,45.3441964299386,TRUE,NA
"r",65.9,-3.37993834596391,-0.52999237019048,0.284163397357956,2.5322055777927,45.3739832225173,TRUE,NA
"r",65.95,-3.38064610008169,-0.530007220907016,0.284145749022386,2.53287872912543,45.4037680539976,TRUE,NA
"r",66,-3.38135341638509,-0.530022057727748,0.284128118900992,2.53355148025916,45.4335509264991,TRUE,NA
"r",66.05,-3.38206029546164,-0.530036880676741,0.28411050696008,2.53422383171126,45.4633318421381,TRUE,NA
"r",66.1,-3.38276673789761,-0.530051689778045,0.284092913166019,2.534895783998,45.4931108030264,TRUE,NA
"r",66.15,-3.3834727442781,-0.530066485055642,0.284075337485267,2.53556733763467,45.5228878112728,TRUE,NA
"r",66.2,-3.38417831518692,-0.530081266533378,0.28405777988445,2.53623849313552,45.5526628689814,TRUE,NA
"r",66.25,-3.38488345120671,-0.530096034235128,0.284040240330172,2.53690925101371,45.582435978253,TRUE,NA
"r",66.3,-3.3855881529189,-0.530110788184654,0.284022718789214,2.53757961178149,45.6122071411848,TRUE,NA
"r",66.35,-3.38629242090377,-0.530125528405715,0.284005215228361,2.53824957594998,45.6419763598704,TRUE,NA
"r",66.4,-3.3869962557403,-0.530140254921924,0.283987729614576,2.53891914402936,45.6717436363988,TRUE,NA
"r",66.45,-3.38769965800631,-0.530154967756878,0.283970261914866,2.53958831652871,45.7015089728561,TRUE,NA
"r",66.5,-3.38840262827841,-0.530169666934152,0.283952812096295,2.54025709395615,45.7312723713241,TRUE,NA
"r",66.55,-3.3891051671321,-0.530184352477206,0.283935380126058,2.54092547681878,45.7610338338815,TRUE,NA
"r",66.6,-3.38980727514159,-0.530199024409469,0.283917965971414,2.54159346562269,45.7907933626029,TRUE,NA
"r",66.65,-3.39050895288001,-0.53021368275434,0.283900569599691,2.54226106087298,45.8205509595595,TRUE,NA
"r",66.7,-3.39121020091918,-0.530228327534991,0.283883190978429,2.54292826307371,45.8503066268183,TRUE,NA
"r",66.75,-3.39191101982981,-0.530242958774771,0.283865830075069,2.54359507272794,45.8800603664429,TRUE,NA
"r",66.8,-3.39261141018148,-0.53025757649689,0.283848486857194,2.54426149033776,45.9098121804936,TRUE,NA
"r",66.85,-3.3933113725425,-0.530272180724369,0.283831161292596,2.54492751640426,45.9395620710263,TRUE,NA
"r",66.9,-3.39401090748014,-0.530286771480358,0.283813853348968,2.54559315142751,45.9693100400942,TRUE,NA
"r",66.95,-3.39471001556036,-0.530301348787832,0.283796562994222,2.54625839590663,45.9990560897458,TRUE,NA
"r",67,-3.39540869734804,-0.530315912669733,0.283779290196301,2.54692325033969,46.0288002220268,TRUE,NA
"r",67.05,-3.39610695340695,-0.530330463148975,0.283762034923226,2.54758771522387,46.058542438979,TRUE,NA
"r",67.1,-3.39680478429956,-0.530345000248384,0.283744797143127,2.54825179105528,46.0882827426404,TRUE,NA
"r",67.15,-3.39750219058736,-0.530359523990771,0.283727576824161,2.54891547832907,46.1180211350459,TRUE,NA
"r",67.2,-3.39819917283053,-0.530374034398781,0.283710373934685,2.54957877753944,46.1477576182261,TRUE,NA
"r",67.25,-3.39889573158819,-0.530388531495123,0.28369318844303,2.55024168917961,46.1774921942084,TRUE,NA
"r",67.3,-3.39959186741834,-0.53040301530241,0.283676020317633,2.5509042137418,46.2072248650169,TRUE,NA
"r",67.35,-3.40028758087781,-0.53041748584322,0.283658869526997,2.55156635171727,46.2369556326719,TRUE,NA
"r",67.4,-3.40098287252227,-0.530431943139951,0.283641736039826,2.55222810359638,46.2666844991898,TRUE,NA
"r",67.45,-3.40167774290628,-0.530446387215157,0.283624619824706,2.55288946986838,46.296411466584,TRUE,NA
"r",67.5,-3.40237219258327,-0.530460818091118,0.283607520850502,2.5535504510217,46.3261365368639,TRUE,NA
"r",67.55,-3.40306622210555,-0.530475235790231,0.283590439086013,2.55421104754376,46.3558597120357,TRUE,NA
"r",67.6,-3.40375983202427,-0.53048964033472,0.283573374500206,2.55487125992097,46.3855809941019,TRUE,NA
"r",67.65,-3.40445302288954,-0.530504031746833,0.283556327062085,2.5555310886389,46.4153003850618,TRUE,NA
"r",67.7,-3.40514579525026,-0.530518410048731,0.283539296740739,2.55619053418206,46.4450178869105,TRUE,NA
"r",67.75,-3.40583814965428,-0.530532775262472,0.283522283505385,2.55684959703408,46.4747335016405,TRUE,NA
"r",67.8,-3.40653008664828,-0.530547127410136,0.283505287325256,2.5575082776776,46.5044472312399,TRUE,NA
"r",67.85,-3.4072216067779,-0.530561466513698,0.283488308169702,2.55816657659435,46.5341590776942,TRUE,NA
"r",67.9,-3.40791271058768,-0.530575792595149,0.283471346008098,2.5588244942651,46.5638690429851,TRUE,NA
"r",67.95,-3.40860339862095,-0.530590105676325,0.283454400809985,2.55948203116967,46.5935771290903,TRUE,NA
"r",68,-3.40929367142002,-0.530604405779077,0.283437472544917,2.56013918778696,46.6232833379846,TRUE,NA
"r",68.05,-3.40998352952609,-0.53061869292515,0.28342056118258,2.56079596459495,46.6529876716392,TRUE,NA
"r",68.1,-3.41067297347935,-0.530632967136314,0.283403666692657,2.56145236207067,46.6826901320225,TRUE,NA
"r",68.15,-3.41136200381873,-0.530647228434221,0.28338678904498,2.56210838069022,46.7123907210981,TRUE,NA
"r",68.2,-3.41205062108224,-0.530661476840467,0.283369928209439,2.56276402092877,46.7420894408277,TRUE,NA
"r",68.25,-3.41273882580664,-0.530675712376629,0.283353084156002,2.56341928326056,46.7717862931681,TRUE,NA
"r",68.3,-3.41342661852778,-0.530689935064257,0.283336256854663,2.56407416815893,46.801481280074,TRUE,NA
"r",68.35,-3.41411399978031,-0.530704144924714,0.283319446275631,2.56472867609633,46.8311744034959,TRUE,NA
"r",68.4,-3.41480097009791,-0.530718341979496,0.28330265238901,2.56538280754422,46.8608656653816,TRUE,NA
"r",68.45,-3.41548753001304,-0.530732526249912,0.283285875165112,2.56603656297317,46.8905550676746,TRUE,NA
"r",68.5,-3.41617368005719,-0.530746697757276,0.283269114574271,2.56668994285284,46.9202426123155,TRUE,NA
"r",68.55,-3.41685942076081,-0.530760856522764,0.283252370586973,2.56734294765205,46.9499283012419,TRUE,NA
"r",68.6,-3.41754475265321,-0.53077500256765,0.28323564317364,2.56799557783858,46.9796121363875,TRUE,NA
"r",68.65,-3.41822967626272,-0.530789135913079,0.283218932304842,2.5686478338794,47.0092941196831,TRUE,NA
"r",68.7,-3.41891419211649,-0.530803256580085,0.283202237951295,2.56929971624059,47.0389742530556,TRUE,NA
"r",68.75,-3.41959830074076,-0.530817364589742,0.283185560083664,2.56995122538723,47.0686525384291,TRUE,NA
"r",68.8,-3.42028200266065,-0.530831459963,0.283168898672805,2.57060236178365,47.0983289777243,TRUE,NA
"r",68.85,-3.42096529840017,-0.530845542720874,0.283152253689504,2.57125312589309,47.1280035728582,TRUE,NA
"r",68.9,-3.42164818848243,-0.530859612884195,0.283135625104759,2.5719035181781,47.1576763257451,TRUE,NA
"r",68.95,-3.42233067342932,-0.530873670473742,0.283119012889647,2.57255353910022,47.1873472382952,TRUE,NA
"r",69,-3.42301275376184,-0.530887715510409,0.283102417015155,2.5732031891201,47.2170163124162,TRUE,NA
"r",69.05,-3.42369442999986,-0.530901748014836,0.283085837452534,2.57385246869756,47.246683550012,TRUE,NA
"r",69.1,-3.42437570266226,-0.530915768007768,0.283069274172977,2.57450137829151,47.2763489529836,TRUE,NA
"r",69.15,-3.42505657226691,-0.530929775509814,0.283052727147806,2.57514991835998,47.3060125232288,TRUE,NA
"r",69.2,-3.42573703933056,-0.53094377054155,0.283036196348412,2.57579808936008,47.3356742626413,TRUE,NA
"r",69.25,-3.426417104369,-0.530957753123519,0.28301968174625,2.5764458917481,47.3653341731124,TRUE,NA
"r",69.3,-3.42709676789701,-0.53097172327616,0.283003183312888,2.57709332597947,47.3949922565301,TRUE,NA
"r",69.35,-3.42777603042831,-0.530985681019926,0.28298670101991,2.57774039250869,47.4246485147788,TRUE,NA
"r",69.4,-3.42845489247561,-0.530999626375256,0.282970234838929,2.57838709178937,47.45430294974,TRUE,NA
"r",69.45,-3.42913335455064,-0.531013559362387,0.282953784741792,2.57903342427439,47.4839555632917,TRUE,NA
"r",69.5,-3.42981141716402,-0.531027480001703,0.282937350700217,2.57967939041556,47.5136063573087,TRUE,NA
"r",69.55,-3.43048908082548,-0.53104138831334,0.282920932686181,2.58032499066401,47.5432553336628,TRUE,NA
"r",69.6,-3.43116634604367,-0.531055284317548,0.282904530671596,2.58097022546994,47.5729024942227,TRUE,NA
"r",69.65,-3.43184321332629,-0.531069168034437,0.282888144628496,2.58161509528265,47.6025478408537,TRUE,NA
"r",69.7,-3.43251968317997,-0.531083039484098,0.282871774528997,2.58225960055065,47.6321913754179,TRUE,NA
"r",69.75,-3.43319575611036,-0.531096898686585,0.282855420345247,2.58290374172154,47.6618330997742,TRUE,NA
"r",69.8,-3.43387143262213,-0.531110745661883,0.282839082049494,2.58354751924209,47.6914730157784,TRUE,NA
"r",69.85,-3.43454671321896,-0.531124580429913,0.28282275961407,2.58419093355826,47.7211111252832,TRUE,NA
"r",69.9,-3.43522159840358,-0.531138403010627,0.282806453011299,2.58483398511511,47.7507474301385,TRUE,NA
"r",69.95,-3.43589608867757,-0.531152213423818,0.282790162213683,2.58547667435684,47.7803819321899,TRUE,NA
"r",70,-3.43657018454174,-0.53116601168928,0.282773887193734,2.58611900172688,47.8100146332812,TRUE,NA
"r",70.05,-3.43724388649574,-0.531179797826789,0.282757627924029,2.58676096766776,47.8396455352524,TRUE,NA
"r",70.1,-3.43791719503838,-0.531193571856091,0.282741384377177,2.58740257262116,47.8692746399405,TRUE,NA
"r",70.15,-3.43859011066738,-0.531207333796768,0.282725156525979,2.58804381702801,47.8989019491795,TRUE,NA
"r",70.2,-3.43926263387951,-0.531221083668494,0.282708944343155,2.58868470132827,47.9285274647998,TRUE,NA
"r",70.25,-3.43993476517059,-0.531234821490758,0.282692747801644,2.58932522596121,47.9581511886293,TRUE,NA
"r",70.3,-3.44060650503548,-0.531248547283171,0.282676566874275,2.58996539136512,47.9877731224924,TRUE,NA
"r",70.35,-3.44127785396807,-0.5312622610651,0.282660401534145,2.59060519797765,48.0173932682111,TRUE,NA
"r",70.4,-3.44194881246126,-0.531275962856074,0.282644251754217,2.59124464623544,48.0470116276035,TRUE,NA
"r",70.45,-3.44261938100697,-0.531289652675447,0.282628117507637,2.59188373657438,48.0766282024848,TRUE,NA
"r",70.5,-3.44328956009621,-0.531303330542497,0.282611998767653,2.59252246942958,48.1062429946676,TRUE,NA
"r",70.55,-3.443959350219,-0.531316996476533,0.282595895507501,2.59316084523527,48.1358560059608,TRUE,NA
"r",70.6,-3.44462875186441,-0.531330650496784,0.282579807700525,2.59379886442491,48.165467238171,TRUE,NA
"r",70.65,-3.44529776552061,-0.531344292622467,0.282563735320085,2.5944365274311,48.1950766931013,TRUE,NA
"r",70.7,-3.4459663916747,-0.531357922872733,0.282547678339645,2.59507383468561,48.2246843725515,TRUE,NA
"r",70.75,-3.44663463081293,-0.531371541266693,0.28253163673272,2.59571078661945,48.254290278319,TRUE,NA
"r",70.8,-3.44730248342057,-0.531385147823389,0.282515610472918,2.59634738366281,48.2838944121976,TRUE,NA
"r",70.85,-3.44796994998199,-0.531398742561815,0.282499599533909,2.59698362624508,48.3134967759788,TRUE,NA
"r",70.9,-3.44863703098056,-0.53141232550096,0.282483603889398,2.59761951479482,48.3430973714504,TRUE,NA
"r",70.95,-3.44930372689871,-0.531425896659731,0.28246762351318,2.59825504973977,48.3726962003973,TRUE,NA
"r",71,-3.44997003821803,-0.531439456057033,0.282451658379079,2.59889023150694,48.4022932646021,TRUE,NA
"r",71.05,-3.45063596541902,-0.531453003711696,0.28243570846102,2.59952506052243,48.4318885658433,TRUE,NA
"r",71.1,-3.45130150898142,-0.53146653964248,0.282419773733,2.60015953721168,48.4614821058975,TRUE,NA
"r",71.15,-3.45196666938395,-0.531480063868166,0.282403854169038,2.60079366199924,48.4910738865377,TRUE,NA
"r",71.2,-3.45263144710437,-0.531493576407437,0.282387949743247,2.60142743530886,48.5206639095341,TRUE,NA
"r",71.25,-3.45329584261959,-0.531507077278917,0.282372060429828,2.60206085756356,48.5502521766538,TRUE,NA
"r",71.3,-3.45395985640559,-0.531520566501264,0.282356186202976,2.60269392918553,48.5798386896613,TRUE,NA
"r",71.35,-3.45462348893739,-0.531534044093056,0.28234032703697,2.60332665059615,48.6094234503179,TRUE,NA
"r",71.4,-3.45528674068916,-0.531547510072762,0.282324482906237,2.60395902221614,48.6390064603823,TRUE,NA
"r",71.45,-3.45594961213401,-0.531560964458917,0.282308653785143,2.60459104446523,48.6685877216092,TRUE,NA
"r",71.5,-3.45661210374435,-0.531574407269921,0.282292839648201,2.60522271776254,48.6981672357519,TRUE,NA
"r",71.55,-3.45727421599154,-0.531587838524224,0.28227704046992,2.60585404252635,48.7277450045599,TRUE,NA
"r",71.6,-3.45793594934606,-0.531601258240138,0.282261256224941,2.60648501917416,48.7573210297798,TRUE,NA
"r",71.65,-3.45859730427752,-0.531614666435977,0.282245486887928,2.60711564812271,48.7868953131558,TRUE,NA
"r",71.7,-3.45925828125458,-0.531628063129966,0.28222973243365,2.60774592978795,48.8164678564284,TRUE,NA
"r",71.75,-3.45991888074503,-0.531641448340375,0.28221399283687,2.60837586458508,48.8460386613359,TRUE,NA
"r",71.8,-3.46057910321575,-0.531654822085428,0.282198268072398,2.60900545292847,48.8756077296135,TRUE,NA
"r",71.85,-3.46123894913275,-0.531668184383212,0.282182558115202,2.60963469523182,48.9051750629936,TRUE,NA
"r",71.9,-3.46189841896113,-0.531681535251794,0.28216686294028,2.61026359190799,48.9347406632056,TRUE,NA
"r",71.95,-3.46255751316509,-0.531694874709215,0.282151182522687,2.61089214336912,48.964304531976,TRUE,NA
"r",72,-3.46321623220794,-0.531708202773631,0.282135516837396,2.6115203500265,48.9938666710285,TRUE,NA
"r",72.05,-3.46387457655216,-0.531721519462872,0.28211986585969,2.61214821229081,49.0234270820844,TRUE,NA
"r",72.1,-3.46453254665926,-0.53173482479492,0.282104229564746,2.61277573057184,49.0529857668613,TRUE,NA
"r",72.15,-3.46519014298998,-0.531748118787628,0.282088607927869,2.61340290527873,49.0825427270749,TRUE,NA
"r",72.2,-3.46584736600405,-0.531761401458895,0.282073000924355,2.61402973681974,49.1120979644372,TRUE,NA
"r",72.25,-3.46650421616037,-0.531774672826486,0.282057408529638,2.61465622560244,49.1416514806576,TRUE,NA
"r",72.3,-3.46716069391705,-0.531787932908175,0.282041830719172,2.61528237203373,49.1712032774434,TRUE,NA
"r",72.35,-3.46781679973127,-0.531801181721659,0.282026267468485,2.61590817651965,49.2007533564985,TRUE,NA
"r",72.4,-3.46847253405931,-0.531814419284661,0.282010718753135,2.61653363946554,49.2303017195238,TRUE,NA
"r",72.45,-3.46912789735655,-0.531827645614811,0.281995184548751,2.61715876127593,49.2598483682175,TRUE,NA
"r",72.5,-3.46978289007768,-0.531840860729692,0.281979664831058,2.61778354235475,49.2893933042758,TRUE,NA
"r",72.55,-3.47043751267632,-0.531854064646862,0.281964159575802,2.61840798310505,49.318936529391,TRUE,NA
"r",72.6,-3.47109176560534,-0.531867257383858,0.281948668758778,2.6190320839292,49.3484780452532,TRUE,NA
"r",72.65,-3.47174564931678,-0.531880438958125,0.281933192355892,2.61965584522886,49.37801785355,TRUE,NA
"r",72.7,-3.47239916426168,-0.531893609387121,0.281917730343046,2.62027926740485,49.4075559559652,TRUE,NA
"r",72.75,-3.47305231089043,-0.531906768688263,0.281902282696212,2.62090235085738,49.4370923541814,TRUE,NA
"r",72.8,-3.47370508965238,-0.53191991687889,0.281886849391452,2.62152509598585,49.4666270498769,TRUE,NA
"r",72.85,-3.47435750099614,-0.531933053976299,0.281871430404898,2.62214750318899,49.4961600447281,TRUE,NA
"r",72.9,-3.47500954536948,-0.531946179997775,0.281856025712672,2.62276957286474,49.525691340409,TRUE,NA
"r",72.95,-3.47566122321921,-0.531959294960593,0.281840635290982,2.6233913054103,49.5552209385896,TRUE,NA
"r",73,-3.47631253499143,-0.531972398881938,0.281825259116106,2.62401270122224,49.5847488409385,TRUE,NA
"r",73.05,-3.47696348113135,-0.53198549177892,0.281809897164421,2.62463376069636,49.614275049121,TRUE,NA
"r",73.1,-3.4776140620833,-0.531998573668741,0.281794549412235,2.62525448422768,49.6437995647996,TRUE,NA
"r",73.15,-3.47826427829088,-0.532011644568414,0.281779215836051,2.62587487221061,49.6733223896344,TRUE,NA
"r",73.2,-3.47891413019667,-0.532024704495,0.281763896412349,2.6264949250387,49.7028435252821,TRUE,NA
"r",73.25,-3.4795636182426,-0.532037753465477,0.281748591117709,2.62711464310493,49.7323629733975,TRUE,NA
"r",73.3,-3.48021274286972,-0.532050791496862,0.281733299928699,2.6277340268015,49.7618807356328,TRUE,NA
"r",73.35,-3.48086150451821,-0.532063818606062,0.281718022821991,2.62835307651988,49.7913968136368,TRUE,NA
"r",73.4,-3.4815099036275,-0.53207683480995,0.28170275977433,2.62897179265089,49.8209112090563,TRUE,NA
"r",73.45,-3.48215794063603,-0.53208984012536,0.281687510762502,2.62959017558455,49.8504239235346,TRUE,NA
"r",73.5,-3.48280561598163,-0.532102834569151,0.281672275763295,2.63020822571025,49.8799349587132,TRUE,NA
"r",73.55,-3.48345293010118,-0.53211581815804,0.281657054753649,2.63082594341666,49.9094443162305,TRUE,NA
"r",73.6,-3.48409988343082,-0.532128790908797,0.281641847710463,2.63144332909171,49.9389519977226,TRUE,NA
"r",73.65,-3.48474647640576,-0.532141752838101,0.28162665461076,2.63206038312268,49.9684580048224,TRUE,NA
"r",73.7,-3.48539270946053,-0.532154703962643,0.281611475431557,2.63267710589609,49.9979623391606,TRUE,NA
"r",73.75,-3.48603858302873,-0.532167644298992,0.281596310150006,2.63329349779782,50.027465002365,TRUE,NA
"r",73.8,-3.48668409754323,-0.532180573863722,0.281581158743281,2.63390955921305,50.0569659960608,TRUE,NA
"r",73.85,-3.4873292534361,-0.532193492673454,0.28156602118851,2.63452529052618,50.0864653218712,TRUE,NA
"r",73.9,-3.48797405113857,-0.532206400744584,0.281550897463082,2.63514069212109,50.115962981416,TRUE,NA
"r",73.95,-3.48861849108104,-0.532219298093711,0.28153578754419,2.63575576438073,50.1454589763126,TRUE,NA
"r",74,-3.48926257369314,-0.532232184737194,0.28152069140928,2.63637050768756,50.1749533081757,TRUE,NA
"r",74.05,-3.48990629940372,-0.532245060691423,0.281505609035787,2.63698492242327,50.2044459786178,TRUE,NA
"r",74.1,-3.49054966864081,-0.532257925972722,0.281490540401216,2.63759900896889,50.2339369892485,TRUE,NA
"r",74.15,-3.49119268183167,-0.532270780597568,0.281475485482971,2.63821276770471,50.263426341675,TRUE,NA
"r",74.2,-3.49183533940272,-0.532283624582054,0.281460444258803,2.63882619901042,50.2929140375017,TRUE,NA
"r",74.25,-3.4924776417796,-0.532296457942562,0.281445416706242,2.63943930326493,50.3224000783304,TRUE,NA
"r",74.3,-3.4931195893872,-0.532309280695212,0.281430402803066,2.6400520808466,50.3518844657606,TRUE,NA
"r",74.35,-3.49376118264962,-0.53232209285626,0.281415402526934,2.64066453213298,50.3813672013892,TRUE,NA
"r",74.4,-3.49440242199012,-0.532334894441796,0.281400415855692,2.64127665750101,50.4108482868104,TRUE,NA
"r",74.45,-3.49504330783121,-0.532347685467919,0.2813854427672,2.64188845732695,50.4403277236158,TRUE,NA
"r",74.5,-3.49568384059465,-0.532360465950694,0.281370483239354,2.6424999319864,50.4698055133946,TRUE,NA
"r",74.55,-3.49632402070138,-0.532373235906222,0.281355537250043,2.64311108185424,50.4992816577335,TRUE,NA
"r",74.6,-3.49696384857154,-0.532385995350404,0.281340604777366,2.64372190730472,50.5287561582163,TRUE,NA
"r",74.65,-3.49760332462458,-0.532398744299236,0.281325685799336,2.64433240871143,50.558229016425,TRUE,NA
"r",74.7,-3.49824244927911,-0.532411482768683,0.281310780294026,2.64494258644726,50.5877002339383,TRUE,NA
"r",74.75,-3.49888122295293,-0.53242421077454,0.281295888239677,2.64555244088444,50.6171698123326,TRUE,NA
"r",74.8,-3.49951964606319,-0.532436928332767,0.281281009614408,2.64616197239456,50.6466377531822,TRUE,NA
"r",74.85,-3.50015771902615,-0.532449635459068,0.281266144396571,2.64677118134853,50.6761040580584,TRUE,NA
"r",74.9,-3.50079544225744,-0.532462332169342,0.281251292564376,2.6473800681166,50.7055687285305,TRUE,NA
"r",74.95,-3.50143281617178,-0.532475018479252,0.281236454096256,2.64798863306837,50.7350317661647,TRUE,NA
"r",75,-3.5020698411832,-0.53248769440453,0.281221628970611,2.64859687657278,50.764493172525,TRUE,NA
"r",75.05,-3.50270651770498,-0.532500359960876,0.281206817165884,2.64920479899811,50.7939529491729,TRUE,NA
"r",75.1,-3.50334284614962,-0.53251301516387,0.281192018660626,2.64981240071199,50.8234110976677,TRUE,NA
"r",75.15,-3.50397882692892,-0.532525660029198,0.281177233433345,2.65041968208141,50.8528676195661,TRUE,NA
"r",75.2,-3.50461446045379,-0.532538294572335,0.281162461462735,2.6510266434727,50.8823225164219,TRUE,NA
"r",75.25,-3.50524974713452,-0.53255091880893,0.281147702727354,2.65163328525148,50.9117757897866,TRUE,NA
"r",75.3,-3.50588468738058,-0.532563532754449,0.281132957205945,2.6522396077828,50.9412274412096,TRUE,NA
"r",75.35,-3.50651928160076,-0.532576136424298,0.281118224877331,2.6528456114311,50.9706774722379,TRUE,NA
"r",75.4,-3.50715353020306,-0.532588729834012,0.281103505720226,2.65345129656007,51.0001258844158,TRUE,NA
"r",75.45,-3.50778743359465,-0.532601312998915,0.281088799713556,2.65405666353278,51.0295726792845,TRUE,NA
"r",75.5,-3.50842099218213,-0.532613885934373,0.281074106836233,2.65466171271175,51.0590178583843,TRUE,NA
"r",75.55,-3.5090542063712,-0.532626448655781,0.281059427067154,2.65526644445872,51.0884614232514,TRUE,NA
"r",75.6,-3.50968707656694,-0.532639001178399,0.281044760385352,2.6558708591349,51.117903375421,TRUE,NA
"r",75.65,-3.51031960317366,-0.532651543517485,0.281030106769898,2.65647495710087,51.1473437164253,TRUE,NA
"r",75.7,-3.51095178659481,-0.532664075688256,0.281015466199898,2.65707873871645,51.1767824477933,TRUE,NA
"r",75.75,-3.51158362723331,-0.532676597705969,0.281000838654449,2.65768220434096,51.206219571053,TRUE,NA
"r",75.8,-3.51221512549122,-0.532689109585687,0.280986224112835,2.65828535433304,51.2356550877293,TRUE,NA
"r",75.85,-3.51284628176986,-0.532701611342678,0.280971622554189,2.65888818905065,51.2650889993443,TRUE,NA
"r",75.9,-3.51347709646996,-0.532714102991894,0.28095703395792,2.65949070885124,51.294521307419,TRUE,NA
"r",75.95,-3.51410756999133,-0.532726584548558,0.280942458303236,2.66009291409147,51.3239520134704,TRUE,NA
"r",76,-3.51473770273316,-0.532739056027523,0.280927895569682,2.66069480512753,51.353381119014,TRUE,NA
"r",76.05,-3.51536749509392,-0.532751517443961,0.280913345736533,2.66129638231485,51.3828086255629,TRUE,NA
"r",76.1,-3.51599694747138,-0.532763968812725,0.280898808783377,2.66189764600838,51.412234534628,TRUE,NA
"r",76.15,-3.51662606026252,-0.532776410148785,0.280884284689711,2.66249859656234,51.4416588477175,TRUE,NA
"r",76.2,-3.51725483386363,-0.532788841467026,0.280869773435113,2.66309923433034,51.4710815663371,TRUE,NA
"r",76.25,-3.5178832686703,-0.532801262782315,0.280855274999219,2.66369955966542,51.5005026919904,TRUE,NA
"r",76.3,-3.51851136507735,-0.532813674109498,0.280840789361681,2.66429957291995,51.5299222261785,TRUE,NA
"r",76.35,-3.51913912347903,-0.532826075463409,0.280826316502185,2.66489927444572,51.5593401704007,TRUE,NA
"r",76.4,-3.5197665442687,-0.532838466858773,0.280811856400537,2.6654986645939,51.5887565261533,TRUE,NA
"r",76.45,-3.52039362783914,-0.532850848310318,0.280797409036558,2.66609774371506,51.6181712949304,TRUE,NA
"r",76.5,-3.52102037458232,-0.532863219832807,0.28078297439004,2.66669651215906,51.6475844782238,TRUE,NA
"r",76.55,-3.52164678488961,-0.532875581440874,0.280768552440927,2.66729497027532,51.6769960775234,TRUE,NA
"r",76.6,-3.52227285915162,-0.532887933149167,0.280754143169159,2.66789311841252,51.7064060943161,TRUE,NA
"r",76.65,-3.52289859775827,-0.532900274972292,0.280739746554717,2.66849095691878,51.7358145300872,TRUE,NA
"r",76.7,-3.52352400109872,-0.532912606924833,0.280725362577651,2.6690884861416,51.7652213863188,TRUE,NA
"r",76.75,-3.52414906956153,-0.532924929021348,0.280710991218026,2.66968570642788,51.7946266644914,TRUE,NA
"r",76.8,-3.52477380353452,-0.532937241276362,0.28069663245596,2.67028261812393,51.8240303660832,TRUE,NA
"r",76.85,-3.52539820340481,-0.532949543704276,0.280682286271692,2.67087922157546,51.8534324925698,TRUE,NA
"r",76.9,-3.5260222695588,-0.532961836319649,0.280667952645359,2.67147551712755,51.8828330454246,TRUE,NA
"r",76.95,-3.52664600238224,-0.532974119136875,0.280653631557235,2.67207150512468,51.9122320261186,TRUE,NA
"r",77,-3.52726940226018,-0.532986392170294,0.280639322987673,2.67266718591079,51.9416294361209,TRUE,NA
"r",77.05,-3.52789246957695,-0.532998655434316,0.280625026916978,2.67326255982913,51.9710252768977,TRUE,NA
"r",77.1,-3.52851520471627,-0.53301090894323,0.280610743325592,2.67385762722251,52.0004195499139,TRUE,NA
"r",77.15,-3.52913760806111,-0.533023152711378,0.280596472193887,2.67445238843296,52.0298122566313,TRUE,NA
"r",77.2,-3.52975967999374,-0.533035386752998,0.280582213502398,2.67504684380203,52.0592033985095,TRUE,NA
"r",77.25,-3.53038142089578,-0.533047611082351,0.280567967231625,2.67564099367066,52.0885929770061,TRUE,NA
"r",77.3,-3.53100283114819,-0.533059825713591,0.280553733362177,2.6762348383792,52.1179809935765,TRUE,NA
"r",77.35,-3.53162391113123,-0.533072030660926,0.280539511874639,2.67682837826739,52.1473674496738,TRUE,NA
"r",77.4,-3.5322446612245,-0.533084225938501,0.280525302749669,2.67742161367445,52.176752346749,TRUE,NA
"r",77.45,-3.53286508180682,-0.533096411560458,0.280511105967955,2.67801454493889,52.2061356862499,TRUE,NA
"r",77.5,-3.53348517325655,-0.533108587540805,0.280496921510301,2.67860717239882,52.2355174696239,TRUE,NA
"r",77.55,-3.53410493595112,-0.533120753893629,0.280482749357461,2.67919949639156,52.2648976983141,TRUE,NA
"r",77.6,-3.53472437026749,-0.533132910632996,0.280468589490242,2.679791517254,52.2942763737629,TRUE,NA
"r",77.65,-3.53534347658195,-0.533145057772859,0.280454441889539,2.68038323532243,52.3236534974105,TRUE,NA
"r",77.7,-3.5359622552699,-0.533157195327154,0.280440306536303,2.68097465093248,52.3530290706934,TRUE,NA
"r",77.75,-3.53658070670631,-0.533169323309879,0.28042618341143,2.68156576441925,52.3824030950473,TRUE,NA
"r",77.8,-3.53719883126543,-0.533181441734896,0.280412072495965,2.68215657611733,52.4117755719055,TRUE,NA
"r",77.85,-3.53781662932076,-0.533193550616051,0.280397973770977,2.68274708636065,52.4411465026985,TRUE,NA
"r",77.9,-3.53843410124525,-0.533205649967267,0.280383887217489,2.68333729548261,52.4705158888553,TRUE,NA
"r",77.95,-3.5390512474111,-0.533217739802286,0.280369812816686,2.68392720381599,52.4998837318021,TRUE,NA
"r",78,-3.53966806818991,-0.533229820134897,0.280355750549736,2.68451681169306,52.5292500329633,TRUE,NA
"r",78.05,-3.5402845639526,-0.5332418909789,0.280341700397826,2.68510611944549,52.5586147937611,TRUE,NA
"r",78.1,-3.54090073506947,-0.533253952348018,0.280327662342197,2.68569512740437,52.5879780156155,TRUE,NA
"r",78.15,-3.54151658191013,-0.533266004255897,0.280313636364204,2.68628383590028,52.6173396999444,TRUE,NA
"r",78.2,-3.54213210484347,-0.533278046716248,0.280299622445152,2.68687224526314,52.6466998481628,TRUE,NA
"r",78.25,-3.54274730423794,-0.533290079742681,0.280285620566441,2.68746035582246,52.6760584616852,TRUE,NA
"r",78.3,-3.54336218046112,-0.533302103348845,0.28027163070945,2.68804816790698,52.7054155419222,TRUE,NA
"r",78.35,-3.54397673388001,-0.533314117548261,0.280257652855717,2.68863568184506,52.7347710902828,TRUE,NA
"r",78.4,-3.54459096486107,-0.533326122354543,0.280243686986665,2.6892228979644,52.7641251081747,TRUE,NA
"r",78.45,-3.54520487376997,-0.533338117781188,0.280229733083893,2.6898098165922,52.7934775970023,TRUE,NA
"r",78.5,-3.54581846097182,-0.533350103841676,0.280215791128974,2.69039643805503,52.8228285581685,TRUE,NA
"r",78.55,-3.54643172683104,-0.533362080549496,0.280201861103536,2.690982762679,52.8521779930738,TRUE,NA
"r",78.6,-3.5470446717115,-0.533374047918065,0.280187942989253,2.69156879078961,52.881525903117,TRUE,NA
"r",78.65,-3.54765729597636,-0.533386005960822,0.280174036767804,2.69215452271178,52.9108722896943,TRUE,NA
"r",78.7,-3.5482695999881,-0.533397954691099,0.280160142420996,2.69273995876994,52.9402171541997,TRUE,NA
"r",78.75,-3.54888158410868,-0.533409894122296,0.280146259930573,2.69332509928794,52.9695604980257,TRUE,NA
"r",78.8,-3.54949324869933,-0.533421824267694,0.280132389278389,2.69390994458905,52.9989023225621,TRUE,NA
"r",78.85,-3.5501045941207,-0.533433745140639,0.280118530446291,2.69449449499606,53.0282426291969,TRUE,NA
"r",78.9,-3.55071562073281,-0.533445656754383,0.280104683416186,2.69507875083115,53.057581419316,TRUE,NA
"r",78.95,-3.55132632889502,-0.533457559122132,0.280090848170062,2.69566271241599,53.086918694303,TRUE,NA
"r",79,-3.55193671896609,-0.533469452257136,0.280077024689872,2.69624638007168,53.1162544555396,TRUE,NA
"r",79.05,-3.55254679130411,-0.533481336172569,0.280063212957661,2.69682975411882,53.1455887044052,TRUE,NA
"r",79.1,-3.55315654626667,-0.533493210881543,0.280049412955536,2.69741283487747,53.1749214422777,TRUE,NA
"r",79.15,-3.55376598421054,-0.533505076397265,0.280035624665532,2.69799562266704,53.2042526705319,TRUE,NA
"r",79.2,-3.55437510549207,-0.533516932732804,0.280021848069824,2.69857811780654,53.2335823905418,TRUE,NA
"r",79.25,-3.55498391046683,-0.53352877990122,0.280008083150623,2.69916032061437,53.262910603678,TRUE,NA
"r",79.3,-3.55559239948985,-0.533540617915587,0.279994329890115,2.69974223140838,53.29223731131,TRUE,NA
"r",79.35,-3.55620057291557,-0.533552446788894,0.2799805882706,2.70032385050596,53.3215625148051,TRUE,NA
"r",79.4,-3.55680843109773,-0.533564266534142,0.279966858274376,2.70090517822388,53.3508862155279,TRUE,NA
"r",79.45,-3.55741597438953,-0.533576077164318,0.279953139883764,2.70148621487843,53.3802084148419,TRUE,NA
"r",79.5,-3.55802320314353,-0.53358787869231,0.279939433081184,2.70206696078535,53.4095291141077,TRUE,NA
"r",79.55,-3.55863011771166,-0.533599671131094,0.279925737849009,2.70264741625985,53.4388483146845,TRUE,NA
"r",79.6,-3.55923671844525,-0.533611454493517,0.279912054169727,2.7032275816166,53.4681660179289,TRUE,NA
"r",79.65,-3.55984300569507,-0.533623228792438,0.279898382025818,2.70380745716976,53.4974822251962,TRUE,NA
"r",79.7,-3.5604489798112,-0.53363499404069,0.279884721399833,2.70438704323295,53.5267969378386,TRUE,NA
"r",79.75,-3.56105464114322,-0.53364675025107,0.279871072274341,2.70496634011931,53.5561101572077,TRUE,NA
"r",79.8,-3.56165999003996,-0.533658497436373,0.279857434631939,2.70554534814135,53.5854218846514,TRUE,NA
"r",79.85,-3.56226502684979,-0.533670235609363,0.279843808455264,2.70612406761116,53.6147321215172,TRUE,NA
"r",79.9,-3.56286975192044,-0.533681964782702,0.279830193727051,2.70670249884029,53.6440408691496,TRUE,NA
"r",79.95,-3.56347416559898,-0.533693684969139,0.279816590429986,2.70728064213971,53.6733481288914,TRUE,NA
"r",80,-3.56407826823188,-0.533705396181316,0.279802998546854,2.7078584978199,53.7026539020828,TRUE,NA
"r",80.05,-3.56468206016515,-0.533717098431904,0.279789418060429,2.70843606619088,53.7319581900633,TRUE,NA
"r",80.1,-3.56528554174404,-0.533728791733502,0.279775848953568,2.70901334756205,53.7612609941691,TRUE,NA
"r",80.15,-3.56588871331335,-0.53374047609874,0.279762291209105,2.70959034224239,53.7905623157355,TRUE,NA
"r",80.2,-3.56649157521713,-0.533752151540096,0.279748744810033,2.7101670505403,53.8198621560948,TRUE,NA
"r",80.25,-3.56709412779896,-0.533763818070192,0.279735209739224,2.71074347276367,53.8491605165778,TRUE,NA
"r",80.3,-3.56769637140179,-0.533775475701561,0.279721685979655,2.71131960921991,53.8784573985135,TRUE,NA
"r",80.35,-3.56829830636798,-0.533787124446634,0.27970817351439,2.71189546021589,53.9077528032286,TRUE,NA
"r",80.4,-3.56889993303932,-0.533798764317857,0.279694672326502,2.71247102605802,53.9370467320481,TRUE,NA
"r",80.45,-3.56950125175699,-0.533810395327732,0.27968118239903,2.71304630705211,53.9663391862948,TRUE,NA
"r",80.5,-3.57010226286157,-0.533822017488628,0.279667703715144,2.71362130350352,53.9956301672893,TRUE,NA
"r",80.55,-3.57070296669312,-0.533833630812945,0.279654236258,2.71419601571713,54.024919676351,TRUE,NA
"r",80.6,-3.57130336359105,-0.53384523531306,0.279640780010778,2.71477044399722,54.0542077147967,TRUE,NA
"r",80.65,-3.57190345389426,-0.533856831001284,0.279627334956754,2.71534458864771,54.0834942839418,TRUE,NA
"r",80.7,-3.57250323794099,-0.53386841788988,0.279613901079239,2.71591844997189,54.1127793850988,TRUE,NA
"r",80.75,-3.57310271606895,-0.533879995991214,0.279600478361466,2.71649202827256,54.1420630195793,TRUE,NA
"r",80.8,-3.57370188861532,-0.533891565317538,0.27958706678679,2.71706532385207,54.1713451886927,TRUE,NA
"r",80.85,-3.57430075591656,-0.533903125881043,0.279573666338645,2.71763833701225,54.2006258937457,TRUE,NA
"r",80.9,-3.57489931830874,-0.533914677693967,0.279560277000418,2.71821106805444,54.2299051360443,TRUE,NA
"r",80.95,-3.57549757612719,-0.533926220768464,0.279546898755591,2.71878351727945,54.2591829168914,TRUE,NA
"r",81,-3.57609552970678,-0.533937755116736,0.27953353158761,2.71935568498761,54.2884592375889,TRUE,NA
"r",81.05,-3.57669317938178,-0.533949280750869,0.279520175480053,2.71992757147877,54.3177340994362,TRUE,NA
"r",81.1,-3.57729052548585,-0.533960797683025,0.279506830416428,2.72049917705225,54.3470075037308,TRUE,NA
"r",81.15,-3.57788756835221,-0.533972305925234,0.279493496380381,2.72107050200694,54.3762794517693,TRUE,NA
"r",81.2,-3.57848430831328,-0.53398380548959,0.279480173355507,2.72164154664112,54.4055499448444,TRUE,NA
"r",81.25,-3.57908074570118,-0.533995296388178,0.279466861325447,2.72221231125273,54.4348189842489,TRUE,NA
"r",81.3,-3.57967688084727,-0.534006778632897,0.27945356027398,2.72278279613909,54.4640865712725,TRUE,NA
"r",81.35,-3.58027271408246,-0.534018252235752,0.279440270184841,2.72335300159714,54.4933527072034,TRUE,NA
"r",81.4,-3.58086824573708,-0.534029717208829,0.279426991041687,2.72392292792323,54.5226173933281,TRUE,NA
"r",81.45,-3.58146347614086,-0.534041173563875,0.279413722828481,2.72449257541331,54.551880630931,TRUE,NA
"r",81.5,-3.58205840562296,-0.534052621313005,0.279400465528898,2.72506194436272,54.5811424212941,TRUE,NA
"r",81.55,-3.58265303451206,-0.534064060467968,0.27938721912693,2.72563103506648,54.6104027656984,TRUE,NA
"r",81.6,-3.58324736313624,-0.534075491040634,0.279373983606482,2.72619984781902,54.6396616654228,TRUE,NA
"r",81.65,-3.58384139182306,-0.534086913042943,0.279360758951414,2.72676838291433,54.6689191217442,TRUE,NA
"r",81.7,-3.5844351208994,-0.534098326486588,0.279347545145799,2.72733664064585,54.6981751359371,TRUE,NA
"r",81.75,-3.58502855069174,-0.534109731383446,0.279334342173592,2.72790462130662,54.7274297092749,TRUE,NA
"r",81.8,-3.58562168152598,-0.534121127745262,0.279321150018845,2.72847232518917,54.7566828430292,TRUE,NA
"r",81.85,-3.5862145137274,-0.534132515583819,0.279307968665611,2.72903975258553,54.785934538469,TRUE,NA
"r",81.9,-3.58680704762081,-0.53414389491072,0.279294798098101,2.72960690378733,54.8151847968623,TRUE,NA
"r",81.95,-3.58739928353038,-0.534155265737787,0.27928163830036,2.73017377908559,54.8444336194743,TRUE,NA
"r",82,-3.58799122177987,-0.534166628076662,0.279268489256584,2.73074037877098,54.8736810075694,TRUE,NA
"r",82.05,-3.58858286269239,-0.534177981938933,0.279255350951046,2.73130670313365,54.9029269624095,TRUE,NA
"r",82.1,-3.58917420659053,-0.534189327336315,0.279242223367926,2.73187275246326,54.9321714852547,TRUE,NA
"r",82.15,-3.58976525379633,-0.534200664280369,0.279229106491528,2.732438527049,54.9614145773634,TRUE,NA
"r",82.2,-3.5903560046313,-0.534211992782663,0.279216000306181,2.73300402717962,54.990656239992,TRUE,NA
"r",82.25,-3.59094645941642,-0.534223312854764,0.27920290479622,2.73356925314335,55.0198964743954,TRUE,NA
"r",82.3,-3.59153661847219,-0.534234624508205,0.279189819946026,2.73413420522804,55.0491352818266,TRUE,NA
"r",82.35,-3.59212648211842,-0.534245927754505,0.279176745740005,2.73469888372097,55.0783726635365,TRUE,NA
"r",82.4,-3.59271605067455,-0.534257222605145,0.279163682162601,2.73526328890901,55.1076086207745,TRUE,NA
"r",82.45,-3.59330532445933,-0.534268509071633,0.279150629198266,2.73582742107852,55.1368431547878,TRUE,NA
"r",82.5,-3.59389430379112,-0.534279787165338,0.279137586831558,2.73639128051547,55.1660762668223,TRUE,NA
"r",82.55,-3.59448298898765,-0.534291056897693,0.279124555047024,2.73695486750531,55.1953079581216,TRUE,NA
"r",82.6,-3.59507138036618,-0.534302318280128,0.279111533829192,2.73751818233302,55.224538229928,TRUE,NA
"r",82.65,-3.59565947824342,-0.534313571323965,0.279098523162727,2.73808122528319,55.2537670834818,TRUE,NA
"r",82.7,-3.59624728293551,-0.534324816040624,0.2790855230322,2.73864399663982,55.282994520021,TRUE,NA
"r",82.75,-3.5968347947581,-0.534336052441364,0.279072533422344,2.73920649668656,55.3122205407826,TRUE,NA
"r",82.8,-3.59742201402635,-0.534347280537504,0.279059554317852,2.73976872570658,55.3414451470014,TRUE,NA
"r",82.85,-3.59800894105481,-0.534358500340333,0.279046585703454,2.74033068398257,55.3706683399104,TRUE,NA
"r",82.9,-3.59859557615761,-0.534369711861144,0.279033627563895,2.7408923717968,55.3998901207411,TRUE,NA
"r",82.95,-3.59918191964828,-0.53438091511113,0.279020679884,2.74145378943101,55.4291104907231,TRUE,NA
"r",83,-3.59976797183981,-0.534392110101538,0.279007742648588,2.74201493716655,55.4583294510837,TRUE,NA
"r",83.05,-3.60035373304474,-0.534403296843507,0.278994815842556,2.74257581528429,55.4875470030492,TRUE,NA
"r",83.1,-3.60093920357509,-0.534414475348237,0.278981899450774,2.74313642406469,55.516763147844,TRUE,NA
"r",83.15,-3.60152438374231,-0.534425645626922,0.278968993458137,2.74369676378769,55.5459778866905,TRUE,NA
"r",83.2,-3.60210927385732,-0.534436807690607,0.278956097849677,2.74425683473283,55.5751912208089,TRUE,NA
"r",83.25,-3.60269387423063,-0.534447961550469,0.278943212610297,2.74481663717916,55.6044031514189,TRUE,NA
"r",83.3,-3.60327818517211,-0.534459107217471,0.278930337725139,2.74537617140534,55.6336136797372,TRUE,NA
"r",83.35,-3.60386220699123,-0.534470244702808,0.278917473179134,2.74593543768953,55.6628228069797,TRUE,NA
"r",83.4,-3.60444593999686,-0.534481374017446,0.278904618957428,2.74649443630947,55.6920305343599,TRUE,NA
"r",83.45,-3.6050293844974,-0.534492495172443,0.27889177504509,2.74705316754241,55.7212368630897,TRUE,NA
"r",83.5,-3.6056125408007,-0.53450360817875,0.27887894142731,2.7476116316652,55.7504417943793,TRUE,NA
"r",83.55,-3.60619540921415,-0.534514713047347,0.278866118089261,2.74816982895426,55.7796453294372,TRUE,NA
"r",83.6,-3.60677799004464,-0.534525809789215,0.278853305016113,2.74872775968552,55.8088474694705,TRUE,NA
"r",83.65,-3.60736028359853,-0.534536898415191,0.278840502193182,2.74928542413451,55.8380482156841,TRUE,NA
"r",83.7,-3.60794229018164,-0.534547978936309,0.278827709605627,2.74984282257624,55.8672475692811,TRUE,NA
"r",83.75,-3.60852401009935,-0.534559051363354,0.278814927238848,2.75039995528543,55.8964455314635,TRUE,NA
"r",83.8,-3.60910544365649,-0.53457011570727,0.278802155078081,2.75095682253618,55.9256421034309,TRUE,NA
"r",83.85,-3.60968659115743,-0.53458117197881,0.278789393108778,2.75151342460231,55.9548372863817,TRUE,NA
"r",83.9,-3.61026745290599,-0.534592220188867,0.278776641316265,2.75206976175709,55.9840310815123,TRUE,NA
"r",83.95,-3.61084802920553,-0.534603260348189,0.278763899686,2.75262583427341,56.0132234900175,TRUE,NA
"r",84,-3.61142832035889,-0.534614292467592,0.278751168203394,2.75318164242369,56.0424145130903,TRUE,NA
"r",84.05,-3.61200832666843,-0.534625316557837,0.278738446853943,2.75373718647998,56.0716041519221,TRUE,NA
"r",84.1,-3.61258804843599,-0.534636332629602,0.278725735623193,2.75429246671382,56.1007924077026,TRUE,NA
"r",84.15,-3.61316748596298,-0.534647340693688,0.278713034496617,2.7548474833964,56.12997928162,TRUE,NA
"r",84.2,-3.61374663955018,-0.534658340760706,0.278700343459849,2.75540223679836,56.1591647748602,TRUE,NA
"r",84.25,-3.61432550949802,-0.534669332841379,0.278687662498447,2.75595672719,56.1883488886081,TRUE,NA
"r",84.3,-3.61490409610635,-0.534680316946343,0.278674991598053,2.75651095484118,56.2175316240465,TRUE,NA
"r",84.35,-3.6154823996746,-0.534691293086191,0.27866233074436,2.75706492002135,56.2467129823568,TRUE,NA
"r",84.4,-3.61606042050166,-0.534702261271631,0.278649679922968,2.75761862299945,56.2758929647187,TRUE,NA
"r",84.45,-3.61663815888593,-0.534713221513185,0.278637039119658,2.75817206404407,56.3050715723098,TRUE,NA
"r",84.5,-3.6172156151253,-0.534724173821385,0.278624408320197,2.75872524342333,56.3342488063063,TRUE,NA
"r",84.55,-3.61779278951724,-0.534735118206873,0.278611787510292,2.75927816140494,56.3634246678829,TRUE,NA
"r",84.6,-3.61836968235872,-0.534746054680094,0.278599176675815,2.75983081825623,56.3925991582127,TRUE,NA
"r",84.65,-3.61894629394622,-0.53475698325161,0.278586575802551,2.76038321424405,56.4217722784671,TRUE,NA
"r",84.7,-3.61952262457567,-0.534767903931868,0.278573984876394,2.76093534963482,56.4509440298151,TRUE,NA
"r",84.75,-3.62009867454261,-0.534778816731333,0.278561403883237,2.76148722469458,56.4801144134251,TRUE,NA
"r",84.8,-3.62067444414205,-0.534789721660536,0.278548832808933,2.76203883968891,56.5092834304633,TRUE,NA
"r",84.85,-3.62124993366854,-0.534800618729719,0.278536271639585,2.76259019488304,56.5384510820944,TRUE,NA
"r",84.9,-3.62182514341617,-0.534811507949497,0.278523720360987,2.76314129054169,56.5676173694816,TRUE,NA
"r",84.95,-3.62240007367846,-0.534822389330134,0.278511178959253,2.7636921269292,56.5967822937857,TRUE,NA
"r",85,-3.62297472474857,-0.534833262881987,0.278498647420427,2.76424270430953,56.625945856167,TRUE,NA
"r",85.05,-3.62354909691912,-0.534844128615452,0.278486125730524,2.76479302294617,56.6551080577834,TRUE,NA
"r",85.1,-3.62412319048226,-0.534854986540836,0.27847361387565,2.76534308310221,56.6842688997913,TRUE,NA
"r",85.15,-3.62469700572969,-0.534865836668446,0.278461111841928,2.76589288504035,56.7134283833458,TRUE,NA
"r",85.2,-3.62527054295262,-0.53487667900853,0.278448619615532,2.76644242902285,56.7425865096,TRUE,NA
"r",85.25,-3.62584380244178,-0.53488751357138,0.278436137182614,2.76699171531156,56.7717432797055,TRUE,NA
"r",85.3,-3.62641678448747,-0.534898340367292,0.278423664529339,2.76754074416792,56.8008986948124,TRUE,NA
"r",85.35,-3.62698948937945,-0.534909159406388,0.27841120164203,2.768089515853,56.830052756069,TRUE,NA
"r",85.4,-3.6275619174071,-0.534919970698939,0.278398748506888,2.7686380306274,56.8592054646223,TRUE,NA
"r",85.45,-3.62813406885924,-0.534930774255068,0.278386305110247,2.76918628875131,56.8883568216171,TRUE,NA
"r",85.5,-3.62870594402428,-0.534941570085071,0.278373871438323,2.76973429048455,56.9175068281971,TRUE,NA
"r",85.55,-3.62927754319016,-0.534952358198951,0.278361447477571,2.77028203608652,56.9466554855044,TRUE,NA
"r",85.6,-3.62984886664436,-0.534963138606908,0.278349033214312,2.77082952581623,56.9758027946793,TRUE,NA
"r",85.65,-3.63041991467388,-0.534973911319057,0.27833662863493,2.77137675993224,57.0049487568607,TRUE,NA
"r",85.7,-3.63099068756524,-0.534984676345429,0.278324233725907,2.77192373869276,57.0340933731855,TRUE,NA
"r",85.75,-3.63156118560457,-0.5349954336961,0.278311848473674,2.77247046235554,57.0632366447897,TRUE,NA
"r",85.8,-3.63213140907743,-0.535006183381146,0.278299472864714,2.77301693117798,57.0923785728068,TRUE,NA
"r",85.85,-3.63270135826902,-0.535016925410647,0.278287106885462,2.77356314541698,57.1215191583696,TRUE,NA
"r",85.9,-3.63327103346408,-0.535027659794482,0.278274750522595,2.77410910532925,57.1506584026092,TRUE,NA
"r",85.95,-3.63384043494674,-0.535038386542761,0.27826240376255,2.7746548111708,57.1797963066539,TRUE,NA
"r",86,-3.63440956300094,-0.535049105665403,0.278250066591977,2.77520026319752,57.2089328716327,TRUE,NA
"r",86.05,-3.63497841790991,-0.53505981717235,0.278237738997497,2.77574546166473,57.2380680986708,TRUE,NA
"r",86.1,-3.63554699995655,-0.535070521073595,0.278225420965703,2.7762904068274,57.2672019888931,TRUE,NA
"r",86.15,-3.63611530942334,-0.53508121737894,0.278213112483359,2.77683509894015,57.2963345434228,TRUE,NA
"r",86.2,-3.63668334659221,-0.53509190609841,0.278200813537055,2.77737953825711,57.3254657633811,TRUE,NA
"r",86.25,-3.63725111174466,-0.535102587241761,0.278188524113623,2.7779237250321,57.3545956498878,TRUE,NA
"r",86.3,-3.63781860516178,-0.535113260818942,0.278176244199722,2.77846765951846,57.3837242040612,TRUE,NA
"r",86.35,-3.63838582712423,-0.535123926839721,0.278163973782203,2.77901134196926,57.4128514270185,TRUE,NA
"r",86.4,-3.63895277791219,-0.535134585314002,0.278151712847793,2.77955477263706,57.4419773198749,TRUE,NA
"r",86.45,-3.63951945780534,-0.535145236251521,0.278139461383379,2.78009795177408,57.4711018837437,TRUE,NA
"r",86.5,-3.64008586708296,-0.535155879662066,0.278127219375812,2.78064087963212,57.5002251197371,TRUE,NA
"r",86.55,-3.64065200602394,-0.535166515555424,0.278114986811944,2.78118355646262,57.5293470289661,TRUE,NA
"r",86.6,-3.6412178749066,-0.535177143941279,0.278102763678759,2.78172598251664,57.5584676125394,TRUE,NA
"r",86.65,-3.641783474009,-0.535187764829447,0.278090549963102,2.78226815804486,57.5875868715651,TRUE,NA
"r",86.7,-3.64234880360854,-0.535198378229589,0.278078345651976,2.78281008329746,57.6167048071486,TRUE,NA
"r",86.75,-3.64291386398231,-0.535208984151382,0.278066150732376,2.78335175852435,57.6458214203945,TRUE,NA
"r",86.8,-3.64347865540694,-0.535219582604512,0.278053965191318,2.78389318397506,57.674936712406,TRUE,NA
"r",86.85,-3.64404317815862,-0.535230173598629,0.278041789015819,2.78443435989862,57.7040506842844,TRUE,NA
"r",86.9,-3.64460743251308,-0.535240757143389,0.278029622192952,2.78497528654383,57.7331633371296,TRUE,NA
"r",86.95,-3.64517141874564,-0.535251333248365,0.278017464709825,2.78551596415896,57.7622746720401,TRUE,NA
"r",87,-3.64573513713116,-0.53526190192318,0.27800531655354,2.786056392992,57.7913846901128,TRUE,NA
"r",87.05,-3.6462985879441,-0.535272463177408,0.277993177711254,2.78659657329054,57.8204933924431,TRUE,NA
"r",87.1,-3.64686177145839,-0.535283017020638,0.27798104817009,2.78713650530167,57.8496007801246,TRUE,NA
"r",87.15,-3.64742468794768,-0.535293563462378,0.277968927917289,2.7876761892723,57.8787068542502,TRUE,NA
"r",87.2,-3.64798733768505,-0.535304102512153,0.277956816940067,2.78821562544883,57.9078116159105,TRUE,NA
"r",87.25,-3.6485497209432,-0.53531463417947,0.277944715225661,2.78875481407728,57.9369150661947,TRUE,NA
"r",87.3,-3.64911183799441,-0.535325158473845,0.277932622761321,2.78929375540334,57.966017206191,TRUE,NA
"r",87.35,-3.64967368911052,-0.53533567540472,0.277920539534375,2.78983244967232,57.9951180369856,TRUE,NA
"r",87.4,-3.65023527456295,-0.535346184981594,0.277908465532094,2.79037089712911,58.0242175596637,TRUE,NA
"r",87.45,-3.65079659462261,-0.53535668721386,0.277896400741857,2.79090909801821,58.0533157753081,TRUE,NA
"r",87.5,-3.65135764956013,-0.535367182110883,0.277884345151096,2.7914470525839,58.0824126850013,TRUE,NA
"r",87.55,-3.6519184396456,-0.53537766968219,0.277872298747084,2.79198476106987,58.1115082898235,TRUE,NA
"r",87.6,-3.65247896514872,-0.535388149937082,0.277860261517309,2.79252222371956,58.1406025908538,TRUE,NA
"r",87.65,-3.65303922633878,-0.535398622884945,0.277848233449197,2.79305944077602,58.1696955891699,TRUE,NA
"r",87.7,-3.65359922348462,-0.535409088535093,0.277836214530258,2.79359641248193,58.1987872858474,TRUE,NA
"r",87.75,-3.65415895685465,-0.535419546896883,0.277824204747958,2.79413313907959,58.227877681961,TRUE,NA
"r",87.8,-3.65471842671691,-0.535429997979661,0.277812204089774,2.79466962081091,58.2569667785842,TRUE,NA
"r",87.85,-3.65527763333889,-0.535440441792663,0.277800212543315,2.79520585791743,58.2860545767876,TRUE,NA
"r",87.9,-3.6558365769879,-0.535450878345213,0.277788230096102,2.7957418506404,58.3151410776427,TRUE,NA
"r",87.95,-3.6563952579306,-0.535461307646504,0.277776256735784,2.79627759922061,58.3442262822174,TRUE,NA
"r",88,-3.65695367643328,-0.535471729705858,0.277764292449916,2.7968131038985,58.3733101915789,TRUE,NA
"r",88.05,-3.65751183276193,-0.535482144532456,0.277752337226167,2.79734836491419,58.4023928067935,TRUE,NA
"r",88.1,-3.65806972718196,-0.535492552135519,0.277740391052197,2.79788338250735,58.4314741289251,TRUE,NA
"r",88.15,-3.65862735995852,-0.535502952524237,0.2777284539157,2.79841815691742,58.4605541590371,TRUE,NA
"r",88.2,-3.65918473135619,-0.535513345707762,0.277716525804402,2.79895268838331,58.4896328981903,TRUE,NA
"r",88.25,-3.65974184163929,-0.535523731695264,0.277704606706029,2.79948697714371,58.5187103474453,TRUE,NA
"r",88.3,-3.66029869107158,-0.535534110495888,0.277692696608338,2.80002102343682,58.5477865078603,TRUE,NA
"r",88.35,-3.66085527991649,-0.535544482118755,0.277680795499117,2.80055482750056,58.5768613804925,TRUE,NA
"r",88.4,-3.66141160843714,-0.535554846572993,0.277668903366158,2.80108838957254,58.6059349663983,TRUE,NA
"r",88.45,-3.66196767689596,-0.535565203867634,0.277657020197346,2.80162170988987,58.6350072666308,TRUE,NA
"r",88.5,-3.66252348555523,-0.535575554011776,0.277645145980501,2.80215478868938,58.6640782822437,TRUE,NA
"r",88.55,-3.66307903467674,-0.535585897014511,0.277633280703482,2.80268762620755,58.6931480142882,TRUE,NA
"r",88.6,-3.66363432452181,-0.535596232884823,0.27762142435425,2.80322022268049,58.7222164638144,TRUE,NA
"r",88.65,-3.66418935535146,-0.535606561631729,0.277609576920717,2.80375257834394,58.751283631871,TRUE,NA
"r",88.7,-3.66474412742615,-0.535616883264284,0.277597738390799,2.80428469343324,58.7803495195045,TRUE,NA
"r",88.75,-3.66529864100612,-0.535627197791436,0.277585908752503,2.80481656818347,58.8094141277613,TRUE,NA
"r",88.8,-3.6658528963511,-0.535637505222156,0.277574087993836,2.80534820282932,58.8384774576857,TRUE,NA
"r",88.85,-3.6664068937204,-0.535647805565464,0.277562276102747,2.80587959760505,58.8675395103205,TRUE,NA
"r",88.9,-3.66696063337299,-0.535658098830181,0.277550473067402,2.8064107527447,58.8966002867073,TRUE,NA
"r",88.95,-3.66751411556742,-0.535668385025332,0.277538678875768,2.80694166848185,58.9256597878863,TRUE,NA
"r",89,-3.66806734056176,-0.535678664159766,0.27752689351598,2.80747234504973,58.9547180148958,TRUE,NA
"r",89.05,-3.66862030861379,-0.535688936242377,0.277515116976158,2.80800278268129,58.9837749687736,TRUE,NA
"r",89.1,-3.66917301998084,-0.535699201282032,0.277503349244431,2.80853298160906,59.0128306505553,TRUE,NA
"r",89.15,-3.66972547491987,-0.535709459287605,0.277491590308961,2.8090629420653,59.0418850612759,TRUE,NA
"r",89.2,-3.67027767368739,-0.535719710267903,0.277479840157949,2.80959266428183,59.0709382019681,TRUE,NA
"r",89.25,-3.67082961653952,-0.535729954231819,0.277468098779541,2.81012214849012,59.0999900736637,TRUE,NA
"r",89.3,-3.67138130373206,-0.535740191188093,0.27745636616202,2.81065139492138,59.1290406773933,TRUE,NA
"r",89.35,-3.67193273552034,-0.535750421145494,0.277444642293662,2.81118040380643,59.1580900141859,TRUE,NA
"r",89.4,-3.67248391215934,-0.535760644112897,0.277432927162654,2.81170917537572,59.1871380850692,TRUE,NA
"r",89.45,-3.67303483390353,-0.535770860098998,0.277421220757345,2.81223770985932,59.2161848910687,TRUE,NA
"r",89.5,-3.67358550100716,-0.535781069112485,0.277409523066107,2.81276600748709,59.2452304332101,TRUE,NA
"r",89.55,-3.67413591372402,-0.535791271162147,0.27739783407722,2.81329406848842,59.2742747125166,TRUE,NA
"r",89.6,-3.67468607230745,-0.535801466256695,0.277386153779049,2.81382189309238,59.3033177300103,TRUE,NA
"r",89.65,-3.67523597701046,-0.535811654404811,0.277374482159998,2.81434948152773,59.3323594867121,TRUE,NA
"r",89.7,-3.67578562808563,-0.535821835615149,0.277362819208492,2.81487683402284,59.3613999836409,TRUE,NA
"r",89.75,-3.67633502578524,-0.535832009896462,0.27735116491288,2.81540395080579,59.3904392218153,TRUE,NA
"r",89.8,-3.67688417036108,-0.535842177257281,0.277339519261737,2.81593083210434,59.4194772022519,TRUE,NA
"r",89.85,-3.67743306206458,-0.535852337706253,0.277327882243493,2.81645747814577,59.4485139259657,TRUE,NA
"r",89.9,-3.67798170114682,-0.535862491252049,0.277316253846621,2.81698388915719,59.4775493939709,TRUE,NA
"r",89.95,-3.67853008785846,-0.535872637903204,0.277304634059687,2.81751006536526,59.50658360728,TRUE,NA
"r",90,-3.67907822244978,-0.535882777668416,0.277293022871138,2.81803600699632,59.5356165669043,TRUE,NA
"r",90.05,-3.67962610517068,-0.535892910556098,0.277281420269671,2.81856171427643,59.5646482738536,TRUE,NA
"r",90.1,-3.68017373627067,-0.535903036574894,0.277269826243798,2.81908718743125,59.5936787291364,TRUE,NA
"r",90.15,-3.68072111599894,-0.535913155733311,0.277258240782143,2.81961242668615,59.6227079337605,TRUE,NA
"r",90.2,-3.68126824460418,-0.535923268039855,0.27724666387336,2.82013743226612,59.6517358887312,TRUE,NA
"r",90.25,-3.68181512233479,-0.535933373503102,0.277235095506024,2.8206622043958,59.6807625950531,TRUE,NA
"r",90.3,-3.68236174943876,-0.535943472131497,0.277223535668864,2.82118674329959,59.7097880537297,TRUE,NA
"r",90.35,-3.68290812616367,-0.53595356393346,0.277211984350609,2.82171104920143,59.7388122657624,TRUE,NA
"r",90.4,-3.68345425275681,-0.535963648917515,0.277200441539937,2.82223512232507,59.7678352321522,TRUE,NA
"r",90.45,-3.68400012946499,-0.535973727092049,0.277188907225614,2.82275896289378,59.796856953898,TRUE,NA
"r",90.5,-3.68454575653474,-0.535983798465602,0.277177381396313,2.8232825711306,59.8258774319981,TRUE,NA
"r",90.55,-3.68509113421213,-0.535993863046434,0.277165864040949,2.82380594725822,59.8548966674489,TRUE,NA
"r",90.6,-3.68563626274291,-0.536003920843058,0.277154355148221,2.82432909149896,59.8839146612455,TRUE,NA
"r",90.65,-3.6861811423724,-0.536013971863789,0.277142854707019,2.82485200407486,59.9129314143819,TRUE,NA
"r",90.7,-3.68672577334559,-0.536024016117053,0.277131362706128,2.82537468520756,59.9419469278507,TRUE,NA
"r",90.75,-3.68727015590714,-0.536034053611179,0.277119879134434,2.82589713511847,59.9709612026435,TRUE,NA
"r",90.8,-3.68781429030125,-0.536044084354442,0.277108403980884,2.82641935402862,59.9999742397501,TRUE,NA
"r",90.85,-3.68835817677175,-0.53605410835523,0.277096937234331,2.82694134215868,60.028986040159,TRUE,NA
"r",90.9,-3.68890181556217,-0.536064125621841,0.277085478883702,2.82746309972904,60.0579966048579,TRUE,NA
"r",90.95,-3.68944520691564,-0.536074136162496,0.277074028918022,2.82798462695978,60.0870059348328,TRUE,NA
"r",91,-3.68998835107491,-0.536084139985618,0.277062587326133,2.8285059240706,60.1160140310685,TRUE,NA
"r",91.05,-3.69053124828232,-0.536094137099346,0.277051154097129,2.82902699128089,60.1450208945483,TRUE,NA
"r",91.1,-3.69107389877996,-0.536104127511962,0.277039729219986,2.82954782880973,60.1740265262547,TRUE,NA
"r",91.15,-3.69161630280943,-0.536114111231671,0.277028312683783,2.83006843687592,60.2030309271684,TRUE,NA
"r",91.2,-3.69215846061204,-0.536124088266745,0.277016904477507,2.83058881569783,60.2320340982691,TRUE,NA
"r",91.25,-3.69270037242873,-0.536134058625325,0.2770055045903,2.83110896549364,60.2610360405353,TRUE,NA
"r",91.3,-3.69324203850001,-0.536144022315653,0.276994113011209,2.83162888648108,60.2900367549437,TRUE,NA
"r",91.35,-3.69378345906606,-0.536153979345861,0.276982729729386,2.83214857887763,60.31903624247,TRUE,NA
"r",91.4,-3.6943246343668,-0.536163929724117,0.276971354733953,2.83266804290047,60.3480345040894,TRUE,NA
"r",91.45,-3.69486556464156,-0.536173873458583,0.276959988014063,2.83318727876636,60.377031540774,TRUE,NA
"r",91.5,-3.69540625012956,-0.536183810557356,0.276948629558916,2.83370628669189,60.4060273534966,TRUE,NA
"r",91.55,-3.69594669106953,-0.536193741028564,0.276937279357696,2.83422506689322,60.4350219432278,TRUE,NA
"r",91.6,-3.69648688769976,-0.536203664880281,0.276925937399654,2.8347436195862,60.4640153109363,TRUE,NA
"r",91.65,-3.69702684025838,-0.536213582120642,0.27691460367399,2.83526194498645,60.4930074575909,TRUE,NA
"r",91.7,-3.69756654898297,-0.536223492757669,0.276903278169984,2.83578004330912,60.5219983841578,TRUE,NA
"r",91.75,-3.69810601411093,-0.536233396799479,0.276891960876882,2.8362979147692,60.5509880916034,TRUE,NA
"r",91.8,-3.69864523587917,-0.536243294254072,0.276880651784016,2.8368155595813,60.5799765808916,TRUE,NA
"r",91.85,-3.69918421452418,-0.536253185129434,0.276869350880738,2.83733297795966,60.6089638529849,TRUE,NA
"r",91.9,-3.69972295028238,-0.536263069433646,0.276858058156336,2.83785017011835,60.6379499088462,TRUE,NA
"r",91.95,-3.70026144338949,-0.536272947174669,0.27684677360021,2.83836713627096,60.6669347494349,TRUE,NA
"r",92,-3.70079969408118,-0.536282818360496,0.276835497201715,2.83888387663092,60.6959183757113,TRUE,NA
"r",92.05,-3.70133770259253,-0.536292682999105,0.276824228950254,2.83940039141122,60.7249007886329,TRUE,NA
"r",92.1,-3.70187546915837,-0.53630254109841,0.276812968835284,2.83991668082461,60.7538819891565,TRUE,NA
"r",92.15,-3.7024129940132,-0.536312392666419,0.276801716846186,2.84043274508351,60.7828619782378,TRUE,NA
"r",92.2,-3.70295027739109,-0.536322237710999,0.27679047297247,2.84094858440002,60.8118407568307,TRUE,NA
"r",92.25,-3.70348731952589,-0.536332076240099,0.276779237203589,2.84146419898599,60.840818325889,TRUE,NA
"r",92.3,-3.70402412065095,-0.536341908261617,0.276768009529046,2.84197958905289,60.8697946863641,TRUE,NA
"r",92.35,-3.70456068099932,-0.536351733783409,0.276756789938381,2.84249475481188,60.8987698392061,TRUE,NA
"r",92.4,-3.70509700080381,-0.536361552813347,0.276745578421128,2.8430096964739,60.9277437853654,TRUE,NA
"r",92.45,-3.70563308029668,-0.536371365359296,0.276734374966846,2.84352441424945,60.9567165257891,TRUE,NA
"r",92.5,-3.70616891971007,-0.536381171429158,0.276723179565059,2.84403890834886,60.9856880614249,TRUE,NA
"r",92.55,-3.70670451927554,-0.536390971030677,0.276711992205432,2.84455317898203,61.0146583932177,TRUE,NA
"r",92.6,-3.70723987922446,-0.536400764171698,0.27670081287757,2.84506722635866,61.0436275221122,TRUE,NA
"r",92.65,-3.70777499978789,-0.53641055086006,0.276689641571059,2.8455810506881,61.0725954490521,TRUE,NA
"r",92.7,-3.70830988119638,-0.536420331103466,0.276678478275633,2.84609465217937,61.1015621749787,TRUE,NA
"r",92.75,-3.7088445236803,-0.536430104909765,0.276667322980912,2.84660803104125,61.1305277008333,TRUE,NA
"r",92.8,-3.70937892746956,-0.536439872286637,0.276656175676648,2.84712118748218,61.1594920275552,TRUE,NA
"r",92.85,-3.70991309279375,-0.536449633241907,0.276645036352481,2.84763412171022,61.1884551560825,TRUE,NA
"r",92.9,-3.71044701988221,-0.536459387783308,0.276633904998158,2.84814683393332,61.2174170873528,TRUE,NA
"r",92.95,-3.71098070896377,-0.536469135918484,0.276622781603479,2.8486593243589,61.2463778223013,TRUE,NA
"r",93,-3.71151416026714,-0.536478877655243,0.276611666158136,2.84917159319429,61.2753373618635,TRUE,NA
"r",93.05,-3.71204737402054,-0.536488613001157,0.276600558652014,2.84968364064641,61.3042957069728,TRUE,NA
"r",93.1,-3.71258035045177,-0.536498341963993,0.276589459074854,2.85019546692185,61.3332528585606,TRUE,NA
"r",93.15,-3.71311308978855,-0.536508064551383,0.276578367416501,2.850707072227,61.3622088175591,TRUE,NA
"r",93.2,-3.71364559225804,-0.536517780770986,0.276567283666794,2.85121845676786,61.3911635848976,TRUE,NA
"r",93.25,-3.71417785808716,-0.536527490630446,0.276556207815596,2.85172962075019,61.4201171615049,TRUE,NA
"r",93.3,-3.71470988750248,-0.536537194137363,0.276545139852811,2.85224056437946,61.4490695483087,TRUE,NA
"r",93.35,-3.7152416807302,-0.536546891299341,0.276534079768342,2.85275128786079,61.478020746235,TRUE,NA
"r",93.4,-3.71577323799622,-0.536556582124024,0.276523027552073,2.85326179139902,61.5069707562089,TRUE,NA
"r",93.45,-3.71630455952608,-0.536566266618949,0.276511983193979,2.85377207519872,61.5359195791544,TRUE,NA
"r",93.5,-3.7168356455451,-0.536575944791718,0.276500946683995,2.85428213946419,61.5648672159947,TRUE,NA
"r",93.55,-3.71736649627809,-0.53658561664986,0.276489918012123,2.85479198439938,61.5938136676509,TRUE,NA
"r",93.6,-3.71789711194957,-0.536595282200968,0.276478897168306,2.8553016102079,61.6227589350429,TRUE,NA
"r",93.65,-3.71842749278388,-0.536604941452466,0.276467884142668,2.85581101709329,61.6517030190911,TRUE,NA
"r",93.7,-3.71895763900483,-0.536614594412002,0.276456878925105,2.85632020525847,61.6806459207124,TRUE,NA
"r",93.75,-3.71948755083603,-0.536624241087007,0.276445881505747,2.85682917490634,61.7095876408242,TRUE,NA
"r",93.8,-3.72001722850073,-0.53663388148498,0.276434891874641,2.8573379262394,61.7385281803423,TRUE,NA
"r",93.85,-3.72054667222174,-0.536643515613401,0.276423910021887,2.85784645945981,61.7674675401803,TRUE,NA
"r",93.9,-3.72107588222178,-0.536653143479777,0.276412935937542,2.85835477476957,61.7964057212526,TRUE,NA
"r",93.95,-3.72160485872302,-0.536662765091457,0.27640196961182,2.85886287237029,61.8253427244708,TRUE,NA
"r",94,-3.7221336019474,-0.536672380455971,0.276391011034791,2.85937075246332,61.8542785507459,TRUE,NA
"r",94.05,-3.72266211211655,-0.536681989580726,0.276380060196616,2.85987841524972,61.883213200988,TRUE,NA
"r",94.1,-3.72319038945169,-0.536691592473143,0.276369117087477,2.86038586093025,61.9121466761054,TRUE,NA
"r",94.15,-3.72371843417383,-0.536701189140516,0.276358181697666,2.86089308970547,61.941078977006,TRUE,NA
"r",94.2,-3.72424624650352,-0.5367107795904,0.276347254017231,2.86140010177545,61.9700101045955,TRUE,NA
"r",94.25,-3.72477382666117,-0.536720363830105,0.276336334036472,2.86190689734023,61.9989400597801,TRUE,NA
"r",94.3,-3.72530117486667,-0.536729941866953,0.276325421745669,2.86241347659937,62.027868843463,TRUE,NA
"r",94.35,-3.7258282913397,-0.536739513708332,0.27631451713505,2.86291983975221,62.0567964565473,TRUE,NA
"r",94.4,-3.7263551762996,-0.536749079361512,0.276303620194965,2.86342598699786,62.0857228999349,TRUE,NA
"r",94.45,-3.72688182996537,-0.536758638833918,0.276292730915622,2.86393191853504,62.114648174526,TRUE,NA
"r",94.5,-3.72740825255577,-0.536768192132776,0.276281849287416,2.86443763456231,62.1435722812208,TRUE,NA
"r",94.55,-3.72793444428908,-0.536777739265458,0.276270975300615,2.86494313527779,62.1724952209169,TRUE,NA
"r",94.6,-3.72846040538339,-0.536787280239165,0.276260108945653,2.86544842087948,62.2014169945117,TRUE,NA
"r",94.65,-3.72898613605646,-0.53679681506124,0.27624925021284,2.86595349156499,62.2303376029013,TRUE,NA
"r",94.7,-3.72951163652565,-0.536806343738903,0.276238399092601,2.86645834753168,62.2592570469803,TRUE,NA
"r",94.75,-3.73003690700817,-0.536815866279414,0.276227555575324,2.86696298897668,62.2881753276431,TRUE,NA
"r",94.8,-3.73056194772071,-0.536825382690054,0.276216719651412,2.86746741609675,62.3170924457818,TRUE,NA
"r",94.85,-3.73108675887972,-0.536834892977932,0.276205891311387,2.86797162908841,62.3460084022875,TRUE,NA
"r",94.9,-3.73161134070148,-0.536844397150329,0.276195070545652,2.86847562814796,62.3749231980519,TRUE,NA
"r",94.95,-3.73213569340165,-0.536853895214422,0.27618425734471,2.8689794134713,62.4038368339626,TRUE,NA
"r",95,-3.73265981719592,-0.536863387177455,0.276173451698995,2.86948298525417,62.4327493109091,TRUE,NA
"r",95.05,-3.7331837122994,-0.536872873046573,0.276162653599048,2.86998634369194,62.4616606297775,TRUE,NA
"r",95.1,-3.733707378927,-0.536882352828902,0.276151863035423,2.87048948897976,62.4905707914539,TRUE,NA
"r",95.15,-3.73423081729337,-0.536891826531586,0.276141079998671,2.87099242131253,62.5194797968235,TRUE,NA
"r",95.2,-3.73475402761267,-0.536901294161777,0.276130304479338,2.87149514088476,62.5483876467691,TRUE,NA
"r",95.25,-3.73527701009898,-0.536910755726631,0.27611953646798,2.87199764789082,62.577294342174,TRUE,NA
"r",95.3,-3.73579976496588,-0.536920211233218,0.276108775955229,2.87249994252471,62.6061998839191,TRUE,NA
"r",95.35,-3.73632229242671,-0.536929660688607,0.276098022931719,2.87300202498018,62.6351042728848,TRUE,NA
"r",95.4,-3.73684459269456,-0.536939104099976,0.276087277388014,2.87350389545077,62.6640075099506,TRUE,NA
"r",95.45,-3.73736666598206,-0.536948541474329,0.276076539314805,2.8740055541296,62.6929095959939,TRUE,NA
"r",95.5,-3.73788851250174,-0.536957972818792,0.27606580870271,2.87450700120968,62.7218105318925,TRUE,NA
"r",95.55,-3.73841013246569,-0.536967398140317,0.276055085542502,2.87500823688371,62.7507103185221,TRUE,NA
"r",95.6,-3.73893152608557,-0.53697681744602,0.276044369824801,2.87550926134395,62.7796089567566,TRUE,NA
"r",95.65,-3.73945269357305,-0.536986230742865,0.276033661540388,2.87601007478269,62.8085064474708,TRUE,NA
"r",95.7,-3.73997363513918,-0.536995638037961,0.276022960679904,2.87651067739163,62.8374027915362,TRUE,NA
"r",95.75,-3.74049435099501,-0.537005039338251,0.276012267234149,2.87701106936249,62.8662979898256,TRUE,NA
"r",95.8,-3.74101484135102,-0.5370144346507,0.276001581193905,2.87751125088651,62.8951920432086,TRUE,NA
"r",95.85,-3.74153510641742,-0.537023823982289,0.275990902549964,2.87801122215474,62.9240849525541,TRUE,NA
"r",95.9,-3.74205514640431,-0.537033207340062,0.275980231293051,2.87851098335798,62.952976718731,TRUE,NA
"r",95.95,-3.74257496152129,-0.53704258473089,0.275969567414039,2.87901053468669,62.9818673426061,TRUE,NA
"r",96,-3.74309455197779,-0.537051956161729,0.275958910903765,2.87950987633118,63.0107568250458,TRUE,NA
"r",96.05,-3.74361391798282,-0.537061321639531,0.275948261753059,2.88000900848142,63.0396451669147,TRUE,NA
"r",96.1,-3.74413305974514,-0.53707068117124,0.275937619952748,2.88050793132703,63.0685323690765,TRUE,NA
"r",96.15,-3.74465197747323,-0.537080034763692,0.275926985493789,2.88100664505755,63.0974184323942,TRUE,NA
"r",96.2,-3.74517067137529,-0.537089382423823,0.275916358367032,2.88150514986211,63.1263033577296,TRUE,NA
"r",96.25,-3.74568914165917,-0.537098724158533,0.275905738563378,2.88200344592963,63.1551871459434,TRUE,NA
"r",96.3,-3.74620738853242,-0.537108059974684,0.27589512607377,2.88250153344877,63.1840697978949,TRUE,NA
"r",96.35,-3.74672541220231,-0.53711738987909,0.275884520889195,2.8829994126079,63.2129513144426,TRUE,NA
"r",96.4,-3.74724321287584,-0.537126713878655,0.275873923000549,2.88349708359513,63.241831696444,TRUE,NA
"r",96.45,-3.74776079075968,-0.537136031980144,0.27586333239889,2.88399454659837,63.2707109447556,TRUE,NA
"r",96.5,-3.74827814606019,-0.53714534419051,0.2758527490751,2.88449180180514,63.2995890602324,TRUE,NA
"r",96.55,-3.74879527898353,-0.537154650516443,0.275842173020291,2.88498884940287,63.3284660437292,TRUE,NA
"r",96.6,-3.74931218973533,-0.537163950964795,0.275831604225441,2.8854856895785,63.3573418960979,TRUE,NA
"r",96.65,-3.74982887852128,-0.537173245542346,0.27582104268161,2.88598232251899,63.3862166181922,TRUE,NA
"r",96.7,-3.75034534554642,-0.537182534255896,0.275810488379833,2.88647874841076,63.4150902108617,TRUE,NA
"r",96.75,-3.75086159101577,-0.53719181711222,0.275799941311172,2.88697496744017,63.4439626749574,TRUE,NA
"r",96.8,-3.7513776151339,-0.537201094118028,0.275789401466764,2.88747097979324,63.4728340113277,TRUE,NA
"r",96.85,-3.75189341810511,-0.537210365280089,0.27577886883769,2.88796678565571,63.5017042208204,TRUE,NA
"r",96.9,-3.75240900013352,-0.537219630605128,0.27576834341508,2.88846238521318,63.530573304283,TRUE,NA
"r",96.95,-3.75292436142271,-0.537228890099842,0.275757825190097,2.88895777865081,63.5594412625601,TRUE,NA
"r",97,-3.75343950217629,-0.537238143771031,0.275747314153805,2.88945296615363,63.5883080964974,TRUE,NA
"r",97.05,-3.75395442259736,-0.537247391625315,0.275736810297448,2.8899479479064,63.6171738069383,TRUE,NA
"r",97.1,-3.75446912288876,-0.537256633669386,0.275726313612206,2.89044272409359,63.6460383947251,TRUE,NA
"r",97.15,-3.75498360325315,-0.537265869909957,0.275715824089248,2.89093729489946,63.6749018607,TRUE,NA
"r",97.2,-3.75549786389275,-0.537275100353656,0.275705341719815,2.89143166050792,63.703764205703,TRUE,NA
"r",97.25,-3.7560119050096,-0.537284325007158,0.275694866495128,2.89192582110274,63.7326254305739,TRUE,NA
"r",97.3,-3.75652572680544,-0.537293543877112,0.275684398406426,2.89241977686738,63.7614855361511,TRUE,NA
"r",97.35,-3.75703932948159,-0.537302756970143,0.275673937444976,2.89291352798498,63.7903445232715,TRUE,NA
"r",97.4,-3.75755271323934,-0.537311964292802,0.275663483602113,2.89340707463862,63.8192023927724,TRUE,NA
"r",97.45,-3.75806587827948,-0.537321165851817,0.275653036869023,2.89390041701088,63.8480591454885,TRUE,NA
"r",97.5,-3.75857882480258,-0.537330361653741,0.27564259723707,2.89439355528428,63.8769147822543,TRUE,NA
"r",97.55,-3.75909155300898,-0.537339551705128,0.275632164697592,2.89488648964103,63.9057693039035,TRUE,NA
"r",97.6,-3.75960406309861,-0.537348736012571,0.275621739241916,2.89537922026302,63.9346227112676,TRUE,NA
"r",97.65,-3.76011635527128,-0.537357914582663,0.275611320861374,2.89587174733199,63.9634750051786,TRUE,NA
"r",97.7,-3.76062842972636,-0.537367087421933,0.275600909547352,2.89636407102934,63.9923261864662,TRUE,NA
"r",97.75,-3.76114028666307,-0.537376254536958,0.275590505291209,2.89685619153631,64.02117625596,TRUE,NA
"r",97.8,-3.76165192628026,-0.53738541593418,0.275580108084422,2.89734810903383,64.0500252144879,TRUE,NA
"r",97.85,-3.76216334877647,-0.537394571620233,0.275569717918304,2.89783982370255,64.078873062877,TRUE,NA
"r",97.9,-3.76267455435012,-0.537403721601515,0.275559334784397,2.89833133572301,64.1077198019539,TRUE,NA
"r",97.95,-3.76318554319915,-0.537412865884618,0.275548958674044,2.8988226452753,64.1365654325431,TRUE,NA
"r",98,-3.7636963155214,-0.537422004476,0.275538589578749,2.89931375253945,64.1654099554693,TRUE,NA
"r",98.05,-3.7642068715143,-0.537431137382168,0.275528227489948,2.89980465769511,64.1942533715555,TRUE,NA
"r",98.1,-3.76471721137502,-0.537440264609502,0.275517872399211,2.90029536092175,64.2230956816233,TRUE,NA
"r",98.15,-3.76522733530056,-0.537449386164523,0.27550752429799,2.9007858623986,64.2519368864945,TRUE,NA
"r",98.2,-3.76573724348746,-0.537458502053703,0.275497183177782,2.90127616230456,64.2807769869885,TRUE,NA
"r",98.25,-3.7662469361322,-0.537467612283387,0.275486849030203,2.90176626081846,64.3096159839252,TRUE,NA
"r",98.3,-3.7667564134308,-0.537476716860087,0.275476521846712,2.90225615811866,64.3384538781221,TRUE,NA
"r",98.35,-3.76726567557907,-0.537485815790146,0.275466201618938,2.90274585438342,64.3672906703963,TRUE,NA
"r",98.4,-3.7677747227726,-0.537494909080088,0.275455888338354,2.90323534979071,64.3961263615642,TRUE,NA
"r",98.45,-3.76828355520659,-0.537503996736124,0.27544558199673,2.90372464451832,64.4249609524404,TRUE,NA
"r",98.5,-3.7687921730761,-0.537513078764766,0.275435282585531,2.9042137387437,64.4537944438397,TRUE,NA
"r",98.55,-3.76930057657578,-0.537522155172355,0.275424990096432,2.90470263264412,64.4826268365745,TRUE,NA
"r",98.6,-3.76980876590009,-0.537531225965245,0.275414704521051,2.90519132639653,64.5114581314571,TRUE,NA
"r",98.65,-3.77031674124325,-0.537540291149757,0.275404425851084,2.90567982017781,64.5402883292991,TRUE,NA
"r",98.7,-3.77082450279907,-0.537549350732264,0.275394154078158,2.90616811416438,64.5691174309098,TRUE,NA
"r",98.75,-3.77133205076124,-0.537558404719102,0.275383889193953,2.90665620853256,64.597945437099,TRUE,NA
"r",98.8,-3.77183938532315,-0.537567453116557,0.275373631190184,2.90714410345843,64.6267723486749,TRUE,NA
"r",98.85,-3.77234650667775,-0.53757649593096,0.275363380058556,2.90763179911773,64.6555981664439,TRUE,NA
"r",98.9,-3.77285341501801,-0.537585533168643,0.275353135790748,2.90811929568606,64.6844228912131,TRUE,NA
"r",98.95,-3.77336011053636,-0.537594564835769,0.275342898378615,2.90860659333874,64.713246523787,TRUE,NA
"r",99,-3.77386659342514,-0.537603590938776,0.275332667813767,2.90909369225084,64.7420690649702,TRUE,NA
"r",99.05,-3.77437286387636,-0.537612611483814,0.275322444088066,2.90958059259723,64.7708905155662,TRUE,NA
"r",99.1,-3.77487892208167,-0.537621626477152,0.275312227193293,2.91006729455249,64.7997108763765,TRUE,NA
"r",99.15,-3.77538476823267,-0.537630635925142,0.275302017121153,2.91055379829103,64.8285301482032,TRUE,NA
"r",99.2,-3.77589040252043,-0.537639639833874,0.275291813863566,2.91104010398691,64.8573483318459,TRUE,NA
"r",99.25,-3.77639582513602,-0.537648638209638,0.275281617412312,2.91152621181411,64.8861654281047,TRUE,NA
"r",99.3,-3.77690103627006,-0.53765763105867,0.275271427759206,2.91201212194625,64.9149814377778,TRUE,NA
"r",99.35,-3.77740603611288,-0.537666618387125,0.275261244896151,2.91249783455674,64.943796361662,TRUE,NA
"r",99.4,-3.77791082485473,-0.537675600201263,0.275251068814946,2.9129833498188,64.9726102005546,TRUE,NA
"r",99.45,-3.77841540268542,-0.537684576507181,0.275240899507563,2.91346866790537,65.0014229552504,TRUE,NA
"r",99.5,-3.77891976979463,-0.537693547311133,0.275230736965808,2.91395378898918,65.0302346265447,TRUE,NA
"r",99.55,-3.7794239263717,-0.537702512619252,0.275220581181624,2.91443871324273,65.0590452152309,TRUE,NA
"r",99.6,-3.7799278726056,-0.537711472437645,0.275210432146975,2.91492344083819,65.0878547221007,TRUE,NA
"r",99.65,-3.78043160868527,-0.537720426772549,0.275200289853716,2.91540797194765,65.1166631479467,TRUE,NA
"r",99.7,-3.78093513479919,-0.537729375629979,0.275190154293907,2.91589230674289,65.1454704935589,TRUE,NA
"r",99.75,-3.78143845113582,-0.537738319016184,0.275180025459395,2.91637644539549,65.1742767597285,TRUE,NA
"r",99.8,-3.78194155788302,-0.537747256937215,0.275169903342213,2.9168603880767,65.2030819472426,TRUE,NA
"r",99.85,-3.78244445522861,-0.537756189399146,0.275159787934375,2.91734413495761,65.2318860568896,TRUE,NA
"r",99.9,-3.78294714336019,-0.537765116408091,0.275149679227881,2.91782768620918,65.260689089457,TRUE,NA
"r",99.95,-3.78344962246492,-0.537774037970179,0.275139577214701,2.91831104200193,65.28949104573,TRUE,NA
"r",100,-3.78395189272985,-0.537782954091476,0.275129481886875,2.91879420250628,65.3182919264938,TRUE,NA
