"sweep_param","sweep_value","xL","xk","xl","xU","gamma","converged","error_msg"
"r",0.05,-1.18088216169013,-0.605169089424477,0.00682982386708819,0.583209069580191,2.41948267979795,TRUE,NA
"r",0.1,-1.20121892307016,-0.625599317793585,-0.0110690234995474,0.578702665744569,2.49292690114214,TRUE,NA
"r",0.15,-1.22119587285537,-0.645537459998201,-0.0284777622875296,0.574687111828782,2.56631935987929,TRUE,NA
"r",0.2,-1.24082076725278,-0.664997910436988,-0.0454137044507165,0.571140201655215,2.63963617644604,TRUE,NA
"r",0.25,-1.26010181870941,-0.683995110050654,-0.0618940901939073,0.568040811955358,2.71285659351498,TRUE,NA
"r",0.3,-1.27904754826744,-0.702543418398211,-0.0779359499040969,0.565368877472218,2.78596263072913,TRUE,NA
"r",0.35,-1.29766665929848,-0.720657007518252,-0.0935559902783205,0.563105330382461,2.85893875865503,TRUE,NA
"r",0.4,-1.31596793162774,-0.738349776499425,-0.108770503461948,0.561232012343326,2.93177159707271,TRUE,NA
"r",0.45,-1.33396013469137,-0.755635285279501,-0.123595297556054,0.559731567618756,3.00444964094592,TRUE,NA
"r",0.5,-1.35165195809939,-0.772526705896372,-0.138045646517989,0.558587325526462,3.076963015834,TRUE,NA
"r",0.55,-1.36905195779761,-0.789036789221072,-0.152136257259547,0.557783179922461,3.14930326314954,TRUE,NA
"r",0.6,-1.38616851592618,-0.805177845102274,-0.165881251631171,0.557303472652279,3.22146315454505,TRUE,NA
"r",0.65,-1.40300981244995,-0.82096173383257,-0.179294160956431,0.557132886900899,3.29343653383089,TRUE,NA
"r",0.7,-1.41958380667487,-0.83639986689576,-0.192387930833444,0.557256355219749,3.36521818417353,TRUE,NA
"r",0.75,-1.43589822685415,-0.851503215058935,-0.205174934035706,0.557658985754153,3.43680371788291,TRUE,NA
"r",0.8,-1.45196056621656,-0.866282322020664,-0.217666989509436,0.55832600889566,3.50818948584794,TRUE,NA
"r",0.85,-1.46777808390626,-0.880747322005258,-0.229875385664401,0.559242745298908,3.57937250359553,TRUE,NA
"r",0.9,-1.48335780949985,-0.894907959892562,-0.24181090637972,0.560394594990376,3.65035039100419,TRUE,NA
"r",0.95,-1.49870654995264,-0.908773612682499,-0.253483858381806,0.561767046210594,3.72112132287096,TRUE,NA
"r",1,-1.51383089801448,-0.922353311305725,-0.264904098890346,0.563345701720364,3.79168398778333,TRUE,NA
"r",1.05,-1.52873724134016,-0.935655761998415,-0.276081062661723,0.565116319601619,3.8620375530603,TRUE,NA
"r",1.1,-1.54343177169304,-0.948689366653389,-0.287023787777072,0.567064865117321,3.9321816338715,TRUE,NA
"r",1.15,-1.55792049380026,-0.961462241737468,-0.297740939722709,0.569177569969156,4.00211626500281,TRUE,NA
"r",1.2,-1.57220923355883,-0.973982235521521,-0.30824083348683,0.571440995296162,4.07184187408762,TRUE,NA
"r",1.25,-1.58630364541318,-0.986256943502577,-0.318531453544803,0.573842094966389,4.14135925545112,TRUE,NA
"r",1.3,-1.60020921882448,-0.998293722006923,-0.328620471728907,0.576368276091021,4.21066954401088,TRUE,NA
"r",1.35,-1.61393128382965,-1.01009970004569,-0.338515263069766,0.579007454187001,4.27977418892403,TRUE,NA
"r",1.4,-1.62747501574849,-1.02168178955931,-0.348222919769072,0.581748100988829,4.34867492688553,TRUE,NA
"r",1.45,-1.64084543913408,-1.03304669422277,-0.357750263502717,0.584579283506286,4.41737375512712,TRUE,NA
"r",1.5,-1.65404743108908,-1.0442009170106,-0.367103856280062,0.587490693510011,4.48587290429239,TRUE,NA
"r",1.55,-1.66708572407888,-1.05515076672488,-0.376290010094144,0.590472667160457,4.55417481142759,TRUE,NA
"r",1.6,-1.67996490837206,-1.0659023636835,-0.385314795583773,0.593516194956225,4.62228209336154,TRUE,NA
"r",1.65,-1.69268943423526,-1.07646164475828,-0.394184049923141,0.59661292255711,4.69019752077167,TRUE,NA
"r",1.7,-1.70526361398578,-1.08683436791996,-0.402903384112879,0.59975514330799,4.75792399318384,TRUE,NA
"r",1.75,-1.71769162400902,-1.09702611644898,-0.411478189859146,0.60293578350149,4.82546451519075,TRUE,NA
"r",1.8,-1.72997750679521,-1.10704230290437,-0.419913646126679,0.606148381490602,4.89282217401738,TRUE,NA
"r",1.85,-1.74212517308057,-1.11688817297849,-0.428214725543811,0.609387061849335,4.960000118681,TRUE,NA
"r",1.9,-1.75413840411056,-1.12656880928146,-0.43638620065038,0.612646505706247,5.02700154077553,TRUE,NA
"r",1.95,-1.76602085404033,-1.13608913509421,-0.444432650299708,0.615921918319423,5.09382965690535,TRUE,NA
"r",2,NA,NA,NA,NA,NA,FALSE,"S1: |a_{i,1}|≈0 detected. Use the cubic (Remark 1) branch for p_i(x)."
"r",2.05,-1.78940740788534,-1.15466777510186,-0.460167854578565,0.622503886242044,5.22697887139491,TRUE,NA
"r",2.1,-1.80091820870116,-1.16373517356133,-0.46786485279881,0.625803161641212,5.29330639443138,TRUE,NA
"r",2.15,-1.81231162879185,-1.17266043863389,-0.475453325232303,0.629103776871677,5.35947343985418,TRUE,NA
"r",2.2,-1.82359072896051,-1.18144775501799,-0.482936973727933,0.632403038602382,5.42548314675073,TRUE,NA
"r",2.25,-1.83475846085328,-1.19010117173793,-0.490319343647986,0.635698572804228,5.4913386096727,TRUE,NA
"r",2.3,-1.84581767025806,-1.19862460607893,-0.497603829695159,0.638988294010469,5.55704287183689,TRUE,NA
"r",2.35,-1.85677110053986,-1.20702184761427,-0.504793681967724,0.642270376522446,5.6225989198,TRUE,NA
"r",2.4,-1.86762139612116,-1.21529656222378,-0.511892011943017,0.645543227596894,5.68800967924954,TRUE,NA
"r",2.45,-1.87837110596361,-1.22345229606058,-0.518901798329643,0.648805462643841,5.75327801171897,TRUE,NA
"r",2.5,-1.88902268704577,-1.23149247946911,-0.525825892806495,0.65205588245574,5.81840671217361,TRUE,NA
"r",2.55,-1.89957850781539,-1.23942043083726,-0.532667025625575,0.655293452426611,5.88339850735413,TRUE,NA
"r",2.6,-1.91004085159367,-1.24723936036285,-0.539427811053452,0.658517283686235,5.94825605475668,TRUE,NA
"r",2.65,-1.92041191992294,-1.25495237373164,-0.546110752649998,0.661726616063989,6.01298194218211,TRUE,NA
"r",2.7,-1.93069383584287,-1.26256247569547,-0.55271824837069,0.664920802773229,6.07757868776167,TRUE,NA
"r",2.75,-1.94088864708593,-1.2700725735451,-0.559252595491512,0.668099296700439,6.14204874038704,TRUE,NA
"r",2.8,-1.95099832918376,-1.27748548047341,-0.565715995340493,0.671261638178096,6.20639448047781,TRUE,NA
"r",2.85,-1.96102478847719,-1.28480391882481,-0.572110557844665,0.674407444117338,6.270618221022,TRUE,NA
"r",2.9,-1.9709698650263,-1.29203052323099,-0.578438305882939,0.677536398381596,6.3347222088418,TRUE,NA
"r",2.95,-1.98083533541737,-1.29916784363304,-0.584701179451634,0.680648243284366,6.39870862603803,TRUE,NA
"r",3,-1.99062291546358,-1.30621834818966,-0.590901039640477,0.68374277209877,6.46257959156871,TRUE,NA
"r",3.05,-2.00033426279998,-1.31318442607471,-0.597039672424045,0.686819822475661,6.52633716293154,TRUE,NA
"r",3.1,-2.00997097937174,-1.32006839016582,-0.603118792271959,0.689879270671793,6.58998333791659,TRUE,NA
"r",3.15,-2.01953461381787,-1.3268724796286,-0.609140045584265,0.692921026499655,6.65352005640851,TRUE,NA
"r",3.2,-2.02902666375055,-1.33359886239834,-0.615105013954698,0.695945028914719,6.7169492022107,TRUE,NA
"r",3.25,-2.03844857793369,-1.34024963756514,-0.621015217270398,0.698951242167401,6.7802726048799,TRUE,NA
"r",3.3,-2.04780175836249,-1.34682683766541,-0.626872116653649,0.70193965245089,6.84349204155249,TRUE,NA
"r",3.35,-2.057087562247,-1.35333243088445,-0.632677117250683,0.7049102649844,6.90660923875131,TRUE,NA
"r",3.4,-2.06630730390335,-1.35976832317454,-0.638431570876476,0.707863101477966,6.96962587416435,TRUE,NA
"r",3.45,-2.07546225655541,-1.36613636029259,-0.644136778520506,0.71079819792998,7.03254357838609,TRUE,NA
"r",3.5,-2.08455365405099,-1.37243832976188,-0.649793992720691,0.713715602715223,7.09536393661734,TRUE,NA
"r",3.55,-2.0935826924954,-1.37867596276121,-0.655404419811986,0.716615374924797,7.15808849031629,TRUE,NA
"r",3.6,-2.10255053180699,-1.38485093594656,-0.660969222056368,0.719497582925984,7.22071873880186,TRUE,NA
"r",3.65,-2.11145829719704,-1.39096487320748,-0.666489519659832,0.722362303111451,7.28325614080221,TRUE,NA
"r",3.7,-2.12030708057836,-1.39701934736271,-0.671966392682724,0.72520961881333,7.34570211595071,TRUE,NA
"r",3.75,-2.12909794190573,-1.40301588179786,-0.677400882849264,0.728039619359584,7.4080580462272,TRUE,NA
"r",3.8,-2.1378319104515,-1.40895595204822,-0.682793995261981,0.730852399253315,7.47032527734469,TRUE,NA
"r",3.85,-2.14650998601958,-1.41484098732931,-0.688146700025861,0.733648057458228,7.53250512008177,TRUE,NA
"r",3.9,-2.15513314010115,-1.42067237201823,-0.693459933787735,0.736426696775922,7.59459885156225,TRUE,NA
"r",3.95,-2.16370231697482,-1.42645144708762,-0.698734601195742,0.739188423302212,7.65660771648221,TRUE,NA
"r",4,-2.17221843475419,-1.43217951149459,-0.703971576282943,0.741933345951632,7.71853292828592,TRUE,NA
"r",4.05,-2.18068238638577,-1.43785782352694,-0.709171703780226,0.744661576041166,7.78037567029313,TRUE,NA
"r",4.1,-2.18909504059956,-1.44348760210784,-0.714335800361665,0.74737322692459,7.84213709677757,TRUE,NA
"r",4.15,-2.19745724281508,-1.44907002806134,-0.719464655827082,0.75006841367115,7.90381833400047,TRUE,NA
"r",4.2,-2.20576981600491,-1.4546062453395,-0.72455903422462,0.752747252781952,7.96542048119833,TRUE,NA
"r",4.25,-2.21403356151829,-1.46009736221313,-0.729619674917526,0.755409861939733,8.02694461152937,TRUE,NA
"r",4.3,-2.22224925986671,-1.46554445242705,-0.734647293597675,0.758056359786973,8.08839177297816,TRUE,NA
"r",4.35,-2.23041767147359,-1.47094855632105,-0.73964258324932,0.760686865729071,8.14976298922165,TRUE,NA
"r",4.4,-2.23853953738986,-1.47631068191782,-0.744606215065798,0.763301499759142,8.21105926045759,TRUE,NA
"r",4.45,-2.24661557997743,-1.48163180597856,-0.749538839321648,0.765900382301765,8.27228156419731,TRUE,NA
"r",4.5,-2.25464650356196,-1.48691287502727,-0.754441086202916,0.768483634073243,8.33343085602417,TRUE,NA
"r",4.55,-2.26263299505685,-1.49215480634475,-0.759313566597905,0.771051375956543,8.39450807031993,TRUE,NA
"r",4.6,-2.27057572455969,-1.49735848893277,-0.764156872850434,0.773603728888884,8.45551412095977,TRUE,NA
"r",4.65,-2.27847534592276,-1.50252478444938,-0.768971579477886,0.776140813760715,8.51644990197786,TRUE,NA
"r",4.7,-2.28633249729888,-1.50765452811603,-0.773758243855797,0.778662751324674,8.57731628820493,TRUE,NA
"r",4.75,-2.29414780166382,-1.51274852959713,-0.778517406870926,0.781169662113415,8.63811413587895,TRUE,NA
"r",4.8,-2.30192186731663,-1.51780757385273,-0.783249593544477,0.783661666365422,8.69884428323048,TRUE,NA
"r",4.85,-2.30965528835876,-1.5228324219649,-0.787955313626998,0.786138883957814,8.75950755104358,TRUE,NA
"r",4.9,-2.3173486451533,-1.52782381193851,-0.792635062166582,0.788601434345582,8.82010474319383,TRUE,NA
"r",4.95,-2.32500250476515,-1.53278245947688,-0.797289320051677,0.791049436506481,8.88063664716422,TRUE,NA
"r",5,-2.33261742138317,-1.53770905873302,-0.8019185545299,0.793483008891136,8.94110403454026,TRUE,NA
"r",5.05,-2.34019393672516,-1.54260428303689,-0.806523219704052,0.795902269377782,9.00150766148518,TRUE,NA
"r",5.1,-2.3477325804265,-1.54746878559936,-0.811103757006519,0.798307335231248,9.06184826919607,TRUE,NA
"r",5.15,-2.35523387041331,-1.55230320019335,-0.815660595653152,0.800698323065808,9.12212658434206,TRUE,NA
"r",5.2,-2.36269831326081,-1.55710814181279,-0.820194153077778,0.803075348811572,9.18234331948547,TRUE,NA
"r",5.25,-2.37012640453759,-1.56188420730981,-0.824704835348025,0.80543852768405,9.2424991734863,TRUE,NA
"r",5.3,-2.37751862913654,-1.56663197601085,-0.829193037563718,0.807787974156702,9.30259483189131,TRUE,NA
"r",5.35,-2.38487546159298,-1.57135201031224,-0.833659144238548,0.810123801936225,9.36263096730834,TRUE,NA
"r",5.4,-2.39219736639062,-1.57604485625553,-0.838103529665756,0.812446123940261,9.42260823976623,TRUE,NA
"r",5.45,-2.39948479825596,-1.58071104408352,-0.842526558268801,0.814755052277481,9.48252729706145,TRUE,NA
"r",5.5,-2.40673820244157,-1.58535108877709,-0.846928584937537,0.817050698229735,9.54238877509168,TRUE,NA
"r",5.55,-2.41395801499888,-1.58996549057381,-0.851309955350758,0.819333172236216,9.60219329817733,TRUE,NA
"r",5.6,-2.42114466304082,-1.59455473546832,-0.855671006285619,0.821602583879372,9.66194147937105,TRUE,NA
"r",5.65,-2.42829856499491,-1.59911929569558,-0.860012065914662,0.823859041872582,9.72163392075635,TRUE,NA
"r",5.7,-2.4354201308471,-1.60365963019695,-0.864333454090925,0.826102654049299,9.78127121373528,TRUE,NA
"r",5.75,-2.44250976237682,-1.60817618507009,-0.86863548262176,0.828333527353713,9.84085393930607,TRUE,NA
"r",5.8,-2.44956785338372,-1.61266939400279,-0.872918455531848,0.830551767832714,9.90038266833093,TRUE,NA
"r",5.85,-2.45659478990625,-1.61713967869146,-0.877182669315922,0.832757480629113,9.95985796179456,TRUE,NA
"r",5.9,-2.46359095043266,-1.62158744924475,-0.881428413181619,0.834950769976007,10.0192803710537,TRUE,NA
"r",5.95,-2.47055670610457,-1.62601310457257,-0.885655969282958,0.837131739192234,10.0786504380783,TRUE,NA
"r",6,-2.47749242091358,-1.63041703276132,-0.889865612944848,0.839300490678831,10.1379686956842,TRUE,NA
"r",6.05,-2.48439845189102,-1.63479961143545,-0.894057612878988,0.841457125916379,10.1972356677585,TRUE,NA
"r",6.1,-2.4912751492914,-1.63916120810606,-0.898232231391608,0.843601745463267,10.2564518694769,TRUE,NA
"r",6.15,-2.49812285676951,-1.64350218050679,-0.902389724583326,0.845734448954699,10.3156178075143,TRUE,NA
"r",6.2,-2.50494191155169,-1.6478228769176,-0.906530342541552,0.847855335102501,10.3747339802482,TRUE,NA
"r",6.25,-2.51173264460135,-1.6521236364767,-0.910654329525661,0.849964501695559,10.4338008779561,TRUE,NA
"r",6.3,-2.51849538077908,-1.65640478948124,-0.914761924145371,0.852062045600944,10.4928189830056,TRUE,NA
"r",6.35,-2.52523043899748,-1.66066665767688,-0.91885335953246,0.854148062765608,10.5517887700394,TRUE,NA
"r",6.4,-2.53193813237097,-1.66490955453694,-0.922928863506284,0.856222648218637,10.6107107061542,TRUE,NA
"r",6.45,-2.53861876836077,-1.6691337855313,-0.926988658733199,0.858285896074012,10.6695852510735,TRUE,NA
"r",6.5,-2.54527264891527,-1.67333964838548,-0.931032962880211,0.86033789953383,10.7284128573161,TRUE,NA
"r",6.55,-2.55190007060589,-1.67752743333027,-0.935061988763148,0.862378750891987,10.7871939703583,TRUE,NA
"r",6.6,-2.5585013247587,-1.68169742334231,-0.939075944489473,0.864408541538242,10.845929028792,TRUE,NA
"r",6.65,-2.56507669758189,-1.68584989437576,-0.943075033596022,0.866427361962662,10.9046184644776,TRUE,NA
"r",6.7,-2.57162647028932,-1.6899851155857,-0.947059455181891,0.868435301760404,10.9632627026927,TRUE,NA
"r",6.75,-2.57815091922021,-1.69410334954324,-0.951029404036616,0.870432449636807,11.021862162276,TRUE,NA
"r",6.8,-2.58465031595519,-1.69820485244292,-0.954985070763882,0.872418893412801,11.0804172557672,TRUE,NA
"r",6.85,-2.59112492742881,-1.70228987430258,-0.958926641900928,0.874394720030536,11.1389283895429,TRUE,NA
"r",6.9,-2.59757501603869,-1.70635865915585,-0.962854300033812,0.876360015559294,11.1973959639484,TRUE,NA
"r",6.95,-2.60400083975116,-1.71041144523766,-0.966768223908458,0.878314865201023,11.2558203734247,TRUE,NA
"r",7,-2.61040265220468,-1.71444846516407,-0.970668588539142,0.880259353298974,11.3142020066372,TRUE,NA
"r",7.05,-2.61678070280843,-1.71846994610332,-0.974555565310828,0.882193563340699,11.3725412465905,TRUE,NA
"r",7.1,-2.62313523683972,-1.72247610994312,-0.978429322080489,0.88411757796707,11.4308384707501,TRUE,NA
"r",7.15,-2.62946649553778,-1.72646717345074,-0.982290023273787,0.886031478978504,11.4890940511557,TRUE,NA
"r",7.2,-2.63577471619489,-1.73044334842763,-0.986137829978774,0.887935347341901,11.5473083545322,TRUE,NA
"r",7.25,-2.64206013224497,-1.73440484185854,-0.989972900036451,0.889829263197718,11.6054817423983,TRUE,NA
"r",7.3,-2.6483229733496,-1.73835185605534,-0.993795388128362,0.891713305867142,11.6636145711712,TRUE,NA
"r",7.35,-2.65456346548157,-1.74228458879577,-0.997605445861262,0.893587553859349,11.7217071922695,TRUE,NA
"r",7.4,-2.66078183100617,-1.74620323345729,-1.00140322184904,0.895452084878857,11.7797599522125,TRUE,NA
"r",7.45,-2.66697828876007,-1.75010797914622,-1.00518886179199,0.897306975832935,11.8377731927175,TRUE,NA
"r",7.5,-2.67315305412807,-1.75399901082236,-1.00896250855342,0.899152302839081,11.8957472507942,TRUE,NA
"r",7.55,-2.67930633911775,-1.75787650941934,-1.01272430223394,0.900988141232551,11.9536824588365,TRUE,NA
"r",7.6,-2.68543835243203,-1.76174065196066,-1.01647438024324,0.902814565573915,12.0115791447128,TRUE,NA
"r",7.65,-2.69154929953969,-1.76559161167184,-1.02021287736965,0.904631649656671,12.0694376318525,TRUE,NA
"r",7.7,-2.6976393827441,-1.76942955808864,-1.02393992584745,0.906439466514846,12.1272582393319,TRUE,NA
"r",7.75,-2.70370880125001,-1.77325465716161,-1.02765565542213,0.908238088430656,12.1850412819567,TRUE,NA
"r",7.8,-2.7097577512285,-1.77706707135702,-1.03136019341346,0.91002758694214,12.2427870703429,TRUE,NA
"r",7.85,-2.71578642588034,-1.78086695975445,-1.0350536647768,0.911808032850816,12.3004959109959,TRUE,NA
"r",7.9,-2.72179501549754,-1.78465447814096,-1.0387361921623,0.913579496229339,12.3581681063872,TRUE,NA
"r",7.95,-2.72778370752332,-1.78842977910221,-1.04240789597239,0.91534204642913,12.4158039550296,TRUE,NA
"r",8,-2.73375268661053,-1.79219301211044,-1.04606889441754,0.91709575208801,12.4734037515502,TRUE,NA
"r",8.05,-2.7397021346785,-1.79594432360955,-1.04971930357014,0.91884068113781,12.5309677867619,TRUE,NA
"r",8.1,-2.74563223096848,-1.79968385709735,-1.05335923741696,0.920576900811958,12.5884963477329,TRUE,NA
"r",8.15,-2.75154315209758,-1.8034117532051,-1.05698880790988,0.922304477653037,12.6459897178551,TRUE,NA
"r",8.2,-2.75743507211139,-1.80712814977443,-1.06060812501513,0.924023477520316,12.7034481769099,TRUE,NA
"r",8.25,-2.76330816253522,-1.81083318193174,-1.06421729676109,0.925733965597241,12.7608720011338,TRUE,NA
"r",8.3,-2.76916259242406,-1.81452698216017,-1.06781642928465,0.927436006398896,12.8182614632807,TRUE,NA
"r",8.35,-2.77499852841127,-1.81820968036929,-1.07140562687615,0.929129663779412,12.8756168326847,TRUE,NA
"r",8.4,-2.78081613475606,-1.82188140396244,-1.07498499202309,0.930815000939348,12.9329383753196,TRUE,NA
"r",8.45,-2.78661557338983,-1.82554227790204,-1.07855462545247,0.932492080433007,12.9902263538587,TRUE,NA
"r",8.5,-2.79239700396122,-1.82919242477272,-1.08211462617199,0.934160964175722,13.0474810277316,TRUE,NA
"r",8.55,-2.79816058388027,-1.83283196484247,-1.08566509150994,0.935821713451067,13.1047026531812,TRUE,NA
"r",8.6,-2.80390646836128,-1.83646101612191,-1.08920611715403,0.937474388918049,13.1618914833182,TRUE,NA
"r",8.65,-2.80963481046477,-1.84007969442161,-1.09273779718911,0.939119050618209,13.2190477681754,TRUE,NA
"r",8.7,-2.81534576113836,-1.84368811340769,-1.09626022413374,0.940755757982691,13.2761717547597,TRUE,NA
"r",8.75,-2.82103946925671,-1.84728638465566,-1.0997734889758,0.942384569839248,13.3332636871041,TRUE,NA
"r",8.8,-2.82671608166042,-1.85087461770261,-1.10327768120704,0.944005544419175,13.3903238063176,TRUE,NA
"r",8.85,-2.8323757431941,-1.8544529200978,-1.10677288885669,0.945618739364203,13.4473523506343,TRUE,NA
"r",8.9,-2.83801859674349,-1.85802139745163,-1.11025919852413,0.947224211733315,13.5043495554619,TRUE,NA
"r",8.95,-2.84364478327168,-1.86158015348327,-1.11373669541063,0.94882201800951,13.5613156534282,TRUE,NA
"r",9,-2.84925444185453,-1.86512929006666,-1.11720546335024,0.950412214106489,13.6182508744277,TRUE,NA
"r",9.05,-2.85484770971522,-1.86866890727532,-1.1206655848398,0.951994855375293,13.6751554456662,TRUE,NA
"r",9.1,-2.86042472225803,-1.87219910342562,-1.12411714106816,0.953569996610868,13.7320295917049,TRUE,NA
"r",9.15,-2.86598561310132,-1.87571997511893,-1.12756021194461,0.955137692058568,13.7888735345037,TRUE,NA
"r",9.2,-2.87153051410976,-1.87923161728242,-1.13099487612646,0.956697995420582,13.8456874934634,TRUE,NA
"r",9.25,-2.8770595554258,-1.88273412320867,-1.13442121104599,0.95825095986231,13.9024716854669,TRUE,NA
"r",9.3,-2.88257286550048,-1.88622758459418,-1.13783929293661,0.959796638018656,13.9592263249197,TRUE,NA
"r",9.35,-2.88807057112347,-1.88971209157665,-1.14124919685832,0.961335082000278,14.0159516237894,TRUE,NA
"r",9.4,-2.89355279745245,-1.8931877327713,-1.14465099672253,0.962866343399735,14.0726477916449,TRUE,NA
"r",9.45,-2.89901966804191,-1.896654595306,-1.14804476531617,0.964390473297606,14.1293150356938,TRUE,NA
"r",9.5,-2.90447130487117,-1.90011276485556,-1.15143057432524,0.965907522268512,14.18595356082,TRUE,NA
"r",9.55,-2.90990782837193,-1.90356232567487,-1.1548084943577,0.967417540387084,14.2425635696202,TRUE,NA
"r",9.6,-2.91532935745504,-1.90700336063122,-1.15817859496572,0.968920577233872,14.2991452624392,TRUE,NA
"r",9.65,-2.92073600953686,-1.91043595123564,-1.16154094466746,0.970416681901156,14.3556988374053,TRUE,NA
"r",9.7,-2.92612790056489,-1.91386017767339,-1.16489561096819,0.971905902998738,14.4122244904643,TRUE,NA
"r",9.75,-2.93150514504295,-1.91727611883359,-1.16824266038093,0.973388288659611,14.4687224154133,TRUE,NA
"r",9.8,-2.93686785605575,-1.920683852338,-1.17158215844654,0.974863886545623,14.5251928039335,TRUE,NA
"r",9.85,-2.94221614529295,-1.92408345456908,-1.17491416975331,0.976332743853013,14.5816358456225,TRUE,NA
"r",9.9,-2.9475501230727,-1.92747500069713,-1.178238757956,0.977794907317934,14.6380517280259,TRUE,NA
"r",9.95,-2.9528698983647,-1.93085856470687,-1.18155598579451,0.979250423221871,14.6944406366683,TRUE,NA
"r",10,-2.95817557881271,-1.93423421942313,-1.184865915112,0.980699337397026,14.7508027550839,TRUE,NA
"r",10.05,-2.96346727075668,-1.93760203653594,-1.18816860687255,0.982141695231612,14.8071382648461,TRUE,NA
"r",10.1,-2.96874507925429,-1.94096208662496,-1.19146412117846,0.983577541675092,14.8634473455966,TRUE,NA
"r",10.15,-2.97400910810214,-1.94431443918311,-1.19475251728703,0.985006921243371,14.9197301750745,TRUE,NA
"r",10.2,-2.97925945985643,-1.94765916263979,-1.19803385362703,0.986429878023893,14.975986929144,TRUE,NA
"r",10.25,-2.98449623585329,-1.95099632438324,-1.20130818781464,0.987846455680697,15.0322177818225,TRUE,NA
"r",10.3,-2.98971953622858,-1.95432599078253,-1.20457557666915,0.989256697459407,15.0884229053068,TRUE,NA
"r",10.35,-2.99492945993737,-1.95764822720882,-1.20783607622812,0.990660646192161,15.1446024700008,TRUE,NA
"r",10.4,-3.00012610477298,-1.96096309805612,-1.21108974176235,0.992058344302468,15.2007566445403,TRUE,NA
"r",10.45,-3.00530956738564,-1.96427066676149,-1.21433662779034,0.993449833810017,15.2568855958196,TRUE,NA
"r",10.5,-3.01047994330076,-1.96757099582477,-1.21757678809247,0.994835156335425,15.3129894890161,TRUE,NA
"r",10.55,-3.01563732693686,-1.97086414682772,-1.22081027572486,0.99621435310491,15.3690684876149,TRUE,NA
"r",10.6,-3.02078181162312,-1.97415018045272,-1.22403714303288,0.997587464954927,15.425122753433,TRUE,NA
"r",10.65,-3.02591348961652,-1.97742915650099,-1.22725744166433,0.99895453233673,15.4811524466432,TRUE,NA
"r",10.7,-3.03103245211878,-1.98070113391032,-1.23047122258233,1.00031559532088,15.5371577257972,TRUE,NA
"r",10.75,-3.0361387892928,-1.98396617077239,-1.2336785360779,1.00167069360169,15.5931387478483,TRUE,NA
"r",10.8,-3.04123259027887,-1.9872243243496,-1.23687943178227,1.00301986650165,15.6490956681743,TRUE,NA
"r",10.85,-3.04631394321057,-1.99047565109156,-1.24007395867889,1.00436315297571,15.7050286405991,TRUE,NA
"r",10.9,-3.05138293523029,-1.99372020665105,-1.24326216511512,1.00570059161561,15.7609378174146,TRUE,NA
"r",10.95,-3.05643965250448,-1.99695804589974,-1.24644409881376,1.00703222065411,15.8168233494017,TRUE,NA
"r",11,-3.06148418023864,-2.00018922294334,-1.2496198068842,1.00835807796911,15.8726853858514,TRUE,NA
"r",11.05,-3.06651660269194,-2.00341379113657,-1.2527893358334,1.00967820108783,15.9285240745853,TRUE,NA
"r",11.1,-3.07153700319163,-2.00663180309758,-1.2559527315766,1.01099262719086,15.9843395619754,TRUE,NA
"r",11.15,-3.07654546414714,-2.00984331072217,-1.25911003944774,1.01230139311614,16.0401319929644,TRUE,NA
"r",11.2,-3.08154206706391,-2.01304836519757,-1.26226130420972,1.01360453536297,16.0959015110845,TRUE,NA
"r",11.25,-3.08652689255694,-2.01624701701593,-1.26540657006444,1.01490209009589,16.1516482584772,TRUE,NA
"r",11.3,-3.09150002036414,-2.01943931598747,-1.26854588066247,1.01619409314856,16.2073723759115,TRUE,NA
"r",11.35,-3.09646152935935,-2.02262531125332,-1.27167927911274,1.01748058002756,16.2630740028025,TRUE,NA
"r",11.4,-3.10141149756518,-2.02580505129808,-1.2748068079918,1.01876158591614,16.3187532772295,TRUE,NA
"r",11.45,-3.10635000216557,-2.02897858396202,-1.27792850935302,1.02003714567796,16.374410335954,TRUE,NA
"r",11.5,-3.11127711951812,-2.03214595645306,-1.28104442473553,1.02130729386073,16.4300453144369,TRUE,NA
"r",11.55,-3.1161929251662,-2.03530721535844,-1.28415459517295,1.02257206469983,16.4856583468559,TRUE,NA
"r",11.6,-3.12109749385086,-2.03846240665612,-1.287259061202,1.0238314921219,16.5412495661221,TRUE,NA
"r",11.65,-3.12599089952245,-2.04161157572591,-1.29035786287086,1.02508560974834,16.5968191038972,TRUE,NA
"r",11.7,-3.13087321535208,-2.04475476736034,-1.29345103974736,1.02633445089879,16.6523670906091,TRUE,NA
"r",11.75,-3.13574451374287,-2.0478920257753,-1.29653863092705,1.02757804859457,16.7078936554685,TRUE,NA
"r",11.8,-3.14060486634098,-2.05102339462041,-1.29962067504101,1.02881643556207,16.7633989264847,TRUE,NA
"r",11.85,-3.14545434404643,-2.05414891698921,-1.3026972102636,1.03004964423607,16.8188830304805,TRUE,NA
"r",11.9,-3.15029301702373,-2.057268635429,-1.30576827431993,1.03127770676307,16.8743460931085,TRUE,NA
"r",11.95,-3.15512095471235,-2.06038259195062,-1.3088339044933,1.03250065500454,16.929788238865,TRUE,NA
"r",12,-3.15993822583695,-2.06349082803787,-1.31189413763235,1.03371852054011,16.9852095911056,TRUE,NA
"r",12.05,-3.16474489841746,-2.06659338465676,-1.31494901015818,1.03493133467078,17.0406102720594,TRUE,NA
"r",12.1,-3.16954103977898,-2.06969030226464,-1.31799855807128,1.03613912842201,17.0959904028432,TRUE,NA
"r",12.15,-3.17432671656145,-2.07278162081897,-1.32104281695828,1.03734193254685,17.1513501034758,TRUE,NA
"r",12.2,-3.17910199472928,-2.07586737978606,-1.32408182199859,1.03853977752898,17.2066894928917,TRUE,NA
"r",12.25,-3.18386693958064,-2.07894761814947,-1.32711560797096,1.03973269358568,17.2620086889546,TRUE,NA
"r",12.3,-3.18862161575671,-2.08202237441834,-1.33014420925979,1.04092071067087,17.3173078084709,TRUE,NA
"r",12.35,-3.19336608725072,-2.08509168663547,-1.33316765986144,1.042103858478,17.372586967203,TRUE,NA
"r",12.4,-3.19810041741687,-2.08815559238529,-1.33618599339029,1.04328216644295,17.4278462798819,TRUE,NA
"r",12.45,-3.20282466897899,-2.09121412880155,-1.33919924308479,1.0444556637469,17.4830858602204,TRUE,NA
"r",12.5,-3.20753890403922,-2.09426733257497,-1.34220744181329,1.04562437931912,17.5383058209251,TRUE,NA
"r",12.55,-3.21224318408638,-2.09731523996064,-1.34521062207987,1.04678834183982,17.5935062737094,TRUE,NA
"r",12.6,-3.21693757000428,-2.10035788678529,-1.3482088160299,1.04794757974281,17.648687329305,TRUE,NA
"r",12.65,-3.22162212207987,-2.10339530845442,-1.35120205545565,1.04910212121829,17.7038490974744,TRUE,NA
"r",12.7,-3.22629690001128,-2.10642753995926,-1.35419037180168,1.05025199421548,17.7589916870224,TRUE,NA
"r",12.75,-3.23096196291564,-2.10945461588357,-1.35717379617018,1.05139722644528,17.8141152058077,TRUE,NA
"r",12.8,-3.23561736933684,-2.11247657041034,-1.36015235932617,1.05253784538289,17.8692197607542,TRUE,NA
"r",12.85,-3.24026317725317,-2.11549343732834,-1.36312609170261,1.05367387827036,17.9243054578628,TRUE,NA
"r",12.9,-3.24489944408478,-2.11850525003847,-1.36609502340546,1.05480535211916,17.9793724022217,TRUE,NA
"r",12.95,-3.24952622670102,-2.12151204156006,-1.36905918421856,1.05593229371266,18.0344206980177,TRUE,NA
"r",13,-3.25414358142769,-2.12451384453703,-1.37201860360846,1.05705472960863,18.089450448547,TRUE,NA
"r",13.05,-3.25875156405417,-2.12751069124386,-1.37497331072918,1.05817268614168,18.1444617562255,TRUE,NA
"r",13.1,-3.2633502298404,-2.13050261359153,-1.37792333442683,1.05928618942567,18.1994547225994,TRUE,NA
"r",13.15,-3.26793963352373,-2.13348964313323,-1.38086870324418,1.06039526535611,18.2544294483552,TRUE,NA
"r",13.2,-3.27251982932574,-2.13647181107007,-1.38380944542511,1.06149993961249,18.3093860333302,TRUE,NA
"r",13.25,-3.27709087095887,-2.1394491482566,-1.38674558891903,1.0626002376606,18.364324576522,TRUE,NA
"r",13.3,-3.28165281163296,-2.14242168520624,-1.38967716138516,1.06369618475486,18.4192451760985,TRUE,NA
"r",13.35,-3.28620570406169,-2.1453894520966,-1.39260419019676,1.06478780594054,18.4741479294076,TRUE,NA
"r",13.4,-3.29074960046895,-2.14835247877467,-1.39552670244527,1.06587512605604,18.5290329329866,TRUE,NA
"r",13.45,-3.29528455259502,-2.15131079476199,-1.39844472494439,1.06695816973504,18.5839002825713,TRUE,NA
"r",13.5,-3.29981061170273,-2.15426442925962,-1.40135828423407,1.06803696140875,18.6387500731059,TRUE,NA
"r",13.55,-3.3043278285835,-2.15721341115305,-1.40426740658443,1.06911152530798,18.6935823987514,TRUE,NA
"r",13.6,-3.30883625356328,-2.16015776901703,-1.40717211799961,1.07018188546535,18.7483973528947,TRUE,NA
"r",13.65,-3.31333593650835,-2.16309753112028,-1.41007244422155,1.07124806571731,18.8031950281577,TRUE,NA
"r",13.7,-3.31782692683113,-2.16603272543014,-1.41296841073369,1.07231008970627,18.8579755164057,TRUE,NA
"r",13.75,-3.32230927349579,-2.16896337961709,-1.41586004276463,1.07336798088261,18.9127389087561,TRUE,NA
"r",13.8,-3.32678302502385,-2.17188952105922,-1.41874736529169,1.0744217625067,18.9674852955868,TRUE,NA
"r",13.85,-3.33124822949964,-2.17481117684659,-1.42163040304445,1.07547145765092,19.0222147665445,TRUE,NA
"r",13.9,-3.33570493457572,-2.17772837378551,-1.42450918050818,1.07651708920159,19.0769274105528,TRUE,NA
"r",13.95,-3.34015318747816,-2.18064113840273,-1.42738372192722,1.07755867986097,19.1316233158205,TRUE,NA
"r",14,-3.34459303501179,-2.18354949694962,-1.43025405130833,1.07859625214912,19.1863025698493,TRUE,NA
"r",14.05,-3.34902452356532,-2.18645347540615,-1.43312019242397,1.0796298284058,19.2409652594419,TRUE,NA
"r",14.1,-3.35344769911648,-2.18935309948489,-1.43598216881549,1.08065943079241,19.2956114707096,TRUE,NA
"r",14.15,-3.35786260723689,-2.19224839463491,-1.43884000379627,1.08168508129377,19.3502412890797,TRUE,NA
"r",14.2,-3.36226929309708,-2.19513938604557,-1.44169372045489,1.08270680171994,19.4048547993035,TRUE,NA
"r",14.25,-3.36666780147128,-2.19802609865034,-1.44454334165809,1.0837246137081,19.4594520854634,TRUE,NA
"r",14.3,-3.37105817674217,-2.20090855713039,-1.44738889005384,1.08473853872425,19.5140332309803,TRUE,NA
"r",14.35,-3.37544046290561,-2.20378678591827,-1.45023038807423,1.08574859806499,19.5685983186205,TRUE,NA
"r",14.4,-3.37981470357523,-2.20666080920146,-1.45306785793841,1.08675481285929,19.6231474305033,TRUE,NA
"r",14.45,-3.38418094198697,-2.20953065092578,-1.45590132165538,1.08775720407018,19.6776806481078,TRUE,NA
"r",14.5,-3.3885392210036,-2.21239633479892,-1.45873080102683,1.08875579249642,19.7321980522797,TRUE,NA
"r",14.55,-3.3928895831191,-2.21525788429371,-1.46155631764985,1.08975059877423,19.7866997232381,TRUE,NA
"r",14.6,-3.39723207046302,-2.21811532265145,-1.46437789291968,1.0907416433789,19.8411857405825,TRUE,NA
"r",14.65,-3.40156672480475,-2.22096867288513,-1.4671955480323,1.09172894662642,19.8956561832989,TRUE,NA
"r",14.7,-3.40589358755776,-2.22381795778264,-1.47000930398709,1.09271252867514,19.9501111297671,TRUE,NA
"r",14.75,-3.41021269978374,-2.22666319990988,-1.47281918158937,1.0936924095273,20.0045506577663,TRUE,NA
"r",14.8,-3.41452410219668,-2.22950442161381,-1.47562520145296,1.09466860903065,20.0589748444821,TRUE,NA
"r",14.85,-3.41882783516696,-2.23234164502546,-1.4784273840026,1.09564114687998,20.1133837665124,TRUE,NA
"r",14.9,-3.42312393872524,-2.23517489206295,-1.48122574947645,1.09661004261867,20.1677774998738,TRUE,NA
"r",14.95,-3.42741245256645,-2.23800418443429,-1.48402031792844,1.09757531564021,20.2221561200076,TRUE,NA
"r",15,-3.43169341605362,-2.24082954364035,-1.48681110923067,1.09853698518967,20.2765197017857,TRUE,NA
"r",15.05,-3.43596686822166,-2.24365099097759,-1.48959814307572,1.0994950703652,20.330868319517,TRUE,NA
"r",15.1,-3.44023284778116,-2.24646854754084,-1.49238143897893,1.10044959011952,20.3852020469525,TRUE,NA
"r",15.15,-3.44449139312204,-2.24928223422603,-1.49516101628062,1.10140056326129,20.4395209572918,TRUE,NA
"r",15.2,-3.4487425423172,-2.25209207173279,-1.49793689414836,1.10234800845664,20.4938251231885,TRUE,NA
"r",15.25,-3.45298633312612,-2.25489808056717,-1.5007090915791,1.10329194423047,20.5481146167558,TRUE,NA
"r",15.3,-3.45722280299838,-2.25770028104412,-1.5034776274013,1.10423238896795,20.602389509572,TRUE,NA
"r",15.35,-3.46145198907715,-2.26049869329004,-1.50624252027709,1.10516936091579,20.6566498726861,TRUE,NA
"r",15.4,-3.46567392820264,-2.26329333724532,-1.50900378870426,1.1061028781837,20.7108957766235,TRUE,NA
"r",15.45,-3.46988865691546,-2.26608423266669,-1.51176145101838,1.10703295874567,20.7651272913906,TRUE,NA
"r",15.5,-3.47409621145999,-2.26887139912971,-1.51451552539476,1.10795962044132,20.8193444864806,TRUE,NA
"r",15.55,-3.47829662778764,-2.27165485603108,-1.51726602985041,1.10888288097721,20.8735474308789,TRUE,NA
"r",15.6,-3.48248994156014,-2.27443462259097,-1.52001298224603,1.10980275792813,20.9277361930675,TRUE,NA
"r",15.65,-3.48667618815266,-2.27721071785533,-1.52275640028789,1.11071926873839,20.9819108410308,TRUE,NA
"r",15.7,-3.49085540265706,-2.27998316069808,-1.52549630152971,1.11163243072308,21.03607144226,TRUE,NA
"r",15.75,-3.49502761988495,-2.28275196982339,-1.52823270337454,1.11254226106935,21.0902180637587,TRUE,NA
"r",15.8,-3.49919287437074,-2.28551716376779,-1.53096562307654,1.11344877683757,21.144350772047,TRUE,NA
"r",15.85,-3.50335120037472,-2.28827876090232,-1.53369507774281,1.11435199496266,21.198469633167,TRUE,NA
"r",15.9,-3.507502631886,-2.29103677943468,-1.53642108433516,1.11525193225521,21.2525747126872,TRUE,NA
"r",15.95,-3.51164720262544,-2.29379123741121,-1.53914365967182,1.1161486054027,21.3066660757071,TRUE,NA
"r",16,-3.51578494604862,-2.29654215271899,-1.54186282042918,1.11704203097068,21.3607437868621,TRUE,NA
"r",16.05,-3.51991589534862,-2.29928954308782,-1.54457858314348,1.11793222540398,21.4148079103279,TRUE,NA
"r",16.1,-3.52404008345891,-2.30203342609219,-1.54729096421244,1.11881920502776,21.4688585098251,TRUE,NA
"r",16.15,-3.52815754305608,-2.30477381915319,-1.54999997989692,1.11970298604877,21.5228956486235,TRUE,NA
"r",16.2,-3.53226830656263,-2.30751073954046,-1.55270564632254,1.12058358455638,21.5769193895468,TRUE,NA
"r",16.25,-3.53637240614964,-2.31024420437402,-1.55540797948126,1.12146101652372,21.6309297949766,TRUE,NA
"r",16.3,-3.54046987373947,-2.31297423062614,-1.55810699523292,1.12233529780882,21.6849269268568,TRUE,NA
"r",16.35,-3.5445607410084,-2.31570083512316,-1.5608027093068,1.12320644415564,21.738910846698,TRUE,NA
"r",16.4,-3.5486450393892,-2.31842403454724,-1.56349513730315,1.12407447119519,21.7928816155816,TRUE,NA
"r",16.45,-3.55272280007373,-2.32114384543817,-1.56618429469466,1.12493939444654,21.8468392941637,TRUE,NA
"r",16.5,-3.55679405401544,-2.32386028419506,-1.56887019682794,1.12580122931793,21.9007839426796,TRUE,NA
"r",16.55,-3.5608588319319,-2.32657336707804,-1.57155285892498,1.12665999110776,21.9547156209474,TRUE,NA
"r",16.6,-3.56491716430725,-2.32928311020997,-1.57423229608456,1.12751569500565,22.0086343883724,TRUE,NA
"r",16.65,-3.56896908139462,-2.33198952957809,-1.57690852328366,1.12836835609343,22.0625403039508,TRUE,NA
"r",16.7,-3.57301461321855,-2.33469264103559,-1.57958155537887,1.12921798934615,22.1164334262733,TRUE,NA
"r",16.75,-3.57705378957735,-2.33739246030326,-1.58225140710774,1.13006460963307,22.1703138135297,TRUE,NA
"r",16.8,-3.58108664004544,-2.34008900297106,-1.58491809309011,1.13090823171865,22.2241815235119,TRUE,NA
"r",16.85,-3.58511319397564,-2.34278228449967,-1.58758162782947,1.13174887026351,22.2780366136182,TRUE,NA
"r",16.9,-3.58913348050147,-2.345472320222,-1.59024202571426,1.13258653982539,22.3318791408566,TRUE,NA
"r",16.95,-3.5931475285394,-2.34815912534468,-1.59289930101912,1.1334212548601,22.3857091618488,TRUE,NA
"r",17,-3.59715536679103,-2.35084271494962,-1.59555346790622,1.13425302972242,22.4395267328335,TRUE,NA
"r",17.05,-3.60115702374533,-2.35352310399537,-1.59820454042647,1.13508187866712,22.4933319096703,TRUE,NA
"r",17.1,-3.60515252768075,-2.35620030731861,-1.60085253252078,1.13590781584977,22.5471247478429,TRUE,NA
"r",17.15,-3.60914190666739,-2.35887433963555,-1.60349745802126,1.13673085532769,22.6009053024627,TRUE,NA
"r",17.2,-3.61312518856909,-2.36154521554335,-1.6061393306524,1.13755101106086,22.6546736282724,TRUE,NA
"r",17.25,-3.61710240104552,-2.36421294952146,-1.60877816403231,1.13836829691279,22.7084297796493,TRUE,NA
"r",17.3,-3.62107357155422,-2.36687755593297,-1.61141397167384,1.13918272665138,22.7621738106084,TRUE,NA
"r",17.35,-3.6250387273526,-2.36953904902598,-1.61404676698575,1.13999431394982,22.8159057748062,TRUE,NA
"r",17.4,-3.62899789550002,-2.37219744293487,-1.61667656327379,1.14080307238741,22.8696257255436,TRUE,NA
"r",17.45,-3.63295110285967,-2.37485275168163,-1.61930337374194,1.14160901545043,22.9233337157693,TRUE,NA
"r",17.5,-3.63689837610059,-2.3775049891771,-1.62192721149335,1.14241215653297,22.9770297980831,TRUE,NA
"r",17.55,-3.64083974169954,-2.38015416922225,-1.62454808953158,1.14321250893775,23.0307140247388,TRUE,NA
"r",17.6,-3.64477522594296,-2.38280030550941,-1.62716602076154,1.14401008587697,23.0843864476475,TRUE,NA
"r",17.65,-3.64870485492879,-2.38544341162348,-1.62978101799065,1.14480490047306,23.1380471183809,TRUE,NA
"r",17.7,-3.65262865456836,-2.38808350104317,-1.63239309392982,1.14559696575954,23.1916960881739,TRUE,NA
"r",17.75,-3.65654665058821,-2.39072058714212,-1.63500226119451,1.14638629468179,23.2453334079279,TRUE,NA
"r",17.8,-3.6604588685319,-2.39335468319011,-1.63760853230571,1.14717290009783,23.2989591282139,TRUE,NA
"r",17.85,-3.66436533376179,-2.3959858023542,-1.64021191969097,1.14795679477908,23.3525732992751,TRUE,NA
"r",17.9,-3.66826607146079,-2.39861395769989,-1.64281243568538,1.14873799141117,23.4061759710304,TRUE,NA
"r",17.95,-3.67216110663414,-2.40123916219218,-1.64541009253253,1.14951650259465,23.4597671930765,TRUE,NA
"r",18,-3.67605046411109,-2.40386142869673,-1.64800490238548,1.15029234084578,23.5133470146913,TRUE,NA
"r",18.05,-3.67993416854662,-2.40648076998091,-1.6505968773077,1.15106551859723,23.5669154848369,TRUE,NA
"r",18.1,-3.68381224442311,-2.40909719871488,-1.65318602927402,1.15183604819886,23.6204726521617,TRUE,NA
"r",18.15,-3.68768471605202,-2.41171072747265,-1.65577237017153,1.1526039419184,23.6740185650037,TRUE,NA
"r",18.2,-3.69155160757548,-2.41432136873312,-1.65835591180049,1.15336921194221,23.7275532713931,TRUE,NA
"r",18.25,-3.69541294296795,-2.41692913488112,-1.66093666587525,1.15413187037596,23.781076819055,TRUE,NA
"r",18.3,-3.6992687460378,-2.41953403820836,-1.6635146440251,1.15489192924534,23.8345892554121,TRUE,NA
"r",18.35,-3.70311904042889,-2.42213609091454,-1.66608985779519,1.15564940049677,23.888090627587,TRUE,NA
"r",18.4,-3.70696384962214,-2.42473530510822,-1.66866231864734,1.15640429599807,23.9415809824054,TRUE,NA
"r",18.45,-3.71080319693704,-2.42733169280784,-1.67123203796092,1.15715662753913,23.9950603663982,TRUE,NA
"r",18.5,-3.71463710553322,-2.42992526594271,-1.6737990270337,1.15790640683263,24.0485288258042,TRUE,NA
"r",18.55,-3.71846559841191,-2.43251603635388,-1.67636329708263,1.15865364551464,24.1019864065728,TRUE,NA
"r",18.6,-3.72228869841744,-2.43510401579515,-1.67892485924472,1.15939835514534,24.1554331543662,TRUE,NA
"r",18.65,-3.72610642823874,-2.4376892159339,-1.68148372457778,1.16014054720964,24.208869114562,TRUE,NA
"r",18.7,-3.72991881041073,-2.44027164835211,-1.6840399040613,1.16088023311782,24.2622943322558,TRUE,NA
"r",18.75,-3.7337258673158,-2.44285132454711,-1.68659340859712,1.16161742420619,24.3157088522631,TRUE,NA
"r",18.8,-3.73752762118522,-2.4454282559326,-1.68914424901035,1.1623521317377,24.3691127191224,TRUE,NA
"r",18.85,-3.74132409410052,-2.44800245383944,-1.69169243605,1.16308436690258,24.4225059770971,TRUE,NA
"r",18.9,-3.74511530799491,-2.45057392951651,-1.69423798038981,1.16381414081896,24.4758886701778,TRUE,NA
"r",18.95,-3.74890128465458,-2.4531426941316,-1.696780892629,1.16454146453345,24.5292608420848,TRUE,NA
"r",19,-3.75268204572015,-2.45570875877219,-1.69932118329295,1.1652663490218,24.5826225362704,TRUE,NA
"r",19.05,-3.75645761268791,-2.45827213444632,-1.70185886283399,1.16598880518945,24.635973795921,TRUE,NA
"r",19.1,-3.76022800691121,-2.46083283208338,-1.7043939416321,1.16670884387214,24.6893146639594,TRUE,NA
"r",19.15,-3.76399324960171,-2.46339086253491,-1.70692642999558,1.16742647583652,24.7426451830473,TRUE,NA
"r",19.2,-3.76775336183073,-2.46594623657539,-1.7094563381618,1.16814171178069,24.7959653955867,TRUE,NA
"r",19.25,-3.77150836453044,-2.46849896490304,-1.71198367629788,1.16885456233478,24.8492753437231,TRUE,NA
"r",19.3,-3.77525827849523,-2.47104905814059,-1.71450845450134,1.16956503806156,24.9025750693468,TRUE,NA
"r",19.35,-3.77900312438285,-2.473596526836,-1.71703068280082,1.17027314945696,24.9558646140954,TRUE,NA
"r",19.4,-3.78274292271572,-2.47614138146326,-1.71955037115671,1.17097890695066,25.0091440193559,TRUE,NA
"r",19.45,-3.78647769388209,-2.47868363242311,-1.72206752946184,1.17168232090658,25.0624133262666,TRUE,NA
"r",19.5,-3.79020745813728,-2.48122329004375,-1.72458216754208,1.17238340162351,25.1156725757195,TRUE,NA
"r",19.55,-3.79393223560486,-2.48376036458162,-1.72709429515703,1.17308215933558,25.1689218083617,TRUE,NA
"r",19.6,-3.79765204627781,-2.48629486622206,-1.72960392200065,1.17377860421285,25.222161064598,TRUE,NA
"r",19.65,-3.80136691001972,-2.48882680508001,-1.73211105770183,1.1744727463618,25.2753903845929,TRUE,NA
"r",19.7,-3.8050768465659,-2.49135619120075,-1.73461571182508,1.17516459582583,25.3286098082719,TRUE,NA
"r",19.75,-3.80878187552454,-2.49388303456055,-1.73711789387109,1.17585416258588,25.3818193753242,TRUE,NA
"r",19.8,-3.81248201637782,-2.49640734506736,-1.73961761327736,1.17654145656082,25.4350191252043,TRUE,NA
"r",19.85,-3.81617728848302,-2.49892913256147,-1.74211487941878,1.17722648760804,25.4882090971337,TRUE,NA
"r",19.9,-3.81986771107367,-2.50144840681618,-1.74460970160822,1.17790926552392,25.5413893301032,TRUE,NA
"r",19.95,-3.82355330326054,-2.50396517753842,-1.74710208909712,1.17858980004433,25.5945598628746,TRUE,NA
"r",20,-3.8272340840328,-2.50647945436946,-1.74959205107605,1.17926810084514,25.6477207339824,TRUE,NA
"r",20.05,-3.83091007225904,-2.50899124688549,-1.7520795966753,1.17994417754268,25.7008719817357,TRUE,NA
"r",20.1,-3.83458128668833,-2.51150056459822,-1.75456473496542,1.18061803969423,25.7540136442203,TRUE,NA
"r",20.15,-3.83824774595128,-2.51400741695559,-1.75704747495775,1.18128969679855,25.8071457593001,TRUE,NA
"r",20.2,-3.84190946856102,-2.51651181334232,-1.75952782560504,1.18195915829624,25.8602683646188,TRUE,NA
"r",20.25,-3.84556647291427,-2.5190137630805,-1.76200579580191,1.18262643357033,25.9133814976023,TRUE,NA
"r",20.3,-3.84921877729229,-2.52151327543023,-1.76448139438545,1.18329153194667,25.9664851954596,TRUE,NA
"r",20.35,-3.85286639986194,-2.5240103595902,-1.7669546301357,1.18395446269441,26.0195794951851,TRUE,NA
"r",20.4,-3.85650935867661,-2.52650502469824,-1.76942551177618,1.18461523502645,26.0726644335603,TRUE,NA
"r",20.45,-3.8601476716772,-2.52899727983192,-1.77189404797443,1.1852738580999,26.1257400471549,TRUE,NA
"r",20.5,-3.86378135669311,-2.53148713400912,-1.7743602473425,1.18593034101652,26.1788063723292,TRUE,NA
"r",20.55,-3.86741043144316,-2.5339745961886,-1.77682411843745,1.18658469282315,26.2318634452353,TRUE,NA
"r",20.6,-3.87103491353655,-2.5364596752705,-1.77928566976186,1.18723692251218,26.284911301819,TRUE,NA
"r",20.65,-3.87465482047381,-2.53894238009697,-1.7817449097643,1.18788703902192,26.3379499778209,TRUE,NA
"r",20.7,-3.87827016964764,-2.54142271945263,-1.78420184683986,1.18853505123711,26.3909795087788,TRUE,NA
"r",20.75,-3.88188097834394,-2.54390070206515,-1.78665648933056,1.18918096798929,26.4439999300285,TRUE,NA
"r",20.8,-3.88548726374261,-2.54637633660578,-1.78910884552591,1.18982479805721,26.497011276706,TRUE,NA
"r",20.85,-3.88908904291849,-2.54884963168984,-1.7915589236633,1.19046655016729,26.5500135837487,TRUE,NA
"r",20.9,-3.89268633284225,-2.55132059587726,-1.79400673192851,1.191106232994,26.6030068858969,TRUE,NA
"r",20.95,-3.89627915038123,-2.55378923767309,-1.79645227845616,1.1917438551603,26.6559912176955,TRUE,NA
"r",21,-3.89986751230032,-2.55625556552797,-1.79889557133015,1.19237942523798,26.7089666134955,TRUE,NA
"r",21.05,-3.90345143526281,-2.55871958783869,-1.80133661858413,1.19301295174814,26.7619331074553,TRUE,NA
"r",21.1,-3.90703093583126,-2.56118131294862,-1.80377542820193,1.19364444316151,26.8148907335425,TRUE,NA
"r",21.15,-3.91060603046831,-2.56364074914819,-1.80621200811797,1.19427390789893,26.8678395255351,TRUE,NA
"r",21.2,-3.91417673553748,-2.56609790467545,-1.80864636621775,1.19490135433164,26.9207795170229,TRUE,NA
"r",21.25,-3.91774306730407,-2.56855278771645,-1.81107851033825,1.19552679078173,26.9737107414091,TRUE,NA
"r",21.3,-3.9213050419359,-2.57100540640575,-1.81350844826833,1.19615022552251,27.0266332319119,TRUE,NA
"r",21.35,-3.92486267550413,-2.57345576882691,-1.81593618774919,1.19677166677886,27.0795470215654,TRUE,NA
"r",21.4,-3.92841598398407,-2.57590388301289,-1.81836173647475,1.19739112272766,27.1324521432215,TRUE,NA
"r",21.45,-3.93196498325594,-2.57834975694653,-1.82078510209208,1.19800860149809,27.1853486295509,TRUE,NA
"r",21.5,-3.93550968910567,-2.58079339856102,-1.82320629220181,1.19862411117205,27.2382365130446,TRUE,NA
"r",21.55,-3.93905011722566,-2.58323481574028,-1.82562531435847,1.19923765978449,27.2911158260155,TRUE,NA
"r",21.6,-3.94258628321552,-2.58567401631947,-1.82804217607099,1.1998492553238,27.3439866005992,TRUE,NA
"r",21.65,-3.94611820258288,-2.58811100808537,-1.83045688480301,1.20045890573215,27.396848868756,TRUE,NA
"r",21.7,-3.94964589074407,-2.59054579877679,-1.83286944797327,1.20106661890582,27.4497026622715,TRUE,NA
"r",21.75,-3.95316936302488,-2.59297839608511,-1.83527987295605,1.2016724026956,27.5025480127586,TRUE,NA
"r",21.8,-3.95668863466133,-2.5954088076545,-1.83768816708148,1.2022762649071,27.5553849516581,TRUE,NA
"r",21.85,-3.96020372080031,-2.59783704108252,-1.84009433763597,1.20287821330108,27.6082135102407,TRUE,NA
"r",21.9,-3.96371463650041,-2.60026310392043,-1.84249839186252,1.20347825559385,27.6610337196075,TRUE,NA
"r",21.95,-3.96722139673248,-2.60268700367359,-1.84490033696117,1.20407639945753,27.713845610692,TRUE,NA
"r",22,-3.97072401638049,-2.60510874780191,-1.84730018008927,1.20467265252046,27.7666492142608,TRUE,NA
"r",22.05,-3.9742225102421,-2.60752834372019,-1.84969792836192,1.20526702236746,27.819444560915,TRUE,NA
"r",22.1,-3.9777168930294,-2.60994579879855,-1.85209358885223,1.2058595165402,27.8722316810915,TRUE,NA
"r",22.15,-3.9812071793696,-2.61236112036277,-1.85448716859179,1.20645014253752,27.9250106050641,TRUE,NA
"r",22.2,-3.98469338380567,-2.61477431569475,-1.85687867457092,1.20703890781573,27.9777813629447,TRUE,NA
"r",22.25,-3.98817552079702,-2.61718539203277,-1.85926811373904,1.20762581978896,28.0305439846846,TRUE,NA
"r",22.3,-3.99165360472017,-2.61959435657196,-1.86165549300501,1.20821088582943,28.0832985000755,TRUE,NA
"r",22.35,-3.99512764986939,-2.62200121646466,-1.8640408192375,1.20879411326782,28.1360449387509,TRUE,NA
"r",22.4,-3.99859767045736,-2.62440597882069,-1.86642409926527,1.20937550939353,28.188783330187,TRUE,NA
"r",22.45,-4.00206368061577,-2.62680865070783,-1.86880533987752,1.20995508145502,28.2415137037039,TRUE,NA
"r",22.5,-4.00552569439602,-2.62920923915213,-1.87118454782423,1.21053283666009,28.2942360884667,TRUE,NA
"r",22.55,-4.00898372576979,-2.63160775113822,-1.87356172981645,1.21110878217618,28.346950513487,TRUE,NA
"r",22.6,-4.01243778862967,-2.63400419360971,-1.87593689252665,1.21168292513071,28.3996570076234,TRUE,NA
"r",22.65,-4.01588789678983,-2.63639857346952,-1.87831004258898,1.2122552726113,28.452355599583,TRUE,NA
"r",22.7,-4.01933406398652,-2.63879089758022,-1.88068118659969,1.21282583166615,28.5050463179224,TRUE,NA
"r",22.75,-4.0227763038788,-2.64118117276437,-1.88305033111732,1.21339460930425,28.5577291910488,TRUE,NA
"r",22.8,-4.02621463004904,-2.64356940580483,-1.88541748266305,1.21396161249574,28.6104042472209,TRUE,NA
"r",22.85,-4.02964905600355,-2.64595560344512,-1.88778264772103,1.21452684817212,28.6630715145503,TRUE,NA
"r",22.9,-4.03307959517316,-2.64833977238974,-1.89014583273865,1.21509032322661,28.7157310210021,TRUE,NA
"r",22.95,-4.03650626091381,-2.65072191930448,-1.89250704412682,1.21565204451435,28.7683827943964,TRUE,NA
"r",23,-4.03992906650709,-2.65310205081676,-1.89486628826032,1.21621201885275,28.8210268624089,TRUE,NA
"r",23.05,-4.04334802516087,-2.65548017351591,-1.897223571478,1.21677025302173,28.8736632525723,TRUE,NA
"r",23.1,-4.04676315000978,-2.6578562939535,-1.89957890008316,1.21732675376396,28.9262919922771,TRUE,NA
"r",23.15,-4.05017445411585,-2.6602304186437,-1.90193228034378,1.21788152778522,28.9789131087727,TRUE,NA
"r",23.2,-4.053581950469,-2.66260255406347,-1.90428371849279,1.21843458175456,29.0315266291681,TRUE,NA
"r",23.25,-4.05698565198762,-2.664972706653,-1.90663322072841,1.21898592230465,29.0841325804334,TRUE,NA
"r",23.3,-4.0603855715191,-2.66734088281588,-1.90898079321434,1.21953555603199,29.1367309894005,TRUE,NA
"r",23.35,-4.06378172184035,-2.6697070889195,-1.9113264420801,1.22008348949718,29.1893218827638,TRUE,NA
"r",23.4,-4.06717411565839,-2.67207133129528,-1.91367017342129,1.22062972922523,29.2419052870816,TRUE,NA
"r",23.45,-4.07056276561078,-2.67443361623898,-1.91601199329981,1.22117428170572,29.2944812287769,TRUE,NA
"r",23.5,-4.07394768426625,-2.67679395001099,-1.91835190774417,1.22171715339314,29.3470497341383,TRUE,NA
"r",23.55,-4.07732888412512,-2.67915233883661,-1.92068992274973,1.22225835070709,29.399610829321,TRUE,NA
"r",23.6,-4.08070637761986,-2.68150878890632,-1.92302604427898,1.22279788003255,29.4521645403474,TRUE,NA
"r",23.65,-4.0840801771156,-2.68386330637608,-1.92536027826177,1.22333574772014,29.5047108931086,TRUE,NA
"r",23.7,-4.08745029491062,-2.6862158973676,-1.92769263059556,1.22387196008629,29.5572499133649,TRUE,NA
"r",23.75,-4.09081674323683,-2.68856656796859,-1.93002310714571,1.22440652341361,29.6097816267468,TRUE,NA
"r",23.8,-4.09417953426029,-2.69091532423306,-1.9323517137457,1.224939443951,29.6623060587558,TRUE,NA
"r",23.85,-4.09753868008167,-2.69326217218156,-1.93467845619736,1.22547072791398,29.7148232347654,TRUE,NA
"r",23.9,-4.10089419273677,-2.69560711780145,-1.93700334027114,1.2260003814849,29.7673331800222,TRUE,NA
"r",23.95,-4.10424608419696,-2.69795016704719,-1.93932637170636,1.22652841081311,29.8198359196461,TRUE,NA
"r",24,-4.10759436636969,-2.70029132584055,-1.94164755621139,1.22705482201532,29.872331478632,TRUE,NA
"r",24.05,-4.11093905109889,-2.70263060007092,-1.94396689946398,1.22757962117571,29.9248198818499,TRUE,NA
"r",24.1,-4.11428015016554,-2.70496799559551,-1.9462844071114,1.22810281434622,29.9773011540462,TRUE,NA
"r",24.15,-4.11761767528805,-2.70730351823964,-1.94860008477073,1.22862440754676,30.0297753198445,TRUE,NA
"r",24.2,-4.12095163812272,-2.70963717379697,-1.95091393802908,1.22914440676543,30.0822424037463,TRUE,NA
"r",24.25,-4.12428205026426,-2.71196896802972,-1.95322597244377,1.22966281795875,30.1347024301319,TRUE,NA
"r",24.3,-4.12760892324614,-2.71429890666901,-1.95553619354266,1.23017964705189,30.1871554232611,TRUE,NA
"r",24.35,-4.13093226854112,-2.71662699541496,-1.95784460682424,1.23069489993885,30.2396014072743,TRUE,NA
"r",24.4,-4.13425209756164,-2.71895323993704,-1.96015121775795,1.23120858248273,30.2920404061928,TRUE,NA
"r",24.45,-4.13756842166026,-2.72127764587428,-1.96245603178437,1.23172070051587,30.3444724439202,TRUE,NA
"r",24.5,-4.14088125213013,-2.72360021883545,-1.96475905431539,1.23223125984016,30.3968975442428,TRUE,NA
"r",24.55,-4.14419060020536,-2.72592096439935,-1.96706029073452,1.23274026622716,30.4493157308304,TRUE,NA
"r",24.6,-4.14749647706147,-2.72823988811504,-1.96935974639702,1.23324772541837,30.5017270272373,TRUE,NA
"r",24.65,-4.15079889381585,-2.73055699550203,-1.97165742663013,1.23375364312539,30.5541314569028,TRUE,NA
"r",24.7,-4.15409786152808,-2.73287229205052,-1.9739533367333,1.23425802503017,30.6065290431522,TRUE,NA
"r",24.75,-4.15739339120047,-2.73518578322162,-1.97624748197835,1.23476087678519,30.6589198091973,TRUE,NA
"r",24.8,-4.16068549377834,-2.73749747444758,-1.97853986760975,1.23526220401366,30.7113037781375,TRUE,NA
"r",24.85,-4.16397418015051,-2.73980737113202,-1.98083049884475,1.23576201230973,30.7636809729601,TRUE,NA
"r",24.9,-4.16725946114967,-2.74211547865011,-1.98311938087361,1.23626030723865,30.8160514165414,TRUE,NA
"r",24.95,-4.17054134755278,-2.74442180234878,-1.98540651885978,1.23675709433705,30.8684151316474,TRUE,NA
"r",25,-4.17381985008149,-2.746726347547,-1.98769191794014,1.23725237911307,30.9207721409343,TRUE,NA
"r",25.05,-4.17709497940248,-2.7490291195359,-1.98997558322514,1.23774616704655,30.9731224669494,TRUE,NA
"r",25.1,-4.18036674612788,-2.75133012357905,-1.99225751979904,1.23823846358922,31.0254661321318,TRUE,NA
"r",25.15,-4.18363516081565,-2.75362936491261,-1.99453773272006,1.23872927416498,31.077803158813,TRUE,NA
"r",25.2,-4.18690023396995,-2.75592684874558,-1.99681622702059,1.23921860416996,31.1301335692177,TRUE,NA
"r",25.25,-4.19016197604155,-2.75822258025996,-1.99909300770739,1.23970645897277,31.1824573854645,TRUE,NA
"r",25.3,-4.19342039742816,-2.76051656461098,-2.00136807976174,1.24019284391472,31.2347746295665,TRUE,NA
"r",25.35,-4.19667550847481,-2.76280880692729,-2.00364144813966,1.2406777643099,31.2870853234323,TRUE,NA
"r",25.4,-4.19992731947423,-2.76509931231116,-2.00591311777206,1.2411612254455,31.339389488866,TRUE,NA
"r",25.45,-4.20317584066721,-2.76738808583864,-2.00818309356496,1.24164323258184,31.3916871475685,TRUE,NA
"r",25.5,-4.20642108224298,-2.76967513255979,-2.01045138039961,1.2421237909527,31.4439783211382,TRUE,NA
"r",25.55,-4.20966305433951,-2.77196045749886,-2.01271798313273,1.24260290576537,31.496263031071,TRUE,NA
"r",25.6,-4.21290176704391,-2.77424406565449,-2.01498290659665,1.24308058220091,31.5485412987617,TRUE,NA
"r",25.65,-4.21613723039279,-2.77652596199987,-2.0172461555995,1.24355682541429,31.6008131455042,TRUE,NA
"r",25.7,-4.21936945437256,-2.77880615148293,-2.01950773492536,1.24403164053455,31.6530785924922,TRUE,NA
"r",25.75,-4.22259844891983,-2.78108463902655,-2.02176764933443,1.24450503266502,31.7053376608202,TRUE,NA
"r",25.8,-4.2258242239217,-2.7833614295287,-2.02402590356324,1.24497700688345,31.7575903714834,TRUE,NA
"r",25.85,-4.22904678921614,-2.78563652786266,-2.02628250232477,1.24544756824217,31.8098367453793,TRUE,NA
"r",25.9,-4.2322661545923,-2.78790993887718,-2.02853745030866,1.2459167217683,31.8620768033075,TRUE,NA
"r",25.95,-4.23548232979086,-2.79018166739665,-2.03079075218131,1.2463844724639,31.9143105659706,TRUE,NA
"r",26,-4.23869532450434,-2.79245171822127,-2.03304241258613,1.2468508253061,31.966538053975,TRUE,NA
"r",26.05,-4.24190514837747,-2.79472009612725,-2.03529243614362,1.24731578524734,32.0187592878313,TRUE,NA
"r",26.1,-4.24511181100743,-2.79698680586697,-2.03754082745159,1.24777935721542,32.0709742879548,TRUE,NA
"r",26.15,-4.24831532194428,-2.79925185216912,-2.03978759108525,1.2482415461138,32.1231830746665,TRUE,NA
"r",26.2,-4.25151569069119,-2.80151523973891,-2.04203273159746,1.24870235682162,32.1753856681934,TRUE,NA
"r",26.25,-4.25471292670481,-2.80377697325822,-2.04427625351881,1.24916179419397,32.227582088669,TRUE,NA
"r",26.3,-4.25790703939555,-2.80603705738575,-2.04651816135779,1.24961986306199,32.2797723561342,TRUE,NA
"r",26.35,-4.2610980381279,-2.80829549675723,-2.04875845960098,1.25007656823301,32.3319564905374,TRUE,NA
"r",26.4,-4.26428593222076,-2.81055229598551,-2.05099715271316,1.25053191449076,32.3841345117359,TRUE,NA
"r",26.45,-4.26747073094771,-2.8128074596608,-2.05323424513747,1.25098590659549,32.4363064394954,TRUE,NA
"r",26.5,-4.27065244353736,-2.81506099235075,-2.05546974129557,1.25143854928414,32.4884722934916,TRUE,NA
"r",26.55,-4.27383107917357,-2.81731289860068,-2.05770364558776,1.25188984727045,32.54063209331,TRUE,NA
"r",26.6,-4.27700664699585,-2.81956318293369,-2.05993596239319,1.25233980524514,32.5927858584467,TRUE,NA
"r",26.65,-4.28017915609956,-2.82181184985084,-2.06216669606992,1.25278842787609,32.6449336083092,TRUE,NA
"r",26.7,-4.28334861553629,-2.82405890383126,-2.06439585095513,1.25323571980841,32.6970753622166,TRUE,NA
"r",26.75,-4.28651503431406,-2.82630434933238,-2.06662343136522,1.25368168566466,32.7492111394005,TRUE,NA
"r",26.8,-4.2896784213977,-2.82854819079001,-2.06884944159597,1.25412633004495,32.8013409590051,TRUE,NA
"r",26.85,-4.29283878570904,-2.8307904326185,-2.0710738859227,1.25456965752709,32.8534648400879,TRUE,NA
"r",26.9,-4.29599613612729,-2.83303107921094,-2.07329676860037,1.25501167266676,32.9055828016206,TRUE,NA
"r",26.95,-4.29915048148924,-2.83527013493923,-2.07551809386373,1.25545237999763,32.9576948624891,TRUE,NA
"r",27,-4.30230183058958,-2.83750760415429,-2.07773786592746,1.25589178403149,33.0098010414945,TRUE,NA
"r",27.05,-4.30545019218118,-2.83974349118616,-2.07995608898632,1.2563298892584,33.0619013573529,TRUE,NA
"r",27.1,-4.30859557497532,-2.8419778003442,-2.08217276721528,1.25676670014683,33.1139958286969,TRUE,NA
"r",27.15,-4.31173798764203,-2.84421053591712,-2.08438790476959,1.25720222114383,33.1660844740754,TRUE,NA
"r",27.2,-4.31487743881029,-2.84644170217326,-2.08660150578502,1.25763645667507,33.2181673119541,TRUE,NA
"r",27.25,-4.31801393706835,-2.84867130336064,-2.0888135743779,1.25806941114509,33.2702443607166,TRUE,NA
"r",27.3,-4.32114749096396,-2.8508993437071,-2.0910241146453,1.25850108893736,33.3223156386641,TRUE,NA
"r",27.35,-4.32427810900464,-2.85312582742048,-2.09323313066513,1.25893149441443,33.3743811640168,TRUE,NA
"r",27.4,-4.32740579965796,-2.85535075868871,-2.09544062649629,1.25936063191808,33.4264409549134,TRUE,NA
"r",27.45,-4.33053057135177,-2.85757414168001,-2.09764660617878,1.25978850576942,33.4784950294123,TRUE,NA
"r",27.5,-4.33365243247448,-2.85979598054291,-2.09985107373382,1.26021512026906,33.530543405492,TRUE,NA
"r",27.55,-4.33677139137531,-2.8620162794065,-2.10205403316399,1.26064047969718,33.5825861010513,TRUE,NA
"r",27.6,-4.3398874563645,-2.86423504238049,-2.10425548845335,1.26106458831372,33.6346231339099,TRUE,NA
"r",27.65,-4.34300063571363,-2.86645227355538,-2.10645544356755,1.26148745035847,33.686654521809,TRUE,NA
"r",27.7,-4.34611093765582,-2.86866797700254,-2.10865390245397,1.26190907005119,33.7386802824116,TRUE,NA
"r",27.75,-4.349218370386,-2.87088215677439,-2.11085086904181,1.26232945159178,33.7907004333031,TRUE,NA
"r",27.8,-4.35232294206113,-2.87309481690448,-2.11304634724224,1.26274859916035,33.8427149919916,TRUE,NA
"r",27.85,-4.35542466080045,-2.87530596140765,-2.11524034094849,1.26316651691737,33.8947239759087,TRUE,NA
"r",27.9,-4.35852353468574,-2.87751559428016,-2.11743285403601,1.26358320900378,33.9467274024095,TRUE,NA
"r",27.95,-4.36161957176152,-2.87972371949975,-2.11962389036252,1.26399867954113,33.9987252887732,TRUE,NA
"r",28,-4.36471278003534,-2.88193034102583,-2.12181345376818,1.2644129326317,34.0507176522038,TRUE,NA
"r",28.05,-4.36780316747795,-2.88413546279958,-2.12400154807567,1.26482597235858,34.1027045098304,TRUE,NA
"r",28.1,-4.37089074202358,-2.88633908874407,-2.12618817709036,1.26523780278581,34.1546858787074,TRUE,NA
"r",28.15,-4.37397551157015,-2.88854122276435,-2.12837334460032,1.26564842795855,34.2066617758154,TRUE,NA
"r",28.2,-4.37705748397951,-2.89074186874763,-2.13055705437654,1.2660578519031,34.258632218061,TRUE,NA
"r",28.25,-4.38013666707766,-2.89294103056332,-2.13273931017295,1.26646607862709,34.3105972222782,TRUE,NA
"r",28.3,-4.38321306865495,-2.8951387120632,-2.13492011572659,1.26687311211956,34.3625568052275,TRUE,NA
"r",28.35,-4.38628669646636,-2.89733491708154,-2.13709947475771,1.26727895635109,34.4145109835978,TRUE,NA
"r",28.4,-4.38935755823168,-2.89952964943517,-2.13927739096983,1.26768361527388,34.4664597740056,TRUE,NA
"r",28.45,-4.39242566163572,-2.90172291292364,-2.14145386804993,1.26808709282192,34.518403192996,TRUE,NA
"r",28.5,-4.39549101432857,-2.90391471132925,-2.14362890966844,1.26848939291106,34.5703412570432,TRUE,NA
"r",28.55,-4.39855362392578,-2.90610504841731,-2.14580251947947,1.26889051943911,34.6222739825506,TRUE,NA
"r",28.6,-4.40161349800859,-2.90829392793609,-2.14797470112084,1.26929047628598,34.6742013858514,TRUE,NA
"r",28.65,-4.40467064412413,-2.91048135361701,-2.15014545821417,1.26968926731379,34.7261234832089,TRUE,NA
"r",28.7,-4.40772506978566,-2.91266732917477,-2.15231479436504,1.27008689636694,34.778040290817,TRUE,NA
"r",28.75,-4.41077678247274,-2.91485185830738,-2.15448271316306,1.27048336727226,34.8299518248006,TRUE,NA
"r",28.8,-4.41382578963147,-2.91703494469635,-2.15664921818195,1.27087868383908,34.8818581012159,TRUE,NA
"r",28.85,-4.41687209867467,-2.91921659200672,-2.15881431297968,1.27127284985937,34.9337591360508,TRUE,NA
"r",28.9,-4.41991571698212,-2.92139680388723,-2.16097800109854,1.27166586910781,34.9856549452256,TRUE,NA
"r",28.95,-4.42295665190071,-2.92357558397037,-2.16314028606525,1.27205774534193,35.0375455445928,TRUE,NA
"r",29,-4.42599491074471,-2.92575293587254,-2.16530117139106,1.27244848230219,35.089430949938,TRUE,NA
"r",29.05,-4.42903050079589,-2.92792886319408,-2.16746066057185,1.27283808371206,35.1413111769803,TRUE,NA
"r",29.1,-4.43206342930378,-2.93010336951943,-2.16961875708818,1.27322655327818,35.193186241372,TRUE,NA
"r",29.15,-4.43509370348586,-2.93227645841722,-2.17177546440547,1.27361389469042,35.2450561587,TRUE,NA
"r",29.2,-4.43812133052772,-2.93444813344035,-2.17393078597401,1.27400011162198,35.2969209444852,TRUE,NA
"r",29.25,-4.44114631758329,-2.93661839812609,-2.17608472522911,1.27438520772951,35.3487806141836,TRUE,NA
"r",29.3,-4.444168671775,-2.9387872559962,-2.17823728559115,1.27476918665318,35.4006351831863,TRUE,NA
"r",29.35,-4.44718840019399,-2.94095471055703,-2.18038847046573,1.27515205201679,35.45248466682,TRUE,NA
"r",29.4,-4.45020550990033,-2.94312076529955,-2.18253828324369,1.27553380742791,35.5043290803472,TRUE,NA
"r",29.45,-4.45322000792313,-2.94528542369955,-2.18468672730125,1.27591445647789,35.5561684389668,TRUE,NA
"r",29.5,-4.45623190126079,-2.94744868921765,-2.18683380600008,1.27629400274203,35.6080027578143,TRUE,NA
"r",29.55,-4.45924119688117,-2.94961056529944,-2.1889795226874,1.27667244977965,35.6598320519622,TRUE,NA
"r",29.6,-4.46224790172176,-2.95177105537554,-2.19112388069607,1.27704980113415,35.7116563364203,TRUE,NA
"r",29.65,-4.46525202268988,-2.95393016286174,-2.19326688334464,1.27742606033318,35.7634756261361,TRUE,NA
"r",29.7,-4.46825356666284,-2.95608789115905,-2.19540853393751,1.27780123088865,35.8152899359952,TRUE,NA
"r",29.75,-4.47125254048815,-2.95824424365377,-2.19754883576493,1.27817531629688,35.8670992808217,TRUE,NA
"r",29.8,-4.47424895098365,-2.96039922371766,-2.19968779210315,1.27854832003868,35.9189036753783,TRUE,NA
"r",29.85,-4.47724280493775,-2.96255283470798,-2.20182540621449,1.27892024557941,35.9707031343668,TRUE,NA
"r",29.9,-4.48023410910953,-2.96470507996755,-2.2039616813474,1.2792910963691,36.0224976724285,TRUE,NA
"r",29.95,-4.483222870229,-2.96685596282489,-2.20609662073658,1.27966087584254,36.0742873041443,TRUE,NA
"r",30,-4.48620909499718,-2.9690054865943,-2.20823022760302,1.28002958741937,36.1260720440355,TRUE,NA
"r",30.05,-4.48919279008637,-2.97115365457592,-2.21036250515413,1.28039723450413,36.1778519065634,TRUE,NA
"r",30.1,-4.49217396214021,-2.97330047005583,-2.21249345658379,1.28076382048639,36.2296269061305,TRUE,NA
"r",30.15,-4.49515261777395,-2.97544593630614,-2.21462308507242,1.28112934874083,36.28139705708,TRUE,NA
"r",30.2,-4.49812876357457,-2.97759005658506,-2.2167513937871,1.28149382262734,36.3331623736969,TRUE,NA
"r",30.25,-4.50110240610093,-2.97973283413702,-2.21887838588163,1.28185724549104,36.3849228702076,TRUE,NA
"r",30.3,-4.50407355188397,-2.98187427219272,-2.2210040644966,1.28221962066244,36.4366785607807,TRUE,NA
"r",30.35,-4.50704220742686,-2.98401437396918,-2.22312843275947,1.28258095145747,36.4884294595272,TRUE,NA
"r",30.4,-4.51000837920515,-2.98615314266994,-2.22525149378468,1.28294124117764,36.5401755805007,TRUE,NA
"r",30.45,-4.51297207366696,-2.98829058148501,-2.22737325067366,1.28330049311003,36.5919169376979,TRUE,NA
"r",30.5,-4.51593329723311,-2.990426693591,-2.22949370651497,1.28365871052742,36.6436535450587,TRUE,NA
"r",30.55,-4.51889205629729,-2.99256148215124,-2.23161286438438,1.28401589668837,36.6953854164667,TRUE,NA
"r",30.6,-4.52184835722623,-2.99469495031581,-2.23373072734487,1.28437205483731,36.7471125657495,TRUE,NA
"r",30.65,-4.52480220635984,-2.99682710122164,-2.2358472984468,1.2847271882046,36.7988350066789,TRUE,NA
"r",30.7,-4.52775361001138,-2.99895793799255,-2.2379625807279,1.28508130000661,36.8505527529711,TRUE,NA
"r",30.75,-4.53070257446759,-3.0010874637394,-2.24007657721341,1.28543439344583,36.9022658182873,TRUE,NA
"r",30.8,-4.53364910598888,-3.00321568156012,-2.24218929091611,1.28578647171093,36.9539742162338,TRUE,NA
"r",30.85,-4.53659321080944,-3.00534259453979,-2.24430072483643,1.28613753797678,37.0056779603623,TRUE,NA
"r",30.9,-4.53953489513742,-3.0074682057507,-2.24641088196247,1.28648759540468,37.0573770641703,TRUE,NA
"r",30.95,-4.54247416515507,-3.00959251825247,-2.24851976527013,1.28683664714227,37.1090715411012,TRUE,NA
"r",31,-4.5454110270189,-3.0117155350921,-2.25062737772314,1.28718469632371,37.160761404545,TRUE,NA
"r",31.05,-4.54834548685982,-3.01383725930402,-2.25273372227315,1.28753174606973,37.2124466678381,TRUE,NA
"r",31.1,-4.55127755078325,-3.01595769391023,-2.25483880185979,1.28787779948766,37.2641273442636,TRUE,NA
"r",31.15,-4.55420722486935,-3.01807684192026,-2.25694261941074,1.28822285967161,37.3158034470521,TRUE,NA
"r",31.2,-4.55713451517307,-3.0201947063314,-2.25904517784181,1.28856692970244,37.3674749893817,TRUE,NA
"r",31.25,-4.56005942772437,-3.02231129012862,-2.26114648005699,1.28891001264788,37.4191419843779,TRUE,NA
"r",31.3,-4.56298196852831,-3.02442659628474,-2.26324652894854,1.28925211156262,37.4708044451145,TRUE,NA
"r",31.35,-4.56590214356522,-3.02654062776045,-2.26534532739705,1.28959322948834,37.5224623846135,TRUE,NA
"r",31.4,-4.56881995879084,-3.02865338750442,-2.2674428782715,1.28993336945384,37.5741158158456,TRUE,NA
"r",31.45,-4.57173542013643,-3.03076487845332,-2.26953918442932,1.29027253447503,37.62576475173,TRUE,NA
"r",31.5,-4.57464853350894,-3.03287510353193,-2.27163424871645,1.29061072755508,37.6774092051355,TRUE,NA
"r",31.55,-4.57755930479114,-3.0349840656532,-2.27372807396748,1.29094795168447,37.7290491888799,TRUE,NA
"r",31.6,-4.58046773984175,-3.0370917677183,-2.27582066300558,1.29128420984104,37.780684715731,TRUE,NA
"r",31.65,-4.58337384449557,-3.03919821261673,-2.27791201864271,1.29161950499005,37.8323157984061,TRUE,NA
"r",31.7,-4.58627762456364,-3.04130340322633,-2.28000214367958,1.29195384008431,37.8839424495731,TRUE,NA
"r",31.75,-4.58917908583333,-3.04340734241337,-2.28209104090571,1.2922872180642,37.93556468185,TRUE,NA
"r",31.8,-4.59207823406852,-3.04551003303267,-2.28417871309962,1.29261964185775,37.9871825078059,TRUE,NA
"r",31.85,-4.5949750750097,-3.04761147792756,-2.28626516302873,1.29295111438068,38.0387959399604,TRUE,NA
"r",31.9,-4.59786961437412,-3.04971167993004,-2.28835039344954,1.29328163853654,38.0904049907848,TRUE,NA
"r",31.95,-4.60076185785588,-3.0518106418608,-2.29043440710761,1.2936112172167,38.1420096727015,TRUE,NA
"r",32,-4.60365181112614,-3.05390836652928,-2.29251720673768,1.29393985330048,38.193609998085,TRUE,NA
"r",32.05,-4.60653947983315,-3.05600485673376,-2.29459879506371,1.29426754965516,38.2452059792614,TRUE,NA
"r",32.1,-4.60942486960244,-3.05810011526139,-2.29667917479893,1.29459430913611,38.2967976285095,TRUE,NA
"r",32.15,-4.61230798603692,-3.0601941448883,-2.29875834864593,1.29492013458675,38.34838495806,TRUE,NA
"r",32.2,-4.61518883471704,-3.06228694837961,-2.30083631929667,1.29524502883876,38.3999679800968,TRUE,NA
"r",32.25,-4.61806742120086,-3.06437852848953,-2.30291308943259,1.29556899471204,38.4515467067568,TRUE,NA
"r",32.3,-4.62094375102422,-3.06646888796142,-2.30498866172465,1.29589203501477,38.5031211501298,TRUE,NA
"r",32.35,-4.62381782970083,-3.06855802952779,-2.30706303883335,1.29621415254357,38.5546913222593,TRUE,NA
"r",32.4,-4.6266896627224,-3.07064595591047,-2.30913622340889,1.29653535008342,38.6062572351423,TRUE,NA
"r",32.45,-4.6295592555588,-3.07273266982056,-2.31120821809108,1.2968556304079,38.6578189007302,TRUE,NA
"r",32.5,-4.63242661365812,-3.07481817395857,-2.31327902550953,1.29717499627906,38.7093763309281,TRUE,NA
"r",32.55,-4.63529174244682,-3.07690247101444,-2.31534864828364,1.29749345044765,38.7609295375957,TRUE,NA
"r",32.6,-4.63815464732984,-3.0789855636676,-2.31741708902267,1.29781099565306,38.8124785325474,TRUE,NA
"r",32.65,-4.64101533369073,-3.08106745458707,-2.31948435032581,1.29812763462345,38.8640233275525,TRUE,NA
"r",32.7,-4.64387380689175,-3.08314814643143,-2.32155043478218,1.29844337007579,38.9155639343353,TRUE,NA
"r",32.75,-4.64673007227401,-3.08522764184896,-2.32361534497097,1.29875820471594,38.9671003645756,TRUE,NA
"r",32.8,-4.64958413515755,-3.08730594347766,-2.32567908346142,1.29907214123866,39.0186326299087,TRUE,NA
"r",32.85,-4.65243600084147,-3.08938305394537,-2.32774165281295,1.2993851823277,39.0701607419258,TRUE,NA
"r",32.9,-4.65528567460407,-3.09145897586968,-2.32980305557512,1.29969733065589,39.1216847121739,TRUE,NA
"r",32.95,-4.65813316170292,-3.0935337118581,-2.33186329428772,1.30000858888516,39.1732045521565,TRUE,NA
"r",33,-4.66097846737501,-3.09560726450817,-2.3339223714809,1.30031895966659,39.2247202733335,TRUE,NA
"r",33.05,-4.6638215968368,-3.09767963640736,-2.33598028967512,1.30062844564049,39.2762318871213,TRUE,NA
"r",33.1,-4.66666255528443,-3.09975083013322,-2.33803705138122,1.30093704943648,39.3277394048938,TRUE,NA
"r",33.15,-4.66950134789372,-3.10182084825345,-2.34009265910055,1.30124477367346,39.3792428379812,TRUE,NA
"r",33.2,-4.67233797982037,-3.10388969332586,-2.34214711532489,1.30155162095981,39.4307421976719,TRUE,NA
"r",33.25,-4.67517245620001,-3.10595736789855,-2.34420042253663,1.3018575938933,39.4822374952112,TRUE,NA
"r",33.3,-4.67800478214833,-3.10802387450985,-2.34625258320875,1.30216269506123,39.5337287418026,TRUE,NA
"r",33.35,-4.68083496276118,-3.11008921568844,-2.34830359980486,1.30246692704046,39.5852159486074,TRUE,NA
"r",33.4,-4.68366300311468,-3.11215339395342,-2.35035347477935,1.30277029239749,39.6366991267452,TRUE,NA
"r",33.45,-4.68648890826532,-3.11421641181426,-2.35240221057728,1.30307279368847,39.6881782872939,TRUE,NA
"r",33.5,-4.6893126832501,-3.11627827177095,-2.35444980963456,1.30337443345931,39.7396534412902,TRUE,NA
"r",33.55,-4.69213433308655,-3.11833897631402,-2.35649627437796,1.30367521424568,39.7911245997296,TRUE,NA
"r",33.6,-4.69495386277293,-3.12039852792458,-2.35854160722511,1.30397513857309,39.8425917735665,TRUE,NA
"r",33.65,-4.69777127728825,-3.12245692907442,-2.36058581058466,1.30427420895694,39.8940549737145,TRUE,NA
"r",33.7,-4.70058658159246,-3.12451418222593,-2.36262888685619,1.30457242790261,39.9455142110471,TRUE,NA
"r",33.75,-4.70339978062644,-3.12657028983235,-2.36467083843039,1.30486979790543,39.9969694963968,TRUE,NA
"r",33.8,-4.70621087931221,-3.12862525433765,-2.36671166768899,1.30516632145083,40.0484208405566,TRUE,NA
"r",33.85,-4.70901988255296,-3.13067907817662,-2.36875137700489,1.3054620010143,40.0998682542791,TRUE,NA
"r",33.9,-4.71182679523315,-3.13273176377501,-2.37078996874221,1.30575683906148,40.1513117482771,TRUE,NA
"r",33.95,-4.71463162221868,-3.13478331354943,-2.37282744525623,1.30605083804829,40.2027513332243,TRUE,NA
"r",34,-4.71743436835689,-3.13683372990753,-2.37486380889358,1.30634400042081,40.2541870197547,TRUE,NA
"r",34.05,-4.72023503847671,-3.13888301524796,-2.37689906199217,1.30663632861551,40.3056188184632,TRUE,NA
"r",34.1,-4.72303363738877,-3.14093117196048,-2.37893320688133,1.30692782505916,40.3570467399058,TRUE,NA
"r",34.15,-4.72583016988545,-3.14297820242596,-2.38096624588178,1.30721849216897,40.4084707945995,TRUE,NA
"r",34.2,-4.72862464074101,-3.14502410901643,-2.38299818130568,1.30750833235261,40.4598909930231,TRUE,NA
"r",34.25,-4.73141705471168,-3.14706889409518,-2.38502901545677,1.30779734800824,40.5113073456166,TRUE,NA
"r",34.3,-4.73420741653575,-3.14911256001673,-2.38705875063025,1.3080855415246,40.5627198627821,TRUE,NA
"r",34.35,-4.73699573093364,-3.15115510912694,-2.38908738911298,1.30837291528103,40.6141285548835,TRUE,NA
"r",34.4,-4.73978200260802,-3.15319654376303,-2.39111493318347,1.30865947164748,40.6655334322469,TRUE,NA
"r",34.45,-4.74256623624391,-3.15523686625359,-2.39314138511184,1.3089452129847,40.7169345051607,TRUE,NA
"r",34.5,-4.74534843650877,-3.1572760789187,-2.39516674716001,1.3092301416441,40.7683317838762,TRUE,NA
"r",34.55,-4.74812860805253,-3.15931418406992,-2.39719102158164,1.30951425996794,40.8197252786068,TRUE,NA
"r",34.6,-4.75090675550777,-3.16135118401035,-2.3992142106222,1.30979757028931,40.8711149995293,TRUE,NA
"r",34.65,-4.75368288348974,-3.16338708103467,-2.40123631651901,1.31008007493219,40.9225009567834,TRUE,NA
"r",34.7,-4.75645699659651,-3.16542187742919,-2.40325734150132,1.3103617762115,40.9738831604719,TRUE,NA
"r",34.75,-4.759229099409,-3.16745557547187,-2.40527728779026,1.31064267643317,41.0252616206614,TRUE,NA
"r",34.8,-4.76199919649109,-3.16948817743244,-2.40729615759899,1.31092277789413,41.0766363473817,TRUE,NA
"r",34.85,-4.76476729238971,-3.17151968557231,-2.40931395313266,1.3112020828824,41.1280073506268,TRUE,NA
"r",34.9,-4.76753339163495,-3.17355010214475,-2.41133067658851,1.31148059367713,41.1793746403542,TRUE,NA
"r",34.95,-4.77029749874011,-3.17557942939487,-2.41334633015586,1.31175831254865,41.2307382264861,TRUE,NA
"r",35,-4.7730596182018,-3.17760766955958,-2.41536091601614,1.31203524175849,41.2820981189087,TRUE,NA
"r",35.05,-4.7758197545,-3.17963482486785,-2.41737443634306,1.31231138355942,41.3334543274724,TRUE,NA
"r",35.1,-4.77857791209821,-3.18166089754048,-2.41938689330242,1.31258674019557,41.3848068619929,TRUE,NA
"r",35.15,-4.78133409544345,-3.18368588979041,-2.42139828905243,1.31286131390233,41.4361557322501,TRUE,NA
"r",35.2,-4.78408830896643,-3.18570980382253,-2.42340862574347,1.31313510690659,41.4875009479893,TRUE,NA
"r",35.25,-4.78684055708155,-3.18773264183384,-2.42541790551833,1.31340812142658,41.5388425189208,TRUE,NA
"r",35.3,-4.78959084418703,-3.18975440601349,-2.42742613051214,1.31368035967206,41.5901804547203,TRUE,NA
"r",35.35,-4.792339174665,-3.19177509854281,-2.4294333028525,1.3139518238443,41.6415147650289,TRUE,NA
"r",35.4,-4.79508555288155,-3.19379472159533,-2.43143942465944,1.31422251613613,41.6928454594533,TRUE,NA
"r",35.45,-4.79782998318681,-3.19581327733678,-2.43344449804543,1.31449243873199,41.7441725475664,TRUE,NA
"r",35.5,-4.80057246991508,-3.19783076792526,-2.43544852511556,1.31476159380797,41.7954960389066,TRUE,NA
"r",35.55,-4.80331301738484,-3.19984719551118,-2.43745150796746,1.31502998353184,41.8468159429787,TRUE,NA
"r",35.6,-4.80605162989889,-3.20186256223724,-2.43945344869129,1.31529761006313,41.8981322692538,TRUE,NA
"r",35.65,-4.80878831174436,-3.20387687023866,-2.44145434937,1.31556447555309,41.9494450271692,TRUE,NA
"r",35.7,-4.8115230671929,-3.20589012164301,-2.44345421207906,1.31583058214486,42.0007542261294,TRUE,NA
"r",35.75,-4.81425590050062,-3.2079023185704,-2.44545303888678,1.31609593197338,42.0520598755051,TRUE,NA
"r",35.8,-4.81698681590829,-3.20991346313342,-2.44745083185414,1.31636052716552,42.1033619846342,TRUE,NA
"r",35.85,-4.8197158176413,-3.21192355743727,-2.44944759303499,1.31662436984003,42.1546605628218,TRUE,NA
"r",35.9,-4.82244290990985,-3.21393260357971,-2.45144332447595,1.3168874621077,42.2059556193398,TRUE,NA
"r",35.95,-4.82516809690897,-3.21594060365109,-2.45343802821646,1.31714980607133,42.2572471634281,TRUE,NA
"r",36,-4.82789138281857,-3.21794755973452,-2.45543170628894,1.31741140382575,42.3085352042938,TRUE,NA
"r",36.05,-4.83061277180356,-3.21995347390575,-2.45742436071872,1.31767225745789,42.3598197511117,TRUE,NA
"r",36.1,-4.83333226801392,-3.2219583482333,-2.45941599352406,1.31793236904683,42.4111008130246,TRUE,NA
"r",36.15,-4.83604987558474,-3.22396218477845,-2.46140660671625,1.31819174066382,42.4623783991432,TRUE,NA
"r",36.2,-4.83876559863633,-3.22596498559532,-2.4633962022996,1.31845037437231,42.5136525185464,TRUE,NA
"r",36.25,-4.84147944127428,-3.22796675273083,-2.46538478227149,1.31870827222803,42.5649231802815,TRUE,NA
"r",36.3,-4.84419140758952,-3.22996748822485,-2.46737234862242,1.31896543627897,42.6161903933642,TRUE,NA
"r",36.35,-4.84690150165842,-3.23196719411012,-2.46935890333602,1.31922186856547,42.6674541667786,TRUE,NA
"r",36.4,-4.8496097275428,-3.23396587241238,-2.4713444483891,1.31947757112019,42.7187145094777,TRUE,NA
"r",36.45,-4.85231608929011,-3.23596352515028,-2.47332898575161,1.31973254596828,42.7699714303837,TRUE,NA
"r",36.5,-4.85502059093341,-3.23796015433559,-2.47531251738683,1.31998679512725,42.8212249383874,TRUE,NA
"r",36.55,-4.85772323649143,-3.23995576197309,-2.47729504525126,1.32024032060711,42.8724750423487,TRUE,NA
"r",36.6,-4.86042402996873,-3.24195035006065,-2.4792765712947,1.3204931244104,42.9237217510975,TRUE,NA
"r",36.65,-4.86312297535568,-3.24394392058929,-2.48125709746033,1.32074520853219,42.9749650734323,TRUE,NA
"r",36.7,-4.86582007662859,-3.24593647554316,-2.48323662568462,1.32099657496017,43.0262050181219,TRUE,NA
"r",36.75,-4.86851533774974,-3.24792801689962,-2.48521515789751,1.32124722567461,43.0774415939045,TRUE,NA
"r",36.8,-4.87120876266745,-3.24991854662928,-2.48719269602235,1.32149716264847,43.1286748094882,TRUE,NA
"r",36.85,-4.87390035531618,-3.25190806669596,-2.48916924197595,1.32174638784738,43.1799046735512,TRUE,NA
"r",36.9,-4.87659011961656,-3.25389657905683,-2.49114479766861,1.32199490322973,43.2311311947419,TRUE,NA
"r",36.95,-4.87927805947549,-3.25588408566235,-2.49311936500418,1.32224271074666,43.2823543816789,TRUE,NA
"r",37,-4.88196417878617,-3.2578705884563,-2.49509294588001,1.3224898123421,43.3335742429513,TRUE,NA
"r",37.05,-4.8846484814282,-3.25985608937595,-2.49706554218712,1.32273620995285,43.3847907871188,TRUE,NA
"r",37.1,-4.88733097126762,-3.26184059035192,-2.49903715581011,1.32298190550853,43.4360040227117,TRUE,NA
"r",37.15,-4.89001165215699,-3.26382409330831,-2.50100778862723,1.3232269009317,43.4872139582311,TRUE,NA
"r",37.2,-4.89269052793545,-3.26580660016267,-2.50297744251037,1.32347119813788,43.5384206021493,TRUE,NA
"r",37.25,-4.8953676024288,-3.26778811282611,-2.50494611932522,1.32371479903549,43.5896239629095,TRUE,NA
"r",37.3,-4.89804287944953,-3.26976863320327,-2.50691382093115,1.32395770552604,43.6408240489263,TRUE,NA
"r",37.35,-4.90071636279691,-3.27174816319239,-2.5088805491813,1.32419991950403,43.6920208685854,TRUE,NA
"r",37.4,-4.90338805625704,-3.27372670468528,-2.51084630592265,1.32444144285702,43.7432144302442,TRUE,NA
"r",37.45,-4.90605796360293,-3.27570425956742,-2.51281109299598,1.32468227746573,43.7944047422317,TRUE,NA
"r",37.5,-4.90872608859454,-3.27768082971795,-2.5147749122359,1.324922425204,43.8455918128487,TRUE,NA
"r",37.55,-4.91139243497887,-3.27965641700972,-2.51673776547098,1.32516188793883,43.8967756503677,TRUE,NA
"r",37.6,-4.91405700648999,-3.28163102330929,-2.51869965452365,1.32540066753041,43.9479562630334,TRUE,NA
"r",37.65,-4.91671980684912,-3.28360465047704,-2.52066058121033,1.32563876583221,43.9991336590625,TRUE,NA
"r",37.7,-4.9193808397647,-3.28557730036703,-2.52262054734134,1.32587618469095,44.050307846644,TRUE,NA
"r",37.75,-4.92204010893242,-3.28754897482727,-2.52457955472111,1.32611292594666,44.1014788339394,TRUE,NA
"r",37.8,-4.92469761803529,-3.28951967569954,-2.52653760514801,1.32634899143268,44.1526466290825,TRUE,NA
"r",37.85,-4.92735337074375,-3.29148940481951,-2.52849470041451,1.32658438297574,44.2038112401798,TRUE,NA
"r",37.9,-4.93000737071565,-3.29345816401678,-2.53045084230717,1.32681910239596,44.2549726753106,TRUE,NA
"r",37.95,-4.93265962159636,-3.29542595511486,-2.53240603260664,1.3270531515069,44.3061309425272,TRUE,NA
"r",38,-4.93531012701882,-3.29739277993124,-2.53436027308774,1.32728653211554,44.3572860498545,TRUE,NA
"r",38.05,-4.93795889060359,-3.29935864027742,-2.53631356551947,1.32751924602241,44.408438005291,TRUE,NA
"r",38.1,-4.9406059159589,-3.30132353795888,-2.53826591166495,1.32775129502154,44.4595868168081,TRUE,NA
"r",38.15,-4.94325120668074,-3.30328747477519,-2.54021731328163,1.32798268090046,44.5107324923506,TRUE,NA
"r",38.2,-4.94589476635289,-3.30525045251997,-2.54216777212113,1.32821340544035,44.5618750398369,TRUE,NA
"r",38.25,-4.94853659854699,-3.30721247298095,-2.54411728992937,1.328443470416,44.613014467159,TRUE,NA
"r",38.3,-4.95117670682257,-3.30917353794003,-2.54606586844663,1.3286728775958,44.6641507821824,TRUE,NA
"r",38.35,-4.95381509472715,-3.31113364917322,-2.54801350940742,1.32890162874182,44.7152839927466,TRUE,NA
"r",38.4,-4.95645176579627,-3.31309280845076,-2.54996021454071,1.32912972560987,44.7664141066649,TRUE,NA
"r",38.45,-4.95908672355354,-3.31505101753706,-2.55190598556975,1.32935716994947,44.817541131725,TRUE,NA
"r",38.5,-4.96171997151073,-3.3170082781908,-2.55385082421228,1.32958396350389,44.8686650756884,TRUE,NA
"r",38.55,-4.96435151316775,-3.31896459216494,-2.55579473218045,1.3298101080102,44.9197859462909,TRUE,NA
"r",38.6,-4.9669813520128,-3.32091996120672,-2.55773771118087,1.33003560519928,44.970903751243,TRUE,NA
"r",38.65,-4.96960949152238,-3.32287438705769,-2.55967976291461,1.33026045679589,45.0220184982293,TRUE,NA
"r",38.7,-4.97223593516131,-3.32482787145377,-2.56162088907729,1.33048466451864,45.0731301949095,TRUE,NA
"r",38.75,-4.97486068638284,-3.32678041612524,-2.56356109135905,1.33070823008003,45.1242388489175,TRUE,NA
"r",38.8,-4.97748374862868,-3.3287320227968,-2.56550037144459,1.33093115518653,45.1753444678626,TRUE,NA
"r",38.85,-4.98010512532904,-3.33068269318755,-2.56743873101321,1.33115344153855,45.2264470593286,TRUE,NA
"r",38.9,-4.98272481990271,-3.33263242901103,-2.56937617173877,1.3313750908305,45.2775466308745,TRUE,NA
"r",38.95,-4.98534283575709,-3.33458123197531,-2.57131269528985,1.33159610475079,45.3286431900346,TRUE,NA
"r",39,-4.98795917628828,-3.33652910378291,-2.57324830332961,1.33181648498192,45.3797367443184,TRUE,NA
"r",39.05,-4.99057384488104,-3.33847604613092,-2.57518299751596,1.33203623320038,45.4308273012107,TRUE,NA
"r",39.1,-4.99318684490898,-3.34042206071095,-2.57711677950145,1.33225535107686,45.4819148681721,TRUE,NA
"r",39.15,-4.99579817973447,-3.34236714920921,-2.57904965093344,1.33247384027609,45.5329994526382,TRUE,NA
"r",39.2,-4.9984078527088,-3.34431131330647,-2.58098161345398,1.33269170245702,45.584081062021,TRUE,NA
"r",39.25,-5.00101586717218,-3.3462545546782,-2.58291266869992,1.33290893927275,45.6351597037079,TRUE,NA
"r",39.3,-5.00362222645379,-3.34819687499445,-2.58484281830294,1.33312555237059,45.6862353850624,TRUE,NA
"r",39.35,-5.00622693387184,-3.35013827592,-2.58677206388953,1.33334154339208,45.7373081134239,TRUE,NA
"r",39.4,-5.00882999273362,-3.35207875911427,-2.58870040708099,1.33355691397304,45.7883778961079,TRUE,NA
"r",39.45,-5.01143140633554,-3.35401832623147,-2.59062784949357,1.33377166574356,45.8394447404062,TRUE,NA
"r",39.5,-5.0140311779632,-3.35595697892053,-2.59255439273837,1.33398580032804,45.8905086535871,TRUE,NA
"r",39.55,-5.01662931089143,-3.35789471882509,-2.59448003842137,1.33419931934525,45.941569642895,TRUE,NA
"r",39.6,-5.01922580838431,-3.35983154758372,-2.59640478814361,1.33441222440829,45.9926277155511,TRUE,NA
"r",39.65,-5.02182067369526,-3.36176746682969,-2.59832864350099,1.33462451712466,46.0436828787531,TRUE,NA
"r",39.7,-5.02441391006707,-3.36370247819115,-2.60025160608442,1.33483619909631,46.0947351396754,TRUE,NA
"r",39.75,-5.02700552073196,-3.36563658329112,-2.60217367747983,1.33504727191958,46.1457845054696,TRUE,NA
"r",39.8,-5.0295955089116,-3.3675697837475,-2.60409485926819,1.33525773718532,46.1968309832637,TRUE,NA
"r",39.85,-5.03218387781716,-3.36950208117314,-2.60601515302554,1.33546759647883,46.247874580163,TRUE,NA
"r",39.9,-5.03477063064941,-3.37143347717575,-2.60793456032293,1.33567685137996,46.2989153032499,TRUE,NA
"r",39.95,-5.03735577059872,-3.37336397335807,-2.60985308272659,1.33588550346311,46.3499531595842,TRUE,NA
"r",40,-5.03993930084507,-3.37529357131776,-2.6117707217978,1.33609355429721,46.4009881562027,TRUE,NA
"r",40.05,-5.04252122455821,-3.37722227264751,-2.61368747909303,1.33630100544582,46.45202030012,TRUE,NA
"r",40.1,-5.04510154489757,-3.37915007893504,-2.61560335616389,1.33650785846708,46.5030495983279,TRUE,NA
"r",40.15,-5.04768026501242,-3.3810769917631,-2.61751835455717,1.33671411491381,46.5540760577958,TRUE,NA
"r",40.2,-5.05025738804184,-3.38300301270952,-2.6194324758149,1.33691977633345,46.6050996854712,TRUE,NA
"r",40.25,-5.05283291711481,-3.38492814334719,-2.62134572147427,1.33712484426816,46.656120488279,TRUE,NA
"r",40.3,-5.05540685535023,-3.38685238524418,-2.6232580930678,1.3373293202548,46.7071384731221,TRUE,NA
"r",40.35,-5.05797920585698,-3.38877573996357,-2.62516959212319,1.33753320582499,46.7581536468816,TRUE,NA
"r",40.4,-5.06054997173394,-3.39069820906378,-2.62708022016355,1.33773650250505,46.8091660164163,TRUE,NA
"r",40.45,-5.06311915607007,-3.3926197940982,-2.62898997870716,1.33793921181616,46.8601755885637,TRUE,NA
"r",40.5,-5.06568676194443,-3.39454049661556,-2.6308988692677,1.33814133527425,46.9111823701391,TRUE,NA
"r",40.55,-5.06825279242623,-3.39646031815976,-2.63280689335424,1.33834287439009,46.9621863679363,TRUE,NA
"r",40.6,-5.07081725057486,-3.39837926026992,-2.63471405247112,1.33854383066933,47.0131875887276,TRUE,NA
"r",40.65,-5.07338013943996,-3.40029732448046,-2.63662034811818,1.33874420561245,47.0641860392638,TRUE,NA
"r",40.7,-5.07594146206144,-3.40221451232107,-2.63852578179061,1.33894400071487,47.1151817262745,TRUE,NA
"r",40.75,-5.07850122146955,-3.40413082531672,-2.64043035497902,1.33914321746692,47.1661746564677,TRUE,NA
"r",40.8,-5.08105942068487,-3.40604626498773,-2.64233406916952,1.33934185735385,47.2171648365305,TRUE,NA
"r",40.85,-5.08361606271842,-3.40796083284971,-2.64423692584364,1.33953992185591,47.2681522731287,TRUE,NA
"r",40.9,-5.08617115057165,-3.40987453041374,-2.64613892647846,1.33973741244831,47.3191369729073,TRUE,NA
"r",40.95,-5.0887246872365,-3.41178735918614,-2.64804007254648,1.33993433060131,47.3701189424903,TRUE,NA
"r",41,-5.09127667569545,-3.41369932066876,-2.64994036551584,1.34013067778015,47.4210981884805,TRUE,NA
"r",41.05,-5.09382711892155,-3.4156104163588,-2.65183980685014,1.34032645544517,47.4720747174607,TRUE,NA
"r",41.1,-5.09637601987846,-3.41752064774892,-2.65373839800859,1.34052166505176,47.5230485359922,TRUE,NA
"r",41.15,-5.09892338152048,-3.41943001632726,-2.65563614044599,1.34071630805039,47.5740196506163,TRUE,NA
"r",41.2,-5.10146920679265,-3.42133852357742,-2.65753303561271,1.34091038588672,47.6249880678536,TRUE,NA
"r",41.25,-5.10401349863071,-3.42324617097852,-2.6594290849548,1.34110390000148,47.6759537942045,TRUE,NA
"r",41.3,-5.10655625996117,-3.42515296000517,-2.66132428991389,1.34129685183061,47.7269168361486,TRUE,NA
"r",41.35,-5.10909749370138,-3.42705889212754,-2.66321865192731,1.3414892428052,47.7778772001457,TRUE,NA
"r",41.4,-5.11163720275954,-3.4289639688114,-2.66511217242808,1.34168107435155,47.8288348926354,TRUE,NA
"r",41.45,-5.11417539003474,-3.43086819151802,-2.66700485284491,1.34187234789122,47.8797899200369,TRUE,NA
"r",41.5,-5.11671205841699,-3.43277156170434,-2.6688966946022,1.34206306484096,47.9307422887498,TRUE,NA
"r",41.55,-5.11924721078731,-3.43467408082284,-2.67078769912011,1.34225322661286,47.9816920051537,TRUE,NA
"r",41.6,-5.1217808500177,-3.43657575032174,-2.67267786781458,1.34244283461422,48.032639075608,TRUE,NA
"r",41.65,-5.12431297897122,-3.43847657164481,-2.67456720209728,1.3426318902477,48.0835835064529,TRUE,NA
"r",41.7,-5.12684360050203,-3.44037654623154,-2.67645570337566,1.34282039491129,48.1345253040087,TRUE,NA
"r",41.75,-5.12937271745542,-3.44227567551713,-2.67834337305303,1.3430083499983,48.185464474576,TRUE,NA
"r",41.8,-5.13190033266782,-3.44417396093244,-2.68023021252849,1.34319575689743,48.236401024436,TRUE,NA
"r",41.85,-5.13442644896688,-3.44607140390412,-2.682116223197,1.34338261699277,48.2873349598506,TRUE,NA
"r",41.9,-5.13695106917149,-3.44796800585449,-2.68400140644936,1.34356893166381,48.3382662870622,TRUE,NA
"r",41.95,-5.13947419609184,-3.44986376820168,-2.68588576367224,1.3437547022855,48.3891950122939,TRUE,NA
"r",42,-5.1419958325294,-3.45175869235963,-2.68776929624827,1.34393993022818,48.4401211417497,TRUE,NA
"r",42.05,-5.14451598127701,-3.45365277973803,-2.68965200555593,1.34412461685771,48.4910446816146,TRUE,NA
"r",42.1,-5.14703464511891,-3.45554603174239,-2.69153389296963,1.34430876353543,48.5419656380543,TRUE,NA
"r",42.15,-5.14955182683073,-3.45743844977408,-2.69341495985977,1.34449237161818,48.5928840172157,TRUE,NA
"r",42.2,-5.15206752917962,-3.45933003523031,-2.69529520759268,1.34467544245834,48.643799825227,TRUE,NA
"r",42.25,-5.15458175492418,-3.46122078950417,-2.69717463753069,1.34485797740381,48.6947130681973,TRUE,NA
"r",42.3,-5.15709450681457,-3.46311071398461,-2.69905325103211,1.34503997779809,48.745623752217,TRUE,NA
"r",42.35,-5.1596057875925,-3.46499981005652,-2.70093104945127,1.34522144498024,48.7965318833581,TRUE,NA
"r",42.4,-5.16211559999132,-3.46688807910068,-2.70280803413853,1.34540238028494,48.8474374676737,TRUE,NA
"r",42.45,-5.16462394673599,-3.46877552249386,-2.70468420644034,1.34558278504249,48.8983405111988,TRUE,NA
"r",42.5,-5.16713083054316,-3.47066214160869,-2.70655956769913,1.34576266057883,48.9492410199496,TRUE,NA
"r",42.55,-5.16963625412119,-3.4725479378139,-2.70843411925348,1.34594200821556,49.0001389999242,TRUE,NA
"r",42.6,-5.1721402201702,-3.4744329124741,-2.71030786243805,1.34612082926995,49.0510344571022,TRUE,NA
"r",42.65,-5.17464273138206,-3.47631706694997,-2.71218079858359,1.34629912505497,49.1019273974452,TRUE,NA
"r",42.7,-5.1771437904405,-3.47820040259818,-2.714052929017,1.34647689687934,49.1528178268966,TRUE,NA
"r",42.75,-5.17964340002107,-3.48008292077146,-2.71592425506133,1.34665414604748,49.2037057513818,TRUE,NA
"r",42.8,-5.1821415627912,-3.48196462281859,-2.71779477803578,1.34683087385955,49.254591176808,TRUE,NA
"r",42.85,-5.18463828141027,-3.48384551008442,-2.71966449925572,1.34700708161152,49.3054741090649,TRUE,NA
"r",42.9,-5.18713355852958,-3.48572558390992,-2.72153342003275,1.34718277059511,49.3563545540238,TRUE,NA
"r",42.95,-5.18962739679244,-3.48760484563208,-2.72340154167461,1.34735794209789,49.4072325175387,TRUE,NA
"r",43,-5.19211979883416,-3.4894832965841,-2.72526886548533,1.3475325974032,49.4581080054457,TRUE,NA
"r",43.05,-5.19461076728213,-3.49136093809529,-2.72713539276515,1.34770673779027,49.5089810235634,TRUE,NA
"r",43.1,-5.19710030475579,-3.49323777149107,-2.72900112481055,1.34788036453418,49.5598515776928,TRUE,NA
"r",43.15,-5.19958841386672,-3.49511379809311,-2.73086606291433,1.34805347890584,49.6107196736171,TRUE,NA
"r",43.2,-5.20207509721866,-3.49698901921918,-2.73273020836552,1.34822608217212,49.6615853171025,TRUE,NA
"r",43.25,-5.20456035740751,-3.49886343618333,-2.73459356244948,1.34839817559577,49.7124485138978,TRUE,NA
"r",43.3,-5.20704419702141,-3.50073705029578,-2.73645612644789,1.34856976043547,49.7633092697343,TRUE,NA
"r",43.35,-5.20952661864073,-3.50260986286294,-2.73831790163873,1.34874083794585,49.8141675903263,TRUE,NA
"r",43.4,-5.21200762483812,-3.50448187518756,-2.74017888929636,1.34891140937748,49.8650234813707,TRUE,NA
"r",43.45,-5.21448721817857,-3.50635308856861,-2.7420390906915,1.34908147597695,49.9158769485477,TRUE,NA
"r",43.5,-5.21696540121938,-3.50822350430131,-2.74389850709121,1.34925103898683,49.9667279975201,TRUE,NA
"r",43.55,-5.21944217651025,-3.5100931236772,-2.74575713975896,1.3494200996457,50.0175766339341,TRUE,NA
"r",43.6,-5.22191754659328,-3.51196194798414,-2.74761498995464,1.34958865918817,50.0684228634187,TRUE,NA
"r",43.65,-5.22439151400298,-3.51382997850629,-2.74947205893455,1.34975671884488,50.1192666915864,TRUE,NA
"r",43.7,-5.22686408126638,-3.51569721652415,-2.75132834795142,1.34992427984257,50.1701081240327,TRUE,NA
"r",43.75,-5.22933525090299,-3.51756366331458,-2.7531838582544,1.35009134340405,50.2209471663366,TRUE,NA
"r",43.8,-5.23180502542482,-3.51942932015079,-2.75503859108915,1.3502579107482,50.2717838240604,TRUE,NA
"r",43.85,-5.23427340733649,-3.52129418830241,-2.75689254769779,1.35042398309004,50.32261810275,TRUE,NA
"r",43.9,-5.23674039913517,-3.52315826903546,-2.75874572931894,1.35058956164069,50.3734500079344,TRUE,NA
"r",43.95,-5.23920600331069,-3.5250215636123,-2.76059813718767,1.35075464760748,50.4242795451268,TRUE,NA
"r",44,-5.24167022234551,-3.52688407329179,-2.76244977253563,1.35091924219381,50.4751067198236,TRUE,NA
"r",44.05,-5.24413305871476,-3.52874579932924,-2.76430063659101,1.35108334659932,50.525931537505,TRUE,NA
"r",44.1,-5.24659451488631,-3.53060674297637,-2.76615073057849,1.35124696201982,50.5767540036351,TRUE,NA
"r",44.15,-5.24905459332075,-3.53246690548135,-2.76800005571935,1.35141008964733,50.6275741236616,TRUE,NA
"r",44.2,-5.25151329647146,-3.53432628808892,-2.76984861323144,1.35157273067011,50.6783919030166,TRUE,NA
"r",44.25,-5.2539706267846,-3.53618489204022,-2.77169640432918,1.35173488627263,50.7292073471154,TRUE,NA
"r",44.3,-5.25642658669917,-3.53804271857295,-2.77354343022361,1.35189655763563,50.7800204613579,TRUE,NA
"r",44.35,-5.25888117864704,-3.53989976892136,-2.77538969212239,1.35205774593614,50.8308312511281,TRUE,NA
"r",44.4,-5.26133440505293,-3.54175604431618,-2.77723519122978,1.35221845234745,50.8816397217937,TRUE,NA
"r",44.45,-5.26378626833452,-3.54361154598472,-2.77907992874672,1.35237867803915,50.9324458787071,TRUE,NA
"r",44.5,-5.2662367709024,-3.54546627515087,-2.78092390587078,1.35253842417716,50.9832497272046,TRUE,NA
"r",44.55,-5.26868591516016,-3.54732023303509,-2.78276712379619,1.35269769192372,51.034051272607,TRUE,NA
"r",44.6,-5.27113370350437,-3.54917342085441,-2.78460958371388,1.35285648243745,51.0848505202197,TRUE,NA
"r",44.65,-5.27358013832464,-3.5510258398225,-2.78645128681149,1.35301479687328,51.1356474753321,TRUE,NA
"r",44.7,-5.27602522200363,-3.55287749114964,-2.78829223427333,1.35317263638255,51.1864421432185,TRUE,NA
"r",44.75,-5.2784689569171,-3.55472837604274,-2.79013242728044,1.35333000211298,51.2372345291375,TRUE,NA
"r",44.8,-5.2809113454339,-3.55657849570536,-2.79197186701062,1.3534868952087,51.2880246383325,TRUE,NA
"r",44.85,-5.28335238991605,-3.55842785133772,-2.79381055463839,1.35364331681027,51.3388124760316,TRUE,NA
"r",44.9,-5.2857920927187,-3.56027644413671,-2.79564849133504,1.35379926805466,51.3895980474475,TRUE,NA
"r",44.95,-5.28823045619023,-3.5621242752959,-2.79748567826862,1.35395475007532,51.4403813577779,TRUE,NA
"r",45,-5.29066748267222,-3.56397134600561,-2.799322116604,1.35410976400214,51.4911624122052,TRUE,NA
"r",45.05,-5.2931031744995,-3.56581765745278,-2.80115780750279,1.3542643109615,51.5419412158967,TRUE,NA
"r",45.1,-5.29553753400021,-3.56766321082119,-2.80299275212348,1.35441839207627,51.592717774005,TRUE,NA
"r",45.15,-5.29797056349573,-3.56950800729124,-2.8048269516213,1.35457200846582,51.6434920916673,TRUE,NA
"r",45.2,-5.30040226530084,-3.57135204804019,-2.8066604071484,1.35472516124608,51.6942641740063,TRUE,NA
"r",45.25,-5.30283264172361,-3.57319533424196,-2.80849311985369,1.35487785152946,51.7450340261294,TRUE,NA
"r",45.3,-5.30526169506553,-3.57503786706735,-2.81032509088304,1.35503008042493,51.7958016531296,TRUE,NA
"r",45.35,-5.3076894276215,-3.57687964768387,-2.81215632137908,1.35518184903809,51.8465670600851,TRUE,NA
"r",45.4,-5.31011584167984,-3.57872067725589,-2.81398681248143,1.35533315847101,51.8973302520592,TRUE,NA
"r",45.45,-5.31254093952233,-3.58056095694454,-2.81581656532653,1.35548400982245,51.9480912341008,TRUE,NA
"r",45.5,-5.31496472342425,-3.58240048790782,-2.81764558104775,1.35563440418769,51.9988500112442,TRUE,NA
"r",45.55,-5.31738719565436,-3.58423927130054,-2.8194738607754,1.3557843426587,52.049606588509,TRUE,NA
"r",45.6,-5.31980835847502,-3.58607730827437,-2.82130140563667,1.35593382632407,52.1003609709007,TRUE,NA
"r",45.65,-5.32222821414208,-3.58791459997787,-2.82312821675578,1.35608285626896,52.15111316341,TRUE,NA
"r",45.7,-5.32464676490503,-3.58975114755645,-2.82495429525381,1.3562314335753,52.2018631710135,TRUE,NA
"r",45.75,-5.32706401300693,-3.5915869521524,-2.82677964224888,1.35637955932161,52.2526109986735,TRUE,NA
"r",45.8,-5.32947996068452,-3.59342201490493,-2.82860425885604,1.35652723458313,52.3033566513378,TRUE,NA
"r",45.85,-5.33189461016819,-3.59525633695011,-2.83042814618733,1.35667446043183,52.3541001339406,TRUE,NA
"r",45.9,-5.33430796368199,-3.59708991942107,-2.83225130535187,1.3568212379363,52.4048414514011,TRUE,NA
"r",45.95,-5.33672002344372,-3.59892276344771,-2.83407373745568,1.35696756816197,52.4555806086252,TRUE,NA
"r",46,-5.3391307916649,-3.60075487015696,-2.83589544360189,1.35711345217089,52.5063176105043,TRUE,NA
"r",46.05,-5.34154027055081,-3.60258624067272,-2.83771642489062,1.35725889102196,52.557052461916,TRUE,NA
"r",46.1,-5.34394846230052,-3.60441687611582,-2.83953668241905,1.35740388577081,52.6077851677241,TRUE,NA
"r",46.15,-5.34635536910691,-3.60624677760412,-2.84135621728144,1.35754843746984,52.6585157327783,TRUE,NA
"r",46.2,-5.3487609931567,-3.6080759462524,-2.84317503056907,1.35769254716824,52.7092441619146,TRUE,NA
"r",46.25,-5.35116533663043,-3.60990438317257,-2.84499312337037,1.35783621591199,52.7599704599551,TRUE,NA
"r",46.3,-5.35356840170259,-3.61173208947341,-2.8468104967708,1.35797944474392,52.8106946317084,TRUE,NA
"r",46.35,-5.35597019054151,-3.61355906626083,-2.84862715185297,1.3581222347037,52.8614166819693,TRUE,NA
"r",46.4,-5.35837070530949,-3.61538531463774,-2.85044308969655,1.35826458682775,52.912136615519,TRUE,NA
"r",46.45,-5.36076994816278,-3.61721083570408,-2.85225831137836,1.35840650214948,52.9628544371251,TRUE,NA
"r",46.5,-5.36316792125156,-3.61903563055696,-2.85407281797244,1.35854798169901,53.0135701515418,TRUE,NA
"r",46.55,-5.36556462672006,-3.62085970029042,-2.85588661054982,1.35868902650347,53.0642837635096,TRUE,NA
"r",46.6,-5.36796006670654,-3.62268304599564,-2.85769969017877,1.35882963758685,53.1149952777561,TRUE,NA
"r",46.65,-5.37035424334324,-3.62450566876094,-2.85951205792477,1.35896981596996,53.1657046989947,TRUE,NA
"r",46.7,-5.37274715875653,-3.62632756967171,-2.86132371485043,1.35910956267063,53.2164120319264,TRUE,NA
"r",46.75,-5.37513881506684,-3.62814874981046,-2.86313466201554,1.35924887870355,53.2671172812381,TRUE,NA
"r",46.8,-5.37752921438873,-3.62996921025683,-2.86494490047712,1.35938776508038,53.3178204516043,TRUE,NA
"r",46.85,-5.37991835883089,-3.63178895208755,-2.86675443128935,1.35952622280976,53.3685215476857,TRUE,NA
"r",46.9,-5.38230625049616,-3.63360797637661,-2.86856325550371,1.35966425289719,53.41922057413,TRUE,NA
"r",46.95,-5.38469289148158,-3.63542628419507,-2.87037137416884,1.35980185634528,53.4699175355722,TRUE,NA
"r",47,-5.38707828387835,-3.63724387661118,-2.87217878833068,1.3599390341535,53.5206124366337,TRUE,NA
"r",47.05,-5.38946242977195,-3.63906075469039,-2.87398549903236,1.36007578731841,53.5713052819234,TRUE,NA
"r",47.1,-5.3918453312421,-3.64087691949532,-2.87579150731432,1.36021211683355,53.6219960760372,TRUE,NA
"r",47.15,-5.39422699036273,-3.64269237208584,-2.87759681421428,1.36034802368946,53.6726848235578,TRUE,NA
"r",47.2,-5.39660740920213,-3.64450711351898,-2.8794014207672,1.36048350887375,53.7233715290554,TRUE,NA
"r",47.25,-5.39898658982288,-3.64632114484901,-2.88120532800536,1.36061857337105,53.7740561970873,TRUE,NA
"r",47.3,-5.40136453428187,-3.64813446712745,-2.88300853695834,1.36075321816305,53.824738832198,TRUE,NA
"r",47.35,-5.40374124463037,-3.64994708140305,-2.88481104865304,1.36088744422852,53.8754194389194,TRUE,NA
"r",47.4,-5.40611672291403,-3.65175898872182,-2.88661286411366,1.3610212525433,53.9260980217708,TRUE,NA
"r",47.45,-5.4084909711729,-3.65357019012702,-2.88841398436175,1.36115464408034,53.9767745852587,TRUE,NA
"r",47.5,-5.4108639914414,-3.65538068665924,-2.89021441041623,1.36128761980963,54.0274491338772,TRUE,NA
"r",47.55,-5.41323578574847,-3.65719047935629,-2.89201414329332,1.36142018069835,54.0781216721079,TRUE,NA
"r",47.6,-5.41560635611746,-3.65899956925327,-2.89381318400661,1.36155232771079,54.1287922044199,TRUE,NA
"r",47.65,-5.41797570456621,-3.66080795738266,-2.89561153356712,1.36168406180831,54.1794607352697,TRUE,NA
"r",47.7,-5.42034383310708,-3.66261564477419,-2.89740919298317,1.36181538394951,54.230127269102,TRUE,NA
"r",47.75,-5.42271074374692,-3.66442263245497,-2.89920616326056,1.36194629509007,54.2807918103483,TRUE,NA
"r",47.8,-5.42507643848717,-3.66622892144937,-2.9010024454024,1.36207679618289,54.3314543634286,TRUE,NA
"r",47.85,-5.42744091932379,-3.66803451277919,-2.90279804040928,1.36220688817803,54.3821149327503,TRUE,NA
"r",47.9,-5.42980418824735,-3.66983940746351,-2.90459294927919,1.36233657202271,54.4327735227085,TRUE,NA
"r",47.95,-5.43216624724304,-3.67164360651881,-2.90638717300751,1.36246584866144,54.4834301376865,TRUE,NA
"r",48,-5.43452709829064,-3.67344711095899,-2.90818071258716,1.36259471903582,54.5340847820552,TRUE,NA
"r",48.05,-5.43688674336458,-3.67524992179523,-2.90997356900839,1.36272318408477,54.5847374601735,TRUE,NA
"r",48.1,-5.439245184434,-3.67705204003621,-2.91176574325899,1.36285124474441,54.6353881763885,TRUE,NA
"r",48.15,-5.44160242346268,-3.67885346668792,-2.91355723632416,1.3629789019481,54.6860369350349,TRUE,NA
"r",48.2,-5.44395846240912,-3.68065420275384,-2.91534804918662,1.36310615662646,54.7366837404359,TRUE,NA
"r",48.25,-5.44631330322654,-3.68245424923482,-2.91713818282658,1.36323300970735,54.7873285969024,TRUE,NA
"r",48.3,-5.44866694786291,-3.68425360712918,-2.9189276382217,1.36335946211595,54.8379715087338,TRUE,NA
"r",48.35,-5.45101939826099,-3.68605227743263,-2.92071641634718,1.36348551477471,54.8886124802176,TRUE,NA
"r",48.4,-5.45337065635827,-3.68785026113843,-2.92250451817574,1.36361116860334,54.9392515156294,TRUE,NA
"r",48.45,-5.45572072408709,-3.68964755923715,-2.92429194467757,1.36373642451893,54.9898886192333,TRUE,NA
"r",48.5,-5.45806960337457,-3.69144417271699,-2.92607869682046,1.36386128343579,55.0405237952814,TRUE,NA
"r",48.55,-5.46041729614271,-3.6932401025635,-2.92786477556968,1.36398574626563,55.0911570480145,TRUE,NA
"r",48.6,-5.46276380430837,-3.69503534975977,-2.92965018188808,1.3641098139175,55.1417883816617,TRUE,NA
"r",48.65,-5.46510912978326,-3.69682991528639,-2.93143491673607,1.36423348729774,55.1924178004403,TRUE,NA
"r",48.7,-5.467453274474,-3.69862380012148,-2.93321898107162,1.3643567673101,55.2430453085565,TRUE,NA
"r",48.75,-5.46979624028214,-3.70041700524062,-2.93500237585029,1.36447965485566,55.2936709102047,TRUE,NA
"r",48.8,-5.47213802910416,-3.70220953161694,-2.93678510202518,1.3646021508329,55.344294609568,TRUE,NA
"r",48.85,-5.47447864283149,-3.70400138022108,-2.938567160547,1.3647242561377,55.3949164108181,TRUE,NA
"r",48.9,-5.47681808335053,-3.70579255202129,-2.94034855236413,1.36484597166329,55.4455363181154,TRUE,NA
"r",48.95,-5.47915635254269,-3.70758304798328,-2.94212927842244,1.36496729830036,55.4961543356089,TRUE,NA
"r",49,-5.48149345228437,-3.70937286907036,-2.94390933966551,1.36508823693697,55.5467704674364,TRUE,NA
"r",49.05,-5.48382938444698,-3.71116201624347,-2.94568873703455,1.36520878845861,55.5973847177242,TRUE,NA
"r",49.1,-5.48616415089706,-3.71295049046098,-2.9474674714683,1.36532895374829,55.647997090588,TRUE,NA
"r",49.15,-5.4884977534961,-3.714738292679,-2.94924554390329,1.36544873368633,55.6986075901317,TRUE,NA
"r",49.2,-5.49083019410076,-3.71652542385113,-2.95102295527357,1.36556812915062,55.7492162204486,TRUE,NA
"r",49.25,-5.49316147456275,-3.71831188492865,-2.95279970651099,1.36568714101641,55.7998229856204,TRUE,NA
"r",49.3,-5.49549159672894,-3.72009767686035,-2.95457579854491,1.36580577015655,55.8504278897183,TRUE,NA
"r",49.35,-5.49782056244129,-3.72188280059274,-2.95635123230249,1.36592401744126,55.9010309368023,TRUE,NA
"r",49.4,-5.50014837353696,-3.72366725706989,-2.95812600870852,1.36604188373832,55.9516321309212,TRUE,NA
"r",49.45,-5.50247503184825,-3.72545104723355,-2.95990012868549,1.366159369913,56.0022314761134,TRUE,NA
"r",49.5,-5.50480053920265,-3.7272341720231,-2.96167359315362,1.36627647682803,56.0528289764058,TRUE,NA
"r",49.55,-5.50712489742288,-3.72901663237559,-2.96344640303082,1.36639320534375,56.1034246358149,TRUE,NA
"r",49.6,-5.50944810832685,-3.73079842922566,-2.96521855923268,1.36650955631797,56.1540184583464,TRUE,NA
"r",49.65,-5.51177017372775,-3.73257956350576,-2.96699006267263,1.36662553060602,56.2046104479948,TRUE,NA
"r",49.7,-5.514091095434,-3.73436003614584,-2.96876091426168,1.36674112906087,56.2552006087445,TRUE,NA
"r",49.75,-5.5164108752493,-3.7361398480737,-2.97053111490872,1.36685635253295,56.3057889445687,TRUE,NA
"r",49.8,-5.51872951497264,-3.73791900021473,-2.97230066552029,1.36697120187029,56.3563754594301,TRUE,NA
"r",49.85,-5.52104701639834,-3.73969749349205,-2.97406956700075,1.36708567791855,56.4069601572811,TRUE,NA
"r",49.9,-5.52336338131602,-3.74147532882652,-2.97583782025221,1.36719978152087,56.4575430420628,TRUE,NA
"r",49.95,-5.52567861151067,-3.74325250713668,-2.97760542617453,1.36731351351809,56.5081241177065,TRUE,NA
"r",50,-5.5279927087626,-3.74502902933885,-2.97937238566541,1.36742687474857,56.5587033881325,TRUE,NA
"r",50.05,-5.53030567484753,-3.74680489634704,-2.9811386996203,1.36753986604831,56.6092808572508,TRUE,NA
"r",50.1,-5.53261751153659,-3.74858010907297,-2.98290436893239,1.36765248825097,56.6598565289613,TRUE,NA
"r",50.15,-5.53492822059626,-3.75035466842619,-2.9846693944928,1.36776474218777,56.7104304071529,TRUE,NA
"r",50.2,-5.5372378037885,-3.75212857531396,-2.98643377719037,1.36787662868763,56.7610024957045,TRUE,NA
"r",50.25,-5.53954626287067,-3.75390183064135,-2.98819751791181,1.36798814857705,56.8115727984844,TRUE,NA
"r",50.3,-5.54185359959564,-3.75567443531114,-2.98996061754161,1.36809930268027,56.8621413193511,TRUE,NA
"r",50.35,-5.5441598157117,-3.75744639022394,-2.99172307696212,1.36821009181912,56.9127080621525,TRUE,NA
"r",50.4,-5.54646491296268,-3.75921769627814,-2.99348489705357,1.36832051681313,56.9632730307261,TRUE,NA
"r",50.45,-5.54876889308788,-3.76098835436993,-2.99524607869398,1.36843057847953,57.0138362288997,TRUE,NA
"r",50.5,-5.55107175782214,-3.76275836539329,-2.99700662275927,1.36854027763319,57.0643976604906,TRUE,NA
"r",50.55,-5.55337350889584,-3.76452773024003,-2.99876653012319,1.36864961508673,57.1149573293061,TRUE,NA
"r",50.6,-5.55567414803491,-3.76629644979976,-3.00052580165737,1.36875859165046,57.1655152391434,TRUE,NA
"r",50.65,-5.55797367696085,-3.76806452495997,-3.00228443823139,1.36886720813238,57.2160713937897,TRUE,NA
"r",50.7,-5.56027209739075,-3.76983195660592,-3.0040424407126,1.36897546533825,57.2666257970221,TRUE,NA
"r",50.75,-5.56256941103729,-3.77159874562076,-3.00579980996636,1.36908336407152,57.3171784526078,TRUE,NA
"r",50.8,-5.5648656196088,-3.77336489288545,-3.00755654685583,1.36919090513343,57.367729364304,TRUE,NA
"r",50.85,-5.5671607248092,-3.77513039927884,-3.00931265224214,1.36929808932295,57.4182785358581,TRUE,NA
"r",50.9,-5.56945472833809,-3.77689526567766,-3.01106812698435,1.36940491743675,57.4688259710075,TRUE,NA
"r",50.95,-5.57174763189073,-3.77865949295649,-3.01282297193941,1.36951139026936,57.5193716734799,TRUE,NA
"r",51,-5.57403943715803,-3.78042308198776,-3.01457718796218,1.369617508613,57.569915646993,TRUE,NA
"r",51.05,-5.57633014582663,-3.78218603364186,-3.01633077590553,1.36972327325772,57.6204578952548,TRUE,NA
"r",51.1,-5.57861975957887,-3.78394834878701,-3.01808373662021,1.36982868499136,57.6709984219638,TRUE,NA
"r",51.15,-5.58090828009281,-3.78571002828936,-3.01983607095494,1.36993374459951,57.7215372308085,TRUE,NA
"r",51.2,-5.58319570904224,-3.78747107301299,-3.02158777975642,1.37003845286561,57.7720743254677,TRUE,NA
"r",51.25,-5.58548204809673,-3.78923148381985,-3.02333886386929,1.3701428105709,57.8226097096108,TRUE,NA
"r",51.3,-5.58776729892158,-3.79099126156985,-3.02508932413619,1.37024681849442,57.8731433868974,TRUE,NA
"r",51.35,-5.59005146317793,-3.79275040712079,-3.02683916139768,1.37035047741309,57.9236753609778,TRUE,NA
"r",51.4,-5.59233454252267,-3.79450892132845,-3.02858837649238,1.3704537881016,57.9742056354922,TRUE,NA
"r",51.45,-5.59461653860853,-3.79626680504657,-3.03033697025689,1.37055675133254,58.0247342140721,TRUE,NA
"r",51.5,-5.59689745308404,-3.7980240591268,-3.03208494352579,1.37065936787629,58.0752611003386,TRUE,NA
"r",51.55,-5.5991772875936,-3.79978068441879,-3.03383229713168,1.37076163850115,58.125786297904,TRUE,NA
"r",51.6,-5.60145604377748,-3.80153668177006,-3.03557903190513,1.37086356397329,58.1763098103713,TRUE,NA
"r",51.65,-5.60373372327177,-3.80329205202624,-3.03732514867481,1.37096514505668,58.2268316413333,TRUE,NA
"r",51.7,-5.60601032770849,-3.80504679603084,-3.03907064826735,1.37106638251326,58.2773517943743,TRUE,NA
"r",51.75,-5.60828585871556,-3.80680091462539,-3.04081553150745,1.37116727710279,58.3278702730689,TRUE,NA
"r",51.8,-5.61056031791678,-3.80855440864943,-3.04255979921784,1.37126782958298,58.3783870809824,TRUE,NA
"r",51.85,-5.61283370693192,-3.81030727894046,-3.0443034522193,1.37136804070944,58.4289022216711,TRUE,NA
"r",51.9,-5.61510602737665,-3.81205952633407,-3.04604649133069,1.37146791123563,58.4794156986816,TRUE,NA
"r",51.95,-5.61737728086265,-3.81381115166371,-3.04778891736884,1.37156744191302,58.5299275155519,TRUE,NA
"r",52,-5.61964746899752,-3.81556215576105,-3.0495307311488,1.37166663349093,58.5804376758102,TRUE,NA
"r",52.05,-5.62191659338487,-3.8173125394556,-3.05127193348353,1.37176548671667,58.6309461829761,TRUE,NA
"r",52.1,-5.62418465562432,-3.81906230357502,-3.05301252518417,1.37186400233549,58.68145304056,TRUE,NA
"r",52.15,-5.62645165731146,-3.820811448945,-3.05475250705996,1.37196218109053,58.7319582520628,TRUE,NA
"r",52.2,-5.62871760003795,-3.82255997638921,-3.05649187991814,1.37206002372295,58.782461820977,TRUE,NA
"r",52.25,-5.63098248539147,-3.82430788672946,-3.05823064456413,1.37215753097185,58.8329637507856,TRUE,NA
"r",52.3,-5.63324631495576,-3.82605518078559,-3.05996880180148,1.37225470357428,58.8834640449626,TRUE,NA
"r",52.35,-5.63550909031063,-3.82780185937542,-3.0617063524317,1.37235154226534,58.9339627069737,TRUE,NA
"r",52.4,-5.63777081303194,-3.829547923315,-3.06344329725462,1.37244804777803,58.9844597402749,TRUE,NA
"r",52.45,-5.6400314846917,-3.83129337341836,-3.06517963706806,1.3725442208434,59.0349551483137,TRUE,NA
"r",52.5,-5.64229110685797,-3.83303821049764,-3.06691537266802,1.37264006219046,59.0854489345285,TRUE,NA
"r",52.55,-5.64454968109496,-3.83478243536305,-3.06865050484862,1.37273557254625,59.1359411023492,TRUE,NA
"r",52.6,-5.64680720896302,-3.83652604882294,-3.07038503440212,1.37283075263585,59.1864316551968,TRUE,NA
"r",52.65,-5.64906369201864,-3.83826905168373,-3.07211896211897,1.37292560318231,59.2369205964832,TRUE,NA
"r",52.7,-5.65131913181446,-3.84001144474994,-3.0738522887877,1.37302012490675,59.2874079296121,TRUE,NA
"r",52.75,-5.65357352989929,-3.84175322882432,-3.07558501519511,1.37311431852826,59.3378936579779,TRUE,NA
"r",52.8,-5.65582688781815,-3.84349440470756,-3.07731714212606,1.37320818476407,59.3883777849668,TRUE,NA
"r",52.85,-5.65807920711225,-3.84523497319865,-3.07904867036365,1.37330172432938,59.438860313956,TRUE,NA
"r",52.9,-5.660330489319,-3.84697493509461,-3.08077960068914,1.37339493793748,59.4893412483143,TRUE,NA
"r",52.95,-5.66258073597206,-3.84871429119064,-3.08250993388198,1.37348782629972,59.5398205914019,TRUE,NA
"r",53,-5.66482994860129,-3.85045304228012,-3.08423967071983,1.3735803901255,59.5902983465701,TRUE,NA
"r",53.05,-5.66707812873284,-3.85219118915451,-3.08596881197848,1.37367263012232,59.6407745171621,TRUE,NA
"r",53.1,-5.6693252778891,-3.85392873260349,-3.087697358432,1.37376454699576,59.6912491065123,TRUE,NA
"r",53.15,-5.67157139758874,-3.85566567341492,-3.08942531085266,1.37385614144947,59.7417221179466,TRUE,NA
"r",53.2,-5.67381648934672,-3.85740201237476,-3.09115267001091,1.37394741418522,59.7921935547827,TRUE,NA
"r",53.25,-5.6760605546743,-3.85913775026723,-3.09287943667544,1.37403836590287,59.8426634203296,TRUE,NA
"r",53.3,-5.67830359507907,-3.86087288787469,-3.09460561161318,1.37412899730038,59.8931317178879,TRUE,NA
"r",53.35,-5.68054561206493,-3.86260742597768,-3.09633119558926,1.37421930907387,59.9435984507502,TRUE,NA
"r",53.4,-5.6827866071321,-3.86434136535503,-3.09805618936713,1.3743093019175,59.9940636222,TRUE,NA
"r",53.45,-5.6850265817772,-3.86607470678363,-3.09978059370837,1.37439897652367,60.0445272355134,TRUE,NA
"r",53.5,-5.68726553749317,-3.86780745103866,-3.10150440937287,1.37448833358281,60.0949892939575,TRUE,NA
"r",53.55,-5.68950347576933,-3.86953959889357,-3.10322763711883,1.37457737378355,60.1454498007913,TRUE,NA
"r",53.6,-5.69174039809141,-3.87127115111989,-3.10495027770259,1.37466609781267,60.1959087592658,TRUE,NA
"r",53.65,-5.69397630594153,-3.87300210848749,-3.10667233187886,1.37475450635508,60.2463661726235,TRUE,NA
"r",53.7,-5.69621120079821,-3.87473247176445,-3.10839380040058,1.37484260009387,60.296822044099,TRUE,NA
"r",53.75,-5.6984450841364,-3.87646224171708,-3.110114684019,1.37493037971028,60.3472763769183,TRUE,NA
"r",53.8,-5.70067795742749,-3.8781914191099,-3.1118349834836,1.37501784588374,60.3977291742997,TRUE,NA
"r",53.85,-5.70290982213932,-3.87992000470575,-3.11355469954221,1.37510499929187,60.4481804394532,TRUE,NA
"r",53.9,-5.70514067973619,-3.88164799926565,-3.11527383294093,1.37519184061045,60.4986301755807,TRUE,NA
"r",53.95,-5.70737053167885,-3.8833754035489,-3.1169923844241,1.37527837051348,60.5490783858761,TRUE,NA
"r",54,-5.70959937942456,-3.88510221831317,-3.11871035473454,1.37536458967311,60.5995250735253,TRUE,NA
"r",54.05,-5.71182722442705,-3.88682844431426,-3.12042774461319,1.37545049875977,60.649970241706,TRUE,NA
"r",54.1,-5.71405406813659,-3.8885540823063,-3.1221445547994,1.37553609844205,60.7004138935883,TRUE,NA
"r",54.15,-5.71627991199993,-3.89027913304172,-3.12386078603085,1.37562138938677,60.7508560323339,TRUE,NA
"r",54.2,-5.71850475746037,-3.89200359727123,-3.12557643904352,1.37570637225898,60.8012966610969,TRUE,NA
"r",54.25,-5.72072860595776,-3.89372747574384,-3.12729151457174,1.37579104772195,60.8517357830234,TRUE,NA
"r",54.3,-5.72295145892848,-3.89545076920685,-3.12900601334818,1.37587541643717,60.9021734012516,TRUE,NA
"r",54.35,-5.72517331780548,-3.89717347840585,-3.13071993610382,1.37595947906445,60.9526095189119,TRUE,NA
"r",54.4,-5.7273941840183,-3.89889560408481,-3.13243328356808,1.37604323626173,61.0030441391266,TRUE,NA
"r",54.45,-5.72961405899304,-3.9006171469859,-3.1341460564686,1.3761266886853,61.0534772650107,TRUE,NA
"r",54.5,-5.73183294415243,-3.90233810784975,-3.13585825553153,1.37620983698967,61.1039088996712,TRUE,NA
"r",54.55,-5.73405084091579,-3.9040584874152,-3.13756988148125,1.37629268182763,61.1543390462071,TRUE,NA
"r",54.6,-5.73626775069907,-3.90577828641948,-3.1392809350406,1.37637522385023,61.2047677077101,TRUE,NA
"r",54.65,-5.73848367491481,-3.90749750559818,-3.1409914169308,1.37645746370678,61.2551948872638,TRUE,NA
"r",54.7,-5.74069861497227,-3.90921614568515,-3.14270132787137,1.37653940204494,61.3056205879445,TRUE,NA
"r",54.75,-5.74291257227728,-3.91093420741269,-3.14441066858031,1.37662103951058,61.3560448128205,TRUE,NA
"r",54.8,-5.7451255482324,-3.91265169151139,-3.14611943977396,1.37670237674791,61.4064675649527,TRUE,NA
"r",54.85,-5.74733754423685,-3.91436859871019,-3.14782764216705,1.37678341439946,61.4568888473944,TRUE,NA
"r",54.9,-5.7495485616865,-3.91608492973646,-3.14953527647275,1.37686415310601,61.5073086631912,TRUE,NA
"r",54.95,-5.75175860197395,-3.91780068531589,-3.15124234340262,1.37694459350669,61.5577270153813,TRUE,NA
"r",55,-5.7539676664885,-3.91951586617254,-3.15294884366661,1.37702473623896,61.6081439069951,TRUE,NA
"r",55.05,-5.75617575661617,-3.92123047302888,-3.15465477797314,1.37710458193855,61.6585593410557,TRUE,NA
"r",55.1,-5.75838287373972,-3.92294450660574,-3.15636014702899,1.3771841312396,61.7089733205789,TRUE,NA
"r",55.15,-5.76058901923863,-3.92465796762237,-3.15806495153943,1.37726338477451,61.7593858485727,TRUE,NA
"r",55.2,-5.76279419448914,-3.92637085679637,-3.15976919220808,1.37734234317409,61.8097969280378,TRUE,NA
"r",55.25,-5.76499840086425,-3.92808317484379,-3.1614728697371,1.3774210070674,61.8602065619673,TRUE,NA
"r",55.3,-5.76720163973373,-3.92979492247908,-3.16317598482703,1.37749937708196,61.9106147533474,TRUE,NA
"r",55.35,-5.76940391246414,-3.93150610041505,-3.16487853817683,1.37757745384362,61.9610215051566,TRUE,NA
"r",55.4,-5.77160522041882,-3.93321670936301,-3.16658053048402,1.37765523797651,62.0114268203658,TRUE,NA
"r",55.45,-5.77380556495794,-3.93492675003257,-3.16828196244443,1.37773273010325,62.0618307019393,TRUE,NA
"r",55.5,-5.77600494743844,-3.93663622313192,-3.16998283475249,1.37780993084474,62.1122331528333,TRUE,NA
"r",55.55,-5.77820336921413,-3.93834512936753,-3.171683148101,1.37788684082033,62.1626341759975,TRUE,NA
"r",55.6,-5.78040083163561,-3.94005346944444,-3.17338290318129,1.37796346064771,62.2130337743737,TRUE,NA
"r",55.65,-5.78259733605036,-3.94176124406602,-3.17508210068313,1.37803979094296,62.2634319508967,TRUE,NA
"r",55.7,-5.78479288380271,-3.94346845393413,-3.17678074129477,1.37811583232063,62.3138287084945,TRUE,NA
"r",55.75,-5.78698747623383,-3.94517509974912,-3.178478825703,1.37819158539353,62.3642240500872,TRUE,NA
"r",55.8,-5.78918111468178,-3.94688118220976,-3.18017635459306,1.378267050773,62.4146179785881,TRUE,NA
"r",55.85,-5.79137380048151,-3.94858670201322,-3.18187332864864,1.37834222906878,62.4650104969037,TRUE,NA
"r",55.9,-5.79356553496487,-3.95029165985528,-3.18356974855204,1.37841712088895,62.5154016079328,TRUE,NA
"r",55.95,-5.7957563194606,-3.95199605643004,-3.18526561498395,1.3784917268401,62.5657913145674,TRUE,NA
"r",56,-5.79794615529434,-3.95369989243016,-3.18696092862366,1.37856604752718,62.6161796196924,TRUE,NA
"r",56.05,-5.8001350437887,-3.95540316854677,-3.18865569014892,1.37864008355363,62.6665665261858,TRUE,NA
"r",56.1,-5.80232298626321,-3.95710588546943,-3.19034990023599,1.37871383552132,62.7169520369184,TRUE,NA
"r",56.15,-5.8045099840343,-3.9588080438863,-3.19204355955972,1.3787873040305,62.7673361547538,TRUE,NA
"r",56.2,-5.8066960384154,-3.96050964448393,-3.19373666879344,1.37886048967994,62.8177188825491,TRUE,NA
"r",56.25,-5.8088811507169,-3.96221068794741,-3.19542922860902,1.37893339306685,62.8681002231541,TRUE,NA
"r",56.3,-5.81106532224615,-3.96391117496032,-3.19712123967685,1.37900601478688,62.9184801794118,TRUE,NA
"r",56.35,-5.81324855430751,-3.96561110620477,-3.19881270266588,1.37907835543417,62.9688587541583,TRUE,NA
"r",56.4,-5.81543084820227,-3.96731048236135,-3.2005036182436,1.37915041560129,63.0192359502226,TRUE,NA
"r",56.45,-5.8176122052288,-3.96900930410919,-3.20219398707606,1.37922219587933,63.0696117704271,TRUE,NA
"r",56.5,-5.81979262668243,-3.97070757212598,-3.20388380982791,1.37929369685781,63.1199862175872,TRUE,NA
"r",56.55,-5.82197211385554,-3.97240528708784,-3.20557308716223,1.37936491912479,63.1703592945115,TRUE,NA
"r",56.6,-5.82415066803752,-3.97410244966948,-3.20726181974077,1.3794358632668,63.2207310040019,TRUE,NA
"r",56.65,-5.82632829051481,-3.97579906054418,-3.20895000822385,1.37950652986884,63.2711013488533,TRUE,NA
"r",56.7,-5.82850498257091,-3.97749512038368,-3.21063765327031,1.37957691951444,63.321470331854,TRUE,NA
"r",56.75,-5.83068074548636,-3.97919062985833,-3.21232475553761,1.37964703278561,63.3718379557854,TRUE,NA
"r",56.8,-5.83285558053878,-3.98088558963699,-3.21401131568176,1.37971687026289,63.4222042234224,TRUE,NA
"r",56.85,-5.83502948900287,-3.98258000038709,-3.21569733435737,1.37978643252534,63.4725691375331,TRUE,NA
"r",56.9,-5.83720247215041,-3.9842738627746,-3.21738281221763,1.3798557201505,63.5229327008788,TRUE,NA
"r",56.95,-5.83937453125027,-3.98596717746407,-3.21906774991436,1.37992473371447,63.5732949162143,TRUE,NA
"r",57,-5.84154566756845,-3.98765994511865,-3.22075214809794,1.37999347379188,63.6236557862877,TRUE,NA
"r",57.05,-5.84371588236804,-3.9893521664,-3.22243600741739,1.38006194095587,63.6740153138405,TRUE,NA
"r",57.1,-5.84588517690927,-3.99104384196837,-3.22411932852029,1.38013013577815,63.7243735016075,TRUE,NA
"r",57.15,-5.84805355244948,-3.99273497248261,-3.22580211205286,1.38019805882893,63.774730352317,TRUE,NA
"r",57.2,-5.8502210102432,-3.99442555860013,-3.22748435865994,1.38026571067703,63.8250858686909,TRUE,NA
"r",57.25,-5.85238755154204,-3.99611560097698,-3.22916606898499,1.38033309188976,63.8754400534442,TRUE,NA
"r",57.3,-5.85455317759482,-3.99780510026774,-3.23084724367008,1.38040020303301,63.9257929092856,TRUE,NA
"r",57.35,-5.85671788964754,-3.99949405712563,-3.23252788335593,1.38046704467126,63.9761444389175,TRUE,NA
"r",57.4,-5.85888168894332,-4.00118247220241,-3.23420798868185,1.38053361736752,64.0264946450353,TRUE,NA
"r",57.45,-5.86104457672253,-4.00287034614851,-3.23588756028582,1.38059992168341,64.0768435303286,TRUE,NA
"r",57.5,-5.86320655422268,-4.00455767961301,-3.23756659880452,1.38066595817906,64.1271910974798,TRUE,NA
"r",57.55,-5.86536762267853,-4.00624447324347,-3.23924510487313,1.38073172741326,64.1775373491656,TRUE,NA
"r",57.6,-5.86752778332203,-4.00793072768616,-3.2409230791256,1.38079722994335,64.227882288056,TRUE,NA
"r",57.65,-5.86968703738235,-4.00961644358597,-3.24260052219452,1.38086246632524,64.2782259168143,TRUE,NA
"r",57.7,-5.87184538608589,-4.01130162158637,-3.24427743471105,1.38092743711349,64.3285682380981,TRUE,NA
"r",57.75,-5.87400283065629,-4.01298626232956,-3.24595381730515,1.38099214286117,64.3789092545581,TRUE,NA
"r",57.8,-5.87615937231446,-4.01467036645624,-3.24762967060532,1.38105658412006,64.429248968839,TRUE,NA
"r",57.85,-5.87831501227852,-4.01635393460584,-3.2493049952388,1.38112076144049,64.479587383579,TRUE,NA
"r",57.9,-5.88046975176389,-4.01803696741643,-3.25097979183149,1.38118467537138,64.5299245014101,TRUE,NA
"r",57.95,-5.88262359198326,-4.01971946552469,-3.25265406100795,1.38124832646033,64.5802603249581,TRUE,NA
"r",58,-5.8847765341466,-4.02140142956596,-3.25432780339143,1.38131171525353,64.6305948568424,TRUE,NA
"r",58.05,-5.88692857946114,-4.02308286017427,-3.25600101960389,1.38137484229578,64.6809280996764,TRUE,NA
"r",58.1,-5.88907972913146,-4.02476375798225,-3.25767371026592,1.38143770813055,64.7312600560671,TRUE,NA
"r",58.15,-5.8912299843594,-4.02644412362129,-3.25934587599692,1.38150031329989,64.7815907286152,TRUE,NA
"r",58.2,-5.89337934634414,-4.02812395772131,-3.26101751741482,1.38156265834457,64.8319201199158,TRUE,NA
"r",58.25,-5.89552781628218,-4.02980326091101,-3.26268863513639,1.38162474380392,64.882248232557,TRUE,NA
"r",58.3,-5.89767539536735,-4.03148203381776,-3.26435922977705,1.38168657021597,64.9325750691214,TRUE,NA
"r",58.35,-5.89982208479082,-4.03316027706754,-3.26602930195093,1.3817481381174,64.9829006321855,TRUE,NA
"r",58.4,-5.90196788574109,-4.03483799128511,-3.26769885227089,1.38180944804352,65.0332249243191,TRUE,NA
"r",58.45,-5.90411279940405,-4.03651517709382,-3.26936788134851,1.38187050052832,65.0835479480867,TRUE,NA
"r",58.5,-5.90625682696292,-4.03819183511578,-3.27103638979405,1.38193129610444,65.1338697060461,TRUE,NA
"r",58.55,-5.90839996959833,-4.03986796597173,-3.27270437821651,1.38199183530323,65.1841902007495,TRUE,NA
"r",58.6,-5.91054222848825,-4.0415435702812,-3.27437184722365,1.38205211865469,65.2345094347429,TRUE,NA
"r",58.65,-5.91268360480808,-4.04321864866236,-3.27603879742195,1.38211214668748,65.2848274105662,TRUE,NA
"r",58.7,-5.91482409973057,-4.04489320173208,-3.27770522941659,1.38217191992898,65.3351441307536,TRUE,NA
"r",58.75,-5.91696371442592,-4.04656723010598,-3.27937114381154,1.38223143890521,65.3854595978329,TRUE,NA
"r",58.8,-5.9191024500617,-4.0482407343984,-3.2810365412095,1.38229070414091,65.4357738143264,TRUE,NA
"r",58.85,-5.92124030780293,-4.04991371522233,-3.28270142221187,1.38234971615954,65.4860867827501,TRUE,NA
"r",58.9,-5.92337728881206,-4.05158617318954,-3.28436578741886,1.38240847548321,65.5363985056145,TRUE,NA
"r",58.95,-5.92551339424895,-4.05325810891052,-3.2860296374294,1.38246698263277,65.5867089854238,TRUE,NA
"r",59,-5.92764862527093,-4.0549295229945,-3.28769297284122,1.38252523812775,65.6370182246764,TRUE,NA
"r",59.05,-5.92978298303276,-4.05660041604942,-3.28935579425077,1.38258324248641,65.6873262258649,TRUE,NA
"r",59.1,-5.93191646868669,-4.05827078868192,-3.29101810225324,1.38264099622576,65.7376329914764,TRUE,NA
"r",59.15,-5.9340490833824,-4.0599406414975,-3.29267989744269,1.38269849986142,65.7879385239914,TRUE,NA
"r",59.2,-5.93618082826706,-4.06160997510029,-3.29434118041184,1.38275575390788,65.8382428258855,TRUE,NA
"r",59.25,-5.93831170448533,-4.06327879009321,-3.29600195175227,1.38281275887822,65.8885458996275,TRUE,NA
"r",59.3,-5.94044171317937,-4.06494708707792,-3.29766221205427,1.38286951528437,65.9388477476814,TRUE,NA
"r",59.35,-5.9425708554888,-4.06661486665487,-3.29932196190698,1.38292602363692,65.9891483725049,TRUE,NA
"r",59.4,-5.94469913255078,-4.06828212942326,-3.3009812018983,1.38298228444521,66.03944777655,TRUE,NA
"r",59.45,-5.94682654549997,-4.06994887598099,-3.30263993261486,1.38303829821738,66.0897459622631,TRUE,NA
"r",59.5,-5.94895309546855,-4.07161510692485,-3.30429815464224,1.38309406546024,66.1400429320848,TRUE,NA
"r",59.55,-5.95107878358622,-4.07328082285026,-3.30595586856463,1.3831495866794,66.1903386884501,TRUE,NA
"r",59.6,-5.95320361098026,-4.0749460243515,-3.30761307496514,1.38320486237923,66.2406332337884,TRUE,NA
"r",59.65,-5.95532757877541,-4.07661071202164,-3.30926977442568,1.38325989306281,66.290926570523,TRUE,NA
"r",59.7,-5.95745068809404,-4.07827488645247,-3.31092596752691,1.38331467923205,66.3412187010722,TRUE,NA
"r",59.75,-5.95957294005603,-4.07993854823462,-3.31258165484836,1.38336922138758,66.3915096278481,TRUE,NA
"r",59.8,-5.96169433577885,-4.08160169795749,-3.31423683696836,1.38342352002882,66.4417993532576,TRUE,NA
"r",59.85,-5.96381487637754,-4.08326433620923,-3.315891514464,1.38347757565399,66.4920878797021,TRUE,NA
"r",59.9,-5.9659345629647,-4.08492646357684,-3.31754568791128,1.38353138876002,66.5423752095768,TRUE,NA
"r",59.95,-5.96805339665053,-4.08658808064609,-3.31919935788495,1.3835849598427,66.5926613452719,TRUE,NA
"r",60,-5.97017137854282,-4.08824918800161,-3.32085252495869,1.38363828939656,66.6429462891718,TRUE,NA
"r",60.05,-5.97228850974697,-4.08990978622674,-3.3225051897049,1.38369137791493,66.6932300436557,TRUE,NA
"r",60.1,-5.974404791366,-4.09156987590371,-3.32415735269487,1.38374422588996,66.7435126110971,TRUE,NA
"r",60.15,-5.97652022450051,-4.09322945761353,-3.32580901449875,1.38379683381256,66.7937939938636,TRUE,NA
"r",60.2,-5.97863481024874,-4.09488853193598,-3.32746017568544,1.38384920217247,66.844074194318,TRUE,NA
"r",60.25,-5.98074854970657,-4.09654709944979,-3.32911083682284,1.38390133145819,66.8943532148173,TRUE,NA
"r",60.3,-5.98286144396751,-4.09820516073238,-3.33076099847755,1.38395322215712,66.944631057713,TRUE,NA
"r",60.35,-5.98497349412272,-4.09986271636006,-3.3324106612151,1.3840048747554,66.9949077253515,TRUE,NA
"r",60.4,-5.98708470126099,-4.10151976690795,-3.33405982559985,1.38405628973801,67.0451832200734,TRUE,NA
"r",60.45,-5.98919506646879,-4.10317631295002,-3.33570849219503,1.3841074675887,67.095457544214,TRUE,NA
"r",60.5,-5.99130459083024,-4.10483235505911,-3.33735666156277,1.38415840879015,67.1457307001035,TRUE,NA
"r",60.55,-5.99341327542716,-4.10648789380677,-3.33900433426396,1.3842091138238,67.1960026900665,TRUE,NA
"r",60.6,-5.99552112133901,-4.10814292976356,-3.34065151085846,1.38425958316991,67.2462735164221,TRUE,NA
"r",60.65,-5.99762812964295,-4.10979746349879,-3.34229819190499,1.3843098173076,67.2965431814844,TRUE,NA
"r",60.7,-5.99973430141385,-4.11145149558061,-3.34394437796106,1.38435981671485,67.346811687562,TRUE,NA
"r",60.75,-6.00183963772427,-4.11310502657611,-3.3455900695832,1.38440958186841,67.3970790369582,TRUE,NA
"r",60.8,-6.00394413964446,-4.11475805705111,-3.34723526732666,1.38445911324397,67.447345231971,TRUE,NA
"r",60.85,-6.0060478082424,-4.11641058757042,-3.34887997174572,1.38450841131601,67.4976102748934,TRUE,NA
"r",60.9,-6.00815064458379,-4.11806261869765,-3.35052418339348,1.38455747655785,67.5478741680126,TRUE,NA
"r",60.95,-6.01025264973206,-4.11971415099521,-3.35216790282188,1.38460630944175,67.5981369136112,TRUE,NA
"r",61,-6.01235382474834,-4.12136518502453,-3.35381113058188,1.38465491043873,67.648398513966,TRUE,NA
"r",61.05,-6.01445417069155,-4.12301572134583,-3.35545386722326,1.3847032800187,67.6986589713489,TRUE,NA
"r",61.1,-6.01655368861831,-4.12466576051812,-3.35709611329463,1.38475141865048,67.7489182880267,TRUE,NA
"r",61.15,-6.01865237958305,-4.1263153030995,-3.35873786934371,1.38479932680176,67.7991764662607,TRUE,NA
"r",61.2,-6.02075024463791,-4.12796434964674,-3.36037913591692,1.38484700493909,67.8494335083074,TRUE,NA
"r",61.25,-6.0228472848328,-4.12961290071566,-3.36201991355972,1.38489445352784,67.8996894164178,TRUE,NA
"r",61.3,-6.02494350121543,-4.13126095686087,-3.36366020281642,1.38494167303232,67.949944192838,TRUE,NA
"r",61.35,-6.02703889483128,-4.13290851863586,-3.36530000423022,1.38498866391576,68.0001978398091,TRUE,NA
"r",61.4,-6.0291334667236,-4.13455558659308,-3.36693931834332,1.38503542664019,68.0504503595666,TRUE,NA
"r",61.45,-6.03122721793346,-4.13620216128386,-3.36857814569679,1.38508196166659,68.1007017543413,TRUE,NA
"r",61.5,-6.03332014949968,-4.13784824325845,-3.37021648683069,1.38512826945479,68.1509520263589,TRUE,NA
"r",61.55,-6.03541226245895,-4.13949383306595,-3.3718543422839,1.38517435046358,68.2012011778399,TRUE,NA
"r",61.6,-6.03750355784572,-4.14113893125437,-3.37349171259429,1.38522020515057,68.2514492109997,TRUE,NA
"r",61.65,-6.03959403669232,-4.14278353837072,-3.37512859829872,1.38526583397244,68.3016961280494,TRUE,NA
"r",61.7,-6.04168370002881,-4.14442765496083,-3.37676499993288,1.38531123738456,68.3519419311939,TRUE,NA
"r",61.75,-6.04377254888317,-4.14607128156947,-3.37840091803147,1.38535641584133,68.4021866226338,TRUE,NA
"r",61.8,-6.04586058428117,-4.14771441874037,-3.38003635312813,1.38540136979605,68.4524302045646,TRUE,NA
"r",61.85,-6.04794780724644,-4.1493570670161,-3.3816713057554,1.38544609970097,68.502672679177,TRUE,NA
"r",61.9,-6.05003421880045,-4.15099922693827,-3.38330577644483,1.3854906060072,68.5529140486564,TRUE,NA
"r",61.95,-6.05211981996255,-4.15264089904731,-3.38493976572688,1.38553488916481,68.6031543151835,TRUE,NA
"r",62,-6.0542046117499,-4.15428208388269,-3.38657327413104,1.38557894962278,68.6533934809338,TRUE,NA
"r",62.05,-6.0562885951776,-4.15592278198271,-3.38820630218562,1.38562278782906,68.7036315480782,TRUE,NA
"r",62.1,-6.05837177125857,-4.15756299388463,-3.38983885041799,1.38566640423051,68.7538685187827,TRUE,NA
"r",62.15,-6.06045414100363,-4.15920272012476,-3.39147091935452,1.38570979927289,68.804104395208,TRUE,NA
"r",62.2,-6.06253570542154,-4.16084196123823,-3.39310250952047,1.38575297340111,68.854339179511,TRUE,NA
"r",62.25,-6.0646164655188,-4.16248071775914,-3.39473362144006,1.38579592705858,68.9045728738418,TRUE,NA
"r",62.3,-6.06669642229997,-4.16411899022057,-3.39636425563655,1.38583866068806,68.9548054803473,TRUE,NA
"r",62.35,-6.06877557676745,-4.16575677915452,-3.3979944126321,1.38588117473115,69.0050370011691,TRUE,NA
"r",62.4,-6.07085392992155,-4.16739408509202,-3.39962409294794,1.38592346962836,69.0552674384439,TRUE,NA
"r",62.45,-6.0729314827605,-4.16903090856295,-3.4012532971042,1.38596554581918,69.1054967943036,TRUE,NA
"r",62.5,-6.07500823628046,-4.17066725009624,-3.40288202562005,1.38600740374207,69.1557250708755,TRUE,NA
"r",62.55,-6.07708419147552,-4.17230311021976,-3.40451027901362,1.38604904383445,69.2059522702817,TRUE,NA
"r",62.6,-6.0791593493377,-4.17393848946032,-3.40613805780202,1.38609046653269,69.25617839464,TRUE,NA
"r",62.65,-6.08123371085697,-4.17557338834371,-3.40776536250137,1.38613167227216,69.3064034460633,TRUE,NA
"r",62.7,-6.08330727702124,-4.17720780739474,-3.40939219362679,1.38617266148719,69.3566274266595,TRUE,NA
"r",62.75,-6.08538004881635,-4.17884174713713,-3.41101855169239,1.38621343461104,69.4068503385321,TRUE,NA
"r",62.8,-6.08745202722614,-4.18047520809365,-3.4126444372113,1.38625399207601,69.4570721837797,TRUE,NA
"r",62.85,-6.08952321323241,-4.18210819078597,-3.41426985069561,1.38629433431338,69.5072929644964,TRUE,NA
"r",62.9,-6.09159360781492,-4.18374069573482,-3.41589479265645,1.38633446175339,69.5575126827715,TRUE,NA
"r",62.95,-6.09366321195137,-4.18537272345985,-3.41751926360396,1.38637437482526,69.6077313406895,TRUE,NA
"r",63,-6.09573202661751,-4.18700427447978,-3.41914326404729,1.38641407395723,69.6579489403305,TRUE,NA
"r",63.05,-6.09780005278704,-4.18863534931225,-3.42076679449459,1.38645355957652,69.7081654837697,TRUE,NA
"r",63.1,-6.09986729143165,-4.19026594847391,-3.42238985545302,1.38649283210934,69.7583809730777,TRUE,NA
"r",63.15,-6.10193374352105,-4.19189607248045,-3.42401244742882,1.3865318919809,69.8085954103208,TRUE,NA
"r",63.2,-6.10399941002294,-4.1935257218465,-3.42563457092715,1.38657073961545,69.8588087975604,TRUE,NA
"r",63.25,-6.10606429190303,-4.19515489708578,-3.42725622645233,1.38660937543619,69.9090211368533,TRUE,NA
"r",63.3,-6.10812839012505,-4.19678359871095,-3.42887741450761,1.38664779986535,69.9592324302517,TRUE,NA
"r",63.35,-6.11019170565077,-4.19841182723366,-3.43049813559526,1.38668601332422,70.0094426798035,TRUE,NA
"r",63.4,-6.11225423943997,-4.20003958316466,-3.43211839021667,1.38672401623304,70.0596518875519,TRUE,NA
"r",63.45,-6.11431599245045,-4.20166686701363,-3.43373817887218,1.38676180901107,70.1098600555353,TRUE,NA
"r",63.5,-6.11637696563806,-4.20329367928931,-3.43535750206124,1.38679939207662,70.1600671857879,TRUE,NA
"r",63.55,-6.11843715995672,-4.20492002049945,-3.43697636028227,1.38683676584703,70.2102732803392,TRUE,NA
"r",63.6,-6.12049657635837,-4.2065458911508,-3.43859475403278,1.38687393073867,70.2604783412146,TRUE,NA
"r",63.65,-6.12255521579303,-4.20817129174924,-3.44021268380936,1.38691088716689,70.3106823704344,TRUE,NA
"r",63.7,-6.12461307920874,-4.20979622279951,-3.44183015010754,1.38694763554614,70.3608853700148,TRUE,NA
"r",63.75,-6.12667016755164,-4.21142068480555,-3.44344715342206,1.38698417628981,70.4110873419673,TRUE,NA
"r",63.8,-6.12872648176595,-4.21304467827019,-3.44506369424655,1.38702050981044,70.4612882882992,TRUE,NA
"r",63.85,-6.13078202279394,-4.21466820369539,-3.44667977307378,1.38705663651954,70.5114882110133,TRUE,NA
"r",63.9,-6.13283679157597,-4.21629126158213,-3.44829539039562,1.38709255682769,70.5616871121079,TRUE,NA
"r",63.95,-6.13489078905051,-4.21791385243039,-3.44991054670289,1.38712827114452,70.6118849935768,TRUE,NA
"r",64,-6.13694401615409,-4.21953597673927,-3.4515252424856,1.38716377987868,70.6620818574095,TRUE,NA
"r",64.05,-6.13899647382138,-4.22115763500687,-3.45313947823274,1.3871990834379,70.7122777055913,TRUE,NA
"r",64.1,-6.1410481629851,-4.22277882773028,-3.45475325443238,1.38723418222895,70.7624725401027,TRUE,NA
"r",64.15,-6.14309908457615,-4.22439955540585,-3.45636657157175,1.3872690766577,70.8126663629204,TRUE,NA
"r",64.2,-6.14514923952347,-4.22601981852866,-3.45797943013698,1.387303767129,70.8628591760159,TRUE,NA
"r",64.25,-6.14719862875418,-4.22763961759315,-3.45959183061346,1.38733825404683,70.9130509813573,TRUE,NA
"r",64.3,-6.14924725319349,-4.22925895309269,-3.46120377348557,1.38737253781422,70.9632417809076,TRUE,NA
"r",64.35,-6.15129511376474,-4.2308778255197,-3.4628152592368,1.38740661883323,71.0134315766259,TRUE,NA
"r",64.4,-6.15334221138946,-4.23249623536563,-3.46442628834962,1.3874404975051,71.0636203704673,TRUE,NA
"r",64.45,-6.15538854698724,-4.23411418312117,-3.46603686130581,1.38747417423,71.1138081643817,TRUE,NA
"r",64.5,-6.15743412147587,-4.23573166927584,-3.46764697858599,1.38750764940728,71.1639949603154,TRUE,NA
"r",64.55,-6.1594789357713,-4.23734869431844,-3.46925664067006,1.38754092343535,71.2141807602104,TRUE,NA
"r",64.6,-6.16152299078758,-4.23896525873682,-3.470865848037,1.38757399671163,71.2643655660039,TRUE,NA
"r",64.65,-6.16356628743699,-4.24058136301767,-3.47247460116467,1.38760686963279,71.3145493796298,TRUE,NA
"r",64.7,-6.16560882662992,-4.24219700764707,-3.47408290053031,1.38763954259438,71.3647322030167,TRUE,NA
"r",64.75,-6.16765060927497,-4.24381219311005,-3.47569074661015,1.3876720159912,71.4149140380899,TRUE,NA
"r",64.8,-6.1696916362789,-4.24542691989072,-3.4772981398795,1.38770429021707,71.4650948867698,TRUE,NA
"r",64.85,-6.17173190854665,-4.24704118847225,-3.47890508081278,1.38773636566492,71.5152747509729,TRUE,NA
"r",64.9,-6.17377142698138,-4.24865499933691,-3.4805115698835,1.38776824272683,71.5654536326117,TRUE,NA
"r",64.95,-6.17581019248438,-4.25026835296617,-3.4821176075644,1.38779992179387,71.615631533594,TRUE,NA
"r",65,-6.17784820595535,-4.25188124984063,-3.48372319432737,1.38783140325639,71.6658084558257,TRUE,NA
"r",65.05,-6.17988546829172,-4.25349369043953,-3.48532833064296,1.38786268750357,71.7159844012031,TRUE,NA
"r",65.1,-6.18192198038956,-4.25510567524174,-3.48693301698137,1.38789377492394,71.7661593716236,TRUE,NA
"r",65.15,-6.18395774314302,-4.256717204725,-3.4885372538117,1.3879246659051,71.8163333689785,TRUE,NA
"r",65.2,-6.18599275744447,-4.2583282793663,-3.49014104160227,1.38795536083363,71.8665063951555,TRUE,NA
"r",65.25,-6.18802702418448,-4.2599388996415,-3.49174438082036,1.38798586009542,71.9166784520375,TRUE,NA
"r",65.3,-6.19006054425188,-4.26154906602579,-3.49334727193255,1.38801616407535,71.9668495415039,TRUE,NA
"r",65.35,-6.1920933185337,-4.26315877899336,-3.49494971540445,1.38804627315745,72.0170196654296,TRUE,NA
"r",65.4,-6.19412534791525,-4.26476803901748,-3.49655171170078,1.38807618772494,72.0671888256862,TRUE,NA
"r",65.45,-6.19615663328001,-4.26637684657067,-3.49815326128553,1.38810590816002,72.1173570241398,TRUE,NA
"r",65.5,-6.19818717550977,-4.26798520212447,-3.4997543646217,1.38813543484415,72.1675242626538,TRUE,NA
"r",65.55,-6.20021697548457,-4.2695931061496,-3.50135502217151,1.38816476815788,72.217690543087,TRUE,NA
"r",65.6,-6.20224603408267,-4.27120055911579,-3.50295523439621,1.38819390848091,72.2678558672942,TRUE,NA
"r",65.65,-6.20427435218062,-4.27280756149201,-3.50455500175631,1.38822285619205,72.3180202371262,TRUE,NA
"r",65.7,-6.20630193065321,-4.27441411374631,-3.50615432471142,1.38825161166924,72.3681836544298,TRUE,NA
"r",65.75,-6.20832877037352,-4.27602021634591,-3.50775320372033,1.38828017528958,72.4183461210476,TRUE,NA
"r",65.8,-6.21035487221291,-4.27762586975713,-3.50935163924093,1.38830854742937,72.4685076388186,TRUE,NA
"r",65.85,-6.21238023704099,-4.27923107444539,-3.51094963173028,1.38833672846394,72.5186682095775,TRUE,NA
"r",65.9,-6.21440486572571,-4.28083583087531,-3.5125471816446,1.3883647187679,72.5688278351554,TRUE,NA
"r",65.95,-6.21642875913325,-4.28244013951062,-3.5141442894393,1.38839251871489,72.618986517379,TRUE,NA
"r",66,-6.21845191812811,-4.28404400081424,-3.51574095556892,1.38842012867778,72.6691442580712,TRUE,NA
"r",66.05,-6.2204743435731,-4.28564741524812,-3.51733718048712,1.38844754902858,72.7193010590511,TRUE,NA
"r",66.1,-6.2224960363293,-4.28725038327349,-3.51893296464683,1.38847478013844,72.7694569221338,TRUE,NA
"r",66.15,-6.22451699725615,-4.28885290535063,-3.52052830850004,1.38850182237774,72.8196118491307,TRUE,NA
"r",66.2,-6.22653722721134,-4.29045498193902,-3.52212321249795,1.38852867611591,72.8697658418487,TRUE,NA
"r",66.25,-6.22855672705092,-4.29205661349728,-3.52371767709099,1.38855534172162,72.9199189020913,TRUE,NA
"r",66.3,-6.23057549762926,-4.29365780048318,-3.52531170272865,1.38858181956271,72.970071031658,TRUE,NA
"r",66.35,-6.23259353979904,-4.29525854335365,-3.52690528985966,1.3886081100062,73.0202222323447,TRUE,NA
"r",66.4,-6.23461085441128,-4.29685884256478,-3.52849843893192,1.38863421341823,73.070372505943,TRUE,NA
"r",66.45,-6.23662744231533,-4.29845869857183,-3.53009115039253,1.38866013016415,73.1205218542407,TRUE,NA
"r",66.5,-6.23864330435887,-4.30005811182925,-3.53168342468777,1.38868586060847,73.1706702790218,TRUE,NA
"r",66.55,-6.24065844138797,-4.30165708279059,-3.53327526226305,1.38871140511493,73.2208177820669,TRUE,NA
"r",66.6,-6.24267285424698,-4.30325561190862,-3.53486666356302,1.38873676404639,73.2709643651522,TRUE,NA
"r",66.65,-6.24468654377868,-4.30485369963526,-3.53645762903149,1.38876193776498,73.3211100300506,TRUE,NA
"r",66.7,-6.24669951082414,-4.30645134642155,-3.53804815911143,1.3887869266319,73.3712547785305,TRUE,NA
"r",66.75,-6.24871175622281,-4.30804855271785,-3.53963825424511,1.38881173100761,73.4213986123572,TRUE,NA
"r",66.8,-6.25072328081255,-4.3096453189736,-3.54122791487393,1.38883635125178,73.471541533292,TRUE,NA
"r",66.85,-6.25273408542952,-4.31124164563738,-3.54281714143843,1.38886078772322,73.5216835430921,TRUE,NA
"r",66.9,-6.25474417090833,-4.31283753315701,-3.54440593437843,1.38888504078,73.5718246435117,TRUE,NA
"r",66.95,-6.2567535380819,-4.31443298197951,-3.54599429413292,1.38890911077932,73.6219648363004,TRUE,NA
"r",67,-6.25876218778158,-4.31602799255105,-3.54758222114012,1.38893299807762,73.6721041232045,TRUE,NA
"r",67.05,-6.26077012083711,-4.31762256531697,-3.54916971583738,1.38895670303057,73.7222425059667,TRUE,NA
"r",67.1,-6.26277733807658,-4.31921670072187,-3.55075677866135,1.38898022599297,73.7723799863256,TRUE,NA
"r",67.15,-6.26478384032655,-4.32081039920947,-3.55234341004782,1.38900356731893,73.8225165660166,TRUE,NA
"r",67.2,-6.26678962841188,-4.32240366122271,-3.55392961043184,1.38902672736166,73.8726522467707,TRUE,NA
"r",67.25,-6.26879470315592,-4.32399648720375,-3.55551538024764,1.38904970647363,73.9227870303157,TRUE,NA
"r",67.3,-6.2707990653804,-4.32558887759393,-3.55710071992869,1.38907250500657,73.9729209183757,TRUE,NA
"r",67.35,-6.27280271590549,-4.32718083283377,-3.55868562990765,1.38909512331139,74.0230539126713,TRUE,NA
"r",67.4,-6.27480565554972,-4.32877235336298,-3.56027011061638,1.3891175617382,74.0731860149188,TRUE,NA
"r",67.45,-6.2768078851301,-4.33036343962059,-3.56185416248608,1.38913982063634,74.1233172268314,TRUE,NA
"r",67.5,-6.27880940546204,-4.33195409204466,-3.563437785947,1.38916190035438,74.1734475501185,TRUE,NA
"r",67.55,-6.28081021735938,-4.33354431107261,-3.56502098142875,1.38918380124014,74.223576986486,TRUE,NA
"r",67.6,-6.2828103216344,-4.335134097141,-3.56660374936012,1.38920552364061,74.2737055376357,TRUE,NA
"r",67.65,-6.28480971909784,-4.33672345068559,-3.56818609016909,1.38922706790209,74.3238332052666,TRUE,NA
"r",67.7,-6.28680841055884,-4.33831237214142,-3.56976800428297,1.38924843437003,74.3739599910734,TRUE,NA
"r",67.75,-6.28880639682503,-4.33990086194263,-3.57134949212817,1.38926962338918,74.4240858967474,TRUE,NA
"r",67.8,-6.29080367870246,-4.34148892052274,-3.57293055413047,1.38929063530347,74.4742109239764,TRUE,NA
"r",67.85,-6.29280025699567,-4.34307654831432,-3.57451119071478,1.38931147045612,74.5243350744447,TRUE,NA
"r",67.9,-6.29479613250764,-4.34466374574928,-3.5760914023053,1.38933212918959,74.5744583498331,TRUE,NA
"r",67.95,-6.2967913060398,-4.34625051325875,-3.5776711893255,1.38935261184552,74.6245807518183,TRUE,NA
"r",68,-6.29878577839206,-4.34783685127305,-3.57925055219805,1.38937291876483,74.674702282074,TRUE,NA
"r",68.05,-6.3007795503628,-4.34942276022172,-3.58082949134484,1.38939305028771,74.7248229422701,TRUE,NA
"r",68.1,-6.30277262274893,-4.35100824053352,-3.58240800718705,1.38941300675362,74.7749427340734,TRUE,NA
"r",68.15,-6.30476499634573,-4.35259329263653,-3.58398610014512,1.38943278850119,74.8250616591464,TRUE,NA
"r",68.2,-6.30675667194708,-4.35417791695792,-3.58556377063867,1.38945239586838,74.875179719149,TRUE,NA
"r",68.25,-6.30874765034525,-4.35576211392428,-3.58714101908669,1.38947182919232,74.9252969157367,TRUE,NA
"r",68.3,-6.31073793233108,-4.35734588396131,-3.58871784590734,1.3894910888095,74.9754132505623,TRUE,NA
"r",68.35,-6.31272751869385,-4.35892922749392,-3.59029425151799,1.3895101750556,75.0255287252747,TRUE,NA
"r",68.4,-6.3147164102214,-4.36051214494635,-3.59187023633535,1.38952908826563,75.0756433415195,TRUE,NA
"r",68.45,-6.31670460770001,-4.3620946367421,-3.59344580077543,1.38954782877375,75.1257571009385,TRUE,NA
"r",68.5,-6.31869211191449,-4.36367670330389,-3.59502094525343,1.38956639691346,75.1758700051704,TRUE,NA
"r",68.55,-6.32067892364819,-4.36525834505353,-3.59659567018373,1.38958479301756,75.2259820558504,TRUE,NA
"r",68.6,-6.32266504368294,-4.36683956241235,-3.59816997598018,1.38960301741805,75.2760932546102,TRUE,NA
"r",68.65,-6.32465047279913,-4.36842035580077,-3.59974386305574,1.38962107044626,75.3262036030783,TRUE,NA
"r",68.7,-6.32663521177561,-4.37000072563848,-3.60131733182269,1.38963895243272,75.376313102879,TRUE,NA
"r",68.75,-6.32861926138983,-4.37158067234446,-3.60289038269259,1.38965666370733,75.4264217556344,TRUE,NA
"r",68.8,-6.33060262241774,-4.37316019633686,-3.60446301607621,1.38967420459923,75.4765295629623,TRUE,NA
"r",68.85,-6.3325852956338,-4.3747392980333,-3.60603523238377,1.38969157543676,75.5266365264774,TRUE,NA
"r",68.9,-6.33456728181106,-4.37631797785039,-3.60760703202451,1.3897087765477,75.5767426477911,TRUE,NA
"r",68.95,-6.33654858172105,-4.37789623620415,-3.60917841540712,1.38972580825896,75.6268479285111,TRUE,NA
"r",69,-6.33852919613392,-4.37947407350994,-3.6107493829396,1.38974267089683,75.6769523702421,TRUE,NA
"r",69.05,-6.34050912581831,-4.3810514901822,-3.6123199350291,1.38975936478685,75.7270559745853,TRUE,NA
"r",69.1,-6.34248837154145,-4.38262848663479,-3.61389007208214,1.38977589025387,75.7771587431385,TRUE,NA
"r",69.15,-6.34446693406913,-4.38420506328072,-3.61545979450447,1.38979224762205,75.8272606774966,TRUE,NA
"r",69.2,-6.34644481416566,-4.38578122053241,-3.61702910270122,1.38980843721476,75.8773617792503,TRUE,NA
"r",69.25,-6.34842201259396,-4.38735695880147,-3.61859799707675,1.38982445935473,75.9274620499876,TRUE,NA
"r",69.3,-6.35039853011551,-4.38893227849873,-3.62016647803463,1.38984031436403,75.9775614912932,TRUE,NA
"r",69.35,-6.35237436749034,-4.3905071800344,-3.62173454597785,1.38985600256393,76.0276601047483,TRUE,NA
"r",69.4,-6.35434952547709,-4.39208166381799,-3.62330220130872,1.38987152427508,76.077757891931,TRUE,NA
"r",69.45,-6.35632400483297,-4.39365573025812,-3.62486944442864,1.38988687981741,76.1278548544158,TRUE,NA
"r",69.5,-6.35829780631374,-4.39522937976297,-3.6264362757386,1.3899020695101,76.1779509937741,TRUE,NA
"r",69.55,-6.3602709306738,-4.39680261273969,-3.62800269563862,1.38991709367173,76.2280463115741,TRUE,NA
"r",69.6,-6.36224337866611,-4.39837542959497,-3.62956870452818,1.38993195262013,76.2781408093808,TRUE,NA
"r",69.65,-6.36421515104225,-4.39994783073461,-3.63113430280598,1.38994664667248,76.3282344887557,TRUE,NA
"r",69.7,-6.36618624855237,-4.40151981656382,-3.6326994908701,1.38996117614525,76.3783273512572,TRUE,NA
"r",69.75,-6.36815667194523,-4.40309138748709,-3.6342642691179,1.38997554135419,76.4284193984405,TRUE,NA
"r",69.8,-6.3701264219682,-4.40466254390817,-3.63582863794605,1.38998974261441,76.4785106318574,TRUE,NA
"r",69.85,-6.37209549936727,-4.40623328623007,-3.63739259775047,1.39000378024034,76.5286010530566,TRUE,NA
"r",69.9,-6.37406390488706,-4.40780361485515,-3.63895614892646,1.39001765454577,76.578690663584,TRUE,NA
"r",69.95,-6.37603163927072,-4.40937353018512,-3.64051929186867,1.39003136584366,76.6287794649813,TRUE,NA
"r",70,-6.37799870326013,-4.41094303262083,-3.64208202697093,1.39004491444648,76.6788674587879,TRUE,NA
"r",70.05,-6.37996509759573,-4.4125121225626,-3.64364435462651,1.3900583006659,76.7289546465397,TRUE,NA
"r",70.1,-6.38193082301662,-4.41408080040999,-3.64520627522798,1.39007152481301,76.7790410297696,TRUE,NA
"r",70.15,-6.3838958802605,-4.41564906656181,-3.64676778916714,1.39008458719814,76.829126610007,TRUE,NA
"r",70.2,-6.38586027006369,-4.41721692141628,-3.64832889683525,1.39009748813102,76.8792113887779,TRUE,NA
"r",70.25,-6.38782399316122,-4.41878436537085,-3.64988959862278,1.39011022792063,76.9292953676062,TRUE,NA
"r",70.3,-6.38978705028671,-4.42035139882238,-3.65144989491964,1.39012280687538,76.9793785480117,TRUE,NA
"r",70.35,-6.39217289664784,-4.42237148464273,-3.65346415511075,1.45651138141245,77.0343469412027,TRUE,NA
"r",70.4,-6.39371116954931,-4.42348423579977,-3.65456927259708,1.39014748351051,77.0795425196196,TRUE,NA
"r",70.45,-6.39566317723161,-4.42503929635754,-3.65611751370961,1.39016594145605,77.1295074770752,TRUE,NA
"r",70.5,-6.39763263369346,-4.42661543550923,-3.657687032973,1.39017152049008,77.1797033156995,TRUE,NA
"r",70.55,-6.39958461370122,-4.42817121876486,-3.65923602078957,1.3901887462918,77.2296832281995,TRUE,NA
"r",70.6,-6.40155144853964,-4.42974500110035,-3.66080317914188,1.39019492025731,77.2798609482999,TRUE,NA
"r",70.65,-6.40350375560904,-4.4313019258465,-3.66235333616902,1.39021068311024,77.3298603488821,TRUE,NA
"r",70.7,-6.40546761988695,-4.43287293571197,-3.66391771418772,1.39021768524499,77.3800154294202,TRUE,NA
"r",70.75,-6.40742471605491,-4.43443629237846,-3.66547437850038,1.39022883045387,77.4300914919114,TRUE,NA
"r",70.8,-6.40938115351316,-4.43599924247229,-3.66703064118401,1.3902398178754,77.4801667710096,TRUE,NA
"r",70.85,-6.41133693298061,-4.43756178638271,-3.66858650262107,1.39025064781079,77.5302412682013,TRUE,NA
"r",70.9,-6.41329205517487,-4.43912392449844,-3.67014196319347,1.39026132056057,77.5803149849691,TRUE,NA
"r",70.95,-6.41524652081219,-4.44068565720748,-3.67169702328247,1.39027183642458,77.6303879227929,TRUE,NA
"r",71,-6.41720033060759,-4.44224698489711,-3.67325168326859,1.39028219570214,77.6804600831502,TRUE,NA
"r",71.05,-6.41915348527468,-4.44380790795408,-3.67480594353181,1.39029239869178,77.7305314675141,TRUE,NA
"r",71.1,-6.42110598552586,-4.44536842676429,-3.67635980445132,1.39030244569155,77.7806020773561,TRUE,NA
"r",71.15,-6.42305783207218,-4.44692854171312,-3.67791326640579,1.39031233699876,77.8306719141438,TRUE,NA
"r",71.2,-6.4250090256234,-4.44848825318528,-3.67946632977321,1.3903220729101,77.8807409793421,TRUE,NA
"r",71.25,-6.42695956688797,-4.45004756156474,-3.68101899493088,1.39033165372165,77.9308092744128,TRUE,NA
"r",71.3,-6.4289094565731,-4.4516064672349,-3.68257126225552,1.39034107972887,77.980876800815,TRUE,NA
"r",71.35,-6.43085869538465,-4.45316497057848,-3.68412313212319,1.39035035122656,78.0309435600044,TRUE,NA
"r",71.4,-6.43280728402725,-4.45472307197746,-3.68567460490922,1.39035946850895,78.0810095534341,TRUE,NA
"r",71.45,-6.43475522320419,-4.45628077181342,-3.68722568098854,1.3903684318695,78.1310747825536,TRUE,NA
"r",71.5,-6.43670251361754,-4.45783807046697,-3.68877636073516,1.39037724160125,78.1811392488104,TRUE,NA
"r",71.55,-6.43864915596808,-4.45939496831829,-3.69032664452265,1.39038589799649,78.2312029536484,TRUE,NA
"r",71.6,-6.44059515095528,-4.46095146574686,-3.69187653272388,1.39039440134691,78.2812658985086,TRUE,NA
"r",71.65,-6.4425404992774,-4.46250756313144,-3.69342602571104,1.39040275194361,78.3313280848295,TRUE,NA
"r",71.7,-6.44448520163138,-4.46406326085023,-3.69497512385577,1.39041095007703,78.3813895140458,TRUE,NA
"r",71.75,-6.44642925871294,-4.46561855928078,-3.69652382752905,1.39041899603704,78.4314501875902,TRUE,NA
"r",71.8,-6.44837267121652,-4.46717345880005,-3.6980721371013,1.39042689011286,78.4815101068921,TRUE,NA
"r",71.85,-6.45031543983532,-4.46872795978423,-3.69962005294217,1.39043463259312,78.5315692733779,TRUE,NA
"r",71.9,-6.45225756526127,-4.47028206260892,-3.70116757542078,1.39044222376585,78.5816276884713,TRUE,NA
"r",71.95,-6.45419904818505,-4.47183576764911,-3.70271470490559,1.39044966391843,78.6316853535928,TRUE,NA
"r",72,-6.45613988929611,-4.47338907527929,-3.7042614417646,1.39045695333786,78.6817422701604,TRUE,NA
"r",72.05,-6.45808008928265,-4.47494198587302,-3.7058077863649,1.39046409230977,78.731798439589,TRUE,NA
"r",72.1,-6.46001964883163,-4.47649449980348,-3.70735373907321,1.3904710811203,78.7818538632907,TRUE,NA
"r",72.15,-6.46195856862878,-4.47804661744303,-3.70889930025543,1.39047792005432,78.8319085426749,TRUE,NA
"r",72.2,-6.46389684935857,-4.47959833916364,-3.71044447027709,1.39048460939612,78.8819624791477,TRUE,NA
"r",72.25,-6.46583449170426,-4.48114966533649,-3.71198924950296,1.39049114942951,78.9320156741125,TRUE,NA
"r",72.3,-6.46777149634789,-4.4827005963321,-3.71353363829713,1.39049754043772,78.9820681289702,TRUE,NA
"r",72.35,-6.46970786397027,-4.48425113252041,-3.71507763702317,1.39050378270336,79.0321198451187,TRUE,NA
"r",72.4,-6.47164359525097,-4.48580127427085,-3.71662124604407,1.39050987650838,79.0821708239529,TRUE,NA
"r",72.45,-6.47357869086835,-4.48735102195214,-3.71816446572222,1.39051582213419,79.1322210668648,TRUE,NA
"r",72.5,-6.47551315149959,-4.48890037593228,-3.71970729641925,1.39052161986167,79.1822705752442,TRUE,NA
"r",72.55,-6.4774469778206,-4.49044933657884,-3.72124973849637,1.39052726997098,79.2323193504773,TRUE,NA
"r",72.6,-6.47938017050613,-4.49199790425867,-3.72279179231409,1.3905327727418,79.282367393948,TRUE,NA
"r",72.65,-6.48131273022969,-4.49354607933797,-3.7243334582323,1.39053812845319,79.3324147070374,TRUE,NA
"r",72.7,-6.48324465766358,-4.49509386218246,-3.72587473661042,1.39054333738358,79.3824612911233,TRUE,NA
"r",72.75,-6.48517595347896,-4.49664125315712,-3.72741562780709,1.39054839981091,79.4325071475817,TRUE,NA
"r",72.8,-6.48710661834571,-4.49818825262639,-3.72895613218051,1.39055331601245,79.4825522777848,TRUE,NA
"r",72.85,-6.48903665293258,-4.49973486095407,-3.73049625008815,1.39055808626493,79.5325966831024,TRUE,NA
"r",72.9,-6.49096605790711,-4.5012810785033,-3.73203598188696,1.39056271084453,79.5826403649021,TRUE,NA
"r",72.95,-6.49289483393562,-4.50282690563683,-3.73357532793338,1.39056719002676,79.6326833245479,TRUE,NA
"r",73,-6.49482298168331,-4.50437234271657,-3.73511428858312,1.39057152408662,79.6827255634017,TRUE,NA
"r",73.05,-6.49675050181413,-4.50591739010386,-3.73665286419126,1.3905757132986,79.7327670828221,TRUE,NA
"r",73.1,-6.49867739499088,-4.50746204815959,-3.7381910551125,1.3905797579365,79.7828078841655,TRUE,NA
"r",73.15,-6.5006036618752,-4.50900631724384,-3.73972886170072,1.39058365827362,79.8328479687852,TRUE,NA
"r",73.2,-6.5025293031275,-4.51055019771631,-3.74126628430945,1.39058741458261,79.8828873380318,TRUE,NA
"r",73.25,-6.50445431940708,-4.51209368993594,-3.74280332329142,1.39059102713564,79.9329259932535,TRUE,NA
"r",73.3,-6.50637871137206,-4.51363679426114,-3.74433997899888,1.39059449620431,79.9829639357955,TRUE,NA
"r",73.35,-6.50830247967937,-4.51517951104972,-3.74587625178352,1.39059782205961,80.0330011670006,TRUE,NA
"r",73.4,-6.51022562498479,-4.51672184065885,-3.74741214199632,1.390601004972,80.0830376882086,TRUE,NA
"r",73.45,-6.51214814794293,-4.51826378344524,-3.7489476499879,1.3906040452113,80.1330735007566,TRUE,NA
"r",73.5,-6.51407004920728,-4.51980533976486,-3.75048277610811,1.39060694304689,80.1831086059793,TRUE,NA
"r",73.55,-6.51599132943012,-4.52134650997316,-3.75201752070628,1.3906096987475,80.2331430052085,TRUE,NA
"r",73.6,-6.51791198926264,-4.52288729442499,-3.75355188413119,1.39061231258137,80.2831766997737,TRUE,NA
"r",73.65,-6.51983202935483,-4.52442769347465,-3.75508586673104,1.39061478481611,80.3332096910011,TRUE,NA
"r",73.7,-6.52175145035556,-4.52596770747582,-3.75661946885345,1.39061711571884,80.3832419802148,TRUE,NA
"r",73.75,-6.52367025291255,-4.5275073367816,-3.75815269084547,1.39061930555607,80.4332735687361,TRUE,NA
"r",73.8,-6.52558843767237,-4.52904658174448,-3.75968553305354,1.39062135459379,80.4833044578833,TRUE,NA
"r",73.85,-6.52750600528051,-4.53058544271645,-3.76121799582362,1.39062326309747,80.5333346489731,TRUE,NA
"r",73.9,-6.52942295638124,-4.53212392004878,-3.76275007950095,1.39062503133199,80.5833641433183,TRUE,NA
"r",73.95,-6.53133929161775,-4.53366201409239,-3.76428178443046,1.39062665956166,80.6333929422299,TRUE,NA
"r",74,-6.53325501163209,-4.53519972519743,-3.76581311095628,1.39062814805029,80.6834210470159,TRUE,NA
"r",74.05,-6.5351701170652,-4.53673705371353,-3.76734405942206,1.39062949706112,80.7334484589819,TRUE,NA
"r",74.1,-6.53708460855685,-4.53827399998969,-3.76887463017085,1.39063070685686,80.7834751794309,TRUE,NA
"r",74.15,-6.53899848674576,-4.53981056437455,-3.77040482354528,1.3906317776997,80.8335012096634,TRUE,NA
"r",74.2,-6.54091175226947,-4.54134674721586,-3.77193463988719,1.39063270985123,80.8835265509769,TRUE,NA
"r",74.25,-6.54282440576442,-4.54288254886111,-3.77346407953812,1.39063350357252,80.9335512046666,TRUE,NA
"r",74.3,-6.54473644786596,-4.54441796965697,-3.77499314283881,1.39063415912414,80.9835751720251,TRUE,NA
"r",74.35,-6.54664787920832,-4.54595300994973,-3.77652183012962,1.39063467676612,81.0335984543428,TRUE,NA
"r",74.4,-6.54855870042461,-4.54748767008499,-3.77805014175027,1.39063505675789,81.0836210529068,TRUE,NA
"r",74.45,-6.55046891214684,-4.54902195040786,-3.77957807803996,1.3906352993584,81.1336429690022,TRUE,NA
"r",74.5,-6.55237851500592,-4.55055585126282,-3.7811056393373,1.39063540482605,81.1836642039112,TRUE,NA
"r",74.55,-6.5542875096317,-4.55208937299391,-3.78263282598045,1.3906353734188,81.2336847589141,TRUE,NA
"r",74.6,-6.55619589665285,-4.55362251594449,-3.7841596383069,1.39063520539386,81.2837046352876,TRUE,NA
"r",74.65,-6.55810367669702,-4.55515528045735,-3.7856860766536,1.39063490100816,81.333723834307,TRUE,NA
"r",74.7,-6.56001085039074,-4.55668766687485,-3.78721214135709,1.39063446051795,81.3837423572443,TRUE,NA
"r",74.75,-6.56191741835944,-4.55821967553867,-3.78873783275321,1.39063388417896,81.433760205369,TRUE,NA
"r",74.8,-6.56382338122749,-4.55975130679004,-3.79026315117736,1.39063317224648,81.4837773799487,TRUE,NA
"r",74.85,-6.56572873961816,-4.5612825609695,-3.79178809696431,1.3906323249752,81.5337938822479,TRUE,NA
"r",74.9,-6.56763349415367,-4.56281343841716,-3.79331267044836,1.39063134261937,81.5838097135291,TRUE,NA
"r",74.95,-6.5695376454551,-4.56434393947254,-3.79483687196324,1.39063022543261,81.6338248750517,TRUE,NA
"r",75,-6.5714411941425,-4.56587406447459,-3.79636070184215,1.39062897366808,81.683839368073,TRUE,NA
"r",75.05,-6.57334414083485,-4.56740381376175,-3.79788416041775,1.39062758757845,81.7338531938478,TRUE,NA
"r",75.1,-6.57524648615004,-4.56893318767184,-3.79940724802213,1.39062606741583,81.7838663536284,TRUE,NA
"r",75.15,-6.57714823070491,-4.5704621865422,-3.80092996498688,1.39062441343187,81.8338788486647,TRUE,NA
"r",75.2,-6.57904937511521,-4.57199081070959,-3.80245231164305,1.3906226258776,81.8838906802038,TRUE,NA
"r",75.25,-6.58094991999565,-4.57351906051034,-3.80397428832124,1.39062070500363,81.9339018494908,TRUE,NA
"r",75.3,-6.58284986595988,-4.5750469362801,-3.8054958953514,1.39061865106004,81.9839123577679,TRUE,NA
"r",75.35,-6.58474921362048,-4.57657443835392,-3.80701713306289,1.3906164642964,82.0339222062754,TRUE,NA
"r",75.4,-6.58664796358898,-4.57810156706652,-3.80853800178474,1.39061414496178,82.0839313962509,TRUE,NA
"r",75.45,-6.58854611647585,-4.57962832275197,-3.81005850184537,1.39061169330466,82.1339399289291,TRUE,NA
"r",75.5,-6.59044367289054,-4.58115470574371,-3.81157863357254,1.39060910957316,82.1839478055429,TRUE,NA
"r",75.55,-6.5923406334414,-4.58268071637489,-3.81309839729374,1.39060639401476,82.2339550273225,TRUE,NA
"r",75.6,-6.59423699873579,-4.58420635497787,-3.81461779333573,1.39060354687653,82.283961595496,TRUE,NA
"r",75.65,-6.59613276938001,-4.58573162188455,-3.81613682202474,1.39060056840503,82.3339675112888,TRUE,NA
"r",75.7,-6.59802794597928,-4.58725651742643,-3.81765548368668,1.3905974588462,82.3839727759235,TRUE,NA
"r",75.75,-6.59992252913784,-4.58878104193434,-3.81917377864675,1.39059421844565,82.4339773906212,TRUE,NA
"r",75.8,-6.60181651945887,-4.59030519573855,-3.82069170722965,1.39059084744839,82.4839813566,TRUE,NA
"r",75.85,-6.6037099175445,-4.59182897916901,-3.82220926975972,1.39058734609894,82.5339846750756,TRUE,NA
"r",75.9,-6.60560272399588,-4.5933523925548,-3.82372646656049,1.39058371464141,82.5839873472619,TRUE,NA
"r",75.95,-6.60749493941309,-4.5948754362249,-3.82524329795535,1.39057995331929,82.6339893743695,TRUE,NA
"r",76,-6.60938656439517,-4.59639811050736,-3.82675976426682,1.39057606237562,82.6839907576073,TRUE,NA
"r",76.05,-6.61127759954019,-4.59792041573004,-3.8282758658172,1.39057204205298,82.7339914981819,TRUE,NA
"r",76.1,-6.61316804544516,-4.59944235221998,-3.829791602928,1.39056789259348,82.783991597297,TRUE,NA
"r",76.15,-6.61505790270611,-4.6009639203039,-3.83130697592042,1.39056361423868,82.8339910561545,TRUE,NA
"r",76.2,-6.616947171918,-4.60248512030794,-3.8328219851151,1.39055920722966,82.8839898759536,TRUE,NA
"r",76.25,-6.61883585367481,-4.60400595255772,-3.83433663083214,1.39055467180704,82.9339880578912,TRUE,NA
"r",76.3,-6.6207239485695,-4.60552641737839,-3.8358509133912,1.39055000821092,82.9839856031617,TRUE,NA
"r",76.35,-6.62261145719406,-4.60704651509447,-3.83736483311133,1.39054521668099,83.033982512958,TRUE,NA
"r",76.4,-6.62449838013942,-4.60856624603006,-3.83887839031116,1.39054029745636,83.0839787884698,TRUE,NA
"r",76.45,-6.62638471799552,-4.61008561050869,-3.84039158530874,1.39053525077573,83.1339744308845,TRUE,NA
"r",76.5,-6.6282704713513,-4.61160460885348,-3.84190441842177,1.39053007687724,83.1839694413876,TRUE,NA
"r",76.55,-6.63015564079473,-4.61312324138689,-3.84341688996725,1.39052477599867,83.2339638211622,TRUE,NA
"r",76.6,-6.63204022691276,-4.61464150843096,-3.84492900026178,1.39051934837722,83.283957571389,TRUE,NA
"r",76.65,-6.63392423029134,-4.61615941030717,-3.84644074962146,1.39051379424968,83.3339506932465,TRUE,NA
"r",76.7,-6.63580765151542,-4.61767694733659,-3.84795213836192,1.39050811385227,83.3839431879107,TRUE,NA
"r",76.75,-6.637690491169,-4.61919411983969,-3.84946316679823,1.39050230742083,83.4339350565554,TRUE,NA
"r",76.8,-6.63957274983506,-4.62071092813643,-3.85097383524498,1.39049637519071,83.4839263003523,TRUE,NA
"r",76.85,-6.64145442809561,-4.62222737254626,-3.85248414401624,1.39049031739675,83.5339169204708,TRUE,NA
"r",76.9,-6.64333552653165,-4.62374345338825,-3.85399409342569,1.39048413427335,83.5839069180776,TRUE,NA
"r",76.95,-6.64521604572325,-4.62525917098086,-3.85550368378644,1.39047782605441,83.6338962943377,TRUE,NA
"r",77,-6.64709598624945,-4.62677452564199,-3.85701291541106,1.3904713929734,83.6838850504135,TRUE,NA
"r",77.05,-6.64897534868834,-4.62828951768921,-3.85852178861177,1.39046483526327,83.7338731874652,TRUE,NA
"r",77.1,-6.65085413361705,-4.62980414743939,-3.86003030370009,1.39045815315659,83.783860706651,TRUE,NA
"r",77.15,-6.65273234161171,-4.63131841520907,-3.86153846098729,1.39045134688538,83.8338476091265,TRUE,NA
"r",77.2,-6.6546099732475,-4.63283232131423,-3.863046260784,1.39044441668122,83.8838338960451,TRUE,NA
"r",77.25,-6.65648702909862,-4.63434586607038,-3.86455370340043,1.39043736277524,83.9338195685582,TRUE,NA
"r",77.3,-6.65836350973833,-4.63585904979243,-3.86606078914623,1.39043018539809,83.9838046278149,TRUE,NA
"r",77.35,-6.66023941573889,-4.6373718727949,-3.86756751833063,1.39042288478,84.0337890749619,TRUE,NA
"r",77.4,-6.66211474767165,-4.63888433539177,-3.86907389126234,1.39041546115072,84.0837729111441,TRUE,NA
"r",77.45,-6.66398950610693,-4.64039643789669,-3.87057990824973,1.39040791473945,84.1337561375033,TRUE,NA
"r",77.5,-6.66586369161419,-4.64190818062244,-3.87208556960036,1.39040024577513,84.1837387551804,TRUE,NA
"r",77.55,-6.66773730476185,-4.64341956388174,-3.87359087562171,1.39039245448602,84.2337207653128,TRUE,NA
"r",77.6,-6.66961034611742,-4.64493058798658,-3.87509582662051,1.3903845411001,84.2837021690366,TRUE,NA
"r",77.65,-6.67148281624749,-4.64644125324842,-3.87660042290303,1.39037650584486,84.3336829674856,TRUE,NA
"r",77.7,-6.67335471571762,-4.64795155997844,-3.87810466477522,1.39036834894722,84.3836631617906,TRUE,NA
"r",77.75,-6.6752260450925,-4.64946150848722,-3.87960855254248,1.39036007063378,84.4336427530813,TRUE,NA
"r",77.8,-6.67709680493586,-4.65097109908477,-3.88111208650961,1.39035167113067,84.4836217424847,TRUE,NA
"r",77.85,-6.67896699581047,-4.65248033208074,-3.8826152669811,1.3903431506635,84.5336001311256,TRUE,NA
"r",77.9,-6.68083661827819,-4.65398920778429,-3.8841180942609,1.39033450945752,84.5835779201267,TRUE,NA
"r",77.95,-6.68270567289991,-4.65549772650406,-3.88562056865252,1.39032574773746,84.6335551106087,TRUE,NA
"r",78,-6.68457416023562,-4.65700588854818,-3.88712269045894,1.39031686572763,84.6835317036898,TRUE,NA
"r",78.05,-6.68644208084436,-4.65851369422441,-3.88862445998274,1.39030786365192,84.7335077004863,TRUE,NA
"r",78.1,-6.68830943528426,-4.66002114383992,-3.89012587752599,1.39029874173376,84.7834831021125,TRUE,NA
"r",78.15,-6.69017622411251,-4.66152823770142,-3.89162694339028,1.39028950019612,84.8334579096803,TRUE,NA
"r",78.2,-6.69204244788534,-4.66303497611528,-3.89312765787683,1.39028013926151,84.8834321242992,TRUE,NA
"r",78.25,-6.69390810715814,-4.66454135938712,-3.89462802128618,1.39027065915212,84.9334057470774,TRUE,NA
"r",78.3,-6.6957732024853,-4.6660473878224,-3.8961280339187,1.39026106008952,84.9833787791202,TRUE,NA
"r",78.35,-6.69763773442031,-4.66755306172591,-3.89762769607407,1.39025134229495,85.0333512215308,TRUE,NA
"r",78.4,-6.69950170351579,-4.66905838140198,-3.89912700805157,1.39024150598924,85.0833230754109,TRUE,NA
"r",78.45,-6.70136511032343,-4.67056334715463,-3.90062597015012,1.39023155139268,85.1332943418602,TRUE,NA
"r",78.5,-6.70322795539394,-4.67206795928717,-3.90212458266799,1.39022147872521,85.1832650219748,TRUE,NA
"r",78.55,-6.70509023927719,-4.67357221810263,-3.90362284590316,1.3902112882063,85.2332351168502,TRUE,NA
"r",78.6,-6.70695196252213,-4.67507612390342,-3.905120760153,1.39020098005504,85.2832046275795,TRUE,NA
"r",78.65,-6.7088131256768,-4.67657967699164,-3.90661832571458,1.39019055449002,85.3331735552533,TRUE,NA
"r",78.7,-6.71067372928831,-4.67808287766885,-3.90811554288443,1.39018001172938,85.3831419009603,TRUE,NA
"r",78.75,-6.71253377390292,-4.67958572623612,-3.90961241195861,1.39016935199093,85.4331096657874,TRUE,NA
"r",78.8,-6.71439326006594,-4.6810882229941,-3.91110893323278,1.39015857549195,85.483076850819,TRUE,NA
"r",78.85,-6.71625218832182,-4.68259036824299,-3.91260510700213,1.39014768244936,85.5330434571376,TRUE,NA
"r",78.9,-6.71810289399112,-4.68408311592322,-3.9140918128384,1.39014177093652,85.5829064992078,TRUE,NA
"r",78.95,-6.71996837328539,-4.68559360541182,-3.91559641320476,1.39012554759881,85.6329749379559,TRUE,NA
"r",79,-6.72182563107748,-4.68709469792982,-3.91709154622617,1.39011430622249,85.6829398146102,TRUE,NA
"r",79.05,-6.72368233313122,-4.68859544013481,-3.91858633291896,1.39010294916588,85.7329041168609,TRUE,NA
"r",79.1,-6.72552860310191,-4.69008417719172,-3.92006902265142,1.39009818505095,85.7827349978977,TRUE,NA
"r",79.15,-6.7273940721827,-4.69159587479671,-3.92157486848984,1.3900798888705,85.8328310024389,TRUE,NA
"r",79.2,-6.72924911025774,-4.69309556784804,-3.92306861795249,1.39006818606002,85.8827935879046,TRUE,NA
"r",79.25,-6.73109819532163,-4.69458854068114,-3.92455559885945,1.39006002802446,85.9326829175883,TRUE,NA
"r",79.3,-6.73295752619303,-4.69609390687414,-3.92605508169023,1.39004443618093,85.9827170495194,TRUE,NA
"r",79.35,-6.7348034113289,-4.69758371153893,-3.92753888213126,1.39003746862271,86.0325769921316,TRUE,NA
"r",79.4,-6.73666373208056,-4.69909085176948,-3.92904016711656,1.39002022870964,86.0826382391296,TRUE,NA
"r",79.45,-6.7385160075926,-4.70058880215575,-3.93053219368833,1.3900079539073,86.1325979845818,TRUE,NA
"r",79.5,-6.74036773219439,-4.70208640489354,-3.93202387655181,1.38999556534254,86.1825571652074,TRUE,NA
"r",79.55,-6.742218906418,-4.70358366027672,-3.93351521599597,1.38998306322637,86.2325157820604,TRUE,NA
"r",79.6,-6.74406061301467,-4.705070047975,-3.93499560561804,1.38997649040516,86.2823535543831,TRUE,NA
"r",79.65,-6.74591960585469,-4.70657713015219,-3.93649686577989,1.38995771918179,86.3324313286548,TRUE,NA
"r",79.7,-6.7477691321276,-4.70807334522988,-3.93798717669535,1.38994487767335,86.3823882604941,TRUE,NA
"r",79.75,-6.74961811014201,-4.70956921412364,-3.93947714534282,1.38993192345349,86.432344632757,TRUE,NA
"r",79.8,-6.75146654042568,-4.7110647371252,-3.94096677200916,1.38991885673109,86.4823004464874,TRUE,NA
"r",79.85,-6.75331442350551,-4.71255991452562,-3.94245605698064,1.38990567771476,86.5322557027275,TRUE,NA
"r",79.9,-6.75516175990756,-4.71405474661555,-3.94394500054311,1.38989238661266,86.5822104025174,TRUE,NA
"r",79.95,-6.75700855015703,-4.71554923368531,-3.94543360298208,1.3898789836325,86.6321645468952,TRUE,NA
"r",80,-6.75885479477823,-4.71704337602475,-3.94692186458261,1.3898654689816,86.6821181368967,TRUE,NA
"r",80.05,-6.7607004942947,-4.71853717392318,-3.94840978562924,1.38985184286695,86.7320711735566,TRUE,NA
"r",80.1,-6.76254564922907,-4.72003062766961,-3.94989736640619,1.38983810549503,86.782023657907,TRUE,NA
"r",80.15,-6.76438841524764,-4.72152156179482,-3.95138241374254,1.38982550212471,86.8319506327542,TRUE,NA
"r",80.2,-6.76623432743783,-4.72301650385985,-3.95287150828543,1.38981029780367,86.8819269737981,TRUE,NA
"r",80.25,-6.76806819451751,-4.72449753820615,-3.95434658874352,1.38980275545367,86.9317470887222,TRUE,NA
"r",80.3,-6.7699208335689,-4.7260010068985,-3.95584429248534,1.38978204755163,86.9818280927902,TRUE,NA
"r",80.35,-6.7717569271381,-4.72748526065959,-3.95732263188953,1.38977201006351,87.0316918834994,TRUE,NA
"r",80.4,-6.77360517177301,-4.72898413908128,-3.95881572126376,1.38975335637689,87.0817270230701,TRUE,NA
"r",80.45,-6.77544652919595,-4.73047519181732,-3.96030092807372,1.38973884595359,87.1316756699935,TRUE,NA
"r",80.5,-6.77728734618766,-4.73196590269725,-3.96178579687203,1.38972422591091,87.1816237727954,TRUE,NA
"r",80.55,-6.77912762326324,-4.73345627200609,-3.963270327939,1.38970949645184,87.2315713324907,TRUE,NA
"r",80.6,-6.78096736093698,-4.73494630002853,-3.96475452155466,1.3896946577789,87.2815183500926,TRUE,NA
"r",80.65,-6.7828065597223,-4.73643598704865,-3.96623837799838,1.38967971009431,87.3314648266118,TRUE,NA
"r",80.7,-6.78464522013181,-4.73792533335025,-3.96772189754931,1.38966465359979,87.3814107630575,TRUE,NA
"r",80.75,-6.78648334267733,-4.73941433921672,-3.96920508048619,1.38964948849675,87.4313561604369,TRUE,NA
"r",80.8,-6.78832092786984,-4.74090300493094,-3.97068792708721,1.38963421498623,87.4813010197556,TRUE,NA
"r",80.85,-6.79015797621946,-4.74239133077544,-3.97217043763027,1.38961883326875,87.5312453420167,TRUE,NA
"r",80.9,-6.79199448823554,-4.74387931703221,-3.97365261239272,1.38960334354462,87.581189128222,TRUE,NA
"r",80.95,-6.7938304644266,-4.74536696398297,-3.97513445165167,1.3895877460136,87.631132379371,TRUE,NA
"r",81,-6.79566590530035,-4.74685427190892,-3.97661595568368,1.3895720408752,87.6810750964616,TRUE,NA
"r",81.05,-6.79750081136367,-4.74834124109085,-3.97809712476492,1.38955622832844,87.7310172804897,TRUE,NA
"r",81.1,-6.79933518312264,-4.74982787180923,-3.97957795917127,1.38954030857201,87.7809589324494,TRUE,NA
"r",81.15,-6.80116902108255,-4.75131416434385,-3.98105845917794,1.38952428180426,87.830900053333,TRUE,NA
"r",81.2,-6.80300232574784,-4.75280011897447,-3.98253862506008,1.38950814822301,87.8808406441305,TRUE,NA
"r",81.25,-6.80483509762218,-4.75428573598015,-3.98401845709215,1.38949190802588,87.9307807058307,TRUE,NA
"r",81.3,-6.80666733720842,-4.75577101563956,-3.98549795554829,1.38947556140997,87.98072023942,TRUE,NA
"r",81.35,-6.80849904500862,-4.757255958231,-3.98697712070222,1.38945910857208,88.0306592458832,TRUE,NA
"r",81.4,-6.81033022152403,-4.75874056403246,-3.98845595282735,1.38944254970863,88.0805977262036,TRUE,NA
"r",81.45,-6.81216086725511,-4.76022483332125,-3.9899344521965,1.38942588501561,88.130535681362,TRUE,NA
"r",81.5,-6.81399098270151,-4.76170876637467,-3.99141261908237,1.38940911468865,88.1804731123375,TRUE,NA
"r",81.55,-6.8158205683621,-4.76319236346921,-3.99289045375694,1.38939223892304,88.2304100201078,TRUE,NA
"r",81.6,-6.81764962473495,-4.76467562488112,-3.99436795649196,1.38937525791369,88.2803464056486,TRUE,NA
"r",81.65,-6.81947815231733,-4.76615855088626,-3.99584512755874,1.38935817185512,88.3302822699334,TRUE,NA
"r",81.7,-6.82130615160573,-4.76764114176007,-3.99732196722824,1.38934098094142,88.3802176139342,TRUE,NA
"r",81.75,-6.82313362309586,-4.7691233977776,-3.99879847577099,1.3893236853664,88.4301524386212,TRUE,NA
"r",81.8,-6.82496056728264,-4.7706053192134,-4.00027465345705,1.38930628532349,88.4800867449629,TRUE,NA
"r",81.85,-6.82678698466018,-4.77208690634175,-4.00175050055623,1.38928878100569,88.5300205339257,TRUE,NA
"r",81.9,-6.82861287572185,-4.7735681594363,-4.00322601733771,1.38927117260568,88.5799538064743,TRUE,NA
"r",81.95,-6.83043824096021,-4.77504907877064,-4.00470120407058,1.38925346031573,88.6298865635716,TRUE,NA
"r",82,-6.83226308086705,-4.77652966461765,-4.00617606102329,1.38923564432782,88.679818806179,TRUE,NA
"r",82.05,-6.83408739593338,-4.77800991724989,-4.00765058846394,1.38921772483346,88.7297505352555,TRUE,NA
"r",82.1,-6.83591118664944,-4.77948983693964,-4.00912478666036,1.38919970202388,88.779681751759,TRUE,NA
"r",82.15,-6.83773445350468,-4.78096942395866,-4.01059865587988,1.38918157608988,88.829612456645,TRUE,NA
"r",82.2,-6.8395571969878,-4.78244867857833,-4.01207219638944,1.38916334722193,88.8795426508676,TRUE,NA
"r",82.25,-6.8413794175867,-4.78392760106964,-4.01354540845564,1.38914501561012,88.9294723353789,TRUE,NA
"r",82.3,-6.84320111578856,-4.78540619170314,-4.01501829234457,1.38912658144426,88.9794015111297,TRUE,NA
"r",82.35,-6.84502229207973,-4.78688445074909,-4.01649084832212,1.38910804491365,89.0293301790685,TRUE,NA
"r",82.4,-6.84684294694585,-4.78836237847722,-4.01796307665362,1.38908940620733,89.0792583401422,TRUE,NA
"r",82.45,-6.84866308087179,-4.78983997515708,-4.01943497760422,1.38907066551399,89.1291859952963,TRUE,NA
"r",82.5,-6.85048269434158,-4.79131724105748,-4.02090655143834,1.38905182302191,89.1791131454735,TRUE,NA
"r",82.55,-6.85230178783858,-4.7927941764471,-4.0223777984203,1.389032878919,89.2290397916158,TRUE,NA
"r",82.6,-6.85412036184541,-4.79427078159423,-4.02384871881403,1.38901383339287,89.2789659346638,TRUE,NA
"r",82.65,-6.85593841684381,-4.79574705676657,-4.02531931288285,1.38899468663078,89.3288915755548,TRUE,NA
"r",82.7,-6.85775595331486,-4.79722300223166,-4.02678958088995,1.38897543881953,89.3788167152254,TRUE,NA
"r",82.75,-6.85957297173887,-4.79869861825651,-4.02825952309803,1.38895609014566,89.4287413546105,TRUE,NA
"r",82.8,-6.86138947259541,-4.80017390510775,-4.02972913976934,1.38893664079535,89.4786654946431,TRUE,NA
"r",82.85,-6.86320545636325,-4.80164886305167,-4.03119843116587,1.38891709095439,89.5285891362543,TRUE,NA
"r",82.9,-6.86502092352047,-4.80312349235415,-4.03266739754915,1.38889744080827,89.5785122803738,TRUE,NA
"r",82.95,-6.86683587454436,-4.80459779328064,-4.03413603918035,1.38887769054207,89.6284349279295,TRUE,NA
"r",83,-6.86865030991148,-4.80607176609631,-4.03560435632031,1.38885784034052,89.678357079847,TRUE,NA
"r",83.05,-6.87046423009763,-4.80754541106582,-4.0370723492294,1.38883789038805,89.728278737051,TRUE,NA
"r",83.1,-6.87227763557791,-4.80901872845347,-4.03854001816764,1.38881784086872,89.7781999004643,TRUE,NA
"r",83.15,-6.87409052682664,-4.81049171852329,-4.04000736339476,1.38879769196624,89.8281205710077,TRUE,NA
"r",83.2,-6.87590290431739,-4.8119643815388,-4.04147438516999,1.38877744386392,89.8780407496003,TRUE,NA
"r",83.25,-6.87771476852305,-4.81343671776319,-4.04294108375228,1.38875709674484,89.9279604371601,TRUE,NA
"r",83.3,-6.87952611991571,-4.81490872745919,-4.04440745940011,1.3887366507916,89.9778796346025,TRUE,NA
"r",83.35,-6.88133695896678,-4.81638041088929,-4.04587351237167,1.3887161061866,90.0277983428421,TRUE,NA
"r",83.4,-6.88314728614689,-4.81785176831549,-4.04733924292474,1.38869546311176,90.0777165627913,TRUE,NA
"r",83.45,-6.88495710192597,-4.8193227999995,-4.04880465131678,1.38867472174872,90.1276342953608,TRUE,NA
"r",83.5,-6.88676640677319,-4.82079350620255,-4.05026973780481,1.38865388227877,90.1775515414598,TRUE,NA
"r",83.55,-6.88857520115703,-4.82226388718556,-4.0517345026455,1.38863294488286,90.2274683019956,TRUE,NA
"r",83.6,-6.89038348554522,-4.82373394320904,-4.05319894609515,1.38861190974162,90.2773845778743,TRUE,NA
"r",83.65,-6.89219126040477,-4.82520367453307,-4.05466306840966,1.38859077703529,90.3273003699999,TRUE,NA
"r",83.7,-6.89399852620196,-4.82667308141756,-4.05612686984469,1.3885695469438,90.3772156792748,TRUE,NA
"r",83.75,-6.89580528340236,-4.82814216412178,-4.05759035065533,1.38854821964676,90.4271305065999,TRUE,NA
"r",83.8,-6.89761153247081,-4.82961092290485,-4.05905351109651,1.38852679532339,90.4770448528743,TRUE,NA
"r",83.85,-6.89941727387144,-4.8310793580253,-4.06051635142261,1.38850527415264,90.5269587189957,TRUE,NA
"r",83.9,-6.90122250806765,-4.83254746974151,-4.06197887188779,1.38848365631306,90.5768721058596,TRUE,NA
"r",83.95,-6.90302723552214,-4.83401525831131,-4.06344107274574,1.38846194198291,90.6267850143604,TRUE,NA
"r",84,-6.90483145669688,-4.83548272399228,-4.06490295424989,1.38844013134008,90.6766974453908,TRUE,NA
"r",84.05,-6.90663517205313,-4.83694986704157,-4.06636451665322,1.38841822456214,90.7266093998414,TRUE,NA
"r",84.1,-6.90843838205146,-4.83841668771594,-4.06782576020835,1.38839622182635,90.7765208786018,TRUE,NA
"r",84.15,-6.91024108715171,-4.83988318627184,-4.06928668516757,1.38837412330964,90.8264318825597,TRUE,NA
"r",84.2,-6.912043287813,-4.84134936296533,-4.07074729178284,1.38835192918852,90.8763424126008,TRUE,NA
"r",84.25,-6.91384498449377,-4.84281521805209,-4.0722075803057,1.38832963963927,90.9262524696097,TRUE,NA
"r",84.3,-6.91564617765174,-4.84428075178745,-4.07366755098737,1.3883072548378,90.9761620544692,TRUE,NA
"r",84.35,-6.91744686774394,-4.84574596442629,-4.07512720407863,1.38828477495971,91.0260711680605,TRUE,NA
"r",84.4,-6.91924705522669,-4.84721085622332,-4.07658653983006,1.38826220018025,91.0759798112633,TRUE,NA
"r",84.45,-6.9210467405556,-4.8486754274327,-4.07804555849174,1.38823953067434,91.1258879849553,TRUE,NA
"r",84.5,-6.92284592418558,-4.85013967830828,-4.07950426031346,1.38821676661657,91.1757956900128,TRUE,NA
"r",84.55,-6.92464460657085,-4.85160360910364,-4.08096264554466,1.38819390818122,91.2257029273108,TRUE,NA
"r",84.6,-6.92644278816496,-4.85306722007181,-4.08242071443433,1.38817095554225,91.2756096977223,TRUE,NA
"r",84.65,-6.92824046942073,-4.85453051146561,-4.08387846723121,1.38814790887331,91.3255160021192,TRUE,NA
"r",84.7,-6.93003765079028,-4.85599348353747,-4.08533590418369,1.38812476834765,91.3754218413709,TRUE,NA
"r",84.75,-6.93183433272508,-4.85745613653941,-4.08679302553973,1.38810153413827,91.4253272163461,TRUE,NA
"r",84.8,-6.93363051567587,-4.85891847072322,-4.08824983154704,1.38807820641782,91.4752321279116,TRUE,NA
"r",84.85,-6.93542620009271,-4.86038048634007,-4.0897063224528,1.38805478535862,91.5251365769325,TRUE,NA
"r",84.9,-6.93722138642501,-4.86184218364109,-4.09116249850407,1.38803127113273,91.5750405642726,TRUE,NA
"r",84.95,-6.93901607512144,-4.86330356287687,-4.09261835994743,1.38800766391177,91.6249440907937,TRUE,NA
"r",85,-6.94081026663,-4.86476462429763,-4.09407390702908,1.38798396386714,91.6748471573565,TRUE,NA
"r",85.05,-6.94260396139804,-4.86622536815332,-4.09552913999495,1.3879601711699,91.7247497648198,TRUE,NA
"r",85.1,-6.9443971598722,-4.86768579469351,-4.09698405909061,1.38793628599077,91.774651914041,TRUE,NA
"r",85.15,-6.94618986249843,-4.86914590416737,-4.09843866456122,1.38791230850019,91.824553605876,TRUE,NA
"r",85.2,-6.94798206972203,-4.87060569682374,-4.09989295665166,1.38788823886822,91.8744548411789,TRUE,NA
"r",85.25,-6.94977378198761,-4.87206517291115,-4.10134693560644,1.38786407726467,91.9243556208024,TRUE,NA
"r",85.3,-6.95156499973911,-4.87352433267777,-4.10280060166975,1.38783982385901,91.9742559455978,TRUE,NA
"r",85.35,-6.95335572341976,-4.87498317637131,-4.10425395508536,1.38781547882036,92.0241558164144,TRUE,NA
"r",85.4,-6.95514595347218,-4.87644170423926,-4.10570699609677,1.38779104231761,92.0740552341005,TRUE,NA
"r",85.45,-6.95693569033827,-4.87789991652869,-4.10715972494711,1.38776651451924,92.1239541995024,TRUE,NA
"r",85.5,-6.95872493445927,-4.87935781348646,-4.10861214187926,1.38774189559347,92.1738527134652,TRUE,NA
"r",85.55,-6.96051368627577,-4.88081539535882,-4.11006424713556,1.3877171857082,92.2237507768323,TRUE,NA
"r",85.6,-6.96230194622767,-4.88227266239188,-4.11151604095815,1.38769238503104,92.2736483904456,TRUE,NA
"r",85.65,-6.96408971475422,-4.88372961483136,-4.11296752358883,1.38766749372926,92.3235455551456,TRUE,NA
"r",85.7,-6.96587699229399,-4.88518625292258,-4.11441869526899,1.38764251196981,92.3734422717708,TRUE,NA
"r",85.75,-6.96766377928492,-4.88664257691052,-4.11586955623973,1.38761743991938,92.423338541159,TRUE,NA
"r",85.8,-6.96945007616422,-4.88809858703993,-4.11732010674182,1.38759227774429,92.4732343641455,TRUE,NA
"r",85.85,-6.97123588336853,-4.88955428355514,-4.11877034701575,1.3875670256106,92.523129741565,TRUE,NA
"r",85.9,-6.97302120133377,-4.89100966669997,-4.1202202773014,1.38754168368408,92.5730246742502,TRUE,NA
"r",85.95,-6.97480603049519,-4.89246473671829,-4.12166989783876,1.38751625213007,92.6229191630321,TRUE,NA
"r",86,-6.97659037128747,-4.89391949385319,-4.12311920886704,1.38749073111381,92.672813208741,TRUE,NA
"r",86.05,-6.97837422414453,-4.89537393834772,-4.1245682106254,1.38746512080004,92.7227068122047,TRUE,NA
"r",86.1,-6.98015758949971,-4.89682807044452,-4.12601690335261,1.3874394213533,92.7725999742503,TRUE,NA
"r",86.15,-6.98194046778565,-4.89828189038572,-4.12746528728695,1.38741363293782,92.8224926957029,TRUE,NA
"r",86.2,-6.98372285943439,-4.89973539841341,-4.12891336266663,1.3873877557175,92.8723849773865,TRUE,NA
"r",86.25,-6.98550476487726,-4.90118859476907,-4.1303611297293,1.38736178985593,92.9222768201229,TRUE,NA
"r",86.3,-6.98728618454488,-4.90264147969394,-4.13180858871234,1.38733573551649,92.9721682247317,TRUE,NA
"r",86.35,-6.98906711886767,-4.90409405342922,-4.13325573985309,1.38730959286198,93.0220591920372,TRUE,NA
"r",86.4,-6.99084756827469,-4.90554631621514,-4.13470258338797,1.38728336205536,93.0719497228522,TRUE,NA
"r",86.45,-6.99262753319485,-4.90699826829208,-4.13614911955354,1.38725704325892,93.1218398179947,TRUE,NA
"r",86.5,-6.99440701405629,-4.90844990990001,-4.13759534858593,1.38723063663473,93.1717294782798,TRUE,NA
"r",86.55,-6.99618601128649,-4.90990124127841,-4.13904127072083,1.38720414234468,93.2216187045208,TRUE,NA
"r",86.6,-6.99795830587443,-4.91134495414092,-4.14047952195825,1.38718171340112,93.27142045572,TRUE,NA
"r",86.65,-6.99974255655999,-4.91280297430332,-4.14193219523955,1.38715089141265,93.321395858117,TRUE,NA
"r",86.7,-7.00152010545508,-4.91425337642736,-4.14337719809332,1.38712413509281,93.3712837870917,TRUE,NA
"r",86.75,-7.00329717242253,-4.91570346927687,-4.14482189498941,1.38709729175134,93.4211712852615,TRUE,NA
"r",86.8,-7.00507375788667,-4.91715325308975,-4.1462662861619,1.38707036154858,93.4710583534324,TRUE,NA
"r",86.85,-7.00684986227115,-4.91860272810363,-4.14771037184467,1.38704334464456,93.5209449924093,TRUE,NA
"r",86.9,-7.00862548599904,-4.92005189455573,-4.14915415227115,1.38701624119904,93.5708312029953,TRUE,NA
"r",86.95,-7.01040062949274,-4.92150075268297,-4.15059762767452,1.38698905137144,93.6207169859922,TRUE,NA
"r",87,-7.01216930103524,-4.92294226292565,-4.15203370504728,1.38696577229657,93.6705183126908,TRUE,NA
"r",87.05,-7.01394947746411,-4.92439754490892,-4.15348366434291,1.38693441320641,93.7204872724191,TRUE,NA
"r",87.1,-7.015715696805,-4.92583668498927,-4.15491736501162,1.38691206857308,93.7702667446007,TRUE,NA
"r",87.15,-7.01748635512714,-4.9272812951875,-4.15635658268257,1.38688615890333,93.8201147538408,TRUE,NA
"r",87.2,-7.01926276441334,-4.92873291580902,-4.15780286965791,1.38685607213346,93.8700497620263,TRUE,NA
"r",87.25,-7.02103637312104,-4.93018150062684,-4.15924610341553,1.38682747905659,93.9199517575716,TRUE,NA
"r",87.3,-7.02280792210483,-4.93162791986879,-4.16068716078815,1.38679985039162,93.9698311158996,TRUE,NA
"r",87.35,-7.02457807354623,-4.93307295124214,-4.16212682538182,1.3867727484776,94.0196971175529,TRUE,NA
"r",87.4,-7.02635034801065,-4.93452072979756,-4.16356926353214,1.38674384986216,94.0695992174282,TRUE,NA
"r",87.45,-7.02812574403271,-4.93597242797753,-4.16501565650238,1.38671243695285,94.1195514739353,TRUE,NA
"r",87.5,-7.02988935991738,-4.9374105425278,-4.16644836872945,1.38668848317545,94.1693444186958,TRUE,NA
"r",87.55,-7.03166504605488,-4.93886308666485,-4.16789562514401,1.38665609328217,94.2193133199099,TRUE,NA
"r",87.6,-7.03342887761273,-4.94030195985715,-4.16932911291456,1.38663121074383,94.2691217809356,TRUE,NA
"r",87.65,-7.03520244887813,-4.9417525242538,-4.17077438570078,1.38659941226895,94.3190734967008,TRUE,NA
"r",87.7,-7.03697043912409,-4.94319678571711,-4.17221331351887,1.38657094564726,94.3689529611062,TRUE,NA
"r",87.75,-7.0387379558098,-4.94464074260208,-4.17365194000099,1.38654239515541,94.4188320105576,TRUE,NA
"r",87.8,-7.04050499934719,-4.94608439514015,-4.17509026537491,1.386513760948,94.4687106458328,TRUE,NA
"r",87.85,-7.04227157014749,-4.94752774356247,-4.17652828986814,1.38648504317924,94.5185888677076,TRUE,NA
"r",87.9,-7.04403766862144,-4.94897078809972,-4.1779660137077,1.38645624200326,94.5684666769578,TRUE,NA
"r",87.95,-7.04580329517908,-4.9504135289824,-4.17940343712045,1.38642735757371,94.6183440743564,TRUE,NA
"r",88,-7.04756845022988,-4.95185596644077,-4.18084056033302,1.38639839004404,94.6682210606756,TRUE,NA
"r",88.05,-7.04933313418273,-4.95329810070454,-4.18227738357148,1.38636933956747,94.7180976366866,TRUE,NA
"r",88.1,-7.05109734744587,-4.95473993200333,-4.18371390706185,1.38634020629684,94.7679738031582,TRUE,NA
"r",88.15,-7.052861090427,-4.9561814605663,-4.18515013102964,1.38631099038482,94.8178495608592,TRUE,NA
"r",88.2,-7.05462436353315,-4.95762268662238,-4.18658605570021,1.38628169198369,94.8677249105556,TRUE,NA
"r",88.25,-7.05638716717082,-4.95906361040011,-4.18802168129847,1.38625231124557,94.9175998530131,TRUE,NA
"r",88.3,-7.05814950174579,-4.96050423212773,-4.18945700804907,1.38622284832226,94.9674743889944,TRUE,NA
"r",88.35,-7.05991136766358,-4.9619445520335,-4.19089203617666,1.3861933033651,95.0173485192654,TRUE,NA
"r",88.4,-7.06167276532866,-4.96338457034468,-4.19232676590492,1.38616367652558,95.0672222445845,TRUE,NA
"r",88.45,-7.06342362646483,-4.96481246690415,-4.19374928853766,1.3861406500005,95.1169533333495,TRUE,NA
"r",88.5,-7.0651941575166,-4.9662637030929,-4.19519533105879,1.3861041778026,95.1669684834067,TRUE,NA
"r",88.55,-7.06694649249535,-4.96769382541522,-4.19662010707876,1.38607939861746,95.2167327330053,TRUE,NA
"r",88.6,-7.06870710158934,-4.96913390813733,-4.19805492353673,1.38604882957075,95.2666200927528,TRUE,NA
"r",88.65,-7.07046536897884,-4.97057148881403,-4.1994872246068,1.38601931840373,95.3164805393476,TRUE,NA
"r",88.7,-7.07223134060121,-4.97201835943849,-4.20092889040164,1.38598420439115,95.3664561349819,TRUE,NA
"r",88.75,-7.07398947177926,-4.97345627293698,-4.20236153758411,1.385954008586,95.4163270468439,TRUE,NA
"r",88.8,-7.07574713792092,-4.97489388665112,-4.20379388814901,1.38592373209848,95.466197559796,TRUE,NA
"r",88.85,-7.07749738153092,-4.97632303415806,-4.20521771479503,1.38589809715983,95.5159691905785,TRUE,NA
"r",88.9,-7.07926107669199,-4.97776821562567,-4.20665770031127,1.38586293767123,95.5659373919663,TRUE,NA
"r",88.95,-7.08101735011847,-4.97920493133488,-4.20808916235038,1.3858324200283,95.6158067126788,TRUE,NA
"r",89,-7.08277316010262,-4.9806413481575,-4.20952032865557,1.38580182229653,95.66567563747,TRUE,NA
"r",89.05,-7.08452850704152,-4.98207746631712,-4.21095119944692,1.38577114462369,95.715544167084,TRUE,NA
"r",89.1,-7.08628339133168,-4.98351328603714,-4.21238177494433,1.38574038715722,95.7654123022632,TRUE,NA
"r",89.15,-7.08803781336901,-4.98494880754058,-4.2138120553673,1.38570955004435,95.8152800437489,TRUE,NA
"r",89.2,-7.08979177354885,-4.98638403105022,-4.21524204093514,1.38567863343197,95.8651473922809,TRUE,NA
"r",89.25,-7.09154527226597,-4.9878189567886,-4.21667173186688,1.38564763746674,95.9150143485979,TRUE,NA
"r",89.3,-7.09329830991457,-4.98925358497775,-4.21810112838108,1.3856165622951,95.9648809134369,TRUE,NA
"r",89.35,-7.09504169178536,-4.99067712633954,-4.21951936115697,1.38559156770238,96.0146166173417,TRUE,NA
"r",89.4,-7.0968030035802,-4.99212194959564,-4.22095903903022,1.38555417491681,96.064612871625,TRUE,NA
"r",89.45,-7.09854635872558,-4.99354594586209,-4.22237774073778,1.38552836075785,96.114360415553,TRUE,NA
"r",89.5,-7.10030585768787,-4.9949891266753,-4.22381577462621,1.38549147246298,96.1643432727166,TRUE,NA
"r",89.55,-7.10204972148131,-4.99641420487935,-4.22523557698046,1.38546455270703,96.2141102533279,TRUE,NA
"r",89.6,-7.10380687537068,-4.9978551179831,-4.22667133690777,1.38542845609545,96.2640721225637,TRUE,NA
"r",89.65,-7.10555669652938,-4.99928766952332,-4.22809867859778,1.38539683055596,96.3139359675935,TRUE,NA
"r",89.7,-7.10730605975261,-5.00071992528085,-4.22952572760913,1.3853651269718,96.3637994269962,TRUE,NA
"r",89.75,-7.10905496542965,-5.00215188547532,-4.230952484158,1.38533334548702,96.4136625014999,TRUE,NA
"r",89.8,-7.11080341394886,-5.00358355032572,-4.23237894845995,1.38530148624545,96.4635251918268,TRUE,NA
"r",89.85,-7.11255140569827,-5.005014920051,-4.23380512073054,1.3852695493906,96.5133874987004,TRUE,NA
"r",89.9,-7.1142989410653,-5.0064459948698,-4.23523100118497,1.38523753506576,96.5632494228428,TRUE,NA
"r",89.95,-7.1160460204368,-5.00787677500039,-4.2366565900381,1.38520544341395,96.6131109649745,TRUE,NA
"r",90,-7.11779264419906,-5.00930726066082,-4.23808188750458,1.38517327457796,96.6629721258143,TRUE,NA
"r",90.05,-7.11953881273785,-5.01073745206876,-4.23950689379868,1.38514102870027,96.7128329060806,TRUE,NA
"r",90.1,-7.12128452643842,-5.0121673494418,-4.24093160913458,1.38510870592308,96.7626933064913,TRUE,NA
"r",90.15,-7.12302978568531,-5.01359695299683,-4.24235603372581,1.38507630638853,96.8125533277601,TRUE,NA
"r",90.2,-7.12477459086263,-5.01502626295084,-4.24378016778595,1.38504383023828,96.8624129706017,TRUE,NA
"r",90.25,-7.12651894235393,-5.01645527952042,-4.24520401152822,1.38501127761385,96.9122722357294,TRUE,NA
"r",90.3,-7.12826284054219,-5.01788400292179,-4.24662756516548,1.38497864865649,96.9621311238546,TRUE,NA
"r",90.35,-7.13000628580981,-5.01931243337092,-4.24805082891032,1.38494594350717,97.0119896356874,TRUE,NA
"r",90.4,-7.13174927853873,-5.02074057108351,-4.24947380297509,1.38491316230666,97.0618477719377,TRUE,NA
"r",90.45,-7.13349181911033,-5.02216841627507,-4.25089648757193,1.38488030519536,97.1117055333141,TRUE,NA
"r",90.5,-7.13523390790533,-5.02359596916063,-4.25231888291253,1.38484737231364,97.1615629205219,TRUE,NA
"r",90.55,-7.13697554530399,-5.02502322995497,-4.25374098920831,1.38481436380143,97.2114199342671,TRUE,NA
"r",90.6,-7.13871673168603,-5.02645019887274,-4.25516280667059,1.38478127979848,97.2612765752541,TRUE,NA
"r",90.65,-7.14045746743061,-5.02787687612816,-4.25658433551027,1.38474812044425,97.3111328441856,TRUE,NA
"r",90.7,-7.14219775291636,-5.02930326193528,-4.25800557593804,1.384714885878,97.3609887417636,TRUE,NA
"r",90.75,-7.14393758852138,-5.03072935650771,-4.25942652816421,1.38468157623875,97.4108442686887,TRUE,NA
"r",90.8,-7.14567697462319,-5.03215516005885,-4.26084719239885,1.38464819166524,97.4606994256601,TRUE,NA
"r",90.85,-7.1474159115988,-5.03358067280192,-4.26226756885186,1.38461473229593,97.5105542133757,TRUE,NA
"r",90.9,-7.14915439982468,-5.03500589494973,-4.26368765773277,1.38458119826913,97.5604086325327,TRUE,NA
"r",90.95,-7.15089243967678,-5.03643082671477,-4.26510745925074,1.38454758972281,97.6102626838265,TRUE,NA
"r",91,-7.15263003153048,-5.03785546830946,-4.2665269736149,1.38451390679478,97.6601163679517,TRUE,NA
"r",91.05,-7.15436717576064,-5.03927981994575,-4.2679462010339,1.3844801496225,97.7099696856013,TRUE,NA
"r",91.1,-7.15610387274162,-5.04070388183533,-4.26936514171616,1.38444631834331,97.7598226374676,TRUE,NA
"r",91.15,-7.15784012284719,-5.04212765418965,-4.27078379586984,1.38441241309419,97.8096752242411,TRUE,NA
"r",91.2,-7.15957592645059,-5.04355113721987,-4.27220216370283,1.384378434012,97.8595274466109,TRUE,NA
"r",91.25,-7.16131128392467,-5.04497433113691,-4.27362024542276,1.38434438123321,97.9093793052668,TRUE,NA
"r",91.3,-7.16304619564156,-5.0463972361514,-4.27503804123701,1.38431025489416,97.959230800895,TRUE,NA
"r",91.35,-7.16478066197295,-5.04781985247368,-4.27645555135265,1.38427605513088,98.0090819341816,TRUE,NA
"r",91.4,-7.16651468329001,-5.04924218031367,-4.27787277597635,1.38424178207929,98.0589327058113,TRUE,NA
"r",91.45,-7.16824825996334,-5.05066421988133,-4.27928971531481,1.38420743587485,98.1087831164674,TRUE,NA
"r",91.5,-7.16998139236309,-5.05208597138601,-4.28070636957415,1.384173016653,98.1586331668329,TRUE,NA
"r",91.55,-7.17171408085883,-5.05350743503696,-4.28212273896038,1.38413852454883,98.2084828575887,TRUE,NA
"r",91.6,-7.17344632581959,-5.05492861104321,-4.28353882367928,1.38410395969715,98.2583321894146,TRUE,NA
"r",91.65,-7.17517812761396,-5.05634949961339,-4.28495462393624,1.38406932223264,98.3081811629897,TRUE,NA
"r",91.7,-7.17690948660992,-5.05777010095591,-4.28637013993649,1.38403461228965,98.3580297789914,TRUE,NA
"r",91.75,-7.178640403175,-5.0591904152789,-4.28778537188489,1.38399983000239,98.4078780380965,TRUE,NA
"r",91.8,-7.18037087767618,-5.06061044279019,-4.28920031998608,1.38396497550475,98.4577259409801,TRUE,NA
"r",91.85,-7.18210091047988,-5.06203018369743,-4.29061498444451,1.38393004893033,98.507573488316,TRUE,NA
"r",91.9,-7.18383050195211,-5.06344963820782,-4.29202936546416,1.38389505041272,98.5574206807776,TRUE,NA
"r",91.95,-7.18555965245826,-5.06486880652855,-4.293443463249,1.38385998008499,98.6072675190361,TRUE,NA
"r",92,-7.18728836236328,-5.06628768886622,-4.29485727800248,1.38382483808024,98.6571140037627,TRUE,NA
"r",92.05,-7.18901663203156,-5.06770628542744,-4.296270809928,1.38378962453112,98.7069601356264,TRUE,NA
"r",92.1,-7.19074446182682,-5.0691245964182,-4.29768405922836,1.38375433957029,98.7568059152931,TRUE,NA
"r",92.15,-7.19247185211283,-5.07054262204496,-4.29909702610685,1.38371898332974,98.8066513434354,TRUE,NA
"r",92.2,-7.19419880325224,-5.07196036251311,-4.30050971076568,1.38368355594165,98.856496420716,TRUE,NA
"r",92.25,-7.19592531560751,-5.07337781802813,-4.30192211340717,1.38364805753782,98.906341147801,TRUE,NA
"r",92.3,-7.19765138954031,-5.07479498879506,-4.30333423423317,1.38361248824991,98.9561855253516,TRUE,NA
"r",92.35,-7.19937702541205,-5.07621187501884,-4.30474607344549,1.3835768482092,99.0060295540309,TRUE,NA
"r",92.4,-7.20110222358364,-5.07762847690405,-4.30615763124555,1.38354113754685,99.0558732345013,TRUE,NA
"r",92.45,-7.20282698441537,-5.07904479465517,-4.30756890783467,1.38350535639364,99.1057165674223,TRUE,NA
"r",92.5,-7.20455130826711,-5.08046082847621,-4.3089799034137,1.38346950488034,99.1555595534534,TRUE,NA
"r",92.55,-7.20627519549815,-5.08187657857102,-4.31039061818341,1.38343358313728,99.2054021932519,TRUE,NA
"r",92.6,-7.20799864646733,-5.08329204514317,-4.31180105234417,1.38339759129468,99.2552444874748,TRUE,NA
"r",92.65,-7.20972166153299,-5.0847072283959,-4.31321120609611,1.38336152948257,99.3050864367781,TRUE,NA
"r",92.7,-7.21143564489227,-5.08611205910854,-4.31461093774011,1.38333106157571,99.3548040703902,TRUE,NA
"r",92.75,-7.21316638538451,-5.08753674575503,-4.31603067317301,1.38328919646837,99.404769303241,TRUE,NA
"r",92.8,-7.21488239073399,-5.08894439883835,-4.31743325741075,1.38325667835181,99.4545279187497,TRUE,NA
"r",92.85,-7.21660168661461,-5.09035613290391,-4.31883995694581,1.3832216272891,99.5043399129698,TRUE,NA
"r",92.9,-7.21833021081468,-5.09177890196541,-4.32025777571164,1.38318017541153,99.5542910323599,TRUE,NA
"r",92.95,-7.2200442880786,-5.09318497577762,-4.32165878416615,1.38314784532216,99.6040395294971,TRUE,NA
"r",93,-7.2217705916882,-5.09460559524343,-4.32307444767332,1.38310714851957,99.6539704789725,TRUE,NA
"r",93.05,-7.22348339302514,-5.09601062627689,-4.32447441573514,1.38307495547941,99.7037123376397,TRUE,NA
"r",93.1,-7.22520924034175,-5.09743116171111,-4.32589000436765,1.38303384587549,99.7536485667199,TRUE,NA
"r",93.15,-7.22692054563324,-5.09883489138173,-4.32728867158281,1.38300192750137,99.8033805822348,TRUE,NA
"r",93.2,-7.22864615960428,-5.10025560297501,-4.32870444737652,1.38296026850185,99.8533253007618,TRUE,NA
"r",93.25,-7.23036397159579,-5.10166740215643,-4.3301112517421,1.38292337711002,99.9031631617505,TRUE,NA
"r",93.3,-7.23208135229677,-5.10307892063736,-4.33151777827756,1.3828864174177,99.9530006862387,TRUE,NA
"r",93.35,-7.23379275313872,-5.10448366078824,-4.33291748290707,1.38285310068521,100.002757601753,TRUE,NA
"r",93.4,-7.23551482123259,-5.10590111629658,-4.33432999864469,1.38281229363834,100.052674728276,TRUE,NA
"r",93.45,-7.23723091016867,-5.10731179387324,-4.33573569286863,1.38277512980436,100.102511247101,TRUE,NA
"r",93.5,-7.23894656921701,-5.10872219154649,-4.33714111004729,1.38273789817584,100.152347431979,TRUE,NA
"r",93.55,-7.24066179872705,-5.11013230951501,-4.33854625037633,1.38270059887865,100.202183283545,TRUE,NA
"r",93.6,-7.24237659904777,-5.11154214797723,-4.33995111405113,1.38266323203851,100.252018802435,TRUE,NA
"r",93.65,-7.24409097052768,-5.11295170713103,-4.34135570126655,1.38262579778098,100.301853989281,TRUE,NA
"r",93.7,-7.2458049135148,-5.11436098717451,-4.34276001221765,1.38258829623128,100.351688844715,TRUE,NA
"r",93.75,-7.24751842835667,-5.11576998830515,-4.34416404709888,1.38255072751451,100.401523369369,TRUE,NA
"r",93.8,-7.24923151540035,-5.11717871072027,-4.34556780610457,1.38251309175553,100.451357563874,TRUE,NA
"r",93.85,-7.2509441749924,-5.1185871546171,-4.34697128942889,1.38247538907889,100.501191428856,TRUE,NA
"r",93.9,-7.25265640747896,-5.11999532019237,-4.34837449726559,1.3824376196091,100.551024964946,TRUE,NA
"r",93.95,-7.25436821320563,-5.12140320764264,-4.34977742980824,1.3823997834703,100.600858172768,TRUE,NA
"r",94,-7.25607959251757,-5.12281081716436,-4.35118008725025,1.38236188078647,100.65069105295,TRUE,NA
"r",94.05,-7.25779054575947,-5.12421814895353,-4.35258246978465,1.38232391168142,100.700523606116,TRUE,NA
"r",94.1,-7.25950107327551,-5.12562520320606,-4.35398457760436,1.38228587627865,100.750355832888,TRUE,NA
"r",94.15,-7.26121117540943,-5.12703198011739,-4.35538641090182,1.38224777470154,100.800187733891,TRUE,NA
"r",94.2,-7.26292085250448,-5.1284384798831,-4.35678796986962,1.38220960707314,100.850019309744,TRUE,NA
"r",94.25,-7.26463010490347,-5.12984470269808,-4.35818925469969,1.38217137351647,100.89985056107,TRUE,NA
"r",94.3,-7.26633893294869,-5.13125064875723,-4.35959026558396,1.38213307415415,100.949681488486,TRUE,NA
"r",94.35,-7.26804733698199,-5.13265631825518,-4.36099100271409,1.38209470910865,100.999512092611,TRUE,NA
"r",94.4,-7.26975531734475,-5.13406171138618,-4.36239146628135,1.38205627850229,101.049342374062,TRUE,NA
"r",94.45,-7.27146287437789,-5.13546682834445,-4.36379165647702,1.38201778245709,101.099172333456,TRUE,NA
"r",94.5,-7.27317000842185,-5.13687166932369,-4.36519157349183,1.38197922109496,101.149001971407,TRUE,NA
"r",94.55,-7.2748767198166,-5.13827623451766,-4.3665912175166,1.38194059453746,101.19883128853,TRUE,NA
"r",94.6,-7.27658300890165,-5.13968052411961,-4.36799058874165,1.38190190290605,101.248660285436,TRUE,NA
"r",94.65,-7.27828887601606,-5.1410845383227,-4.36938968735716,1.38186314632196,101.298488962739,TRUE,NA
"r",94.7,-7.2799943214984,-5.14248827731979,-4.37078851355308,1.38182432490617,101.348317321049,TRUE,NA
"r",94.75,-7.28168909065848,-5.14387974100541,-4.37217498242069,1.38179216221798,101.397996026684,TRUE,NA
"r",94.8,-7.28340394891896,-5.14529493046614,-4.37358534944457,1.38174648806258,101.447973083128,TRUE,NA
"r",94.85,-7.28510813153199,-5.14669784499994,-4.37498335951885,1.3817074728757,101.497800488113,TRUE,NA
"r",94.9,-7.28680664697582,-5.1480943457093,-4.37637491520842,1.38167182921616,101.547551117404,TRUE,NA
"r",94.95,-7.2885152362474,-5.14950285094818,-4.37777856486924,1.3816292495727,101.597454349011,TRUE,NA
"r",95,-7.29020680548244,-5.15089165857432,-4.37916238279365,1.38159758142943,101.647115281454,TRUE,NA
"r",95.05,-7.29192066252144,-5.15230676068049,-4.38057268507922,1.38155076982946,101.697106948507,TRUE,NA
"r",95.1,-7.29361357747602,-5.15369757653226,-4.38195853488999,1.38151759472891,101.74679902861,TRUE,NA
"r",95.15,-7.29532441303523,-5.15510957572514,-4.38336572165384,1.38147203460155,101.796758291428,TRUE,NA
"r",95.2,-7.29702566071787,-5.15651057321618,-4.38476183404725,1.38143257147855,101.846583493175,TRUE,NA
"r",95.25,-7.29872649046259,-5.15791129760666,-4.38615767609449,1.38139304484128,101.89640838258,TRUE,NA
"r",95.3,-7.30042690260246,-5.15931174908657,-4.38755324798269,1.38135345480822,101.946232960242,TRUE,NA
"r",95.35,-7.3021268974701,-5.16071192784563,-4.38894854989867,1.38131380149768,101.996057226756,TRUE,NA
"r",95.4,-7.30382647539775,-5.16211183407332,-4.39034358202903,1.38127408502784,102.045881182721,TRUE,NA
"r",95.45,-7.30552563671711,-5.16351146795892,-4.39173834456023,1.38123430551653,102.095704828731,TRUE,NA
"r",95.5,-7.30722438175948,-5.16491082969136,-4.39313283767828,1.38119446308158,102.14552816538,TRUE,NA
"r",95.55,-7.30892271085576,-5.16630991945941,-4.39452706156911,1.38115455784042,102.195351193263,TRUE,NA
"r",95.6,-7.31062062433628,-5.16770873745174,-4.39592101641854,1.38111458991032,102.245173912971,TRUE,NA
"r",95.65,-7.312318122531,-5.16910728385644,-4.39731470241179,1.38107455940849,102.294996325095,TRUE,NA
"r",95.7,-7.31401520576943,-5.17050555886177,-4.39870811973429,1.38103446645175,102.344818430226,TRUE,NA
"r",95.75,-7.31571187438066,-5.17190356265537,-4.40010126857081,1.3809943111569,102.394640228954,TRUE,NA
"r",95.8,-7.31740812869326,-5.17330129542488,-4.40149414910619,1.38095409364039,102.444461721866,TRUE,NA
"r",95.85,-7.31910396903541,-5.17469875735771,-4.40288676152499,1.38091381401848,102.49428290955,TRUE,NA
"r",95.9,-7.32079939573486,-5.17609594864095,-4.40427910601144,1.38087347240737,102.544103792592,TRUE,NA
"r",95.95,-7.32249440911887,-5.17749286946146,-4.40567118274963,1.38083306892289,102.593924371577,TRUE,NA
"r",96,-7.32418900951431,-5.17888952000584,-4.4070629919233,1.38079260368082,102.64374464709,TRUE,NA
"r",96.05,-7.32588319724757,-5.18028590046057,-4.4084545337161,1.38075207679664,102.693564619714,TRUE,NA
"r",96.1,-7.32757697264462,-5.18168201101189,-4.40984580831149,1.38071148838563,102.743384290032,TRUE,NA
"r",96.15,-7.32927033603097,-5.18307785184564,-4.41123681589248,1.38067083856293,102.793203658624,TRUE,NA
"r",96.2,-7.33096328773174,-5.18447342314756,-4.41262755664201,1.38063012744349,102.843022726071,TRUE,NA
"r",96.25,-7.33265582807157,-5.18586872510316,-4.41401803074279,1.380589355142,102.892841492952,TRUE,NA
"r",96.3,-7.33434795737468,-5.18726375789769,-4.41540823837729,1.380548521773,102.942659959846,TRUE,NA
"r",96.35,-7.33603967596484,-5.18865852171616,-4.41679817972769,1.38050762745079,102.99247812733,TRUE,NA
"r",96.4,-7.3377309841654,-5.19005301674338,-4.41818785497605,1.38046667228954,103.042295995981,TRUE,NA
"r",96.45,-7.33942188229929,-5.19144724316383,-4.41957726430405,1.38042565640319,103.092113566374,TRUE,NA
"r",96.5,-7.34111237068898,-5.19284120116201,-4.4209664078934,1.38038457990547,103.141930839083,TRUE,NA
"r",96.55,-7.34280244965647,-5.19423489092175,-4.42235528592517,1.38034344291005,103.191747814681,TRUE,NA
"r",96.6,-7.34449211952346,-5.19562831262725,-4.4237438985808,1.38030224553005,103.241564493742,TRUE,NA
"r",96.65,-7.34618138061111,-5.19702146646191,-4.42513224604088,1.38026098787883,103.291380876837,TRUE,NA
"r",96.7,-7.34787023324017,-5.19841435260932,-4.42652032848628,1.38021967006923,103.341196964537,TRUE,NA
"r",96.75,-7.34955867773098,-5.19980697125256,-4.4279081460973,1.38017829221414,103.391012757411,TRUE,NA
"r",96.8,-7.35124671440343,-5.2011993225746,-4.42929569905417,1.38013685442609,103.440828256027,TRUE,NA
"r",96.85,-7.352934343577,-5.20259140675824,-4.43068298753692,1.38009535681746,103.490643460954,TRUE,NA
"r",96.9,-7.35462156557075,-5.20398322398587,-4.43207001172522,1.38005379950053,103.540458372758,TRUE,NA
"r",96.95,-7.35630838070326,-5.20537477443991,-4.43345677179873,1.3800121825872,103.590272992005,TRUE,NA
"r",97,-7.35799478929296,-5.20676605830257,-4.43484326793692,1.37997050618924,103.640087319262,TRUE,NA
"r",97.05,-7.35968079165725,-5.20815707575526,-4.43622950031847,1.37992877041855,103.689901355089,TRUE,NA
"r",97.1,-7.36136638811365,-5.20954782697981,-4.43761546912248,1.3798869753864,103.739715100049,TRUE,NA
"r",97.15,-7.36305157897911,-5.21093831215757,-4.43900117452758,1.37984512120409,103.789528554707,TRUE,NA
"r",97.2,-7.3647363645701,-5.21232853146973,-4.44038661671224,1.37980320798265,103.839341719621,TRUE,NA
"r",97.25,-7.36642074520295,-5.21371848509746,-4.44177179585492,1.37976123583296,103.889154595356,TRUE,NA
"r",97.3,-7.36810472119278,-5.21510817322084,-4.44315671213295,1.37971920486573,103.938967182463,TRUE,NA
"r",97.35,-7.36978829285524,-5.21649759602096,-4.44454136572474,1.37967711519138,103.988779481506,TRUE,NA
"r",97.4,-7.371471460505,-5.21788675367764,-4.4459257568074,1.37963496692034,104.03859149304,TRUE,NA
"r",97.45,-7.37315422445664,-5.21927564637134,-4.4473098855587,1.37959276016265,104.088403217623,TRUE,NA
"r",97.5,-7.37483658502405,-5.22066427428173,-4.44869375215558,1.37955049502826,104.138214655809,TRUE,NA
"r",97.55,-7.37651854252082,-5.22205263758831,-4.45007735677489,1.37950817162697,104.188025808153,TRUE,NA
"r",97.6,-7.37820009726009,-5.22344073647059,-4.45146069959342,1.37946579006827,104.237836675209,TRUE,NA
"r",97.65,-7.37988124955463,-5.22482857110763,-4.45284378078755,1.37942335046161,104.287647257528,TRUE,NA
"r",97.7,-7.38156199971676,-5.22621614167846,-4.45422660053364,1.37938085291612,104.337457555663,TRUE,NA
"r",97.75,-7.38324234805834,-5.22760344836165,-4.45560915900756,1.37933829754094,104.387267570162,TRUE,NA
"r",97.8,-7.38492229489102,-5.22899049133586,-4.45699145638533,1.37929568444473,104.437077301578,TRUE,NA
"r",97.85,-7.38660184052581,-5.23037727077941,-4.45837349284258,1.37925301373617,104.486886750459,TRUE,NA
"r",97.9,-7.38828098527342,-5.23176378687019,-4.45975526855454,1.37921028552376,104.536695917353,TRUE,NA
"r",97.95,-7.38995972944413,-5.23315003978623,-4.46113678369657,1.37916749991573,104.586504802806,TRUE,NA
"r",98,-7.39163807334779,-5.23453602970502,-4.46251803844352,1.37912465702022,104.636313407365,TRUE,NA
"r",98.05,-7.39331601729386,-5.23592175680405,-4.46389903297022,1.37908175694513,104.686121731574,TRUE,NA
"r",98.1,-7.39499356159138,-5.23730722126047,-4.46527976745116,1.37903879979812,104.735929775978,TRUE,NA
"r",98.15,-7.396670706549,-5.23869242325123,-4.46666024206067,1.37899578568682,104.78573754112,TRUE,NA
"r",98.2,-7.39834745247495,-5.24007736295323,-4.46804045697296,1.37895271471852,104.835545027543,TRUE,NA
"r",98.25,-7.40002379967709,-5.2414620405428,-4.46942041236177,1.37890958700047,104.885352235787,TRUE,NA
"r",98.3,-7.40169974846281,-5.24284645619643,-4.47080010840094,1.37886640263963,104.935159166394,TRUE,NA
"r",98.35,-7.40337529913914,-5.24423061009017,-4.47217954526391,1.37882316174281,104.984965819904,TRUE,NA
"r",98.4,-7.40505045201271,-5.2456145024,-4.47355872312399,1.37877986441668,105.034772196854,TRUE,NA
"r",98.45,-7.40672520738973,-5.24699813330149,-4.47493764215416,1.37873651076766,105.084578297782,TRUE,NA
"r",98.5,-7.40839956557602,-5.24838150297015,-4.47631630252732,1.37869310090208,105.134384123227,TRUE,NA
"r",98.55,-7.41007352687698,-5.24976461158129,-4.47769470441612,1.378649634926,105.184189673723,TRUE,NA
"r",98.6,-7.41174709159763,-5.25114745930994,-4.47907284799304,1.37860611294535,105.233994949806,TRUE,NA
"r",98.65,-7.41342026004258,-5.25253004633084,-4.48045073343018,1.3785625350659,105.28379995201,TRUE,NA
"r",98.7,-7.41509303251605,-5.25391237281874,-4.48182836089969,1.37851890139317,105.333604680868,TRUE,NA
"r",98.75,-7.41676540932186,-5.25529443894798,-4.48320573057331,1.37847521203258,105.383409136913,TRUE,NA
"r",98.8,-7.41843739076343,-5.25667624489269,-4.48458284262259,1.37843146708937,105.433213320677,TRUE,NA
"r",98.85,-7.42010897714375,-5.25805779082703,-4.48595969721908,1.37838766666849,105.483017232689,TRUE,NA
"r",98.9,-7.42178016876549,-5.25943907692464,-4.48733629453383,1.37834381087489,105.532820873481,TRUE,NA
"r",98.95,-7.42345096593085,-5.26082010335908,-4.48871263473785,1.37829989981317,105.58262424358,TRUE,NA
"r",99,-7.42512136894174,-5.26220087030386,-4.49008871800203,1.37825593358787,105.632427343515,TRUE,NA
"r",99.05,-7.42679137809948,-5.26358137793186,-4.49146454449671,1.37821191230337,105.682230173813,TRUE,NA
"r",99.1,-7.42846099370517,-5.26496162641621,-4.49284011439243,1.37816783606373,105.732032734999,TRUE,NA
"r",99.15,-7.43013021605949,-5.26634161592958,-4.49421542785927,1.37812370497303,105.7818350276,TRUE,NA
"r",99.2,-7.43179904546267,-5.2677213466445,-4.49559048506724,1.37807951913497,105.83163705214,TRUE,NA
"r",99.25,-7.43346748221462,-5.26910081873321,-4.496965286186,1.37803527865327,105.881438809142,TRUE,NA
"r",99.3,-7.43513552661481,-5.27048003236787,-4.49833983138514,1.37799098363137,105.93124029913,TRUE,NA
"r",99.35,-7.43680317896231,-5.2718589877204,-4.49971412083404,1.3779466341725,105.981041522624,TRUE,NA
"r",99.4,-7.43847043955586,-5.27323768496243,-4.50108815470178,1.37790223037983,106.030842480146,TRUE,NA
"r",99.45,-7.44013730869375,-5.27461612426545,-4.5024619331573,1.37785777235626,106.080643172217,TRUE,NA
"r",99.5,-7.44180378667394,-5.2759943058007,-4.50383545636931,1.37781326020461,106.130443599355,TRUE,NA
"r",99.55,-7.44346987379396,-5.27737222973925,-4.50520872450633,1.37776869402745,106.180243762078,TRUE,NA
"r",99.6,-7.44513557035093,-5.27874989625203,-4.50658173773676,1.37772407392714,106.230043660905,TRUE,NA
"r",99.65,-7.44680087664168,-5.28012730550966,-4.50795449622868,1.37767940000602,106.279843296351,TRUE,NA
"r",99.7,-7.44846579296255,-5.28150445768255,-4.50932700014999,1.37763467236608,106.329642668933,TRUE,NA
"r",99.75,-7.45013031960959,-5.2828813529409,-4.51069924966836,1.37758989110937,106.379441779166,TRUE,NA
"r",99.8,-7.45179445687837,-5.28425799145486,-4.51207124495142,1.3775450563375,106.429240627563,TRUE,NA
"r",99.85,-7.45345820506415,-5.28563437339423,-4.51344298616646,1.37750016815206,106.479039214638,TRUE,NA
"r",99.9,-7.45512156446179,-5.28701049892854,-4.51481447348049,1.37745522665451,106.528837540903,TRUE,NA
"r",99.95,-7.45678453536576,-5.28838636822737,-4.51618570706057,1.37741023194601,106.57863560687,TRUE,NA
"r",100,-7.45844711807015,-5.2897619814599,-4.51755668707339,1.37736518412767,106.628433413049,TRUE,NA
