"sweep_param","sweep_value","xL","xk","xl","xU","gamma","converged","error_msg"
"sigma",0.1,-1.15514849777814,-0.802003414167884,-0.163755238617862,0.321482328523907,1.9343680519191,TRUE,NA
"sigma",0.11,-1.15824209056553,-0.808606866783058,-0.168794623293168,0.321299964307258,1.95152474035761,TRUE,NA
"sigma",0.12,-1.16137642489201,-0.815003698726155,-0.173673863869473,0.321231052039175,1.96879520029496,TRUE,NA
"sigma",0.13,-1.16455057488902,-0.821190161618556,-0.178394126007843,0.321272922174605,1.98617804147436,TRUE,NA
"sigma",0.14,-1.16776363546589,-0.827162794835954,-0.182956647579795,0.321422973667125,2.00367190831651,TRUE,NA
"sigma",0.15,-1.17101471675126,-0.832918453148054,-0.187362755336803,0.321678667924161,2.02127546684804,TRUE,NA
"sigma",0.16,-1.17430293868145,-0.838454335251464,-0.191613882361393,0.322037522762449,2.0389873917959,TRUE,NA
"sigma",0.17,-1.17762742580433,-0.843768012775628,-0.1957115858912,0.322497106442755,2.05680635400654,TRUE,NA
"sigma",0.18,-1.1809873023719,-0.848857459461451,-0.199657565071537,0.323055031859613,2.07473100836365,TRUE,NA
"sigma",0.19,-1.1843816878007,-0.853721081007706,-0.203453678151219,0.323708950971789,2.09275998239763,TRUE,NA
"sigma",0.2,-1.18780969259258,-0.858357748482013,-0.207101958559877,0.324456549568838,2.11089186581688,TRUE,NA
"sigma",0.21,-1.19127041483894,-0.862766842374984,-0.210604629147259,0.325295542502582,2.12912520127055,TRUE,NA
"sigma",0.22,-1.19476293749053,-0.866948317890296,-0.213964113597279,0.326223669566445,2.147458476801,TRUE,NA
"sigma",0.23,-1.19828632663171,-0.87090280035942,-0.217183043717144,0.327238692264156,2.16589012059252,TRUE,NA
"sigma",0.24,-1.20183963102704,-0.874631710272408,-0.220264261140813,0.328338391744566,2.18441849870721,TRUE,NA
"sigma",0.25,-1.20542188316157,-0.878137403350448,-0.223210812165611,0.329520568152436,2.20304191640478,TRUE,NA
"sigma",0.26,-1.20903210185746,-0.881423299420852,-0.226025935031398,0.330783041540639,2.22175862332188,TRUE,NA
"sigma",0.27,-1.2126692963676,-0.884493970702558,-0.228713039835823,0.332123654353098,2.2405668223527,TRUE,NA
"sigma",0.28,-1.2163324716578,-0.887355166757656,-0.231275682191623,0.333540275349911,2.25946468160917,TRUE,NA
"sigma",0.29,-1.22002063446061,-0.890013766437361,-0.23371753243466,0.335030804759282,2.27845034850968,TRUE,NA
"sigma",0.3,-1.22373279963887,-0.892477661306681,-0.236042342534527,0.33659318041477,2.29752196491199,TRUE,NA
"sigma",0.31,-1.22746799642303,-0.894755585866675,-0.238253912827498,0.338225384645798,2.31667768224277,TRUE,NA
"sigma",0.32,-1.2312252741772,-0.896856915401386,-0.240356060379408,0.339925451720524,2.33591567577265,TRUE,NA
"sigma",0.33,-1.2350037074604,-0.898791452655942,-0.24235259031869,0.341691475660957,2.35523415744095,TRUE,NA
"sigma",0.34,-1.23880240025551,-0.900569221318687,-0.24424727096522,0.343521618217413,2.37463138687882,TRUE,NA
"sigma",0.35,-1.24262048934025,-0.902200279300391,-0.246043813138124,0.345414116800953,2.39410568052821,TRUE,NA
"sigma",0.36,-1.24645714683139,-0.903694559545981,-0.247745853643506,0.347367292073711,2.41365541888705,TRUE,NA
"sigma",0.37,-1.2503115819844,-0.905061741592009,-0.249356942713292,0.349379554905203,2.43327905204434,TRUE,NA
"sigma",0.38,-1.25418304233826,-0.906311153658374,-0.250880534977214,0.351449412356032,2.45297510368887,TRUE,NA
"sigma",0.39,-1.25807081431785,-0.907451702849569,-0.252319983512165,0.353575472386634,2.47274217383837,TRUE,NA
"sigma",0.4,-1.26197422337577,-0.90849182977898,-0.253678536450855,0.355756447007533,2.49257894046488,TRUE,NA
"sigma",0.41,-1.26589263376334,-0.909439483478813,-0.254959335685422,0.357991153675567,2.51248416021627,TRUE,NA
"sigma",0.42,-1.26982544799262,-0.910302112478114,-0.256165417215475,0.360278514813263,2.53245666836965,TRUE,NA
"sigma",0.43,-1.27377210606356,-0.911086668303732,-0.25729971278245,0.362617555447967,2.5524953781856,TRUE,NA
"sigma",0.44,-1.2777320844714,-0.911799618097354,-0.258365052402378,0.365007399013456,2.57259927968764,TRUE,NA
"sigma",0.45,-1.28170489504974,-0.912446963644203,-0.25936416759262,0.36744726148838,2.59276743799448,TRUE,NA
"sigma",0.46,-1.28569008371029,-0.913034264651078,-0.260299695019083,0.369936444126207,2.61299899135097,TRUE,NA
"sigma",0.47,-1.28968722897469,-0.913566664395889,-0.261174180342144,0.372474324922525,2.63329314858043,TRUE,NA
"sigma",0.48,-1.29369594057587,-0.914048916741949,-0.261990082408582,0.375060349374598,2.65364918666248,TRUE,NA
"sigma",0.49,-1.29771585820908,-0.914485413617501,-0.262749776668573,0.377694020911773,2.67406644864733,TRUE,NA
"sigma",0.5,NA,NA,NA,NA,NA,FALSE,"S1: |a_{i,1}|≈0 detected. Use the cubic (Remark 1) branch for p_i(x)."
"sigma",0.51,-1.30578800536689,-0.915237051616932,-0.264109654351749,0.383102542850913,2.71508231496005,TRUE,NA
"sigma",0.52,-1.30983964687322,-0.915559398212829,-0.264714207829681,0.385876596593697,2.73567990052095,TRUE,NA
"sigma",0.53,-1.31390131498838,-0.915850447461067,-0.265271302561771,0.388696685017478,2.75633666552819,TRUE,NA
"sigma",0.54,-1.31797277215857,-0.916113154514877,-0.265782954183152,0.391562451452926,2.77705222815135,TRUE,NA
"sigma",0.55,-1.3220538008177,-0.916350253051559,-0.266251116011294,0.394473541532621,2.79782625225653,TRUE,NA
"sigma",0.56,-1.32614420163219,-0.916564273272153,-0.266677681541798,0.397429596210507,2.81865844352269,TRUE,NA
"sigma",0.57,-1.33024379188558,-0.916757558513872,-0.267064486878309,0.400430245834689,2.83954854585012,TRUE,NA
"sigma",0.58,-1.33435240406696,-0.916932280620042,-0.267413312974883,0.403475105344722,2.86049633823927,TRUE,NA
"sigma",0.59,-1.33846988443162,-0.91709045387208,-0.267725887558745,0.406563770335161,2.8815016315304,TRUE,NA
"sigma",0.6,-1.34259609170414,-0.91723394777662,-0.268003887015729,0.409695814107461,2.90256426545922,TRUE,NA
"sigma",0.61,-1.34673089581655,-0.917364498671696,-0.268248938029689,0.41287078553714,2.92368410574684,TRUE,NA
"sigma",0.62,-1.35087417674092,-0.917483720314949,-0.268462619108604,0.416088207736295,2.94486104138546,TRUE,NA
"sigma",0.63,-1.35502582340012,-0.917593113524358,-0.268646461974768,0.419347577410423,2.96609498208112,TRUE,NA
"sigma",0.64,-1.35918573265228,-0.91769407495214,-0.26880195282918,0.422648364815419,2.9873858558455,TRUE,NA
"sigma",0.65,-1.36335380835751,-0.917787905082759,-0.268930533536324,0.42599001423391,3.00873360676285,TRUE,NA
"sigma",0.66,-1.36752996051552,-0.917875815518387,-0.269033602709272,0.429371944876305,3.0301381929075,TRUE,NA
"sigma",0.67,-1.37171410447586,-0.917958935623295,-0.269112516723792,0.432793552124392,3.05159958441795,TRUE,NA
"sigma",0.68,-1.37590616021447,-0.918038318585664,-0.269168590671288,0.436254209041596,3.07311776171605,TRUE,NA
"sigma",0.69,-1.38010605167564,-0.91811494695522,-0.269203099259128,0.43975326808051,3.09469271387166,TRUE,NA
"sigma",0.7,-1.38431370617252,-0.918189737703198,-0.269217277665141,0.443290062924887,3.11632443709704,TRUE,NA
"sigma",0.71,-1.38852905384331,-0.918263546851411,-0.26921232235608,0.446863910413891,3.13801293336693,TRUE,NA
"sigma",0.72,-1.39275202715844,-0.918337173710221,-0.269189391875159,0.450474112501979,3.15975820915389,TRUE,NA
"sigma",0.73,-1.39698256047599,-0.918411364763495,-0.269149607605858,0.454119958219763,3.18156027427399,TRUE,NA
"sigma",0.74,-1.40122058964055,-0.918486817232519,-0.269094054516036,0.457800725602815,3.20341914083257,TRUE,NA
"sigma",0.75,-1.40546605162127,-0.918564182347581,-0.269023781884807,0.461515683565439,3.22533482225986,TRUE,NA
"sigma",0.76,-1.40971888418825,-0.918644068357396,-0.268939804018941,0.465264093702899,3.24730733243696,TRUE,NA
"sigma",0.77,-1.41397902562112,-0.918727043296685,-0.268843100958336,0.46904521200619,3.26933668489646,TRUE,NA
"sigma",0.78,-1.41824641444948,-0.918813637536962,-0.268734619174842,0.472858290483089,3.29142289209883,TRUE,NA
"sigma",0.79,-1.42252098922104,-0.918904346138421,-0.268615272265853,0.476702578678798,3.31356596477442,TRUE,NA
"sigma",0.8,-1.42680268829597,-0.918999631021894,-0.268485941643558,0.48057732509402,3.33576591132866,TRUE,NA
"sigma",0.81,-1.43109144966504,-0.919099922976595,-0.268347477221696,0.484481778500524,3.35802273730443,TRUE,NA
"sigma",0.82,-1.43538721078944,-0.919205623518454,-0.268200698100146,0.488415189155827,3.38033644489795,TRUE,NA
"sigma",0.83,-1.43968990846108,-0.919317106612569,-0.268046393248401,0.492376809920126,3.40270703252475,TRUE,NA
"sigma",0.84,-1.44399947868105,-0.919434720271317,-0.267885322187098,0.496365897278967,3.42513449443126,TRUE,NA
"sigma",0.85,-1.44831585655574,-0.919558788039875,-0.267718215669692,0.500381712277063,3.44761882035089,TRUE,NA
"sigma",0.86,-1.45263897620818,-0.919689610377982,-0.267545776362068,0.504423521367626,3.47015999519927,TRUE,NA
"sigma",0.87,-1.45696877070464,-0.919827465948056,-0.26736867952125,0.508490597182945,3.49275799880872,TRUE,NA
"sigma",0.88,-1.46130517199427,-0.919972612816761,-0.267187573672503,0.512582219230966,3.51541280569735,TRUE,NA
"sigma",0.89,-1.46564811086182,-0.920125289578455,-0.267003081285075,0.516697674523692,3.53812438487296,TRUE,NA
"sigma",0.9,-1.46999751689141,-0.920285716405992,-0.266815799444246,0.520836258141566,3.56089269966706,TRUE,NA
"sigma",0.91,-1.47435331844145,-0.920454096036005,-0.266626300521687,0.524997273739387,3.58371770759947,TRUE,NA
"sigma",0.92,-1.47871544262942,-0.92063061469365,-0.26643513284166,0.529180033997821,3.6065993602709,TRUE,NA
"sigma",0.93,-1.48308381532552,-0.920815442961467,-0.26624282134301,0.53338386102445,3.62953760328068,TRUE,NA
"sigma",0.94,-1.48745836115506,-0.921008736597597,-0.266049868236684,0.537608086708926,3.65253237617029,TRUE,NA
"sigma",0.95,-1.49183900350847,-0.921210637306831,-0.265856753657808,0.54185205303511,3.67558361238935,TRUE,NA
"sigma",0.96,-1.4962256645582,-0.921421273468137,-0.265663936311357,0.546115112353832,3.69869123928283,TRUE,NA
"sigma",0.97,-1.50061826528227,-0.921640760822446,-0.265471854111675,0.550396627619165,3.72185517809897,TRUE,NA
"sigma",0.98,-1.50501672549345,-0.92186920312311,-0.265280924814181,0.554695972590948,3.74507534401523,TRUE,NA
"sigma",0.99,-1.50942096387384,-0.92210669275229,-0.265091546639671,0.559012532006098,3.76835164618205,TRUE,NA
"sigma",1,-1.51383089801406,-0.922353311305299,-0.264904098889885,0.563345701720989,3.79168398778228,TRUE,NA
"sigma",1.01,-1.51824644445656,-0.922609130145284,-0.26471894255409,0.567694888826882,3.8150722661052,TRUE,NA
"sigma",1.02,-1.52266751874275,-0.92287421093041,-0.264536420906376,0.572059511740519,3.83851637263441,TRUE,NA
"sigma",1.03,-1.52709403546317,-0.923148606115007,-0.264356860092901,0.576439000271436,3.86201619314741,TRUE,NA
"sigma",1.04,-1.53152590831049,-0.923432359426649,-0.264180569708607,0.580832795667702,3.8855716078265,TRUE,NA
"sigma",1.05,-1.53596305013491,-0.923725506320685,-0.264007843363582,0.585240350641743,3.90918249137997,TRUE,NA
"sigma",1.06,-1.54040537300127,-0.92402807441317,-0.263838959237944,0.589661129377198,3.93284871317141,TRUE,NA
"sigma",1.07,-1.54485278824793,-0.924340083894013,-0.263674180625557,0.594094607518683,3.95657013735762,TRUE,NA
"sigma",1.08,-1.5493052065467,-0.924661547921025,-0.263513756465957,0.598540272145163,3.98034662303293,TRUE,NA
"sigma",1.09,-1.55376253796372,-0.924992472996186,-0.263357921864439,0.602997621728391,4.00417802437968,TRUE,NA
"sigma",1.1,-1.55822469202085,-0.925332859324917,-0.263206898600192,0.607466166077381,4.02806419082369,TRUE,NA
"sigma",1.11,-1.56269157775729,-0.925682701159265,-0.263060895621866,0.611945426269822,4.0520049671938,TRUE,NA
"sigma",1.12,-1.56716310379138,-0.92604198712599,-0.262920109531344,0.616434934571652,4.07600019388524,TRUE,NA
"sigma",1.13,-1.57163917838189,-0.9264107005399,-0.262784725054487,0.620934234345387,4.10004970702512,TRUE,NA
"sigma",1.14,-1.57611970948919,-0.926788819703648,-0.262654915500026,0.625442879948353,4.12415333864051,TRUE,NA
"sigma",1.15,-1.58060460483548,-0.927176318194108,-0.262530843205563,0.629960436621425,4.14831091682734,TRUE,NA
"sigma",1.16,-1.58509377196433,-0.927573165136293,-0.262412659971245,0.63448648036921,4.17252226592033,TRUE,NA
"sigma",1.17,-1.58958711829923,-0.927979325465263,-0.262300507481198,0.639020597832352,4.19678720666307,TRUE,NA
"sigma",1.18,-1.59408455120095,-0.928394760176485,-0.262194517712452,0.643562386152681,4.22110555637776,TRUE,NA
"sigma",1.19,-1.59858597802362,-0.928819426565152,-0.262094813331625,0.648111452831914,4.24547712913395,TRUE,NA
"sigma",1.2,-1.60309130616952,-0.929253278455092,-0.262001508079655,0.652667415584552,4.26990173591653,TRUE,NA
"sigma",1.21,-1.60760044314228,-0.92969626641738,-0.2619147071444,0.657229902185545,4.29437918479147,TRUE,NA
"sigma",1.22,-1.61211329659857,-0.930148337979386,-0.261834507521439,0.661798550313422,4.31890928107011,TRUE,NA
"sigma",1.23,-1.61662977439818,-0.930609437824487,-0.261760998363317,0.666373007389314,4.34349182747092,TRUE,NA
"sigma",1.24,-1.62114978465237,-0.93107950798279,-0.261694261317139,0.670952930412548,4.36812662427863,TRUE,NA
"sigma",1.25,-1.62567323577048,-0.931558488013331,-0.261634370851042,0.675537985793169,4.39281346950065,TRUE,NA
"sigma",1.26,-1.63020003650482,-0.932046315178058,-0.261581394569585,0.680127849182035,4.41755215902051,TRUE,NA
"sigma",1.27,-1.63473009599369,-0.932542924607789,-0.261535393518189,0.684722205298742,4.44234248674775,TRUE,NA
"sigma",1.28,-1.63926332380268,-0.933048249460724,-0.26149642247711,0.689320747758029,4.4671842447648,TRUE,NA
"sigma",1.29,-1.64379962996399,-0.933562221073486,-0.261464530244849,0.693923178894835,4.49207722346995,TRUE,NA
"sigma",1.3,-1.64833892501413,-0.934084769105279,-0.261439759911589,0.698529209588629,4.51702121171692,TRUE,NA
"sigma",1.31,-1.6528811200296,-0.934615821675219,-0.261422149122637,0.703138559087103,4.54201599695051,TRUE,NA
"sigma",1.32,-1.65742612666094,-0.935155305493216,-0.261411730332191,0.70775095482981,4.56706136533846,TRUE,NA
"sigma",1.33,-1.66197385716482,-0.935703145984654,-0.261408531047851,0.712366132271888,4.59215710189951,TRUE,NA
"sigma",1.34,-1.66652422443452,-0.936259267409021,-0.261412574065727,0.716983834708199,4.61730299062727,TRUE,NA
"sigma",1.35,-1.67107714202855,-0.936823592972897,-0.2614238776969,0.721603813098206,4.6424988146105,TRUE,NA
"sigma",1.36,-1.67563252419761,-0.937396044937337,-0.261442455985093,0.726225825891751,4.66774435614903,TRUE,NA
"sigma",1.37,-1.68019028590987,-0.937976544720039,-0.261468318915989,0.730849638856019,4.69303939686605,TRUE,NA
"sigma",1.38,-1.6847503428746,-0.938565012992373,-0.261501472618422,0.73547502490386,4.71838371781626,TRUE,NA
"sigma",1.39,-1.68931261156423,-0.939161369771578,-0.261541919557611,0.740101763923708,4.74377709959013,TRUE,NA
"sigma",1.4,-1.69387700923477,-0.939765534508253,-0.261589658720785,0.744729642611187,4.76921932241429,TRUE,NA
"sigma",1.41,-1.69844345394481,-0.940377426169397,-0.261644685795468,0.749358454302672,4.79471016624814,TRUE,NA
"sigma",1.42,-1.70301186457297,-0.940996963317113,-0.261706993340404,0.753987998810828,4.82024941087647,TRUE,NA
"sigma",1.43,-1.70758216083399,-0.941624064183237,-0.261776570949804,0.758618082262375,4.84583683599863,TRUE,NA
"sigma",1.44,-1.71215426329335,-0.942258646739955,-0.261853405410634,0.763248516938077,4.87147222131376,TRUE,NA
"sigma",1.45,-1.71672809338067,-0.942900628766703,-0.261937480853614,0.767879121115152,4.89715534660256,TRUE,NA
"sigma",1.46,-1.72130357340168,-0.9435499279134,-0.262028778897894,0.772509718912122,4.92288599180554,TRUE,NA
"sigma",1.47,-1.72588062654912,-0.944206461760238,-0.262127278789708,0.777140140136234,4.94866393709774,TRUE,NA
"sigma",1.48,-1.73045917691229,-0.944870147874117,-0.262232957535142,0.781770220133461,4.9744889629601,TRUE,NA
"sigma",1.49,-1.73503914948553,-0.945540903861951,-0.26234579002741,0.786399799641196,5.00036085024761,TRUE,NA
"sigma",1.5,-1.73962047017563,-0.946218647420913,-0.262465749168612,0.79102872464366,5.0262793802542,TRUE,NA
"sigma",1.51,-1.74420306580807,-0.946903296385732,-0.262592805986324,0.795656846230026,5.05224433477439,TRUE,NA
"sigma",1.52,-1.7487868641324,-0.947594768773305,-0.262726929745154,0.800284020455363,5.07825549616218,TRUE,NA
"sigma",1.53,-1.75337179382658,-0.948292982824584,-0.262868088053476,0.804910108204374,5.10431264738676,TRUE,NA
"sigma",1.54,-1.75795778450033,-0.948997857043926,-0.263016246965467,0.809534975057918,5.13041557208544,TRUE,NA
"sigma",1.55,-1.76254476669777,-0.949709310236079,-0.26317137107873,0.814158491162397,5.15656405461382,TRUE,NA
"sigma",1.56,-1.76713267189908,-0.950427261540796,-0.263333423627551,0.818780531101941,5.18275788009329,TRUE,NA
"sigma",1.57,-1.77172143252142,-0.95115163046528,-0.263502366572037,0.823400973773423,5.20899683445587,TRUE,NA
"sigma",1.58,-1.77631098191914,-0.951882336914513,-0.263678160683292,0.828019702264298,5.23528070448664,TRUE,NA
"sigma",1.59,-1.78090125438316,-0.952619301219577,-0.263860765624724,0.832636603733205,5.26160927786364,TRUE,NA
"sigma",1.6,-1.78549218513983,-0.953362444164067,-0.264050140029704,0.837251569293403,5.28798234319552,TRUE,NA
"sigma",1.61,-1.79008371034899,-0.954111687008677,-0.264246241575706,0.841864493898909,5.31439969005691,TRUE,NA
"sigma",1.62,-1.79467576710153,-0.954866951514056,-0.264449027055016,0.846475276233421,5.34086110902158,TRUE,NA
"sigma",1.63,-1.79926829341636,-0.955628159962003,-0.264658452442234,0.851083818601905,5.36736639169354,TRUE,NA
"sigma",1.64,-1.80386122823683,-0.956395235175103,-0.264874472958613,0.855690026824896,5.39391533073617,TRUE,NA
"sigma",1.65,-1.8084545114266,-0.957168100534821,-0.265097043133407,0.860293810135389,5.4205077198993,TRUE,NA
"sigma",1.66,-1.81304808376515,-0.957946679998253,-0.265326116862398,0.864895081078395,5.44714335404458,TRUE,NA
"sigma",1.67,-1.81764188694275,-0.958730898113432,-0.265561647463573,0.869493755413012,5.4738220291689,TRUE,NA
"sigma",1.68,-1.82223586355503,-0.959520680033407,-0.265803587730226,0.874089752017049,5.50054354242623,TRUE,NA
"sigma",1.69,-1.82682995709718,-0.960315951529083,-0.266051889981531,0.878682992794135,5.52730769214778,TRUE,NA
"sigma",1.7,-1.8314241119578,-0.961116639000885,-0.266306506110608,0.883273402583258,5.55411427786049,TRUE,NA
"sigma",1.71,-1.83601827341236,-0.961922669489337,-0.266567387630356,0.88786090907072,5.58096310030418,TRUE,NA
"sigma",1.72,-1.84061238761642,-0.962733970684586,-0.266834485716996,0.892445442704436,5.6078539614471,TRUE,NA
"sigma",1.73,-1.8452064015985,-0.963550470934943,-0.267107751251488,0.897026936610552,5.63478666450017,TRUE,NA
"sigma",1.74,-1.84980026325272,-0.964372099254468,-0.26738713485893,0.901605326512315,5.66176101392991,TRUE,NA
"sigma",1.75,-1.85439392133116,-0.965198785329674,-0.267672586945943,0.906180550651181,5.68877681547004,TRUE,NA
"sigma",1.76,-1.85898732543604,-0.966030459525389,-0.267964057736228,0.910752549710071,5.71583387613192,TRUE,NA
"sigma",1.77,-1.86358042601165,-0.966867052889808,-0.268261497304304,0.915321266738777,5.74293200421386,TRUE,NA
"sigma",1.78,-1.86817317433614,-0.967708497158808,-0.268564855607547,0.919886647081426,5.77007100930924,TRUE,NA
"sigma",1.79,-1.87276552251306,-0.968554724759521,-0.268874082516548,0.924448638305995,5.79725070231371,TRUE,NA
"sigma",1.8,-1.87735742346287,-0.969405668813255,-0.269189127843923,0.929007190135794,5.82447089543122,TRUE,NA
"sigma",1.81,-1.88194883091417,-0.970261263137772,-0.26950994137163,0.933562254382906,5.85173140217929,TRUE,NA
"sigma",1.82,-1.88653969939494,-0.97112144224895,-0.269836472876786,0.938113784883509,5.87903203739322,TRUE,NA
"sigma",1.83,-1.89112998422356,-0.971986141361897,-0.270168672156205,0.942661737435045,5.90637261722948,TRUE,NA
"sigma",1.84,-1.89571964149985,-0.972855296391517,-0.270506489049518,0.947206069735208,5.93375295916838,TRUE,NA
"sigma",1.85,-1.90030862809589,-0.973728843952574,-0.270849873461087,0.951746741322676,5.96117288201575,TRUE,NA
"sigma",1.86,-1.90489690164692,-0.97460672135928,-0.271198775380727,0.95628371351956,5.98863220590412,TRUE,NA
"sigma",1.87,-1.90948442054208,-0.975488866624447,-0.271553144903233,0.960816949375527,6.016130752293,TRUE,NA
"sigma",1.88,-1.91407114391512,-0.9763752184582,-0.27191293224684,0.965346413613556,6.04366834396861,TRUE,NA
"sigma",1.89,-1.91865703163513,-0.977265716266323,-0.27227808777063,0.969872072577267,6.07124480504299,TRUE,NA
"sigma",1.9,-1.92324204429715,-0.978160300148196,-0.272648561990927,0.974393894179808,6.09885996095235,TRUE,NA
"sigma",1.91,-1.92782614321288,-0.979058910894442,-0.273024305596742,0.978911847854241,6.12651363845511,TRUE,NA
"sigma",1.92,-1.93240929040126,-0.979961489984189,-0.27340526946428,0.983425904505387,6.15420566562918,TRUE,NA
"sigma",1.93,-1.93699144857916,-0.980867979582079,-0.273791404670626,0.987936036463102,6.18193587186885,TRUE,NA
"sigma",1.94,-1.94157258115198,-0.981778322534959,-0.274182662506534,0.992442217436934,6.2097040878812,TRUE,NA
"sigma",1.95,-1.94615265220434,-0.982692462368338,-0.274578994488461,0.996944422472136,6.23751014568203,TRUE,NA
"sigma",1.96,-1.95073162649076,-0.983610343282572,-0.274980352369833,1.00144262790698,6.26535387859135,TRUE,NA
"sigma",1.97,-1.95530946942638,-0.984531910148834,-0.275386688151576,1.00593681133133,6.29323512122854,TRUE,NA
"sigma",1.98,-1.95988614707769,-0.985457108504878,-0.275797954091965,1.01042695154653,6.32115370950708,TRUE,NA
"sigma",1.99,-1.96446162615331,-0.986385884550592,-0.276214102715821,1.01491302852636,6.34910948062897,TRUE,NA
"sigma",2,-1.96903587399485,-0.987318185143376,-0.276635086823049,1.01939502337931,6.37710227307873,TRUE,NA
"sigma",2.01,-1.97360885856778,-0.988253957793358,-0.277060859496621,1.02387291831188,6.40513192661725,TRUE,NA
"sigma",2.02,-1.97818054845232,-0.989193150658452,-0.277491374109953,1.02834669659305,6.43319828227518,TRUE,NA
"sigma",2.03,-1.98275091283453,-0.990135712539271,-0.277926584333748,1.03281634251979,6.46130118234622,TRUE,NA
"sigma",2.04,-1.98731992149727,-0.991081592873908,-0.278366444142316,1.03728184138364,6.48944047037997,TRUE,NA
"sigma",2.05,-1.99188754481138,-0.99203074173262,-0.278810907819428,1.04174317943825,6.51761599117474,TRUE,NA
"sigma",2.06,-1.99645375372683,-0.992983109812373,-0.279259929963647,1.04620034386798,6.54582759076999,TRUE,NA
"sigma",2.07,-2.00101851976402,-0.993938648431311,-0.279713465493256,1.05065332275737,6.57407511643865,TRUE,NA
"sigma",2.08,-2.00558181500512,-0.994897309523142,-0.280171469650748,1.05510210506163,6.60235841667928,TRUE,NA
"sigma",2.09,-2.01014361208543,-0.99585904563142,-0.280633898006889,1.05954668057793,6.63067734120791,TRUE,NA
"sigma",2.1,-2.01470388418494,-0.996823809903789,-0.281100706464424,1.06398703991763,6.65903174094993,TRUE,NA
"sigma",2.11,-2.01926260501988,-0.997791556086143,-0.281571851261412,1.06842317447934,6.68742146803171,TRUE,NA
"sigma",2.12,-2.02381974883437,-0.998762238516743,-0.282047288974183,1.07285507642281,6.71584637577206,TRUE,NA
"sigma",2.13,-2.0283752903922,-0.99973581212028,-0.282526976519994,1.07728273864359,6.74430631867366,TRUE,NA
"sigma",2.14,-2.03292920496861,-1.00071223240191,-0.283010871159363,1.08170615474849,6.77280115241436,TRUE,NA
"sigma",2.15,-2.03748146834229,-1.00169145544126,-0.283498930498095,1.08612531903179,6.8013307338383,TRUE,NA
"sigma",2.16,-2.04203205678732,-1.00267343788636,-0.283991112489019,1.09054022645215,6.8298949209471,TRUE,NA
"sigma",2.17,-2.04658094706531,-1.00365813694765,-0.284487375433483,1.09495087261029,6.85849357289078,TRUE,NA
"sigma",2.18,-2.05112811641759,-1.00464551039184,-0.284987677982563,1.09935725372728,6.8871265499588,TRUE,NA
"sigma",2.19,-2.05567354255748,-1.00563551653592,-0.285491979138032,1.10375936662353,6.91579371357084,TRUE,NA
"sigma",2.2,-2.0602172036627,-1.006628114241,-0.286000238253122,1.10815720869845,6.94449492626778,TRUE,NA
"sigma",2.21,-2.06475907836782,-1.00762326290628,-0.286512415033037,1.1125507779107,6.97323005170238,TRUE,NA
"sigma",2.22,-2.06929914575685,-1.00862092246294,-0.287028469535285,1.11694007275904,7.00199895463006,TRUE,NA
"sigma",2.23,-2.07383738535586,-1.00962105336808,-0.287548362169792,1.12132509226382,7.03080150089967,TRUE,NA
"sigma",2.24,-2.0783737771258,-1.01062361659867,-0.288072053698858,1.12570583594899,7.05963755744418,TRUE,NA
"sigma",2.25,-2.08290830145528,-1.0116285736455,-0.288599505236901,1.13008230382467,7.08850699227134,TRUE,NA
"sigma",2.26,-2.08744093915357,-1.01263588650715,-0.289130678250059,1.13445449637029,7.11740967445439,TRUE,NA
"sigma",2.27,-2.09197167144364,-1.01364551768397,-0.289665534555658,1.13882241451822,7.14634547412272,TRUE,NA
"sigma",2.28,-2.09650047995524,-1.01465743017215,-0.290204036321458,1.1431860596379,7.17531426245258,TRUE,NA
"sigma",2.29,-2.10102734671819,-1.0156715874577,-0.290746146064856,1.14754543352051,7.20431591165772,TRUE,NA
"sigma",2.3,-2.10555225415568,-1.01668795351058,-0.291291826651874,1.15190053836403,7.23335029498011,TRUE,NA
"sigma",2.31,-2.11007518507768,-1.01770649277879,-0.291841041296074,1.15625137675884,7.26241728668063,TRUE,NA
"sigma",2.32,-2.11459612267445,-1.01872717018252,-0.292393753557341,1.16059795167372,7.29151676202984,TRUE,NA
"sigma",2.33,-2.11911505051015,-1.01974995110831,-0.292949927340546,1.16494026644231,7.32064859729867,TRUE,NA
"sigma",2.34,-2.12363195251655,-1.02077480140328,-0.293509526894119,1.16927832474997,7.34981266974927,TRUE,NA
"sigma",2.35,-2.12814681298677,-1.0218016873694,-0.29407251680853,1.17361213062103,7.37900885762576,TRUE,NA
"sigma",2.36,-2.1326596165692,-1.02283057575777,-0.294638862014658,1.17794168840648,7.40823704014512,TRUE,NA
"sigma",2.37,-2.13717034826146,-1.02386143376296,-0.295208527782098,1.18226700277203,7.43749709748804,TRUE,NA
"sigma",2.38,-2.14167899340444,-1.02489422901744,-0.295781479717368,1.18658807868649,7.4667889107899,TRUE,NA
"sigma",2.39,-2.14618553767647,-1.02592892958594,-0.296357683762073,1.1909049214106,7.49611236213164,TRUE,NA
"sigma",2.4,-2.15068996708751,-1.02696550395998,-0.296937106190946,1.19521753648609,7.52546733453089,TRUE,NA
"sigma",2.41,-2.15519226797354,-1.02800392105239,-0.297519713609887,1.19952592972521,7.55485371193294,TRUE,NA
"sigma",2.42,-2.1596924269909,-1.02904415019187,-0.298105472953899,1.2038301072005,7.58427137920188,TRUE,NA
"sigma",2.43,-2.16419043111085,-1.03008616111764,-0.298694351484984,1.20813007523486,7.61372022211179,TRUE,NA
"sigma",2.44,-2.16868626761408,-1.03112992397408,-0.299286316789987,1.21242584039201,7.64320012733793,TRUE,NA
"sigma",2.45,-2.17317992408544,-1.03217540930549,-0.29988133677838,1.21671740946722,7.67271098244802,TRUE,NA
"sigma",2.46,-2.17767138840863,-1.03322258805084,-0.300479379680033,1.22100478947825,7.70225267589358,TRUE,NA
"sigma",2.47,-2.18216064876106,-1.03427143153864,-0.301080414042896,1.22528798765669,7.73182509700131,TRUE,NA
"sigma",2.48,-2.18664769360877,-1.03532191148176,-0.301684408730715,1.22956701143949,7.76142813596456,TRUE,NA
"sigma",2.49,-2.19113251170138,-1.03637399997245,-0.302291332920608,1.23384186846079,7.79106168383483,TRUE,NA
"sigma",2.5,-2.19561509206722,-1.03742766947724,-0.302901156100741,1.23811256654398,7.82072563251336,TRUE,NA
"sigma",2.51,-2.20009542400841,-1.03848289283204,-0.303513848067867,1.24237911369404,7.85041987474276,TRUE,NA
"sigma",2.52,-2.20457349709614,-1.03953964323724,-0.304129378924893,1.24664151809009,7.88014430409873,TRUE,NA
"sigma",2.53,-2.20904930116596,-1.04059789425283,-0.304747719078412,1.25089978807819,7.90989881498183,TRUE,NA
"sigma",2.54,-2.21352282631314,-1.0416576197936,-0.305368839236223,1.25515393216436,7.93968330260932,TRUE,NA
"sigma",2.55,-2.21799406288814,-1.04271879412445,-0.305992710404821,1.25940395900782,7.96949766300707,TRUE,NA
"sigma",2.56,-2.22246300149215,-1.04378139185566,-0.306619303886877,1.26364987741443,7.99934179300154,TRUE,NA
"sigma",2.57,-2.22692963297267,-1.04484538793824,-0.307248591278714,1.26789169633036,8.02921559021183,TRUE,NA
"sigma",2.58,-2.23139394841918,-1.04591075765943,-0.307880544467754,1.27212942483594,8.05911895304178,TRUE,NA
"sigma",2.59,-2.23585593915891,-1.04697747663808,-0.308515135629974,1.27636307213971,8.08905178067217,TRUE,NA
"sigma",2.6,-2.2403155967526,-1.04804552082025,-0.309152337227342,1.28059264757267,8.11901397305299,TRUE,NA
"sigma",2.61,-2.24477291299046,-1.04911486647476,-0.309792122005245,1.28481816058266,8.14900543089572,TRUE,NA
"sigma",2.62,-2.24922787988806,-1.05018549018884,-0.310434462989941,1.289039620729,8.17902605566578,TRUE,NA
"sigma",2.63,-2.25368048968237,-1.05125736886382,-0.311079333485964,1.29325703767724,8.20907574957497,TRUE,NA
"sigma",2.64,-2.25813073482781,-1.05233047971085,-0.311726707073564,1.29747042119405,8.239154415574,TRUE,NA
"sigma",2.65,-2.26257860799247,-1.05340480024675,-0.312376557606141,1.30167978114239,8.26926195734514,TRUE,NA
"sigma",2.66,-2.26702410205424,-1.05448030828978,-0.313028859207657,1.30588512747668,8.29939827929486,TRUE,NA
"sigma",2.67,-2.27146721009716,-1.05555698195562,-0.31368358627009,1.31008647023825,8.3295632865466,TRUE,NA
"sigma",2.68,-2.2759079254077,-1.05663479965329,-0.314340713450856,1.31428381955085,8.3597568849336,TRUE,NA
"sigma",2.69,-2.28034624147118,-1.05771374008113,-0.315000215670259,1.31847718561637,8.38997898099178,TRUE,NA
"sigma",2.7,-2.28478215196826,-1.05879378222291,-0.31566206810894,1.32266657871061,8.42022948195271,TRUE,NA
"sigma",2.71,-2.28921565077138,-1.05987490534389,-0.316326246205337,1.32685200917932,8.45050829573666,TRUE,NA
"sigma",2.72,-2.29364673194144,-1.060957088987,-0.31699272565314,1.33103348743418,8.48081533094568,TRUE,NA
"sigma",2.73,-2.29807538972437,-1.06204031296903,-0.31766148239878,1.33521102394912,8.51115049685682,TRUE,NA
"sigma",2.74,-2.30250161854781,-1.06312455737693,-0.318332492638899,1.33938462925655,8.54151370341531,TRUE,NA
"sigma",2.75,-2.30692541301793,-1.06420980256407,-0.319005732817864,1.34355431394391,8.57190486122795,TRUE,NA
"sigma",2.76,-2.31134676791615,-1.06529602914662,-0.319681179625249,1.34772008865015,8.60232388155644,TRUE,NA
"sigma",2.77,-2.31576567819606,-1.06638321799992,-0.320358809993381,1.35188196406247,8.63277067631087,TRUE,NA
"sigma",2.78,-2.3201821389803,-1.06747135025501,-0.321038601094854,1.35603995091306,8.66324515804322,TRUE,NA
"sigma",2.79,-2.32459614555754,-1.06856040729504,-0.321720530340083,1.360194059976,8.69374723994096,TRUE,NA
"sigma",2.8,-2.32900769337946,-1.06965037075186,-0.322404575374862,1.36434430206428,8.72427683582074,TRUE,NA
"sigma",2.81,-2.33341677805788,-1.07074122250262,-0.323090714077938,1.36849068802683,8.75483386012205,TRUE,NA
"sigma",2.82,-2.33782339536182,-1.07183294466639,-0.3237789245586,1.37263322874575,8.78541822790108,TRUE,NA
"sigma",2.83,-2.34222754121467,-1.07292551960086,-0.324469185154291,1.37677193513358,8.81602985482454,TRUE,NA
"sigma",2.84,-2.34662921169144,-1.07401892989905,-0.32516147442822,1.38090681813062,8.84666865716362,TRUE,NA
"sigma",2.85,-2.35102840301599,-1.07511315838611,-0.325855771167005,1.38503788870244,8.87733455178796,TRUE,NA
"sigma",2.86,-2.35542511155835,-1.07620818811611,-0.326552054378323,1.38916515783736,8.90802745615969,TRUE,NA
"sigma",2.87,-2.35981933383206,-1.07730400236894,-0.327250303288589,1.39328863654413,8.93874728832761,TRUE,NA
"sigma",2.88,-2.36421106649159,-1.07840058464717,-0.327950497340628,1.39740833584954,8.96949396692134,TRUE,NA
"sigma",2.89,-2.36860030632978,-1.07949791867304,-0.328652616191409,1.40152426679628,9.00026741114554,TRUE,NA
"sigma",2.9,-2.37298705027531,-1.08059598838542,-0.32935663970974,1.40563644044072,9.03106754077432,TRUE,NA
"sigma",2.91,-2.37737129539024,-1.08169477793685,-0.33006254797403,1.40974486785087,9.0618942761455,TRUE,NA
"sigma",2.92,-2.38175303886761,-1.08279427169065,-0.330770321270038,1.41384956010435,9.09274753815513,TRUE,NA
"sigma",2.93,-2.38613227802902,-1.08389445421796,-0.331479940088656,1.41795052828645,9.12362724825197,TRUE,NA
"sigma",2.94,-2.39050901032228,-1.08499531029497,-0.332191385123709,1.42204778348822,9.15453332843204,TRUE,NA
"sigma",2.95,-2.39488323331916,-1.08609682490004,-0.332904637269768,1.42614133680475,9.18546570123325,TRUE,NA
"sigma",2.96,-2.39925494471306,-1.08719898321103,-0.333619677619983,1.43023119933328,9.21642428973009,TRUE,NA
"sigma",2.97,-2.40362414231683,-1.08830177060246,-0.334336487463948,1.43431738217164,9.24740901752834,TRUE,NA
"sigma",2.98,-2.40799082406057,-1.0894051726429,-0.335055048285559,1.43839989641653,9.27841980875993,TRUE,NA
"sigma",2.99,-2.41235498798948,-1.09050917509231,-0.335775341760915,1.44247875316198,9.30945658807772,TRUE,NA
"sigma",3,-2.41671663226173,-1.09161376389938,-0.33649734975623,1.4465539634978,9.34051928065049,TRUE,NA
"sigma",3.01,-2.42107575514643,-1.09271892519899,-0.33722105432577,1.45062553850816,9.37160781215787,TRUE,NA
"sigma",3.02,-2.42543235502154,-1.09382464530966,-0.337946437709785,1.45469348927009,9.40272210878537,TRUE,NA
"sigma",3.03,-2.42978643037191,-1.09493091073106,-0.338673482332497,1.4587578268522,9.4338620972195,TRUE,NA
"sigma",3.04,-2.43413797978727,-1.0960377081415,-0.339402170800084,1.46281856231331,9.46502770464287,TRUE,NA
"sigma",3.05,-2.43848700196031,-1.09714502439553,-0.340132485898683,1.46687570670118,9.49621885872941,TRUE,NA
"sigma",3.06,-2.44283349568479,-1.09825284652152,-0.340864410592432,1.4709292710513,9.5274354876396,TRUE,NA
"sigma",3.07,-2.44717745985366,-1.09936116171932,-0.341597928021494,1.47497926638567,9.55867752001581,TRUE,NA
"sigma",3.08,-2.4515188934572,-1.10046995735787,-0.342333021500146,1.47902570371173,9.58994488497762,TRUE,NA
"sigma",3.09,-2.45585779558126,-1.10157922097299,-0.343069674514858,1.48306859402117,9.62123751211725,TRUE,NA
"sigma",3.1,-2.46019416540544,-1.102688940265,-0.343807870722401,1.48710794828894,9.652555331495,TRUE,NA
"sigma",3.11,-2.46452800220139,-1.1037991030966,-0.344547593947956,1.49114377747221,9.68389827363481,TRUE,NA
"sigma",3.12,-2.46885930533105,-1.10490969749056,-0.345288828183277,1.49517609250939,9.71526626951975,TRUE,NA
"sigma",3.13,-2.473188074245,-1.10602071162764,-0.346031557584846,1.49920490431915,9.74665925058771,TRUE,NA
"sigma",3.14,-2.47751430848078,-1.10713213384438,-0.346775766472056,1.50323022379958,9.77807714872701,TRUE,NA
"sigma",3.15,-2.48183800766129,-1.10824395263103,-0.347521439325408,1.50725206182725,9.80951989627215,TRUE,NA
"sigma",3.16,-2.48615917149315,-1.10935615662945,-0.348268560784739,1.51127042925641,9.84098742599953,TRUE,NA
"sigma",3.17,-2.4904777997652,-1.11046873463105,-0.34901711564745,1.51528533691815,9.8724796711233,TRUE,NA
"sigma",3.18,-2.49479389234686,-1.11158167557481,-0.349767088866769,1.51929679561966,9.90399656529119,TRUE,NA
"sigma",3.19,-2.49910744918669,-1.11269496854524,-0.350518465550025,1.52330481614345,9.93553804258044,TRUE,NA
"sigma",3.2,-2.50341847031089,-1.11380860277043,-0.351271230956942,1.52730940924663,9.96710403749372,TRUE,NA
"sigma",3.21,-2.50772695582177,-1.11492256762013,-0.352025370497958,1.53131058566026,9.99869448495514,TRUE,NA
"sigma",3.22,-2.5120329058964,-1.11603685260381,-0.35278086973254,1.53530835608866,10.0303093203063,TRUE,NA
"sigma",3.23,-2.51633632078512,-1.11715144736882,-0.353537714367549,1.53930273120876,10.0619484793024,TRUE,NA
"sigma",3.24,-2.52063720081019,-1.11826634169849,-0.354295890255592,1.54329372166954,10.0936118981083,TRUE,NA
"sigma",3.25,-2.52493554636443,-1.11938152551033,-0.355055383393427,1.5472813380914,10.1252995132947,TRUE,NA
"sigma",3.26,-2.52923135790983,-1.1204969888542,-0.355816179920334,1.55126559106564,10.1570112618344,TRUE,NA
"sigma",3.27,-2.53352463597627,-1.12161272191059,-0.356578266116569,1.5552464911539,10.1887470810987,TRUE,NA
"sigma",3.28,-2.53781538116023,-1.12272871498879,-0.357341628401777,1.55922404888767,10.2205069088534,TRUE,NA
"sigma",3.29,-2.54210359412346,-1.12384495852522,-0.358106253333459,1.56319827476776,10.2522906832554,TRUE,NA
"sigma",3.3,-2.5463892755918,-1.12496144308171,-0.358872127605431,1.56716917926391,10.2840983428489,TRUE,NA
"sigma",3.31,-2.55067242635387,-1.12607815934383,-0.359639238046334,1.57113677281425,10.315929826562,TRUE,NA
"sigma",3.32,-2.55495304725995,-1.12719509811921,-0.360407571618116,1.57510106582497,10.3477850737029,TRUE,NA
"sigma",3.33,-2.5592311392207,-1.12831225033593,-0.361177115414572,1.57906206866982,10.3796640239569,TRUE,NA
"sigma",3.34,-2.56350670320605,-1.12942960704094,-0.361947856659877,1.58301979168982,10.4115666173824,TRUE,NA
"sigma",3.35,-2.56777974024404,-1.1305471593984,-0.362719782707137,1.5869742451928,10.4434927944077,TRUE,NA
"sigma",3.36,-2.57205025141966,-1.1316648986882,-0.363492881036967,1.59092543945313,10.4754424958279,TRUE,NA
"sigma",3.37,-2.57631823787378,-1.13278281630437,-0.364267139256079,1.59487338471132,10.5074156628011,TRUE,NA
"sigma",3.38,-2.58058370080206,-1.13390090375357,-0.365042545095884,1.59881809117377,10.5394122368453,TRUE,NA
"sigma",3.39,-2.58484664145383,-1.13501915265361,-0.365819086411109,1.6027595690124,10.5714321598352,TRUE,NA
"sigma",3.4,-2.58910706113109,-1.13613755473196,-0.366596751178442,1.60669782836444,10.6034753739989,TRUE,NA
"sigma",3.41,-2.59336496118745,-1.1372561018243,-0.367375527495173,1.61063287933211,10.6355418219148,TRUE,NA
"sigma",3.42,-2.5976203430271,-1.13837478587308,-0.368155403577871,1.61456473198239,10.6676314465082,TRUE,NA
"sigma",3.43,-2.60187320810384,-1.13949359892612,-0.368936367761053,1.61849339634676,10.6997441910486,TRUE,NA
"sigma",3.44,-2.60612355792009,-1.14061253313521,-0.3697184084959,1.62241888242102,10.7318799991461,TRUE,NA
"sigma",3.45,-2.61037139402591,-1.14173158075475,-0.370501514348945,1.62634120016502,10.7640388147488,TRUE,NA
"sigma",3.46,-2.61461671801804,-1.14285073414034,-0.371285674000825,1.63026035950251,10.7962205821394,TRUE,NA
"sigma",3.47,-2.61885953153901,-1.14396998574752,-0.372070876245007,1.63417637032095,10.8284252459327,TRUE,NA
"sigma",3.48,-2.62309983627619,-1.14508932813043,-0.372857109986544,1.63808924247129,10.8606527510722,TRUE,NA
"sigma",3.49,-2.62733763396088,-1.14620875394047,-0.373644364240855,1.64199898576787,10.8929030428272,TRUE,NA
"sigma",3.5,-2.63157292636748,-1.14732825592507,-0.37443262813251,1.64590560998825,10.9251760667903,TRUE,NA
"sigma",3.51,-2.63580571531254,-1.14844782692642,-0.375221890894016,1.64980912487305,10.9574717688743,TRUE,NA
"sigma",3.52,-2.64003600265396,-1.14956745988021,-0.376012141864643,1.65370954012584,10.9897900953091,TRUE,NA
"sigma",3.53,-2.64426379029014,-1.15068714781441,-0.376803370489244,1.65760686541304,11.0221309926396,TRUE,NA
"sigma",3.54,-2.64848908015913,-1.15180688384807,-0.377595566317098,1.66150111036377,11.0544944077222,TRUE,NA
"sigma",3.55,-2.65271187423786,-1.15292666119013,-0.378388719000767,1.66539228456981,11.0868802877226,TRUE,NA
"sigma",3.56,-2.6569321745413,-1.15404647313822,-0.379182818294956,1.66928039758544,11.1192885801128,TRUE,NA
"sigma",3.57,-2.66114998312169,-1.15516631307753,-0.379977854055402,1.67316545892745,11.1517192326686,TRUE,NA
"sigma",3.58,-2.66536530206778,-1.15628617447965,-0.380773816237755,1.67704747807498,11.1841721934669,TRUE,NA
"sigma",3.59,-2.66957813350406,-1.15740605090147,-0.381570694896507,1.68092646446954,11.216647410883,TRUE,NA
"sigma",3.6,-2.67378847959,-1.15852593598402,-0.382368480183883,1.68480242751489,11.2491448335882,TRUE,NA
"sigma",3.61,-2.67799634251938,-1.15964582345143,-0.383167162348798,1.68867537657704,11.2816644105472,TRUE,NA
"sigma",3.62,-2.68220172451948,-1.16076570710982,-0.383966731735779,1.6925453209842,11.3142060910153,TRUE,NA
"sigma",3.63,-2.68640462785044,-1.16188558084623,-0.384767178783949,1.69641227002674,11.3467698245363,TRUE,NA
"sigma",3.64,-2.69060505480454,-1.16300543862759,-0.385568494025964,1.70027623295718,11.3793555609398,TRUE,NA
"sigma",3.65,-2.69480300770553,-1.16412527449969,-0.386370668087025,1.70413721899018,11.4119632503388,TRUE,NA
"sigma",3.66,-2.69899848890792,-1.16524508258611,-0.387173691683849,1.70799523730252,11.4445928431273,TRUE,NA
"sigma",3.67,-2.70319150079639,-1.16636485708729,-0.387977555623681,1.7118502970331,11.4772442899778,TRUE,NA
"sigma",3.68,-2.70738204578506,-1.16748459227948,-0.38878225080332,1.71570240728294,11.5099175418393,TRUE,NA
"sigma",3.69,-2.71157012631691,-1.16860428251377,-0.389587768208128,1.7195515771152,11.5426125499343,TRUE,NA
"sigma",3.7,-2.71575574486315,-1.16972392221514,-0.390394098911085,1.72339781555521,11.5753292657572,TRUE,NA
"sigma",3.71,-2.71993890392256,-1.17084350588151,-0.391201234071834,1.72724113159047,11.6080676410715,TRUE,NA
"sigma",3.72,-2.72411960602094,-1.17196302808279,-0.392009164935745,1.73108153417066,11.6408276279077,TRUE,NA
"sigma",3.73,-2.72829785371046,-1.17308248345995,-0.392817882832988,1.73491903220774,11.6736091785611,TRUE,NA
"sigma",3.74,-2.73247364956914,-1.17420186672413,-0.393627379177609,1.7387536345759,11.7064122455897,TRUE,NA
"sigma",3.75,-2.73664699620021,-1.17532117265571,-0.394437645466636,1.74258535011168,11.7392367818116,TRUE,NA
"sigma",3.76,-2.74081789623158,-1.17644039610345,-0.39524867327918,1.74641418761398,11.7720827403033,TRUE,NA
"sigma",3.77,-2.74498635231529,-1.1775595319836,-0.396060454275549,1.75024015584411,11.8049500743972,TRUE,NA
"sigma",3.78,-2.74915236712694,-1.17867857527904,-0.396872980196373,1.75406326352588,11.8378387376797,TRUE,NA
"sigma",3.79,-2.75331594336518,-1.17979752103842,-0.397686242861744,1.7578835193456,11.8707486839889,TRUE,NA
"sigma",3.8,-2.75747708375115,-1.18091636437535,-0.398500234170366,1.76170093195222,11.9036798674127,TRUE,NA
"sigma",3.81,-2.76163579102799,-1.18203510046752,-0.399314946098693,1.76551550995734,11.9366322422868,TRUE,NA
"sigma",3.82,-2.76579206796033,-1.18315372455594,-0.400130370700123,1.76932726193532,11.9696057631923,TRUE,NA
"sigma",3.83,-2.76994591733378,-1.1842722319441,-0.400946500104155,1.77313619642332,12.0026003849541,TRUE,NA
"sigma",3.84,-2.77409734195441,-1.18539061799718,-0.401763326515578,1.77694232192143,12.0356160626385,TRUE,NA
"sigma",3.85,-2.77824634464833,-1.18650887814128,-0.402580842213671,1.78074564689272,12.0686527515518,TRUE,NA
"sigma",3.86,-2.78239292826116,-1.18762700786261,-0.403399039551402,1.78454617976332,12.1017104072377,TRUE,NA
"sigma",3.87,-2.78653709565759,-1.1887450027068,-0.404217910954648,1.78834392892253,12.1347889854758,TRUE,NA
"sigma",3.88,-2.7906788497209,-1.18986285827806,-0.405037448921416,1.79213890272292,12.1678884422796,TRUE,NA
"sigma",3.89,-2.79481819335255,-1.19098057023851,-0.40585764602107,1.79593110948039,12.2010087338944,TRUE,NA
"sigma",3.9,-2.79895512947167,-1.1920981343074,-0.406678494893589,1.79972055747433,12.2341498167958,TRUE,NA
"sigma",3.91,-2.80308966101468,-1.19321554626043,-0.40749998824879,1.80350725494764,12.2673116476874,TRUE,NA
"sigma",3.92,-2.80722179093486,-1.194332801929,-0.408322118865616,1.80729121010691,12.3004941834995,TRUE,NA
"sigma",3.93,-2.81135152220188,-1.19544989719951,-0.409144879591382,1.81107243112249,12.3336973813868,TRUE,NA
"sigma",3.94,-2.81547885780143,-1.19656682801273,-0.409968263341065,1.81485092612858,12.3669211987269,TRUE,NA
"sigma",3.95,-2.81960380073481,-1.19768359036301,-0.410792263096581,1.81862670322341,12.4001655931182,TRUE,NA
"sigma",3.96,-2.82372635401852,-1.19880018029771,-0.411616871906084,1.82239977046926,12.4334305223787,TRUE,NA
"sigma",3.97,-2.82784652068385,-1.19991659391646,-0.412442082883256,1.82617013589267,12.4667159445437,TRUE,NA
"sigma",3.98,-2.83196430377652,-1.20103282737055,-0.413267889206632,1.82993780748449,12.5000218178644,TRUE,NA
"sigma",3.99,-2.8360797063563,-1.20214887686226,-0.414094284118906,1.83370279320001,12.5333481008061,TRUE,NA
"sigma",4,-2.84019273149663,-1.20326473864423,-0.414921260926266,1.83746510095912,12.5666947520463,TRUE,NA
"sigma",4.01,-2.84430338228423,-1.20438040901882,-0.415748812997713,1.8412247386464,12.6000617304735,TRUE,NA
"sigma",4.02,-2.84841166181879,-1.2054958843375,-0.416576933764416,1.84498171411122,12.6334489951853,TRUE,NA
"sigma",4.03,-2.85251757321256,-1.20661116100025,-0.417405616719057,1.84873603516795,12.6668565054865,TRUE,NA
"sigma",4.04,-2.85662111959005,-1.20772623545492,-0.418234855415179,1.852487709596,12.7002842208879,TRUE,NA
"sigma",4.05,-2.86072230408764,-1.20884110419666,-0.419064643466564,1.85623674513998,12.7337321011045,TRUE,NA
"sigma",4.06,-2.86482112985332,-1.20995576376732,-0.419894974546593,1.85998314950987,12.767200106054,TRUE,NA
"sigma",4.07,-2.86891760004624,-1.21107021075487,-0.420725842387625,1.86372693038107,12.8006881958551,TRUE,NA
"sigma",4.08,-2.87301171783652,-1.21218444179284,-0.421557240780393,1.86746809539463,12.834196330826,TRUE,NA
"sigma",4.09,-2.87710348640483,-1.21329845355974,-0.422389163573386,1.87120665215729,12.8677244714828,TRUE,NA
"sigma",4.1,-2.88119290894211,-1.21441224277851,-0.423221604672247,1.87494260824168,12.9012725785383,TRUE,NA
"sigma",4.11,-2.88527998864928,-1.21552580621596,-0.424054558039193,1.87867597118644,12.9348406129,TRUE,NA
"sigma",4.12,-2.88936472873691,-1.21663914068223,-0.42488801769242,1.88240674849635,12.9684285356689,TRUE,NA
"sigma",4.13,-2.89344713242494,-1.21775224303027,-0.425721977705515,1.88613494764247,13.0020363081381,TRUE,NA
"sigma",4.14,-2.89752720294237,-1.2188651101553,-0.426556432206902,1.88986057606227,13.035663891791,TRUE,NA
"sigma",4.15,-2.90160494352699,-1.21997773899426,-0.427391375379261,1.89358364115979,13.0693112483003,TRUE,NA
"sigma",4.16,-2.90568035742508,-1.22109012652535,-0.428226801458972,1.89730415030579,13.102978339526,TRUE,NA
"sigma",4.17,-2.90975344789116,-1.22220226976749,-0.429062704735564,1.90102211083784,13.1366651275145,TRUE,NA
"sigma",4.18,-2.91382421818768,-1.2233141657798,-0.429899079551166,1.90473753006051,13.1703715744971,TRUE,NA
"sigma",4.19,-2.91789267158478,-1.22442581166117,-0.430735920299962,1.9084504152455,13.2040976428882,TRUE,NA
"sigma",4.2,-2.92195881136002,-1.22553720454968,-0.431573221427668,1.91216077363177,13.2378432952845,TRUE,NA
"sigma",4.21,-2.9260226407981,-1.2266483416222,-0.432410977430994,1.91586861242571,13.2716084944631,TRUE,NA
"sigma",4.22,-2.93008416319065,-1.22775922009387,-0.433249182857119,1.91957393880126,13.3053932033807,TRUE,NA
"sigma",4.23,-2.93414338183594,-1.22886983721767,-0.434087832303189,1.92327675990007,13.3391973851716,TRUE,NA
"sigma",4.24,-2.93820030003863,-1.22998019028387,-0.434926920415785,1.92697708283161,13.3730210031471,TRUE,NA
"sigma",4.25,-2.94225492110959,-1.2310902766197,-0.435766441890445,1.93067491467339,13.4068640207936,TRUE,NA
"sigma",4.26,-2.94630724836558,-1.2322000935888,-0.436606391471137,1.93437026247102,13.4407264017716,TRUE,NA
"sigma",4.27,-2.95035728512907,-1.23330963859079,-0.437446763949786,1.93806313323841,13.4746081099142,TRUE,NA
"sigma",4.28,-2.95440503472799,-1.23441890906088,-0.43828755416578,1.94175353395791,13.5085091092261,TRUE,NA
"sigma",4.29,-2.95845050049553,-1.23552790246939,-0.439128757005487,1.94544147158044,13.5424293638823,TRUE,NA
"sigma",4.3,-2.96249368576988,-1.23663661632133,-0.439970367401778,1.94912695302564,13.5763688382264,TRUE,NA
"sigma",4.31,-2.96653459389403,-1.23774504815601,-0.440812380333559,1.95280998518203,13.61032749677,TRUE,NA
"sigma",4.32,-2.97057322821559,-1.23885319554655,-0.441654790825298,1.95649057490714,13.6443053041912,TRUE,NA
"sigma",4.33,-2.97460959208652,-1.23996105609956,-0.442497593946578,1.96016872902767,13.6783022253331,TRUE,NA
"sigma",4.34,-2.97864368886296,-1.24106862745467,-0.443340784811629,1.96384445433965,13.7123182252032,TRUE,NA
"sigma",4.35,-2.98267552190504,-1.24217590728415,-0.44418435857888,1.96751775760853,13.7463532689715,TRUE,NA
"sigma",4.36,-2.98670509457663,-1.24328289329252,-0.445028310450522,1.9711886455694,13.78040732197,TRUE,NA
"sigma",4.37,-2.9907324102452,-1.24438958321613,-0.445872635672059,1.9748571249271,13.8144803496911,TRUE,NA
"sigma",4.38,-2.9947574722816,-1.24549597482283,-0.446717329531873,1.97852320235635,13.8485723177865,TRUE,NA
"sigma",4.39,-2.99878028405987,-1.24660206591153,-0.447562387360802,1.98218688450194,13.8826831920662,TRUE,NA
"sigma",4.4,-3.00280084895708,-1.24770785431185,-0.44840780453171,1.98584817797884,13.9168129384974,TRUE,NA
"sigma",4.41,-3.0068191703531,-1.24881333788378,-0.449253576459062,1.98950708937238,13.9509615232029,TRUE,NA
"sigma",4.42,-3.01083525163047,-1.24991851451725,-0.450099698598513,1.99316362523835,13.9851289124607,TRUE,NA
"sigma",4.43,-3.01484909617421,-1.25102338213182,-0.450946166446501,1.9968177921032,14.0193150727024,TRUE,NA
"sigma",4.44,-3.01886070737161,-1.25212793867629,-0.451792975539833,2.00046959646414,14.0535199705122,TRUE,NA
"sigma",4.45,-3.02287008861214,-1.25323218212839,-0.452640121455283,2.00411904478932,14.087743572626,TRUE,NA
"sigma",4.46,-3.02687724328719,-1.25433611049439,-0.453487599809204,2.00776614351796,14.1219858459299,TRUE,NA
"sigma",4.47,-3.03088217478998,-1.25543972180876,-0.454335406257116,2.01141089906049,14.1562467574596,TRUE,NA
"sigma",4.48,-3.03488488651536,-1.25654301413387,-0.455183536493351,2.01505331779872,14.1905262743994,TRUE,NA
"sigma",4.49,-3.03888538185968,-1.2576459855596,-0.456031986250621,2.01869340608595,14.2248243640804,TRUE,NA
"sigma",4.5,-3.0428836642206,-1.25874863420308,-0.45688075129969,2.02233117024713,14.2591409939806,TRUE,NA
"sigma",4.51,-3.04687973699696,-1.25985095820828,-0.457729827448954,2.02596661657904,14.2934761317227,TRUE,NA
"sigma",4.52,-3.05087360358865,-1.26095295574576,-0.458579210544093,2.02959975135036,14.327829745074,TRUE,NA
"sigma",4.53,-3.05486526739641,-1.26205462501232,-0.459428896467704,2.03323058080187,14.3622018019449,TRUE,NA
"sigma",4.54,-3.05885473182173,-1.26315596423066,-0.460278881138927,2.0368591111466,14.3965922703882,TRUE,NA
"sigma",4.55,-3.06284200026671,-1.26425697164915,-0.461129160513096,2.04048534856991,14.4310011185978,TRUE,NA
"sigma",4.56,-3.06682707613388,-1.26535764554144,-0.461979730581369,2.04410929922972,14.4654283149079,TRUE,NA
"sigma",4.57,-3.0708099628261,-1.26645798420619,-0.462830587370393,2.04773096925657,14.499873827792,TRUE,NA
"sigma",4.58,-3.07479066374644,-1.26755798596679,-0.463681726941952,2.0513503647538,14.5343376258623,TRUE,NA
"sigma",4.59,-3.07876918229798,-1.26865764917104,-0.464533145392614,2.05496749179773,14.5688196778678,TRUE,NA
"sigma",4.6,-3.08274552188376,-1.26975697219089,-0.465384838853401,2.0585823564377,14.6033199526944,TRUE,NA
"sigma",4.61,-3.08671968590661,-1.27085595342209,-0.466236803489452,2.06219496469633,14.6378384193634,TRUE,NA
"sigma",4.62,-3.09069167776902,-1.27195459128399,-0.467089035499683,2.06580532256955,14.6723750470307,TRUE,NA
"sigma",4.63,-3.09466150087306,-1.27305288421918,-0.467941531116466,2.06941343602683,14.7069298049859,TRUE,NA
"sigma",4.64,-3.0986291586202,-1.27415083069329,-0.4687942866053,2.07301931101126,14.7415026626513,TRUE,NA
"sigma",4.65,-3.10259465441125,-1.27524842919466,-0.469647298264493,2.07662295343971,14.7760935895812,TRUE,NA
"sigma",4.66,-3.1065579916462,-1.27634567823408,-0.470500562424837,2.08022436920298,14.8107025554609,TRUE,NA
"sigma",4.67,-3.11051917372413,-1.27744257634455,-0.471354075449301,2.08382356416591,14.8453295301054,TRUE,NA
"sigma",4.68,-3.1144782040431,-1.27853912208099,-0.472207833732715,2.08742054416753,14.8799744834596,TRUE,NA
"sigma",4.69,-3.11843508600004,-1.27963531402,-0.473061833701465,2.09101531502121,14.9146373855961,TRUE,NA
"sigma",4.7,-3.12238982299061,-1.28073115075958,-0.47391607181318,2.09460788251479,14.9493182067154,TRUE,NA
"sigma",4.71,-3.12634241840915,-1.28182663091892,-0.47477054455645,2.09819825241068,14.9840169171444,TRUE,NA
"sigma",4.72,-3.13029287564854,-1.28292175313808,-0.475625248450505,2.10178643044607,15.018733487336,TRUE,NA
"sigma",4.73,-3.13424119810009,-1.28401651607782,-0.476480180044937,2.10537242233299,15.0534678878679,TRUE,NA
"sigma",4.74,-3.13818738915347,-1.2851109184193,-0.477335335919398,2.10895623375847,15.0882200894419,TRUE,NA
"sigma",4.75,-3.14213145219661,-1.28620495886387,-0.478190712683325,2.1125378703847,15.1229900628832,TRUE,NA
"sigma",4.76,-3.14607339061559,-1.28729863613282,-0.479046306975634,2.11611733784912,15.1577777791395,TRUE,NA
"sigma",4.77,-3.15001320779452,-1.28839194896715,-0.479902115464465,2.1196946417646,15.1925832092799,TRUE,NA
"sigma",4.78,-3.15395090711552,-1.28948489612733,-0.480758134846872,2.12326978771951,15.2274063244948,TRUE,NA
"sigma",4.79,-3.15788649195857,-1.29057747639307,-0.481614361848579,2.12684278127792,15.2622470960944,TRUE,NA
"sigma",4.8,-3.16181996570141,-1.29166968856311,-0.48247079322368,2.13041362797967,15.2971054955081,TRUE,NA
"sigma",4.81,-3.16575133171954,-1.292761531455,-0.483327425754384,2.13398233334055,15.331981494284,TRUE,NA
"sigma",4.82,-3.16968059338602,-1.29385300390483,-0.484184256250742,2.13754890285238,15.3668750640879,TRUE,NA
"sigma",4.83,-3.17360775407147,-1.29494410476706,-0.485041281550385,2.1411133419832,15.4017861767025,TRUE,NA
"sigma",4.84,-3.17753281714395,-1.29603483291432,-0.485898498518263,2.14467565617732,15.4367148040268,TRUE,NA
"sigma",4.85,-3.1814557859689,-1.29712518723714,-0.48675590404639,2.14823585085554,15.471660918075,TRUE,NA
"sigma",4.86,-3.18537666390904,-1.29821516664378,-0.487613495053569,2.1517939314152,15.5066244909763,TRUE,NA
"sigma",4.87,-3.1892954543243,-1.29930477005999,-0.488471268485169,2.15534990323034,15.5416054949737,TRUE,NA
"sigma",4.88,-3.19321216057176,-1.30039399642887,-0.489329221312842,2.15890377165182,15.5766039024234,TRUE,NA
"sigma",4.89,-3.19712678600555,-1.30148284471058,-0.490187350534312,2.16245554200745,15.6116196857942,TRUE,NA
"sigma",4.9,-3.20103933397679,-1.30257131388221,-0.491045653173091,2.16600521960211,15.6466528176665,TRUE,NA
"sigma",4.91,-3.20494980783352,-1.30365940293755,-0.491904126278264,2.16955280971789,15.6817032707321,TRUE,NA
"sigma",4.92,-3.20885821092062,-1.3047471108869,-0.492762766924238,2.17309831761417,15.7167710177927,TRUE,NA
"sigma",4.93,-3.21276454657978,-1.30583443675688,-0.493621572210506,2.1766417485278,15.75185603176,TRUE,NA
"sigma",4.94,-3.21666881814935,-1.30692137959022,-0.49448053926141,2.18018310767319,15.7869582856543,TRUE,NA
"sigma",4.95,-3.22057102896436,-1.30800793844562,-0.495339665225917,2.18372240024242,15.8220777526045,TRUE,NA
"sigma",4.96,-3.22447118235641,-1.30909411239752,-0.496198947277381,2.18725963140539,15.857214405847,TRUE,NA
"sigma",4.97,-3.22836928165362,-1.31017990053592,-0.497058382613308,2.19079480630993,15.8923682187247,TRUE,NA
"sigma",4.98,-3.23226533018057,-1.31126530196623,-0.49791796845516,2.19432793008192,15.9275391646873,TRUE,NA
"sigma",4.99,-3.2361593312582,-1.31235031580903,-0.498777702048087,2.19785900782539,15.9627272172895,TRUE,NA
"sigma",5,-3.24005128820384,-1.31343494119998,-0.499637580660755,2.20138804462268,15.9979323501914,TRUE,NA
"sigma",5.01,-3.24394120433104,-1.31451917728957,-0.50049760158509,2.20491504553452,16.0331545371567,TRUE,NA
"sigma",5.02,-3.24782908294961,-1.31560302324297,-0.501357762136084,2.20844001560017,16.0683937520533,TRUE,NA
"sigma",5.03,-3.25171492736549,-1.31668647823988,-0.50221805965157,2.21196295983752,16.1036499688516,TRUE,NA
"sigma",5.04,-3.25559874088075,-1.31776954147433,-0.503078491492019,2.21548388324321,16.1389231616243,TRUE,NA
"sigma",5.05,-3.25948052679351,-1.31885221215454,-0.503939055040324,2.21900279079277,16.1742133045461,TRUE,NA
"sigma",5.06,-3.26336028839787,-1.31993448950274,-0.504799747701596,2.2225196874407,16.2095203718922,TRUE,NA
"sigma",5.07,-3.26723802898391,-1.321016372755,-0.505660566902959,2.22603457812061,16.2448443380386,TRUE,NA
"sigma",5.08,-3.27111375183758,-1.32209786116109,-0.506521510093347,2.22954746774531,16.2801851774609,TRUE,NA
"sigma",5.09,-3.2749874602407,-1.3231789539843,-0.507382574743309,2.23305836120694,16.3155428647339,TRUE,NA
"sigma",5.1,-3.27885915747089,-1.32425965050131,-0.508243758344796,2.23656726337709,16.3509173745307,TRUE,NA
"sigma",5.11,-3.28272884680151,-1.32533995000201,-0.509105058410983,2.2400741791069,16.3863086816228,TRUE,NA
"sigma",5.12,-3.28659653150163,-1.32641985178936,-0.509966472476059,2.24357911322715,16.4217167608785,TRUE,NA
"sigma",5.13,-3.29046221483599,-1.32749935517921,-0.510827998095045,2.24708207054843,16.4571415872634,TRUE,NA
"sigma",5.14,-3.29432590006496,-1.32857845950022,-0.511689632843597,2.25058305586118,16.4925831358388,TRUE,NA
"sigma",5.15,-3.29818759044445,-1.32965716409361,-0.512551374317817,2.25408207393585,16.5280413817617,TRUE,NA
"sigma",5.16,-3.30204728922592,-1.33073546831312,-0.513413220134084,2.257579129523,16.5635163002843,TRUE,NA
"sigma",5.17,-3.30590499965634,-1.33181337152479,-0.514275167928841,2.26107422735336,16.5990078667528,TRUE,NA
"sigma",5.18,-3.3097607249781,-1.33289087310684,-0.515137215358432,2.26456737213803,16.6345160566076,TRUE,NA
"sigma",5.19,-3.31361446842902,-1.33396797244956,-0.515999360098913,2.2680585685685,16.6700408453821,TRUE,NA
"sigma",5.2,-3.31746623324228,-1.3350446689551,-0.516861599845881,2.2715478213168,16.7055822087027,TRUE,NA
"sigma",5.21,-3.3213160226464,-1.33612096203742,-0.517723932314291,2.2750351350356,16.7411401222877,TRUE,NA
"sigma",5.22,-3.3251638398652,-1.33719685112207,-0.518586355238279,2.27852051435831,16.7767145619471,TRUE,NA
"sigma",5.23,-3.32900968811776,-1.33827233564612,-0.51944886637099,2.28200396389919,16.8123055035819,TRUE,NA
"sigma",5.24,-3.33285357061839,-1.339347415058,-0.520311463484412,2.28548548825345,16.8479129231837,TRUE,NA
"sigma",5.25,-3.33669549057657,-1.34042208881735,-0.5211741443692,2.28896509199734,16.883536796834,TRUE,NA
"sigma",5.26,-3.34053545119696,-1.34149635639494,-0.522036906834509,2.29244277968829,16.9191771007037,TRUE,NA
"sigma",5.27,-3.34437345567935,-1.34257021727249,-0.522899748707825,2.29591855586498,16.9548338110526,TRUE,NA
"sigma",5.28,-3.3482095072186,-1.34364367094257,-0.523762667834809,2.29939242504745,16.990506904229,TRUE,NA
"sigma",5.29,-3.35204360900465,-1.34471671690848,-0.524625662079127,2.30286439173719,17.0261963566689,TRUE,NA
"sigma",5.3,-3.35587576422247,-1.34578935468411,-0.525488729322283,2.30633446041728,17.0619021448957,TRUE,NA
"sigma",5.31,-3.35970597605202,-1.34686158379383,-0.526351867463472,2.30980263555245,17.0976242455197,TRUE,NA
"sigma",5.32,-3.36353424766824,-1.34793340377234,-0.527215074419413,2.31326892158918,17.1333626352372,TRUE,NA
"sigma",5.33,-3.36736058224103,-1.34900481416461,-0.528078348124198,2.31673332295583,17.1691172908306,TRUE,NA
"sigma",5.34,-3.37118498293517,-1.35007581452571,-0.528941686529126,2.32019584406271,17.2048881891676,TRUE,NA
"sigma",5.35,-3.37500745291036,-1.35114640442069,-0.529805087602568,2.32365648930218,17.2406753072005,TRUE,NA
"sigma",5.36,-3.37882799532116,-1.35221658342451,-0.530668549329794,2.32711526304878,17.276478621966,TRUE,NA
"sigma",5.37,-3.38264661331696,-1.35328635112189,-0.531532069712841,2.33057216965926,17.3122981105847,TRUE,NA
"sigma",5.38,-3.38646331004198,-1.35435570710721,-0.532395646770354,2.33402721347275,17.3481337502605,TRUE,NA
"sigma",5.39,-3.39027808863519,-1.35542465098439,-0.533259278537435,2.33748039881082,17.3839855182799,TRUE,NA
"sigma",5.4,-3.39409095223038,-1.35649318236679,-0.534122963065512,2.34093172997755,17.4198533920121,TRUE,NA
"sigma",5.41,-3.39790190395603,-1.3575613008771,-0.534986698422177,2.34438121125967,17.455737348908,TRUE,NA
"sigma",5.42,-3.40171094693539,-1.35862900614721,-0.535850482691058,2.34782884692664,17.4916373665001,TRUE,NA
"sigma",5.43,-3.40551808428637,-1.35969629781815,-0.536714313971667,2.35127464123072,17.5275534224015,TRUE,NA
"sigma",5.44,-3.40932331912157,-1.36076317553994,-0.537578190379262,2.3547185984071,17.5634854943061,TRUE,NA
"sigma",5.45,-3.41312665454826,-1.3618296389715,-0.538442110044716,2.35816072267395,17.5994335599878,TRUE,NA
"sigma",5.46,-3.41692809366834,-1.36289568778058,-0.539306071114368,2.36160101823256,17.6353975972999,TRUE,NA
"sigma",5.47,-3.42072763957831,-1.36396132164359,-0.540170071749891,2.36503948926737,17.671377584175,TRUE,NA
"sigma",5.48,-3.4245252953693,-1.36502654024556,-0.541034110128163,2.36847613994612,17.7073734986242,TRUE,NA
"sigma",5.49,-3.428321064127,-1.36609134328003,-0.54189818444113,2.37191097441992,17.7433853187369,TRUE,NA
"sigma",5.5,-3.43211494893167,-1.36715573044892,-0.54276229289567,2.37534399682332,17.7794130226803,TRUE,NA
"sigma",5.51,-3.43590695285813,-1.36821970146246,-0.543626433713465,2.3787752112744,17.8154565886988,TRUE,NA
"sigma",5.52,-3.43969707897569,-1.3692832560391,-0.544490605130876,2.3822046218749,17.8515159951139,TRUE,NA
"sigma",5.53,-3.44348533034823,-1.3703463939054,-0.545354805398809,2.38563223271026,17.8875912203234,TRUE,NA
"sigma",5.54,-3.44727171003407,-1.37140911479594,-0.546219032782585,2.38905804784974,17.9236822428012,TRUE,NA
"sigma",5.55,-3.45105622108607,-1.37247141845323,-0.547083285561832,2.39248207134647,17.9597890410969,TRUE,NA
"sigma",5.56,-3.45483886655152,-1.3735333046276,-0.547947562030336,2.39590430723757,17.995911593835,TRUE,NA
"sigma",5.57,-3.45861964947217,-1.37459477307715,-0.548811860495932,2.39932475954424,18.032049879715,TRUE,NA
"sigma",5.58,-3.46239857288422,-1.37565582356763,-0.549676179280389,2.40274343227181,18.0682038775107,TRUE,NA
"sigma",5.59,-3.4661756398183,-1.37671645587235,-0.550540516719269,2.40616032940984,18.1043735660698,TRUE,NA
"sigma",5.6,-3.46995085329945,-1.37777666977211,-0.551404871161825,2.40957545493222,18.1405589243136,TRUE,NA
"sigma",5.61,-3.47372421634711,-1.3788364650551,-0.552269240970872,2.41298881279725,18.1767599312364,TRUE,NA
"sigma",5.62,-3.47749573197513,-1.37989584151683,-0.553133624522677,2.41640040694768,18.2129765659052,TRUE,NA
"sigma",5.63,-3.4812654031917,-1.38095479896001,-0.55399802020684,2.41981024131087,18.2492088074595,TRUE,NA
"sigma",5.64,-3.48503323299943,-1.38201333719452,-0.554862426426175,2.4232183197988,18.2854566351104,TRUE,NA
"sigma",5.65,-3.48879922439525,-1.38307145603727,-0.555726841596605,2.42662464630818,18.3217200281409,TRUE,NA
"sigma",5.66,-3.49256338037046,-1.38412915531218,-0.556591264147042,2.43002922472055,18.3579989659047,TRUE,NA
"sigma",5.67,-3.49632570391068,-1.38518643485004,-0.557455692519274,2.43343205890234,18.3942934278265,TRUE,NA
"sigma",5.68,-3.50008619799589,-1.38624329448847,-0.558320125167858,2.43683315270492,18.4306033934013,TRUE,NA
"sigma",5.69,-3.50384486560037,-1.38729973407181,-0.559184560560019,2.44023250996476,18.466928842194,TRUE,NA
"sigma",5.7,-3.5076017096927,-1.38835575345109,-0.560048997175522,2.44363013450342,18.5032697538392,TRUE,NA
"sigma",5.71,-3.5113567332358,-1.3894113524839,-0.560913433506587,2.44702603012769,18.5396261080404,TRUE,NA
"sigma",5.72,-3.51510993918686,-1.39046653103434,-0.56177786805775,2.45042020062964,18.5759978845703,TRUE,NA
"sigma",5.73,-3.51886133049738,-1.39152128897295,-0.562642299345811,2.45381264978672,18.6123850632698,TRUE,NA
"sigma",5.74,-3.52261091011311,-1.39257562617661,-0.563506725899663,2.4572033813618,18.6487876240479,TRUE,NA
"sigma",5.75,-3.52635868097412,-1.3936295425285,-0.564371146260248,2.46059239910328,18.6852055468815,TRUE,NA
"sigma",5.76,-3.53010464601471,-1.394683037918,-0.565235558980417,2.46397970674515,18.7216388118146,TRUE,NA
"sigma",5.77,-3.53384880816347,-1.39573611224062,-0.566099962624846,2.46736530800709,18.7580873989584,TRUE,NA
"sigma",5.78,-3.53759117034325,-1.39678876539797,-0.566964355769928,2.47074920659449,18.7945512884905,TRUE,NA
"sigma",5.79,-3.54133173547114,-1.39784099729761,-0.567828737003679,2.4741314061986,18.831030460655,TRUE,NA
"sigma",5.8,-3.54507050645847,-1.39889280785307,-0.568693104925635,2.47751191049654,18.8675248957617,TRUE,NA
"sigma",5.81,-3.54880748621084,-1.3999441969837,-0.569557458146757,2.48089072315141,18.9040345741861,TRUE,NA
"sigma",5.82,-3.55254267762809,-1.40099516461466,-0.570421795289335,2.48426784781234,18.9405594763689,TRUE,NA
"sigma",5.83,-3.55627608360426,-1.40204571067684,-0.57128611498689,2.48764328811458,18.9770995828157,TRUE,NA
"sigma",5.84,-3.56000770702767,-1.40309583510677,-0.572150415884083,2.4910170476796,19.0136548740964,TRUE,NA
"sigma",5.85,-3.56373755078083,-1.40414553784658,-0.573014696636607,2.49438913011508,19.0502253308453,TRUE,NA
"sigma",5.86,-3.56746561774049,-1.4051948188439,-0.573878955911119,2.49775953901505,19.0868109337606,TRUE,NA
"sigma",5.87,-3.57119191077765,-1.40624367805186,-0.574743192385129,2.50112827795997,19.1234116636037,TRUE,NA
"sigma",5.88,-3.57491643275749,-1.40729211542896,-0.575607404746913,2.50449535051674,19.1600275011995,TRUE,NA
"sigma",5.89,-3.57863918653943,-1.40834013093904,-0.576471591695425,2.50786076023882,19.1966584274356,TRUE,NA
"sigma",5.9,-3.5823601749771,-1.40938772455121,-0.577335751940204,2.51122451066628,19.233304423262,TRUE,NA
"sigma",5.91,-3.58607940091836,-1.41043489623979,-0.578199884201295,2.51458660532587,19.269965469691,TRUE,NA
"sigma",5.92,-3.58979686720527,-1.41148164598425,-0.579063987209142,2.5179470477311,19.3066415477968,TRUE,NA
"sigma",5.93,-3.59351257667411,-1.41252797376916,-0.579928059704517,2.5213058413823,19.343332638715,TRUE,NA
"sigma",5.94,-3.59722653215537,-1.41357387958409,-0.58079210043843,2.5246629897667,19.3800387236425,TRUE,NA
"sigma",5.95,-3.60093873647375,-1.41461936342362,-0.581656108172048,2.52801849635846,19.4167597838372,TRUE,NA
"sigma",5.96,-3.60464919244817,-1.4156644252872,-0.582520081676597,2.53137236461878,19.4534958006172,TRUE,NA
"sigma",5.97,-3.60835790289174,-1.41670906517917,-0.583384019733291,2.53472459799596,19.4902467553613,TRUE,NA
"sigma",5.98,-3.61206487061182,-1.41775328310864,-0.584247921133243,2.53807519992546,19.527012629508,TRUE,NA
"sigma",5.99,-3.61577009840996,-1.41879707908948,-0.585111784677384,2.54142417382993,19.5637934045555,TRUE,NA
"sigma",6,-3.61947358908191,-1.41984045314025,-0.585975609176384,2.54477152311937,19.6005890620615,TRUE,NA
"sigma",6.01,-3.62317534541765,-1.42088340528411,-0.586839393450565,2.54811725119107,19.6373995836423,TRUE,NA
"sigma",6.02,-3.62687537020138,-1.42192593554883,-0.587703136329828,2.5514613614298,19.6742249509734,TRUE,NA
"sigma",6.03,-3.63057366621152,-1.42296804396668,-0.588566836653572,2.55480385720776,19.7110651457885,TRUE,NA
"sigma",6.04,-3.63427023622068,-1.42400973057441,-0.58943049327061,2.55814474188475,19.7479201498795,TRUE,NA
"sigma",6.05,-3.63796508299571,-1.42505099541319,-0.590294105039102,2.56148401880815,19.784789945096,TRUE,NA
"sigma",6.06,-3.64165820929769,-1.42609183852853,-0.591157670826461,2.56482169131303,19.8216745133452,TRUE,NA
"sigma",6.07,-3.64534961788191,-1.42713225997028,-0.592021189509302,2.56815776272219,19.8585738365918,TRUE,NA
"sigma",6.08,-3.64903931149789,-1.42817225979253,-0.592884659973334,2.57149223634624,19.895487896857,TRUE,NA
"sigma",6.09,-3.65272729288938,-1.42921183805361,-0.59374808111332,2.57482511548365,19.932416676219,TRUE,NA
"sigma",6.1,-3.65641356479436,-1.43025099481597,-0.594611451832974,2.57815640342083,19.9693601568122,TRUE,NA
"sigma",6.11,-3.66009812994505,-1.43128973014621,-0.595474771044903,2.58148610343214,20.0063183208272,TRUE,NA
"sigma",6.12,-3.6637809910679,-1.43232804411498,-0.59633803767053,2.58481421878003,20.0432911505105,TRUE,NA
"sigma",6.13,-3.66746215088362,-1.43336593679692,-0.597201250640017,2.58814075271505,20.0802786281639,TRUE,NA
"sigma",6.14,-3.67114161210713,-1.43440340827068,-0.59806440889221,2.5914657084759,20.1172807361446,TRUE,NA
"sigma",6.15,-3.67481937744764,-1.4354404586188,-0.598927511374539,2.59478908928952,20.1542974568647,TRUE,NA
"sigma",6.16,-3.67849544960858,-1.4364770879277,-0.599790557042987,2.59811089837114,20.191328772791,TRUE,NA
"sigma",6.17,-3.68216983128765,-1.43751329628764,-0.600653544861977,2.60143113892435,20.228374666445,TRUE,NA
"sigma",6.18,-3.68584252517682,-1.43854908379263,-0.601516473804335,2.60474981414113,20.2654351204018,TRUE,NA
"sigma",6.19,-3.68951353396231,-1.43958445054046,-0.602379342851214,2.60806692720193,20.302510117291,TRUE,NA
"sigma",6.2,-3.6931828603246,-1.44061939663256,-0.603242150992017,2.61138248127573,20.3395996397954,TRUE,NA
"sigma",6.21,-3.69685050693849,-1.44165392217406,-0.604104897224342,2.61469647952007,20.3767036706514,TRUE,NA
"sigma",6.22,-3.700516476473,-1.44268802727365,-0.604967580553905,2.61800892508117,20.4138221926482,TRUE,NA
"sigma",6.23,-3.70418077159149,-1.4437217120436,-0.605830199994482,2.6213198210939,20.4509551886281,TRUE,NA
"sigma",6.24,-3.70784339495156,-1.44475497659971,-0.606692754567841,2.62462917068192,20.4881026414859,TRUE,NA
"sigma",6.25,-3.71150434920514,-1.44578782106122,-0.607555243303674,2.62793697695767,20.5252645341687,TRUE,NA
"sigma",6.26,-3.71516363699845,-1.44682024555084,-0.608417665239546,2.63124324302248,20.5624408496755,TRUE,NA
"sigma",6.27,-3.71882126097201,-1.44785225019465,-0.609280019420806,2.63454797196658,20.5996315710574,TRUE,NA
"sigma",6.28,-3.72247722376065,-1.44888383512209,-0.610142304900548,2.6378511668692,20.6368366814168,TRUE,NA
"sigma",6.29,-3.72613152799354,-1.4499150004659,-0.611004520739546,2.64115283079857,20.6740561639075,TRUE,NA
"sigma",6.3,-3.72978417629414,-1.4509457463621,-0.611866666006177,2.64445296681203,20.7112900017342,TRUE,NA
"sigma",6.31,-3.73343517128027,-1.45197607294994,-0.612728739776372,2.64775157795605,20.7485381781526,TRUE,NA
"sigma",6.32,-3.73708451556407,-1.45300598037186,-0.613590741133555,2.6510486672663,20.7858006764688,TRUE,NA
"sigma",6.33,-3.74073221175203,-1.45403546877346,-0.614452669168579,2.6543442377677,20.8230774800392,TRUE,NA
"sigma",6.34,-3.74437826244497,-1.45506453830343,-0.615314522979665,2.65763829247446,20.8603685722704,TRUE,NA
"sigma",6.35,-3.7480226702381,-1.45609318911356,-0.616176301672349,2.66093083439014,20.8976739366187,TRUE,NA
"sigma",6.36,-3.75166543772095,-1.45712142135867,-0.617038004359416,2.66422186650775,20.93499355659,TRUE,NA
"sigma",6.37,-3.75530656747747,-1.4581492351966,-0.617899630160854,2.6675113918097,20.9723274157394,TRUE,NA
"sigma",6.38,-3.75894606208593,-1.45917663078812,-0.618761178203777,2.67079941326795,21.0096754976713,TRUE,NA
"sigma",6.39,-3.76258392411903,-1.46020360829695,-0.619622647622392,2.67408593384401,21.0470377860389,TRUE,NA
"sigma",6.4,-3.76622015614383,-1.4612301678897,-0.620484037557921,2.677370956489,21.0844142645441,TRUE,NA
"sigma",6.41,-3.76985476072181,-1.46225630973585,-0.621345347158555,2.68065448414373,21.1218049169369,TRUE,NA
"sigma",6.42,-3.77348774040884,-1.46328203400768,-0.622206575579405,2.6839365197387,21.1592097270158,TRUE,NA
"sigma",6.43,-3.7771190977552,-1.46430734088026,-0.623067721982427,2.6872170661942,21.1966286786271,TRUE,NA
"sigma",6.44,-3.78074883530562,-1.46533223053143,-0.623928785536392,2.6904961264203,21.2340617556648,TRUE,NA
"sigma",6.45,-3.78437695559921,-1.46635670314174,-0.624789765416814,2.69377370331699,21.2715089420704,TRUE,NA
"sigma",6.46,-3.78800346116956,-1.46738075889441,-0.625650660805904,2.69704979977413,21.3089702218326,TRUE,NA
"sigma",6.47,-3.79162835454468,-1.46840439797533,-0.626511470892512,2.70032441867158,21.3464455789872,TRUE,NA
"sigma",6.48,-3.79525163824704,-1.46942762057301,-0.627372194872079,2.7035975628792,21.3839349976168,TRUE,NA
"sigma",6.49,-3.79887331479357,-1.47045042687853,-0.628232831946594,2.7068692352569,21.4214384618507,TRUE,NA
"sigma",6.5,-3.80249338669566,-1.47147281708555,-0.629093381324514,2.71013943865474,21.4589559558642,TRUE,NA
"sigma",6.51,-3.80611185645918,-1.47249479139021,-0.629953842220745,2.71340817591291,21.4964874638791,TRUE,NA
"sigma",6.52,-3.8097287265845,-1.47351634999118,-0.630814213856572,2.71667544986182,21.5340329701631,TRUE,NA
"sigma",6.53,-3.81334399956646,-1.47453749308958,-0.631674495459609,2.71994126332214,21.5715924590295,TRUE,NA
"sigma",6.54,-3.81695767789441,-1.47555822088894,-0.632534686263761,2.72320561910482,21.6091659148371,TRUE,NA
"sigma",6.55,-3.82056976405223,-1.4765785335952,-0.63339478550917,2.72646852001119,21.6467533219901,TRUE,NA
"sigma",6.56,-3.82418026051828,-1.47759843141668,-0.634254792442143,2.72972996883297,21.6843546649377,TRUE,NA
"sigma",6.57,-3.82778916976548,-1.47861791456402,-0.635114706315153,2.73298996835231,21.7219699281739,TRUE,NA
"sigma",6.58,-3.83139649426129,-1.47963698325017,-0.63597452638674,2.73624852134187,21.7595990962377,TRUE,NA
"sigma",6.59,-3.83500223646767,-1.48065563769037,-0.636834251921496,2.73950563056482,21.797242153712,TRUE,NA
"sigma",6.6,-3.83860639884119,-1.48167387810209,-0.637693882189995,2.74276129877493,21.8348990852245,TRUE,NA
"sigma",6.61,-3.84220898383295,-1.48269170470503,-0.638553416468774,2.7460155287166,21.8725698754466,TRUE,NA
"sigma",6.62,-3.84580999388864,-1.48370911772109,-0.639412854040253,2.74926832312488,21.9102545090937,TRUE,NA
"sigma",6.63,-3.84940943144851,-1.48472611737433,-0.640272194192715,2.75251968472557,21.9479529709248,TRUE,NA
"sigma",6.64,-3.85300729894743,-1.48574270389094,-0.641131436220252,2.75576961623519,21.9856652457422,TRUE,NA
"sigma",6.65,-3.85660359881485,-1.48675887749923,-0.641990579422717,2.75901812036111,22.0233913183917,TRUE,NA
"sigma",6.66,-3.86019833347483,-1.48777463842959,-0.642849623105679,2.7622651998015,22.0611311737619,TRUE,NA
"sigma",6.67,-3.86379150534606,-1.48878998691445,-0.643708566580383,2.76551085724547,22.0988847967844,TRUE,NA
"sigma",6.68,-3.86738311684186,-1.48980492318828,-0.644567409163703,2.76875509537303,22.1366521724334,TRUE,NA
"sigma",6.69,-3.87097317037016,-1.49081944748757,-0.645426150178095,2.77199791685519,22.1744332857256,TRUE,NA
"sigma",6.7,-3.87456166833358,-1.49183356005075,-0.646284788951565,2.77523932435399,22.2122281217199,TRUE,NA
"sigma",6.71,-3.87814861312516,-1.49284726111275,-0.647143324812005,2.77847932052839,22.2500366654863,TRUE,NA
"sigma",6.72,-3.88173400714525,-1.49386055092686,-0.648001757109608,2.7817179080108,22.2878589022297,TRUE,NA
"sigma",6.73,-3.88531785277624,-1.49487342973181,-0.648860085183113,2.78495508944248,22.3256948171035,TRUE,NA
"sigma",6.74,-3.88890015239941,-1.49588589777371,-0.649718308382266,2.78819086744998,22.3635443953339,TRUE,NA
"sigma",6.75,-3.89248090839073,-1.49689795530048,-0.650576426062143,2.79142524465107,22.4014076221881,TRUE,NA
"sigma",6.76,-3.89606012312091,-1.49790960256192,-0.651434437583105,2.7946582236548,22.4392844829746,TRUE,NA
"sigma",6.77,-3.89963779895535,-1.49892083980959,-0.652292342310766,2.79788980706154,22.477174963043,TRUE,NA
"sigma",6.78,-3.90321393825418,-1.49993166729686,-0.653150139615953,2.80111999746301,22.5150790477834,TRUE,NA
"sigma",6.79,-3.90678854337226,-1.50094208527881,-0.654007828874649,2.80434879744234,22.5529967226265,TRUE,NA
"sigma",6.8,-3.91036161665923,-1.50195209401229,-0.654865409467974,2.80757620957408,22.5909279730435,TRUE,NA
"sigma",6.81,-3.91393316045944,-1.50296169375585,-0.655722880782134,2.81080223642428,22.6288727845457,TRUE,NA
"sigma",6.82,-3.91750317711204,-1.50397088476971,-0.656580242208389,2.8140268805505,22.6668311426846,TRUE,NA
"sigma",6.83,-3.92107166895094,-1.50497966731576,-0.657437493142997,2.81725014450184,22.7048030330514,TRUE,NA
"sigma",6.84,-3.92463863830485,-1.50598804165754,-0.658294632987212,2.82047203081903,22.742788441277,TRUE,NA
"sigma",6.85,-3.92820408749727,-1.50699600806018,-0.659151661147199,2.82369254203443,22.7807873530319,TRUE,NA
"sigma",6.86,-3.9317680188465,-1.50800356679043,-0.66000857703403,2.82691168067204,22.8187997540258,TRUE,NA
"sigma",6.87,-3.93533043466567,-1.5090107181166,-0.660865380063636,2.83012944924764,22.8568256300076,TRUE,NA
"sigma",6.88,-3.93889133726275,-1.51001746230857,-0.661722069656775,2.83334585026869,22.8948649667652,TRUE,NA
"sigma",6.89,-3.94245072894051,-1.51102379963772,-0.662578645238975,2.83656088623451,22.9329177501252,TRUE,NA
"sigma",6.9,-3.94600861199662,-1.51202973037697,-0.663435106240527,2.83977455963622,22.9709839659531,TRUE,NA
"sigma",6.91,-3.94956498872356,-1.51303525480071,-0.664291452096431,2.84298687295679,23.0090636001526,TRUE,NA
"sigma",6.92,-3.95311986140872,-1.5140403731848,-0.665147682246354,2.84619782867112,23.0471566386657,TRUE,NA
"sigma",6.93,-3.95667323233434,-1.51504508580655,-0.666003796134613,2.84940742924607,23.0852630674727,TRUE,NA
"sigma",6.94,-3.96022510377759,-1.5160493929447,-0.666859793210137,2.85261567714043,23.1233828725918,TRUE,NA
"sigma",6.95,-3.9637754780105,-1.51705329487941,-0.667715672926404,2.85582257480506,23.1615160400789,TRUE,NA
"sigma",6.96,-3.96732435730003,-1.5180567918922,-0.668571434741456,2.85902812468285,23.1996625560277,TRUE,NA
"sigma",6.97,-3.97087174390808,-1.51905988426598,-0.669427078117805,2.86223232920877,23.2378224065692,TRUE,NA
"sigma",6.98,-3.97441764009146,-1.520062572285,-0.670282602522452,2.86543519080995,23.2759955778717,TRUE,NA
"sigma",6.99,-3.97796204810193,-1.52106485623483,-0.671138007426826,2.86863671190566,23.3141820561409,TRUE,NA
"sigma",7,-3.98150497018621,-1.52206673640238,-0.671993292306754,2.87183689490737,23.3523818276191,TRUE,NA
"sigma",7.01,-3.985046408586,-1.52306821307582,-0.672848456642426,2.87503574221881,23.3905948785857,TRUE,NA
"sigma",7.02,-3.98858636553795,-1.52406928654461,-0.673703499918376,2.87823325623594,23.4288211953568,TRUE,NA
"sigma",7.03,-3.9921248432737,-1.52506995709947,-0.674558421623421,2.88142943934708,23.4670607642846,TRUE,NA
"sigma",7.04,-3.99566184401992,-1.52607022503235,-0.675413221250667,2.88462429393284,23.5053135717582,TRUE,NA
"sigma",7.05,-3.99919736999826,-1.52707009063641,-0.67626789829743,2.88781782236624,23.5435796042025,TRUE,NA
"sigma",7.06,-4.00273142342539,-1.52806955420604,-0.677122452265257,2.89101002701271,23.5818588480786,TRUE,NA
"sigma",7.07,-4.00626400651303,-1.52906861603677,-0.677976882659849,2.89420091023011,23.6201512898834,TRUE,NA
"sigma",7.08,-4.00979512146793,-1.53006727642534,-0.678831188991058,2.8973904743688,23.6584569161495,TRUE,NA
"sigma",7.09,-4.01332477049189,-1.53106553566961,-0.679685370772838,2.90057872177163,23.6967757134453,TRUE,NA
"sigma",7.1,-4.01685295578177,-1.53206339406858,-0.680539427523224,2.90376565477402,23.7351076683743,TRUE,NA
"sigma",7.11,-4.02037967952953,-1.53306085192238,-0.681393358764298,2.90695127570398,23.7734527675755,TRUE,NA
"sigma",7.12,-4.02390494392218,-1.53405790953222,-0.682247164022163,2.91013558688211,23.8118109977229,TRUE,NA
"sigma",7.13,-4.02742875114186,-1.53505456720039,-0.683100842826904,2.91331859062168,23.8501823455256,TRUE,NA
"sigma",7.14,-4.03095110336579,-1.53605082523028,-0.683954394712575,2.91650028922863,23.8885667977274,TRUE,NA
"sigma",7.15,-4.03447200276633,-1.53704668392627,-0.684807819217138,2.91968068500163,23.9269643411068,TRUE,NA
"sigma",7.16,-4.03799145151095,-1.53804214359384,-0.685661115882478,2.9228597802321,23.965374962477,TRUE,NA
"sigma",7.17,-4.04150945176227,-1.53903720453943,-0.686514284254328,2.92603757720421,24.0037986486852,TRUE,NA
"sigma",7.18,-4.04502600567806,-1.54003186707053,-0.687367323882277,2.92921407819499,24.0422353866133,TRUE,NA
"sigma",7.19,-4.04854111541126,-1.54102613149557,-0.688220234319704,2.93238928547428,24.080685163177,TRUE,NA
"sigma",7.2,-4.05205478310998,-1.542019998124,-0.689073015123804,2.93556320130482,24.1191479653259,TRUE,NA
"sigma",7.21,-4.0555670109175,-1.54301346726619,-0.689925665855501,2.93873582794225,24.1576237800437,TRUE,NA
"sigma",7.22,-4.0590778009723,-1.54400653923346,-0.69077818607945,2.94190716763516,24.1961125943476,TRUE,NA
"sigma",7.23,-4.06258715540809,-1.54499921433807,-0.691630575364017,2.9450772226251,24.2346143952882,TRUE,NA
"sigma",7.24,-4.06609507635377,-1.54599149289317,-0.692482833281231,2.94824599514664,24.2731291699498,TRUE,NA
"sigma",7.25,-4.06960156593347,-1.54698337521283,-0.693334959406761,2.95141348742738,24.3116569054496,TRUE,NA
"sigma",7.26,-4.07310662626659,-1.54797486161199,-0.694186953319906,2.95457970168798,24.3501975889382,TRUE,NA
"sigma",7.27,-4.07661025946773,-1.54896595240646,-0.695038814603546,2.95774464014221,24.388751207599,TRUE,NA
"sigma",7.28,-4.0801124676468,-1.54995664791289,-0.695890542844125,2.96090830499697,24.4273177486483,TRUE,NA
"sigma",7.29,-4.08361325290896,-1.55094694844881,-0.696742137631629,2.9640706984523,24.4658971993351,TRUE,NA
"sigma",7.3,-4.08711261735464,-1.55193685433253,-0.697593598559556,2.96723182270145,24.5044895469409,TRUE,NA
"sigma",7.31,-4.0906105630796,-1.55292636588321,-0.698444925224883,2.97039167993088,24.5430947787798,TRUE,NA
"sigma",7.32,-4.09410709217487,-1.55391548342079,-0.69929611722805,2.97355027232031,24.581712882198,TRUE,NA
"sigma",7.33,-4.09760220672682,-1.55490420726599,-0.70014717417293,2.97670760204272,24.6203438445739,TRUE,NA
"sigma",7.34,-4.10109590881714,-1.55589253774033,-0.700998095666809,2.97986367126443,24.6589876533181,TRUE,NA
"sigma",7.35,-4.10458820052286,-1.55688047516607,-0.701848881320351,2.98301848214505,24.6976442958728,TRUE,NA
"sigma",7.36,-4.10807908391635,-1.55786801986621,-0.702699530747575,2.98617203683761,24.7363137597124,TRUE,NA
"sigma",7.37,-4.11156856106536,-1.55885517216451,-0.703550043565847,2.98932433748851,24.7749960323425,TRUE,NA
"sigma",7.38,-4.115056634033,-1.55984193238543,-0.704400419395826,2.99247538623758,24.8136911013004,TRUE,NA
"sigma",7.39,-4.11854330487776,-1.56082830085415,-0.705250657861466,2.9956251852181,24.8523989541548,TRUE,NA
"sigma",7.4,-4.12202857565354,-1.56181427789652,-0.706100758589979,2.99877373655685,24.8911195785057,TRUE,NA
"sigma",7.41,-4.12551244840962,-1.56279986383913,-0.706950721211811,3.0019210423741,24.9298529619841,TRUE,NA
"sigma",7.42,-4.12899492519072,-1.56378505900919,-0.707800545360627,3.00506710478368,24.9685990922521,TRUE,NA
"sigma",7.43,-4.13247600803697,-1.56476986373459,-0.708650230673272,3.00821192589297,25.0073579570026,TRUE,NA
"sigma",7.44,-4.13595569898396,-1.56575427834387,-0.70949977678976,3.01135550780297,25.0461295439592,TRUE,NA
"sigma",7.45,-4.1394340000627,-1.5667383031662,-0.710349183353259,3.01449785260829,25.0849138408764,TRUE,NA
"sigma",7.46,-4.14291091329968,-1.56772193853139,-0.711198450010039,3.01763896239719,25.1237108355389,TRUE,NA
"sigma",7.47,-4.14638644071685,-1.56870518476983,-0.71204757640947,3.02077883925161,25.1625205157619,TRUE,NA
"sigma",7.48,-4.14986058433167,-1.56968804221255,-0.712896562204007,3.0239174852472,25.2013428693909,TRUE,NA
"sigma",7.49,-4.15333334615704,-1.57067051119115,-0.713745407049146,3.02705490245336,25.2401778843014,TRUE,NA
"sigma",7.5,-4.15680472820142,-1.57165259203782,-0.714594110603416,3.03019109293323,25.279025548399,TRUE,NA
"sigma",7.51,-4.16027473246876,-1.5726342850853,-0.715442672528351,3.03332605874373,25.3178858496193,TRUE,NA
"sigma",7.52,-4.16374336095852,-1.57361559066691,-0.716291092488479,3.03645980193564,25.3567587759275,TRUE,NA
"sigma",7.53,-4.16721061566573,-1.5745965091165,-0.71713937015127,3.03959232455353,25.3956443153185,TRUE,NA
"sigma",7.54,-4.17067649858095,-1.57557704076846,-0.717987505187159,3.04272362863588,25.4345424558167,TRUE,NA
"sigma",7.55,-4.1741410116903,-1.57655718595772,-0.718835497269487,3.04585371621503,25.4734531854762,TRUE,NA
"sigma",7.56,-4.17760415697547,-1.5775369450197,-0.719683346074499,3.04898258931727,25.51237649238,TRUE,NA
"sigma",7.57,-4.18106593641373,-1.57851631829035,-0.72053105128132,3.05211024996282,25.5513123646405,TRUE,NA
"sigma",7.58,-4.18452635197795,-1.57949530610609,-0.721378612571925,3.05523670016588,25.5902607903992,TRUE,NA
"sigma",7.59,-4.18798540563661,-1.58047390880385,-0.722226029631134,3.05836194193465,25.6292217578265,TRUE,NA
"sigma",7.6,-4.19144309935376,-1.581452126721,-0.723073302146572,3.06148597727134,25.6681952551215,TRUE,NA
"sigma",7.61,-4.19489943508913,-1.58242996019541,-0.723920429808668,3.06460880817225,25.7071812705124,TRUE,NA
"sigma",7.62,-4.19835441479805,-1.58340740956538,-0.724767412310623,3.0677304366277,25.7461797922556,TRUE,NA
"sigma",7.63,-4.20180804043151,-1.58438447516967,-0.725614249348386,3.07085086462216,25.7851908086362,TRUE,NA
"sigma",7.64,-4.20526031393616,-1.58536115734746,-0.726460940620654,3.07397009413419,25.8242143079677,TRUE,NA
"sigma",7.65,-4.2087112372543,-1.58633745643837,-0.727307485828829,3.07708812713653,25.8632502785919,TRUE,NA
"sigma",7.66,-4.21216081232394,-1.58731337278243,-0.728153884677006,3.08020496559607,25.9022987088787,TRUE,NA
"sigma",7.67,-4.21560904107874,-1.58828890672008,-0.729000136871967,3.08332061147391,25.941359587226,TRUE,NA
"sigma",7.68,-4.21905592544809,-1.58926405859214,-0.729846242123143,3.08643506672539,25.9804329020599,TRUE,NA
"sigma",7.69,-4.22250146735709,-1.59023882873985,-0.7306922001426,3.08954833330008,26.019518641834,TRUE,NA
"sigma",7.7,-4.22594566872654,-1.5912132175048,-0.731538010645028,3.09266041314183,26.0586167950299,TRUE,NA
"sigma",7.71,-4.229388531473,-1.59218722522896,-0.732383673347709,3.0957713081888,26.0977273501566,TRUE,NA
"sigma",7.72,-4.23283005750876,-1.59316085225468,-0.733229187970514,3.09888102037344,26.1368502957508,TRUE,NA
"sigma",7.73,-4.23627024874186,-1.59413409892463,-0.734074554235875,3.10198955162258,26.1759856203767,TRUE,NA
"sigma",7.74,-4.23970910707611,-1.59510696558185,-0.734919771868758,3.1050969038574,26.2151333126254,TRUE,NA
"sigma",7.75,-4.24314663441111,-1.59607945256971,-0.735764840596661,3.10820307899348,26.2542933611155,TRUE,NA
"sigma",7.76,-4.24658283264221,-1.59705156023189,-0.736609760149587,3.11130807894082,26.2934657544927,TRUE,NA
"sigma",7.77,-4.2500177036606,-1.59802328891241,-0.737454530260035,3.11441190560385,26.3326504814297,TRUE,NA
"sigma",7.78,-4.25345124935324,-1.5989946389556,-0.738299150662964,3.11751456088148,26.3718475306258,TRUE,NA
"sigma",7.79,-4.25688347160294,-1.59996561070608,-0.73914362109579,3.12061604666708,26.4110568908075,TRUE,NA
"sigma",7.8,-4.26031437228832,-1.60093620450878,-0.739987941298377,3.12371636484856,26.4502785507276,TRUE,NA
"sigma",7.81,-4.26374395328385,-1.60190642070888,-0.740832111012983,3.12681551730834,26.4895124991658,TRUE,NA
"sigma",7.82,-4.26717221645984,-1.60287625965189,-0.741676129984286,3.1299135059234,26.528758724928,TRUE,NA
"sigma",7.83,-4.27059916368247,-1.60384572168355,-0.742519997959341,3.13301033256532,26.5680172168466,TRUE,NA
"sigma",7.84,-4.27402479681379,-1.60481480714989,-0.74336371468757,3.13610599910024,26.6072879637803,TRUE,NA
"sigma",7.85,-4.27744911771172,-1.60578351639717,-0.744207279920742,3.13920050738895,26.6465709546139,TRUE,NA
"sigma",7.86,-4.28087212823009,-1.60675184977191,-0.745050693412969,3.14229385928689,26.6858661782584,TRUE,NA
"sigma",7.87,-4.28429383021863,-1.60771980762088,-0.745893954920663,3.14538605664415,26.7251736236506,TRUE,NA
"sigma",7.88,-4.28771422552297,-1.60868739029106,-0.74673706420255,3.14847710130552,26.7644932797532,TRUE,NA
"sigma",7.89,-4.29113331598468,-1.60965459812967,-0.747580021019626,3.15156699511049,26.8038251355548,TRUE,NA
"sigma",7.9,-4.29455110344125,-1.61062143148415,-0.748422825135172,3.1546557398933,26.8431691800696,TRUE,NA
"sigma",7.91,-4.29796758972614,-1.61158789070213,-0.7492654763147,3.15774333748293,26.8825254023375,TRUE,NA
"sigma",7.92,-4.30138277666873,-1.61255397613147,-0.750107974325966,3.16082978970315,26.9218937914236,TRUE,NA
"sigma",7.93,-4.3047966660944,-1.61351968812022,-0.750950318938948,3.1639150983725,26.9612743364186,TRUE,NA
"sigma",7.94,-4.30820925982449,-1.6144850270166,-0.751792509925815,3.16699926530439,27.0006670264386,TRUE,NA
"sigma",7.95,-4.31162055967632,-1.61544999316903,-0.752634547060937,3.17008229230701,27.0400718506247,TRUE,NA
"sigma",7.96,-4.31503056746321,-1.6164145869261,-0.753476430120845,3.17316418118347,27.079488798143,TRUE,NA
"sigma",7.97,-4.31843928499451,-1.61737880863657,-0.754318158884235,3.17624493373171,27.118917858185,TRUE,NA
"sigma",7.98,-4.32184671407556,-1.61834265864937,-0.755159733131939,3.17932455174461,27.1583590199669,TRUE,NA
"sigma",7.99,-4.32525285650774,-1.61930613731357,-0.756001152646907,3.18240303700996,27.1978122727295,TRUE,NA
"sigma",8,-4.32865771408847,-1.6202692449784,-0.756842417214215,3.18548039131049,27.2372776057387,TRUE,NA
"sigma",8.01,-4.33206128861121,-1.62123198199322,-0.757683526621019,3.18855661642392,27.2767550082849,TRUE,NA
"sigma",8.02,-4.33546358186549,-1.62219434870754,-0.758524480656572,3.19163171412292,27.3162444696831,TRUE,NA
"sigma",8.03,-4.3388645956369,-1.623156345471,-0.759365279112176,3.19470568617521,27.3557459792725,TRUE,NA
"sigma",8.04,-4.34226433170712,-1.62411797263335,-0.760205921781194,3.19777853434349,27.395259526417,TRUE,NA
"sigma",8.05,-4.3456627918539,-1.62507923054448,-0.761046408459027,3.20085026038553,27.4347851005046,TRUE,NA
"sigma",8.06,-4.34905997785112,-1.62604011955435,-0.761886738943085,3.20392086605418,27.4743226909475,TRUE,NA
"sigma",8.07,-4.35245589146874,-1.62700064001307,-0.76272691303281,3.20699035309735,27.513872287182,TRUE,NA
"sigma",8.08,-4.35585053447285,-1.62796079227083,-0.763566930529613,3.21005872325809,27.5534338786685,TRUE,NA
"sigma",8.09,-4.35924390862569,-1.62892057667791,-0.764406791236897,3.21312597827453,27.5930074548913,TRUE,NA
"sigma",8.1,-4.3626360156856,-1.62987999358467,-0.765246494960024,3.21619211987999,27.6325930053582,TRUE,NA
"sigma",8.11,-4.36602685740712,-1.63083904334158,-0.766086041506321,3.21925714980294,27.6721905196014,TRUE,NA
"sigma",8.12,-4.3694164355409,-1.63179772629916,-0.76692543068504,3.22232106976703,27.711799987176,TRUE,NA
"sigma",8.13,-4.3728047518338,-1.63275604280801,-0.767764662307355,3.22538388149111,27.7514213976613,TRUE,NA
"sigma",8.14,-4.37619180802884,-1.63371399321878,-0.768603736186366,3.22844558668928,27.7910547406598,TRUE,NA
"sigma",8.15,-4.37957760586523,-1.6346715778822,-0.769442652137057,3.23150618707084,27.8307000057973,TRUE,NA
"sigma",8.16,-4.3829621470784,-1.63562879714905,-0.770281409976299,3.2345656843404,27.8703571827232,TRUE,NA
"sigma",8.17,-4.38634543339996,-1.63658565137013,-0.771120009522834,3.23762408019781,27.9100262611098,TRUE,NA
"sigma",8.18,-4.38972746655777,-1.63754214089633,-0.771958450597261,3.24068137633825,27.9497072306528,TRUE,NA
"sigma",8.19,-4.3931082482759,-1.63849826607853,-0.772796733022027,3.2437375744522,27.9894000810708,TRUE,NA
"sigma",8.2,-4.39648778027468,-1.63945402726768,-0.773634856621402,3.24679267622549,28.0291048021056,TRUE,NA
"sigma",8.21,-4.39986606427066,-1.64040942481473,-0.774472821221483,3.24984668333928,28.0688213835216,TRUE,NA
"sigma",8.22,-4.40324310197667,-1.64136445907066,-0.775310626650159,3.25289959747014,28.1085498151062,TRUE,NA
"sigma",8.23,-4.40661889510182,-1.64231913038647,-0.776148272737138,3.25595142029001,28.1482900866695,TRUE,NA
"sigma",8.24,-4.40999344535148,-1.64327343911317,-0.77698575931388,3.25900215346624,28.1880421880441,TRUE,NA
"sigma",8.25,-4.41336675442731,-1.64422738560178,-0.777823086213628,3.26205179866162,28.2278061090853,TRUE,NA
"sigma",8.26,-4.41673882402729,-1.6451809702033,-0.778660253271377,3.26510035753438,28.267581839671,TRUE,NA
"sigma",8.27,-4.42010965584568,-1.64613419326876,-0.779497260323862,3.26814783173821,28.3073693697012,TRUE,NA
"sigma",8.28,-4.42347925157308,-1.64708705514916,-0.780334107209561,3.27119422292229,28.3471686890985,TRUE,NA
"sigma",8.29,-4.4268476128964,-1.64803955619549,-0.781170793768648,3.27423953273131,28.3869797878076,TRUE,NA
"sigma",8.3,-4.43021474149892,-1.64899169675873,-0.782007319843027,3.27728376280546,28.4268026557953,TRUE,NA
"sigma",8.31,-4.43358063906023,-1.64994347718982,-0.782843685276283,3.28032691478048,28.4666372830507,TRUE,NA
"sigma",8.32,-4.4369453072563,-1.6508948978397,-0.783679889913689,3.28336899028765,28.5064836595847,TRUE,NA
"sigma",8.33,-4.44030874775946,-1.65184595905924,-0.784515933602185,3.28640999095382,28.5463417754302,TRUE,NA
"sigma",8.34,-4.44367096223842,-1.65279666119933,-0.785351816190379,3.28944991840145,28.5862116206419,TRUE,NA
"sigma",8.35,-4.44703195235827,-1.65374700461076,-0.786187537528512,3.2924887742486,28.6260931852964,TRUE,NA
"sigma",8.36,-4.4503917197805,-1.65469698964431,-0.787023097468473,3.29552656010892,28.6659864594918,TRUE,NA
"sigma",8.37,-4.453750266163,-1.6556466166507,-0.787858495863777,3.29856327759175,28.705891433348,TRUE,NA
"sigma",8.38,-4.45710759316009,-1.6565958859806,-0.788693732569539,3.30159892830204,28.7458080970064,TRUE,NA
"sigma",8.39,-4.4604637024225,-1.65754479798463,-0.789528807442499,3.30463351384045,28.7857364406297,TRUE,NA
"sigma",8.4,-4.4638185955974,-1.65849335301333,-0.790363720340958,3.30766703580331,28.8256764544021,TRUE,NA
"sigma",8.41,-4.46717227432839,-1.65944155141718,-0.79119847112482,3.31069949578266,28.8656281285293,TRUE,NA
"sigma",8.42,-4.47052474025554,-1.6603893935466,-0.792033059655553,3.31373089536627,28.9055914532378,TRUE,NA
"sigma",8.43,-4.47387599501537,-1.66133687975192,-0.792867485796174,3.31676123613766,28.9455664187757,TRUE,NA
"sigma",8.44,-4.47722604024087,-1.6622840103834,-0.793701749411259,3.31979051967607,28.9855530154119,TRUE,NA
"sigma",8.45,-4.48057487756153,-1.66323078579122,-0.794535850366915,3.32281874755655,29.0255512334365,TRUE,NA
"sigma",8.46,-4.48392250860331,-1.66417720632547,-0.795369788530771,3.32584592134994,29.0655610631604,TRUE,NA
"sigma",8.47,-4.48726893498868,-1.66512327233615,-0.796203563771972,3.32887204262286,29.1055824949155,TRUE,NA
"sigma",8.48,-4.49061415833661,-1.66606898417317,-0.797037175961176,3.33189711293778,29.1456155190542,TRUE,NA
"sigma",8.49,-4.49395818026259,-1.66701434218632,-0.797870624970522,3.33492113385297,29.1856601259501,TRUE,NA
"sigma",8.5,-4.49730100237865,-1.66795934672532,-0.798703910673644,3.33794410692261,29.2257163059969,TRUE,NA
"sigma",8.51,-4.50064262629332,-1.66890399813977,-0.79953703294564,3.3409660336967,29.2657840496094,TRUE,NA
"sigma",8.52,-4.50398305361173,-1.66984829677916,-0.800369991663072,3.34398691572115,29.3058633472226,TRUE,NA
"sigma",8.53,-4.50732228593552,-1.67079224299288,-0.801202786703967,3.34700675453776,29.345954189292,TRUE,NA
"sigma",8.54,-4.51066032486291,-1.67173583713016,-0.802035417947776,3.35002555168427,29.3860565662934,TRUE,NA
"sigma",8.55,-4.5139971719887,-1.67267907954017,-0.802867885275394,3.35304330869434,29.4261704687229,TRUE,NA
"sigma",8.56,-4.51733282890426,-1.67362197057192,-0.803700188569142,3.35606002709756,29.4662958870971,TRUE,NA
"sigma",8.57,-4.52066729719755,-1.6745645105743,-0.804532327712743,3.35907570841952,29.5064328119523,TRUE,NA
"sigma",8.58,-4.52400057845314,-1.67550669989607,-0.805364302591327,3.36209035418176,29.5465812338453,TRUE,NA
"sigma",8.59,-4.52733267425221,-1.67644853888587,-0.806196113091419,3.36510396590183,29.5867411433526,TRUE,NA
"sigma",8.6,-4.53066358617254,-1.67739002789217,-0.80702775910093,3.36811654509329,29.6269125310707,TRUE,NA
"sigma",8.61,-4.53399331578856,-1.67833116726334,-0.807859240509139,3.37112809326571,29.6670953876163,TRUE,NA
"sigma",8.62,-4.53732186467133,-1.67927195734757,-0.808690557206699,3.37413861192472,29.7072897036254,TRUE,NA
"sigma",8.63,-4.54064923438854,-1.68021239849293,-0.809521709085602,3.377148102572,29.7474954697542,TRUE,NA
"sigma",8.64,-4.54397542650456,-1.68115249104732,-0.810352696039203,3.3801565667053,29.7877126766782,TRUE,NA
"sigma",8.65,-4.5473004425804,-1.68209223535851,-0.811183517962178,3.38316400581845,29.8279413150928,TRUE,NA
"sigma",8.66,-4.55062428417375,-1.68303163177408,-0.812014174750552,3.38617042140137,29.8681813757128,TRUE,NA
"sigma",8.67,-4.55394695283899,-1.68397068064148,-0.812844666301634,3.38917581494013,29.9084328492724,TRUE,NA
"sigma",8.68,-4.55726845012717,-1.68490938230799,-0.81367499251407,3.3921801879169,29.9486957265254,TRUE,NA
"sigma",8.69,-4.56058877758605,-1.68584773712071,-0.814505153287804,3.39518354180999,29.9889699982448,TRUE,NA
"sigma",8.7,-4.56390793676011,-1.68678574542659,-0.815335148524049,3.39818587809389,30.0292556552228,TRUE,NA
"sigma",8.71,-4.56722592919052,-1.68772340757241,-0.816164978125327,3.40118719823926,30.0695526882711,TRUE,NA
"sigma",8.72,-4.57054275641519,-1.68866072390474,-0.816994641995414,3.40418750371293,30.1098610882203,TRUE,NA
"sigma",8.73,-4.57385841996877,-1.68959769477003,-0.817824140039358,3.40718679597794,30.1501808459201,TRUE,NA
"sigma",8.74,-4.57717292138263,-1.69053432051449,-0.81865347216346,3.41018507649355,30.1905119522393,TRUE,NA
"sigma",8.75,-4.58048626218491,-1.6914706014842,-0.81948263827527,3.41318234671525,30.2308543980655,TRUE,NA
"sigma",8.76,-4.5837984439005,-1.69240653802501,-0.820311638283573,3.41617860809476,30.2712081743055,TRUE,NA
"sigma",8.77,-4.58710946805106,-1.69334213048262,-0.821140472098387,3.41917386208009,30.3115732718846,TRUE,NA
"sigma",8.78,-4.59041933615504,-1.6942773792025,-0.821969139630947,3.42216811011548,30.3519496817469,TRUE,NA
"sigma",8.79,-4.59372804972765,-1.69521228452996,-0.822797640793702,3.42516135364149,30.3923373948555,TRUE,NA
"sigma",8.8,-4.59703561028091,-1.6961468468101,-0.823625975500311,3.42815359409496,30.4327364021917,TRUE,NA
"sigma",8.81,-4.60034201932365,-1.69708106638781,-0.824454143665622,3.43114483290906,30.4731466947557,TRUE,NA
"sigma",8.82,-4.60364727836148,-1.69801494360779,-0.82528214520567,3.43413507151326,30.513568263566,TRUE,NA
"sigma",8.83,-4.60695138889687,-1.69894847881453,-0.826109980037671,3.43712431133341,30.5540010996597,TRUE,NA
"sigma",8.84,-4.6102543524291,-1.69988167235234,-0.82693764808002,3.44011255379167,30.5944451940923,TRUE,NA
"sigma",8.85,-4.61355617045426,-1.70081452456526,-0.827765149252265,3.4430998003066,30.6349005379374,TRUE,NA
"sigma",8.86,-4.61685684446533,-1.70174703579718,-0.828592483475117,3.44608605229314,30.6753671222872,TRUE,NA
"sigma",8.87,-4.62015637595211,-1.70267920639175,-0.829419650670427,3.4490713111626,30.7158449382518,TRUE,NA
"sigma",8.88,-4.62345476640128,-1.70361103669239,-0.830246650761187,3.45205557832272,30.7563339769596,TRUE,NA
"sigma",8.89,-4.62675201729639,-1.70454252704234,-0.831073483671532,3.45503885517766,30.7968342295571,TRUE,NA
"sigma",8.9,-4.63004813011785,-1.70547367778456,-0.8319001493267,3.458021143128,30.8373456872087,TRUE,NA
"sigma",8.91,-4.63334310634298,-1.70640448926184,-0.832726647653065,3.46100244357077,30.8778683410968,TRUE,NA
"sigma",8.92,-4.63663694744597,-1.70733496181672,-0.8335529785781,3.46398275789948,30.9184021824219,TRUE,NA
"sigma",8.93,-4.63992965489794,-1.70826509579152,-0.834379142030373,3.4669620875041,30.9589472024021,TRUE,NA
"sigma",8.94,-4.6432212301669,-1.70919489152831,-0.835205137939565,3.46994043377107,30.9995033922734,TRUE,NA
"sigma",8.95,-4.64651167471779,-1.71012434936896,-0.836030966236415,3.47291779808336,31.0400707432895,TRUE,NA
"sigma",8.96,-4.64980099001247,-1.71105346965506,-0.836856626852762,3.47589418182043,31.0806492467218,TRUE,NA
"sigma",8.97,-4.65308917750975,-1.71198225272802,-0.837682119721514,3.47886958635827,31.1212388938592,TRUE,NA
"sigma",8.98,-4.65637623866538,-1.71291069892896,-0.83850744477663,3.48184401306941,31.1618396760084,TRUE,NA
"sigma",8.99,-4.65966217493205,-1.71383880859878,-0.839332601953126,3.48481746332293,31.2024515844933,TRUE,NA
"sigma",9,-4.66294698775942,-1.71476658207815,-0.840157591187091,3.48778993848447,31.2430746106555,TRUE,NA
"sigma",9.01,-4.66623067859412,-1.71569401970746,-0.840982412415624,3.49076143991624,31.2837087458537,TRUE,NA
"sigma",9.02,-4.66951324887974,-1.71662112182689,-0.841807065576872,3.49373196897705,31.3243539814643,TRUE,NA
"sigma",9.03,-4.67279470005689,-1.71754788877634,-0.84263155061002,3.4967015270223,31.3650103088806,TRUE,NA
"sigma",9.04,-4.67607503356315,-1.71847432089547,-0.843455867455257,3.49967011540401,31.4056777195134,TRUE,NA
"sigma",9.05,-4.67935425083308,-1.71940041852369,-0.844280016053779,3.5026377354708,31.4463562047904,TRUE,NA
"sigma",9.06,-4.68263235329829,-1.72032618200016,-0.845103996347825,3.50560438856797,31.4870457561567,TRUE,NA
"sigma",9.07,-4.68590934238738,-1.72125161166377,-0.845927808280588,3.50857007603743,31.5277463650741,TRUE,NA
"sigma",9.08,-4.68918521952599,-1.72217670785315,-0.846751451796287,3.51153479921776,31.5684580230218,TRUE,NA
"sigma",9.09,-4.69245998613677,-1.72310147090668,-0.847574926840108,3.51449855944423,31.6091807214955,TRUE,NA
"sigma",9.1,-4.69573364363944,-1.72402590116248,-0.848398233358224,3.51746135804877,31.6499144520081,TRUE,NA
"sigma",9.11,-4.69900619345074,-1.72494999895838,-0.849221371297782,3.52042319636003,31.6906592060893,TRUE,NA
"sigma",9.12,-4.7022776369845,-1.72587376463198,-0.850044340606886,3.52338407570335,31.7314149752853,TRUE,NA
"sigma",9.13,-4.70554797565157,-1.72679719852057,-0.85086714123461,3.5263439974008,31.7721817511594,TRUE,NA
"sigma",9.14,-4.70881721085991,-1.72772030096121,-0.85168977313097,3.52930296277117,31.8129595252913,TRUE,NA
"sigma",9.15,-4.71208534401454,-1.72864307229067,-0.852512236246934,3.53226097313002,31.8537482892774,TRUE,NA
"sigma",9.16,-4.71535237651757,-1.72956551284545,-0.853334530534406,3.53521802978964,31.8945480347307,TRUE,NA
"sigma",9.17,-4.71861830976821,-1.73048762296176,-0.854156655946227,3.53817413405909,31.9353587532806,TRUE,NA
"sigma",9.18,-4.72188314516277,-1.73140940297555,-0.854978612436164,3.54112928724422,31.976180436573,TRUE,NA
"sigma",9.19,-4.72514688409467,-1.7323308532225,-0.855800399958899,3.54408349064766,32.0170130762704,TRUE,NA
"sigma",9.2,-4.72840952795445,-1.733251974038,-0.856622018470044,3.54703674556884,32.0578566640512,TRUE,NA
"sigma",9.21,-4.73167107812978,-1.73417276575714,-0.857443467926083,3.54998905330403,32.0987111916106,TRUE,NA
"sigma",9.22,-4.73493153600544,-1.73509322871475,-0.858264748284438,3.55294041514628,32.1395766506597,TRUE,NA
"sigma",9.23,-4.73819090296339,-1.73601336324537,-0.859085859503412,3.5558908323855,32.1804530329259,TRUE,NA
"sigma",9.24,-4.74144918038271,-1.73693316968326,-0.859906801542202,3.55884030630845,32.2213403301527,TRUE,NA
"sigma",9.25,-4.74470636963965,-1.73785264836238,-0.860727574360872,3.56178883819874,32.2622385340998,TRUE,NA
"sigma",9.26,-4.7479624721076,-1.73877179961641,-0.86154817792039,3.56473642933685,32.3031476365429,TRUE,NA
"sigma",9.27,-4.75121748915716,-1.73969062377874,-0.862368612182564,3.56768308100014,32.3440676292737,TRUE,NA
"sigma",9.28,-4.75447142215608,-1.74060912118246,-0.863188877110091,3.57062879446286,32.3849985040997,TRUE,NA
"sigma",9.29,-4.75772427246931,-1.74152729216037,-0.864008972666516,3.57357357099616,32.4259402528444,TRUE,NA
"sigma",9.3,-4.76097604145898,-1.74244513704498,-0.864828898816242,3.5765174118681,32.4668928673472,TRUE,NA
"sigma",9.31,-4.76422673048443,-1.7433626561685,-0.865648655524516,3.57946031834369,32.5078563394631,TRUE,NA
"sigma",9.32,-4.76747634090221,-1.74427984986285,-0.866468242757427,3.58240229168483,32.5488306610631,TRUE,NA
"sigma",9.33,-4.77072487406609,-1.74519671845963,-0.867287660481895,3.5853433331504,32.5898158240337,TRUE,NA
"sigma",9.34,-4.77397233132705,-1.74611326229018,-0.868106908665684,3.58828344399623,32.630811820277,TRUE,NA
"sigma",9.35,-4.77721871403332,-1.74702948168548,-0.868925987277361,3.5912226254751,32.6718186417109,TRUE,NA
"sigma",9.36,-4.78046402353035,-1.74794537697627,-0.869744896286336,3.59416087883679,32.7128362802687,TRUE,NA
"sigma",9.37,-4.78370826116084,-1.74886094849294,-0.870563635662812,3.59709820532804,32.7538647278992,TRUE,NA
"sigma",9.38,-4.78695142826475,-1.7497761965656,-0.871382205377815,3.60003460619261,32.7949039765667,TRUE,NA
"sigma",9.39,-4.79019352617929,-1.75069112152405,-0.872200605403151,3.60297008267127,32.8359540182508,TRUE,NA
"sigma",9.4,-4.79343455623895,-1.75160572369776,-0.873018835711453,3.6059046360018,32.8770148449465,TRUE,NA
"sigma",9.41,-4.79667451977548,-1.75252000341593,-0.873836896276123,3.60883826741899,32.9180864486641,TRUE,NA
"sigma",9.42,-4.79991341811793,-1.75343396100741,-0.874654787071345,3.61177097815473,32.9591688214293,TRUE,NA
"sigma",9.43,-4.80315125259261,-1.75434759680078,-0.875472508072104,3.61470276943789,33.0002619552827,TRUE,NA
"sigma",9.44,-4.80638802452316,-1.75526091112427,-0.876290059254141,3.61763364249444,33.0413658422804,TRUE,NA
"sigma",9.45,-4.8096237352305,-1.75617390430582,-0.877107440593977,3.62056359854742,33.0824804744934,TRUE,NA
"sigma",9.46,-4.81285838603287,-1.75708657667304,-0.877924652068895,3.62349263881693,33.1236058440077,TRUE,NA
"sigma",9.47,-4.81609197824583,-1.75799892855323,-0.878741693656925,3.62642076452018,33.1647419429245,TRUE,NA
"sigma",9.48,-4.81932451318225,-1.7589109602734,-0.879558565336873,3.62934797687148,33.2058887633601,TRUE,NA
"sigma",9.49,-4.82255599215234,-1.7598226721602,-0.880375267088277,3.63227427708223,33.2470462974452,TRUE,NA
"sigma",9.5,-4.82578641646366,-1.76073406453997,-0.881191798891418,3.63519966636097,33.2882145373259,TRUE,NA
"sigma",9.51,-4.82901578742111,-1.76164513773876,-0.882008160727336,3.63812414591338,33.329393475163,TRUE,NA
"sigma",9.52,-4.83224410632692,-1.76255589208228,-0.882824352577777,3.64104771694225,33.370583103132,TRUE,NA
"sigma",9.53,-4.83547137448071,-1.7634663278959,-0.883640374425236,3.64397038064754,33.4117834134231,TRUE,NA
"sigma",9.54,-4.83869759317946,-1.7643764455047,-0.884456226252907,3.64689213822637,33.4529943982415,TRUE,NA
"sigma",9.55,-4.84192276371752,-1.76528624523341,-0.88527190804473,3.64981299087304,33.4942160498066,TRUE,NA
"sigma",9.56,-4.8451468873866,-1.76619572740645,-0.886087419785349,3.65273293977899,33.5354483603528,TRUE,NA
"sigma",9.57,-4.84836996547583,-1.76710489234792,-0.886902761460103,3.6556519861329,33.5766913221289,TRUE,NA
"sigma",9.58,-4.85159199927173,-1.76801374038158,-0.887717933055049,3.65857013112061,33.6179449273981,TRUE,NA
"sigma",9.59,-4.85481299005819,-1.76892227183086,-0.888532934556939,3.66148737592518,33.6592091684385,TRUE,NA
"sigma",9.6,-4.85803293911656,-1.76983048701887,-0.88934776595323,3.6644037217269,33.7004840375422,TRUE,NA
"sigma",9.61,-4.86125184772555,-1.7707383862684,-0.89016242723204,3.66731916970327,33.7417695270158,TRUE,NA
"sigma",9.62,-4.86446971716133,-1.77164596990189,-0.8909769183822,3.67023372102905,33.7830656291803,TRUE,NA
"sigma",9.63,-4.86768654869748,-1.77255323824146,-0.891791239393203,3.67314737687622,33.8243723363711,TRUE,NA
"sigma",9.64,-4.87090234360503,-1.7734601916089,-0.892605390255232,3.67606013841402,33.8656896409377,TRUE,NA
"sigma",9.65,-4.87411710315243,-1.77436683032567,-0.893419370959125,3.67897200680898,33.9070175352437,TRUE,NA
"sigma",9.66,-4.8773308286056,-1.77527315471288,-0.894233181496393,3.68188298322487,33.9483560116673,TRUE,NA
"sigma",9.67,-4.88054352122791,-1.77617916509133,-0.895046821859214,3.68479306882275,33.9897050626005,TRUE,NA
"sigma",9.68,-4.88375518228019,-1.77708486178147,-0.895860292040416,3.68770226476101,34.0310646804493,TRUE,NA
"sigma",9.69,-4.88696581302073,-1.7779902451034,-0.896673592033471,3.69061057219529,34.072434857634,TRUE,NA
"sigma",9.7,-4.89017541470531,-1.77889531537693,-0.897486721832525,3.69351799227858,34.1138155865889,TRUE,NA
"sigma",9.71,-4.89338398858718,-1.77980007292148,-0.898299681432336,3.69642452616115,34.1552068597621,TRUE,NA
"sigma",9.72,-4.89659153591709,-1.78070451805616,-0.899112470828316,3.69933017499065,34.1966086696156,TRUE,NA
"sigma",9.73,-4.89979805794328,-1.78160865109974,-0.899925090016524,3.70223493991203,34.2380210086254,TRUE,NA
"sigma",9.74,-4.90300355591149,-1.78251247237066,-0.900737538993629,3.70513882206758,34.2794438692814,TRUE,NA
"sigma",9.75,-4.90620803106497,-1.78341598218698,-0.901549817756921,3.70804182259699,34.3208772440871,TRUE,NA
"sigma",9.76,-4.90941148464449,-1.78431918086648,-0.902361926304338,3.71094394263727,34.3623211255599,TRUE,NA
"sigma",9.77,-4.91261391788833,-1.78522206872655,-0.903173864634418,3.71384518332283,34.4037755062308,TRUE,NA
"sigma",9.78,-4.91581533203231,-1.78612464608425,-0.903985632746315,3.71674554578545,34.4452403786446,TRUE,NA
"sigma",9.79,-4.91901572830977,-1.7870269132563,-0.904797230639785,3.7196450311543,34.4867157353596,TRUE,NA
"sigma",9.8,-4.92221510795162,-1.78792887055909,-0.905608658315199,3.72254364055596,34.5282015689478,TRUE,NA
"sigma",9.81,-4.92541347218627,-1.78883051830866,-0.906419915773529,3.7254413751144,34.5696978719947,TRUE,NA
"sigma",9.82,-4.92861082223973,-1.78973185682068,-0.907231003016327,3.72833823595104,34.6112046370993,TRUE,NA
"sigma",9.83,-4.93180715933555,-1.79063288641052,-0.908041920045757,3.73123422418468,34.6527218568741,TRUE,NA
"sigma",9.84,-4.93500248469485,-1.79153360739316,-0.908852666864563,3.7341293409316,34.694249523945,TRUE,NA
"sigma",9.85,-4.93819679953631,-1.79243402008325,-0.909663243476069,3.73702358730549,34.7357876309513,TRUE,NA
"sigma",9.86,-4.9413901050762,-1.79333412479512,-0.910473649884185,3.73991696441751,34.7773361705457,TRUE,NA
"sigma",9.87,-4.94458240252839,-1.79423392184271,-0.91128388609339,3.74280947337626,34.8188951353941,TRUE,NA
"sigma",9.88,-4.94777369310431,-1.79513341153965,-0.912093952108747,3.74570111528783,34.8604645181757,TRUE,NA
"sigma",9.89,-4.95096397801302,-1.79603259419919,-0.912903847935875,3.74859189125578,34.9020443115832,TRUE,NA
"sigma",9.9,-4.95415325846117,-1.79693147013425,-0.913713573580968,3.75148180238114,34.943634508322,TRUE,NA
"sigma",9.91,-4.957341535653,-1.79783003965739,-0.914523129050762,3.75437084976245,34.9852351011111,TRUE,NA
"sigma",9.92,-4.96052881079042,-1.79872830308084,-0.915332514352574,3.75725903449575,35.0268460826824,TRUE,NA
"sigma",9.93,-4.9637150850729,-1.79962626071645,-0.916141729494251,3.76014635767458,35.0684674457809,TRUE,NA
"sigma",9.94,-4.96690035969759,-1.80052391287574,-0.916950774484205,3.76303282039001,35.1100991831647,TRUE,NA
"sigma",9.95,-4.97008463585925,-1.80142125986989,-0.91775964933139,3.76591842373062,35.1517412876049,TRUE,NA
"sigma",9.96,-4.97326791475029,-1.8023183020097,-0.918568354045292,3.76880316878253,35.1933937518854,TRUE,NA
"sigma",9.97,-4.97645019756076,-1.80321503960562,-0.919376888635934,3.77168705662942,35.2350565688032,TRUE,NA
"sigma",9.98,-4.97963148547838,-1.80411147296778,-0.920185253113893,3.77457008835249,35.2767297311682,TRUE,NA
"sigma",9.99,-4.9828117796885,-1.80500760240591,-0.920993447490246,3.77745226503053,35.3184132318031,TRUE,NA
"sigma",10,-4.98599108137417,-1.80590342822943,-0.921801471776626,3.78033358773987,35.3601070635434,TRUE,NA
"sigma",10.01,-4.98916939171609,-1.80679895074738,-0.922609325985165,3.78321405755442,35.4018112192374,TRUE,NA
"sigma",10.02,-4.99234671189265,-1.80769417026847,-0.923417010128542,3.78609367554568,35.443525691746,TRUE,NA
"sigma",10.03,-4.99552304307993,-1.80858908710101,-0.924224524219905,3.78897244278275,35.4852504739432,TRUE,NA
"sigma",10.04,-4.99869838645167,-1.80948370155301,-0.925031868272963,3.79185036033229,35.5269855587152,TRUE,NA
"sigma",10.05,-5.00187274317934,-1.81037801393209,-0.925839042301904,3.79472742925861,35.568730938961,TRUE,NA
"sigma",10.06,-5.00504611443209,-1.81127202454552,-0.926646046321438,3.7976036506236,35.6104866075924,TRUE,NA
"sigma",10.07,-5.00821850137679,-1.81216573370023,-0.927452880346758,3.80047902548679,35.6522525575335,TRUE,NA
"sigma",10.08,-5.01138990517803,-1.81305914170276,-0.928259544393566,3.80335355490533,35.6940287817209,TRUE,NA
"sigma",10.09,-5.01456032699811,-1.81395224885934,-0.929066038478067,3.80622723993402,35.735815273104,TRUE,NA
"sigma",10.1,-5.01772976799704,-1.81484505547581,-0.929872362616932,3.80910008162528,35.7776120246443,TRUE,NA
"sigma",10.11,-5.0208982293326,-1.81573756185764,-0.93067851682734,3.81197208102921,35.8194190293158,TRUE,NA
"sigma",10.12,-5.02406571216027,-1.81662976831,-0.93148450112695,3.81484323919355,35.8612362801051,TRUE,NA
"sigma",10.13,-5.0272322176333,-1.81752167513763,-0.932290315533904,3.8177135571637,35.9030637700109,TRUE,NA
"sigma",10.14,-5.03039774690269,-1.81841328264498,-0.93309596006681,3.82058303598277,35.9449014920443,TRUE,NA
"sigma",10.15,-5.03356230111716,-1.81930459113608,-0.933901434744758,3.82345167669152,35.9867494392285,TRUE,NA
"sigma",10.16,-5.03672588142324,-1.82019560091465,-0.93470673958732,3.8263194803284,36.0286076045993,TRUE,NA
"sigma",10.17,-5.03988848896519,-1.82108631228403,-0.935511874614511,3.82918644792957,36.0704759812044,TRUE,NA
"sigma",10.18,-5.04305012488506,-1.8219767255472,-0.936316839846829,3.8320525805289,36.1123545621038,TRUE,NA
"sigma",10.19,-5.04621079032267,-1.82286684100677,-0.937121635305222,3.83491787915796,36.1542433403695,TRUE,NA
"sigma",10.2,-5.04937048641563,-1.82375665896502,-0.93792626101111,3.83778234484603,36.1961423090858,TRUE,NA
"sigma",10.21,-5.05252921429935,-1.82464617972386,-0.938730716986352,3.84064597862013,36.238051461349,TRUE,NA
"sigma",10.22,-5.055686975107,-1.82553540358481,-0.939535003253262,3.84350878150503,36.2799707902672,TRUE,NA
"sigma",10.23,-5.0588437699696,-1.82642433084907,-0.94033911983461,3.8463707545232,36.3219002889608,TRUE,NA
"sigma",10.24,-5.06199960001593,-1.82731296181747,-0.941143066753614,3.84923189869489,36.3638399505621,TRUE,NA
"sigma",10.25,-5.06515446637263,-1.82820129679045,-0.941946844033911,3.85209221503809,36.4057897682152,TRUE,NA
"sigma",10.26,-5.0683083701641,-1.82908933606813,-0.942750451699598,3.85495170456856,36.4477497350761,TRUE,NA
"sigma",10.27,-5.07146131251263,-1.82997707995025,-0.943553889775207,3.85781036829984,36.4897198443129,TRUE,NA
"sigma",10.28,-5.07461329453828,-1.83086452873618,-0.944357158285694,3.86066820724321,36.5317000891052,TRUE,NA
"sigma",10.29,-5.07776431735898,-1.83175168272494,-0.945160257256454,3.86352522240779,36.5736904626447,TRUE,NA
"sigma",10.3,-5.08091438209049,-1.83263854221519,-0.945963186713293,3.86638141480043,36.6156909581346,TRUE,NA
"sigma",10.31,-5.08406348984642,-1.83352510750523,-0.94676594668246,3.86923678542582,36.65770156879,TRUE,NA
"sigma",10.32,-5.08721164173823,-1.83441137889298,-0.947568537190608,3.87209133528644,36.6997222878376,TRUE,NA
"sigma",10.33,-5.09035883887523,-1.83529735667603,-0.94837095826483,3.87494506538258,36.7417531085158,TRUE,NA
"sigma",10.34,-5.09350508236461,-1.83618304115157,-0.9491732099326,3.87779797671236,36.7837940240747,TRUE,NA
"sigma",10.35,-5.0966503733114,-1.83706843261646,-0.949975292221838,3.88065007027171,36.8258450277758,TRUE,NA
"sigma",10.36,-5.09979471281853,-1.83795353136718,-0.950777205160854,3.88350134705441,36.8679061128924,TRUE,NA
"sigma",10.37,-5.1029381019868,-1.83883833769985,-0.95157894877837,3.88635180805206,36.9099772727092,TRUE,NA
"sigma",10.38,-5.10608054191489,-1.83972285191024,-0.952380523103509,3.88920145425411,36.9520585005225,TRUE,NA
"sigma",10.39,-5.10922203369938,-1.84060707429373,-0.953181928165798,3.89205028664789,36.9941497896398,TRUE,NA
"sigma",10.4,-5.11236257843473,-1.84149100514537,-0.953983163995161,3.89489830621854,37.0362511333804,TRUE,NA
"sigma",10.41,-5.11550217721332,-1.84237464475983,-0.954784230621907,3.89774551394912,37.0783625250748,TRUE,NA
"sigma",10.42,-5.11864083112541,-1.84325799343141,-0.955585128076753,3.90059191082052,37.1204839580648,TRUE,NA
"sigma",10.43,-5.1217785412592,-1.84414105145407,-0.956385856390796,3.90343749781153,37.1626154257038,TRUE,NA
"sigma",10.44,-5.1249153087008,-1.84502381912137,-0.957186415595513,3.90628227589884,37.2047569213564,TRUE,NA
"sigma",10.45,-5.12805113453422,-1.84590629672656,-0.957986805722788,3.90912624605699,37.2469084383983,TRUE,NA
"sigma",10.46,-5.13118601984142,-1.84678848456247,-0.958787026804855,3.91196940925846,37.2890699702166,TRUE,NA
"sigma",10.47,-5.13431996570228,-1.84767038292161,-0.959587078874354,3.91481176647362,37.3312415102097,TRUE,NA
"sigma",10.48,-5.13745297319464,-1.84855199209611,-0.960386961964289,3.91765331867076,37.373423051787,TRUE,NA
"sigma",10.49,-5.14058504339425,-1.84943331237773,-0.96118667610803,3.92049406681608,37.4156145883692,TRUE,NA
"sigma",10.5,-5.14371617737483,-1.85031434405787,-0.961986221339329,3.9233340118737,37.4578161133881,TRUE,NA
"sigma",10.51,-5.14684637620805,-1.85119508742758,-0.962785597692296,3.92617315480569,37.5000276202865,TRUE,NA
"sigma",10.52,-5.14997564096354,-1.85207554277755,-0.96358480520143,3.92901149657206,37.5422491025184,TRUE,NA
"sigma",10.53,-5.1531039727089,-1.85295571039807,-0.96438384390155,3.93184903813073,37.5844805535488,TRUE,NA
"sigma",10.54,-5.15623137250967,-1.8538355905791,-0.965182713827865,3.93468578043762,37.6267219668535,TRUE,NA
"sigma",10.55,-5.1593578414294,-1.85471518361023,-0.965981415015943,3.93752172444658,37.6689733359196,TRUE,NA
"sigma",10.56,-5.16248338052961,-1.85559448978069,-0.9667799475017,3.94035687110941,37.711234654245,TRUE,NA
"sigma",10.57,-5.16560799086978,-1.85647350937933,-0.967578311321396,3.94319122137591,37.7535059153383,TRUE,NA
"sigma",10.58,-5.16873167350742,-1.85735224269465,-0.968376506511653,3.94602477619385,37.7957871127194,TRUE,NA
"sigma",10.59,-5.171854429498,-1.85823069001479,-0.969174533109438,3.94885753650897,37.8380782399187,TRUE,NA
"sigma",10.6,-5.17497625989502,-1.85910885162752,-0.969972391152057,3.95168950326501,37.8803792904776,TRUE,NA
"sigma",10.61,-5.17809716574996,-1.85998672782025,-0.970770080677161,3.9545206774037,37.9226902579483,TRUE,NA
"sigma",10.62,-5.18121714811231,-1.86086431888001,-0.971567601722742,3.95735105986477,37.9650111358936,TRUE,NA
"sigma",10.63,-5.1843362080296,-1.8617416250935,-0.972364954327132,3.96018065158597,38.0073419178873,TRUE,NA
"sigma",10.64,-5.18745434654736,-1.86261864674704,-0.973162138528999,3.96300945350304,38.0496825975137,TRUE,NA
"sigma",10.65,-5.19057156470915,-1.86349538412657,-0.973959154367329,3.96583746654977,38.0920331683678,TRUE,NA
"sigma",10.66,-5.19368786355657,-1.86437183751769,-0.974756001881468,3.96866469165794,38.1343936240553,TRUE,NA
"sigma",10.67,-5.19680324412923,-1.86524800720564,-0.975552681111049,3.9714911297574,38.1767639581926,TRUE,NA
"sigma",10.68,-5.1999177074648,-1.86612389347527,-0.976349192096069,3.97431678177601,38.2191441644065,TRUE,NA
"sigma",10.69,-5.203031254599,-1.8669994966111,-0.977145534876832,3.97714164863968,38.2615342363346,TRUE,NA
"sigma",10.7,-5.20614388656558,-1.86787481689727,-0.977941709493951,3.97996573127238,38.3039341676247,TRUE,NA
"sigma",10.71,-5.20925560439636,-1.86874985461755,-0.978737715988376,3.98278903059613,38.3463439519355,TRUE,NA
"sigma",10.72,-5.21236640912122,-1.86962461005536,-0.979533554401372,3.985611547531,38.3887635829358,TRUE,NA
"sigma",10.73,-5.2154763017681,-1.87049908349376,-0.980329224774514,3.98843328299515,38.4311930543052,TRUE,NA
"sigma",10.74,-5.21858528336301,-1.87137327521543,-0.981124727149677,3.99125423790479,38.4736323597335,TRUE,NA
"sigma",10.75,-5.22169335493003,-1.87224718550271,-0.981920061569065,3.99407441317424,38.516081492921,TRUE,NA
"sigma",10.76,-5.22480051749132,-1.87312081463757,-0.98271522807517,3.99689380971587,38.5585404475781,TRUE,NA
"sigma",10.77,-5.22790677206715,-1.87399416290161,-0.983510226710812,3.99971242844016,38.6010092174261,TRUE,NA
"sigma",10.78,-5.23101211967584,-1.87486723057607,-0.984305057519093,4.00253027025568,38.643487796196,TRUE,NA
"sigma",10.79,-5.23411656133382,-1.87574001794184,-0.985099720543429,4.00534733606912,38.6859761776295,TRUE,NA
"sigma",10.8,-5.23722009805563,-1.87661252527945,-0.985894215827524,4.00816362678526,38.7284743554783,TRUE,NA
"sigma",10.81,-5.24032273085389,-1.87748475286903,-0.98668854341538,4.01097914330699,38.7709823235045,TRUE,NA
"sigma",10.82,-5.24342446073935,-1.8783567009904,-0.987482703351311,4.01379388653534,38.8135000754803,TRUE,NA
"sigma",10.83,-5.24652528872087,-1.87922836992299,-0.988276695679897,4.01660785736945,38.8560276051882,TRUE,NA
"sigma",10.84,-5.24962521580542,-1.88009975994588,-0.989070520446019,4.01942105670659,38.8985649064207,TRUE,NA
"sigma",10.85,-5.25272424299809,-1.88097087133777,-0.989864177694849,4.02223348544218,38.9411119729804,TRUE,NA
"sigma",10.86,-5.25582237130211,-1.88184170437703,-0.990657667471846,4.02504514446977,38.9836687986802,TRUE,NA
"sigma",10.87,-5.25891960171882,-1.88271225934165,-0.991450989822731,4.02785603468107,39.0262353773429,TRUE,NA
"sigma",10.88,-5.26201593524772,-1.88358253650925,-0.992244144793542,4.03066615696592,39.0688117028014,TRUE,NA
"sigma",10.89,-5.26511137288643,-1.88445253615711,-0.993037132430566,4.03347551221235,39.1113977688986,TRUE,NA
"sigma",10.9,-5.26820591563075,-1.88532225856214,-0.993829952780384,4.03628410130653,39.1539935694873,TRUE,NA
"sigma",10.91,-5.27129956447458,-1.8861917040009,-0.994622605889852,4.03909192513281,39.1965990984305,TRUE,NA
"sigma",10.92,-5.27439232041002,-1.88706087274957,-0.99541509180608,4.04189898457373,39.2392143496008,TRUE,NA
"sigma",10.93,-5.27748418442731,-1.88792976508398,-0.996207410576477,4.04470528050997,39.2818393168809,TRUE,NA
"sigma",10.94,-5.28057515751485,-1.88879838127961,-0.996999562248704,4.04751081382043,39.3244739941635,TRUE,NA
"sigma",10.95,-5.28366524065923,-1.88966672161157,-0.997791546870693,4.0503155853822,39.3671183753511,TRUE,NA
"sigma",10.96,-5.28675443484518,-1.89053478635462,-0.998583364490642,4.05311959607056,39.4097724543557,TRUE,NA
"sigma",10.97,-5.28984274105564,-1.89140257578315,-0.999375015157012,4.055922846759,39.4524362250995,TRUE,NA
"sigma",10.98,-5.29293016027171,-1.89227009017119,-1.00016649891852,4.05872533831919,39.4951096815144,TRUE,NA
"sigma",10.99,-5.29601669347269,-1.89313732979243,-1.00095781582415,4.06152707162105,39.5377928175419,TRUE,NA
"sigma",11,-5.29910234163607,-1.89400429492017,-1.00174896592315,4.0643280475327,39.5804856271333,TRUE,NA
"sigma",11.01,-5.30218710573753,-1.89487098582739,-1.00253994926501,4.06712826692049,39.6231881042498,TRUE,NA
"sigma",11.02,-5.30527098675095,-1.89573740278669,-1.00333076589946,4.06992773064898,39.665900242862,TRUE,NA
"sigma",11.03,-5.30835398564844,-1.89660354607031,-1.00412141587653,4.07272643958101,39.7086220369502,TRUE,NA
"sigma",11.04,-5.31143610340028,-1.89746941595013,-1.00491189924645,4.0755243945776,39.7513534805044,TRUE,NA
"sigma",11.05,-5.31451734097499,-1.89833501269769,-1.00570221605972,4.07832159649806,39.7940945675243,TRUE,NA
"sigma",11.06,-5.31759769933929,-1.89920033658416,-1.00649236636711,4.08111804619993,39.8368452920191,TRUE,NA
"sigma",11.07,-5.32067717945816,-1.90006538788036,-1.00728235021957,4.083913744539,39.8796056480073,TRUE,NA
"sigma",11.08,-5.32375578229475,-1.90093016685675,-1.00807216766835,4.08670869236935,39.9223756295173,TRUE,NA
"sigma",11.09,-5.3268335088105,-1.90179467378342,-1.00886181876492,4.08950289054329,39.9651552305868,TRUE,NA
"sigma",11.1,-5.32991035996504,-1.90265890893013,-1.009651303561,4.09229633991142,40.0079444452631,TRUE,NA
"sigma",11.11,-5.33298633671626,-1.90352287256626,-1.01044062210852,4.09508904132262,40.0507432676029,TRUE,NA
"sigma",11.12,-5.33606144002031,-1.90438656496086,-1.01122977445969,4.09788099562402,40.0935516916722,TRUE,NA
"sigma",11.13,-5.33913567083156,-1.90524998638259,-1.0120187606669,4.10067220366107,40.1363697115465,TRUE,NA
"sigma",11.14,-5.34220903010266,-1.90611313709979,-1.01280758078281,4.10346266627751,40.1791973213109,TRUE,NA
"sigma",11.15,-5.34528151878448,-1.90697601738042,-1.0135962348603,4.10625238431534,40.2220345150595,TRUE,NA
"sigma",11.16,-5.3483531378262,-1.90783862749209,-1.01438472295247,4.1090413586149,40.2648812868958,TRUE,NA
"sigma",11.17,-5.35142388817523,-1.90870096770207,-1.01517304511267,4.11182959001481,40.307737630933,TRUE,NA
"sigma",11.18,-5.35449377077727,-1.90956303827726,-1.01596120139444,4.11461707935201,40.350603541293,TRUE,NA
"sigma",11.19,-5.35756278657628,-1.91042483948421,-1.01674919185157,4.11740382746177,40.3934790121075,TRUE,NA
"sigma",11.2,-5.36063093651451,-1.91128637158912,-1.01753701653808,4.12018983517766,40.4363640375169,TRUE,NA
"sigma",11.21,-5.3636982215325,-1.91214763485783,-1.01832467550816,4.12297510333157,40.4792586116714,TRUE,NA
"sigma",11.22,-5.36676464256905,-1.91300862955583,-1.01911216881627,4.12575963275375,40.5221627287298,TRUE,NA
"sigma",11.23,-5.36983020056129,-1.91386935594826,-1.01989949651707,4.12854342427276,40.5650763828606,TRUE,NA
"sigma",11.24,-5.37289489644461,-1.91472981429991,-1.02068665866543,4.13132647871551,40.607999568241,TRUE,NA
"sigma",11.25,-5.37595873115273,-1.9155900048752,-1.02147365531643,4.13410879690723,40.6509322790577,TRUE,NA
"sigma",11.26,-5.37902170561765,-1.91644992793821,-1.02226048652538,4.13689037967155,40.6938745095063,TRUE,NA
"sigma",11.27,-5.38208382076968,-1.91730958375268,-1.02304715234776,4.13967122783042,40.7368262537913,TRUE,NA
"sigma",11.28,-5.38514507753748,-1.91816897258197,-1.02383365283932,4.14245134220414,40.7797875061266,TRUE,NA
"sigma",11.29,-5.38820547684798,-1.91902809468912,-1.02461998805596,4.14523072361139,40.822758260735,TRUE,NA
"sigma",11.3,-5.39126501962645,-1.91988695033679,-1.02540615805381,4.14800937286923,40.8657385118482,TRUE,NA
"sigma",11.31,-5.39432370679649,-1.92074553978732,-1.02619216288922,4.15078729079308,40.9087282537071,TRUE,NA
"sigma",11.32,-5.39738153928001,-1.92160386330267,-1.02697800261869,4.15356447819673,40.9517274805612,TRUE,NA
"sigma",11.33,-5.40043851799729,-1.92246192114446,-1.02776367729897,4.15634093589236,40.9947361866693,TRUE,NA
"sigma",11.34,-5.40349464386691,-1.92331971357397,-1.02854918698699,4.15911666469053,41.0377543662989,TRUE,NA
"sigma",11.35,-5.40654991780581,-1.92417724085211,-1.02933453173989,4.16189166540023,41.0807820137265,TRUE,NA
"sigma",11.36,-5.40960434072928,-1.92503450323947,-1.03011971161498,4.16466593882879,41.1238191232375,TRUE,NA
"sigma",11.37,-5.41265791355094,-1.92589150099627,-1.03090472666978,4.16743948578197,41.166865689126,TRUE,NA
"sigma",11.38,-5.41571063718277,-1.92674823438237,-1.031689576962,4.17021230706394,41.2099217056951,TRUE,NA
"sigma",11.39,-5.41876251253512,-1.92760470365731,-1.03247426254955,4.17298440347727,41.2529871672564,TRUE,NA
"sigma",11.4,-5.4218135405167,-1.92846090908026,-1.03325878349053,4.17575577582295,41.2960620681307,TRUE,NA
"sigma",11.41,-5.42486372203457,-1.92931685091006,-1.0340431398432,4.17852642490039,41.3391464026472,TRUE,NA
"sigma",11.42,-5.42791305799418,-1.93017252940519,-1.03482733166605,4.18129635150741,41.3822401651442,TRUE,NA
"sigma",11.43,-5.43096154929933,-1.93102794482379,-1.03561135901771,4.18406555644029,41.4253433499682,TRUE,NA
"sigma",11.44,-5.43400919685222,-1.93188309742364,-1.03639522195703,4.18683404049371,41.468455951475,TRUE,NA
"sigma",11.45,-5.43705600155341,-1.93273798746218,-1.03717892054303,4.18960180446079,41.5115779640285,TRUE,NA
"sigma",11.46,-5.44010196430188,-1.93359261519652,-1.0379624548349,4.19236884913312,41.5547093820016,TRUE,NA
"sigma",11.47,-5.44314708599496,-1.9344469808834,-1.03874582489203,4.19513517530072,41.5978501997759,TRUE,NA
"sigma",11.48,-5.44619136752839,-1.93530108477923,-1.03952903077398,4.19790078375204,41.6410004117412,TRUE,NA
"sigma",11.49,-5.44923480979631,-1.93615492714006,-1.04031207254047,4.20066567527402,41.6841600122963,TRUE,NA
"sigma",11.5,-5.45227741369127,-1.93700850822161,-1.04109495025141,4.20342985065204,41.7273289958484,TRUE,NA
"sigma",11.51,-5.45531918010419,-1.93786182827925,-1.0418776639669,4.20619331066993,41.7705073568132,TRUE,NA
"sigma",11.52,-5.45836010992445,-1.938714887568,-1.04266021374717,4.20895605611004,41.8136950896149,TRUE,NA
"sigma",11.53,-5.46140020403979,-1.93956768634255,-1.04344259965267,4.21171808775313,41.8568921886863,TRUE,NA
"sigma",11.54,-5.4644394633364,-1.94042022485723,-1.04422482174398,4.21447940637847,41.9000986484687,TRUE,NA
"sigma",11.55,-5.46747788869889,-1.94127250336603,-1.04500688008188,4.21724001276382,41.9433144634118,TRUE,NA
"sigma",11.56,-5.47051548101028,-1.94212452212261,-1.04578877472728,4.21999990768539,41.9865396279736,TRUE,NA
"sigma",11.57,-5.47355224115203,-1.94297628138028,-1.0465705057413,4.22275909191792,42.0297741366208,TRUE,NA
"sigma",11.58,-5.47658817000401,-1.94382778139199,-1.04735207318519,4.22551756623461,42.0730179838284,TRUE,NA
"sigma",11.59,-5.47962326844456,-1.94467902241038,-1.04813347712037,4.22827533140717,42.1162711640795,TRUE,NA
"sigma",11.6,-5.48265753735044,-1.94553000468773,-1.04891471760844,4.23103238820584,42.159533671866,TRUE,NA
"sigma",11.61,-5.48569097759684,-1.94638072847596,-1.04969579471112,4.23378873739932,42.2028055016878,TRUE,NA
"sigma",11.62,-5.48872359005742,-1.94723119402669,-1.05047670849034,4.23654437975484,42.2460866480532,TRUE,NA
"sigma",11.63,-5.49175537560428,-1.94808140159118,-1.05125745900816,4.23929931603816,42.2893771054789,TRUE,NA
"sigma",11.64,-5.49478633510798,-1.94893135142035,-1.05203804632679,4.24205354701355,42.3326768684898,TRUE,NA
"sigma",11.65,-5.49781646943753,-1.94978104376476,-1.05281847050862,4.24480707344378,42.375985931619,TRUE,NA
"sigma",11.66,-5.50084577946042,-1.95063047887466,-1.05359873161615,4.24755989609019,42.4193042894079,TRUE,NA
"sigma",11.67,-5.50387426604257,-1.95147965699996,-1.05437882971209,4.25031201571262,42.4626319364061,TRUE,NA
"sigma",11.68,-5.50690193004841,-1.95232857839021,-1.05515876485926,4.25306343306945,42.5059688671713,TRUE,NA
"sigma",11.69,-5.50992877234081,-1.95317724329462,-1.05593853712064,4.25581414891761,42.5493150762695,TRUE,NA
"sigma",11.7,-5.51295479378114,-1.9540256519621,-1.05671814655937,4.25856416401256,42.5926705582749,TRUE,NA
"sigma",11.71,-5.51597999522924,-1.95487380464118,-1.05749759323872,4.26131347910833,42.6360353077696,TRUE,NA
"sigma",11.72,-5.51900437754343,-1.95572170158007,-1.05827687722211,4.26406209495748,42.679409319344,TRUE,NA
"sigma",11.73,-5.52202794158054,-1.95656934302665,-1.05905599857313,4.26681001231114,42.7227925875966,TRUE,NA
"sigma",11.74,-5.52505068819584,-1.95741672922845,-1.05983495735548,4.26955723191898,42.7661851071338,TRUE,NA
"sigma",11.75,-5.52807261824317,-1.95826386043267,-1.06061375363303,4.27230375452926,42.8095868725703,TRUE,NA
"sigma",11.76,-5.5310937325748,-1.95911073688616,-1.06139238746977,4.27504958088879,42.8529978785286,TRUE,NA
"sigma",11.77,-5.53411403204153,-1.95995735883546,-1.06217085892983,4.27779471174297,42.8964181196394,TRUE,NA
"sigma",11.78,-5.53713351749268,-1.96080372652676,-1.0629491680775,4.28053914783574,42.9398475905412,TRUE,NA
"sigma",11.79,-5.54015218977604,-1.96164984020592,-1.0637273149772,4.28328288990966,42.9832862858807,TRUE,NA
"sigma",11.8,-5.54317004973797,-1.96249570011845,-1.06450529969347,4.28602593870585,43.0267342003124,TRUE,NA
"sigma",11.81,-5.54618709822328,-1.96334130650955,-1.06528312229101,4.28876829496403,43.0701913284988,TRUE,NA
"sigma",11.82,-5.54920333607535,-1.96418665962405,-1.06606078283464,4.29150995942251,43.1136576651103,TRUE,NA
"sigma",11.83,-5.55221876413607,-1.96503175970651,-1.06683828138932,4.29425093281817,43.1571332048251,TRUE,NA
"sigma",11.84,-5.55523338324585,-1.96587660700109,-1.06761561802014,4.29699121588653,43.2006179423296,TRUE,NA
"sigma",11.85,-5.55824719424362,-1.96672120175165,-1.0683927927923,4.2997308093617,43.2441118723175,TRUE,NA
"sigma",11.86,-5.56126019796688,-1.96756554420171,-1.06916980577118,4.30246971397637,43.2876149894911,TRUE,NA
"sigma",11.87,-5.56427239525163,-1.96840963459446,-1.06994665702225,4.30520793046187,43.3311272885597,TRUE,NA
"sigma",11.88,-5.56728378693243,-1.96925347317277,-1.0707233466111,4.30794545954815,43.3746487642411,TRUE,NA
"sigma",11.89,-5.57029437384238,-1.97009706017916,-1.07149987460348,4.31068230196374,43.4181794112605,TRUE,NA
"sigma",11.9,-5.57330415681313,-1.97094039585582,-1.07227624106525,4.31341845843583,43.4617192243509,TRUE,NA
"sigma",11.91,-5.57631313667487,-1.97178348044462,-1.07305244606238,4.31615392969023,43.5052681982532,TRUE,NA
"sigma",11.92,-5.57932131425637,-1.9726263141871,-1.073828489661,4.31888871645136,43.5488263277159,TRUE,NA
"sigma",11.93,-5.58232869038494,-1.97346889732447,-1.07460437192732,4.32162281944228,43.5923936074952,TRUE,NA
"sigma",11.94,-5.58533526588644,-1.97431123009759,-1.07538009292769,4.32435623938471,43.6359700323552,TRUE,NA
"sigma",11.95,-5.58834104158532,-1.97515331274703,-1.0761556527286,4.32708897699899,43.6795555970673,TRUE,NA
"sigma",11.96,-5.59134601830459,-1.97599514551299,-1.07693105139661,4.3298210330041,43.723150296411,TRUE,NA
"sigma",11.97,-5.59435019686583,-1.97683672863538,-1.07770628899845,4.33255240811769,43.7667541251731,TRUE,NA
"sigma",11.98,-5.59735357808918,-1.97767806235375,-1.07848136560095,4.33528310305604,43.8103670781482,TRUE,NA
"sigma",11.99,-5.60035616279339,-1.97851914690735,-1.07925628127103,4.3380131185341,43.8539891501384,TRUE,NA
"sigma",12,-5.60335795179577,-1.97935998253507,-1.08003103607576,4.34074245526546,43.8976203359533,TRUE,NA
"sigma",12.01,-5.60635894591222,-1.9802005694755,-1.08080563008231,4.3434711139624,43.9412606304104,TRUE,NA
"sigma",12.02,-5.60935914595722,-1.98104090796691,-1.08158006335795,4.34619909533586,43.9849100283344,TRUE,NA
"sigma",12.03,-5.61235855274387,-1.98188099824721,-1.08235433597009,4.34892640009543,44.0285685245577,TRUE,NA
"sigma",12.04,-5.61535716708383,-1.98272084055402,-1.08312844798623,4.35165302894938,44.0722361139201,TRUE,NA
"sigma",12.05,-5.61835498978738,-1.98356043512462,-1.08390239947398,4.35437898260469,44.1159127912692,TRUE,NA
"sigma",12.06,-5.62135202166341,-1.98439978219596,-1.08467619050108,4.35710426176698,44.1595985514597,TRUE,NA
"sigma",12.07,-5.62434826351938,-1.98523888200467,-1.08544982113534,4.35982886714057,44.2032933893539,TRUE,NA
"sigma",12.08,-5.62734371616139,-1.98607773478706,-1.08622329144472,4.36255279942848,44.2469972998215,TRUE,NA
"sigma",12.09,-5.63033838039415,-1.98691634077911,-1.08699660149724,4.36527605933239,44.2907102777398,TRUE,NA
"sigma",12.1,-5.63333225702097,-1.98775470021649,-1.08776975136108,4.36799864755272,44.3344323179933,TRUE,NA
"sigma",12.11,-5.63632534684378,-1.98859281333453,-1.08854274110447,4.37072056478854,44.3781634154741,TRUE,NA
"sigma",12.12,-5.63931765066315,-1.98943068036826,-1.08931557079579,4.37344181173765,44.4219035650814,TRUE,NA
"sigma",12.13,-5.64230916927826,-1.99026830155236,-1.09008824050347,4.37616238909657,44.465652761722,TRUE,NA
"sigma",12.14,-5.64529990348692,-1.9911056771212,-1.09086075029609,4.3788822975605,44.5094110003098,TRUE,NA
"sigma",12.15,-5.64828985408556,-1.99194280730884,-1.09163310024232,4.38160153782335,44.5531782757663,TRUE,NA
"sigma",12.16,-5.65127902186928,-1.99277969234902,-1.09240529041089,4.38432011057779,44.5969545830202,TRUE,NA
"sigma",12.17,-5.65426740763177,-1.99361633247513,-1.09317732087068,4.38703801651515,44.6407399170073,TRUE,NA
"sigma",12.18,-5.65725501216539,-1.99445272792027,-1.09394919169064,4.38975525632552,44.6845342726709,TRUE,NA
"sigma",12.19,-5.66024183626115,-1.99528887891721,-1.09472090293982,4.39247183069771,44.7283376449614,TRUE,NA
"sigma",12.2,-5.66322788070868,-1.99612478569841,-1.09549245468738,4.39518774031926,44.7721500288366,TRUE,NA
"sigma",12.21,-5.6662131462963,-1.996960448496,-1.09626384700254,4.39790298587644,44.8159714192614,TRUE,NA
"sigma",12.22,-5.66919763381093,-1.99779586754179,-1.09703507995466,4.40061756805425,44.8598018112079,TRUE,NA
"sigma",12.23,-5.6721813440382,-1.99863104306729,-1.09780615361316,4.40333148753645,44.9036411996555,TRUE,NA
"sigma",12.24,-5.67516427776237,-1.99946597530366,-1.09857706804754,4.40604474500552,44.9474895795904,TRUE,NA
"sigma",12.25,-5.67814643576636,-2.00030066448177,-1.09934782332745,4.4087573411427,44.9913469460066,TRUE,NA
"sigma",12.26,-5.68112781883178,-2.00113511083218,-1.10011841952257,4.41146927662798,45.0352132939048,TRUE,NA
"sigma",12.27,-5.68410842773889,-2.00196931458511,-1.10088885670268,4.4141805521401,45.0790886182926,TRUE,NA
"sigma",12.28,-5.68708826326662,-2.00280327597048,-1.10165913493769,4.41689116835654,45.1229729141853,TRUE,NA
"sigma",12.29,-5.69006732619259,-2.00363699521788,-1.10242925429755,4.41960112595358,45.1668661766049,TRUE,NA
"sigma",12.3,-5.69304561729309,-2.0044704725566,-1.10319921485232,4.42231042560623,45.2107684005804,TRUE,NA
"sigma",12.31,-5.69602313734309,-2.0053037082156,-1.10396901667213,4.42501906798828,45.2546795811482,TRUE,NA
"sigma",12.32,-5.69899988711625,-2.00613670242355,-1.10473865982722,4.42772705377227,45.2985997133514,TRUE,NA
"sigma",12.33,-5.70197586738491,-2.00696945540879,-1.1055081443879,4.43043438362954,45.3425287922403,TRUE,NA
"sigma",12.34,-5.70495107892011,-2.00780196739933,-1.10627747042455,4.4331410582302,45.3864668128722,TRUE,NA
"sigma",12.35,-5.70792552249159,-2.0086342386229,-1.10704663800764,4.43584707824312,45.4304137703113,TRUE,NA
"sigma",12.36,-5.71089919886775,-2.00946626930691,-1.10781564720776,4.43855244433598,45.4743696596287,TRUE,NA
"sigma",12.37,-5.71387210881575,-2.01029805967844,-1.10858449809552,4.44125715717522,45.5183344759029,TRUE,NA
"sigma",12.38,-5.71684425310139,-2.01112960996426,-1.10935319074165,4.44396121742609,45.5623082142187,TRUE,NA
"sigma",12.39,-5.71981563248921,-2.01196092039085,-1.11012172521694,4.44666462575262,45.6062908696684,TRUE,NA
"sigma",12.4,-5.72278624774247,-2.01279199118436,-1.11089010159228,4.44936738281763,45.6502824373507,TRUE,NA
"sigma",12.41,-5.72575609962311,-2.01362282257064,-1.11165831993861,4.45206948928276,45.6942829123716,TRUE,NA
"sigma",12.42,-5.72872518889181,-2.01445341477523,-1.11242638032696,4.45477094580844,45.7382922898439,TRUE,NA
"sigma",12.43,-5.73169351630795,-2.01528376802336,-1.11319428282845,4.45747175305389,45.782310564887,TRUE,NA
"sigma",12.44,-5.73466108262964,-2.01611388253992,-1.11396202751425,4.46017191167716,45.8263377326274,TRUE,NA
"sigma",12.45,-5.73762788861373,-2.01694375854955,-1.11472961445563,4.46287142233511,45.8703737881984,TRUE,NA
"sigma",12.46,-5.74059393501575,-2.01777339627653,-1.1154970437239,4.46557028568339,45.9144187267401,TRUE,NA
"sigma",12.47,-5.74355922259002,-2.01860279594485,-1.11626431539048,4.46826850237649,45.9584725433992,TRUE,NA
"sigma",12.48,-5.74652375208953,-2.01943195777822,-1.11703142952684,4.47096607306772,46.0025352333296,TRUE,NA
"sigma",12.49,-5.74948752426607,-2.02026088199998,-1.11779838620453,4.4736629984092,46.0466067916915,TRUE,NA
"sigma",12.5,-5.75245053987011,-2.02108956883323,-1.11856518549516,4.47635927905189,46.0906872136523,TRUE,NA
"sigma",12.51,-5.7554127996509,-2.02191801850073,-1.11933182747043,4.47905491564557,46.1347764943858,TRUE,NA
"sigma",12.52,-5.75837430435642,-2.02274623122492,-1.12009831220208,4.48174990883886,46.1788746290726,TRUE,NA
"sigma",12.53,-5.76133505473339,-2.02357420722796,-1.12086463976194,4.48444425927921,46.2229816129001,TRUE,NA
"sigma",12.54,-5.76429505152729,-2.02440194673171,-1.12163081022191,4.48713796761291,46.2670974410624,TRUE,NA
"sigma",12.55,-5.76725429548237,-2.02522944995771,-1.12239682365396,4.48983103448508,46.3112221087602,TRUE,NA
"sigma",12.56,-5.77021278734159,-2.02605671712717,-1.12316268013008,4.49252346053972,46.3553556112007,TRUE,NA
"sigma",12.57,-5.77317052784671,-2.02688374846106,-1.1239283797224,4.49521524641964,46.3994979435982,TRUE,NA
"sigma",12.58,-5.77612751773823,-2.02771054418,-1.12469392250306,4.49790639276651,46.4436491011732,TRUE,NA
"sigma",12.59,-5.77908375775543,-2.02853710450431,-1.12545930854427,4.50059690022087,46.487809079153,TRUE,NA
"sigma",12.6,-5.78203924863634,-2.02936342965402,-1.12622453791832,4.50328676942211,46.5319778727715,TRUE,NA
"sigma",12.61,-5.78499399111777,-2.03018951984886,-1.12698961069756,4.50597600100845,46.5761554772691,TRUE,NA
"sigma",12.62,-5.78794798593531,-2.03101537530824,-1.12775452695441,4.50866459561702,46.6203418878929,TRUE,NA
"sigma",12.63,-5.7909012338233,-2.03184099625129,-1.12851928676131,4.51135255388379,46.6645370998966,TRUE,NA
"sigma",12.64,-5.79385373551488,-2.03266638289682,-1.12928389019082,4.51403987644359,46.7087411085401,TRUE,NA
"sigma",12.65,-5.79680549174197,-2.03349153546336,-1.13004833731551,4.51672656393014,46.7529539090903,TRUE,NA
"sigma",12.66,-5.79975650323527,-2.03431645416912,-1.13081262820803,4.51941261697602,46.7971754968202,TRUE,NA
"sigma",12.67,-5.80270677072427,-2.03514113923202,-1.13157676294109,4.52209803621271,46.8414058670096,TRUE,NA
"sigma",12.68,-5.80565629493723,-2.03596559086968,-1.13234074158745,4.52478282227053,46.8856450149446,TRUE,NA
"sigma",12.69,-5.80860507660123,-2.03678980929942,-1.13310456421995,4.52746697577872,46.9298929359179,TRUE,NA
"sigma",12.7,-5.81155311644213,-2.03761379473827,-1.13386823091145,4.53015049736539,46.9741496252286,TRUE,NA
"sigma",12.71,-5.81450041518459,-2.03843754740294,-1.13463174173489,4.53283338765754,47.0184150781821,TRUE,NA
"sigma",12.72,-5.81744697355207,-2.03926106750988,-1.13539509676325,4.53551564728105,47.0626892900905,TRUE,NA
"sigma",12.73,-5.82039279226684,-2.0400843552752,-1.1361582960696,4.53819727686073,47.1069722562722,TRUE,NA
"sigma",12.74,-5.82333787204997,-2.04090741091473,-1.136921339727,4.54087827702024,47.1512639720519,TRUE,NA
"sigma",12.75,-5.82628221362133,-2.04173023464402,-1.13768422780863,4.54355864838217,47.1955644327607,TRUE,NA
"sigma",12.76,-5.82922581769963,-2.04255282667831,-1.13844696038769,4.546238391568,47.2398736337362,TRUE,NA
"sigma",12.77,-5.83216868500234,-2.04337518723254,-1.13920953753741,4.54891750719814,47.2841915703223,TRUE,NA
"sigma",12.78,-5.83511081624582,-2.04419731652136,-1.13997195933113,4.55159599589187,47.3285182378693,TRUE,NA
"sigma",12.79,-5.83805221214518,-2.04501921475912,-1.14073422584218,4.5542738582674,47.3728536317336,TRUE,NA
"sigma",12.8,-5.8409928734144,-2.0458408821599,-1.14149633714398,4.55695109494187,47.4171977472782,TRUE,NA
"sigma",12.81,-5.84393280076626,-2.04666231893745,-1.14225829330997,4.5596277065313,47.4615505798721,TRUE,NA
"sigma",12.82,-5.84687199491237,-2.04748352530524,-1.14302009441368,4.56230369365066,47.505912124891,TRUE,NA
"sigma",12.83,-5.84981045656319,-2.04830450147647,-1.14378174052864,4.56497905691383,47.5502823777164,TRUE,NA
"sigma",12.84,-5.85274818642798,-2.04912524766402,-1.14454323172847,4.56765379693362,47.5946613337364,TRUE,NA
"sigma",12.85,-5.85568518521487,-2.04994576408049,-1.14530456808679,4.57032791432176,47.6390489883453,TRUE,NA
"sigma",12.86,-5.8586214536308,-2.05076605093817,-1.14606574967732,4.57300140968891,47.6834453369434,TRUE,NA
"sigma",12.87,-5.86155699238156,-2.05158610844909,-1.14682677657378,4.57567428364467,47.7278503749375,TRUE,NA
"sigma",12.88,-5.86449180217179,-2.05240593682496,-1.14758764884996,4.57834653679758,47.7722640977404,TRUE,NA
"sigma",12.89,-5.86742588370497,-2.05322553627723,-1.14834836657969,4.5810181697551,47.8166865007713,TRUE,NA
"sigma",12.9,-5.87035923768342,-2.05404490701702,-1.14910892983684,4.58368918312364,47.8611175794554,TRUE,NA
"sigma",12.91,-5.87329186480833,-2.05486404925519,-1.14986933869531,4.58635957750857,47.9055573292241,TRUE,NA
"sigma",12.92,-5.87622376577974,-2.05568296320232,-1.15062959322909,4.58902935351418,47.950005745515,TRUE,NA
"sigma",12.93,-5.87915494129653,-2.05650164906866,-1.15138969351216,4.59169851174372,47.9944628237717,TRUE,NA
"sigma",12.94,-5.88208539205644,-2.05732010706421,-1.15214963961855,4.5943670527994,48.0389285594442,TRUE,NA
"sigma",12.95,-5.8850151187561,-2.05813833739866,-1.15290943162236,4.59703497728237,48.0834029479882,TRUE,NA
"sigma",12.96,-5.88794412209097,-2.05895634028143,-1.15366906959772,4.59970228579275,48.127885984866,TRUE,NA
"sigma",12.97,-5.8908724027554,-2.05977411592164,-1.15442855361875,4.6023689789296,48.1723776655455,TRUE,NA
"sigma",12.98,-5.89379996144258,-2.06059166452812,-1.15518788375971,4.60503505729097,48.216877985501,TRUE,NA
"sigma",12.99,-5.89672679884462,-2.06140898630943,-1.15594706009478,4.60770052147385,48.2613869402127,TRUE,NA
"sigma",13,-5.89965291565245,-2.06222608147383,-1.15670608269829,4.61036537207422,48.3059045251668,TRUE,NA
"sigma",13.01,-5.90257831255592,-2.0630429502293,-1.15746495164452,4.61302960968699,48.3504307358558,TRUE,NA
"sigma",13.02,-5.90550299024372,-2.06385959278353,-1.15822366700785,4.6156932349061,48.3949655677779,TRUE,NA
"sigma",13.03,-5.90842694940347,-2.06467600934394,-1.15898222886264,4.61835624832442,48.4395090164375,TRUE,NA
"sigma",13.04,-5.91135019072162,-2.06549220011764,-1.15974063728333,4.62101865053381,48.4840610773449,TRUE,NA
"sigma",13.05,-5.91427271488355,-2.06630816531148,-1.16049889234438,4.62368044212511,48.5286217460164,TRUE,NA
"sigma",13.06,-5.91719452257351,-2.06712390513203,-1.16125699412029,4.62634162368815,48.5731910179743,TRUE,NA
"sigma",13.07,-5.92011561447464,-2.06793941978555,-1.16201494268558,4.62900219581174,48.6177688887468,TRUE,NA
"sigma",13.08,-5.92303599126898,-2.06875470947803,-1.16277273811481,4.63166215908369,48.662355353868,TRUE,NA
"sigma",13.09,-5.92595565363746,-2.0695697744152,-1.16353038048259,4.63432151409076,48.7069504088781,TRUE,NA
"sigma",13.1,-5.92887460225992,-2.07038461480247,-1.16428786986353,4.63698026141875,48.751554049323,TRUE,NA
"sigma",13.11,-5.93179283781509,-2.071199230845,-1.16504520633231,4.63963840165242,48.7961662707548,TRUE,NA
"sigma",13.12,-5.93471036098062,-2.07201362274764,-1.16580238996361,4.64229593537556,48.840787068731,TRUE,NA
"sigma",13.13,-5.93762717243304,-2.072827790715,-1.16655942083215,4.64495286317095,48.8854164388155,TRUE,NA
"sigma",13.14,-5.94054327284781,-2.07364173495137,-1.1673162990127,4.64760918562034,48.9300543765777,TRUE,NA
"sigma",13.15,-5.9434586628993,-2.07445545566079,-1.16807302458003,4.65026490330453,48.9747008775931,TRUE,NA
"sigma",13.16,-5.94637334326078,-2.07526895304698,-1.16882959760896,4.65292001680331,49.0193559374427,TRUE,NA
"sigma",13.17,-5.94928731460446,-2.07608222731344,-1.16958601817432,4.65557452669548,49.0640195517139,TRUE,NA
"sigma",13.18,-5.95220057760144,-2.07689527866335,-1.17034228635101,4.65822843355883,49.1086917159992,TRUE,NA
"sigma",13.19,-5.95511313292176,-2.07770810729962,-1.17109840221391,4.66088173797021,49.1533724258975,TRUE,NA
"sigma",13.2,-5.95802498123437,-2.07852071342489,-1.17185436583794,4.66353444050546,49.1980616770132,TRUE,NA
"sigma",13.21,-5.96093612320717,-2.0793330972415,-1.17261017729807,4.66618654173945,49.2427594649565,TRUE,NA
"sigma",13.22,-5.96384655950696,-2.08014525895156,-1.17336583666927,4.66883804224605,49.2874657853433,TRUE,NA
"sigma",13.23,-5.96675629079948,-2.08095719875686,-1.17412134402656,4.67148894259818,49.3321806337955,TRUE,NA
"sigma",13.24,-5.96966531774941,-2.08176891685893,-1.17487669944496,4.67413924336777,49.3769040059405,TRUE,NA
"sigma",13.25,-5.97257364102035,-2.08258041345902,-1.17563190299953,4.6767889451258,49.4216358974115,TRUE,NA
"sigma",13.26,-5.97548126127486,-2.08339168875812,-1.17638695476535,4.67943804844226,49.4663763038474,TRUE,NA
"sigma",13.27,-5.97838817917442,-2.08420274295692,-1.17714185481754,4.6820865538862,49.5111252208928,TRUE,NA
"sigma",13.28,-5.98129439537947,-2.08501357625586,-1.17789660323122,4.68473446202566,49.5558826441982,TRUE,NA
"sigma",13.29,-5.98419991054936,-2.08582418885508,-1.17865120008154,4.68738177342777,49.6006485694193,TRUE,NA
"sigma",13.3,-5.98710472534244,-2.08663458095449,-1.17940564544368,4.69002848865868,49.6454229922181,TRUE,NA
"sigma",13.31,-5.99000884041595,-2.08744475275368,-1.18015993939285,4.69267460828358,49.6902059082616,TRUE,NA
"sigma",13.32,-5.99291225642614,-2.08825470445199,-1.18091408200425,4.6953201328667,49.7349973132229,TRUE,NA
"sigma",13.33,-5.99581497402816,-2.08906443624849,-1.18166807335314,4.69796506297134,49.7797972027807,TRUE,NA
"sigma",13.34,-5.99871699387616,-2.08987394834197,-1.18242191351478,4.70060939915983,49.8246055726189,TRUE,NA
"sigma",13.35,-6.00161831662322,-2.09068324093095,-1.18317560256444,4.70325314199358,49.8694224184276,TRUE,NA
"sigma",13.36,-6.00451894292139,-2.09149231421369,-1.18392914057744,4.705896292033,49.9142477359021,TRUE,NA
"sigma",13.37,-6.00741887342168,-2.09230116838815,-1.18468252762909,4.70853884983763,49.9590815207434,TRUE,NA
"sigma",13.38,-6.01031810877408,-2.09310980365206,-1.18543576379474,4.71118081596602,50.003923768658,TRUE,NA
"sigma",13.39,-6.01321664962753,-2.09391822020286,-1.18618884914976,4.71382219097578,50.0487744753581,TRUE,NA
"sigma",13.4,-6.01611449662994,-2.09472641823772,-1.18694178376952,4.71646297542363,50.0936336365613,TRUE,NA
"sigma",13.41,-6.01901165042821,-2.09553439795352,-1.18769456772942,4.71910316986531,50.1385012479908,TRUE,NA
"sigma",13.42,-6.02190811166819,-2.09634215954692,-1.18844720110486,4.72174277485564,50.1833773053755,TRUE,NA
"sigma",13.43,-6.02480388099473,-2.09714970321429,-1.18919968397131,4.72438179094853,50.2282618044495,TRUE,NA
"sigma",13.44,-6.02769895905164,-2.09795702915171,-1.18995201640417,4.72702021869694,50.2731547409525,TRUE,NA
"sigma",13.45,-6.03059334648171,-2.09876413755501,-1.19070419847894,4.72965805865292,50.3180561106298,TRUE,NA
"sigma",13.46,-6.03348704392674,-2.09957102861977,-1.19145623027108,4.73229531136759,50.3629659092322,TRUE,NA
"sigma",13.47,-6.03638005202749,-2.10037770254128,-1.1922081118561,4.73493197739117,50.4078841325157,TRUE,NA
"sigma",13.48,-6.03927237142371,-2.10118415951458,-1.19295984330952,4.73756805727292,50.4528107762421,TRUE,NA
"sigma",13.49,-6.04216400275415,-2.10199039973442,-1.19371142470684,4.74020355156123,50.4977458361784,TRUE,NA
"sigma",13.5,-6.04505494665655,-2.10279642339531,-1.19446285612362,4.74283846080354,50.5426893080971,TRUE,NA
"sigma",13.51,-6.04794520376763,-2.10360223069149,-1.1952141376354,4.74547278554642,50.5876411877762,TRUE,NA
"sigma",13.52,-6.05083477472313,-2.10440782181692,-1.19596526931775,4.74810652633548,50.632601470999,TRUE,NA
"sigma",13.53,-6.05372366015777,-2.10521319696532,-1.19671625124625,4.75073968371547,50.6775701535542,TRUE,NA
"sigma",13.54,-6.05661186070527,-2.10601835633013,-1.1974670834965,4.75337225823021,50.7225472312361,TRUE,NA
"sigma",13.55,-6.05949937699838,-2.10682330010454,-1.19821776614409,4.75600425042262,50.767532699844,TRUE,NA
"sigma",13.56,-6.06238620966882,-2.10762802848146,-1.19896829926464,4.75863566083474,50.812526555183,TRUE,NA
"sigma",13.57,-6.06527235934734,-2.10843254165353,-1.19971868293378,4.76126649000767,50.8575287930631,TRUE,NA
"sigma",13.58,-6.06815782666369,-2.10923683981317,-1.20046891722716,4.76389673848166,50.9025394093,TRUE,NA
"sigma",13.59,-6.07104261224663,-2.11004092315251,-1.20121900222041,4.76652640679603,50.9475583997147,TRUE,NA
"sigma",13.6,-6.07392671672394,-2.11084479186341,-1.20196893798919,4.76915549548923,50.9925857601332,TRUE,NA
"sigma",13.61,-6.07681014072242,-2.11164844613748,-1.20271872460917,4.77178400509882,51.0376214863872,TRUE,NA
"sigma",13.62,-6.07969288486788,-2.11245188616608,-1.20346836215604,4.77441193616147,51.0826655743135,TRUE,NA
"sigma",13.63,-6.08257494978516,-2.1132551121403,-1.20421785070547,4.77703928921295,51.1277180197542,TRUE,NA
"sigma",13.64,-6.08545633609809,-2.11405812425096,-1.20496719033317,4.77966606478816,51.1727788185567,TRUE,NA
"sigma",13.65,-6.08833704442958,-2.11486092268865,-1.20571638111483,4.78229226342112,51.2178479665738,TRUE,NA
"sigma",13.66,-6.09121707540151,-2.11566350764366,-1.20646542312617,4.78491788564498,51.2629254596632,TRUE,NA
"sigma",13.67,-6.09409642963483,-2.11646587930606,-1.20721431644291,4.78754293199199,51.3080112936883,TRUE,NA
"sigma",13.68,-6.0969751077495,-2.11726803786565,-1.20796306114077,4.79016740299354,51.3531054645173,TRUE,NA
"sigma",13.69,-6.09985311036452,-2.11806998351196,-1.20871165729549,4.79279129918015,51.398207968024,TRUE,NA
"sigma",13.7,-6.10273043809792,-2.11887171643427,-1.2094601049828,4.79541462108146,51.4433188000872,TRUE,NA
"sigma",13.71,-6.10560709156678,-2.11967323682162,-1.21020840427845,4.79803736922624,51.4884379565909,TRUE,NA
"sigma",13.72,-6.1084830713872,-2.12047454486276,-1.2109565552582,4.80065954414241,51.5335654334243,TRUE,NA
"sigma",13.73,-6.11135837817433,-2.12127564074622,-1.2117045579978,4.80328114635701,51.5787012264819,TRUE,NA
"sigma",13.74,-6.11423301254237,-2.12207652466025,-1.212452412573,4.80590217639622,51.6238453316632,TRUE,NA
"sigma",13.75,-6.11710697510455,-2.12287719679285,-1.21320011905958,4.80852263478537,51.6689977448731,TRUE,NA
"sigma",13.76,-6.11998026647317,-2.12367765733177,-1.21394767753331,4.8111425220489,51.7141584620213,TRUE,NA
"sigma",13.77,-6.12285288725955,-2.12447790646451,-1.21469508806995,4.81376183871045,51.759327479023,TRUE,NA
"sigma",13.78,-6.1257248380741,-2.12527794437829,-1.2154423507453,4.81638058529276,51.8045047917982,TRUE,NA
"sigma",13.79,-6.12859611952624,-2.12607777126012,-1.21618946563512,4.81899876231772,51.8496903962724,TRUE,NA
"sigma",13.8,-6.13146673222448,-2.12687738729673,-1.21693643281521,4.8216163703064,51.8948842883758,TRUE,NA
"sigma",13.81,-6.13433667677636,-2.12767679267458,-1.21768325236135,4.82423340977898,51.940086464044,TRUE,NA
"sigma",13.82,-6.13720595378851,-2.12847598757991,-1.21842992434933,4.82684988125484,51.9852969192174,TRUE,NA
"sigma",13.83,-6.1400745638666,-2.1292749721987,-1.21917644885494,4.82946578525247,52.0305156498419,TRUE,NA
"sigma",13.84,-6.14294250761536,-2.13007374671667,-1.21992282595397,4.83208112228956,52.075742651868,TRUE,NA
"sigma",13.85,-6.14580978563861,-2.13087231131929,-1.22066905572221,4.83469589288293,52.1209779212515,TRUE,NA
"sigma",13.86,-6.14867639853921,-2.13167066619179,-1.22141513823548,4.83731009754856,52.1662214539534,TRUE,NA
"sigma",13.87,-6.1515423469191,-2.13246881151914,-1.22216107356954,4.83992373680162,52.2114732459393,TRUE,NA
"sigma",13.88,-6.15440763137931,-2.13326674748605,-1.22290686180021,4.84253681115643,52.2567332931802,TRUE,NA
"sigma",13.89,-6.15727225251992,-2.134064474277,-1.22365250300327,4.84514932112647,52.302001591652,TRUE,NA
"sigma",13.9,-6.16013621094009,-2.13486199207622,-1.22439799725453,4.84776126722441,52.3472781373356,TRUE,NA
"sigma",13.91,-6.16299950723806,-2.13565930106767,-1.22514334462977,4.85037264996206,52.3925629262168,TRUE,NA
"sigma",13.92,-6.16586214201115,-2.13645640143509,-1.2258885452048,4.85298346985044,52.4378559542866,TRUE,NA
"sigma",13.93,-6.16872411585576,-2.13725329336195,-1.22663359905539,4.85559372739971,52.4831572175407,TRUE,NA
"sigma",13.94,-6.17158542936738,-2.13804997703147,-1.22737850625735,4.85820342311925,52.52846671198,TRUE,NA
"sigma",13.95,-6.17444608314058,-2.13884645262665,-1.22812326688646,4.86081255751757,52.5737844336103,TRUE,NA
"sigma",13.96,-6.17730607776901,-2.13964272033022,-1.22886788101851,4.86342113110239,52.6191103784423,TRUE,NA
"sigma",13.97,-6.18016541384543,-2.14043878032467,-1.22961234872928,4.86602914438061,52.6644445424916,TRUE,NA
"sigma",13.98,-6.18302409196167,-2.14123463279225,-1.23035667009455,4.86863659785832,52.7097869217787,TRUE,NA
"sigma",13.99,-6.18588211270866,-2.14203027791494,-1.2311008451901,4.87124349204079,52.7551375123293,TRUE,NA
"sigma",14,-6.18873947667643,-2.1428257158745,-1.2318448740917,4.87384982743246,52.8004963101736,TRUE,NA
"sigma",14.01,-6.19159618445411,-2.14362094685244,-1.23258875687513,4.876455604537,52.845863311347,TRUE,NA
"sigma",14.02,-6.19445223662991,-2.14441597103002,-1.23333249361614,4.87906082385724,52.8912385118895,TRUE,NA
"sigma",14.03,-6.19730763379115,-2.14521078858827,-1.23407608439052,4.88166548589522,52.9366219078464,TRUE,NA
"sigma",14.04,-6.20016237652427,-2.14600539970794,-1.234819529274,4.88426959115217,52.9820134952674,TRUE,NA
"sigma",14.05,-6.20301646541481,-2.14679980456959,-1.23556282834235,4.88687314012851,53.0274132702074,TRUE,NA
"sigma",14.06,-6.20586990104737,-2.14759400335349,-1.23630598167131,4.88947613332389,53.072821228726,TRUE,NA
"sigma",14.07,-6.20872268400573,-2.14838799623969,-1.23704898933662,4.89207857123712,53.1182373668877,TRUE,NA
"sigma",14.08,-6.21157481487274,-2.14918178340799,-1.23779185141402,4.89468045436625,53.1636616807616,TRUE,NA
"sigma",14.09,-6.21442629423035,-2.14997536503796,-1.23853456797923,4.89728178320851,53.2090941664219,TRUE,NA
"sigma",14.1,-6.21727712265966,-2.15076874130892,-1.23927713910799,4.89988255826036,53.2545348199475,TRUE,NA
"sigma",14.11,-6.22012730074087,-2.15156191239994,-1.24001956487601,4.90248278001744,53.2999836374222,TRUE,NA
"sigma",14.12,-6.22297682905328,-2.15235487848986,-1.240761845359,4.90508244897463,53.3454406149343,TRUE,NA
"sigma",14.13,-6.22582570817534,-2.15314763975729,-1.24150398063267,4.907681565626,53.3909057485772,TRUE,NA
"sigma",14.14,-6.2286739386846,-2.15394019638057,-1.2422459707727,4.91028013046485,53.436379034449,TRUE,NA
"sigma",14.15,-6.23152152115774,-2.15473254853784,-1.24298781585479,4.91287814398369,53.4818604686524,TRUE,NA
"sigma",14.16,-6.23436845617058,-2.15552469640695,-1.24372951595462,4.91547560667426,53.527350047295,TRUE,NA
"sigma",14.17,-6.23721474429803,-2.15631664016558,-1.24447107114785,4.91807251902749,53.572847766489,TRUE,NA
"sigma",14.18,-6.24006038611417,-2.1571083799911,-1.24521248151016,4.92066888153355,53.6183536223516,TRUE,NA
"sigma",14.19,-6.24290538219218,-2.15789991606068,-1.24595374711718,4.92326469468185,53.6638676110044,TRUE,NA
"sigma",14.2,-6.2457497331044,-2.15869124855125,-1.24669486804458,4.925859958961,53.709389728574,TRUE,NA
"sigma",14.21,-6.24859343942228,-2.1594823776395,-1.24743584436799,4.92845467485885,53.7549199711914,TRUE,NA
"sigma",14.22,-6.25143650171642,-2.16027330350189,-1.24817667616303,4.93104884286246,53.8004583349926,TRUE,NA
"sigma",14.23,-6.25427892055654,-2.16106402631462,-1.24891736350532,4.93364246345816,53.8460048161181,TRUE,NA
"sigma",14.24,-6.25712069651153,-2.16185454625369,-1.24965790647046,4.93623553713147,53.8915594107132,TRUE,NA
"sigma",14.25,-6.2599618301494,-2.16264486349482,-1.25039830513406,4.93882806436717,53.9371221149278,TRUE,NA
"sigma",14.26,-6.26280232203731,-2.16343497821354,-1.2511385595717,4.94142004564925,53.9826929249163,TRUE,NA
"sigma",14.27,-6.26564217274157,-2.16422489058509,-1.25187866985893,4.94401148146097,54.0282718368379,TRUE,NA
"sigma",14.28,-6.26848138282762,-2.16501460078455,-1.25261863607135,4.94660237228483,54.0738588468567,TRUE,NA
"sigma",14.29,-6.27131995286006,-2.1658041089867,-1.25335845828451,4.94919271860252,54.119453951141,TRUE,NA
"sigma",14.3,-6.27415788340264,-2.16659341536612,-1.25409813657392,4.95178252089503,54.1650571458638,TRUE,NA
"sigma",14.31,-6.27699517501827,-2.16738252009714,-1.25483767101513,4.95437177964257,54.2106684272029,TRUE,NA
"sigma",14.32,-6.27983182826901,-2.16817142335386,-1.25557706168366,4.9569604953246,54.2562877913408,TRUE,NA
"sigma",14.33,-6.28266784371606,-2.16896012531017,-1.256316308655,4.95954866841982,54.3019152344641,TRUE,NA
"sigma",14.34,-6.2855032219198,-2.16974862613969,-1.25705541200465,4.96213629940618,54.3475507527645,TRUE,NA
"sigma",14.35,-6.28833796343976,-2.17053692601583,-1.25779437180809,4.96472338876091,54.393194342438,TRUE,NA
"sigma",14.36,-6.29117206883463,-2.17132502511177,-1.25853318814078,4.96730993696044,54.4388459996852,TRUE,NA
"sigma",14.37,-6.29400553866225,-2.17211292360046,-1.25927186107818,4.96989594448051,54.4845057207114,TRUE,NA
"sigma",14.38,-6.29683837347966,-2.17290062165459,-1.26001039069573,4.97248141179607,54.5301735017263,TRUE,NA
"sigma",14.39,-6.29967057384304,-2.17368811944666,-1.26074877706884,4.97506633938137,54.5758493389441,TRUE,NA
"sigma",14.4,-6.30250214030773,-2.17447541714892,-1.26148702027294,4.97765072770989,54.6215332285837,TRUE,NA
"sigma",14.41,-6.30533307342826,-2.17526251493339,-1.26222512038342,4.98023457725438,54.6672251668685,TRUE,NA
"sigma",14.42,-6.30816337375833,-2.17604941297186,-1.26296307747565,4.98281788848684,54.7129251500263,TRUE,NA
"sigma",14.43,-6.3109930418508,-2.17683611143589,-1.26370089162502,4.98540066187857,54.7586331742895,TRUE,NA
"sigma",14.44,-6.31382207825772,-2.17762261049682,-1.26443856290686,4.9879828979001,54.8043492358949,TRUE,NA
"sigma",14.45,-6.31665048353031,-2.17840891032576,-1.26517609139653,4.99056459702126,54.8500733310839,TRUE,NA
"sigma",14.46,-6.31947825821895,-2.17919501109358,-1.26591347716934,4.99314575971109,54.8958054561023,TRUE,NA
"sigma",14.47,-6.32230540287325,-2.17998091297094,-1.2666507203006,4.99572638643799,54.9415456072005,TRUE,NA
"sigma",14.48,-6.32513191804194,-2.18076661612826,-1.26738782086561,4.99830647766956,54.9872937806333,TRUE,NA
"sigma",14.49,-6.32795780427298,-2.18155212073573,-1.26812477893962,5.00088603387271,55.0330499726596,TRUE,NA
"sigma",14.5,-6.3307830621135,-2.18233742696332,-1.26886159459791,5.00346505551361,55.0788141795434,TRUE,NA
"sigma",14.51,-6.3336076921098,-2.18312253498079,-1.26959826791572,5.00604354305771,55.1245863975527,TRUE,NA
"sigma",14.52,-6.3364316948074,-2.18390744495763,-1.27033479896826,5.00862149696977,55.17036662296,TRUE,NA
"sigma",14.53,-6.33925507075099,-2.18469215706316,-1.27107118783077,5.01119891771377,55.2161548520423,TRUE,NA
"sigma",14.54,-6.34207782048445,-2.18547667146644,-1.27180743457841,5.01377580575302,55.261951081081,TRUE,NA
"sigma",14.55,-6.34489994455086,-2.1862609883363,-1.27254353928637,5.01635216155011,55.3077553063618,TRUE,NA
"sigma",14.56,-6.34772144349251,-2.18704510784137,-1.27327950202981,5.0189279855669,55.3535675241749,TRUE,NA
"sigma",14.57,-6.35054231785086,-2.18782903015004,-1.27401532288387,5.02150327826455,55.3993877308148,TRUE,NA
"sigma",14.58,-6.35336256816658,-2.18861275543048,-1.27475100192366,5.02407804010349,55.4452159225805,TRUE,NA
"sigma",14.59,-6.35618219497954,-2.18939628385064,-1.2754865392243,5.02665227154347,55.4910520957753,TRUE,NA
"sigma",14.6,-6.35900119882882,-2.19017961557824,-1.27622193486085,5.02922597304351,55.5368962467067,TRUE,NA
"sigma",14.61,-6.3618195802527,-2.1909627507808,-1.2769571889084,5.03179914506193,55.5827483716869,TRUE,NA
"sigma",14.62,-6.36463733978864,-2.19174568962557,-1.27769230144199,5.03437178805634,55.6286084670322,TRUE,NA
"sigma",14.63,-6.36745447797335,-2.19252843227962,-1.27842727253664,5.03694390248367,55.6744765290631,TRUE,NA
"sigma",14.64,-6.37027099534272,-2.1933109789098,-1.27916210226738,5.0395154888001,55.720352554105,TRUE,NA
"sigma",14.65,-6.37308689243185,-2.19409332968271,-1.27989679070918,5.04208654746116,55.766236538487,TRUE,NA
"sigma",14.66,-6.37590216977507,-2.19487548476474,-1.28063133793702,5.04465707892167,55.8121284785427,TRUE,NA
"sigma",14.67,-6.3787168279059,-2.19565744432209,-1.28136574402585,5.04722708363573,55.8580283706101,TRUE,NA
"sigma",14.68,-6.38153086735709,-2.19643920852068,-1.28210000905061,5.04979656205677,55.9039362110316,TRUE,NA
"sigma",14.69,-6.3843442886606,-2.19722077752626,-1.2828341330862,5.0523655146375,55.9498519961535,TRUE,NA
"sigma",14.7,-6.38715709234762,-2.19800215150435,-1.2835681162075,5.05493394182998,55.9957757223269,TRUE,NA
"sigma",14.71,-6.38996927894855,-2.19878333062024,-1.28430195848941,5.05750184408552,56.0417073859065,TRUE,NA
"sigma",14.72,-6.392780848993,-2.199564315039,-1.28503566000676,5.0600692218548,56.0876469832519,TRUE,NA
"sigma",14.73,-6.39559180300982,-2.2003451049255,-1.28576922083438,5.06263607558778,56.1335945107267,TRUE,NA
"sigma",14.74,-6.39840214152709,-2.20112570044438,-1.28650264104709,5.06520240573373,56.1795499646986,TRUE,NA
"sigma",14.75,-6.40121186507209,-2.20190610176006,-1.28723592071967,5.06776821274124,56.2255133415399,TRUE,NA
"sigma",14.76,-6.40402097417135,-2.20268630903674,-1.28796905992688,5.07033349705824,56.2714846376268,TRUE,NA
"sigma",14.77,-6.40682946935062,-2.20346632243842,-1.28870205874347,5.07289825913195,56.3174638493398,TRUE,NA
"sigma",14.78,-6.40963735113489,-2.20424614212886,-1.28943491724416,5.07546249940892,56.3634509730637,TRUE,NA
"sigma",14.79,-6.41244462004836,-2.20502576827163,-1.29016763550364,5.07802621833503,56.4094460051874,TRUE,NA
"sigma",14.8,-6.4152512766145,-2.20580520103006,-1.29090021359661,5.08058941635546,56.4554489421042,TRUE,NA
"sigma",14.81,-6.41805732135597,-2.20658444056727,-1.29163265159771,5.08315209391473,56.5014597802112,TRUE,NA
"sigma",14.82,-6.42086275479471,-2.20736348704619,-1.29236494958158,5.08571425145669,56.5474785159101,TRUE,NA
"sigma",14.83,-6.42366757745187,-2.20814234062949,-1.29309710762283,5.0882758894245,56.5935051456066,TRUE,NA
"sigma",14.84,-6.42647178984786,-2.20892100147967,-1.29382912579604,5.09083700826067,56.6395396657106,TRUE,NA
"sigma",14.85,-6.42927539250231,-2.20969946975899,-1.29456100417579,5.09339760840703,56.685582072636,TRUE,NA
"sigma",14.86,-6.43207838593411,-2.21047774562951,-1.29529274283661,5.09595769030473,56.7316323628011,TRUE,NA
"sigma",14.87,-6.4348807706614,-2.21125582925304,-1.29602434185302,5.09851725439428,56.7776905326281,TRUE,NA
"sigma",14.88,-6.43768254720154,-2.21203372079123,-1.29675580129951,5.1010763011155,56.8237565785436,TRUE,NA
"sigma",14.89,-6.44048371607116,-2.2128114204055,-1.29748712125056,5.10363483090755,56.869830496978,TRUE,NA
"sigma",14.9,-6.44328427778614,-2.21358892825704,-1.29821830178062,5.10619284420893,56.9159122843663,TRUE,NA
"sigma",14.91,-6.44608423286159,-2.21436624450682,-1.29894934296411,5.10875034145751,56.962001937147,TRUE,NA
"sigma",14.92,-6.44888358181189,-2.21514336931566,-1.29968024487543,5.11130732309043,57.0080994517633,TRUE,NA
"sigma",14.93,-6.45168232515068,-2.21592030284408,-1.30041100758895,5.11386378954424,57.0542048246619,TRUE,NA
"sigma",14.94,-6.45448046339084,-2.21669704525247,-1.30114163117902,5.1164197412548,57.1003180522942,TRUE,NA
"sigma",14.95,-6.4572779970445,-2.21747359670095,-1.30187211571997,5.11897517865731,57.1464391311153,TRUE,NA
"sigma",14.96,-6.46007492662308,-2.21824995734947,-1.30260246128611,5.12153010218635,57.1925680575845,TRUE,NA
"sigma",14.97,-6.46287125263724,-2.21902612735774,-1.30333266795169,5.12408451227581,57.238704828165,TRUE,NA
"sigma",14.98,-6.46566697559688,-2.21980210688528,-1.30406273579099,5.12663840935894,57.2848494393243,TRUE,NA
"sigma",14.99,-6.4684620960112,-2.2205778960914,-1.30479266487823,5.12919179386834,57.3310018875339,TRUE,NA
"sigma",15,-6.47125661438865,-2.22135349513518,-1.3055224552876,5.13174466623598,57.3771621692692,TRUE,NA
"sigma",15.01,-6.47405053123694,-2.22212890417553,-1.30625210709327,5.13429702689315,57.4233302810096,TRUE,NA
"sigma",15.02,-6.47684384706306,-2.22290412337111,-1.30698162036941,5.13684887627053,57.4695062192389,TRUE,NA
"sigma",15.03,-6.47963656237325,-2.22367915288039,-1.30771099519013,5.13940021479814,57.5156899804444,TRUE,NA
"sigma",15.04,-6.48242867767304,-2.22445399286164,-1.30844023162952,5.14195104290534,57.561881561118,TRUE,NA
"sigma",15.05,-6.48522019346721,-2.22522864347291,-1.30916932976167,5.14450136102087,57.6080809577552,TRUE,NA
"sigma",15.06,-6.48801111025984,-2.22600310487206,-1.30989828966062,5.14705116957282,57.6542881668554,TRUE,NA
"sigma",15.07,-6.49080142855426,-2.22677737721672,-1.31062711140038,5.14960046898867,57.7005031849223,TRUE,NA
"sigma",15.08,-6.4935911488531,-2.22755146066434,-1.31135579505494,5.15214925969521,57.7467260084636,TRUE,NA
"sigma",15.09,-6.49638027165824,-2.22832535537213,-1.31208434069827,5.15469754211863,57.7929566339906,TRUE,NA
"sigma",15.1,-6.49916879747085,-2.22909906149712,-1.31281274840431,5.15724531668448,57.839195058019,TRUE,NA
"sigma",15.11,-6.5019567267914,-2.22987257919613,-1.31354101824696,5.15979258381768,57.8854412770682,TRUE,NA
"sigma",15.12,-6.50474406011962,-2.23064590862579,-1.31426915030013,5.16233934394251,57.9316952876617,TRUE,NA
"sigma",15.13,-6.50753079795452,-2.23141904994248,-1.31499714463764,5.16488559748262,57.9779570863268,TRUE,NA
"sigma",15.14,-6.51031694079441,-2.23219200330242,-1.31572500133336,5.16743134486103,58.0242266695949,TRUE,NA
"sigma",15.15,-6.51310248913688,-2.23296476886162,-1.31645272046107,5.16997658650015,58.0705040340013,TRUE,NA
"sigma",15.16,-6.5158874434788,-2.23373734677586,-1.31718030209452,5.17252132282175,58.1167891760849,TRUE,NA
"sigma",15.17,-6.51867180431634,-2.23450973720074,-1.31790774630749,5.17506555424695,58.1630820923891,TRUE,NA
"sigma",15.18,-6.52145557214496,-2.23528194029165,-1.31863505317369,5.1776092811963,58.2093827794608,TRUE,NA
"sigma",15.19,-6.52423874745941,-2.23605395620379,-1.3193622227668,5.18015250408968,58.255691233851,TRUE,NA
"sigma",15.2,-6.52702133075372,-2.23682578509212,-1.32008925516049,5.18269522334638,58.3020074521143,TRUE,NA
"sigma",15.21,-6.52980332252123,-2.23759742711144,-1.32081615042839,5.18523743938504,58.3483314308095,TRUE,NA
"sigma",15.22,-6.53258472325458,-2.23836888241635,-1.32154290864411,5.18777915262373,58.3946631664994,TRUE,NA
"sigma",15.23,-6.53536553344569,-2.23914015116119,-1.3222695298812,5.19032036347985,58.4410026557501,TRUE,NA
"sigma",15.24,-6.5381457535858,-2.23991123350017,-1.32299601421325,5.1928610723702,58.4873498951323,TRUE,NA
"sigma",15.25,-6.54092538416543,-2.24068212958726,-1.32372236171375,5.19540127971099,58.5337048812199,TRUE,NA
"sigma",15.26,-6.5437044256744,-2.24145283957623,-1.32444857245618,5.1979409859178,58.580067610591,TRUE,NA
"sigma",15.27,-6.54648287860187,-2.24222336362067,-1.32517464651402,5.20048019140558,58.6264380798276,TRUE,NA
"sigma",15.28,-6.54926074343625,-2.24299370187396,-1.32590058396069,5.2030188965887,58.6728162855154,TRUE,NA
"sigma",15.29,-6.5520380206653,-2.24376385448926,-1.32662638486959,5.20555710188091,58.7192022242439,TRUE,NA
"sigma",15.3,-6.55481471077607,-2.24453382161958,-1.3273520493141,5.20809480769534,58.7655958926066,TRUE,NA
"sigma",15.31,-6.55759081425491,-2.24530360341769,-1.32807757736755,5.21063201444453,58.8119972872006,TRUE,NA
"sigma",15.32,-6.5603663315875,-2.24607320003616,-1.32880296910327,5.21316872254041,58.8584064046271,TRUE,NA
"sigma",15.33,-6.56314126325881,-2.24684261162739,-1.32952822459451,5.21570493239429,58.9048232414907,TRUE,NA
"sigma",15.34,-6.56591560975314,-2.24761183834355,-1.33025334391455,5.2182406444169,58.9512477944002,TRUE,NA
"sigma",15.35,-6.5686893715541,-2.24838088033665,-1.33097832713661,5.22077585901837,58.9976800599681,TRUE,NA
"sigma",15.36,-6.5714625491446,-2.24914973775847,-1.33170317433386,5.2233105766082,59.0441200348103,TRUE,NA
"sigma",15.37,-6.57423514300689,-2.24991841076061,-1.33242788557947,5.22584479759532,59.0905677155471,TRUE,NA
"sigma",15.38,-6.57700715362253,-2.25068689949447,-1.33315246094658,5.22837852238806,59.1370230988021,TRUE,NA
"sigma",15.39,-6.57977858147238,-2.25145520411125,-1.33387690050828,5.23091175139412,59.1834861812029,TRUE,NA
"sigma",15.4,-6.58254942703664,-2.25222332476195,-1.33460120433764,5.23344448502066,59.2299569593807,TRUE,NA
"sigma",15.41,-6.58531969079485,-2.25299126159739,-1.33532537250769,5.2359767236742,59.2764354299706,TRUE,NA
"sigma",15.42,-6.58808937322583,-2.25375901476819,-1.33604940509146,5.23850846776069,59.3229215896114,TRUE,NA
"sigma",15.43,-6.59085847480776,-2.25452658442477,-1.33677330216189,5.24103971768548,59.3694154349456,TRUE,NA
"sigma",15.44,-6.59362699601813,-2.25529397071734,-1.33749706379195,5.24357047385333,59.4159169626193,TRUE,NA
"sigma",15.45,-6.59639493733376,-2.25606117379596,-1.33822069005456,5.24610073666842,59.4624261692827,TRUE,NA
"sigma",15.46,-6.5991622992308,-2.25682819381044,-1.33894418102257,5.24863050653433,59.5089430515894,TRUE,NA
"sigma",15.47,-6.60192908218473,-2.25759503091044,-1.33966753676886,5.25115978385406,59.5554676061967,TRUE,NA
"sigma",15.48,-6.60469528667035,-2.25836168524541,-1.34039075736623,5.25368856903003,59.6019998297658,TRUE,NA
"sigma",15.49,-6.60746091316182,-2.25912815696461,-1.34111384288747,5.25621686246406,59.6485397189615,TRUE,NA
"sigma",15.5,-6.61022596213262,-2.2598944462171,-1.34183679340533,5.25874466455741,59.6950872704523,TRUE,NA
"sigma",15.51,-6.61299043405554,-2.26066055315176,-1.34255960899255,5.26127197571073,59.7416424809103,TRUE,NA
"sigma",15.52,-6.61575432940275,-2.26142647791726,-1.34328228972181,5.26379879632412,59.7882053470115,TRUE,NA
"sigma",15.53,-6.61851764864573,-2.2621922206621,-1.34400483566576,5.26632512679707,59.8347758654353,TRUE,NA
"sigma",15.54,-6.62128039225531,-2.26295778153457,-1.34472724689703,5.26885096752853,59.8813540328649,TRUE,NA
"sigma",15.55,-6.62404256070165,-2.26372316068278,-1.34544952348821,5.27137631891683,59.9279398459872,TRUE,NA
"sigma",15.56,-6.62680415445427,-2.26448835825464,-1.34617166551188,5.27390118135975,59.9745333014926,TRUE,NA
"sigma",15.57,-6.62956517398201,-2.26525337439789,-1.34689367304054,5.27642555525449,60.0211343960754,TRUE,NA
"sigma",15.58,-6.63232561975307,-2.26601820926004,-1.3476155461467,5.27894944099769,60.0677431264331,TRUE,NA
"sigma",15.59,-6.63508549223499,-2.26678286298846,-1.34833728490283,5.2814728389854,60.1143594892675,TRUE,NA
"sigma",15.6,-6.63784479189467,-2.26754733573029,-1.34905888938134,5.2839957496131,60.1609834812834,TRUE,NA
"sigma",15.61,-6.64060351919833,-2.2683116276325,-1.34978035965465,5.28651817327571,60.2076150991895,TRUE,NA
"sigma",15.62,-6.64336167461157,-2.26907573884187,-1.3505016957951,5.28904011036757,60.2542543396981,TRUE,NA
"sigma",15.63,-6.64611925859931,-2.26983966950498,-1.35122289787503,5.29156156128248,60.3009011995249,TRUE,NA
"sigma",15.64,-6.64887627162586,-2.27060341976824,-1.35194396596674,5.29408252641363,60.3475556753896,TRUE,NA
"sigma",15.65,-6.65163271415485,-2.27136698977785,-1.35266490014248,5.29660300615369,60.3942177640152,TRUE,NA
"sigma",15.66,-6.65438858664927,-2.27213037967983,-1.3533857004745,5.29912300089472,60.4408874621284,TRUE,NA
"sigma",15.67,-6.6571438895715,-2.27289358962004,-1.35410636703498,5.30164251102827,60.4875647664593,TRUE,NA
"sigma",15.68,-6.65989862338321,-2.27365661974411,-1.35482689989608,5.3041615369453,60.5342496737418,TRUE,NA
"sigma",15.69,-6.6626527885455,-2.2744194701975,-1.35554729912995,5.30668007903619,60.5809421807133,TRUE,NA
"sigma",15.7,-6.66540638551878,-2.2751821411255,-1.35626756480866,5.30919813769079,60.6276422841147,TRUE,NA
"sigma",15.71,-6.66815941476284,-2.27594463267319,-1.35698769700429,5.31171571329839,60.6743499806906,TRUE,NA
"sigma",15.72,-6.67091187673683,-2.27670694498546,-1.35770769578884,5.31423280624772,60.7210652671887,TRUE,NA
"sigma",15.73,-6.67366377189927,-2.27746907820706,-1.35842756123433,5.31674941692695,60.767788140361,TRUE,NA
"sigma",15.74,-6.67641510070803,-2.2782310324825,-1.35914729341271,5.31926554572369,60.8145185969624,TRUE,NA
"sigma",15.75,-6.67916586362036,-2.27899280795613,-1.3598668923959,5.32178119302501,60.8612566337517,TRUE,NA
"sigma",15.76,-6.68191606109286,-2.2797544047721,-1.36058635825578,5.32429635921742,60.9080022474909,TRUE,NA
"sigma",15.77,-6.68466569358151,-2.28051582307441,-1.36130569106422,5.32681104468689,60.9547554349458,TRUE,NA
"sigma",15.78,-6.68741476154167,-2.28127706300684,-1.36202489089304,5.32932524981882,61.0015161928856,TRUE,NA
"sigma",15.79,-6.69016326542804,-2.282038124713,-1.36274395781402,5.33183897499807,61.048284518083,TRUE,NA
"sigma",15.8,-6.69291120569472,-2.28279900833633,-1.3634628918989,5.33435222060896,61.0950604073142,TRUE,NA
"sigma",15.81,-6.69565858279518,-2.28355971402006,-1.36418169321943,5.33686498703527,61.141843857359,TRUE,NA
"sigma",15.82,-6.69840539718224,-2.28432024190725,-1.36490036184724,5.33937727466021,61.1886348650004,TRUE,NA
"sigma",15.83,-6.70115164930812,-2.28508059214077,-1.36561889785401,5.34188908386645,61.2354334270252,TRUE,NA
"sigma",15.84,-6.70389733962441,-2.28584076486334,-1.36633730131134,5.34440041503615,61.2822395402235,TRUE,NA
"sigma",15.85,-6.70664246858208,-2.28660076021744,-1.36705557229082,5.34691126855088,61.329053201389,TRUE,NA
"sigma",15.86,-6.70938703663147,-2.28736057834542,-1.36777371086396,5.3494216447917,61.3758744073186,TRUE,NA
"sigma",15.87,-6.71213104422231,-2.28812021938943,-1.36849171710229,5.35193154413913,61.4227031548132,TRUE,NA
"sigma",15.88,-6.71487449180371,-2.28887968349143,-1.36920959107727,5.35444096697313,61.4695394406763,TRUE,NA
"sigma",15.89,-6.71761737982415,-2.28963897079321,-1.36992733286033,5.35694991367315,61.5163832617157,TRUE,NA
"sigma",15.9,-6.72035970873151,-2.29039808143639,-1.37064494252288,5.35945838461809,61.5632346147421,TRUE,NA
"sigma",15.91,-6.72310147897305,-2.29115701556236,-1.37136242013627,5.3619663801863,61.6100934965698,TRUE,NA
"sigma",15.92,-6.7258426909954,-2.2919157733124,-1.37207976577183,5.36447390075561,61.6569599040165,TRUE,NA
"sigma",15.93,-6.72858334524463,-2.29267435482757,-1.37279697950086,5.36698094670333,61.7038338339036,TRUE,NA
"sigma",15.94,-6.73132344216612,-2.29343276024874,-1.37351406139459,5.36948751840623,61.7507152830553,TRUE,NA
"sigma",15.95,-6.7340629822047,-2.29419098971663,-1.37423101152427,5.37199361624052,61.7976042482998,TRUE,NA
"sigma",15.96,-6.73680196580456,-2.29494904337176,-1.37494782996106,5.37449924058192,61.8445007264684,TRUE,NA
"sigma",15.97,-6.73954039340931,-2.2957069213545,-1.37566451677611,5.37700439180559,61.8914047143959,TRUE,NA
"sigma",15.98,-6.74227826546193,-2.296464623805,-1.37638107204053,5.37950907028619,61.9383162089205,TRUE,NA
"sigma",15.99,-6.74501558240479,-2.29722215086327,-1.37709749582541,5.38201327639784,61.9852352068837,TRUE,NA
"sigma",16,-6.74775234467968,-2.2979795026691,-1.37781378820177,5.38451701051412,62.0321617051303,TRUE,NA
"sigma",16.01,-6.75048855272776,-2.29873667936216,-1.37852994924061,5.38702027300812,62.0790957005088,TRUE,NA
"sigma",16.02,-6.75322420698961,-2.29949368108189,-1.3792459790129,5.38952306425237,62.1260371898707,TRUE,NA
"sigma",16.03,-6.7559593079052,-2.30025050796759,-1.37996187758957,5.39202538461889,62.1729861700711,TRUE,NA
"sigma",16.04,-6.7586938559139,-2.30100716015835,-1.38067764504151,5.39452723447919,62.2199426379685,TRUE,NA
"sigma",16.05,-6.76142785145447,-2.30176363779311,-1.38139328143958,5.39702861420425,62.2669065904244,TRUE,NA
"sigma",16.06,-6.7641612949651,-2.30251994101062,-1.38210878685458,5.39952952416453,62.3138780243041,TRUE,NA
"sigma",16.07,-6.76689418688335,-2.30327606994947,-1.3828241613573,5.40202996472998,62.3608569364759,TRUE,NA
"sigma",16.08,-6.76962652764621,-2.30403202474806,-1.3835394050185,5.40452993627002,62.4078433238115,TRUE,NA
"sigma",16.09,-6.77235831769007,-2.30478780554461,-1.38425451790886,5.40702943915355,62.4548371831861,TRUE,NA
"sigma",16.1,-6.77508955745072,-2.30554341247718,-1.38496950009906,5.40952847374899,62.501838511478,TRUE,NA
"sigma",16.11,-6.77782024736336,-2.30629884568366,-1.38568435165975,5.41202704042421,62.5488473055689,TRUE,NA
"sigma",16.12,-6.78055038786261,-2.30705410530174,-1.3863990726615,5.41452513954656,62.5958635623439,TRUE,NA
"sigma",16.13,-6.78327997938247,-2.30780919146895,-1.38711366317488,5.41702277148292,62.6428872786913,TRUE,NA
"sigma",16.14,-6.7860090223564,-2.30856410432266,-1.38782812327041,5.41951993659961,62.6899184515028,TRUE,NA
"sigma",16.15,-6.78873751721724,-2.30931884400005,-1.38854245301857,5.42201663526248,62.7369570776731,TRUE,NA
"sigma",16.16,-6.79146546439724,-2.31007341063811,-1.38925665248981,5.42451286783687,62.7840031541006,TRUE,NA
"sigma",16.17,-6.79419286432807,-2.31082780437371,-1.38997072175454,5.42700863468756,62.8310566776866,TRUE,NA
"sigma",16.18,-6.79691971744083,-2.31158202534349,-1.39068466088311,5.42950393617888,62.8781176453361,TRUE,NA
"sigma",16.19,-6.79964602416602,-2.31233607368395,-1.39139846994589,5.43199877267465,62.925186053957,TRUE,NA
"sigma",16.2,-6.80237178493357,-2.31308994953141,-1.39211214901315,5.43449314453814,62.9722619004606,TRUE,NA
"sigma",16.21,-6.80509700017283,-2.31384365302203,-1.39282569815516,5.43698705213216,63.0193451817615,TRUE,NA
"sigma",16.22,-6.80782167031255,-2.31459718429177,-1.39353911744212,5.43948049581901,63.0664358947774,TRUE,NA
"sigma",16.23,-6.81054579578092,-2.31535054347644,-1.39425240694423,5.44197347596046,63.1135340364294,TRUE,NA
"sigma",16.24,-6.81326937700556,-2.31610373071169,-1.39496556673164,5.44446599291781,63.1606396036419,TRUE,NA
"sigma",16.25,-6.81599241441348,-2.31685674613296,-1.39567859687444,5.44695804705187,63.2077525933424,TRUE,NA
"sigma",16.26,-6.81871490843116,-2.31760958987556,-1.3963914974427,5.44944963872289,63.2548730024616,TRUE,NA
"sigma",16.27,-6.82143685948446,-2.3183622620746,-1.39710426850646,5.45194076829069,63.3020008279334,TRUE,NA
"sigma",16.28,-6.8241582679987,-2.31911476286504,-1.39781691013569,5.45443143611458,63.3491360666952,TRUE,NA
"sigma",16.29,-6.82687913439861,-2.31986709238167,-1.39852942240037,5.45692164255332,63.3962787156874,TRUE,NA
"sigma",16.3,-6.82959945910837,-2.3206192507591,-1.39924180537041,5.45941138796524,63.4434287718536,TRUE,NA
"sigma",16.31,-6.83231924255156,-2.32137123813177,-1.39995405911566,5.46190067270815,63.4905862321406,TRUE,NA
"sigma",16.32,-6.83503848515121,-2.32212305463396,-1.40066618370598,5.46438949713936,63.5377510934984,TRUE,NA
"sigma",16.33,-6.83775718732979,-2.32287470039978,-1.40137817921118,5.4668778616157,63.5849233528804,TRUE,NA
"sigma",16.34,-6.84047534950918,-2.32362617556317,-1.40209004570101,5.46936576649351,63.632103007243,TRUE,NA
"sigma",16.35,-6.84319297211071,-2.3243774802579,-1.40280178324519,5.47185321212862,63.6792900535457,TRUE,NA
"sigma",16.36,-6.84591005555514,-2.32512861461757,-1.40351339191341,5.4743401988764,63.7264844887512,TRUE,NA
"sigma",16.37,-6.84862660026267,-2.32587957877562,-1.4042248717753,5.47682672709172,63.7736863098256,TRUE,NA
"sigma",16.38,-6.85134260665293,-2.32663037286532,-1.40493622290048,5.47931279712895,63.820895513738,TRUE,NA
"sigma",16.39,-6.85405807514501,-2.32738099701978,-1.40564744535852,5.48179840934199,63.8681120974607,TRUE,NA
"sigma",16.4,-6.85677300615741,-2.32813145137193,-1.40635853921894,5.48428356408425,63.9153360579691,TRUE,NA
"sigma",16.41,-6.85948740010808,-2.32888173605452,-1.40706950455124,5.48676826170864,63.9625673922417,TRUE,NA
"sigma",16.42,-6.86220125741443,-2.32963185120018,-1.40778034142487,5.48925250256762,64.0098060972604,TRUE,NA
"sigma",16.43,-6.86491457849329,-2.33038179694134,-1.40849104990924,5.49173628701315,64.0570521700099,TRUE,NA
"sigma",16.44,-6.86762736376094,-2.33113157341027,-1.40920163007372,5.49421961539669,64.1043056074783,TRUE,NA
"sigma",16.45,-6.87033961363312,-2.33188118073907,-1.40991208198764,5.49670248806926,64.1515664066567,TRUE,NA
"sigma",16.46,-6.87305132852499,-2.33263061905969,-1.4106224057203,5.49918490538135,64.1988345645393,TRUE,NA
"sigma",16.47,-6.87576250885118,-2.33337988850391,-1.41133260134096,5.50166686768302,64.2461100781236,TRUE,NA
"sigma",16.48,-6.87847315502574,-2.33412898920333,-1.41204266891884,5.50414837532383,64.29339294441,TRUE,NA
"sigma",16.49,-6.88118326746222,-2.33487792128941,-1.41275260852311,5.50662942865286,64.3406831604022,TRUE,NA
"sigma",16.5,-6.88389284657355,-2.33562668489343,-1.41346242022291,5.50911002801872,64.3879807231067,TRUE,NA
"sigma",16.51,-6.88660189277217,-2.3363752801465,-1.41417210408733,5.51159017376954,64.4352856295335,TRUE,NA
"sigma",16.52,-6.88931040646995,-2.33712370717959,-1.41488166018545,5.51406986625299,64.4825978766953,TRUE,NA
"sigma",16.53,-6.89201838807819,-2.33787196612349,-1.41559108858626,5.51654910581625,64.5299174616082,TRUE,NA
"sigma",16.54,-6.8947258380077,-2.33862005710883,-1.41630038935878,5.51902789280604,64.5772443812911,TRUE,NA
"sigma",16.55,-6.89743275666869,-2.33936798026607,-1.41700956257192,5.52150622756859,64.6245786327665,TRUE,NA
"sigma",16.56,-6.90013914447086,-2.34011573572552,-1.41771860829458,5.5239841104497,64.6719202130591,TRUE,NA
"sigma",16.57,-6.90284500182334,-2.34086332361733,-1.41842752659563,5.52646154179466,64.7192691191976,TRUE,NA
"sigma",16.58,-6.90555032913475,-2.34161074407149,-1.41913631754391,5.5289385219483,64.7666253482132,TRUE,NA
"sigma",16.59,-6.90825512681314,-2.34235799721779,-1.41984498120818,5.531415051255,64.8139888971402,TRUE,NA
"sigma",16.6,-6.91095939526603,-2.34310508318592,-1.42055351765718,5.53389113005866,64.861359763016,TRUE,NA
"sigma",16.61,-6.91366313490042,-2.34385200210536,-1.42126192695964,5.53636675870271,64.9087379428813,TRUE,NA
"sigma",16.62,-6.91636634612274,-2.34459875410545,-1.4219702091842,5.53884193753013,64.9561234337795,TRUE,NA
"sigma",16.63,-6.91906902933891,-2.34534533931535,-1.42267836439946,5.54131666688343,65.0035162327572,TRUE,NA
"sigma",16.64,-6.9217711849543,-2.34609175786411,-1.42338639267406,5.54379094710465,65.0509163368638,TRUE,NA
"sigma",16.65,-6.92447281337374,-2.34683800988056,-1.4240942940765,5.54626477853538,65.0983237431523,TRUE,NA
"sigma",16.66,-6.92717391500155,-2.3475840954934,-1.4248020686753,5.54873816151673,65.1457384486781,TRUE,NA
"sigma",16.67,-6.92987449024148,-2.34833001483117,-1.42550971653892,5.55121109638938,65.1931604504998,TRUE,NA
"sigma",16.68,-6.93257453949678,-2.34907576802223,-1.42621723773577,5.55368358349351,65.2405897456792,TRUE,NA
"sigma",16.69,-6.93527406317016,-2.34982135519483,-1.42692463233426,5.5561556231689,65.288026331281,TRUE,NA
"sigma",16.7,-6.93797306166379,-2.350566776477,-1.42763190040272,5.5586272157548,65.3354702043727,TRUE,NA
"sigma",16.71,-6.94067153537934,-2.35131203199666,-1.42833904200945,5.56109836159006,65.3829213620252,TRUE,NA
"sigma",16.72,-6.9433694847179,-2.35205712188154,-1.4290460572227,5.56356906101305,65.430379801312,TRUE,NA
"sigma",16.73,-6.94606691008008,-2.35280204625923,-1.42975294611073,5.5660393143617,65.4778455193097,TRUE,NA
"sigma",16.74,-6.94876381186596,-2.35354680525714,-1.43045970874167,5.56850912197346,65.5253185130981,TRUE,NA
"sigma",16.75,-6.95146019047506,-2.35429139900256,-1.4311663451837,5.57097848418535,65.5727987797598,TRUE,NA
"sigma",16.76,-6.95415604630641,-2.35503582762258,-1.4318728555049,5.57344740133393,65.6202863163801,TRUE,NA
"sigma",16.77,-6.95685137975851,-2.35578009124418,-1.43257923977335,5.57591587375531,65.667781120048,TRUE,NA
"sigma",16.78,-6.95954619122932,-2.35652418999415,-1.43328549805706,5.57838390178515,65.7152831878547,TRUE,NA
"sigma",16.79,-6.9622404811163,-2.35726812399911,-1.43399163042402,5.58085148575866,65.7627925168947,TRUE,NA
"sigma",16.8,-6.96493424981638,-2.35801189338557,-1.43469763694215,5.58331862601059,65.8103091042654,TRUE,NA
"sigma",16.81,-6.96762749772597,-2.35875549827985,-1.43540351767936,5.58578532287527,65.8578329470673,TRUE,NA
"sigma",16.82,-6.97032022524097,-2.35949893880811,-1.43610927270351,5.58825157668656,65.9053640424034,TRUE,NA
"sigma",16.83,-6.97301243275675,-2.36024221509638,-1.43681490208241,5.59071738777788,65.9529023873803,TRUE,NA
"sigma",16.84,-6.97570412066817,-2.36098532727052,-1.43752040588385,5.59318275648219,66.0004479791071,TRUE,NA
"sigma",16.85,-6.97839528936957,-2.36172827545624,-1.43822578417554,5.59564768313203,66.0480008146956,TRUE,NA
"sigma",16.86,-6.9810859392548,-2.36247105977909,-1.4389310370252,5.5981121680595,66.0955608912613,TRUE,NA
"sigma",16.87,-6.98377607071715,-2.36321368036446,-1.43963616450049,5.60057621159622,66.1431282059217,TRUE,NA
"sigma",16.88,-6.98646568414944,-2.3639561373376,-1.440341166669,5.60303981407341,66.1907027557979,TRUE,NA
"sigma",16.89,-6.98915477994395,-2.3646984308236,-1.44104604359833,5.60550297582183,66.2382845380136,TRUE,NA
"sigma",16.9,-6.99184335849247,-2.36544056094739,-1.44175079535599,5.60796569717178,66.2858735496954,TRUE,NA
"sigma",16.91,-6.99453142018627,-2.36618252783376,-1.44245542200948,5.61042797845316,66.3334697879731,TRUE,NA
"sigma",16.92,-6.9972189654161,-2.36692433160734,-1.44315992362626,5.6128898199954,66.3810732499789,TRUE,NA
"sigma",16.93,-6.99990599457222,-2.36766597239259,-1.44386430027372,5.61535122212752,66.4286839328483,TRUE,NA
"sigma",16.94,-7.00259250804438,-2.36840745031384,-1.44456855201925,5.61781218517809,66.4763018337195,TRUE,NA
"sigma",16.95,-7.00527850622181,-2.36914876549526,-1.44527267893016,5.62027270947523,66.5239269497335,TRUE,NA
"sigma",16.96,-7.00796398949326,-2.36988991806088,-1.44597668107374,5.62273279534663,66.5715592780345,TRUE,NA
"sigma",16.97,-7.01064895824695,-2.37063090813454,-1.44668055851726,5.62519244311957,66.6191988157692,TRUE,NA
"sigma",16.98,-7.0133334128706,-2.37137173583998,-1.44738431132789,5.62765165312087,66.6668455600873,TRUE,NA
"sigma",16.99,-7.01601735375145,-2.37211240130075,-1.44808793957282,5.63011042567694,66.7144995081416,TRUE,NA
"sigma",17,-7.0187007812762,-2.37285290464024,-1.44879144331916,5.63256876111373,66.7621606570874,TRUE,NA
"sigma",17.01,-7.0213836958311,-2.37359324598176,-1.449494822634,5.63502665975678,66.8098290040831,TRUE,NA
"sigma",17.02,-7.02406609780186,-2.37433342544837,-1.45019807758438,5.63748412193119,66.8575045462896,TRUE,NA
"sigma",17.03,-7.0267479875737,-2.37507344316305,-1.45090120823729,5.63994114796164,66.9051872808712,TRUE,NA
"sigma",17.04,-7.02942936553134,-2.3758132992486,-1.45160421465969,5.64239773817237,66.9528772049945,TRUE,NA
"sigma",17.05,-7.03211023205901,-2.37655299382769,-1.4523070969185,5.6448538928872,67.0005743158293,TRUE,NA
"sigma",17.06,-7.03479058754045,-2.37729252702281,-1.45300985508059,5.64730961242953,67.0482786105479,TRUE,NA
"sigma",17.07,-7.03747043235889,-2.37803189895632,-1.45371248921281,5.64976489712231,67.0959900863258,TRUE,NA
"sigma",17.08,-7.04014976689708,-2.37877110975045,-1.45441499938194,5.65221974728809,67.1437087403412,TRUE,NA
"sigma",17.09,-7.04282859153726,-2.37951015952724,-1.45511738565474,5.65467416324898,67.1914345697748,TRUE,NA
"sigma",17.1,-7.04550690666118,-2.3802490484086,-1.45581964809792,5.65712814532668,67.2391675718106,TRUE,NA
"sigma",17.11,-7.04818471265012,-2.38098777651629,-1.45652178677814,5.65958169384245,67.286907743635,TRUE,NA
"sigma",17.12,-7.05086200988484,-2.38172634397193,-1.45722380176203,5.66203480911714,67.3346550824375,TRUE,NA
"sigma",17.13,-7.05353879874563,-2.38246475089698,-1.45792569311618,5.66448749147118,67.3824095854101,TRUE,NA
"sigma",17.14,-7.05621507961228,-2.38320299741276,-1.45862746090715,5.66693974122457,67.4301712497479,TRUE,NA
"sigma",17.15,-7.0588908528641,-2.38394108364044,-1.4593291052014,5.66939155869688,67.4779400726487,TRUE,NA
"sigma",17.16,-7.06156611887991,-2.38467900970103,-1.46003062606545,5.67184294420731,67.5257160513128,TRUE,NA
"sigma",17.17,-7.06424087803803,-2.38541677571542,-1.46073202356568,5.67429389807458,67.5734991829438,TRUE,NA
"sigma",17.18,-7.06691513071632,-2.38615438180431,-1.46143329776848,5.67674442061704,67.6212894647474,TRUE,NA
"sigma",17.19,-7.06958887729214,-2.38689182808831,-1.46213444874019,5.67919451215259,67.6690868939329,TRUE,NA
"sigma",17.2,-7.07226211814236,-2.38762911468783,-1.46283547654709,5.68164417299875,67.7168914677115,TRUE,NA
"sigma",17.21,-7.07493485364338,-2.38836624172318,-1.46353638125547,5.68409340347257,67.7647031832981,TRUE,NA
"sigma",17.22,-7.07760708417111,-2.38910320931448,-1.4642371629315,5.68654220389074,67.8125220379093,TRUE,NA
"sigma",17.23,-7.08027881010099,-2.38984001758173,-1.46493782164139,5.68899057456951,67.8603480287653,TRUE,NA
"sigma",17.24,-7.08295003180797,-2.39057666664478,-1.46563835745124,5.69143851582474,67.9081811530887,TRUE,NA
"sigma",17.25,-7.08562074966651,-2.39131315662333,-1.46633877042715,5.69388602797184,67.9560214081048,TRUE,NA
"sigma",17.26,-7.08829096405062,-2.39204948763695,-1.46703906063518,5.69633311132585,68.0038687910419,TRUE,NA
"sigma",17.27,-7.0909606753338,-2.39278565980504,-1.46773922814131,5.69877976620136,68.0517232991306,TRUE,NA
"sigma",17.28,-7.09362988388911,-2.39352167324687,-1.46843927301152,5.70122599291258,68.0995849296048,TRUE,NA
"sigma",17.29,-7.09629859008909,-2.39425752808157,-1.46913919531172,5.70367179177332,68.1474536797005,TRUE,NA
"sigma",17.3,-7.09896679430583,-2.39499322442811,-1.4698389951078,5.70611716309693,68.195329546657,TRUE,NA
"sigma",17.31,-7.10163449691096,-2.39572876240533,-1.47053867246558,5.70856210719641,68.2432125277159,TRUE,NA
"sigma",17.32,-7.1043016982756,-2.39646414213193,-1.47123822745088,5.71100662438432,68.2911026201217,TRUE,NA
"sigma",17.33,-7.10696839877043,-2.39719936372645,-1.47193766012945,5.71345071497284,68.3389998211217,TRUE,NA
"sigma",17.34,-7.10963459876564,-2.39793442730728,-1.47263697056697,5.71589437927372,68.3869041279656,TRUE,NA
"sigma",17.35,-7.11230029863095,-2.39866933299271,-1.47333615882916,5.7183376175983,68.4348155379062,TRUE,NA
"sigma",17.36,-7.11496549873563,-2.39940408090083,-1.47403522498161,5.72078043025755,68.4827340481985,TRUE,NA
"sigma",17.37,-7.11763019944844,-2.40013867114963,-1.47473416908992,5.72322281756202,68.5306596561006,TRUE,NA
"sigma",17.38,-7.12029440113772,-2.40087310385694,-1.47543299121965,5.72566477982185,68.5785923588734,TRUE,NA
"sigma",17.39,-7.12295810417131,-2.40160737914046,-1.47613169143628,5.7281063173468,68.6265321537799,TRUE,NA
"sigma",17.4,-7.12562130891658,-2.40234149711772,-1.47683026980528,5.7305474304462,68.6744790380863,TRUE,NA
"sigma",17.41,-7.12828401574047,-2.40307545790614,-1.47752872639208,5.732988119429,68.7224330090612,TRUE,NA
"sigma",17.42,-7.13094622500941,-2.40380926162299,-1.47822706126205,5.73542838460375,68.7703940639761,TRUE,NA
"sigma",17.43,-7.13360793708939,-2.40454290838538,-1.47892527448051,5.7378682262786,68.8183622001049,TRUE,NA
"sigma",17.44,-7.13626915234594,-2.40527639831029,-1.47962336611278,5.74030764476129,68.8663374147244,TRUE,NA
"sigma",17.45,-7.13892987114412,-2.40600973151457,-1.4803213362241,5.7427466403592,68.9143197051139,TRUE,NA
"sigma",17.46,-7.14159009384852,-2.40674290811492,-1.48101918487967,5.74518521337926,68.9623090685555,TRUE,NA
"sigma",17.47,-7.14424982082328,-2.4074759282279,-1.48171691214468,5.74762336412805,69.0103055023337,TRUE,NA
"sigma",17.48,-7.14690905243209,-2.40820879196993,-1.48241451808423,5.75006109291174,69.0583090037359,TRUE,NA
"sigma",17.49,-7.14956778903815,-2.40894149945729,-1.48311200276343,5.75249840003611,69.1063195700521,TRUE,NA
"sigma",17.5,-7.15222603100423,-2.40967405080612,-1.4838093662473,5.75493528580652,69.1543371985747,TRUE,NA
"sigma",17.51,-7.15488377869263,-2.41040644613241,-1.48450660860085,5.75737175052798,69.2023618865991,TRUE,NA
"sigma",17.52,-7.15754103246519,-2.41113868555204,-1.48520372988903,5.75980779450508,69.2503936314231,TRUE,NA
"sigma",17.53,-7.16019779268331,-2.41187076918072,-1.48590073017677,5.76224341804203,69.2984324303472,TRUE,NA
"sigma",17.54,-7.16285405970791,-2.41260269713403,-1.48659760952894,5.76467862144265,69.3464782806743,TRUE,NA
"sigma",17.55,-7.16550983389948,-2.41333446952742,-1.48729436801036,5.76711340501036,69.3945311797103,TRUE,NA
"sigma",17.56,-7.16816511561804,-2.4140660864762,-1.48799100568584,5.76954776904821,69.4425911247636,TRUE,NA
"sigma",17.57,-7.17081990522316,-2.41479754809553,-1.4886875226201,5.77198171385883,69.4906581131448,TRUE,NA
"sigma",17.58,-7.17347420307395,-2.41552885450044,-1.48938391887787,5.77441523974451,69.5387321421677,TRUE,NA
"sigma",17.59,-7.17612800952911,-2.41626000580582,-1.4900801945238,5.77684834700712,69.5868132091484,TRUE,NA
"sigma",17.6,-7.17878132494683,-2.41699100212643,-1.49077634962253,5.77928103594814,69.6349013114056,TRUE,NA
"sigma",17.61,-7.18143414968489,-2.41772184357688,-1.4914723842386,5.78171330686869,69.6829964462605,TRUE,NA
"sigma",17.62,-7.1840864841006,-2.41845253027164,-1.49216829843658,5.78414516006948,69.731098611037,TRUE,NA
"sigma",17.63,-7.18673832855084,-2.41918306232507,-1.49286409228096,5.78657659585085,69.779207803062,TRUE,NA
"sigma",17.64,-7.18938968339204,-2.41991343985137,-1.49355976583619,5.78900761451277,69.8273240196641,TRUE,NA
"sigma",17.65,-7.19204054898017,-2.4206436629646,-1.49425531916667,5.79143821635479,69.8754472581751,TRUE,NA
"sigma",17.66,-7.19469092567076,-2.4213737317787,-1.4949507523368,5.79386840167612,69.9235775159293,TRUE,NA
"sigma",17.67,-7.1973408138189,-2.42210364640748,-1.49564606541087,5.79629817077556,69.9717147902634,TRUE,NA
"sigma",17.68,-7.19999021377923,-2.42283340696456,-1.49634125845318,5.79872752395155,70.0198590785168,TRUE,NA
"sigma",17.69,-7.20263912590594,-2.4235630135635,-1.49703633152797,5.80115646150212,70.0680103780313,TRUE,NA
"sigma",17.7,-7.20528755055281,-2.42429246631767,-1.49773128469944,5.80358498372497,70.1161686861514,TRUE,NA
"sigma",17.71,-7.20793548807314,-2.42502176534035,-1.49842611803177,5.80601309091737,70.1643340002244,TRUE,NA
"sigma",17.72,-7.21058293881981,-2.42575091074462,-1.49912083158902,5.80844078337625,70.2125063175994,TRUE,NA
"sigma",17.73,-7.21322990314524,-2.42647990264348,-1.49981542543531,5.81086806139814,70.2606856356288,TRUE,NA
"sigma",17.74,-7.21587638140144,-2.42720874114979,-1.50050989963467,5.81329492527921,70.3088719516672,TRUE,NA
"sigma",17.75,-7.21852237393995,-2.42793742637626,-1.50120425425108,5.81572137531523,70.3570652630719,TRUE,NA
"sigma",17.76,-7.2211678811119,-2.42866595843546,-1.50189848934846,5.81814741180165,70.4052655672023,TRUE,NA
"sigma",17.77,-7.22381290326796,-2.42939433743984,-1.50259260499076,5.82057303503347,70.4534728614209,TRUE,NA
"sigma",17.78,-7.22645744075839,-2.43012256350172,-1.50328660124182,5.82299824530538,70.5016871430925,TRUE,NA
"sigma",17.79,-7.22910149393297,-2.43085063673327,-1.50398047816544,5.82542304291167,70.549908409584,TRUE,NA
"sigma",17.8,-7.2317450631411,-2.43157855724654,-1.50467423582544,5.82784742814625,70.5981366582658,TRUE,NA
"sigma",17.81,-7.23438814873169,-2.43230632515344,-1.50536787428553,5.83027140130268,70.6463718865097,TRUE,NA
"sigma",17.82,-7.23703075105328,-2.43303394056574,-1.5060613936094,5.83269496267414,70.6946140916909,TRUE,NA
"sigma",17.83,-7.23967287045391,-2.43376140359512,-1.50675479386073,5.83511811255343,70.7428632711866,TRUE,NA
"sigma",17.84,-7.24231450728124,-2.43448871435305,-1.50744807510308,5.83754085123301,70.7911194223765,TRUE,NA
"sigma",17.85,-7.24495566188246,-2.43521587295093,-1.50814123740007,5.83996317900492,70.8393825426429,TRUE,NA
"sigma",17.86,-7.24759633460438,-2.43594287950003,-1.50883428081519,5.84238509616089,70.887652629371,TRUE,NA
"sigma",17.87,-7.25023652579332,-2.43666973411143,-1.50952720541192,5.84480660299225,70.9359296799477,TRUE,NA
"sigma",17.88,-7.25287623579521,-2.43739643689613,-1.51022001125371,5.84722769978996,70.9842136917631,TRUE,NA
"sigma",17.89,-7.25551546495555,-2.43812298796499,-1.51091269840396,5.84964838684463,71.0325046622093,TRUE,NA
"sigma",17.9,-7.25815421361939,-2.43884938742874,-1.51160526692604,5.85206866444651,71.0808025886811,TRUE,NA
"sigma",17.91,-7.26079248213138,-2.43957563539795,-1.51229771688324,5.85448853288546,71.1291074685757,TRUE,NA
"sigma",17.92,-7.26343027083572,-2.4403017319831,-1.51299004833883,5.85690799245099,71.1774192992929,TRUE,NA
"sigma",17.93,-7.26606758007621,-2.44102767729451,-1.51368226135607,5.85932704343225,71.2257380782347,TRUE,NA
"sigma",17.94,-7.26870441019621,-2.44175347144238,-1.51437435599809,5.86174568611803,71.2740638028059,TRUE,NA
"sigma",17.95,-7.27134076153865,-2.44247911453678,-1.51506633232809,5.86416392079674,71.3223964704136,TRUE,NA
"sigma",17.96,-7.27397663444605,-2.44320460668765,-1.51575819040915,5.86658174775644,71.3707360784672,TRUE,NA
"sigma",17.97,-7.2766120292605,-2.44392994800479,-1.51644993030432,5.86899916728485,71.4190826243787,TRUE,NA
"sigma",17.98,-7.27924694632368,-2.44465513859789,-1.51714155207662,5.87141617966929,71.4674361055627,TRUE,NA
"sigma",17.99,-7.28188138597683,-2.4453801785765,-1.51783305578904,5.87383278519675,71.515796519436,TRUE,NA
"sigma",18,-7.28451534856079,-2.44610506805004,-1.5185244415045,5.87624898415384,71.5641638634179,TRUE,NA
"sigma",18.01,-7.28714883441596,-2.44682980712779,-1.5192157092859,5.87866477682684,71.6125381349301,TRUE,NA
"sigma",18.02,-7.28978184388236,-2.44755439591894,-1.51990685919608,5.88108016350165,71.6609193313971,TRUE,NA
"sigma",18.03,-7.29241437729953,-2.44827883453249,-1.52059789129785,5.88349514446382,71.7093074502451,TRUE,NA
"sigma",18.04,-7.29504643500666,-2.44900312307736,-1.52128880565397,5.88590971999854,71.7577024889035,TRUE,NA
"sigma",18.05,-7.29767801734246,-2.44972726166233,-1.52197960232717,5.88832389039065,71.8061044448035,TRUE,NA
"sigma",18.06,-7.30030912464527,-2.45045125039604,-1.52267028138011,5.89073765592464,71.8545133153793,TRUE,NA
"sigma",18.07,-7.30293975725302,-2.45117508938703,-1.52336084287545,5.89315101688463,71.9029290980669,TRUE,NA
"sigma",18.08,-7.30556991550317,-2.45189877874367,-1.52405128687577,5.8955639735544,71.9513517903053,TRUE,NA
"sigma",18.09,-7.30819959973283,-2.45262231857424,-1.52474161344364,5.89797652621736,71.9997813895353,TRUE,NA
"sigma",18.1,-7.31082881027865,-2.45334570898688,-1.52543182264154,5.9003886751566,72.0482178932006,TRUE,NA
"sigma",18.11,-7.31345754747691,-2.45406895008959,-1.52612191453197,5.90280042065482,72.0966612987472,TRUE,NA
"sigma",18.12,-7.31608581166344,-2.45479204199027,-1.52681188917734,5.90521176299439,72.1451116036233,TRUE,NA
"sigma",18.13,-7.31871360317368,-2.45551498479665,-1.52750174664002,5.90762270245734,72.1935688052796,TRUE,NA
"sigma",18.14,-7.32134092234265,-2.45623777861639,-1.52819148698237,5.91003323932534,72.2420329011693,TRUE,NA
"sigma",18.15,-7.32396776950498,-2.45696042355699,-1.52888111026671,5.91244337387968,72.2905038887479,TRUE,NA
"sigma",18.16,-7.32659414499486,-2.45768291972581,-1.52957061655525,5.91485310640135,72.3389817654731,TRUE,NA
"sigma",18.17,-7.3292200491461,-2.45840526723013,-1.53026000591023,5.91726243717096,72.3874665288054,TRUE,NA
"sigma",18.18,-7.3318454822921,-2.45912746617706,-1.53094927839382,5.91967136646881,72.4359581762073,TRUE,NA
"sigma",18.19,-7.33447044476583,-2.4598495166736,-1.53163843406815,5.92207989457478,72.4844567051436,TRUE,NA
"sigma",18.2,-7.33709493689987,-2.46057141882662,-1.5323274729953,5.9244880217685,72.5329621130819,TRUE,NA
"sigma",18.21,-7.33971895902641,-2.46129317274291,-1.53301639523734,5.92689574832917,72.5814743974919,TRUE,NA
"sigma",18.22,-7.3423425114772,-2.46201477852904,-1.53370520085623,5.9293030745357,72.6299935558455,TRUE,NA
"sigma",18.23,-7.34496559458363,-2.46273623629155,-1.53439388991398,5.93171000066663,72.6785195856174,TRUE,NA
"sigma",18.24,-7.34758820867665,-2.46345754613682,-1.53508246247248,5.93411652700016,72.7270524842843,TRUE,NA
"sigma",18.25,-7.35021035408681,-2.46417870817107,-1.53577091859361,5.93652265381415,72.7755922493252,TRUE,NA
"sigma",18.26,-7.35283203114429,-2.46489972250046,-1.5364592583392,5.93892838138613,72.8241388782217,TRUE,NA
"sigma",18.27,-7.35545324017884,-2.46562058923097,-1.53714748177106,5.94133370999326,72.8726923684576,TRUE,NA
"sigma",18.28,-7.35807398151982,-2.46634130846849,-1.53783558895094,5.94373863991239,72.921252717519,TRUE,NA
"sigma",18.29,-7.36069425549619,-2.46706188031879,-1.53852357994053,5.94614317142,72.9698199228947,TRUE,NA
"sigma",18.3,-7.3633140624365,-2.46778230488749,-1.5392114548015,5.94854730479224,73.0183939820752,TRUE,NA
"sigma",18.31,-7.36593340266891,-2.4685025822801,-1.53989921359548,5.95095104030494,73.0669748925537,TRUE,NA
"sigma",18.32,-7.3685522765212,-2.469222712602,-1.54058685638405,5.95335437823355,73.1155626518259,TRUE,NA
"sigma",18.33,-7.37117068432073,-2.46994269595847,-1.54127438322875,5.95575731885324,73.1641572573894,TRUE,NA
"sigma",18.34,-7.37378862639446,-2.47066253245465,-1.54196179419108,5.95815986243879,73.2127587067445,TRUE,NA
"sigma",18.35,-7.37640610306898,-2.47138222219555,-1.54264908933248,5.96056200926467,73.2613669973934,TRUE,NA
"sigma",18.36,-7.37902311467046,-2.47210176528608,-1.54333626871439,5.962963759605,73.3099821268411,TRUE,NA
"sigma",18.37,-7.38163966152469,-2.47282116183099,-1.54402333239816,5.96536511373358,73.3586040925945,TRUE,NA
"sigma",18.38,-7.38425574395706,-2.47354041193495,-1.54471028044512,5.96776607192385,73.4072328921629,TRUE,NA
"sigma",18.39,-7.38687136229257,-2.4742595157025,-1.54539711291657,5.97016663444894,73.4558685230583,TRUE,NA
"sigma",18.4,-7.38948651685583,-2.47497847323804,-1.54608382987375,5.97256680158164,73.5045109827943,TRUE,NA
"sigma",18.41,-7.39210120797105,-2.47569728464585,-1.54677043137784,5.97496657359439,73.5531602688872,TRUE,NA
"sigma",18.42,-7.39471543596207,-2.47641595003012,-1.54745691749003,5.97736595075933,73.6018163788558,TRUE,NA
"sigma",18.43,-7.3973292011523,-2.47713446949486,-1.54814328827143,5.97976493334823,73.6504793102207,TRUE,NA
"sigma",18.44,-7.3999425038648,-2.47785284314402,-1.5488295437831,5.98216352163256,73.699149060505,TRUE,NA
"sigma",18.45,-7.40255534442223,-2.47857107108141,-1.54951568408609,5.98456171588344,73.7478256272342,TRUE,NA
"sigma",18.46,-7.40516772314684,-2.47928915341071,-1.5502017092414,5.98695951637165,73.7965090079359,TRUE,NA
"sigma",18.47,-7.40777964036053,-2.48000709023546,-1.55088761930995,5.98935692336767,73.8451992001401,TRUE,NA
"sigma",18.48,-7.41039109638478,-2.48072488165914,-1.55157341435268,5.99175393714164,73.893896201379,TRUE,NA
"sigma",18.49,-7.41300209154072,-2.48144252778506,-1.55225909443044,5.99415055796336,73.9426000091872,TRUE,NA
"sigma",18.5,-7.41561262614903,-2.48216002871641,-1.55294465960405,5.9965467861023,73.9913106211011,TRUE,NA
"sigma",18.51,-7.41822270053008,-2.48287738455629,-1.5536301099343,5.99894262182762,74.0400280346599,TRUE,NA
"sigma",18.52,-7.42083231500381,-2.48359459540768,-1.55431544548194,6.00133806540814,74.088752247405,TRUE,NA
"sigma",18.53,-7.42344146988979,-2.4843116613734,-1.55500066630764,6.00373311711237,74.1374832568796,TRUE,NA
"sigma",18.54,-7.42605016550721,-2.48502858255619,-1.55568577247208,6.00612777720847,74.1862210606298,TRUE,NA
"sigma",18.55,-7.42865840217487,-2.48574535905866,-1.55637076403586,6.00852204596428,74.2349656562034,TRUE,NA
"sigma",18.56,-7.43126618021118,-2.48646199098329,-1.55705564105955,6.01091592364732,74.2837170411506,TRUE,NA
"sigma",18.57,-7.4338734999342,-2.48717847843246,-1.5577404036037,6.0133094105248,74.3324752130241,TRUE,NA
"sigma",18.58,-7.43648036166158,-2.48789482150843,-1.55842505172878,6.01570250686359,74.3812401693785,TRUE,NA
"sigma",18.59,-7.43908676571059,-2.48861102031332,-1.55910958549523,6.01809521293023,74.4300119077706,TRUE,NA
"sigma",18.6,-7.44169271239815,-2.48932707494916,-1.55979400496347,6.02048752899096,74.4787904257598,TRUE,NA
"sigma",18.61,-7.44429820204077,-2.49004298551785,-1.56047831019386,6.02287945531167,74.5275757209076,TRUE,NA
"sigma",18.62,-7.4469032349546,-2.49075875212118,-1.56116250124672,6.02527099215796,74.5763677907775,TRUE,NA
"sigma",18.63,-7.4495078114554,-2.49147437486079,-1.56184657818231,6.02766213979509,74.6251666329352,TRUE,NA
"sigma",18.64,-7.45211193185857,-2.49218985383825,-1.56253054106089,6.03005289848799,74.6739722449491,TRUE,NA
"sigma",18.65,-7.45471559647912,-2.49290518915499,-1.56321438994264,6.0324432685013,74.7227846243892,TRUE,NA
"sigma",18.66,-7.45731880563168,-2.49362038091232,-1.56389812488772,6.03483325009932,74.7716037688281,TRUE,NA
"sigma",18.67,-7.45992155963054,-2.49433542921144,-1.56458174595625,6.03722284354602,74.8204296758407,TRUE,NA
"sigma",18.68,-7.46252385878956,-2.49505033415342,-1.56526525320826,6.0396120491051,74.8692623430036,TRUE,NA
"sigma",18.69,-7.46512570342227,-2.49576509583924,-1.56594864670383,6.04200086703987,74.918101767896,TRUE,NA
"sigma",18.7,-7.46772709384182,-2.49647971436974,-1.5666319265029,6.04438929761339,74.9669479480993,TRUE,NA
"sigma",18.71,-7.47032803036098,-2.49719418984567,-1.56731509266544,6.04677734108837,75.015800881197,TRUE,NA
"sigma",18.72,-7.47292851329213,-2.49790852236763,-1.56799814525134,6.04916499772721,75.0646605647747,TRUE,NA
"sigma",18.73,-7.47552854294733,-2.49862271203613,-1.56868108432046,6.05155226779199,75.1135269964203,TRUE,NA
"sigma",18.74,-7.47812811963822,-2.49933675895156,-1.56936390993263,6.05393915154448,75.162400173724,TRUE,NA
"sigma",18.75,-7.48072724367609,-2.50005066321418,-1.57004662214762,6.05632564924615,75.2112800942778,TRUE,NA
"sigma",18.76,-7.48332591537186,-2.50076442492415,-1.57072922102515,6.05871176115814,75.2601667556762,TRUE,NA
"sigma",18.77,-7.48592413503609,-2.50147804418153,-1.57141170662494,6.06109748754126,75.3090601555159,TRUE,NA
"sigma",18.78,-7.48852190297895,-2.50219152108622,-1.57209407900661,6.06348282865605,75.3579602913957,TRUE,NA
"sigma",18.79,-7.49111921951027,-2.50290485573805,-1.57277633822979,6.0658677847627,75.4068671609164,TRUE,NA
"sigma",18.8,-7.4937160849395,-2.50361804823672,-1.57345848435404,6.06825235612111,75.4557807616811,TRUE,NA
"sigma",18.81,-7.4963124995757,-2.5043310986818,-1.57414051743888,6.07063654299085,75.504701091295,TRUE,NA
"sigma",18.82,-7.49890846372762,-2.50504400717278,-1.5748224375438,6.07302034563121,75.5536281473658,TRUE,NA
"sigma",18.83,-7.50150397770359,-2.505756773809,-1.57550424472826,6.07540376430114,75.6025619275029,TRUE,NA
"sigma",18.84,-7.50409904181161,-2.50646939868971,-1.57618593905163,6.0777867992593,75.651502429318,TRUE,NA
"sigma",18.85,-7.50669365635929,-2.50718188191403,-1.57686752057328,6.08016945076403,75.700449650425,TRUE,NA
"sigma",18.86,-7.50928782165392,-2.507894223581,-1.57754898935255,6.08255171907336,75.74940358844,TRUE,NA
"sigma",18.87,-7.51188153800237,-2.50860642378951,-1.57823034544868,6.08493360444501,75.7983642409811,TRUE,NA
"sigma",18.88,-7.5144748057112,-2.50931848263834,-1.57891158892091,6.08731510713643,75.8473316056686,TRUE,NA
"sigma",18.89,-7.51706762508658,-2.51003040022618,-1.57959271982845,6.08969622740472,75.896305680125,TRUE,NA
"sigma",18.9,-7.51965999643432,-2.51074217665159,-1.58027373823045,6.09207696550666,75.9452864619748,TRUE,NA
"sigma",18.91,-7.52225192005989,-2.51145381201302,-1.58095464418601,6.09445732169879,75.9942739488448,TRUE,NA
"sigma",18.92,-7.52484339626837,-2.51216530640883,-1.58163543775419,6.09683729623729,76.0432681383638,TRUE,NA
"sigma",18.93,-7.5274344253645,-2.51287665993722,-1.58231611899404,6.09921688937804,76.0922690281627,TRUE,NA
"sigma",18.94,-7.53002500765267,-2.51358787269632,-1.58299668796451,6.10159610137665,76.1412766158747,TRUE,NA
"sigma",18.95,-7.53261514343691,-2.51429894478415,-1.58367714472459,6.1039749324884,76.1902908991351,TRUE,NA
"sigma",18.96,-7.53520483302085,-2.51500987629858,-1.58435748933315,6.10635338296824,76.2393118755809,TRUE,NA
"sigma",18.97,-7.53779407670783,-2.5157206673374,-1.58503772184904,6.10873145307089,76.2883395428518,TRUE,NA
"sigma",18.98,-7.54038287480079,-2.51643131799827,-1.5857178423311,6.1111091430507,76.3373738985891,TRUE,NA
"sigma",18.99,-7.54297122760234,-2.51714182837878,-1.5863978508381,6.11348645316176,76.3864149404369,TRUE,NA
"sigma",19,-7.5455591354147,-2.51785219857634,-1.58707774742877,6.11586338365784,76.4354626660404,TRUE,NA
"sigma",19.01,-7.54814659853978,-2.51856242868832,-1.58775753216183,6.1182399347924,76.4845170730477,TRUE,NA
"sigma",19.02,-7.5507336172791,-2.51927251881194,-1.5884372050959,6.12061610681863,76.5335781591089,TRUE,NA
"sigma",19.03,-7.55332019193385,-2.5199824690443,-1.58911676628961,6.12299189998939,76.5826459218757,TRUE,NA
"sigma",19.04,-7.55590632280486,-2.52069227948242,-1.58979621580152,6.12536731455727,76.6317203590025,TRUE,NA
"sigma",19.05,-7.5584920101926,-2.52140195022321,-1.59047555369017,6.12774235077452,76.6808014681455,TRUE,NA
"sigma",19.06,-7.56107725439721,-2.52211148136343,-1.59115478001405,6.13011700889317,76.7298892469629,TRUE,NA
"sigma",19.07,-7.56366205571845,-2.52282087299978,-1.59183389483159,6.13249128916484,76.7789836931152,TRUE,NA
"sigma",19.08,-7.56624641445575,-2.52353012522881,-1.59251289820119,6.13486519184094,76.8280848042647,TRUE,NA
"sigma",19.09,-7.5688303309082,-2.52423923814699,-1.59319179018124,6.13723871717257,76.8771925780761,TRUE,NA
"sigma",19.1,-7.57141380537452,-2.52494821185067,-1.59387057083004,6.1396118654105,76.926307012216,TRUE,NA
"sigma",19.11,-7.57399683815308,-2.52565704643609,-1.59454924020588,6.14198463680524,76.975428104353,TRUE,NA
"sigma",19.12,-7.57657942954192,-2.52636574199937,-1.595227798367,6.14435703160699,77.0245558521579,TRUE,NA
"sigma",19.13,-7.57916157983873,-2.52707429863654,-1.5959062453716,6.14672905006564,77.0736902533036,TRUE,NA
"sigma",19.14,-7.58174328934083,-2.52778271644352,-1.59658458127782,6.14910069243083,77.1228313054648,TRUE,NA
"sigma",19.15,-7.58432455834523,-2.52849099551612,-1.59726280614379,6.15147195895186,77.1719790063186,TRUE,NA
"sigma",19.16,-7.58690538714856,-2.52919913595001,-1.59794092002759,6.15384284987776,77.221133353544,TRUE,NA
"sigma",19.17,-7.58948577604714,-2.52990713784081,-1.59861892298725,6.15621336545726,77.2702943448219,TRUE,NA
"sigma",19.18,-7.59206572533691,-2.53061500128399,-1.59929681508075,6.15858350593882,77.3194619778356,TRUE,NA
"sigma",19.19,-7.59464523531349,-2.53132272637492,-1.59997459636605,6.16095327157057,77.36863625027,TRUE,NA
"sigma",19.2,-7.59722430627215,-2.53203031320887,-1.60065226690106,6.16332266260038,77.4178171598125,TRUE,NA
"sigma",19.21,-7.59980293850781,-2.532737761881,-1.60132982674366,6.16569167927582,77.4670047041521,TRUE,NA
"sigma",19.22,-7.60238113231507,-2.53344507248636,-1.60200727595166,6.16806032184416,77.5161988809804,TRUE,NA
"sigma",19.23,-7.60495888798817,-2.5341522451199,-1.60268461458284,6.1704285905524,77.5653996879904,TRUE,NA
"sigma",19.24,-7.60753620582101,-2.53485927987645,-1.60336184269498,6.17279648564724,77.6146071228776,TRUE,NA
"sigma",19.25,-7.61011308610713,-2.53556617685074,-1.60403896034575,6.17516400737507,77.6638211833391,TRUE,NA
"sigma",19.26,-7.61268952913979,-2.5362729361374,-1.60471596759283,6.17753115598204,77.7130418670747,TRUE,NA
"sigma",19.27,-7.61526553521184,-2.53697955783095,-1.60539286449384,6.17989793171397,77.7622691717855,TRUE,NA
"sigma",19.28,-7.61784110461585,-2.53768604202579,-1.60606965110635,6.18226433481643,77.8115030951751,TRUE,NA
"sigma",19.29,-7.62041623764402,-2.53839238881623,-1.60674632748791,6.18463036553467,77.8607436349488,TRUE,NA
"sigma",19.3,-7.62299093458821,-2.53909859829648,-1.60742289369604,6.18699602411366,77.9099907888141,TRUE,NA
"sigma",19.31,-7.62556519573994,-2.53980467056062,-1.60809934978816,6.18936131079811,77.9592445544805,TRUE,NA
"sigma",19.32,-7.62813902139044,-2.54051060570265,-1.60877569582171,6.19172622583239,78.0085049296596,TRUE,NA
"sigma",19.33,-7.63071241183054,-2.54121640381646,-1.60945193185406,6.19409076946067,78.0577719120648,TRUE,NA
"sigma",19.34,-7.63328536735077,-2.54192206499579,-1.61012805794256,6.19645494192675,78.1070454994115,TRUE,NA
"sigma",19.35,-7.63585788824131,-2.54262758933435,-1.61080407414449,6.1988187434742,78.1563256894173,TRUE,NA
"sigma",19.36,-7.63842997479204,-2.54333297692569,-1.6114799805171,6.20118217434627,78.2056124798017,TRUE,NA
"sigma",19.37,-7.64100162729245,-2.54403822786327,-1.6121557771176,6.20354523478598,78.2549058682861,TRUE,NA
"sigma",19.38,-7.64357284603175,-2.54474334224046,-1.6128314640032,6.20590792503601,78.3042058525941,TRUE,NA
"sigma",19.39,-7.64614363129878,-2.5454483201505,-1.61350704123097,6.2082702453388,78.353512430451,TRUE,NA
"sigma",19.4,-7.64871398338206,-2.54615316168655,-1.61418250885807,6.21063219593647,78.4028255995844,TRUE,NA
"sigma",19.41,-7.6512839025698,-2.54685786694166,-1.6148578669415,6.2129937770709,78.4521453577239,TRUE,NA
"sigma",19.42,-7.65385338914983,-2.54756243600875,-1.61553311553828,6.21535498898365,78.5014717026005,TRUE,NA
"sigma",19.43,-7.6564224434097,-2.54826686898067,-1.61620825470538,6.21771583191605,78.5508046319479,TRUE,NA
"sigma",19.44,-7.65899106563659,-2.54897116595014,-1.61688328449975,6.2200763061091,78.6001441435013,TRUE,NA
"sigma",19.45,-7.66155925611739,-2.54967532700981,-1.61755820497823,6.22243641180355,78.6494902349983,TRUE,NA
"sigma",19.46,-7.66412701513863,-2.55037935225218,-1.61823301619772,6.22479614923986,78.6988429041779,TRUE,NA
"sigma",19.47,-7.66669434298652,-2.55108324176969,-1.61890771821498,6.22715551865822,78.7482021487816,TRUE,NA
"sigma",19.48,-7.66926123994694,-2.55178699565466,-1.6195823110868,6.22951452029853,78.7975679665526,TRUE,NA
"sigma",19.49,-7.67182770630545,-2.55249061399931,-1.62025679486991,6.23187315440042,78.846940355236,TRUE,NA
"sigma",19.5,-7.67439374234728,-2.55319409689573,-1.62093116962097,6.23423142120326,78.8963193125792,TRUE,NA
"sigma",19.51,-7.67695934835733,-2.55389744443596,-1.62160543539663,6.23658932094612,78.9457048363312,TRUE,NA
"sigma",19.52,-7.67952452462018,-2.55460065671189,-1.62227959225351,6.23894685386778,78.9950969242429,TRUE,NA
"sigma",19.53,-7.68208927142008,-2.55530373381533,-1.62295364024817,6.2413040202068,79.0444955740676,TRUE,NA
"sigma",19.54,-7.68465358904094,-2.55600667583797,-1.6236275794371,6.24366082020141,79.09390078356,TRUE,NA
"sigma",19.55,-7.6872174777664,-2.55670948287144,-1.62430140987681,6.2460172540896,79.1433125504772,TRUE,NA
"sigma",19.56,-7.6897809378797,-2.55741215500723,-1.62497513162374,6.24837332210907,79.1927308725782,TRUE,NA
"sigma",19.57,-7.69234396966382,-2.55811469233672,-1.62564874473429,6.25072902449724,79.2421557476235,TRUE,NA
"sigma",19.58,-7.69490657340139,-2.55881709495123,-1.6263222492648,6.25308436149127,79.291587173376,TRUE,NA
"sigma",19.59,-7.69746874937471,-2.55951936294194,-1.62699564527162,6.25543933332806,79.3410251476004,TRUE,NA
"sigma",19.6,-7.70003049786578,-2.56022149639995,-1.627668932811,6.25779394024422,79.3904696680633,TRUE,NA
"sigma",19.61,-7.70259181915626,-2.56092349541625,-1.62834211193919,6.26014818247606,79.439920732533,TRUE,NA
"sigma",19.62,-7.70515271352749,-2.56162536008172,-1.62901518271239,6.26250206025968,79.4893783387802,TRUE,NA
"sigma",19.63,-7.70771318126052,-2.56232709048718,-1.62968814518675,6.26485557383088,79.5388424845772,TRUE,NA
"sigma",19.64,-7.71027322263604,-2.5630286867233,-1.63036099941841,6.26720872342516,79.5883131676985,TRUE,NA
"sigma",19.65,-7.71283283793444,-2.56373014888067,-1.63103374546341,6.2695615092778,79.6377903859199,TRUE,NA
"sigma",19.66,-7.71539202743579,-2.56443147704977,-1.63170638337782,6.27191393162379,79.6872741370198,TRUE,NA
"sigma",19.67,-7.71795079141985,-2.56513267132101,-1.63237891321762,6.27426599069784,79.7367644187783,TRUE,NA
"sigma",19.68,-7.72050913016604,-2.56583373178468,-1.63305133503879,6.27661768673441,79.7862612289774,TRUE,NA
"sigma",19.69,-7.7230670439535,-2.56653465853094,-1.63372364889719,6.27896901996767,79.8357645654007,TRUE,NA
"sigma",19.7,-7.725624533061,-2.5672354516499,-1.63439585484876,6.28131999063155,79.8852744258342,TRUE,NA
"sigma",19.71,-7.72818159776704,-2.56793611123154,-1.63506795294929,6.28367059895968,79.9347908080653,TRUE,NA
"sigma",19.72,-7.7307382383498,-2.56863663736576,-1.63573994325462,6.28602084518546,79.9843137098839,TRUE,NA
"sigma",19.73,-7.73329445508712,-2.56933703014234,-1.63641182582045,6.28837072954199,80.0338431290813,TRUE,NA
"sigma",19.74,-7.73585024825654,-2.57003728965098,-1.63708360070254,6.29072025226213,80.083379063451,TRUE,NA
"sigma",19.75,-7.7384056181353,-2.57073741598126,-1.63775526795653,6.29306941357846,80.132921510788,TRUE,NA
"sigma",19.76,-7.74096056500028,-2.57143740922269,-1.63842682763809,6.29541821372329,80.1824704688896,TRUE,NA
"sigma",19.77,-7.74351508912811,-2.57213726946466,-1.63909827980279,6.29776665292869,80.2320259355549,TRUE,NA
"sigma",19.78,-7.74606919079506,-2.57283699679645,-1.6397696245062,6.30011473142644,80.2815879085846,TRUE,NA
"sigma",19.79,-7.74862287027712,-2.57353659130727,-1.64044086180383,6.30246244944807,80.3311563857818,TRUE,NA
"sigma",19.8,-7.75117612784994,-2.57423605308623,-1.64111199175114,6.30480980722482,80.3807313649508,TRUE,NA
"sigma",19.81,-7.75372896378887,-2.5749353822223,-1.64178301440359,6.30715680498773,80.4303128438985,TRUE,NA
"sigma",19.82,-7.75628137836895,-2.5756345788044,-1.64245392981656,6.3095034429675,80.479900820433,TRUE,NA
"sigma",19.83,-7.75883337186492,-2.57633364292136,-1.64312473804541,6.31184972139463,80.529495292365,TRUE,NA
"sigma",19.84,-7.7613849445512,-2.57703257466184,-1.64379543914545,6.31419564049931,80.5790962575063,TRUE,NA
"sigma",19.85,-7.7639360967019,-2.57773137411448,-1.64446603317195,6.31654120051152,80.6287037136709,TRUE,NA
"sigma",19.86,-7.76648682859082,-2.57843004136777,-1.64513652018016,6.31888640166094,80.6783176586749,TRUE,NA
"sigma",19.87,-7.76903714049147,-2.57912857651016,-1.64580690022527,6.32123124417698,80.7279380903361,TRUE,NA
"sigma",19.88,-7.77158703267703,-2.57982697962994,-1.64647717336243,6.32357572828884,80.777565006474,TRUE,NA
"sigma",19.89,-7.77413650542037,-2.58052525081532,-1.64714733964676,6.32591985422542,80.8271984049099,TRUE,NA
"sigma",19.9,-7.77668555899408,-2.58122339015445,-1.64781739913334,6.32826362221538,80.8768382834672,TRUE,NA
"sigma",19.91,-7.77923419367043,-2.58192139773534,-1.64848735187719,6.3306070324871,80.9264846399712,TRUE,NA
"sigma",19.92,-7.78178240972137,-2.58261927364595,-1.64915719793333,6.33295008526872,80.9761374722491,TRUE,NA
"sigma",19.93,-7.78433020741855,-2.58331701797406,-1.64982693735669,6.33529278078813,81.0257967781291,TRUE,NA
"sigma",19.94,-7.78687758703335,-2.58401463080745,-1.65049657020222,6.33763511927294,81.0754625554425,TRUE,NA
"sigma",19.95,-7.78942454883681,-2.58471211223374,-1.65116609652476,6.33997710095052,81.1251348020216,TRUE,NA
"sigma",19.96,-7.79197109309966,-2.5854094623405,-1.65183551637918,6.34231872604796,81.1748135157009,TRUE,NA
"sigma",19.97,-7.79451722009236,-2.58610668121515,-1.65250482982026,6.34465999479214,81.2244986943165,TRUE,NA
"sigma",19.98,-7.79706293008504,-2.58680376894506,-1.65317403690277,6.34700090740964,81.2741903357064,TRUE,NA
"sigma",19.99,-7.79960822334753,-2.58750072561749,-1.65384313768141,6.34934146412678,81.3238884377106,TRUE,NA
"sigma",20,-7.80215310014939,-2.5881975513196,-1.65451213221087,6.35168166516968,81.3735929981709,TRUE,NA
"sigma",20.01,-7.80469756075983,-2.58889424613844,-1.65518102054579,6.35402151076415,81.4233040149306,TRUE,NA
"sigma",20.02,-7.80724160544778,-2.58959081016101,-1.65584980274078,6.35636100113577,81.473021485835,TRUE,NA
"sigma",20.03,-7.80978523448189,-2.59028724347416,-1.65651847885039,6.35870013650987,81.5227454087316,TRUE,NA
"sigma",20.04,-7.81232844813049,-2.59098354616469,-1.65718704892913,6.36103891711151,81.5724757814691,TRUE,NA
"sigma",20.05,-7.8148712466616,-2.59167971831929,-1.65785551303151,6.36337734316551,81.6222126018983,TRUE,NA
"sigma",20.06,-7.81741363034297,-2.59237576002454,-1.65852387121195,6.36571541489644,81.6719558678721,TRUE,NA
"sigma",20.07,-7.81995559944202,-2.59307167136693,-1.65919212352484,6.3680531325286,81.7217055772447,TRUE,NA
"sigma",20.08,-7.82249715422589,-2.59376745243289,-1.65986027002458,6.37039049628606,81.7714617278723,TRUE,NA
"sigma",20.09,-7.82503829496144,-2.59446310330871,-1.66052831076548,6.37272750639263,81.8212243176131,TRUE,NA
"sigma",20.1,-7.82757902191519,-2.59515862408061,-1.66119624580181,6.37506416307187,81.8709933443269,TRUE,NA
"sigma",20.11,-7.8301193353534,-2.59585401483473,-1.66186407518785,6.37740046654708,81.9207688058753,TRUE,NA
"sigma",20.12,-7.83265923554201,-2.59654927565705,-1.66253179897775,6.37973641704132,81.9705507001216,TRUE,NA
"sigma",20.13,-7.83519872274668,-2.59724440663355,-1.66319941722572,6.38207201477742,82.0203390249312,TRUE,NA
"sigma",20.14,-7.83773779723276,-2.59793940785005,-1.66386692998587,6.38440725997791,82.0701337781713,TRUE,NA
"sigma",20.15,-7.84027645926534,-2.59863427939232,-1.6645343373123,6.38674215286511,82.1199349577104,TRUE,NA
"sigma",20.16,-7.84281470910916,-2.59932902134597,-1.66520163925906,6.38907669366109,82.1697425614191,TRUE,NA
"sigma",20.17,-7.84535254702872,-2.6000236337966,-1.66586883588013,6.39141088258766,82.2195565871702,TRUE,NA
"sigma",20.18,-7.84788997328819,-2.60071811682966,-1.66653592722952,6.39374471986639,82.2693770328375,TRUE,NA
"sigma",20.19,-7.85042698815146,-2.60141247053054,-1.66720291336114,6.39607820571859,82.319203896297,TRUE,NA
"sigma",20.2,-7.85296359188214,-2.60210669498449,-1.6678697943289,6.39841134036535,82.3690371754265,TRUE,NA
"sigma",20.21,-7.85549978474351,-2.60280079027674,-1.66853657018663,6.40074412402747,82.4188768681056,TRUE,NA
"sigma",20.22,-7.85803556699862,-2.60349475649235,-1.66920324098815,6.40307655692557,82.4687229722154,TRUE,NA
"sigma",20.23,-7.86057093891016,-2.60418859371636,-1.66986980678725,6.40540863927994,82.5185754856391,TRUE,NA
"sigma",20.24,-7.86310590074059,-2.60488230203366,-1.67053626763765,6.40774037131071,82.5684344062615,TRUE,NA
"sigma",20.25,-7.86564045275202,-2.60557588152907,-1.67120262359306,6.4100717532377,82.6182997319691,TRUE,NA
"sigma",20.26,-7.86817459520633,-2.60626933228733,-1.67186887470712,6.41240278528051,82.6681714606505,TRUE,NA
"sigma",20.27,-7.87070832836508,-2.60696265439308,-1.67253502103348,6.41473346765851,82.7180495901956,TRUE,NA
"sigma",20.28,-7.87324165248952,-2.60765584793084,-1.67320106262567,6.41706380059081,82.7679341184961,TRUE,NA
"sigma",20.29,-7.87577456784067,-2.60834891298509,-1.67386699953728,6.41939378429626,82.8178250434461,TRUE,NA
"sigma",20.3,-7.87830707467921,-2.60904184964018,-1.6745328318218,6.42172341899352,82.8677223629406,TRUE,NA
"sigma",20.31,-7.88083917326555,-2.60973465798039,-1.67519855953267,6.42405270490096,82.9176260748769,TRUE,NA
"sigma",20.32,-7.88337086385981,-2.6104273380899,-1.67586418272335,6.4263816422367,82.967536177154,TRUE,NA
"sigma",20.33,-7.88590214672185,-2.61111989005279,-1.67652970144719,6.42871023121867,83.0174526676723,TRUE,NA
"sigma",20.34,-7.88843302211119,-2.61181231395306,-1.67719511575756,6.43103847206453,83.0673755443344,TRUE,NA
"sigma",20.35,-7.89096349028711,-2.61250460987461,-1.67786042570777,6.43336636499167,83.1173048050442,TRUE,NA
"sigma",20.36,-7.89349355150859,-2.61319677790129,-1.67852563135109,6.43569391021729,83.1672404477079,TRUE,NA
"sigma",20.37,-7.89602320603432,-2.61388881811678,-1.67919073274072,6.43802110795833,83.2171824702326,TRUE,NA
"sigma",20.38,-7.89855245412272,-2.61458073060476,-1.67985572992988,6.44034795843147,83.2671308705281,TRUE,NA
"sigma",20.39,-7.90108129603191,-2.61527251544875,-1.68052062297174,6.44267446185318,83.3170856465055,TRUE,NA
"sigma",20.4,-7.90360973201974,-2.61596417273222,-1.68118541191937,6.44500061843968,83.3670467960772,TRUE,NA
"sigma",20.41,-7.90613776234375,-2.61665570253851,-1.68185009682588,6.44732642840694,83.4170143171579,TRUE,NA
"sigma",20.42,-7.90866538726124,-2.61734710495094,-1.68251467774431,6.44965189197072,83.4669882076642,TRUE,NA
"sigma",20.43,-7.9111926070292,-2.61803838005266,-1.68317915472762,6.45197700934651,83.5169684655135,TRUE,NA
"sigma",20.44,-7.91371942190434,-2.61872952792678,-1.6838435278288,6.45430178074958,83.5669550886261,TRUE,NA
"sigma",20.45,-7.91624583214309,-2.6194205486563,-1.68450779710077,6.45662620639497,83.6169480749229,TRUE,NA
"sigma",20.46,-7.9187718380016,-2.62011144232416,-1.68517196259642,6.45895028649745,83.6669474223274,TRUE,NA
"sigma",20.47,-7.92129743973575,-2.62080220901318,-1.68583602436858,6.4612740212716,83.7169531287643,TRUE,NA
"sigma",20.48,-7.92382263760113,-2.62149284880609,-1.68649998247007,6.46359741093173,83.7669651921603,TRUE,NA
"sigma",20.49,-7.92634743185305,-2.62218336178554,-1.68716383695363,6.46592045569193,83.8169836104435,TRUE,NA
"sigma",20.5,-7.92887182274653,-2.62287374803411,-1.68782758787203,6.46824315576604,83.8670083815441,TRUE,NA
"sigma",20.51,-7.93139581053634,-2.62356400763427,-1.68849123527794,6.47056551136768,83.9170395033935,TRUE,NA
"sigma",20.52,-7.93391939547695,-2.6242541406684,-1.689154779224,6.47288752271023,83.9670769739255,TRUE,NA
"sigma",20.53,-7.93644257782256,-2.62494414721879,-1.68981821976284,6.47520919000686,84.0171207910749,TRUE,NA
"sigma",20.54,-7.93896535782709,-2.62563402736766,-1.69048155694704,6.47753051347044,84.0671709527787,TRUE,NA
"sigma",20.55,-7.94148773574417,-2.62632378119714,-1.69114479082913,6.47985149331366,84.1172274569751,TRUE,NA
"sigma",20.56,-7.94400971182718,-2.62701340878924,-1.69180792146161,6.48217212974899,84.1672903016047,TRUE,NA
"sigma",20.57,-7.94653128632921,-2.62770291022593,-1.69247094889695,6.48449242298863,84.2173594846091,TRUE,NA
"sigma",20.58,-7.94905245950307,-2.62839228558905,-1.69313387318754,6.48681237324455,84.267435003932,TRUE,NA
"sigma",20.59,-7.9515732316013,-2.62908153496038,-1.69379669438581,6.4891319807285,84.3175168575186,TRUE,NA
"sigma",20.6,-7.95409360287617,-2.62977065842159,-1.69445941254409,6.49145124565202,84.3676050433157,TRUE,NA
"sigma",20.61,-7.95661357357966,-2.6304596560543,-1.69512202771467,6.49377016822638,84.4176995592722,TRUE,NA
"sigma",20.62,-7.95913314396349,-2.63114852793998,-1.69578453994984,6.49608874866263,84.4678004033384,TRUE,NA
"sigma",20.63,-7.96165231427911,-2.63183727416008,-1.69644694930183,6.49840698717161,84.5179075734661,TRUE,NA
"sigma",20.64,-7.96417108477768,-2.63252589479592,-1.69710925582281,6.5007248839639,84.568021067609,TRUE,NA
"sigma",20.65,-7.9666894557101,-2.63321438992877,-1.69777145956497,6.50304243924987,84.6181408837226,TRUE,NA
"sigma",20.66,-7.969207427327,-2.63390275963976,-1.69843356058043,6.50535965323966,84.6682670197639,TRUE,NA
"sigma",20.67,-7.97172499987872,-2.63459100400999,-1.69909555892125,6.50767652614317,84.7183994736915,TRUE,NA
"sigma",20.68,-7.97424217361535,-2.63527912312042,-1.69975745463946,6.50999305817009,84.7685382434657,TRUE,NA
"sigma",20.69,-7.9767589487867,-2.63596711705197,-1.70041924778708,6.51230924952985,84.8186833270487,TRUE,NA
"sigma",20.7,-7.9792753256423,-2.63665498588546,-1.7010809384161,6.51462510043169,84.868834722404,TRUE,NA
"sigma",20.71,-7.98179130443142,-2.6373427297016,-1.70174252657841,6.51694061108459,84.9189924274971,TRUE,NA
"sigma",20.72,-7.98430688540307,-2.63803034858106,-1.70240401232593,6.51925578169732,84.969156440295,TRUE,NA
"sigma",20.73,-7.98682206880597,-2.63871784260436,-1.70306539571048,6.52157061247843,85.0193267587662,TRUE,NA
"sigma",20.74,-7.98933685488858,-2.639405211852,-1.7037266767839,6.52388510363621,85.069503380881,TRUE,NA
"sigma",20.75,-7.9918512438991,-2.64009245640436,-1.70438785559798,6.52619925537877,85.1196863046118,TRUE,NA
"sigma",20.76,-7.99436523608544,-2.64077957634172,-1.7050489322044,6.52851306791397,85.1698755279316,TRUE,NA
"sigma",20.77,-7.99687883169527,-2.64146657174432,-1.70570990665493,6.53082654144944,85.2200710488161,TRUE,NA
"sigma",20.78,-7.99939203097597,-2.64215344269229,-1.7063707790012,6.53313967619259,85.270272865242,TRUE,NA
"sigma",20.79,-8.00190483417467,-2.64284018926566,-1.70703154929483,6.53545247235059,85.3204809751881,TRUE,NA
"sigma",20.8,-8.00441724153821,-2.64352681154439,-1.70769221758741,6.53776493013043,85.3706953766342,TRUE,NA
"sigma",20.81,-8.00692925331318,-2.64421330960835,-1.70835278393051,6.54007704973884,85.4209160675625,TRUE,NA
"sigma",20.82,-8.00944086974592,-2.64489968353735,-1.70901324837561,6.54238883138231,85.4711430459563,TRUE,NA
"sigma",20.83,-8.01195209108248,-2.6455859334111,-1.70967361097427,6.54470027526716,85.521376309801,TRUE,NA
"sigma",20.84,-8.01446291756864,-2.64627205930918,-1.7103338717778,6.54701138159944,85.5716158570829,TRUE,NA
"sigma",20.85,-8.01697334944994,-2.64695806131116,-1.71099403083768,6.549322150585,85.6218616857906,TRUE,NA
"sigma",20.86,-8.01948338697164,-2.64764393949648,-1.71165408820526,6.55163258242945,85.6721137939141,TRUE,NA
"sigma",20.87,-8.02199303037874,-2.64832969394453,-1.71231404393187,6.5539426773382,85.7223721794452,TRUE,NA
"sigma",20.88,-8.02450227991598,-2.64901532473456,-1.71297389806878,6.55625243551645,85.7726368403768,TRUE,NA
"sigma",20.89,-8.02701113582783,-2.64970083194579,-1.71363365066726,6.55856185716912,85.822907774704,TRUE,NA
"sigma",20.9,-8.0295195983585,-2.65038621565733,-1.71429330177851,6.56087094250096,85.8731849804233,TRUE,NA
"sigma",20.91,-8.03202766775194,-2.65107147594823,-1.7149528514537,6.5631796917165,85.9234684555329,TRUE,NA
"sigma",20.92,-8.03453534425184,-2.6517566128974,-1.71561229974397,6.56548810502002,85.9737581980322,TRUE,NA
"sigma",20.93,-8.03704262810163,-2.65244162658375,-1.71627164670046,6.56779618261559,86.0240542059229,TRUE,NA
"sigma",20.94,-8.03954951954447,-2.65312651708603,-1.71693089237416,6.57010392470707,86.0743564772078,TRUE,NA
"sigma",20.95,-8.04205601882325,-2.65381128448296,-1.71759003681615,6.57241133149811,86.1246650098914,TRUE,NA
"sigma",20.96,-8.04456212618064,-2.65449592885315,-1.71824908007741,6.57471840319211,86.1749798019801,TRUE,NA
"sigma",20.97,-8.04706784185901,-2.65518045027512,-1.71890802220887,6.57702513999229,86.2253008514815,TRUE,NA
"sigma",20.98,-8.04957316610048,-2.65586484882734,-1.71956686326149,6.57933154210159,86.2756281564051,TRUE,NA
"sigma",20.99,-8.05207809914693,-2.65654912458817,-1.72022560328608,6.58163760972282,86.3259617147617,TRUE,NA
"sigma",21,-8.05458264123996,-2.65723327763589,-1.72088424233353,6.5839433430585,86.3763015245642,TRUE,NA
"sigma",21.01,-8.05708679262092,-2.65791730804872,-1.72154278045465,6.58624874231096,86.4266475838266,TRUE,NA
"sigma",21.02,-8.0595905535309,-2.65860121590476,-1.72220121770017,6.58855380768231,86.4769998905646,TRUE,NA
"sigma",21.03,-8.06209392421073,-2.65928500128206,-1.72285955412082,6.59085853937445,86.5273584427957,TRUE,NA
"sigma",21.04,-8.06459690490099,-2.65996866425856,-1.72351778976731,6.59316293758906,86.5777232385388,TRUE,NA
"sigma",21.05,-8.06709949584201,-2.66065220491217,-1.72417592469031,6.59546700252759,86.6280942758145,TRUE,NA
"sigma",21.06,-8.06960169727385,-2.66133562332065,-1.72483395894041,6.59777073439129,86.678471552645,TRUE,NA
"sigma",21.07,-8.0721035094363,-2.66201891956172,-1.72549189256818,6.6000741333812,86.728855067054,TRUE,NA
"sigma",21.08,-8.07460493256893,-2.662702093713,-1.72614972562419,6.60237719969814,86.7792448170667,TRUE,NA
"sigma",21.09,-8.07710596691103,-2.66338514585205,-1.72680745815893,6.60467993354269,86.82964080071,TRUE,NA
"sigma",21.1,-8.07960661270166,-2.66406807605633,-1.72746509022287,6.60698233511527,86.8800430160124,TRUE,NA
"sigma",21.11,-8.08210687017958,-2.66475088440323,-1.72812262186646,6.60928440461602,86.9304514610041,TRUE,NA
"sigma",21.12,-8.08460673958334,-2.66543357097005,-1.72878005314008,6.61158614224492,86.9808661337166,TRUE,NA
"sigma",21.13,-8.08710622115122,-2.66611613583401,-1.72943738409408,6.61388754820172,87.0312870321829,TRUE,NA
"sigma",21.14,-8.08960531512125,-2.66679857907225,-1.73009461477881,6.61618862268593,87.0817141544381,TRUE,NA
"sigma",21.15,-8.09210402173121,-2.66748090076185,-1.73075174524454,6.61848936589689,87.1321474985185,TRUE,NA
"sigma",21.16,-8.0946023412186,-2.66816310097975,-1.7314087755415,6.62078977803371,87.1825870624618,TRUE,NA
"sigma",21.17,-8.09710027382071,-2.6688451798029,-1.73206570571995,6.6230898592953,87.2330328443076,TRUE,NA
"sigma",21.18,-8.09959781977455,-2.66952713730808,-1.73272253583,6.62538960988031,87.2834848420968,TRUE,NA
"sigma",21.19,-8.10209497931689,-2.67020897357203,-1.73337926592184,6.62768902998724,87.3339430538721,TRUE,NA
"sigma",21.2,-8.10459175268425,-2.67089068867143,-1.73403589604556,6.62998811981435,87.3844074776776,TRUE,NA
"sigma",21.21,-8.10708814011289,-2.67157228268285,-1.7346924262512,6.63228687955968,87.4348781115591,TRUE,NA
"sigma",21.22,-8.10958414183881,-2.67225375568277,-1.73534885658881,6.63458530942109,87.4853549535637,TRUE,NA
"sigma",21.23,-8.11207975809781,-2.67293510774764,-1.7360051871084,6.63688340959619,87.5358380017404,TRUE,NA
"sigma",21.24,-8.11457498912538,-2.67361633895377,-1.73666141785988,6.63918118028243,87.5863272541393,TRUE,NA
"sigma",21.25,-8.1170698351568,-2.67429744937742,-1.7373175488932,6.641478621677,87.6368227088126,TRUE,NA
"sigma",21.26,-8.11956429642708,-2.6749784390948,-1.73797358025824,6.64377573397693,87.6873243638136,TRUE,NA
"sigma",21.27,-8.122058373171,-2.67565930818197,-1.73862951200483,6.64607251737898,87.7378322171972,TRUE,NA
"sigma",21.28,-8.12455206562307,-2.67634005671498,-1.73928534418281,6.64836897207975,87.7883462670203,TRUE,NA
"sigma",21.29,-8.12704537401757,-2.67702068476975,-1.7399410768419,6.65066509827564,87.8388665113405,TRUE,NA
"sigma",21.3,-8.12953829858854,-2.67770119242217,-1.7405967100319,6.6529608961628,87.8893929482179,TRUE,NA
"sigma",21.31,-8.13203083956973,-2.67838157974797,-1.74125224380246,6.65525636593719,87.9399255757133,TRUE,NA
"sigma",21.32,-8.13452299719471,-2.67906184682291,-1.74190767820326,6.65755150779459,87.9904643918896,TRUE,NA
"sigma",21.33,-8.13701477169673,-2.67974199372259,-1.74256301328394,6.65984632193052,88.041009394811,TRUE,NA
"sigma",21.34,-8.13950616330887,-2.68042202052255,-1.74321824909407,6.66214080854034,88.0915605825432,TRUE,NA
"sigma",21.35,-8.1419971722639,-2.68110192729827,-1.74387338568321,6.66443496781918,88.1421179531535,TRUE,NA
"sigma",21.36,-8.14448779879438,-2.68178171412514,-1.7445284231009,6.66672879996198,88.1926815047107,TRUE,NA
"sigma",21.37,-8.14697804313262,-2.68246138107846,-1.74518336139659,6.66902230516346,88.2432512352852,TRUE,NA
"sigma",21.38,-8.14946790551069,-2.68314092823348,-1.74583820061975,6.67131548361814,88.2938271429489,TRUE,NA
"sigma",21.39,-8.15195738616039,-2.68382035566533,-1.74649294081977,6.67360833552033,88.3444092257751,TRUE,NA
"sigma",21.4,-8.1544464853133,-2.68449966344911,-1.74714758204605,6.67590086106414,88.3949974818385,TRUE,NA
"sigma",21.41,-8.15693520320076,-2.68517885165981,-1.74780212434789,6.67819306044349,88.445591909216,TRUE,NA
"sigma",21.42,-8.15942354005386,-2.68585792037234,-1.74845656777463,6.68048493385207,88.4961925059851,TRUE,NA
"sigma",21.43,-8.16191149610344,-2.68653686966157,-1.74911091237551,6.68277648148338,88.5467992702257,TRUE,NA
"sigma",21.44,-8.16439907158011,-2.68721569960223,-1.74976515819976,6.68506770353071,88.5974122000183,TRUE,NA
"sigma",21.45,-8.16688626671423,-2.68789441026904,-1.7504193052966,6.68735860018717,88.6480312934456,TRUE,NA
"sigma",21.46,-8.16937308173592,-2.68857300173659,-1.75107335371517,6.68964917164562,88.6986565485916,TRUE,NA
"sigma",21.47,-8.17185951687506,-2.68925147407943,-1.75172730350457,6.69193941809877,88.7492879635416,TRUE,NA
"sigma",21.48,-8.17434557236129,-2.68992982737199,-1.75238115471391,6.69422933973911,88.7999255363828,TRUE,NA
"sigma",21.49,-8.17683124842402,-2.69060806168868,-1.75303490739223,6.69651893675888,88.8505692652036,TRUE,NA
"sigma",21.5,-8.17931654529239,-2.69128617710379,-1.75368856158855,6.69880820935021,88.901219148094,TRUE,NA
"sigma",21.51,-8.18180146319534,-2.69196417369153,-1.75434211735185,6.70109715770495,88.9518751831454,TRUE,NA
"sigma",21.52,-8.18428600236153,-2.69264205152607,-1.75499557473107,6.7033857820148,89.002537368451,TRUE,NA
"sigma",21.53,-8.18677016301942,-2.69331981068149,-1.75564893377511,6.70567408247121,89.0532057021051,TRUE,NA
"sigma",21.54,-8.1892539453972,-2.69399745123176,-1.75630219453284,6.70796205926548,89.103880182204,TRUE,NA
"sigma",21.55,-8.19173734972285,-2.69467497325081,-1.7569553570531,6.71024971258867,89.1545608068445,TRUE,NA
"sigma",21.56,-8.19422037622408,-2.69535237681248,-1.75760842138467,6.71253704263168,89.205247574126,TRUE,NA
"sigma",21.57,-8.19670302512839,-2.69602966199054,-1.75826138757635,6.71482404958517,89.2559404821491,TRUE,NA
"sigma",21.58,-8.19918529666303,-2.69670682885868,-1.75891425567684,6.71711073363962,89.3066395290152,TRUE,NA
"sigma",21.59,-8.20166719105502,-2.69738387749054,-1.75956702573484,6.71939709498532,89.3573447128284,TRUE,NA
"sigma",21.6,-8.20414870853112,-2.69806080795961,-1.76021969779899,6.72168313381235,89.4080560316929,TRUE,NA
"sigma",21.61,-8.20662984931789,-2.69873762033938,-1.76087227191794,6.72396885031058,89.4587734837154,TRUE,NA
"sigma",21.62,-8.20911061364163,-2.69941431470324,-1.76152474814025,6.7262542446697,89.5094970670038,TRUE,NA
"sigma",21.63,-8.21159100172842,-2.70009089112449,-1.76217712651449,6.72853931707921,89.5602267796673,TRUE,NA
"sigma",21.64,-8.2140710138041,-2.7007673496764,-1.76282940708915,6.73082406772839,89.6109626198168,TRUE,NA
"sigma",21.65,-8.21655065009426,-2.70144369043208,-1.76348158991272,6.73310849680634,89.6617045855644,TRUE,NA
"sigma",21.66,-8.21902991082427,-2.70211991346465,-1.76413367503366,6.73539260450194,89.7124526750241,TRUE,NA
"sigma",21.67,-8.22150879621926,-2.70279601884711,-1.76478566250036,6.7376763910039,89.7632068863107,TRUE,NA
"sigma",21.68,-8.22398730650413,-2.7034720066524,-1.76543755236117,6.73995985650074,89.8139672175412,TRUE,NA
"sigma",21.69,-8.22646544190356,-2.70414787695338,-1.76608934466446,6.74224300118074,89.8647336668336,TRUE,NA
"sigma",21.7,-8.22894320264197,-2.70482362982283,-1.76674103945852,6.74452582523202,89.9155062323076,TRUE,NA
"sigma",21.71,-8.23142058894357,-2.70549926533348,-1.76739263679162,6.74680832884251,89.9662849120841,TRUE,NA
"sigma",21.72,-8.23389760103232,-2.70617478355795,-1.76804413671199,6.74909051219991,90.0170697042859,TRUE,NA
"sigma",21.73,-8.23637423913196,-2.70685018456879,-1.76869553926782,6.75137237549177,90.0678606070367,TRUE,NA
"sigma",21.74,-8.23885050346599,-2.70752546843852,-1.76934684450727,6.7536539189054,90.1186576184618,TRUE,NA
"sigma",21.75,-8.2413263942577,-2.70820063523954,-1.76999805247847,6.75593514262796,90.1694607366886,TRUE,NA
"sigma",21.76,-8.24380191173011,-2.70887568504418,-1.77064916322949,6.75821604684638,90.2202699598451,TRUE,NA
"sigma",21.77,-8.24627705610604,-2.70955061792472,-1.77130017680842,6.76049663174742,90.271085286061,TRUE,NA
"sigma",21.78,-8.24875182760808,-2.71022543395333,-1.77195109326326,6.76277689751762,90.3219067134677,TRUE,NA
"sigma",21.79,-8.25122622645857,-2.71090013320215,-1.77260191264198,6.76505684434337,90.3727342401979,TRUE,NA
"sigma",21.8,-8.25370025287964,-2.71157471574323,-1.77325263499255,6.76733647241082,90.4235678643856,TRUE,NA
"sigma",21.81,-8.25617390709319,-2.71224918164851,-1.77390326036288,6.76961578190596,90.4744075841665,TRUE,NA
"sigma",21.82,-8.25864718932087,-2.71292353098991,-1.77455378880084,6.77189477301458,90.5252533976775,TRUE,NA
"sigma",21.83,-8.26112009978411,-2.71359776383924,-1.77520422035427,6.77417344592227,90.5761053030571,TRUE,NA
"sigma",21.84,-8.26359263870413,-2.71427188026826,-1.775854555071,6.77645180081442,90.6269632984452,TRUE,NA
"sigma",21.85,-8.2660648063019,-2.71494588034864,-1.77650479299878,6.77872983787627,90.6778273819829,TRUE,NA
"sigma",21.86,-8.26853660279818,-2.71561976415199,-1.77715493418538,6.78100755729283,90.7286975518134,TRUE,NA
"sigma",21.87,-8.2710080284135,-2.71629353174984,-1.77780497867847,6.78328495924892,90.7795738060806,TRUE,NA
"sigma",21.88,-8.27347908336813,-2.71696718321363,-1.77845492652573,6.7855620439292,90.8304561429301,TRUE,NA
"sigma",21.89,-8.27594976788217,-2.71764071861477,-1.77910477777481,6.78783881151809,90.881344560509,TRUE,NA
"sigma",21.9,-8.27842008217544,-2.71831413802456,-1.7797545324733,6.79011526219988,90.9322390569658,TRUE,NA
"sigma",21.91,-8.28089002646758,-2.71898744151424,-1.78040419066875,6.79239139615863,90.9831396304503,TRUE,NA
"sigma",21.92,-8.28335960097796,-2.71966062915496,-1.7810537524087,6.79466721357822,91.0340462791139,TRUE,NA
"sigma",21.93,-8.28582880592577,-2.72033370101785,-1.78170321774066,6.79694271464235,91.0849590011093,TRUE,NA
"sigma",21.94,-8.28829764152993,-2.72100665717389,-1.78235258671205,6.79921789953451,91.1358777945907,TRUE,NA
"sigma",21.95,-8.29076610800917,-2.72167949769407,-1.78300185937035,6.80149276843802,91.1868026577137,TRUE,NA
"sigma",21.96,-8.29323420558198,-2.72235222264924,-1.7836510357629,6.80376732153603,91.2377335886351,TRUE,NA
"sigma",21.97,-8.29570193446663,-2.72302483211021,-1.78430011593709,6.80604155901143,91.2886705855135,TRUE,NA
"sigma",21.98,-8.29816929488117,-2.72369732614772,-1.78494909994023,6.808315481047,91.3396136465088,TRUE,NA
"sigma",21.99,-8.30063628704343,-2.72436970483243,-1.7855979878196,6.81058908782531,91.3905627697822,TRUE,NA
"sigma",22,-8.30310291117097,-2.72504196823493,-1.78624677962248,6.81286237952874,91.441517953496,TRUE,NA
"sigma",22.01,-8.30556916748121,-2.72571411642574,-1.78689547539605,6.81513535633946,91.4924791958147,TRUE,NA
"sigma",22.02,-8.30803505619129,-2.7263861494753,-1.7875440751875,6.81740801843948,91.5434464949034,TRUE,NA
"sigma",22.03,-8.31050057751812,-2.72705806745399,-1.788192579044,6.81968036601062,91.5944198489292,TRUE,NA
"sigma",22.04,-8.31296573167844,-2.7277298704321,-1.78884098701267,6.82195239923451,91.6453992560602,TRUE,NA
"sigma",22.05,-8.31543051888874,-2.72840155847988,-1.78948929914055,6.82422411829261,91.6963847144663,TRUE,NA
"sigma",22.06,-8.31789493936525,-2.7290731316675,-1.79013751547473,6.82649552336614,91.7473762223183,TRUE,NA
"sigma",22.07,-8.32035899332405,-2.72974459006502,-1.79078563606217,6.82876661463623,91.7983737777885,TRUE,NA
"sigma",22.08,-8.32282268098096,-2.73041593374249,-1.79143366094991,6.83103739228371,91.8493773790513,TRUE,NA
"sigma",22.09,-8.32528600255159,-2.73108716276983,-1.79208159018482,6.83330785648934,91.9003870242815,TRUE,NA
"sigma",22.1,-8.32774895825132,-2.73175827721695,-1.79272942381388,6.83557800743361,91.9514027116559,TRUE,NA
"sigma",22.11,-8.3302115482953,-2.73242927715362,-1.79337716188393,6.83784784529687,92.0024244393525,TRUE,NA
"sigma",22.12,-8.33267377289851,-2.7331001626496,-1.7940248044418,6.84011737025926,92.0534522055509,TRUE,NA
"sigma",22.13,-8.33513563227565,-2.73377093377455,-1.7946723515343,6.84238658250074,92.1044860084313,TRUE,NA
"sigma",22.14,-8.33759712664125,-2.73444159059808,-1.7953198032082,6.84465548220113,92.1555258461765,TRUE,NA
"sigma",22.15,-8.3400582562096,-2.73511213318969,-1.79596715951026,6.84692406954002,92.20657171697,TRUE,NA
"sigma",22.16,-8.34251902119476,-2.73578256161886,-1.79661442048718,6.8491923446968,92.2576236189965,TRUE,NA
"sigma",22.17,-8.3449794218106,-2.73645287595495,-1.79726158618558,6.85146030785076,92.3086815504424,TRUE,NA
"sigma",22.18,-8.34743945827075,-2.73712307626731,-1.79790865665215,6.85372795918092,92.3597455094956,TRUE,NA
"sigma",22.19,-8.34989913078863,-2.73779316262514,-1.79855563193347,6.85599529886615,92.4108154943449,TRUE,NA
"sigma",22.2,-8.35235843957745,-2.73846313509763,-1.79920251207608,6.85826232708517,92.4618915031808,TRUE,NA
"sigma",22.21,-8.35481738485021,-2.73913299375393,-1.79984929712656,6.86052904401648,92.5129735341954,TRUE,NA
"sigma",22.22,-8.35727596681967,-2.73980273866302,-1.80049598713138,6.86279544983839,92.5640615855817,TRUE,NA
"sigma",22.23,-8.35973418569838,-2.74047236989389,-1.801142582137,6.86506154472906,92.6151556555342,TRUE,NA
"sigma",22.24,-8.36219204169869,-2.74114188751543,-1.80178908218988,6.86732732886647,92.666255742249,TRUE,NA
"sigma",22.25,-8.36464953503273,-2.74181129159647,-1.80243548733638,6.8695928024284,92.7173618439234,TRUE,NA
"sigma",22.26,-8.36710666591241,-2.74248058220578,-1.80308179762289,6.87185796559246,92.768473958756,TRUE,NA
"sigma",22.27,-8.36956343454943,-2.74314975941204,-1.80372801309573,6.87412281853606,92.8195920849469,TRUE,NA
"sigma",22.28,-8.37201984115526,-2.74381882328387,-1.80437413380118,6.87638736143647,92.8707162206974,TRUE,NA
"sigma",22.29,-8.37447588594118,-2.74448777388982,-1.80502015978552,6.87865159447075,92.9218463642104,TRUE,NA
"sigma",22.3,-8.37693156911823,-2.74515661129838,-1.80566609109497,6.88091551781578,92.9729825136898,TRUE,NA
"sigma",22.31,-8.37938689089728,-2.74582533557795,-1.80631192777573,6.88317913164829,93.0241246673413,TRUE,NA
"sigma",22.32,-8.38184185148894,-2.74649394679689,-1.80695766987396,6.88544243614481,93.0752728233716,TRUE,NA
"sigma",22.33,-8.38429645110362,-2.74716244502347,-1.80760331743575,6.88770543148167,93.1264269799889,TRUE,NA
"sigma",22.34,-8.38675068995154,-2.7478308303259,-1.80824887050724,6.88996811783507,93.1775871354027,TRUE,NA
"sigma",22.35,-8.38920456824268,-2.74849910277231,-1.80889432913448,6.892230495381,93.2287532878239,TRUE,NA
"sigma",22.36,-8.39165808618683,-2.7491672624308,-1.80953969336347,6.89449256429529,93.2799254354647,TRUE,NA
"sigma",22.37,-8.39411124399355,-2.74983530936935,-1.81018496324024,6.89675432475356,93.331103576539,TRUE,NA
"sigma",22.38,-8.39656404187219,-2.75050324365589,-1.81083013881071,6.89901577693131,93.3822877092612,TRUE,NA
"sigma",22.39,-8.39901648003191,-2.75117106535831,-1.81147522012083,6.9012769210038,93.4334778318478,TRUE,NA
"sigma",22.4,-8.40146855868165,-2.75183877454439,-1.81212020721646,6.90353775714616,93.4846739425165,TRUE,NA
"sigma",22.41,-8.40392027803012,-2.75250637128186,-1.81276510014347,6.90579828553332,93.535876039486,TRUE,NA
"sigma",22.42,-8.40637163828585,-2.75317385563839,-1.81340989894772,6.90805850634005,93.5870841209768,TRUE,NA
"sigma",22.43,-8.40882263965713,-2.7538412276816,-1.81405460367497,6.91031841974093,93.6382981852106,TRUE,NA
"sigma",22.44,-8.41127328235207,-2.75450848747898,-1.81469921437096,6.91257802591037,93.68951823041,TRUE,NA
"sigma",22.45,-8.41372356657856,-2.75517563509801,-1.81534373108145,6.91483732502261,93.7407442547995,TRUE,NA
"sigma",22.46,-8.41617349254426,-2.75584267060609,-1.81598815385211,6.91709631725168,93.7919762566048,TRUE,NA
"sigma",22.47,-8.41862306045665,-2.75650959407053,-1.81663248272858,6.9193550027715,93.8432142340527,TRUE,NA
"sigma",22.48,-8.42107227052301,-2.7571764055586,-1.81727671775652,6.92161338175578,93.8944581853716,TRUE,NA
"sigma",22.49,-8.42352112295036,-2.7578431051375,-1.81792085898151,6.92387145437804,93.945708108791,TRUE,NA
"sigma",22.5,-8.42596961794557,-2.75850969287433,-1.81856490644908,6.92612922081164,93.9969640025418,TRUE,NA
"sigma",22.51,-8.42841775571527,-2.75917616883618,-1.81920886020478,6.9283866812298,94.0482258648566,TRUE,NA
"sigma",22.52,-8.4308655364659,-2.75984253309001,-1.81985272029409,6.9306438358055,94.0994936939685,TRUE,NA
"sigma",22.53,-8.43331296040366,-2.76050878570277,-1.82049648676248,6.9329006847116,94.1507674881125,TRUE,NA
"sigma",22.54,-8.43576002773461,-2.76117492674131,-1.82114015965536,6.93515722812076,94.2020472455252,TRUE,NA
"sigma",22.55,-8.43820673866453,-2.76184095627241,-1.82178373901814,6.93741346620548,94.2533329644436,TRUE,NA
"sigma",22.56,-8.44065309339905,-2.76250687436282,-1.82242722489614,6.93966939913809,94.304624643107,TRUE,NA
"sigma",22.57,-8.44309909214355,-2.76317268107918,-1.82307061733473,6.94192502709074,94.3559222797553,TRUE,NA
"sigma",22.58,-8.44554473510324,-2.7638383764881,-1.82371391637917,6.9441803502354,94.4072258726302,TRUE,NA
"sigma",22.59,-8.44799002248311,-2.76450396065608,-1.82435712207474,6.94643536874389,94.4585354199742,TRUE,NA
"sigma",22.6,-8.45043495448793,-2.7651694336496,-1.82500023446664,6.94869008278785,94.5098509200315,TRUE,NA
"sigma",22.61,-8.45287953132231,-2.76583479553505,-1.8256432536001,6.95094449253874,94.5611723710477,TRUE,NA
"sigma",22.62,-8.4553237531906,-2.76650004637875,-1.82628617952022,6.95319859816784,94.6124997712692,TRUE,NA
"sigma",22.63,-8.45776762029699,-2.76716518624699,-1.82692901227219,6.95545239984629,94.6638331189444,TRUE,NA
"sigma",22.64,-8.46021113284544,-2.76783021520593,-1.82757175190108,6.95770589774505,94.7151724123221,TRUE,NA
"sigma",22.65,-8.46265429103974,-2.76849513332173,-1.82821439845195,6.95995909203489,94.7665176496535,TRUE,NA
"sigma",22.66,-8.46509709508343,-2.76915994066044,-1.82885695196982,6.96221198288643,94.8178688291901,TRUE,NA
"sigma",22.67,-8.46753954517989,-2.76982463728807,-1.82949941249971,6.96446457047012,94.8692259491853,TRUE,NA
"sigma",22.68,-8.46998164153226,-2.77048922327055,-1.83014178008657,6.96671685495622,94.9205890078936,TRUE,NA
"sigma",22.69,-8.4724233843435,-2.77115369867374,-1.8307840547753,6.96896883651483,94.9719580035707,TRUE,NA
"sigma",22.7,-8.47486477381638,-2.77181806356347,-1.83142623661084,6.9712205153159,95.0233329344739,TRUE,NA
"sigma",22.71,-8.47730581015344,-2.77248231800546,-1.83206832563803,6.9734718915292,95.0747137988615,TRUE,NA
"sigma",22.72,-8.47974649355706,-2.77314646206539,-1.83271032190172,6.97572296532433,95.1261005949932,TRUE,NA
"sigma",22.73,-8.48218682422935,-2.77381049580887,-1.83335222544669,6.97797373687069,95.1774933211302,TRUE,NA
"sigma",22.74,-8.48462680237228,-2.77447441930143,-1.83399403631772,6.98022420633758,95.2288919755343,TRUE,NA
"sigma",22.75,-8.48706642818761,-2.77513823260858,-1.83463575455954,6.98247437389408,95.2802965564692,TRUE,NA
"sigma",22.76,-8.48950570187687,-2.7758019357957,-1.83527738021684,6.9847242397091,95.3317070622,TRUE,NA
"sigma",22.77,-8.49194462364143,-2.77646552892816,-1.8359189133343,6.98697380395144,95.3831234909927,TRUE,NA
"sigma",22.78,-8.49438319368243,-2.77712901207126,-1.83656035395657,6.98922306678965,95.4345458411146,TRUE,NA
"sigma",22.79,-8.49682141220083,-2.7777923852902,-1.83720170212823,6.99147202839217,95.4859741108346,TRUE,NA
"sigma",22.8,-8.49925927939736,-2.77845564865013,-1.83784295789387,6.99372068892727,95.5374082984222,TRUE,NA
"sigma",22.81,-8.5016967954726,-2.77911880221618,-1.83848412129802,6.99596904856302,95.5888484021493,TRUE,NA
"sigma",22.82,-8.5041339606269,-2.77978184605335,-1.83912519238516,6.99821710746737,95.6402944202878,TRUE,NA
"sigma",22.83,-8.50657077506041,-2.7804447802266,-1.83976617119981,7.00046486580808,95.6917463511119,TRUE,NA
"sigma",22.84,-8.5090072389731,-2.78110760480085,-1.84040705778639,7.00271232375272,95.7432041928967,TRUE,NA
"sigma",22.85,-8.51144335256471,-2.78177031984093,-1.84104785218931,7.00495948146874,95.7946679439181,TRUE,NA
"sigma",22.86,-8.51387911603483,-2.7824329254116,-1.84168855445294,7.0072063391234,95.846137602454,TRUE,NA
"sigma",22.87,-8.51631452958281,-2.7830954215776,-1.84232916462164,7.00945289688379,95.8976131667833,TRUE,NA
"sigma",22.88,-8.51874959340782,-2.78375780840354,-1.8429696827397,7.01169915491687,95.949094635186,TRUE,NA
"sigma",22.89,-8.52118430770885,-2.78442008595403,-1.84361010885144,7.01394511338938,96.0005820059438,TRUE,NA
"sigma",22.9,-8.52361867268467,-2.78508225429357,-1.84425044300106,7.01619077246794,96.0520752773388,TRUE,NA
"sigma",22.91,-8.52605268853385,-2.78574431348664,-1.84489068523282,7.01843613231899,96.1035744476555,TRUE,NA
"sigma",22.92,-8.52848635545479,-2.78640626359761,-1.84553083559084,7.0206811931088,96.1550795151787,TRUE,NA
"sigma",22.93,-8.53091967364568,-2.78706810469081,-1.84617089411932,7.0229259550035,96.206590478195,TRUE,NA
"sigma",22.94,-8.53335264330451,-2.78772983683051,-1.84681086086241,7.02517041816902,96.2581073349922,TRUE,NA
"sigma",22.95,-8.53578526462909,-2.78839146008093,-1.84745073586414,7.02741458277117,96.3096300838592,TRUE,NA
"sigma",22.96,-8.53821753781702,-2.78905297450618,-1.84809051916859,7.02965844897556,96.3611587230862,TRUE,NA
"sigma",22.97,-8.5406494630657,-2.78971438017036,-1.84873021081975,7.03190201694766,96.4126932509645,TRUE,NA
"sigma",22.98,-8.54308104057237,-2.79037567713748,-1.84936981086167,7.03414528685277,96.4642336657871,TRUE,NA
"sigma",22.99,-8.54551227053402,-2.79103686547148,-1.85000931933827,7.03638825885601,96.5157799658477,TRUE,NA
"sigma",23,-8.54794315314752,-2.79169794523625,-1.85064873629347,7.03863093312238,96.5673321494417,TRUE,NA
"sigma",23.01,-8.55037368860949,-2.79235891649562,-1.85128806177118,7.04087330981668,96.6188902148655,TRUE,NA
"sigma",23.02,-8.55280387711637,-2.79301977931337,-1.85192729581526,7.04311538910357,96.6704541604169,TRUE,NA
"sigma",23.03,-8.55523371886441,-2.79368053375318,-1.85256643846956,7.04535717114753,96.7220239843947,TRUE,NA
"sigma",23.04,-8.55766321404969,-2.7943411798787,-1.85320548977787,7.0475986561129,96.7735996850993,TRUE,NA
"sigma",23.05,-8.56009236286805,-2.79500171775352,-1.85384444978394,7.04983984416383,96.825181260832,TRUE,NA
"sigma",23.06,-8.56252116551517,-2.79566214744112,-1.85448331853151,7.05208073546438,96.8767687098953,TRUE,NA
"sigma",23.07,-8.56494962218654,-2.79632246900499,-1.85512209606431,7.05432133017833,96.9283620305935,TRUE,NA
"sigma",23.08,-8.56737773307746,-2.79698268250849,-1.85576078242598,7.05656162846941,96.9799612212317,TRUE,NA
"sigma",23.09,-8.56980549838302,-2.79764278801497,-1.85639937766016,7.05880163050114,97.031566280116,TRUE,NA
"sigma",23.1,-8.57223291829813,-2.79830278558769,-1.85703788181049,7.06104133643688,97.0831772055542,TRUE,NA
"sigma",23.11,-8.57465999301751,-2.79896267528985,-1.85767629492054,7.06328074643986,97.1347939958551,TRUE,NA
"sigma",23.12,-8.57708672273568,-2.7996224571846,-1.85831461703384,7.06551986067311,97.1864166493288,TRUE,NA
"sigma",23.13,-8.579513107647,-2.80028213133503,-1.8589528481939,7.06775867929952,97.2380451642868,TRUE,NA
"sigma",23.14,-8.5819391479456,-2.80094169780415,-1.85959098844421,7.06999720248183,97.2896795390414,TRUE,NA
"sigma",23.15,-8.58436484382545,-2.80160115665493,-1.86022903782824,7.07223543038262,97.3413197719065,TRUE,NA
"sigma",23.16,-8.58679019548032,-2.80226050795025,-1.86086699638937,7.07447336316428,97.392965861197,TRUE,NA
"sigma",23.17,-8.58921520310379,-2.80291975175299,-1.86150486417104,7.0767110009891,97.4446178052294,TRUE,NA
"sigma",23.18,-8.59163986688924,-2.80357888812586,-1.86214264121656,7.07894834401915,97.4962756023206,TRUE,NA
"sigma",23.19,-8.59406418702989,-2.80423791713163,-1.86278032756926,7.08118539241639,97.5479392507898,TRUE,NA
"sigma",23.2,-8.59648816371874,-2.80489683883293,-1.86341792327246,7.08342214634259,97.5996087489566,TRUE,NA
"sigma",23.21,-8.59891179714864,-2.80555565329235,-1.8640554283694,7.08565860595938,97.6512840951421,TRUE,NA
"sigma",23.22,-8.60133508751222,-2.80621436057245,-1.86469284290333,7.08789477142824,97.702965287669,TRUE,NA
"sigma",23.23,-8.60375803500192,-2.80687296073567,-1.86533016691743,7.09013064291046,97.7546523248602,TRUE,NA
"sigma",23.24,-8.60618063981002,-2.80753145384443,-1.86596740045487,7.09236622056723,97.806345205041,TRUE,NA
"sigma",23.25,-8.60860290212859,-2.80818983996109,-1.86660454355881,7.09460150455951,97.858043926537,TRUE,NA
"sigma",23.26,-8.61102482214954,-2.80884811914793,-1.86724159627232,7.09683649504819,97.9097484876755,TRUE,NA
"sigma",23.27,-8.61344640006454,-2.80950629146718,-1.86787855863847,7.09907119219391,97.961458886785,TRUE,NA
"sigma",23.28,-8.61586763606514,-2.81016435698103,-1.86851543070035,7.10130559615722,98.0131751221949,TRUE,NA
"sigma",23.29,-8.61828853034266,-2.81082231575155,-1.86915221250094,7.10353970709851,98.0648971922361,TRUE,NA
"sigma",23.3,-8.62070908308826,-2.81148016784082,-1.86978890408322,7.10577352517799,98.1166250952405,TRUE,NA
"sigma",23.31,-8.62312929449288,-2.81213791331081,-1.87042550549014,7.10800705055572,98.1683588295414,TRUE,NA
"sigma",23.32,-8.62554916474732,-2.81279555222347,-1.87106201676463,7.11024028339161,98.2200983934732,TRUE,NA
"sigma",23.33,-8.62796869404216,-2.81345308464065,-1.87169843794956,7.11247322384544,98.2718437853716,TRUE,NA
"sigma",23.34,-8.63038788256781,-2.81411051062418,-1.87233476908782,7.11470587207678,98.3235950035733,TRUE,NA
"sigma",23.35,-8.63280673051449,-2.81476783023578,-1.8729710102222,7.11693822824509,98.3753520464163,TRUE,NA
"sigma",23.36,-8.63522523807224,-2.81542504353717,-1.87360716139549,7.11917029250968,98.4271149122399,TRUE,NA
"sigma",23.37,-8.63764340543091,-2.81608215058994,-1.87424322265047,7.12140206502967,98.4788835993842,TRUE,NA
"sigma",23.38,-8.64006123278019,-2.81673915145571,-1.87487919402988,7.12363354596404,98.5306581061912,TRUE,NA
"sigma",23.39,-8.64247872030955,-2.81739604619595,-1.87551507557639,7.12586473547165,98.5824384310035,TRUE,NA
"sigma",23.4,-8.6448958682083,-2.81805283487213,-1.87615086733268,7.12809563371115,98.6342245721651,TRUE,NA
"sigma",23.41,-8.64731267666556,-2.81870951754566,-1.87678656934144,7.13032624084109,98.6860165280211,TRUE,NA
"sigma",23.42,-8.64972914587028,-2.81936609427783,-1.87742218164519,7.13255655701983,98.7378142969179,TRUE,NA
"sigma",23.43,-8.6521452760112,-2.82002256512995,-1.87805770428657,7.1347865824056,98.789617877203,TRUE,NA
"sigma",23.44,-8.65456106727691,-2.82067893016321,-1.87869313730811,7.13701631715647,98.8414272672252,TRUE,NA
"sigma",23.45,-8.6569765198558,-2.82133518943881,-1.87932848075235,7.13924576143035,98.8932424653348,TRUE,NA
"sigma",23.46,-8.65939163393607,-2.82199134301778,-1.87996373466172,7.14147491538501,98.9450634698821,TRUE,NA
"sigma",23.47,-8.66180640970576,-2.82264739096122,-1.88059889907871,7.14370377917806,98.9968902792199,TRUE,NA
"sigma",23.48,-8.66422084735271,-2.82330333333007,-1.88123397404574,7.14593235296696,99.0487228917014,TRUE,NA
"sigma",23.49,-8.6666349470646,-2.82395917018527,-1.88186895960521,7.14816063690902,99.1005613056817,TRUE,NA
"sigma",23.5,-8.66904870902892,-2.82461490158767,-1.88250385579946,7.15038863116142,99.1524055195162,TRUE,NA
"sigma",23.51,-8.67146213343297,-2.82527052759807,-1.88313866267082,7.15261633588115,99.2042555315619,TRUE,NA
"sigma",23.52,-8.67387522046386,-2.82592604827724,-1.88377338026163,7.15484375122507,99.256111340177,TRUE,NA
"sigma",23.53,-8.67628797030856,-2.82658146368586,-1.88440800861414,7.15707087734989,99.3079729437212,TRUE,NA
"sigma",23.54,-8.67870038315382,-2.82723677388454,-1.88504254777056,7.15929771441216,99.3598403405545,TRUE,NA
"sigma",23.55,-8.68111245918626,-2.82789197893387,-1.88567699777312,7.16152426256831,99.4117135290389,TRUE,NA
"sigma",23.56,-8.68352419859225,-2.82854707889435,-1.88631135866403,7.16375052197458,99.4635925075373,TRUE,NA
"sigma",23.57,-8.68593560155803,-2.82920207382643,-1.88694563048539,7.16597649278707,99.5154772744133,TRUE,NA
"sigma",23.58,-8.68834666826966,-2.82985696379053,-1.88757981327934,7.16820217516176,99.5673678280326,TRUE,NA
"sigma",23.59,-8.69075739891302,-2.83051174884697,-1.88821390708796,7.17042756925446,99.6192641667615,TRUE,NA
"sigma",23.6,-8.69316779367378,-2.83116642905603,-1.88884791195332,7.1726526752208,99.6711662889671,TRUE,NA
"sigma",23.61,-8.69557785273747,-2.83182100447794,-1.88948182791744,7.17487749321632,99.7230741930185,TRUE,NA
"sigma",23.62,-8.69798757628944,-2.83247547517287,-1.8901156550223,7.17710202339638,99.7749878772855,TRUE,NA
"sigma",23.63,-8.70039696451482,-2.8331298412009,-1.89074939330987,7.17932626591619,99.8269073401387,TRUE,NA
"sigma",23.64,-8.70280601759862,-2.83378410262211,-1.8913830428221,7.18155022093083,99.8788325799509,TRUE,NA
"sigma",23.65,-8.70521473572564,-2.83443825949649,-1.89201660360091,7.18377388859519,99.930763595095,TRUE,NA
"sigma",23.66,-8.70762311908052,-2.83509231188396,-1.89265007568813,7.18599726906406,99.9827003839456,TRUE,NA
"sigma",23.67,-8.71003116784769,-2.8357462598444,-1.89328345912564,7.18822036249207,100.034642944878,TRUE,NA
"sigma",23.68,-8.71243888221144,-2.83640010343766,-1.89391675395525,7.19044316903368,100.08659127627,TRUE,NA
"sigma",23.69,-8.71484626235588,-2.83705384272345,-1.89454996021872,7.19266568884324,100.138545376498,TRUE,NA
"sigma",23.7,-8.71725330846492,-2.83770747776152,-1.8951830779578,7.19488792207491,100.190505243943,TRUE,NA
"sigma",23.71,-8.71966002072232,-2.8383610086115,-1.89581610721425,7.19710986888275,100.242470876983,TRUE,NA
"sigma",23.72,-8.72206639931165,-2.839014435333,-1.89644904802977,7.19933152942061,100.294442274001,TRUE,NA
"sigma",23.73,-8.72447244441631,-2.83966775798554,-1.89708190044597,7.20155290384228,100.34641943338,TRUE,NA
"sigma",23.74,-8.72687815621953,-2.8403209766286,-1.89771466450452,7.20377399230131,100.398402353502,TRUE,NA
"sigma",23.75,-8.72928353490436,-2.84097409132162,-1.89834734024705,7.20599479495119,100.450391032753,TRUE,NA
"sigma",23.76,-8.73168858065365,-2.84162710212393,-1.89897992771505,7.20821531194519,100.502385469517,TRUE,NA
"sigma",23.77,-8.73409329365015,-2.84228000909488,-1.89961242695015,7.2104355434365,100.554385662185,TRUE,NA
"sigma",23.78,-8.73649767407634,-2.84293281229369,-1.9002448379938,7.21265548957813,100.606391609141,TRUE,NA
"sigma",23.79,-8.7389017221146,-2.84358551177958,-1.90087716088752,7.21487515052292,100.658403308778,TRUE,NA
"sigma",23.8,-8.7413054379471,-2.84423810761167,-1.90150939567275,7.21709452642362,100.710420759484,TRUE,NA
"sigma",23.81,-8.74370882175586,-2.84489059984907,-1.90214154239093,7.2193136174328,100.762443959651,TRUE,NA
"sigma",23.82,-8.74611187372271,-2.84554298855078,-1.90277360108343,7.22153242370291,100.814472907673,TRUE,NA
"sigma",23.83,-8.74851459402929,-2.84619527377579,-1.90340557179165,7.2237509453862,100.866507601944,TRUE,NA
"sigma",23.84,-8.75091698285712,-2.846847455583,-1.90403745455687,7.22596918263486,100.918548040857,TRUE,NA
"sigma",23.85,-8.7533190403875,-2.84749953403128,-1.9046692494204,7.22818713560088,100.97059422281,TRUE,NA
"sigma",23.86,-8.75572076680158,-2.84815150917943,-1.90530095642359,7.23040480443609,101.022646146201,TRUE,NA
"sigma",23.87,-8.75812216228032,-2.8488033810862,-1.90593257560762,7.23262218929225,101.074703809426,TRUE,NA
"sigma",23.88,-8.76052322700453,-2.84945514981027,-1.90656410701369,7.23483929032089,101.126767210886,TRUE,NA
"sigma",23.89,-8.76292396115486,-2.85010681541029,-1.90719555068304,7.23705610767347,101.178836348982,TRUE,NA
"sigma",23.9,-8.76532436491174,-2.85075837794486,-1.90782690665678,7.23927264150125,101.230911222115,TRUE,NA
"sigma",23.91,-8.76772443845546,-2.85140983747247,-1.90845817497607,7.24148889195538,101.282991828689,TRUE,NA
"sigma",23.92,-8.77012418196615,-2.8520611940516,-1.909089355682,7.24370485918687,101.335078167108,TRUE,NA
"sigma",23.93,-8.77252359562376,-2.85271244774066,-1.90972044881559,7.24592054334656,101.387170235776,TRUE,NA
"sigma",23.94,-8.77492267960805,-2.85336359859802,-1.91035145441794,7.24813594458518,101.4392680331,TRUE,NA
"sigma",23.95,-8.77732143409862,-2.85401464668198,-1.91098237253003,7.2503510630533,101.491371557487,TRUE,NA
"sigma",23.96,-8.77971985927495,-2.85466559205079,-1.91161320319283,7.25256589890134,101.543480807347,TRUE,NA
"sigma",23.97,-8.78211795531626,-2.85531643476265,-1.91224394644733,7.25478045227959,101.595595781088,TRUE,NA
"sigma",23.98,-8.78451572240167,-2.85596717487568,-1.91287460233438,7.25699472333823,101.647716477122,TRUE,NA
"sigma",23.99,-8.78691316071011,-2.85661781244798,-1.91350517089494,7.25920871222722,101.699842893861,TRUE,NA
"sigma",24,-8.78931027042032,-2.85726834753756,-1.91413565216981,7.26142241909645,101.751975029716,TRUE,NA
"sigma",24.01,-8.79170705171093,-2.85791878020242,-1.91476604619987,7.26363584409565,101.804112883104,TRUE,NA
"sigma",24.02,-8.79410350476033,-2.85856911050046,-1.91539635302589,7.26584898737439,101.856256452438,TRUE,NA
"sigma",24.03,-8.79649962974678,-2.85921933848956,-1.91602657268867,7.26806184908212,101.908405736135,TRUE,NA
"sigma",24.04,-8.79889542684837,-2.85986946422751,-1.91665670522891,7.27027442936815,101.960560732613,TRUE,NA
"sigma",24.05,-8.80129089624302,-2.86051948777207,-1.91728675068735,7.27248672838162,102.01272144029,TRUE,NA
"sigma",24.06,-8.80368603810849,-2.86116940918098,-1.91791670910471,7.27469874627158,102.064887857587,TRUE,NA
"sigma",24.07,-8.80608085262235,-2.86181922851181,-1.91854658052158,7.2769104831869,102.117059982922,TRUE,NA
"sigma",24.08,-8.80847533996203,-2.86246894582222,-1.91917636497862,7.27912193927633,102.169237814719,TRUE,NA
"sigma",24.09,-8.81086950030477,-2.86311856116972,-1.91980606251642,7.28133311468846,102.221421351401,TRUE,NA
"sigma",24.1,-8.81326333382766,-2.8637680746118,-1.92043567317555,7.28354400957178,102.273610591391,TRUE,NA
"sigma",24.11,-8.81565684070761,-2.86441748620588,-1.92106519699655,7.28575462407459,102.325805533115,TRUE,NA
"sigma",24.12,-8.81805002112138,-2.86506679600934,-1.92169463401993,7.28796495834509,102.378006174999,TRUE,NA
"sigma",24.13,-8.82044287524555,-2.86571600407951,-1.92232398428617,7.29017501253133,102.43021251547,TRUE,NA
"sigma",24.14,-8.82283540325655,-2.86636511047365,-1.9229532478357,7.29238478678123,102.482424552957,TRUE,NA
"sigma",24.15,-8.82522760533061,-2.86701411524898,-1.92358242470897,7.29459428124254,102.53464228589,TRUE,NA
"sigma",24.16,-8.82761948164385,-2.86766301846265,-1.92421151494635,7.29680349606291,102.586865712698,TRUE,NA
"sigma",24.17,-8.83001103237217,-2.86831182017178,-1.92484051858824,7.29901243138982,102.639094831814,TRUE,NA
"sigma",24.18,-8.83240225769133,-2.8689605204334,-1.92546943567493,7.30122108737066,102.691329641671,TRUE,NA
"sigma",24.19,-8.83479315777694,-2.86960911930455,-1.92609826624677,7.30342946415262,102.743570140702,TRUE,NA
"sigma",24.2,-8.83718373280442,-2.87025761684214,-1.926727010344,7.3056375618828,102.795816327343,TRUE,NA
"sigma",24.21,-8.83957398294903,-2.87090601310306,-1.92735566800688,7.30784538070813,102.848068200029,TRUE,NA
"sigma",24.22,-8.84196390838589,-2.87155430814417,-1.92798423927563,7.31005292077544,102.900325757199,TRUE,NA
"sigma",24.23,-8.84435350928992,-2.87220250202227,-1.92861272419046,7.31226018223139,102.952588997289,TRUE,NA
"sigma",24.24,-8.8467427858359,-2.87285059479405,-1.92924112279149,7.31446716522253,103.004857918739,TRUE,NA
"sigma",24.25,-8.84913173819844,-2.87349858651622,-1.9298694351189,7.31667386989524,103.057132519991,TRUE,NA
"sigma",24.26,-8.85152036655199,-2.87414647724538,-1.93049766121276,7.3188802963958,103.109412799485,TRUE,NA
"sigma",24.27,-8.85390867107084,-2.87479426703814,-1.93112580111314,7.32108644487034,103.161698755663,TRUE,NA
"sigma",24.28,-8.85629665192909,-2.87544195595099,-1.93175385486011,7.32329231546483,103.213990386971,TRUE,NA
"sigma",24.29,-8.85868430930074,-2.87608954404043,-1.9323818224937,7.32549790832513,103.266287691851,TRUE,NA
"sigma",24.3,-8.86107164335955,-2.87673703136282,-1.93300970405386,7.32770322359699,103.318590668751,TRUE,NA
"sigma",24.31,-8.86345865427917,-2.87738441797458,-1.93363749958057,7.32990826142597,103.370899316116,TRUE,NA
"sigma",24.32,-8.86584534223308,-2.878031703932,-1.93426520911379,7.33211302195753,103.423213632396,TRUE,NA
"sigma",24.33,-8.86823170739458,-2.87867888929132,-1.93489283269335,7.33431750533698,103.475533616039,TRUE,NA
"sigma",24.34,-8.87061774993683,-2.87932597410877,-1.9355203703592,7.33652171170949,103.527859265494,TRUE,NA
"sigma",24.35,-8.87300347003282,-2.87997295844048,-1.93614782215114,7.33872564122013,103.580190579214,TRUE,NA
"sigma",24.36,-8.87538886785537,-2.88061984234256,-1.936775188109,7.34092929401379,103.632527555651,TRUE,NA
"sigma",24.37,-8.87777394357715,-2.88126662587106,-1.93740246827259,7.34313267023526,103.684870193258,TRUE,NA
"sigma",24.38,-8.88015869737067,-2.88191330908196,-1.93802966268163,7.34533577002918,103.737218490488,TRUE,NA
"sigma",24.39,-8.88254312940829,-2.88255989203122,-1.93865677137589,7.34753859354006,103.789572445798,TRUE,NA
"sigma",24.4,-8.88492723986218,-2.88320637477473,-1.93928379439506,7.34974114091228,103.841932057645,TRUE,NA
"sigma",24.41,-8.88731102890437,-2.88385275736832,-1.93991073177881,7.35194341229005,103.894297324485,TRUE,NA
"sigma",24.42,-8.88969449670672,-2.88449903986778,-1.94053758356678,7.35414540781753,103.946668244778,TRUE,NA
"sigma",24.43,-8.89207764344095,-2.88514522232884,-1.9411643497986,7.35634712763866,103.999044816983,TRUE,NA
"sigma",24.44,-8.89446046927861,-2.8857913048072,-1.94179103051386,7.3585485718973,104.05142703956,TRUE,NA
"sigma",24.45,-8.89684297439109,-2.88643728735847,-1.94241762575212,7.36074974073715,104.103814910972,TRUE,NA
"sigma",24.46,-8.89922515894959,-2.88708317003823,-1.94304413555291,7.36295063430178,104.156208429682,TRUE,NA
"sigma",24.47,-8.90160702312523,-2.88772895290203,-1.94367055995576,7.36515125273466,104.208607594152,TRUE,NA
"sigma",24.48,-8.90398856708889,-2.88837463600532,-1.94429689900009,7.36735159617908,104.26101240285,TRUE,NA
"sigma",24.49,-8.90636979101134,-2.88902021940354,-1.9449231527254,7.36955166477822,104.313422854239,TRUE,NA
"sigma",24.5,-8.90875069506317,-2.88966570315206,-1.94554932117109,7.37175145867514,104.365838946789,TRUE,NA
"sigma",24.51,-8.91113127941483,-2.89031108730621,-1.94617540437656,7.37395097801276,104.418260678966,TRUE,NA
"sigma",24.52,-8.91351154423658,-2.89095637192124,-1.94680140238117,7.37615022293384,104.470688049239,TRUE,NA
"sigma",24.53,-8.91589148969857,-2.89160155705239,-1.94742731522425,7.37834919358107,104.523121056079,TRUE,NA
"sigma",24.54,-8.91827111597074,-2.89224664275481,-1.94805314294513,7.38054789009692,104.575559697958,TRUE,NA
"sigma",24.55,-8.92065042322293,-2.89289162908362,-1.94867888558304,7.38274631262384,104.628003973348,TRUE,NA
"sigma",24.56,-8.92302941162478,-2.89353651609392,-1.94930454317732,7.38494446130407,104.680453880721,TRUE,NA
"sigma",24.57,-8.92540808134579,-2.89418130384067,-1.94993011576711,7.38714233627972,104.732909418553,TRUE,NA
"sigma",24.58,-8.92778643255528,-2.89482599237887,-1.95055560339163,7.38933993769281,104.785370585318,TRUE,NA
"sigma",24.59,-8.93016446542246,-2.89547058176343,-1.95118100609004,7.39153726568519,104.837837379494,TRUE,NA
"sigma",24.6,-8.93254218011635,-2.8961150720492,-1.95180632390153,7.39373432039861,104.890309799558,TRUE,NA
"sigma",24.61,-8.93491957680582,-2.89675946329099,-1.95243155686516,7.39593110197469,104.942787843988,TRUE,NA
"sigma",24.62,-8.93729665565958,-2.89740375554357,-1.95305670502001,7.39812761055488,104.995271511264,TRUE,NA
"sigma",24.63,-8.9396734168462,-2.89804794886165,-1.95368176840518,7.40032384628056,105.047760799867,TRUE,NA
"sigma",24.64,-8.94204986053409,-2.89869204329988,-1.95430674705964,7.40251980929293,105.100255708278,TRUE,NA
"sigma",24.65,-8.9444259868915,-2.89933603891288,-1.95493164102245,7.40471549973309,105.15275623498,TRUE,NA
"sigma",24.66,-8.94680179608653,-2.89997993575522,-1.95555645033253,7.406910917742,105.205262378457,TRUE,NA
"sigma",24.67,-8.94917728828712,-2.90062373388138,-1.95618117502886,7.40910606346048,105.257774137194,TRUE,NA
"sigma",24.68,-8.95155246366104,-2.90126743334583,-1.95680581515036,7.41130093702924,105.310291509676,TRUE,NA
"sigma",24.69,-8.95392732237593,-2.90191103420298,-1.9574303707359,7.41349553858885,105.36281449439,TRUE,NA
"sigma",24.7,-8.95630186459929,-2.90255453650718,-1.95805484182432,7.41568986827977,105.415343089825,TRUE,NA
"sigma",24.71,-8.95867609049844,-2.90319794031276,-1.95867922845451,7.41788392624232,105.467877294468,TRUE,NA
"sigma",24.72,-8.96105000024054,-2.90384124567396,-1.95930353066526,7.42007771261666,105.520417106811,TRUE,NA
"sigma",24.73,-8.96342359399261,-2.90448445264499,-1.9599277484953,7.42227122754287,105.572962525344,TRUE,NA
"sigma",24.74,-8.96579687192152,-2.90512756127999,-1.96055188198343,7.42446447116089,105.625513548558,TRUE,NA
"sigma",24.75,-8.96816983419399,-2.90577057163311,-1.96117593116837,7.42665744361051,105.678070174947,TRUE,NA
"sigma",24.76,-8.97054248097657,-2.90641348375836,-1.96179989608878,7.42885014503143,105.730632403005,TRUE,NA
"sigma",24.77,-8.97291481243567,-2.90705629770978,-1.96242377678335,7.43104257556318,105.783200231227,TRUE,NA
"sigma",24.78,-8.97528682873755,-2.90769901354132,-1.96304757329073,7.4332347353452,105.83577365811,TRUE,NA
"sigma",24.79,-8.97765853004831,-2.9083416313069,-1.96367128564955,7.43542662451676,105.888352682149,TRUE,NA
"sigma",24.8,-8.98002991653389,-2.90898415106035,-1.96429491389834,7.43761824321706,105.940937301844,TRUE,NA
"sigma",24.81,-8.98240098836011,-2.90962657285551,-1.9649184580757,7.43980959158514,105.993527515693,TRUE,NA
"sigma",24.82,-8.98477174569261,-2.91026889674612,-1.96554191822013,7.4420006697599,106.046123322196,TRUE,NA
"sigma",24.83,-8.98714218869688,-2.91091112278591,-1.96616529437018,7.44419147788013,106.098724719855,TRUE,NA
"sigma",24.84,-8.98951231753827,-2.91155325102853,-1.96678858656429,7.44638201608451,106.151331707172,TRUE,NA
"sigma",24.85,-8.99188213238198,-2.91219528152759,-1.96741179484091,7.4485722845116,106.20394428265,TRUE,NA
"sigma",24.86,-8.99425163339303,-2.91283721433667,-1.96803491923848,7.45076228329975,106.256562444793,TRUE,NA
"sigma",24.87,-8.99662082073634,-2.91347904950925,-1.96865795979534,7.4529520125873,106.309186192107,TRUE,NA
"sigma",24.88,-8.99898969457664,-2.91412078709883,-1.96928091654993,7.4551414725124,106.361815523097,TRUE,NA
"sigma",24.89,-9.00135825507853,-2.91476242715882,-1.96990378954056,7.45733066321307,106.41445043627,TRUE,NA
"sigma",24.9,-9.00372650240645,-2.9154039697426,-1.97052657880554,7.45951958482722,106.467090930136,TRUE,NA
"sigma",24.91,-9.00609443672468,-2.91604541490344,-1.97114928438313,7.46170823749267,106.519737003203,TRUE,NA
"sigma",24.92,-9.00846205819738,-2.91668676269466,-1.97177190631162,7.46389662134703,106.572388653982,TRUE,NA
"sigma",24.93,-9.01082936698853,-2.91732801316946,-1.97239444462925,7.46608473652788,106.625045880983,TRUE,NA
"sigma",24.94,-9.01319636326198,-2.91796916638101,-1.97301689937416,7.46827258317263,106.677708682719,TRUE,NA
"sigma",24.95,-9.01556304718143,-2.91861022238244,-1.97363927058458,7.47046016141854,106.730377057703,TRUE,NA
"sigma",24.96,-9.01792941891042,-2.91925118122683,-1.97426155829867,7.47264747140278,106.78305100445,TRUE,NA
"sigma",24.97,-9.02029547861234,-2.9198920429672,-1.97488376255451,7.4748345132624,106.835730521474,TRUE,NA
"sigma",24.98,-9.02266122645045,-2.92053280765653,-1.97550588339022,7.47702128713431,106.888415607292,TRUE,NA
"sigma",24.99,-9.02502666258785,-2.92117347534775,-1.97612792084385,7.47920779315531,106.941106260422,TRUE,NA
"sigma",25,-9.0273917871875,-2.92181404609374,-1.97674987495347,7.48139403146206,106.99380247938,TRUE,NA
"sigma",25.01,-9.02975660041218,-2.92245451994734,-1.97737174575705,7.48358000219109,107.046504262688,TRUE,NA
"sigma",25.02,-9.03212110242458,-2.92309489696132,-1.97799353329262,7.48576570547885,107.099211608863,TRUE,NA
"sigma",25.03,-9.03448529338719,-2.92373517718844,-1.97861523759811,7.48795114146163,107.15192451643,TRUE,NA
"sigma",25.04,-9.03684917346237,-2.92437536068139,-1.9792368587115,7.49013631027558,107.204642983908,TRUE,NA
"sigma",25.05,-9.03921274281234,-2.92501544749276,-1.97985839667059,7.49232121205679,107.257367009821,TRUE,NA
"sigma",25.06,-9.04157600159916,-2.92565543767521,-1.98047985151337,7.49450584694117,107.310096592694,TRUE,NA
"sigma",25.07,-9.04393894998478,-2.92629533128126,-1.98110122327765,7.49669021506452,107.362831731052,TRUE,NA
"sigma",25.08,-9.04630158813094,-2.9269351283634,-1.98172251200125,7.49887431656254,107.41557242342,TRUE,NA
"sigma",25.09,-9.0486639161993,-2.92757482897411,-1.98234371772197,7.5010581515708,107.468318668327,TRUE,NA
"sigma",25.1,-9.05102593435131,-2.92821443316573,-1.98296484047759,7.50324172022473,107.5210704643,TRUE,NA
"sigma",25.11,-9.05338764274834,-2.92885394099068,-1.98358588030584,7.50542502265964,107.573827809868,TRUE,NA
"sigma",25.12,-9.05574904155155,-2.92949335250122,-1.98420683724445,7.50760805901075,107.626590703562,TRUE,NA
"sigma",25.13,-9.058110130922,-2.93013266774964,-1.9848277113311,7.50979082941311,107.679359143912,TRUE,NA
"sigma",25.14,-9.06047091102059,-2.93077188678812,-1.98544850260346,7.5119733340017,107.73213312945,TRUE,NA
"sigma",25.15,-9.06283138200807,-2.93141100966887,-1.98606921109918,7.51415557291134,107.78491265871,TRUE,NA
"sigma",25.16,-9.06519154404505,-2.93205003644398,-1.98668983685586,7.51633754627674,107.837697730226,TRUE,NA
"sigma",25.17,-9.06755139729199,-2.93268896716552,-1.98731037991111,7.5185192542325,107.890488342532,TRUE,NA
"sigma",25.18,-9.06991094190921,-2.93332780188552,-1.98793084030245,7.52070069691308,107.943284494165,TRUE,NA
"sigma",25.19,-9.07227017805691,-2.93396654065594,-1.9885512180674,7.52288187445285,107.996086183661,TRUE,NA
"sigma",25.2,-9.07462910589508,-2.93460518352872,-1.98917151324352,7.52506278698603,108.048893409558,TRUE,NA
"sigma",25.21,-9.07698772558363,-2.93524373055574,-1.98979172586824,7.52724343464672,108.101706170396,TRUE,NA
"sigma",25.22,-9.0793460372823,-2.93588218178885,-1.99041185597904,7.52942381756892,108.154524464714,TRUE,NA
"sigma",25.23,-9.08170404115069,-2.93652053727982,-1.99103190361333,7.5316039358865,108.207348291053,TRUE,NA
"sigma",25.24,-9.08406173734826,-2.93715879708039,-1.99165186880852,7.53378378973321,108.260177647955,TRUE,NA
"sigma",25.25,-9.08641912603431,-2.93779696124225,-1.99227175160198,7.53596337924268,108.313012533962,TRUE,NA
"sigma",25.26,-9.088776207368,-2.93843502981707,-1.99289155203104,7.53814270454842,108.365852947619,TRUE,NA
"sigma",25.27,-9.09113298150839,-2.93907300285643,-1.99351127013303,7.54032176578381,108.41869888747,TRUE,NA
"sigma",25.28,-9.09348944861432,-2.93971088041188,-1.99413090594526,7.54250056308215,108.47155035206,TRUE,NA
"sigma",25.29,-9.09584560884456,-2.94034866253496,-1.99475045950498,7.54467909657656,108.524407339937,TRUE,NA
"sigma",25.3,-9.0982014623577,-2.9409863492771,-1.99536993084944,7.5468573664001,108.577269849648,TRUE,NA
"sigma",25.31,-9.10055700931219,-2.9416239406897,-1.99598932001582,7.54903537268569,108.630137879741,TRUE,NA
"sigma",25.32,-9.10291224986635,-2.94226143682416,-1.99660862704135,7.55121311556611,108.683011428767,TRUE,NA
"sigma",25.33,-9.10526718417835,-2.9428988377318,-1.99722785196317,7.55339059517404,108.735890495275,TRUE,NA
"sigma",25.34,-9.10762181240621,-2.94353614346387,-1.99784699481842,7.55556781164204,108.788775077817,TRUE,NA
"sigma",25.35,-9.10997613470782,-2.94417335407163,-1.99846605564423,7.55774476510255,108.841665174946,TRUE,NA
"sigma",25.36,-9.11233015124093,-2.94481046960624,-1.99908503447764,7.55992145568792,108.894560785215,TRUE,NA
"sigma",25.37,-9.11468386216315,-2.94544749011885,-1.99970393135573,7.56209788353034,108.947461907177,TRUE,NA
"sigma",25.38,-9.11703726763194,-2.94608441566055,-2.00032274631554,7.56427404876188,109.00036853939,TRUE,NA
"sigma",25.39,-9.11939036780462,-2.94672124628236,-2.00094147939404,7.56644995151454,109.053280680408,TRUE,NA
"sigma",25.4,-9.12174316283838,-2.94735798203532,-2.00156013062827,7.56862559192017,109.106198328789,TRUE,NA
"sigma",25.41,-9.12409565289025,-2.94799462297035,-2.00217870005513,7.57080097011049,109.159121483091,TRUE,NA
"sigma",25.42,-9.12644783811714,-2.94863116913838,-2.00279718771155,7.57297608621713,109.212050141873,TRUE,NA
"sigma",25.43,-9.1287997186758,-2.94926762059024,-2.00341559363446,7.5751509403716,109.264984303695,TRUE,NA
"sigma",25.44,-9.13115129472286,-2.94990397737678,-2.0040339178607,7.57732553270528,109.317923967119,TRUE,NA
"sigma",25.45,-9.13350256641481,-2.95054023954874,-2.00465216042712,7.57949986334944,109.370869130706,TRUE,NA
"sigma",25.46,-9.13585353390798,-2.95117640715688,-2.00527032137057,7.58167393243523,109.423819793019,TRUE,NA
"sigma",25.47,-9.13820419735857,-2.95181248025184,-2.00588840072784,7.58384774009369,109.476775952622,TRUE,NA
"sigma",25.48,-9.14055455692266,-2.95244845888429,-2.00650639853569,7.58602128645574,109.52973760808,TRUE,NA
"sigma",25.49,-9.14290461275614,-2.95308434310478,-2.00712431483085,7.58819457165218,109.582704757957,TRUE,NA
"sigma",25.5,-9.14525436501483,-2.95372013296387,-2.00774214965005,7.59036759581372,109.635677400823,TRUE,NA
"sigma",25.51,-9.14760381385436,-2.95435582851207,-2.00835990303,7.59254035907092,109.688655535243,TRUE,NA
"sigma",25.52,-9.14995295943024,-2.95499142979982,-2.00897757500736,7.59471286155421,109.741639159786,TRUE,NA
"sigma",25.53,-9.15230180189785,-2.95562693687753,-2.00959516561875,7.59688510339399,109.794628273023,TRUE,NA
"sigma",25.54,-9.1546503414124,-2.95626234979554,-2.01021267490079,7.59905708472043,109.847622873522,TRUE,NA
"sigma",25.55,-9.156998578129,-2.9568976686042,-2.01083010289012,7.60122880566368,109.900622959857,TRUE,NA
"sigma",25.56,-9.15934651220259,-2.95753289335376,-2.01144744962322,7.60340026635372,109.953628530598,TRUE,NA
"sigma",25.57,-9.161694143788,-2.95816802409445,-2.01206471513667,7.60557146692043,110.006639584319,TRUE,NA
"sigma",25.58,-9.16404147303991,-2.95880306087645,-2.012681899467,7.60774240749359,110.059656119596,TRUE,NA
"sigma",25.59,-9.16638850011286,-2.95943800374991,-2.01329900265068,7.60991308820284,110.112678135001,TRUE,NA
"sigma",25.6,-9.16873522516125,-2.96007285276491,-2.01391602472416,7.61208350917773,110.165705629113,TRUE,NA
"sigma",25.61,-9.17108164833935,-2.96070760797151,-2.0145329657239,7.61425367054767,110.218738600507,TRUE,NA
"sigma",25.62,-9.17342776980129,-2.96134226941968,-2.01514982568626,7.61642357244199,110.271777047762,TRUE,NA
"sigma",25.63,-9.17577358970107,-2.96197683715939,-2.01576660464766,7.61859321498988,110.324820969456,TRUE,NA
"sigma",25.64,-9.17811910819254,-2.96261131124057,-2.01638330264448,7.62076259832039,110.377870364169,TRUE,NA
"sigma",25.65,-9.18046432542943,-2.96324569171307,-2.01699991971299,7.62293172256253,110.430925230483,TRUE,NA
"sigma",25.66,-9.18280924156534,-2.96387997862675,-2.01761645588958,7.62510058784514,110.483985566978,TRUE,NA
"sigma",25.67,-9.18515385675368,-2.96451417203134,-2.01823291121047,7.62726919429696,110.537051372237,TRUE,NA
"sigma",25.68,-9.1874981711478,-2.96514827197661,-2.01884928571194,7.62943754204662,110.590122644844,TRUE,NA
"sigma",25.69,-9.18984218490087,-2.96578227851224,-2.01946557943021,7.63160563122263,110.643199383384,TRUE,NA
"sigma",25.7,-9.19218589816592,-2.96641619168787,-2.02008179240147,7.6337734619534,110.69628158644,TRUE,NA
"sigma",25.71,-9.19452931109586,-2.9670500115531,-2.02069792466192,7.63594103436722,110.749369252601,TRUE,NA
"sigma",25.72,-9.19687242384348,-2.96768373815751,-2.02131397624773,7.63810834859226,110.802462380453,TRUE,NA
"sigma",25.73,-9.19921523656139,-2.96831737155058,-2.02192994719501,7.64027540475659,110.855560968583,TRUE,NA
"sigma",25.74,-9.20155774940213,-2.96895091178182,-2.02254583753985,7.64244220298817,110.908665015582,TRUE,NA
"sigma",25.75,-9.20389996251802,-2.96958435890062,-2.02316164731835,7.64460874341481,110.961774520039,TRUE,NA
"sigma",25.76,-9.20624187606133,-2.97021771295637,-2.02377737656655,7.64677502616427,111.014889480545,TRUE,NA
"sigma",25.77,-9.20858349018414,-2.97085097399843,-2.02439302532051,7.64894105136414,111.068009895692,TRUE,NA
"sigma",25.78,-9.21092480503844,-2.97148414207607,-2.0250085936162,7.65110681914195,111.121135764072,TRUE,NA
"sigma",25.79,-9.21326582077603,-2.97211721723857,-2.02562408148961,7.65327232962506,111.17426708428,TRUE,NA
"sigma",25.8,-9.21560653754862,-2.9727501995351,-2.02623948897667,7.65543758294078,111.227403854909,TRUE,NA
"sigma",25.81,-9.21794695550778,-2.97338308901484,-2.02685481611332,7.65760257921627,111.280546074555,TRUE,NA
"sigma",25.82,-9.22028707480494,-2.9740158857269,-2.02747006293547,7.65976731857859,111.333693741815,TRUE,NA
"sigma",25.83,-9.22262689559138,-2.97464858972039,-2.02808522947902,7.66193180115467,111.386846855286,TRUE,NA
"sigma",25.84,-9.22496641801828,-2.9752812010443,-2.02870031577976,7.66409602707136,111.440005413565,TRUE,NA
"sigma",25.85,-9.22730564223667,-2.97591371974764,-2.02931532187357,7.66625999645539,111.493169415253,TRUE,NA
"sigma",25.86,-9.22964456839745,-2.97654614587935,-2.02993024779621,7.66842370943336,111.546338858949,TRUE,NA
"sigma",25.87,-9.23198319665137,-2.97717847948833,-2.03054509358349,7.67058716613178,111.599513743253,TRUE,NA
"sigma",25.88,-9.23432152714907,-2.97781072062344,-2.03115985927113,7.67275036667704,111.652694066769,TRUE,NA
"sigma",25.89,-9.23665956004106,-2.9784428693335,-2.03177454489488,7.67491331119544,111.705879828098,TRUE,NA
"sigma",25.9,-9.2389972954777,-2.97907492566729,-2.03238915049044,7.67707599981312,111.759071025844,TRUE,NA
"sigma",25.91,-9.24133473360923,-2.97970688967354,-2.03300367609349,7.67923843265617,111.812267658613,TRUE,NA
"sigma",25.92,-9.24367187458574,-2.98033876140089,-2.03361812173965,7.68140060985053,111.865469725008,TRUE,NA
"sigma",25.93,-9.24600871855723,-2.98097054089803,-2.03423248746458,7.68356253152206,111.918677223636,TRUE,NA
"sigma",25.94,-9.24834526567352,-2.98160222821357,-2.03484677330388,7.68572419779647,111.971890153106,TRUE,NA
"sigma",25.95,-9.25068151608434,-2.98223382339602,-2.03546097929307,7.6878856087994,112.025108512024,TRUE,NA
"sigma",25.96,-9.25301746993925,-2.98286532649395,-2.03607510546779,7.69004676465636,112.078332299001,TRUE,NA
"sigma",25.97,-9.2553531273877,-2.98349673755577,-2.03668915186349,7.69220766549274,112.131561512645,TRUE,NA
"sigma",25.98,-9.25768848857902,-2.98412805662995,-2.03730311851575,7.69436831143387,112.184796151569,TRUE,NA
"sigma",25.99,-9.26002355366238,-2.98475928376488,-2.03791700545997,7.6965287026049,112.238036214382,TRUE,NA
"sigma",26,-9.26235832278685,-2.98539041900889,-2.03853081273164,7.69868883913095,112.291281699699,TRUE,NA
"sigma",26.01,-9.26469279610135,-2.98602146241027,-2.03914454036616,7.70084872113695,112.344532606132,TRUE,NA
"sigma",26.02,-9.26702697375468,-2.98665241401728,-2.03975818839896,7.70300834874779,112.397788932297,TRUE,NA
"sigma",26.03,-9.2693608558955,-2.98728327387815,-2.04037175686542,7.7051677220882,112.451050676808,TRUE,NA
"sigma",26.04,-9.27169444267235,-2.98791404204104,-2.04098524580089,7.70732684128284,112.504317838281,TRUE,NA
"sigma",26.05,-9.27402773423363,-2.9885447185541,-2.0415986552407,7.70948570645625,112.557590415335,TRUE,NA
"sigma",26.06,-9.27636073072762,-2.98917530346539,-2.04221198522011,7.71164431773285,112.610868406585,TRUE,NA
"sigma",26.07,-9.27869343230247,-2.98980579682298,-2.04282523577444,7.71380267523697,112.664151810653,TRUE,NA
"sigma",26.08,-9.2810258391062,-2.99043619867486,-2.04343840693894,7.7159607790928,112.717440626157,TRUE,NA
"sigma",26.09,-9.28335795128669,-2.991066509069,-2.04405149874886,7.71811862942447,112.770734851718,TRUE,NA
"sigma",26.1,-9.28568976899171,-2.99169672805333,-2.04466451123939,7.72027622635598,112.824034485957,TRUE,NA
"sigma",26.11,-9.28802129236887,-2.9923268556757,-2.04527744444567,7.7224335700112,112.877339527498,TRUE,NA
"sigma",26.12,-9.2903525215657,-2.99295689198395,-2.0458902984029,7.72459066051394,112.930649974962,TRUE,NA
"sigma",26.13,-9.29268345672957,-2.99358683702589,-2.04650307314621,7.72674749798786,112.983965826976,TRUE,NA
"sigma",26.14,-9.29501409800771,-2.99421669084927,-2.04711576871071,7.72890408255652,113.037287082162,TRUE,NA
"sigma",26.15,-9.29734444554724,-2.99484645350177,-2.04772838513147,7.7310604143434,113.090613739148,TRUE,NA
"sigma",26.16,-9.29967449949517,-2.99547612503111,-2.04834092244353,7.73321649347185,113.143945796561,TRUE,NA
"sigma",26.17,-9.30200425999834,-2.99610570548486,-2.04895338068197,7.73537232006512,113.197283253027,TRUE,NA
"sigma",26.18,-9.3043337272035,-2.99673519491063,-2.04956575988175,7.73752789424637,113.250626107177,TRUE,NA
"sigma",26.19,-9.30666290125725,-2.99736459335597,-2.05017806007788,7.73968321613862,113.303974357638,TRUE,NA
"sigma",26.2,-9.30899178230607,-2.99799390086837,-2.05079028130534,7.74183828586479,113.357328003042,TRUE,NA
"sigma",26.21,-9.31132037049631,-2.99862311749529,-2.05140242359903,7.74399310354773,113.41068704202,TRUE,NA
"sigma",26.22,-9.3136486659742,-2.99925224328415,-2.05201448699388,7.74614766931014,113.464051473203,TRUE,NA
"sigma",26.23,-9.31597666888584,-2.99988127828232,-2.05262647152478,7.74830198327465,113.517421295225,TRUE,NA
"sigma",26.24,-9.3183043793772,-3.00051022253713,-2.05323837722658,7.75045604556376,113.57079650672,TRUE,NA
"sigma",26.25,-9.32063179759413,-3.00113907609589,-2.05385020413412,7.75260985629987,113.624177106323,TRUE,NA
"sigma",26.26,-9.32295892368233,-3.00176783900583,-2.05446195228224,7.75476341560528,113.677563092668,TRUE,NA
"sigma",26.27,-9.32528575778741,-3.00239651131419,-2.0550736217057,7.75691672360219,113.730954464393,TRUE,NA
"sigma",26.28,-9.32761230005485,-3.00302509306812,-2.0556852124393,7.75906978041267,113.784351220134,TRUE,NA
"sigma",26.29,-9.32993855062996,-3.00365358431475,-2.05629672451774,7.76122258615871,113.837753358531,TRUE,NA
"sigma",26.3,-9.33226450965797,-3.00428198510115,-2.05690815797578,7.76337514096219,113.891160878222,TRUE,NA
"sigma",26.31,-9.33459017728398,-3.00491029547439,-2.05751951284806,7.7655274449449,113.944573777847,TRUE,NA
"sigma",26.32,-9.33691555365294,-3.00553851548148,-2.05813078916934,7.76767949822848,113.997992056046,TRUE,NA
"sigma",26.33,-9.3392406389097,-3.00616664516936,-2.05874198697416,7.7698313009345,114.051415711462,TRUE,NA
"sigma",26.34,-9.34156543319896,-3.00679468458496,-2.0593531062972,7.77198285318442,114.104844742738,TRUE,NA
"sigma",26.35,-9.34388993666532,-3.00742263377518,-2.05996414717307,7.77413415509961,114.158279148515,TRUE,NA
"sigma",26.36,-9.34621414945324,-3.00805049278683,-2.0605751096363,7.7762852068013,114.21171892744,TRUE,NA
"sigma",26.37,-9.34853807170705,-3.00867826166673,-2.06118599372146,7.77843600841065,114.265164078156,TRUE,NA
"sigma",26.38,-9.35086170357099,-3.00930594046164,-2.06179679946309,7.78058656004871,114.318614599311,TRUE,NA
"sigma",26.39,-9.35318504518912,-3.00993352921827,-2.06240752689567,7.7827368618364,114.37207048955,TRUE,NA
"sigma",26.4,-9.35550809670542,-3.01056102798329,-2.06301817605368,7.78488691389457,114.425531747521,TRUE,NA
"sigma",26.41,-9.35783085826375,-3.01118843680338,-2.06362874697161,7.78703671634393,114.478998371873,TRUE,NA
"sigma",26.42,-9.3601533300078,-3.01181575572507,-2.06423923968382,7.78918626930516,114.532470361256,TRUE,NA
"sigma",26.43,-9.36247551208118,-3.01244298479497,-2.0648496542248,7.79133557289874,114.58594771432,TRUE,NA
"sigma",26.44,-9.36479740462735,-3.01307012405957,-2.06545999062883,7.79348462724512,114.639430429715,TRUE,NA
"sigma",26.45,-9.36711900778966,-3.01369717356537,-2.06607024893038,7.7956334324646,114.692918506095,TRUE,NA
"sigma",26.46,-9.36944032171135,-3.01432413335877,-2.06668042916369,7.79778198867741,114.746411942111,TRUE,NA
"sigma",26.47,-9.3717613465355,-3.0149510034862,-2.06729053136315,7.79993029600366,114.799910736417,TRUE,NA
"sigma",26.48,-9.3740820824051,-3.01557778399399,-2.06790055556297,7.80207835456337,114.853414887668,TRUE,NA
"sigma",26.49,-9.376402529463,-3.01620447492846,-2.06851050179748,7.80422616447645,114.90692439452,TRUE,NA
"sigma",26.5,-9.37872268785194,-3.01683107633589,-2.06912037010087,7.8063737258627,114.960439255629,TRUE,NA
"sigma",26.51,-9.3810425577145,-3.01745758826249,-2.06973016050738,7.80852103884184,115.013959469651,TRUE,NA
"sigma",26.52,-9.38336213919321,-3.01808401075449,-2.0703398730512,7.81066810353346,115.067485035245,TRUE,NA
"sigma",26.53,-9.38568143243041,-3.01871034385803,-2.07094950776649,7.81281492005706,115.121015951069,TRUE,NA
"sigma",26.54,-9.38800043756835,-3.01933658761922,-2.0715590646874,7.81496148853206,115.174552215784,TRUE,NA
"sigma",26.55,-9.39031915474915,-3.01996274208413,-2.07216854384808,7.81710780907774,115.228093828049,TRUE,NA
"sigma",26.56,-9.39263758411481,-3.0205888072988,-2.07277794528257,7.81925388181329,115.281640786526,TRUE,NA
"sigma",26.57,-9.3949557258072,-3.02121478330922,-2.07338726902496,7.82139970685784,115.335193089878,TRUE,NA
"sigma",26.58,-9.39727357996809,-3.02184067016135,-2.07399651510933,7.82354528433035,115.388750736766,TRUE,NA
"sigma",26.59,-9.39959114673909,-3.02246646790112,-2.07460568356971,7.82569061434972,115.442313725856,TRUE,NA
"sigma",26.6,-9.40190842626175,-3.02309217657437,-2.07521477444006,7.82783569703476,115.495882055812,TRUE,NA
"sigma",26.61,-9.40422541867743,-3.02371779622695,-2.07582378775437,7.82998053250415,115.549455725299,TRUE,NA
"sigma",26.62,-9.40654212412742,-3.02434332690466,-2.07643272354659,7.8321251208765,115.603034732984,TRUE,NA
"sigma",26.63,-9.40885854275285,-3.02496876865325,-2.07704158185071,7.83426946227026,115.656619077533,TRUE,NA
"sigma",26.64,-9.41117467469478,-3.02559412151846,-2.07765036270059,7.83641355680384,115.710208757616,TRUE,NA
"sigma",26.65,-9.41349052009408,-3.02621938554593,-2.07825906613011,7.83855740459553,115.763803771901,TRUE,NA
"sigma",26.66,-9.41580607909158,-3.02684456078133,-2.07886769217315,7.84070100576354,115.817404119058,TRUE,NA
"sigma",26.67,-9.41812135182793,-3.02746964727024,-2.07947624086355,7.84284436042592,115.871009797757,TRUE,NA
"sigma",26.68,-9.42043633844367,-3.02809464505821,-2.08008471223511,7.84498746870068,115.92462080667,TRUE,NA
"sigma",26.69,-9.42275103907924,-3.02871955419079,-2.08069310632163,7.84713033070571,115.978237144469,TRUE,NA
"sigma",26.7,-9.42506545387495,-3.02934437471344,-2.0813014231569,7.84927294655879,116.031858809827,TRUE,NA
"sigma",26.71,-9.42737958297099,-3.02996910667161,-2.08190966277462,7.85141531637762,116.085485801418,TRUE,NA
"sigma",26.72,-9.42969342650742,-3.03059375011068,-2.08251782520855,7.85355744027978,116.139118117917,TRUE,NA
"sigma",26.73,-9.4320069846242,-3.03121830507604,-2.08312591049238,7.85569931838276,116.192755758,TRUE,NA
"sigma",26.74,-9.43432025746116,-3.031842771613,-2.08373391865978,7.85784095080397,116.246398720342,TRUE,NA
"sigma",26.75,-9.43663324515801,-3.03246714976686,-2.08434184974441,7.85998233766067,116.300047003622,TRUE,NA
"sigma",26.76,-9.43894594785434,-3.03309143958285,-2.08494970377988,7.86212347907009,116.353700606516,TRUE,NA
"sigma",26.77,-9.44125836568963,-3.0337156411062,-2.08555748079982,7.86426437514928,116.407359527705,TRUE,NA
"sigma",26.78,-9.44357049880323,-3.03433975438203,-2.08616518083779,7.86640502601528,116.461023765867,TRUE,NA
"sigma",26.79,-9.4458823473344,-3.03496377945554,-2.08677280392738,7.86854543178495,116.514693319684,TRUE,NA
"sigma",26.8,-9.44819391142223,-3.03558771637176,-2.0873803501021,7.87068559257511,116.568368187836,TRUE,NA
"sigma",26.81,-9.45050519120572,-3.03621156517576,-2.08798781939546,7.87282550850247,116.622048369006,TRUE,NA
"sigma",26.82,-9.45281618682378,-3.03683532591257,-2.08859521184096,7.87496517968359,116.675733861878,TRUE,NA
"sigma",26.83,-9.45512689841517,-3.03745899862715,-2.08920252747208,7.87710460623501,116.729424665134,TRUE,NA
"sigma",26.84,-9.45743732611852,-3.03808258336445,-2.08980976632225,7.87924378827311,116.78312077746,TRUE,NA
"sigma",26.85,-9.45974747007237,-3.03870608016934,-2.09041692842491,7.88138272591422,116.836822197541,TRUE,NA
"sigma",26.86,-9.46205733041513,-3.03932948908672,-2.09102401381342,7.88352141927452,116.890528924063,TRUE,NA
"sigma",26.87,-9.46436690728509,-3.03995281016137,-2.09163102252119,7.88565986847015,116.944240955713,TRUE,NA
"sigma",26.88,-9.46667620082043,-3.04057604343809,-2.09223795458154,7.88779807361711,116.99795829118,TRUE,NA
"sigma",26.89,-9.46898521115923,-3.04119918896163,-2.09284481002782,7.88993603483132,117.051680929152,TRUE,NA
"sigma",26.9,-9.47129393843941,-3.04182224677669,-2.09345158889336,7.89207375222859,117.105408868319,TRUE,NA
"sigma",26.91,-9.47360238279881,-3.04244521692795,-2.09405829121144,7.89421122592464,117.159142107372,TRUE,NA
"sigma",26.92,-9.47591054437513,-3.04306809946,-2.09466491701523,7.89634845603511,117.212880645,TRUE,NA
"sigma",26.93,-9.47821842330596,-3.04369089441746,-2.09527146633805,7.89848544267552,117.266624479896,TRUE,NA
"sigma",26.94,-9.4805260197288,-3.04431360184491,-2.09587793921313,7.90062218596128,117.320373610755,TRUE,NA
"sigma",26.95,-9.482833333781,-3.04493622178683,-2.09648433567361,7.90275868600776,117.374128036268,TRUE,NA
"sigma",26.96,-9.4851403655998,-3.0455587542877,-2.09709065575269,7.90489494293017,117.427887755131,TRUE,NA
"sigma",26.97,-9.48744711532233,-3.04618119939195,-2.09769689948351,7.90703095684366,117.481652766038,TRUE,NA
"sigma",26.98,-9.48975358308561,-3.04680355714401,-2.09830306689918,7.90916672786325,117.535423067686,TRUE,NA
"sigma",26.99,-9.49205976902653,-3.04742582758821,-2.09890915803281,7.91130225610394,117.589198658772,TRUE,NA
"sigma",27,-9.49436567328188,-3.04804801076891,-2.09951517291748,7.91343754168053,117.642979537993,TRUE,NA
"sigma",27.01,-9.49667129598832,-3.04867010673037,-2.10012111158626,7.9155725847078,117.696765704049,TRUE,NA
"sigma",27.02,-9.49897663728241,-3.04929211551685,-2.10072697407216,7.9177073853004,117.750557155637,TRUE,NA
"sigma",27.03,-9.50128169730058,-3.04991403717256,-2.10133276040817,7.9198419435729,117.804353891459,TRUE,NA
"sigma",27.04,-9.50358647617915,-3.05053587174168,-2.10193847062731,7.92197625963974,117.858155910215,TRUE,NA
"sigma",27.05,-9.50589097405434,-3.05115761926834,-2.10254410476256,7.92411033361534,117.911963210608,TRUE,NA
"sigma",27.06,-9.50819519106222,-3.05177927979664,-2.10314966284682,7.92624416561394,117.965775791339,TRUE,NA
"sigma",27.07,-9.5104991273388,-3.05240085337065,-2.10375514491305,7.92837775574974,118.019593651112,TRUE,NA
"sigma",27.08,-9.5128027830199,-3.05302234003438,-2.10436055099412,7.93051110413681,118.073416788631,TRUE,NA
"sigma",27.09,-9.51510615824131,-3.05364373983184,-2.1049658811229,7.93264421088913,118.127245202602,TRUE,NA
"sigma",27.1,-9.51740925313864,-3.05426505280695,-2.10557113533225,7.93477707612062,118.181078891729,TRUE,NA
"sigma",27.11,-9.51971206784742,-3.05488627900364,-2.10617631365499,7.93690969994508,118.23491785472,TRUE,NA
"sigma",27.12,-9.52201460250305,-3.05550741846577,-2.10678141612396,7.9390420824762,118.288762090281,TRUE,NA
"sigma",27.13,-9.52431685724083,-3.0561284712372,-2.1073864427719,7.9411742238276,118.342611597122,TRUE,NA
"sigma",27.14,-9.52661883219594,-3.05674943736171,-2.10799139363161,7.94330612411277,118.39646637395,TRUE,NA
"sigma",27.15,-9.52892052750344,-3.05737031688307,-2.1085962687358,7.94543778344517,118.450326419477,TRUE,NA
"sigma",27.16,-9.53122194329829,-3.05799110984501,-2.10920106811721,7.94756920193811,118.504191732411,TRUE,NA
"sigma",27.17,-9.53352307971532,-3.05861181629121,-2.10980579180853,7.94970037970482,118.558062311465,TRUE,NA
"sigma",27.18,-9.53582393688927,-3.05923243626533,-2.11041043984241,7.95183131685844,118.61193815535,TRUE,NA
"sigma",27.19,-9.53812451495474,-3.05985296981098,-2.11101501225151,7.95396201351201,118.665819262781,TRUE,NA
"sigma",27.2,-9.54042481404623,-3.06047341697172,-2.11161950906845,7.9560924697785,118.719705632469,TRUE,NA
"sigma",27.21,-9.54272483429814,-3.06109377779112,-2.11222393032586,7.95822268577073,118.773597263131,TRUE,NA
"sigma",27.22,-9.54502457584476,-3.0617140523127,-2.11282827605633,7.96035266160149,118.82749415348,TRUE,NA
"sigma",27.23,-9.54732403882021,-3.06233424057987,-2.11343254629237,7.96248239738346,118.881396302234,TRUE,NA
"sigma",27.24,-9.54962322335856,-3.06295434263608,-2.11403674106654,7.96461189322918,118.935303708109,TRUE,NA
"sigma",27.25,-9.55192212959377,-3.06357435852475,-2.11464086041139,7.96674114925116,118.989216369823,TRUE,NA
"sigma",27.26,-9.55422075765965,-3.06419428828923,-2.11524490435938,7.96887016556179,119.043134286095,TRUE,NA
"sigma",27.27,-9.5565191076899,-3.0648141319728,-2.11584887294298,7.97099894227333,119.097057455642,TRUE,NA
"sigma",27.28,-9.55881717981815,-3.0654338896188,-2.11645276619466,7.97312747949803,119.150985877187,TRUE,NA
"sigma",27.29,-9.56111497417789,-3.06605356127044,-2.11705658414683,7.97525577734797,119.204919549449,TRUE,NA
"sigma",27.3,-9.56341249090247,-3.06667314697094,-2.11766032683191,7.97738383593518,119.258858471149,TRUE,NA
"sigma",27.31,-9.56570973012518,-3.06729264676347,-2.11826399428224,7.97951165537157,119.312802641012,TRUE,NA
"sigma",27.32,-9.56800669197918,-3.06791206069117,-2.11886758653023,7.98163923576899,119.366752057758,TRUE,NA
"sigma",27.33,-9.57030337659751,-3.06853138879713,-2.11947110360818,7.98376657723918,119.420706720114,TRUE,NA
"sigma",27.34,-9.57259978411312,-3.06915063112446,-2.12007454554847,7.98589367989375,119.474666626803,TRUE,NA
"sigma",27.35,-9.57489591465882,-3.06976978771614,-2.12067791238332,7.9880205438443,119.52863177655,TRUE,NA
"sigma",27.36,-9.57719176836732,-3.07038885861516,-2.12128120414505,7.99014716920228,119.582602168083,TRUE,NA
"sigma",27.37,-9.57948734537124,-3.0710078438645,-2.12188442086588,7.99227355607904,119.636577800128,TRUE,NA
"sigma",27.38,-9.58178264580305,-3.07162674350708,-2.12248756257804,7.99439970458587,119.690558671413,TRUE,NA
"sigma",27.39,-9.58407766979516,-3.07224555758576,-2.12309062931378,7.99652561483397,119.744544780666,TRUE,NA
"sigma",27.4,-9.58637241747983,-3.07286428614341,-2.12369362110522,7.99865128693442,119.798536126618,TRUE,NA
"sigma",27.41,-9.58866688898922,-3.07348292922286,-2.1242965379846,8.00077672099822,119.852532707998,TRUE,NA
"sigma",27.42,-9.59096108445538,-3.07410148686682,-2.12489937998399,8.00290191713629,119.906534523538,TRUE,NA
"sigma",27.43,-9.59325500401027,-3.07471995911809,-2.12550214713554,8.00502687545944,119.960541571968,TRUE,NA
"sigma",27.44,-9.59554864778571,-3.07533834601932,-2.12610483947131,8.00715159607843,120.014553852022,TRUE,NA
"sigma",27.45,-9.59784201591342,-3.07595664761323,-2.12670745702343,8.00927607910386,120.068571362433,TRUE,NA
"sigma",27.46,-9.60013510852503,-3.07657486394243,-2.12730999982393,8.01140032464629,120.122594101935,TRUE,NA
"sigma",27.47,-9.60242792575204,-3.07719299504952,-2.12791246790483,8.01352433281616,120.176622069263,TRUE,NA
"sigma",27.48,-9.60472046772583,-3.07781104097704,-2.12851486129817,8.01564810372388,120.230655263151,TRUE,NA
"sigma",27.49,-9.6070127345777,-3.07842900176753,-2.12911718003589,8.01777163747967,120.284693682338,TRUE,NA
"sigma",27.5,-9.60930472643883,-3.07904687746348,-2.12971942414999,8.01989493419373,120.33873732556,TRUE,NA
"sigma",27.51,-9.61159644344029,-3.07966466810734,-2.13032159367242,8.02201799397618,120.392786191554,TRUE,NA
"sigma",27.52,-9.61388788571304,-3.08028237374152,-2.13092368863507,8.024140816937,120.44684027906,TRUE,NA
"sigma",27.53,-9.61617905338793,-3.0808999944084,-2.13152570906987,8.0262634031861,120.500899586817,TRUE,NA
"sigma",27.54,-9.61846994659571,-3.08151753015035,-2.1321276550087,8.0283857528333,120.554964113565,TRUE,NA
"sigma",27.55,-9.62076056546702,-3.08213498100967,-2.13272952648338,8.03050786598835,120.609033858045,TRUE,NA
"sigma",27.56,-9.62305091013236,-3.08275234702862,-2.13333132352576,8.03262974276086,120.663108818999,TRUE,NA
"sigma",27.57,-9.62534098072218,-3.08336962824945,-2.1339330461677,8.03475138326041,120.71718899517,TRUE,NA
"sigma",27.58,-9.62763077736678,-3.08398682471435,-2.13453469444094,8.03687278759644,120.7712743853,TRUE,NA
"sigma",27.59,-9.62992030019637,-3.08460393646551,-2.13513626837725,8.03899395587835,120.825364988134,TRUE,NA
"sigma",27.6,-9.63220954934105,-3.08522096354507,-2.1357377680084,8.0411148882154,120.879460802417,TRUE,NA
"sigma",27.61,-9.63449852493079,-3.08583790599511,-2.13633919336615,8.04323558471679,120.933561826894,TRUE,NA
"sigma",27.62,-9.63678722709549,-3.08645476385768,-2.13694054448214,8.04535604549161,120.987668060311,TRUE,NA
"sigma",27.63,-9.63907565596492,-3.08707153717483,-2.13754182138807,8.04747627064889,121.041779501416,TRUE,NA
"sigma",27.64,-9.64136381166874,-3.08768822598855,-2.13814302411565,8.04959626029757,121.095896148956,TRUE,NA
"sigma",27.65,-9.64365169433653,-3.08830483034081,-2.13874415269646,8.05171601454644,121.15001800168,TRUE,NA
"sigma",27.66,-9.64593930409773,-3.08892135027351,-2.13934520716218,8.05383553350428,121.204145058337,TRUE,NA
"sigma",27.67,-9.64822664108168,-3.08953778582854,-2.13994618754434,8.05595481727975,121.258277317679,TRUE,NA
"sigma",27.68,-9.65051370541764,-3.09015413704776,-2.14054709387455,8.05807386598141,121.312414778454,TRUE,NA
"sigma",27.69,-9.65280049723473,-3.09077040397299,-2.14114792618438,8.06019267971774,121.366557439415,TRUE,NA
"sigma",27.7,-9.65508701666199,-3.09138658664601,-2.14174868450536,8.06231125859714,121.420705299315,TRUE,NA
"sigma",27.71,-9.65737326382832,-3.09200268510857,-2.14234936886898,8.0644296027279,121.474858356906,TRUE,NA
"sigma",27.72,-9.65965923886257,-3.09261869940238,-2.14294997930677,8.06654771221825,121.529016610943,TRUE,NA
"sigma",27.73,-9.66194494189341,-3.09323462956912,-2.14355051585017,8.06866558717631,121.58318006018,TRUE,NA
"sigma",27.74,-9.66423037304947,-3.09385047565043,-2.14415097853063,8.0707832277101,121.637348703372,TRUE,NA
"sigma",27.75,-9.66651553245925,-3.09446623768793,-2.14475136737956,8.07290063392761,121.691522539276,TRUE,NA
"sigma",27.76,-9.66880042025112,-3.09508191572317,-2.14535168242839,8.07501780593669,121.745701566648,TRUE,NA
"sigma",27.77,-9.67108503655338,-3.09569750979774,-2.14595192370854,8.07713474384509,121.799885784247,TRUE,NA
"sigma",27.78,-9.67336938149422,-3.0963130199531,-2.14655209125133,8.07925144776053,121.85407519083,TRUE,NA
"sigma",27.79,-9.67565345520171,-3.09692844623073,-2.14715218508811,8.08136791779058,121.908269785157,TRUE,NA
"sigma",27.8,-9.67793725780381,-3.09754378867208,-2.14775220525019,8.08348415404278,121.962469565987,TRUE,NA
"sigma",27.81,-9.68022078942842,-3.09815904731853,-2.14835215176888,8.08560015662455,122.016674532082,TRUE,NA
"sigma",27.82,-9.68250405020326,-3.09877422221147,-2.14895202467545,8.08771592564321,122.070884682203,TRUE,NA
"sigma",27.83,-9.68478704025601,-3.09938931339221,-2.14955182400119,8.08983146120602,122.125100015111,TRUE,NA
"sigma",27.84,-9.68706975971421,-3.10000432090208,-2.15015154977728,8.09194676342014,122.17932052957,TRUE,NA
"sigma",27.85,-9.68935220870532,-3.10061924478233,-2.150751202035,8.09406183239266,122.233546224343,TRUE,NA
"sigma",27.86,-9.69163438735668,-3.10123408507417,-2.15135078080549,8.09617666823056,122.287777098195,TRUE,NA
"sigma",27.87,-9.69391629579553,-3.10184884181882,-2.15195028611996,8.09829127104075,122.34201314989,TRUE,NA
"sigma",27.88,-9.69619793414899,-3.10246351505744,-2.15254971800956,8.10040564093002,122.396254378195,TRUE,NA
"sigma",27.89,-9.69847930254411,-3.10307810483114,-2.15314907650537,8.10251977800513,122.450500781877,TRUE,NA
"sigma",27.9,-9.70076040110782,-3.10369261118106,-2.15374836163859,8.1046336823727,122.504752359701,TRUE,NA
"sigma",27.91,-9.70304122996693,-3.1043070341482,-2.15434757344024,8.1067473541393,122.559009110438,TRUE,NA
"sigma",27.92,-9.70532178924815,-3.10492137377362,-2.15494671194139,8.10886079341138,122.613271032855,TRUE,NA
"sigma",27.93,-9.70760207907812,-3.1055356300983,-2.1555457771731,8.11097400029536,122.667538125722,TRUE,NA
"sigma",27.94,-9.70988209958334,-3.10614980316322,-2.15614476916641,8.11308697489752,122.721810387809,TRUE,NA
"sigma",27.95,-9.71216185089022,-3.10676389300927,-2.15674368795231,8.11519971732407,122.776087817888,TRUE,NA
"sigma",27.96,-9.71444133312508,-3.10737789967736,-2.15734253356178,8.11731222768112,122.830370414729,TRUE,NA
"sigma",27.97,-9.71672054641409,-3.10799182320834,-2.15794130602582,8.11942450607474,122.884658177106,TRUE,NA
"sigma",27.98,-9.7189994908834,-3.10860566364306,-2.15854000537535,8.12153655261086,122.938951103792,TRUE,NA
"sigma",27.99,-9.72127816665896,-3.10921942102226,-2.15913863164124,8.12364836739536,122.99324919356,TRUE,NA
"sigma",28,-9.7235565738667,-3.10983309538673,-2.15973718485447,8.12575995053402,123.047552445186,TRUE,NA
"sigma",28.01,-9.72583471263237,-3.11044668677718,-2.16033566504588,8.12787130213255,123.101860857445,TRUE,NA
"sigma",28.02,-9.7281125830817,-3.1110601952343,-2.16093407224632,8.12998242229654,123.156174429113,TRUE,NA
"sigma",28.03,-9.73039018534027,-3.11167362079874,-2.16153240648665,8.13209331113153,123.210493158966,TRUE,NA
"sigma",28.04,-9.73266751953356,-3.11228696351113,-2.16213066779768,8.13420396874296,123.264817045783,TRUE,NA
"sigma",28.05,-9.73494458578693,-3.11290022341206,-2.16272885621022,8.13631439523618,123.319146088343,TRUE,NA
"sigma",28.06,-9.73722138422571,-3.11351340054205,-2.16332697175499,8.13842459071649,123.373480285422,TRUE,NA
"sigma",28.07,-9.73949791497504,-3.11412649494167,-2.16392501446283,8.14053455528904,123.427819635803,TRUE,NA
"sigma",28.08,-9.74177417816002,-3.11473950665137,-2.16452298436442,8.14264428905895,123.482164138265,TRUE,NA
"sigma",28.09,-9.74405017390561,-3.11535243571162,-2.16512088149048,8.14475379213125,123.53651379159,TRUE,NA
"sigma",28.1,-9.74632590233669,-3.11596528216285,-2.16571870587173,8.14686306461086,123.590868594559,TRUE,NA
"sigma",28.11,-9.74860136357804,-3.1165780460454,-2.16631645753878,8.14897210660263,123.645228545956,TRUE,NA
"sigma",28.12,-9.75087655775432,-3.11719072739968,-2.16691413652235,8.15108091821132,123.699593644563,TRUE,NA
"sigma",28.13,-9.75315148499011,-3.11780332626599,-2.16751174285306,8.15318949954161,123.753963889165,TRUE,NA
"sigma",28.14,-9.75542614540987,-3.11841584268461,-2.16810927656147,8.15529785069811,123.808339278546,TRUE,NA
"sigma",28.15,-9.75770053913798,-3.1190282766958,-2.16870673767821,8.15740597178532,123.862719811494,TRUE,NA
"sigma",28.16,-9.75997466629871,-3.1196406283398,-2.16930412623387,8.15951386290767,123.917105486793,TRUE,NA
"sigma",28.17,-9.76224852701621,-3.12025289765675,-2.16990144225895,8.16162152416953,123.97149630323,TRUE,NA
"sigma",28.18,-9.76452212141457,-3.12086508468685,-2.17049868578402,8.16372895567511,124.025892259595,TRUE,NA
"sigma",28.19,-9.76679544961773,-3.12147718947019,-2.17109585683954,8.16583615752864,124.080293354674,TRUE,NA
"sigma",28.2,-9.76906851174958,-3.12208921204691,-2.17169295545604,8.16794312983418,124.134699587257,TRUE,NA
"sigma",28.21,-9.77134130793386,-3.122701152457,-2.17228998166397,8.17004987269574,124.189110956135,TRUE,NA
"sigma",28.22,-9.77361383829426,-3.12331301074053,-2.17288693549378,8.17215638621726,124.243527460097,TRUE,NA
"sigma",28.23,-9.77588610295434,-3.12392478693748,-2.1734838169759,8.1742626705026,124.297949097936,TRUE,NA
"sigma",28.24,-9.77815810203757,-3.12453648108781,-2.17408062614074,8.17636872565548,124.352375868443,TRUE,NA
"sigma",28.25,-9.78042983566729,-3.12514809323143,-2.17467736301865,8.1784745517796,124.406807770411,TRUE,NA
"sigma",28.26,-9.78270130396679,-3.12575962340823,-2.17527402764002,8.18058014897855,124.461244802634,TRUE,NA
"sigma",28.27,-9.78497250705923,-3.1263710716581,-2.17587062003522,8.18268551735584,124.515686963905,TRUE,NA
"sigma",28.28,-9.78724344506766,-3.12698243802084,-2.17646714023452,8.18479065701492,124.57013425302,TRUE,NA
"sigma",28.29,-9.78951411811509,-3.12759372253627,-2.17706358826829,8.1868955680591,124.624586668775,TRUE,NA
"sigma",28.3,-9.79178452632436,-3.12820492524412,-2.17765996416675,8.18900025059168,124.679044209965,TRUE,NA
"sigma",28.31,-9.79405466981824,-3.12881604618413,-2.17825626796018,8.19110470471581,124.733506875389,TRUE,NA
"sigma",28.32,-9.79632454871941,-3.12942708539602,-2.17885249967884,8.19320893053461,124.787974663843,TRUE,NA
"sigma",28.33,-9.79859416315042,-3.13003804291941,-2.17944865935293,8.19531292815107,124.842447574126,TRUE,NA
"sigma",28.34,-9.80086351323379,-3.13064891879399,-2.18004474701269,8.19741669766816,124.896925605037,TRUE,NA
"sigma",28.35,-9.80313259909183,-3.13125971305931,-2.18064076268827,8.1995202391887,124.951408755377,TRUE,NA
"sigma",28.36,-9.80540142084687,-3.13187042575495,-2.18123670640981,8.20162355281548,125.005897023946,TRUE,NA
"sigma",28.37,-9.80766997862107,-3.13248105692047,-2.1818325782075,8.20372663865117,125.060390409545,TRUE,NA
"sigma",28.38,-9.80993827253649,-3.13309160659534,-2.18242837811146,8.2058294967984,125.114888910976,TRUE,NA
"sigma",28.39,-9.81220630271515,-3.13370207481906,-2.18302410615176,8.20793212735968,125.169392527043,TRUE,NA
"sigma",28.4,-9.8144740692789,-3.13431246163103,-2.18361976235848,8.21003453043745,125.223901256548,TRUE,NA
"sigma",28.41,-9.81674157234952,-3.13492276707068,-2.18421534676168,8.21213670613407,125.278415098295,TRUE,NA
"sigma",28.42,-9.81900881204874,-3.13553299117741,-2.18481085939146,8.21423865455183,125.332934051091,TRUE,NA
"sigma",28.43,-9.82127578849811,-3.13614313399052,-2.18540630027776,8.21634037579293,125.387458113739,TRUE,NA
"sigma",28.44,-9.82354250181913,-3.13675319554933,-2.18600166945064,8.21844186995947,125.441987285047,TRUE,NA
"sigma",28.45,-9.82580895213322,-3.13736317589313,-2.18659696694004,8.22054313715351,125.496521563821,TRUE,NA
"sigma",28.46,-9.82807513956163,-3.13797307506117,-2.18719219277596,8.22264417747698,125.551060948869,TRUE,NA
"sigma",28.47,-9.83034106422559,-3.13858289309265,-2.1877873469883,8.22474499103176,125.605605439,TRUE,NA
"sigma",28.48,-9.83260672624621,-3.13919263002674,-2.18838242960699,8.22684557791965,125.660155033022,TRUE,NA
"sigma",28.49,-9.83487212574448,-3.13980228590261,-2.18897744066195,8.22894593824235,125.714709729746,TRUE,NA
"sigma",28.5,-9.8371372628413,-3.14041186075938,-2.18957238018305,8.23104607210151,125.769269527981,TRUE,NA
"sigma",28.51,-9.83940213765751,-3.14102135463613,-2.19016724820015,8.23314597959867,125.823834426539,TRUE,NA
"sigma",28.52,-9.8416667503138,-3.14163076757191,-2.19076204474309,8.23524566083529,125.878404424232,TRUE,NA
"sigma",28.53,-9.84393110093079,-3.14224009960576,-2.19135676984169,8.23734511591279,125.932979519873,TRUE,NA
"sigma",28.54,-9.84619518962901,-3.14284935077666,-2.19195142352574,8.23944434493244,125.987559712273,TRUE,NA
"sigma",28.55,-9.84845901652889,-3.14345852112355,-2.19254600582505,8.24154334799551,126.042145000249,TRUE,NA
"sigma",28.56,-9.85072258175075,-3.1440676106854,-2.19314051676937,8.24364212520311,126.096735382614,TRUE,NA
"sigma",28.57,-9.85298588541483,-3.14467661950108,-2.19373495638839,8.24574067665633,126.151330858184,TRUE,NA
"sigma",28.58,-9.85524892764125,-3.14528554760945,-2.1943293247119,8.24783900245615,126.205931425774,TRUE,NA
"sigma",28.59,-9.85751170855007,-3.14589439504938,-2.19492362176961,8.24993710270349,126.260537084202,TRUE,NA
"sigma",28.6,-9.85977422826123,-3.14650316185962,-2.19551784759114,8.25203497749918,126.315147832284,TRUE,NA
"sigma",28.61,-9.86203648689458,-3.14711184807898,-2.19611200220616,8.25413262694395,126.36976366884,TRUE,NA
"sigma",28.62,-9.86429848456986,-3.14772045374617,-2.19670608564436,8.25623005113848,126.424384592687,TRUE,NA
"sigma",28.63,-9.86656022140674,-3.14832897889993,-2.19730009793533,8.25832725018337,126.479010602646,TRUE,NA
"sigma",28.64,-9.86882169752478,-3.14893742357892,-2.19789403910867,8.26042422417912,126.533641697536,TRUE,NA
"sigma",28.65,-9.87108291304345,-3.14954578782178,-2.19848790919397,8.26252097322616,126.588277876178,TRUE,NA
"sigma",28.66,-9.87334386808212,-3.15015407166713,-2.1990817082208,8.26461749742485,126.642919137395,TRUE,NA
"sigma",28.67,-9.87560456276007,-3.15076227515354,-2.19967543621868,8.26671379687546,126.697565480008,TRUE,NA
"sigma",28.68,-9.87786499719648,-3.15137039831961,-2.20026909321718,8.26880987167817,126.752216902839,TRUE,NA
"sigma",28.69,-9.88012517151043,-3.15197844120379,-2.20086267924577,8.27090572193312,126.806873404714,TRUE,NA
"sigma",28.7,-9.88238508582092,-3.15258640384461,-2.20145619433391,8.27300134774032,126.861534984456,TRUE,NA
"sigma",28.71,-9.88464474024684,-3.15319428628053,-2.20204963851112,8.27509674919976,126.91620164089,TRUE,NA
"sigma",28.72,-9.88690413490701,-3.15380208854997,-2.20264301180683,8.27719192641127,126.970873372841,TRUE,NA
"sigma",28.73,-9.88916326992013,-3.15440981069132,-2.20323631425043,8.27928687947471,127.025550179137,TRUE,NA
"sigma",28.74,-9.89142214540479,-3.15501745274294,-2.20382954587135,8.28138160848975,127.080232058604,TRUE,NA
"sigma",28.75,-9.89368076147955,-3.15562501474319,-2.20442270669899,8.28347611355606,127.134919010071,TRUE,NA
"sigma",28.76,-9.8959391182628,-3.15623249673036,-2.20501579676272,8.28557039477318,127.189611032364,TRUE,NA
"sigma",28.77,-9.8981972158729,-3.1568398987427,-2.20560881609185,8.28766445224062,127.244308124314,TRUE,NA
"sigma",28.78,-9.90045505442808,-3.15744722081847,-2.20620176471574,8.2897582860578,127.29901028475,TRUE,NA
"sigma",28.79,-9.90271263404648,-3.15805446299592,-2.20679464266369,8.291851896324,127.353717512504,TRUE,NA
"sigma",28.8,-9.90496995484614,-3.15866162531317,-2.20738744996499,8.29394528313852,127.408429806405,TRUE,NA
"sigma",28.81,-9.90722701694503,-3.15926870780838,-2.20798018664889,8.29603844660049,127.463147165286,TRUE,NA
"sigma",28.82,-9.90948382046103,-3.15987571051969,-2.20857285274466,8.29813138680906,127.517869587979,TRUE,NA
"sigma",28.83,-9.91174036551187,-3.16048263348517,-2.20916544828153,8.30022410386321,127.572597073317,TRUE,NA
"sigma",28.84,-9.91399665221526,-3.16108947674292,-2.20975797328875,8.30231659786188,127.627329620136,TRUE,NA
"sigma",28.85,-9.91625268068876,-3.16169624033091,-2.21035042779545,8.30440886890395,127.682067227267,TRUE,NA
"sigma",28.86,-9.91850845104987,-3.16230292428714,-2.21094281183079,8.30650091708819,127.736809893548,TRUE,NA
"sigma",28.87,-9.92076396341599,-3.1629095286496,-2.211535125424,8.30859274251333,127.791557617814,TRUE,NA
"sigma",28.88,-9.92301921790443,-3.16351605345622,-2.21212736860413,8.31068434527797,127.846310398901,TRUE,NA
"sigma",28.89,-9.92527421463239,-3.16412249874491,-2.21271954140038,8.31277572548069,127.901068235647,TRUE,NA
"sigma",28.9,-9.92752895371699,-3.16472886455354,-2.21331164384178,8.31486688321994,127.955831126889,TRUE,NA
"sigma",28.91,-9.92978343527526,-3.16533515091995,-2.21390367595746,8.31695781859415,128.010599071467,TRUE,NA
"sigma",28.92,-9.93203765942412,-3.16594135788195,-2.2144956377764,8.31904853170161,128.065372068219,TRUE,NA
"sigma",28.93,-9.93429162628044,-3.16654748547732,-2.21508752932772,8.3211390226406,128.120150115986,TRUE,NA
"sigma",28.94,-9.93654533596095,-3.16715353374384,-2.21567935064037,8.32322929150926,128.174933213607,TRUE,NA
"sigma",28.95,-9.9387987885823,-3.16775950271919,-2.21627110174343,8.32531933840568,128.229721359925,TRUE,NA
"sigma",28.96,-9.94105198426109,-3.16836539244109,-2.21686278266577,8.32740916342791,128.284514553781,TRUE,NA
"sigma",28.97,-9.94330492311376,-3.1689712029472,-2.21745439343644,8.32949876667386,128.339312794018,TRUE,NA
"sigma",28.98,-9.94555760525668,-3.16957693427515,-2.21804593408435,8.33158814824139,128.394116079479,TRUE,NA
"sigma",28.99,-9.94781003080618,-3.17018258646252,-2.21863740463841,8.3336773082283,128.448924409008,TRUE,NA
"sigma",29,-9.95006219987842,-3.17078815954693,-2.21922880512756,8.33576624673229,128.50373778145,TRUE,NA
"sigma",29.01,-9.95231411258954,-3.17139365356586,-2.21982013558063,8.33785496385101,128.558556195649,TRUE,NA
"sigma",29.02,-9.95456576905553,-3.17199906855688,-2.22041139602656,8.33994345968198,128.613379650452,TRUE,NA
"sigma",29.03,-9.95681716939232,-3.17260440455743,-2.22100258649412,8.34203173432272,128.668208144706,TRUE,NA
"sigma",29.04,-9.95906831371575,-3.17320966160498,-2.22159370701218,8.34411978787061,128.723041677257,TRUE,NA
"sigma",29.05,-9.96131920214156,-3.17381483973697,-2.22218475760954,8.346207620423,128.777880246954,TRUE,NA
"sigma",29.06,-9.96356983478539,-3.17441993899075,-2.22277573831498,8.34829523207713,128.832723852645,TRUE,NA
"sigma",29.07,-9.96582021176281,-3.1750249594037,-2.22336664915729,8.35038262293018,128.88757249318,TRUE,NA
"sigma",29.08,-9.96807033318927,-3.17562990101315,-2.22395749016518,8.35246979307925,128.942426167408,TRUE,NA
"sigma",29.09,-9.97032019918018,-3.17623476385644,-2.22454826136744,8.35455674262136,128.99728487418,TRUE,NA
"sigma",29.1,-9.97256980985079,-3.17683954797078,-2.22513896279274,8.35664347165348,129.052148612348,TRUE,NA
"sigma",29.11,-9.97481916531632,-3.17744425339344,-2.22572959446977,8.35872998027248,129.107017380762,TRUE,NA
"sigma",29.12,-9.97706826569189,-3.17804888016165,-2.22632015642723,8.36081626857516,129.161891178276,TRUE,NA
"sigma",29.13,-9.97931711109249,-3.17865342831255,-2.22691064869374,8.36290233665824,129.216770003743,TRUE,NA
"sigma",29.14,-9.98156570163304,-3.17925789788334,-2.22750107129799,8.36498818461836,129.271653856017,TRUE,NA
"sigma",29.15,-9.9838140374284,-3.17986228891113,-2.22809142426857,8.36707381255212,129.326542733952,TRUE,NA
"sigma",29.16,-9.9860621185933,-3.18046660143302,-2.2286817076341,8.369159220556,129.381436636404,TRUE,NA
"sigma",29.17,-9.9883099452424,-3.18107083548604,-2.22927192142312,8.37124440872644,129.436335562228,TRUE,NA
"sigma",29.18,-9.99055751749028,-3.18167499110728,-2.22986206566419,8.3733293771598,129.491239510282,TRUE,NA
"sigma",29.19,-9.99280483545138,-3.1822790683337,-2.23045214038591,8.37541412595231,129.546148479421,TRUE,NA
"sigma",29.2,-9.99505189924013,-3.18288306720229,-2.23104214561674,8.37749865520023,129.601062468504,TRUE,NA
"sigma",29.21,-9.99729870897079,-3.18348698775001,-2.23163208138524,8.37958296499965,129.655981476389,TRUE,NA
"sigma",29.22,-9.99954526475758,-3.18409083001375,-2.23222194771984,8.38166705544662,129.710905501936,TRUE,NA
"sigma",29.23,-10.0017915667146,-3.18469459403043,-2.23281174464906,8.38375092663714,129.765834544004,TRUE,NA
"sigma",29.24,-10.004037614956,-3.18529827983691,-2.23340147220133,8.3858345786671,129.820768601454,TRUE,NA
"sigma",29.25,-10.0062834095955,-3.18590188746999,-2.23399113040506,8.38791801163233,129.875707673147,TRUE,NA
"sigma",29.26,-10.0085289507471,-3.18650541696648,-2.23458071928868,8.39000122562861,129.930651757944,TRUE,NA
"sigma",29.27,-10.0107742385246,-3.18710886836318,-2.2351702388806,8.3920842207516,129.985600854708,TRUE,NA
"sigma",29.28,-10.0130192730415,-3.18771224169678,-2.23575968920914,8.39416699709689,130.040554962302,TRUE,NA
"sigma",29.29,-10.0152640544116,-3.18831553700404,-2.23634907030271,8.39624955476004,130.095514079589,TRUE,NA
"sigma",29.3,-10.0175085827482,-3.18891875432162,-2.23693838218962,8.39833189383649,130.150478205435,TRUE,NA
"sigma",29.31,-10.0197528581649,-3.1895218936862,-2.23752762489822,8.40041401442165,130.205447338703,TRUE,NA
"sigma",29.32,-10.0219968807748,-3.19012495513437,-2.23811679845675,8.40249591661082,130.26042147826,TRUE,NA
"sigma",29.33,-10.0242406506913,-3.19072793870276,-2.23870590289356,8.40457760049924,130.315400622972,TRUE,NA
"sigma",29.34,-10.0264841680275,-3.19133084442791,-2.23929493823684,8.40665906618207,130.370384771706,TRUE,NA
"sigma",29.35,-10.0287274328964,-3.19193367234638,-2.2398839045149,8.40874031375442,130.425373923329,TRUE,NA
"sigma",29.36,-10.030970445411,-3.19253642249467,-2.24047280175591,8.41082134331129,130.480368076709,TRUE,NA
"sigma",29.37,-10.0332132056842,-3.19313909490925,-2.24106162998811,8.41290215494764,130.535367230716,TRUE,NA
"sigma",29.38,-10.0354557138288,-3.19374168962661,-2.2416503892397,8.41498274875833,130.59037138422,TRUE,NA
"sigma",29.39,-10.0376979699575,-3.19434420668313,-2.24223907953881,8.41706312483817,130.645380536089,TRUE,NA
"sigma",29.4,-10.0399399741828,-3.19494664611523,-2.24282770091363,8.41914328328187,130.700394685194,TRUE,NA
"sigma",29.41,-10.0421817266174,-3.19554900795928,-2.24341625339226,8.42122322418411,130.755413830409,TRUE,NA
"sigma",29.42,-10.0444232273736,-3.19615129225159,-2.24400473700284,8.42330294763944,130.810437970603,TRUE,NA
"sigma",29.43,-10.0466644765639,-3.19675349902848,-2.24459315177342,8.4253824537424,130.865467104651,TRUE,NA
"sigma",29.44,-10.0489054743004,-3.19735562832623,-2.24518149773212,8.42746174258742,130.920501231425,TRUE,NA
"sigma",29.45,-10.0511462206954,-3.1979576801811,-2.24576977490699,8.42954081426884,130.975540349799,TRUE,NA
"sigma",29.46,-10.0533867158609,-3.19855965462932,-2.24635798332611,8.43161966888097,131.030584458649,TRUE,NA
"sigma",29.47,-10.055626959909,-3.19916155170707,-2.24694612301742,8.43369830651802,131.085633556849,TRUE,NA
"sigma",29.48,-10.0578669529515,-3.19976337145051,-2.24753419400898,8.43577672727414,131.140687643275,TRUE,NA
"sigma",29.49,-10.0601066951004,-3.20036511389579,-2.24812219632876,8.4378549312434,131.195746716804,TRUE,NA
"sigma",29.5,-10.0623461864673,-3.200966779079,-2.24871013000471,8.4399329185198,131.250810776313,TRUE,NA
"sigma",29.51,-10.0645854271639,-3.20156836703623,-2.24929799506481,8.44201068919729,131.30587982068,TRUE,NA
"sigma",29.52,-10.0668244173017,-3.20216987780354,-2.24988579153697,8.44408824336969,131.360953848782,TRUE,NA
"sigma",29.53,-10.0690631569924,-3.20277131141697,-2.25047351944914,8.44616558113082,131.416032859501,TRUE,NA
"sigma",29.54,-10.0713016463471,-3.20337266791246,-2.25106117882913,8.44824270257438,131.471116851715,TRUE,NA
"sigma",29.55,-10.0735398854774,-3.20397394732603,-2.2516487697049,8.450319607794,131.526205824304,TRUE,NA
"sigma",29.56,-10.0757778744943,-3.20457514969359,-2.25223629210429,8.45239629688327,131.581299776149,TRUE,NA
"sigma",29.57,-10.0780156135091,-3.20517627505104,-2.25282374605509,8.45447276993567,131.636398706133,TRUE,NA
"sigma",29.58,-10.0802531026327,-3.2057773234343,-2.25341113158518,8.45654902704464,131.691502613137,TRUE,NA
"sigma",29.59,-10.0824903419762,-3.20637829487919,-2.25399844872231,8.45862506830354,131.746611496044,TRUE,NA
"sigma",29.6,-10.0847273316504,-3.20697918942155,-2.25458569749432,8.46070089380565,131.801725353738,TRUE,NA
"sigma",29.61,-10.0869640717662,-3.20758000709716,-2.25517287792893,8.46277650364416,131.856844185102,TRUE,NA
"sigma",29.62,-10.0892005624342,-3.20818074794182,-2.25575999005393,8.46485189791226,131.911967989023,TRUE,NA
"sigma",29.63,-10.0914368037651,-3.20878141199125,-2.25634703389701,8.46692707670297,131.967096764385,TRUE,NA
"sigma",29.64,-10.0936727958694,-3.20938199928117,-2.25693400948591,8.46900204010933,132.022230510074,TRUE,NA
"sigma",29.65,-10.0959085388575,-3.20998250984724,-2.25752091684827,8.47107678822423,132.077369224976,TRUE,NA
"sigma",29.66,-10.0981440328399,-3.21058294372515,-2.25810775601184,8.47315132114055,132.13251290798,TRUE,NA
"sigma",29.67,-10.1003792779268,-3.21118330095051,-2.25869452700424,8.47522563895108,132.187661557973,TRUE,NA
"sigma",29.68,-10.1026142742284,-3.21178358155895,-2.25928122985312,8.47729974174853,132.242815173844,TRUE,NA
"sigma",29.69,-10.1048490218549,-3.21238378558602,-2.2598678645861,8.47937362962555,132.297973754482,TRUE,NA
"sigma",29.7,-10.1070835209162,-3.21298391306724,-2.26045443123077,8.4814473026747,132.353137298775,TRUE,NA
"sigma",29.71,-10.1093177715223,-3.21358396403817,-2.26104092981472,8.4835207609885,132.408305805616,TRUE,NA
"sigma",29.72,-10.1115517737831,-3.21418393853428,-2.26162736036554,8.48559400465937,132.463479273896,TRUE,NA
"sigma",29.73,-10.1137855278083,-3.21478383659105,-2.26221372291075,8.4876670337797,132.518657702505,TRUE,NA
"sigma",29.74,-10.1160190337077,-3.21538365824388,-2.26280001747788,8.48973984844174,132.573841090336,TRUE,NA
"sigma",29.75,-10.1182522915908,-3.2159834035282,-2.26338624409449,8.49181244873777,132.629029436282,TRUE,NA
"sigma",29.76,-10.1204853015672,-3.21658307247939,-2.26397240278803,8.49388483475989,132.684222739237,TRUE,NA
"sigma",29.77,-10.1227180637462,-3.21718266513278,-2.26455849358599,8.49595700660019,132.739420998094,TRUE,NA
"sigma",29.78,-10.1249505782374,-3.21778218152372,-2.26514451651584,8.49802896435071,132.794624211749,TRUE,NA
"sigma",29.79,-10.1271828451498,-3.2183816216875,-2.26573047160498,8.50010070810338,132.849832379097,TRUE,NA
"sigma",29.8,-10.1294148645928,-3.21898098565938,-2.2663163588809,8.50217223795007,132.905045499034,TRUE,NA
"sigma",29.81,-10.1316466366754,-3.2195802734746,-2.26690217837095,8.50424355398258,132.960263570457,TRUE,NA
"sigma",29.82,-10.1338781615067,-3.22017948516836,-2.26748793010255,8.50631465629266,133.015486592262,TRUE,NA
"sigma",29.83,-10.1361094391955,-3.22077862077589,-2.26807361410306,8.50838554497195,133.070714563348,TRUE,NA
"sigma",29.84,-10.1383404698508,-3.22137768033231,-2.26865923039984,8.51045622011205,133.125947482614,TRUE,NA
"sigma",29.85,-10.1405712535812,-3.22197666387275,-2.26924477902021,8.51252668180451,133.181185348958,TRUE,NA
"sigma",29.86,-10.1428017904956,-3.22257557143236,-2.26983025999152,8.51459693014075,133.23642816128,TRUE,NA
"sigma",29.87,-10.1450320807024,-3.22317440304614,-2.27041567334101,8.51666696521219,133.29167591848,TRUE,NA
"sigma",29.88,-10.1472621243102,-3.2237731587492,-2.271001019096,8.51873678711012,133.346928619461,TRUE,NA
"sigma",29.89,-10.1494919214275,-3.22437183857653,-2.27158629728378,8.52080639592581,133.402186263122,TRUE,NA
"sigma",29.9,-10.1517214721625,-3.22497044256316,-2.27217150793156,8.52287579175041,133.457448848366,TRUE,NA
"sigma",29.91,-10.1539507766237,-3.22556897074402,-2.27275665106659,8.52494497467505,133.512716374097,TRUE,NA
"sigma",29.92,-10.1561798349191,-3.22616742315406,-2.27334172671604,8.52701394479078,133.567988839217,TRUE,NA
"sigma",29.93,-10.1584086471568,-3.22676579982819,-2.27392673490713,8.52908270218856,133.62326624263,TRUE,NA
"sigma",29.94,-10.1606372134449,-3.22736410080131,-2.27451167566703,8.53115124695928,133.678548583242,TRUE,NA
"sigma",29.95,-10.1628655338914,-3.22796232610825,-2.27509654902292,8.53321957919381,133.733835859957,TRUE,NA
"sigma",29.96,-10.165093608604,-3.22856047578389,-2.27568135500191,8.53528769898288,133.789128071682,TRUE,NA
"sigma",29.97,-10.1673214376906,-3.22915854986298,-2.27626609363114,8.5373556064172,133.844425217322,TRUE,NA
"sigma",29.98,-10.1695490212588,-3.22975654838035,-2.27685076493776,8.53942330158739,133.899727295786,TRUE,NA
"sigma",29.99,-10.1717763594163,-3.2303544713707,-2.27743536894872,8.54149078458405,133.95503430598,TRUE,NA
"sigma",30,-10.1740034522705,-3.23095231886878,-2.27801990569124,8.54355805549762,134.010346246813,TRUE,NA
"sigma",30.01,-10.176230299929,-3.23155009090926,-2.27860437519224,8.54562511441856,134.065663117193,TRUE,NA
"sigma",30.02,-10.1784569024991,-3.23214778752686,-2.27918877747891,8.54769196143721,134.120984916032,TRUE,NA
"sigma",30.03,-10.1806832600881,-3.23274540875618,-2.27977311257813,8.54975859664386,134.176311642237,TRUE,NA
"sigma",30.04,-10.1829093728031,-3.23334295463185,-2.28035738051695,8.55182502012875,134.231643294721,TRUE,NA
"sigma",30.05,-10.1851352407513,-3.23394042518845,-2.28094158132238,8.55389123198198,134.286979872395,TRUE,NA
"sigma",30.06,-10.1873608640398,-3.23453782046057,-2.28152571502134,8.55595723229368,134.34232137417,TRUE,NA
"sigma",30.07,-10.1895862427755,-3.23513514048269,-2.28210978164078,8.55802302115387,134.397667798959,TRUE,NA
"sigma",30.08,-10.1918113770652,-3.23573238528939,-2.28269378120766,8.56008859865244,134.453019145676,TRUE,NA
"sigma",30.09,-10.1940362670158,-3.23632955491511,-2.2832777137489,8.56215396487934,134.508375413234,TRUE,NA
"sigma",30.1,-10.196260912734,-3.23692664939427,-2.28386157929133,8.56421911992436,134.563736600547,TRUE,NA
"sigma",30.11,-10.1984853143264,-3.23752366876139,-2.28444537786191,8.56628406387723,134.619102706531,TRUE,NA
"sigma",30.12,-10.2007094718995,-3.23812061305079,-2.28502910948742,8.56834879682764,134.6744737301,TRUE,NA
"sigma",30.13,-10.2029333855598,-3.23871748229688,-2.28561277419476,8.5704133188652,134.729849670172,TRUE,NA
"sigma",30.14,-10.2051570554138,-3.23931427653401,-2.28619637201073,8.57247763007946,134.785230525662,TRUE,NA
"sigma",30.15,-10.2073804815677,-3.23991099579649,-2.28677990296216,8.57454173055988,134.840616295489,TRUE,NA
"sigma",30.16,-10.2096036641278,-3.24050764011863,-2.28736336707582,8.57660562039588,134.896006978571,TRUE,NA
"sigma",30.17,-10.2118266032001,-3.24110420953469,-2.28794676437849,8.57866929967678,134.951402573825,TRUE,NA
"sigma",30.18,-10.2140492988908,-3.2417007040789,-2.28853009489691,8.5807327684919,135.006803080172,TRUE,NA
"sigma",30.19,-10.2162717513058,-3.24229712378547,-2.28911335865782,8.58279602693041,135.06220849653,TRUE,NA
"sigma",30.2,-10.2184939605512,-3.24289346868864,-2.28969655568799,8.58485907508148,135.11761882182,TRUE,NA
"sigma",30.21,-10.2207159267325,-3.24348973882253,-2.29027968601409,8.58692191303415,135.173034054964,TRUE,NA
"sigma",30.22,-10.2229376499557,-3.24408593422131,-2.29086274966277,8.58898454087745,135.228454194883,TRUE,NA
"sigma",30.23,-10.2251591303264,-3.24468205491905,-2.29144574666076,8.59104695870032,135.283879240498,TRUE,NA
"sigma",30.24,-10.2273803679502,-3.24527810094986,-2.29202867703467,8.59310916659164,135.339309190733,TRUE,NA
"sigma",30.25,-10.2296013629326,-3.24587407234778,-2.29261154081116,8.5951711646402,135.394744044512,TRUE,NA
"sigma",30.26,-10.2318221153789,-3.24646996914687,-2.29319433801686,8.59723295293475,135.450183800757,TRUE,NA
"sigma",30.27,-10.2340426253946,-3.2470657913811,-2.29377706867832,8.59929453156396,135.505628458394,TRUE,NA
"sigma",30.28,-10.2362628930849,-3.24766153908451,-2.29435973282218,8.60135590061645,135.561078016347,TRUE,NA
"sigma",30.29,-10.2384829185551,-3.24825721229099,-2.29494233047498,8.60341706018076,135.616532473544,TRUE,NA
"sigma",30.3,-10.2407027019101,-3.24885281103449,-2.29552486166326,8.60547801034537,135.671991828909,TRUE,NA
"sigma",30.31,-10.2429222432551,-3.2494483353489,-2.29610732641355,8.60753875119867,135.727456081369,TRUE,NA
"sigma",30.32,-10.2451415426949,-3.25004378526812,-2.2966897247524,8.60959928282902,135.782925229853,TRUE,NA
"sigma",30.33,-10.2473606003345,-3.25063916082599,-2.29727205670629,8.61165960532471,135.838399273289,TRUE,NA
"sigma",30.34,-10.2495794162787,-3.25123446205632,-2.29785432230168,8.61371971877392,135.893878210604,TRUE,NA
"sigma",30.35,-10.2517979906321,-3.25182968899292,-2.29843652156506,8.61577962326483,135.949362040728,TRUE,NA
"sigma",30.36,-10.2540163234994,-3.25242484166956,-2.29901865452286,8.6178393188855,136.004850762592,TRUE,NA
"sigma",30.37,-10.2562344149851,-3.25301992011998,-2.29960072120154,8.61989880572396,136.060344375125,TRUE,NA
"sigma",30.38,-10.2584522651938,-3.25361492437791,-2.30018272162747,8.62195808386815,136.11584287726,TRUE,NA
"sigma",30.39,-10.2606698742298,-3.25420985447704,-2.30076465582707,8.62401715340595,136.171346267926,TRUE,NA
"sigma",30.4,-10.2628872421973,-3.25480471045102,-2.30134652382672,8.62607601442519,136.226854546057,TRUE,NA
"sigma",30.41,-10.2651043692008,-3.25539949233351,-2.30192832565279,8.62813466701362,136.282367710585,TRUE,NA
"sigma",30.42,-10.2673212553443,-3.25599420015813,-2.30251006133159,8.63019311125893,136.337885760445,TRUE,NA
"sigma",30.43,-10.2695379007319,-3.25658883395846,-2.30309173088949,8.63225134724873,136.393408694569,TRUE,NA
"sigma",30.44,-10.2717543054676,-3.25718339376806,-2.30367333435277,8.6343093750706,136.448936511892,TRUE,NA
"sigma",30.45,-10.2739704696553,-3.25777787962047,-2.30425487174773,8.63636719481201,136.50446921135,TRUE,NA
"sigma",30.46,-10.276186393399,-3.25837229154923,-2.30483634310068,8.6384248065604,136.560006791878,TRUE,NA
"sigma",30.47,-10.2784020768023,-3.2589666295878,-2.30541774843784,8.64048221040313,136.615549252413,TRUE,NA
"sigma",30.48,-10.2806175199689,-3.25956089376964,-2.30599908778544,8.6425394064275,136.671096591891,TRUE,NA
"sigma",30.49,-10.2828327230025,-3.2601550841282,-2.30658036116977,8.64459639472075,136.726648809251,TRUE,NA
"sigma",30.5,-10.2850476860066,-3.26074920069689,-2.30716156861698,8.64665317537002,136.782205903429,TRUE,NA
"sigma",30.51,-10.2872624090846,-3.26134324350907,-2.30774271015328,8.64870974846245,136.837767873365,TRUE,NA
"sigma",30.52,-10.28947689234,-3.26193721259813,-2.30832378580486,8.65076611408505,136.893334717998,TRUE,NA
"sigma",30.53,-10.291691135876,-3.2625311079974,-2.30890479559788,8.65282227232483,136.948906436268,TRUE,NA
"sigma",30.54,-10.2939051397958,-3.26312492974018,-2.30948573955846,8.65487822326865,137.004483027114,TRUE,NA
"sigma",30.55,-10.2961189042027,-3.26371867785978,-2.31006661771277,8.65693396700337,137.06006448948,TRUE,NA
"sigma",30.56,-10.2983324291996,-3.2643123523894,-2.31064743008685,8.65898950361582,137.115650822305,TRUE,NA
"sigma",30.57,-10.3005457148896,-3.26490595336232,-2.31122817670686,8.66104483319266,137.171242024531,TRUE,NA
"sigma",30.58,-10.3027587613756,-3.26549948081175,-2.31180885759884,8.66309995582057,137.226838095102,TRUE,NA
"sigma",30.59,-10.3049715687605,-3.26609293477085,-2.31238947278885,8.66515487158613,137.282439032961,TRUE,NA
"sigma",30.6,-10.3071841371469,-3.26668631527278,-2.31297002230293,8.66720958057585,137.338044837052,TRUE,NA
"sigma",30.61,-10.3093964666376,-3.26727962235069,-2.31355050616712,8.66926408287622,137.39365550632,TRUE,NA
"sigma",30.62,-10.3116085573352,-3.26787285603765,-2.31413092440744,8.67131837857362,137.449271039708,TRUE,NA
"sigma",30.63,-10.3138204093421,-3.26846601636677,-2.31471127704982,8.67337246775439,137.504891436163,TRUE,NA
"sigma",30.64,-10.316032022761,-3.26905910337109,-2.3152915641203,8.67542635050479,137.560516694631,TRUE,NA
"sigma",30.65,-10.3182433976941,-3.26965211708365,-2.31587178564481,8.67748002691103,137.616146814058,TRUE,NA
"sigma",30.66,-10.3204545342438,-3.27024505753748,-2.31645194164934,8.67953349705925,137.671781793393,TRUE,NA
"sigma",30.67,-10.3226654325122,-3.27083792476551,-2.31703203215972,8.68158676103553,137.727421631583,TRUE,NA
"sigma",30.68,-10.3248760926016,-3.27143071880072,-2.31761205720194,8.68363981892589,137.783066327576,TRUE,NA
"sigma",30.69,-10.327086514614,-3.27202343967604,-2.31819201680185,8.68569267081626,137.838715880322,TRUE,NA
"sigma",30.7,-10.3292966986513,-3.27261608742439,-2.31877191098536,8.68774531679255,137.894370288769,TRUE,NA
"sigma",30.71,-10.3315066448156,-3.27320866207862,-2.31935173977831,8.68979775694058,137.950029551869,TRUE,NA
"sigma",30.72,-10.3337163532087,-3.27380116367161,-2.31993150320654,8.69184999134609,138.005693668572,TRUE,NA
"sigma",30.73,-10.3359258239323,-3.27439359223617,-2.32051120129587,8.69390202009481,138.06136263783,TRUE,NA
"sigma",30.74,-10.3381350570881,-3.27498594780515,-2.32109083407216,8.69595384327236,138.117036458594,TRUE,NA
"sigma",30.75,-10.3403440527777,-3.27557823041125,-2.32167040156112,8.69800546096431,138.172715129816,TRUE,NA
"sigma",30.76,-10.3425528111028,-3.2761704400873,-2.32224990378857,8.70005687325616,138.22839865045,TRUE,NA
"sigma",30.77,-10.3447613321647,-3.27676257686599,-2.32282934078028,8.70210808023338,138.28408701945,TRUE,NA
"sigma",30.78,-10.3469696160648,-3.27735464078003,-2.32340871256199,8.70415908198135,138.339780235769,TRUE,NA
"sigma",30.79,-10.3491776629045,-3.27794663186212,-2.32398801915941,8.70620987858535,138.395478298362,TRUE,NA
"sigma",30.8,-10.351385472785,-3.27853855014491,-2.32456726059827,8.70826047013067,138.451181206185,TRUE,NA
"sigma",30.81,-10.3535930458075,-3.27913039566103,-2.32514643690424,8.71031085670251,138.506888958194,TRUE,NA
"sigma",30.82,-10.355800382073,-3.27972216844307,-2.32572554810303,8.712361038386,138.562601553344,TRUE,NA
"sigma",30.83,-10.3580074816826,-3.28031386852364,-2.32630459422029,8.7144110152662,138.618318990593,TRUE,NA
"sigma",30.84,-10.3602143447372,-3.2809054959353,-2.32688357528167,8.7164607874281,138.674041268899,TRUE,NA
"sigma",30.85,-10.3624209713377,-3.28149705071054,-2.32746249131277,8.71851035495667,138.72976838722,TRUE,NA
"sigma",30.86,-10.3646273615849,-3.28208853288189,-2.32804134233924,8.72055971793681,138.785500344514,TRUE,NA
"sigma",30.87,-10.3668335155794,-3.28267994248186,-2.32862012838662,8.7226088764533,138.84123713974,TRUE,NA
"sigma",30.88,-10.3690394334219,-3.28327127954287,-2.32919884948057,8.72465783059092,138.896978771859,TRUE,NA
"sigma",30.89,-10.371245115213,-3.28386254409739,-2.3297775056466,8.72670658043435,138.952725239831,TRUE,NA
"sigma",30.9,-10.3734505610533,-3.28445373617779,-2.33035609691026,8.72875512606825,139.008476542617,TRUE,NA
"sigma",30.91,-10.375655771043,-3.28504485581651,-2.3309346232971,8.73080346757716,139.064232679177,TRUE,NA
"sigma",30.92,-10.3778607452825,-3.28563590304586,-2.33151308483264,8.73285160504562,139.119993648476,TRUE,NA
"sigma",30.93,-10.3800654838722,-3.28622687789821,-2.33209148154234,8.73489953855807,139.175759449474,TRUE,NA
"sigma",30.94,-10.3822699869121,-3.28681778040585,-2.33266981345173,8.73694726819887,139.231530081136,TRUE,NA
"sigma",30.95,-10.3844742545025,-3.28740861060108,-2.33324808058625,8.73899479405239,139.287305542425,TRUE,NA
"sigma",30.96,-10.3866782867433,-3.28799936851614,-2.33382628297132,8.74104211620286,139.343085832304,TRUE,NA
"sigma",30.97,-10.3888820837345,-3.28859005418332,-2.33440442063244,8.74308923473448,139.398870949741,TRUE,NA
"sigma",30.98,-10.3910856455761,-3.28918066763481,-2.334982493595,8.74513614973139,139.454660893698,TRUE,NA
"sigma",30.99,-10.3932889723679,-3.28977120890276,-2.33556050188436,8.74718286127769,139.510455663144,TRUE,NA
"sigma",31,-10.3954920642095,-3.29036167801939,-2.33613844552597,8.7492293694574,139.566255257043,TRUE,NA
"sigma",31.01,-10.3976949212008,-3.29095207501681,-2.33671632454517,8.75127567435443,139.622059674364,TRUE,NA
"sigma",31.02,-10.3998975434412,-3.29154239992718,-2.33729413896731,8.75332177605271,139.677868914074,TRUE,NA
"sigma",31.03,-10.4020999310303,-3.29213265278257,-2.33787188881773,8.75536767463607,139.733682975141,TRUE,NA
"sigma",31.04,-10.4043020840677,-3.29272283361504,-2.33844957412176,8.7574133701883,139.789501856535,TRUE,NA
"sigma",31.05,-10.4065040026525,-3.29331294245661,-2.33902719490466,8.75945886279305,139.845325557223,TRUE,NA
"sigma",31.06,-10.4087056868842,-3.29390297933935,-2.33960475119175,8.76150415253403,139.901154076177,TRUE,NA
"sigma",31.07,-10.4109071368621,-3.29449294429526,-2.34018224300836,8.7635492394948,139.956987412366,TRUE,NA
"sigma",31.08,-10.4131083526852,-3.29508283735629,-2.34075967037969,8.7655941237589,140.012825564762,TRUE,NA
"sigma",31.09,-10.4153093344526,-3.29567265855438,-2.34133703333096,8.76763880540978,140.068668532336,TRUE,NA
"sigma",31.1,-10.4175100822634,-3.29626240792147,-2.3419143318874,8.76968328453087,140.12451631406,TRUE,NA
"sigma",31.11,-10.4197105962165,-3.29685208548947,-2.34249156607426,8.7717275612055,140.180368908907,TRUE,NA
"sigma",31.12,-10.4219108764108,-3.29744169129023,-2.34306873591669,8.77377163551695,140.236226315851,TRUE,NA
"sigma",31.13,-10.4241109229451,-3.29803122535563,-2.34364584143989,8.77581550754846,140.292088533864,TRUE,NA
"sigma",31.14,-10.4263107359181,-3.29862068771748,-2.34422288266901,8.7778591773832,140.347955561921,TRUE,NA
"sigma",31.15,-10.4285103154284,-3.29921007840761,-2.34479985962926,8.77990264510423,140.403827398998,TRUE,NA
"sigma",31.16,-10.4307096615747,-3.2997993974578,-2.34537677234564,8.78194591079462,140.459704044069,TRUE,NA
"sigma",31.17,-10.4329087744555,-3.30038864489978,-2.34595362084336,8.78398897453737,140.51558549611,TRUE,NA
"sigma",31.18,-10.4351076541691,-3.3009778207653,-2.34653040514747,8.78603183641539,140.571471754098,TRUE,NA
"sigma",31.19,-10.4373063008139,-3.30156692508607,-2.34710712528311,8.78807449651154,140.62736281701,TRUE,NA
"sigma",31.2,-10.4395047144883,-3.30215595789379,-2.34768378127526,8.79011695490861,140.683258683824,TRUE,NA
"sigma",31.21,-10.4417028952905,-3.3027449192201,-2.34826037314903,8.79215921168936,140.739159353518,TRUE,NA
"sigma",31.22,-10.4439008433185,-3.30333380909665,-2.34883690092943,8.79420126693646,140.79506482507,TRUE,NA
"sigma",31.23,-10.4460985586706,-3.30392262755508,-2.3494133646415,8.79624312073253,140.85097509746,TRUE,NA
"sigma",31.24,-10.4482960414446,-3.30451137462694,-2.34998976431022,8.79828477316014,140.906890169667,TRUE,NA
"sigma",31.25,-10.4504932917385,-3.30510005034381,-2.35056609996058,8.80032622430179,140.962810040672,TRUE,NA
"sigma",31.26,-10.4526903096502,-3.30568865473724,-2.35114237161753,8.80236747423993,141.018734709455,TRUE,NA
"sigma",31.27,-10.4548870952775,-3.30627718783878,-2.35171857930608,8.80440852305693,141.074664174999,TRUE,NA
"sigma",31.28,-10.457083648718,-3.30686564967987,-2.35229472305112,8.80644937083512,141.130598436284,TRUE,NA
"sigma",31.29,-10.4592799700694,-3.30745404029203,-2.35287080287759,8.80849001765674,141.186537492295,TRUE,NA
"sigma",31.3,-10.4614760594293,-3.3080423597067,-2.35344681881038,8.81053046360404,141.242481342013,TRUE,NA
"sigma",31.31,-10.4636719168952,-3.30863060795529,-2.35402277087441,8.81257070875913,141.298429984422,TRUE,NA
"sigma",31.32,-10.4658675425646,-3.30921878506923,-2.35459865909455,8.81461075320409,141.354383418506,TRUE,NA
"sigma",31.33,-10.4680629365347,-3.30980689107988,-2.35517448349563,8.816650597021,141.410341643251,TRUE,NA
"sigma",31.34,-10.4702580989029,-3.3103949260186,-2.35575024410251,8.81869024029176,141.466304657641,TRUE,NA
"sigma",31.35,-10.4724530297663,-3.31098288991675,-2.35632594094004,8.8207296830983,141.522272460662,TRUE,NA
"sigma",31.36,-10.4746477292222,-3.31157078280556,-2.35690157403298,8.82276892552248,141.5782450513,TRUE,NA
"sigma",31.37,-10.4768421973676,-3.31215860471644,-2.3574771434062,8.82480796764609,141.634222428542,TRUE,NA
"sigma",31.38,-10.4790364342995,-3.31274635568056,-2.35805264908445,8.82684680955084,141.690204591376,TRUE,NA
"sigma",31.39,-10.4812304401148,-3.31333403572919,-2.35862809109245,8.8288854513184,141.746191538789,TRUE,NA
"sigma",31.4,-10.4834242149104,-3.31392164489353,-2.359203469455,8.83092389303041,141.802183269771,TRUE,NA
"sigma",31.41,-10.4856177587832,-3.31450918320482,-2.35977878419683,8.8329621347684,141.858179783309,TRUE,NA
"sigma",31.42,-10.4878110718297,-3.31509665069418,-2.36035403534267,8.83500017661386,141.914181078394,TRUE,NA
"sigma",31.43,-10.4900041541467,-3.31568404739278,-2.3609292229172,8.83703801864826,141.970187154015,TRUE,NA
"sigma",31.44,-10.4921970058307,-3.31627137333173,-2.36150434694506,8.83907566095295,142.026198009163,TRUE,NA
"sigma",31.45,-10.4943896269783,-3.31685862854216,-2.36207940745103,8.84111310360925,142.08221364283,TRUE,NA
"sigma",31.46,-10.4965820176859,-3.31744581305512,-2.36265440445968,8.84315034669841,142.138234054007,TRUE,NA
"sigma",31.47,-10.4987741780498,-3.31803292690168,-2.3632293379957,8.84518739030165,142.194259241686,TRUE,NA
"sigma",31.48,-10.5009661081664,-3.31861997011288,-2.36380420808372,8.84722423450011,142.25028920486,TRUE,NA
"sigma",31.49,-10.5031578081319,-3.31920694271969,-2.36437901474828,8.84926087937487,142.306323942522,TRUE,NA
"sigma",31.5,-10.5053492780424,-3.31979384475312,-2.36495375801403,8.85129732500697,142.362363453667,TRUE,NA
"sigma",31.51,-10.5075405179941,-3.32038067624416,-2.36552843790558,8.85333357147736,142.418407737287,TRUE,NA
"sigma",31.52,-10.5097315280829,-3.32096743722369,-2.36610305444742,8.85536961886696,142.47445679238,TRUE,NA
"sigma",31.53,-10.5119223084048,-3.32155412772268,-2.36667760766411,8.85740546725661,142.530510617938,TRUE,NA
"sigma",31.54,-10.5141128590557,-3.32214074777202,-2.36725209758028,8.85944111672709,142.58656921296,TRUE,NA
"sigma",31.55,-10.5163031801313,-3.32272729740257,-2.36782652422036,8.8614765673592,142.642632576441,TRUE,NA
"sigma",31.56,-10.5184932717275,-3.32331377664513,-2.36840088760881,8.86351181923356,142.698700707377,TRUE,NA
"sigma",31.57,-10.5206831339399,-3.3239001855306,-2.36897518777021,8.86554687243079,142.754773604768,TRUE,NA
"sigma",31.58,-10.5228727668641,-3.32448652408975,-2.369549424729,8.86758172703149,142.81085126761,TRUE,NA
"sigma",31.59,-10.5250621705956,-3.32507279235337,-2.37012359850961,8.86961638311612,142.866933694903,TRUE,NA
"sigma",31.6,-10.52725134523,-3.32565899035218,-2.37069770913649,8.87165084076517,142.923020885646,TRUE,NA
"sigma",31.61,-10.5294402908624,-3.32624511811697,-2.37127175663409,8.873685100059,142.979112838837,TRUE,NA
"sigma",31.62,-10.5316290075885,-3.3268311756784,-2.37184574102682,8.87571916107793,143.035209553479,TRUE,NA
"sigma",31.63,-10.5338174955032,-3.3274171630672,-2.37241966233902,8.87775302390228,143.09131102857,TRUE,NA
"sigma",31.64,-10.5360057547019,-3.328003080314,-2.37299352059512,8.87978668861223,143.147417263112,TRUE,NA
"sigma",31.65,-10.5381937852797,-3.32858892744947,-2.37356731581947,8.88182015528796,143.203528256108,TRUE,NA
"sigma",31.66,-10.5403815873316,-3.32917470450426,-2.37414104803645,8.88385342400953,143.25964400656,TRUE,NA
"sigma",31.67,-10.5425691609526,-3.32976041150888,-2.37471471727032,8.88588649485704,143.315764513469,TRUE,NA
"sigma",31.68,-10.5447565062376,-3.33034604849397,-2.37528832354545,8.88791936791044,143.371889775841,TRUE,NA
"sigma",31.69,-10.5469436232815,-3.33093161549009,-2.37586186688615,8.88995204324968,143.428019792678,TRUE,NA
"sigma",31.7,-10.5491305121789,-3.3315171125277,-2.37643534731667,8.89198452095462,143.484154562984,TRUE,NA
"sigma",31.71,-10.5513171730247,-3.3321025396374,-2.3770087648613,8.89401680110509,143.540294085766,TRUE,NA
"sigma",31.72,-10.5535036059134,-3.33268789684963,-2.37758211954432,8.89604888378082,143.596438360028,TRUE,NA
"sigma",31.73,-10.5556898109397,-3.33327318419484,-2.37815541138994,8.89808076906155,143.652587384776,TRUE,NA
"sigma",31.74,-10.557875788198,-3.3338584017035,-2.37872864042237,8.90011245702689,143.708741159017,TRUE,NA
"sigma",31.75,-10.5600615377827,-3.33444354940599,-2.37930180666587,8.90214394775647,143.764899681758,TRUE,NA
"sigma",31.76,-10.5622470597883,-3.33502862733274,-2.37987491014463,8.90417524132976,143.821062952006,TRUE,NA
"sigma",31.77,-10.564432354309,-3.33561363551412,-2.38044795088279,8.90620633782632,143.87723096877,TRUE,NA
"sigma",31.78,-10.566617421439,-3.33619857398048,-2.38102092890454,8.90823723732547,143.933403731059,TRUE,NA
"sigma",31.79,-10.5688022612725,-3.33678344276213,-2.38159384423407,8.91026793990665,143.98958123788,TRUE,NA
"sigma",31.8,-10.5709868739037,-3.33736824188939,-2.38216669689545,8.91229844564912,144.045763488243,TRUE,NA
"sigma",31.81,-10.5731712594264,-3.33795297139255,-2.38273948691284,8.91432875463216,144.101950481161,TRUE,NA
"sigma",31.82,-10.5753554179347,-3.33853763130183,-2.38331221431028,8.91635886693494,144.158142215641,TRUE,NA
"sigma",31.83,-10.5775393495225,-3.33912222164753,-2.38388487911197,8.9183887826366,144.214338690696,TRUE,NA
"sigma",31.84,-10.5797230542835,-3.33970674245984,-2.38445748134192,8.92041850181623,144.270539905338,TRUE,NA
"sigma",31.85,-10.5819065323116,-3.34029119376896,-2.38503002102422,8.92244802455283,144.326745858578,TRUE,NA
"sigma",31.86,-10.5840897837004,-3.34087557560504,-2.38560249818288,8.92447735092539,144.38295654943,TRUE,NA
"sigma",31.87,-10.5862728085435,-3.34145988799825,-2.38617491284191,8.92650648101281,144.439171976907,TRUE,NA
"sigma",31.88,-10.5884556069345,-3.34204413097872,-2.38674726502538,8.92853541489395,144.495392140022,TRUE,NA
"sigma",31.89,-10.5906381789669,-3.34262830457656,-2.3873195547573,8.93056415264761,144.551617037791,TRUE,NA
"sigma",31.9,-10.592820524734,-3.34321240882184,-2.38789178206162,8.93259269435253,144.607846669227,TRUE,NA
"sigma",31.91,-10.5950026443293,-3.34379644374464,-2.3884639469623,8.93462104008739,144.664081033346,TRUE,NA
"sigma",31.92,-10.597184537846,-3.344380409375,-2.38903604948333,8.93664918993083,144.720320129163,TRUE,NA
"sigma",31.93,-10.5993662053774,-3.34496430574288,-2.3896080896486,8.93867714396142,144.776563955696,TRUE,NA
"sigma",31.94,-10.6015476470165,-3.34554813287837,-2.39018006748211,8.9407049022577,144.832812511961,TRUE,NA
"sigma",31.95,-10.6037288628565,-3.34613189081136,-2.39075198300768,8.9427324648981,144.889065796975,TRUE,NA
"sigma",31.96,-10.6059098529903,-3.34671557957185,-2.39132383624927,8.94475983196105,144.945323809757,TRUE,NA
"sigma",31.97,-10.608090617511,-3.34729919918977,-2.39189562723075,8.9467870035249,145.001586549324,TRUE,NA
"sigma",31.98,-10.6102711565113,-3.34788274969502,-2.39246735597597,8.94881397966794,145.057854014697,TRUE,NA
"sigma",31.99,-10.6124514700842,-3.34846623111748,-2.39303902250884,8.95084076046842,145.114126204893,TRUE,NA
"sigma",32,-10.6146315583224,-3.34904964348702,-2.39361062685308,8.95286734600454,145.170403118933,TRUE,NA
"sigma",32.01,-10.6168114213185,-3.34963298683347,-2.39418216903262,8.95489373635439,145.226684755838,TRUE,NA
"sigma",32.02,-10.6189910591651,-3.3502162611867,-2.39475364907122,8.95691993159608,145.282971114629,TRUE,NA
"sigma",32.03,-10.6211704719549,-3.35079946657643,-2.39532506699268,8.95894593180763,145.339262194327,TRUE,NA
"sigma",32.04,-10.6233496597802,-3.3513826030325,-2.39589642282074,8.96097173706698,145.395557993953,TRUE,NA
"sigma",32.05,-10.6255286227336,-3.35196567058463,-2.39646771657919,8.96299734745208,145.45185851253,TRUE,NA
"sigma",32.06,-10.6277073609073,-3.35254866926259,-2.39703894829184,8.96502276304075,145.508163749083,TRUE,NA
"sigma",32.07,-10.6298858743937,-3.35313159909606,-2.39761011798234,8.96704798391079,145.564473702634,TRUE,NA
"sigma",32.08,-10.6320641632849,-3.35371446011474,-2.39818122567441,8.96907301013998,145.620788372207,TRUE,NA
"sigma",32.09,-10.6342422276731,-3.3542972523483,-2.39875227139179,8.97109784180598,145.677107756826,TRUE,NA
"sigma",32.1,-10.6364200676504,-3.35487997582639,-2.39932325515816,8.97312247898643,145.733431855517,TRUE,NA
"sigma",32.11,-10.6385976833089,-3.35546263057863,-2.39989417699718,8.97514692175892,145.789760667305,TRUE,NA
"sigma",32.12,-10.6407750747404,-3.35604521663462,-2.4004650369325,8.97717117020098,145.846094191216,TRUE,NA
"sigma",32.13,-10.6429522420369,-3.35662773402397,-2.40103583498779,8.97919522439007,145.902432426278,TRUE,NA
"sigma",32.14,-10.6451291852901,-3.35721018277616,-2.40160657118664,8.98121908440361,145.958775371516,TRUE,NA
"sigma",32.15,-10.6473059045919,-3.35779256292086,-2.40217724555272,8.98324275031896,146.015123025958,TRUE,NA
"sigma",32.16,-10.649482400034,-3.35837487448751,-2.40274785810963,8.98526622221343,146.071475388634,TRUE,NA
"sigma",32.17,-10.6516586717079,-3.35895711750561,-2.40331840888091,8.98728950016428,146.12783245857,TRUE,NA
"sigma",32.18,-10.6538347197052,-3.3595392920046,-2.40388889789013,8.98931258424869,146.184194234797,TRUE,NA
"sigma",32.19,-10.6560105441175,-3.360121398014,-2.40445932516088,8.99133547454383,146.240560716344,TRUE,NA
"sigma",32.2,-10.6581861450361,-3.36070343556321,-2.40502969071668,8.99335817112678,146.29693190224,TRUE,NA
"sigma",32.21,-10.6603615225525,-3.36128540468163,-2.40559999458104,8.99538067407457,146.353307791517,TRUE,NA
"sigma",32.22,-10.6625366767578,-3.36186730539867,-2.40617023677751,8.99740298346419,146.409688383205,TRUE,NA
"sigma",32.23,-10.6647116077434,-3.36244913774371,-2.40674041732959,8.99942509937256,146.466073676337,TRUE,NA
"sigma",32.24,-10.6668863156005,-3.36303090174607,-2.4073105362607,9.00144702187657,146.522463669945,TRUE,NA
"sigma",32.25,-10.6690608004201,-3.36361259743507,-2.40788059359441,9.00346875105302,146.57885836306,TRUE,NA
"sigma",32.26,-10.6712350622933,-3.36419422484003,-2.40845058935406,9.00549028697869,146.635257754717,TRUE,NA
"sigma",32.27,-10.673409101311,-3.36477578399022,-2.4090205235632,9.0075116297303,146.691661843948,TRUE,NA
"sigma",32.28,-10.6755829175642,-3.36535727491491,-2.40959039624516,9.00953277938445,146.748070629788,TRUE,NA
"sigma",32.29,-10.6777565111437,-3.36593869764336,-2.41016020742342,9.01155373601784,146.804484111271,TRUE,NA
"sigma",32.3,-10.6799298821403,-3.36652005220474,-2.41072995712131,9.01357449970694,146.860902287433,TRUE,NA
"sigma",32.31,-10.6821030306447,-3.3671013386283,-2.41129964536228,9.0155950705283,146.917325157309,TRUE,NA
"sigma",32.32,-10.6842759567476,-3.36768255694322,-2.4118692721697,9.01761544855831,146.973752719936,TRUE,NA
"sigma",32.33,-10.6864486605396,-3.36826370717858,-2.41243883756682,9.01963563387341,147.030184974349,TRUE,NA
"sigma",32.34,-10.6886211421112,-3.36884478936356,-2.41300834157705,9.02165562654992,147.086621919586,TRUE,NA
"sigma",32.35,-10.6907934015528,-3.36942580352732,-2.41357778422375,9.02367542666412,147.143063554685,TRUE,NA
"sigma",32.36,-10.6929654389549,-3.37000674969889,-2.41414716553019,9.02569503429223,147.199509878684,TRUE,NA
"sigma",32.37,-10.6951372544077,-3.37058762790736,-2.41471648551963,9.02771444951044,147.25596089062,TRUE,NA
"sigma",32.38,-10.6973088480016,-3.37116843818176,-2.41528574421539,9.02973367239487,147.312416589534,TRUE,NA
"sigma",32.39,-10.6994802198268,-3.37174918055111,-2.41585494164069,9.03175270302159,147.368876974465,TRUE,NA
"sigma",32.4,-10.7016513699734,-3.37232985504449,-2.41642407781888,9.03377154146662,147.425342044453,TRUE,NA
"sigma",32.41,-10.7038222985314,-3.37291046169083,-2.41699315277312,9.0357901878059,147.481811798538,TRUE,NA
"sigma",32.42,-10.705993005591,-3.37349100051913,-2.41756216652666,9.03780864211538,147.538286235763,TRUE,NA
"sigma",32.43,-10.708163491242,-3.37407147155829,-2.41813111910266,9.03982690447087,147.594765355167,TRUE,NA
"sigma",32.44,-10.7103337555743,-3.37465187483728,-2.41870001052438,9.0418449749482,147.651249155794,TRUE,NA
"sigma",32.45,-10.7125037986778,-3.37523221038497,-2.41926884081499,9.04386285362314,147.707737636685,TRUE,NA
"sigma",32.46,-10.7146736206422,-3.37581247823025,-2.41983760999761,9.04588054057137,147.764230796885,TRUE,NA
"sigma",32.47,-10.7168432215572,-3.376392678402,-2.42040631809544,9.04789803586851,147.820728635436,TRUE,NA
"sigma",32.48,-10.7190126015124,-3.37697281092903,-2.42097496513156,9.04991533959022,147.877231151382,TRUE,NA
"sigma",32.49,-10.7211817605975,-3.37755287584018,-2.42154355112917,9.05193245181196,147.933738343768,TRUE,NA
"sigma",32.5,-10.7233506989019,-3.37813287316425,-2.42211207611129,9.05394937260926,147.990250211639,TRUE,NA
"sigma",32.51,-10.725519416515,-3.37871280293,-2.42268054010109,9.05596610205757,148.046766754041,TRUE,NA
"sigma",32.52,-10.7276879135263,-3.37929266516622,-2.42324894312162,9.05798264023222,148.103287970019,TRUE,NA
"sigma",32.53,-10.7298561900251,-3.37987245990161,-2.42381728519594,9.0599989872086,148.159813858619,TRUE,NA
"sigma",32.54,-10.7320242461005,-3.3804521871649,-2.42438556634707,9.06201514306195,148.21634441889,TRUE,NA
"sigma",32.55,-10.7341920818419,-3.38103184698482,-2.42495378659814,9.0640311078675,148.272879649878,TRUE,NA
"sigma",32.56,-10.7363596973383,-3.38161143939,-2.42552194597212,9.06604688170043,148.329419550631,TRUE,NA
"sigma",32.57,-10.7385270926789,-3.38219096440909,-2.42609004449194,9.06806246463584,148.385964120198,TRUE,NA
"sigma",32.58,-10.7406942679525,-3.38277042207077,-2.42665808218075,9.07007785674882,148.442513357628,TRUE,NA
"sigma",32.59,-10.7428612232482,-3.3833498124036,-2.4272260590614,9.07209305811441,148.49906726197,TRUE,NA
"sigma",32.6,-10.7450279586548,-3.38392913543623,-2.42779397515693,9.07410806880751,148.555625832273,TRUE,NA
"sigma",32.61,-10.7471944742611,-3.38450839119721,-2.42836183049029,9.07612288890307,148.612189067589,TRUE,NA
"sigma",32.62,-10.749360770156,-3.38508757971502,-2.42892962508433,9.07813751847597,148.668756966968,TRUE,NA
"sigma",32.63,-10.751526846428,-3.38566670101829,-2.42949735896208,9.08015195760097,148.725329529462,TRUE,NA
"sigma",32.64,-10.7536927031658,-3.38624575513551,-2.43006503214642,9.08216620635284,148.781906754122,TRUE,NA
"sigma",32.65,-10.755858340458,-3.38682474209514,-2.43063264466022,9.08418026480632,148.83848864,TRUE,NA
"sigma",32.66,-10.7580237583931,-3.38740366192562,-2.43120019652635,9.08619413303603,148.895075186151,TRUE,NA
"sigma",32.67,-10.7601889570595,-3.38798251465549,-2.43176768776774,9.08820781111655,148.951666391626,TRUE,NA
"sigma",32.68,-10.7623539365456,-3.38856130031314,-2.43233511840724,9.09022129912246,149.008262255479,TRUE,NA
"sigma",32.69,-10.7645186969398,-3.38914001892694,-2.43290248846761,9.09223459712826,149.064862776766,TRUE,NA
"sigma",32.7,-10.7666832383302,-3.38971867052532,-2.43346979797175,9.09424770520838,149.12146795454,TRUE,NA
"sigma",32.71,-10.768847560805,-3.39029725513662,-2.43403704694242,9.09626062343721,149.178077787856,TRUE,NA
"sigma",32.72,-10.7710116644525,-3.39087577278918,-2.43460423540242,9.09827335188912,149.234692275771,TRUE,NA
"sigma",32.73,-10.7731755493606,-3.39145422351138,-2.43517136337457,9.10028589063837,149.291311417342,TRUE,NA
"sigma",32.74,-10.7753392156174,-3.39203260733151,-2.43573843088166,9.10229823975921,149.347935211623,TRUE,NA
"sigma",32.75,-10.7775026633109,-3.3926109242778,-2.43630543794637,9.10431039932582,149.404563657673,TRUE,NA
"sigma",32.76,-10.7796658925288,-3.39318917437858,-2.43687238459153,9.10632236941234,149.461196754549,TRUE,NA
"sigma",32.77,-10.7818289033591,-3.39376735766206,-2.43743927083978,9.10833415009289,149.517834501309,TRUE,NA
"sigma",32.78,-10.7839916958894,-3.39434547415649,-2.43800609671387,9.11034574144144,149.574476897012,TRUE,NA
"sigma",32.79,-10.7861542702076,-3.39492352389008,-2.43857286223652,9.11235714353203,149.631123940717,TRUE,NA
"sigma",32.8,-10.7883166264012,-3.39550150689096,-2.43913956743039,9.11436835643855,149.687775631484,TRUE,NA
"sigma",32.81,-10.7904787645578,-3.39607942318735,-2.43970621231817,9.11637938023491,149.744431968372,TRUE,NA
"sigma",32.82,-10.7926406847649,-3.39665727280736,-2.4402727969225,9.11839021499492,149.801092950442,TRUE,NA
"sigma",32.83,-10.79480238711,-3.39723505577918,-2.44083932126602,9.12040086079238,149.857758576755,TRUE,NA
"sigma",32.84,-10.7969638716804,-3.39781277213084,-2.44140578537139,9.12241131770099,149.914428846373,TRUE,NA
"sigma",32.85,-10.7991251385636,-3.39839042189043,-2.44197218926117,9.12442158579445,149.971103758356,TRUE,NA
"sigma",32.86,-10.8012861878467,-3.39896800508605,-2.44253853295806,9.12643166514639,150.027783311769,TRUE,NA
"sigma",32.87,-10.8034470196171,-3.39954552174576,-2.44310481648454,9.12844155583036,150.084467505673,TRUE,NA
"sigma",32.88,-10.8056076339618,-3.40012297189752,-2.44367103986325,9.1304512579199,150.141156339133,TRUE,NA
"sigma",32.89,-10.8077680309679,-3.40070035556938,-2.44423720311671,9.13246077148848,150.197849811211,TRUE,NA
"sigma",32.9,-10.8099282107224,-3.40127767278934,-2.44480330626751,9.13447009660954,150.254547920973,TRUE,NA
"sigma",32.91,-10.8120881733124,-3.40185492358533,-2.44536934933819,9.13647923335641,150.311250667482,TRUE,NA
"sigma",32.92,-10.8142479188248,-3.40243210798528,-2.44593533235122,9.13848818180247,150.367958049806,TRUE,NA
"sigma",32.93,-10.8164074473463,-3.40300922601716,-2.44650125532914,9.14049694202094,150.424670067008,TRUE,NA
"sigma",32.94,-10.8185667589637,-3.40358627770888,-2.44706711829441,9.14250551408508,150.481386718155,TRUE,NA
"sigma",32.95,-10.8207258537639,-3.40416326308827,-2.44763292126955,9.14451389806804,150.538108002315,TRUE,NA
"sigma",32.96,-10.8228847318334,-3.40474018218323,-2.448198664277,9.14652209404294,150.594833918553,TRUE,NA
"sigma",32.97,-10.8250433932589,-3.40531703502161,-2.44876434733924,9.14853010208287,150.651564465938,TRUE,NA
"sigma",32.98,-10.8272018381269,-3.40589382163122,-2.44932997047864,9.15053792226084,150.708299643538,TRUE,NA
"sigma",32.99,-10.8293600665238,-3.40647054203986,-2.44989553371768,9.1525455546498,150.765039450421,TRUE,NA
"sigma",33,-10.8315180785362,-3.40704719627534,-2.45046103707875,9.1545529993227,150.821783885657,TRUE,NA
"sigma",33.01,-10.8336758742504,-3.4076237843654,-2.45102648058427,9.15656025635241,150.878532948315,TRUE,NA
"sigma",33.02,-10.8358334537526,-3.40820030633783,-2.45159186425659,9.15856732581172,150.935286637464,TRUE,NA
"sigma",33.03,-10.8379908171292,-3.40877676222032,-2.45215718811813,9.16057420777342,150.992044952177,TRUE,NA
"sigma",33.04,-10.8401479644663,-3.40935315204057,-2.45272245219116,9.16258090231023,151.048807891522,TRUE,NA
"sigma",33.05,-10.84230489585,-3.40992947582629,-2.45328765649809,9.16458740949482,151.105575454573,TRUE,NA
"sigma",33.06,-10.8444616113664,-3.41050573360513,-2.4538528010612,9.16659372939981,151.1623476404,TRUE,NA
"sigma",33.07,-10.8466181111015,-3.41108192540479,-2.45441788590289,9.16859986209776,151.219124448076,TRUE,NA
"sigma",33.08,-10.8487743951413,-3.41165805125282,-2.45498291104534,9.17060580766121,151.275905876673,TRUE,NA
"sigma",33.09,-10.8509304635716,-3.41223411117687,-2.45554787651094,9.17261156616261,151.332691925266,TRUE,NA
"sigma",33.1,-10.8530863164783,-3.41281010520454,-2.45611278232191,9.17461713767441,151.389482592928,TRUE,NA
"sigma",33.11,-10.8552419539471,-3.41338603336337,-2.4566776285005,9.17662252226897,151.446277878733,TRUE,NA
"sigma",33.12,-10.8573973760637,-3.41396189568093,-2.457242415069,9.1786277200186,151.503077781755,TRUE,NA
"sigma",33.13,-10.8595525829138,-3.41453769218476,-2.45780714204962,9.18063273099558,151.559882301071,TRUE,NA
"sigma",33.14,-10.861707574583,-3.41511342290233,-2.45837180946458,9.18263755527214,151.616691435754,TRUE,NA
"sigma",33.15,-10.8638623511568,-3.41568908786119,-2.45893641733607,9.18464219292045,151.673505184882,TRUE,NA
"sigma",33.16,-10.8660169127207,-3.41626468708878,-2.45950096568632,9.18664664401262,151.730323547532,TRUE,NA
"sigma",33.17,-10.86817125936,-3.41684022061253,-2.46006545453746,9.18865090862075,151.787146522779,TRUE,NA
"sigma",33.18,-10.8703253911602,-3.41741568845993,-2.4606298839117,9.19065498681685,151.843974109701,TRUE,NA
"sigma",33.19,-10.8724793082065,-3.41799109065834,-2.46119425383119,9.19265887867293,151.900806307378,TRUE,NA
"sigma",33.2,-10.8746330105841,-3.4185664272352,-2.46175856431803,9.19466258426088,151.957643114886,TRUE,NA
"sigma",33.21,-10.8767864983783,-3.41914169821784,-2.46232281539437,9.19666610365259,152.014484531304,TRUE,NA
"sigma",33.22,-10.8789397716741,-3.41971690363363,-2.46288700708227,9.19866943691989,152.071330555713,TRUE,NA
"sigma",33.23,-10.8810928305566,-3.42029204350995,-2.46345113940393,9.20067258413457,152.128181187191,TRUE,NA
"sigma",33.24,-10.8832456751109,-3.42086711787408,-2.46401521238138,9.20267554536835,152.18503642482,TRUE,NA
"sigma",33.25,-10.8853983054218,-3.4214421267533,-2.46457922603669,9.20467832069291,152.241896267679,TRUE,NA
"sigma",33.26,-10.8875507215742,-3.42201707017491,-2.46514318039188,9.20668091017992,152.298760714851,TRUE,NA
"sigma",33.27,-10.8897029236529,-3.42259194816617,-2.46570707546904,9.20868331390092,152.355629765415,TRUE,NA
"sigma",33.28,-10.8918549117428,-3.42316676075434,-2.46627091129022,9.21068553192748,152.412503418455,TRUE,NA
"sigma",33.29,-10.8940066859285,-3.42374150796662,-2.46683468787743,9.21268756433106,152.469381673054,TRUE,NA
"sigma",33.3,-10.8961582462946,-3.42431618983018,-2.46739840525257,9.21468941118312,152.526264528293,TRUE,NA
"sigma",33.31,-10.8983095929258,-3.42489080637228,-2.46796206343778,9.21669107255504,152.583151983258,TRUE,NA
"sigma",33.32,-10.9004607259066,-3.42546535762003,-2.46852566245497,9.21869254851816,152.640044037031,TRUE,NA
"sigma",33.33,-10.9026116453214,-3.42603984360056,-2.46908920232607,9.2206938391438,152.696940688697,TRUE,NA
"sigma",33.34,-10.9047623512546,-3.42661426434101,-2.46965268307308,9.22269494450316,152.75384193734,TRUE,NA
"sigma",33.35,-10.9069128437908,-3.42718861986852,-2.47021610471797,9.22469586466749,152.810747782048,TRUE,NA
"sigma",33.36,-10.909063123014,-3.42776291021016,-2.47077946728257,9.2266965997079,152.867658221904,TRUE,NA
"sigma",33.37,-10.9112131890086,-3.42833713539296,-2.47134277078882,9.2286971496955,152.924573255995,TRUE,NA
"sigma",33.38,-10.9133630418587,-3.42891129544405,-2.47190601525871,9.23069751470135,152.981492883407,TRUE,NA
"sigma",33.39,-10.9155126816485,-3.42948539039036,-2.47246920071397,9.23269769479645,153.038417103229,TRUE,NA
"sigma",33.4,-10.917662108462,-3.43005942025897,-2.47303232717657,9.23469769005174,153.095345914547,TRUE,NA
"sigma",33.41,-10.9198113223833,-3.43063338507686,-2.47359539466841,9.23669750053816,153.15227931645,TRUE,NA
"sigma",33.42,-10.9219603234962,-3.431207284871,-2.47415840321123,9.23869712632653,153.209217308026,TRUE,NA
"sigma",33.43,-10.9241091118847,-3.43178111966831,-2.47472135282687,9.2406965674877,153.266159888363,TRUE,NA
"sigma",33.44,-10.9262576876327,-3.43235488949579,-2.47528424353722,9.2426958240924,153.323107056552,TRUE,NA
"sigma",33.45,-10.9284060508238,-3.43292859438031,-2.47584707536407,9.24469489621136,153.380058811683,TRUE,NA
"sigma",33.46,-10.9305542015419,-3.43350223434877,-2.47640984832914,9.24669378391527,153.437015152845,TRUE,NA
"sigma",33.47,-10.9327021398705,-3.43407580942807,-2.47697256245428,9.24869248727473,153.49397607913,TRUE,NA
"sigma",33.48,-10.9348498658933,-3.43464931964503,-2.47753521776123,9.25069100636028,153.550941589628,TRUE,NA
"sigma",33.49,-10.9369973796939,-3.43522276502655,-2.47809781427174,9.25268934124248,153.607911683431,TRUE,NA
"sigma",33.5,-10.9391446813557,-3.4357961455994,-2.47866035200754,9.25468749199182,153.664886359632,TRUE,NA
"sigma",33.51,-10.9412917709621,-3.43636946139042,-2.47922283099041,9.25668545867869,153.721865617323,TRUE,NA
"sigma",33.52,-10.9434386485965,-3.43694271242635,-2.47978525124196,9.2586832413735,153.778849455596,TRUE,NA
"sigma",33.53,-10.9455853143423,-3.43751589873402,-2.48034761278401,9.26068084014658,153.835837873547,TRUE,NA
"sigma",33.54,-10.9477317682828,-3.43808902034011,-2.4809099156382,9.26267825506819,153.892830870268,TRUE,NA
"sigma",33.55,-10.949878010501,-3.43866207727141,-2.48147215982614,9.26467548620859,153.949828444853,TRUE,NA
"sigma",33.56,-10.9520240410802,-3.43923506955457,-2.48203434536957,9.26667253363798,154.006830596399,TRUE,NA
"sigma",33.57,-10.9541698601035,-3.43980799721635,-2.48259647229017,9.26866939742648,154.063837324,TRUE,NA
"sigma",33.58,-10.9563154676538,-3.44038086028333,-2.48315854060939,9.27066607764422,154.12084862675,TRUE,NA
"sigma",33.59,-10.9584608638142,-3.44095365878224,-2.48372055034905,9.27266257436122,154.177864503748,TRUE,NA
"sigma",33.6,-10.9606060486676,-3.44152639273967,-2.48428250153063,9.27465888764748,154.23488495409,TRUE,NA
"sigma",33.61,-10.9627510222969,-3.44209906218228,-2.48484439417585,9.27665501757298,154.291909976873,TRUE,NA
"sigma",33.62,-10.9648957847849,-3.44267166713665,-2.4854062283062,9.27865096420758,154.348939571193,TRUE,NA
"sigma",33.63,-10.9670403362142,-3.44324420762931,-2.48596800394326,9.28064672762121,154.405973736149,TRUE,NA
"sigma",33.64,-10.9691846766677,-3.4438166836869,-2.48652972110858,9.28264230788363,154.463012470841,TRUE,NA
"sigma",33.65,-10.9713288062279,-3.4443890953359,-2.4870913798237,9.28463770506463,154.520055774365,TRUE,NA
"sigma",33.66,-10.9734727249774,-3.44496144260288,-2.48765298011022,9.28663291923391,154.577103645823,TRUE,NA
"sigma",33.67,-10.9756164329988,-3.44553372551431,-2.48821452198955,9.28862795046115,154.634156084313,TRUE,NA
"sigma",33.68,-10.9777599303745,-3.44610594409669,-2.48877600548329,9.29062279881598,154.691213088936,TRUE,NA
"sigma",33.69,-10.9799032171869,-3.44667809837649,-2.48933743061289,9.29261746436798,154.748274658792,TRUE,NA
"sigma",33.7,-10.9820462935185,-3.44725018838015,-2.48989879739982,9.29461194718668,154.805340792983,TRUE,NA
"sigma",33.71,-10.9841891594514,-3.44782221413411,-2.49046010586552,9.29660624734155,154.862411490609,TRUE,NA
"sigma",33.72,-10.986331815068,-3.44839417566482,-2.49102135603155,9.29860036490204,154.919486750775,TRUE,NA
"sigma",33.73,-10.9884742604504,-3.44896607299856,-2.49158254791922,9.30059429993758,154.97656657258,TRUE,NA
"sigma",33.74,-10.9906164956807,-3.44953790616183,-2.49214368155002,9.30258805251745,155.033650955129,TRUE,NA
"sigma",33.75,-10.9927585208411,-3.45010967518091,-2.49270475694533,9.30458162271097,155.090739897525,TRUE,NA
"sigma",33.76,-10.9949003360136,-3.45068138008217,-2.49326577412662,9.30657501058742,155.147833398871,TRUE,NA
"sigma",33.77,-10.99704194128,-3.45125302089196,-2.49382673311524,9.30856821621598,155.204931458272,TRUE,NA
"sigma",33.78,-10.9991833367224,-3.45182459763652,-2.49438763393256,9.3105612396658,155.262034074833,TRUE,NA
"sigma",33.79,-11.0013245224226,-3.45239611034216,-2.4949484765999,9.312554081006,155.319141247657,TRUE,NA
"sigma",33.8,-11.0034654984624,-3.45296755903517,-2.49550926113868,9.31454674030569,155.376252975853,TRUE,NA
"sigma",33.81,-11.0056062649235,-3.45353894374176,-2.49606998757018,9.31653921763381,155.433369258524,TRUE,NA
"sigma",33.82,-11.0077468218876,-3.45411026448822,-2.49663065591585,9.31853151305938,155.490490094778,TRUE,NA
"sigma",33.83,-11.0098871694364,-3.45468152130067,-2.4971912661968,9.32052362665134,155.547615483721,TRUE,NA
"sigma",33.84,-11.0120273076514,-3.45525271420535,-2.49775181843443,9.32251555847855,155.60474542446,TRUE,NA
"sigma",33.85,-11.0141672366141,-3.45582384322847,-2.49831231265006,9.32450730860984,155.661879916104,TRUE,NA
"sigma",33.86,-11.0163069564061,-3.45639490839613,-2.49887274886493,9.32649887711402,155.719018957761,TRUE,NA
"sigma",33.87,-11.0184464671086,-3.45696590973451,-2.49943312710029,9.32849026405982,155.776162548539,TRUE,NA
"sigma",33.88,-11.0205857688031,-3.45753684726966,-2.49999344737736,9.33048146951594,155.833310687546,TRUE,NA
"sigma",33.89,-11.0227248615709,-3.4581077210278,-2.50055370971749,9.33247249355102,155.890463373894,TRUE,NA
"sigma",33.9,-11.0248637454932,-3.45867853103487,-2.50111391414173,9.33446333623366,155.947620606691,TRUE,NA
"sigma",33.91,-11.0270024206513,-3.45924927731708,-2.50167406067143,9.33645399763247,156.004782385049,TRUE,NA
"sigma",33.92,-11.0291408871262,-3.45981995990039,-2.50223414932776,9.33844447781591,156.061948708078,TRUE,NA
"sigma",33.93,-11.0312791449989,-3.46039057881086,-2.50279418013184,9.34043477685245,156.119119574889,TRUE,NA
"sigma",33.94,-11.0334171943507,-3.46096113407449,-2.50335415310491,9.34242489481055,156.176294984594,TRUE,NA
"sigma",33.95,-11.0355550352623,-3.46153162571726,-2.50391406826808,9.34441483175855,156.233474936304,TRUE,NA
"sigma",33.96,-11.0376926678148,-3.4621020537652,-2.50447392564257,9.3464045877648,156.290659429134,TRUE,NA
"sigma",33.97,-11.039830092089,-3.4626724182442,-2.50503372524936,9.34839416289758,156.347848462194,TRUE,NA
"sigma",33.98,-11.0419673081657,-3.46324271918023,-2.5055934671097,9.35038355722513,156.4050420346,TRUE,NA
"sigma",33.99,-11.0441043161256,-3.46381295659922,-2.50615315124469,9.35237277081564,156.462240145465,TRUE,NA
"sigma",34,-11.0462411160495,-3.46438313052708,-2.5067127776754,9.35436180373725,156.519442793903,TRUE,NA
"sigma",34.01,-11.048377708018,-3.46495324098965,-2.50727234642287,9.35635065605809,156.576649979029,TRUE,NA
"sigma",34.02,-11.0505140921116,-3.46552328801284,-2.5078318575082,9.3583393278462,156.633861699957,TRUE,NA
"sigma",34.03,-11.052650268411,-3.4660932716225,-2.50839131095252,9.36032781916959,156.691077955805,TRUE,NA
"sigma",34.04,-11.0547862369965,-3.46666319184447,-2.50895070677683,9.36231613009621,156.748298745688,TRUE,NA
"sigma",34.05,-11.0569219979487,-3.46723304870454,-2.50951004500209,9.36430426069406,156.805524068721,TRUE,NA
"sigma",34.06,-11.0590575513478,-3.46780284222851,-2.51006932564938,9.36629221103091,156.862753924024,TRUE,NA
"sigma",34.07,-11.0611928972743,-3.46837257244216,-2.51062854873971,9.36827998117466,156.919988310711,TRUE,NA
"sigma",34.08,-11.0633280358083,-3.46894223937126,-2.51118771429406,9.37026757119308,156.977227227901,TRUE,NA
"sigma",34.09,-11.0654629670301,-3.46951184304154,-2.51174682233342,9.3722549811539,157.034470674714,TRUE,NA
"sigma",34.1,-11.0675976910198,-3.47008138347877,-2.51230587287877,9.37424221112482,157.091718650266,TRUE,NA
"sigma",34.11,-11.0697322078575,-3.47065086070861,-2.51286486595104,9.3762292611735,157.148971153678,TRUE,NA
"sigma",34.12,-11.0718665176233,-3.47122027475672,-2.51342380157115,9.37821613136756,157.206228184068,TRUE,NA
"sigma",34.13,-11.0740006203972,-3.47178962564887,-2.51398267976011,9.38020282177452,157.263489740557,TRUE,NA
"sigma",34.14,-11.076134516259,-3.4723589134106,-2.51454150053878,9.38218933246195,157.320755822265,TRUE,NA
"sigma",34.15,-11.0782682052888,-3.47292813806765,-2.51510026392808,9.38417566349726,157.378026428312,TRUE,NA
"sigma",34.16,-11.0804016875662,-3.4734972996456,-2.51565896994892,9.38616181494794,157.435301557821,TRUE,NA
"sigma",34.17,-11.0825349631712,-3.47406639817002,-2.51621761862217,9.38814778688132,157.492581209912,TRUE,NA
"sigma",34.18,-11.0846680321834,-3.47463543366656,-2.51677620996866,9.39013357936476,157.549865383708,TRUE,NA
"sigma",34.19,-11.0868008946825,-3.47520440616075,-2.51733474400936,9.39211919246555,157.607154078332,TRUE,NA
"sigma",34.2,-11.088933550748,-3.4757733156781,-2.51789322076497,9.39410462625094,157.664447292905,TRUE,NA
"sigma",34.21,-11.0910660004597,-3.47634216224425,-2.51845164025644,9.39608988078814,157.721745026553,TRUE,NA
"sigma",34.22,-11.0931982438969,-3.47691094588459,-2.51901000250451,9.3980749561443,157.779047278397,TRUE,NA
"sigma",34.23,-11.0953302811391,-3.47747966662467,-2.51956830753002,9.40005985238655,157.836354047563,TRUE,NA
"sigma",34.24,-11.0974621122658,-3.47804832448999,-2.52012655535378,9.40204456958194,157.893665333175,TRUE,NA
"sigma",34.25,-11.0995937373563,-3.47861691950599,-2.52068474599651,9.4040291077975,157.950981134359,TRUE,NA
"sigma",34.26,-11.1017251564898,-3.47918545169811,-2.52124287947905,9.40601346710022,158.008301450239,TRUE,NA
"sigma",34.27,-11.1038563697457,-3.47975392109178,-2.52180095582214,9.40799764755703,158.065626279942,TRUE,NA
"sigma",34.28,-11.1059873772031,-3.4803223277124,-2.52235897504651,9.40998164923482,158.122955622594,TRUE,NA
"sigma",34.29,-11.1081181789411,-3.48089067158542,-2.52291693717292,9.41196547220043,158.180289477322,TRUE,NA
"sigma",34.3,-11.1102487750389,-3.48145895273612,-2.52347484222206,9.41394911652071,158.237627843252,TRUE,NA
"sigma",34.31,-11.1123791655754,-3.48202717118994,-2.52403269021465,9.41593258226236,158.294970719515,TRUE,NA
"sigma",34.32,-11.1145093506297,-3.48259532697215,-2.52459048117135,9.41791586949215,158.352318105234,TRUE,NA
"sigma",34.33,-11.1166393302806,-3.48316342010813,-2.52514821511292,9.41989897827669,158.409669999542,TRUE,NA
"sigma",34.34,-11.1187691046071,-3.48373145062317,-2.52570589206,9.42188190868268,158.467026401566,TRUE,NA
"sigma",34.35,-11.1208986736879,-3.48429941854252,-2.5262635120332,9.42386466077668,158.524387310434,TRUE,NA
"sigma",34.36,-11.1230280376019,-3.4848673238915,-2.52682107505322,9.42584723462519,158.581752725279,TRUE,NA
"sigma",34.37,-11.1251571964278,-3.48543516669535,-2.52737858114072,9.42782963029474,158.639122645228,TRUE,NA
"sigma",34.38,-11.127286150244,-3.48600294697923,-2.52793603031617,9.4298118478518,158.696497069413,TRUE,NA
"sigma",34.39,-11.1294148991295,-3.48657066476851,-2.52849342260044,9.43179388736272,158.753875996965,TRUE,NA
"sigma",34.4,-11.1315434431626,-3.48713832008825,-2.52905075801387,9.43377574889393,158.811259427016,TRUE,NA
"sigma",34.41,-11.1336717824218,-3.48770591296371,-2.52960803657723,9.43575743251172,158.868647358696,TRUE,NA
"sigma",34.42,-11.1357999169857,-3.48827344342001,-2.53016525831096,9.43773893828236,158.926039791139,TRUE,NA
"sigma",34.43,-11.1379278469326,-3.48884091148237,-2.5307224232357,9.4397202662721,158.983436723477,TRUE,NA
"sigma",34.44,-11.1400555723409,-3.48940831717587,-2.53127953137198,9.44170141654711,159.040838154844,TRUE,NA
"sigma",34.45,-11.1421830932889,-3.48997566052561,-2.53183658274036,9.44368238917358,159.098244084372,TRUE,NA
"sigma",34.46,-11.1443104098547,-3.49054294155673,-2.53239357736132,9.44566318421757,159.155654511196,TRUE,NA
"sigma",34.47,-11.1464375221167,-3.49111016029427,-2.53295051525536,9.44764380174515,159.21306943445,TRUE,NA
"sigma",34.48,-11.1485644301528,-3.49167731676333,-2.53350739644306,9.44962424182235,159.270488853269,TRUE,NA
"sigma",34.49,-11.1506911340413,-3.49224441098893,-2.53406422094486,9.45160450451513,159.327912766788,TRUE,NA
"sigma",34.5,-11.1528176338602,-3.4928114429961,-2.53462098878121,9.45358458988943,159.385341174143,TRUE,NA
"sigma",34.51,-11.1549439296874,-3.4933784128099,-2.53517769997263,9.45556449801112,159.44277407447,TRUE,NA
"sigma",34.52,-11.1570700216008,-3.49394532045526,-2.53573435453954,9.45754422894605,159.500211466904,TRUE,NA
"sigma",34.53,-11.1591959096784,-3.49451216595719,-2.53629095250235,9.45952378276002,159.557653350584,TRUE,NA
"sigma",34.54,-11.161321593998,-3.49507894934065,-2.53684749388155,9.46150315951881,159.615099724647,TRUE,NA
"sigma",34.55,-11.1634470746373,-3.49564567063059,-2.53740397869752,9.46348235928809,159.672550588229,TRUE,NA
"sigma",34.56,-11.1655723516741,-3.49621232985191,-2.53796040697065,9.46546138213357,159.730005940469,TRUE,NA
"sigma",34.57,-11.1676974251861,-3.49677892702957,-2.53851677872141,9.46744022812084,159.787465780507,TRUE,NA
"sigma",34.58,-11.1698222952507,-3.49734546218841,-2.53907309397009,9.46941889731551,159.844930107481,TRUE,NA
"sigma",34.59,-11.1719469619458,-3.49791193535333,-2.53962935273706,9.47139738978311,159.902398920529,TRUE,NA
"sigma",34.6,-11.1740714253486,-3.49847834654921,-2.54018555504273,9.47337570558915,159.959872218793,TRUE,NA
"sigma",34.61,-11.1761956855368,-3.49904469580082,-2.54074170090736,9.47535384479909,160.017350001411,TRUE,NA
"sigma",34.62,-11.1783197425877,-3.49961098313309,-2.54129779035142,9.4773318074783,160.074832267526,TRUE,NA
"sigma",34.63,-11.1804435965786,-3.50017720857074,-2.54185382339508,9.4793095936922,160.132319016276,TRUE,NA
"sigma",34.64,-11.182567247587,-3.50074337213861,-2.54240980005874,9.48128720350609,160.189810246806,TRUE,NA
"sigma",34.65,-11.1846906956901,-3.50130947386147,-2.54296572036266,9.48326463698527,160.247305958256,TRUE,NA
"sigma",34.66,-11.1868139409649,-3.50187551376404,-2.54352158432712,9.48524189419497,160.304806149767,TRUE,NA
"sigma",34.67,-11.1889369834888,-3.50244149187114,-2.54407739197244,9.48721897520037,160.362310820484,TRUE,NA
"sigma",34.68,-11.1910598233389,-3.50300740820743,-2.54463314331881,9.48919588006666,160.41981996955,TRUE,NA
"sigma",34.69,-11.1931824605921,-3.50357326279763,-2.54518883838654,9.49117260885893,160.477333596107,TRUE,NA
"sigma",34.7,-11.1953048953255,-3.5041390556664,-2.54574447719576,9.49314916164229,160.534851699299,TRUE,NA
"sigma",34.71,-11.197427127616,-3.50470478683853,-2.54630005976686,9.49512553848172,160.592374278272,TRUE,NA
"sigma",34.72,-11.1995491575406,-3.50527045633849,-2.54685558611988,9.49710173944222,160.649901332168,TRUE,NA
"sigma",34.73,-11.2016709851761,-3.50583606419112,-2.54741105627517,9.49907776458875,160.707432860136,TRUE,NA
"sigma",34.74,-11.2037926105992,-3.50640161042092,-2.54796647025277,9.50105361398619,160.764968861318,TRUE,NA
"sigma",34.75,-11.2059140338868,-3.50696709505252,-2.54852182807297,9.50302928769941,160.822509334862,TRUE,NA
"sigma",34.76,-11.2080352551156,-3.50753251811052,-2.54907712975589,9.50500478579324,160.880054279913,TRUE,NA
"sigma",34.77,-11.2101562743621,-3.50809787961951,-2.54963237532169,9.50698010833243,160.93760369562,TRUE,NA
"sigma",34.78,-11.212277091703,-3.50866317960401,-2.55018756479051,9.5089552553817,160.995157581127,TRUE,NA
"sigma",34.79,-11.2143977072148,-3.5092284180886,-2.55074269818244,9.5109302270058,161.052715935585,TRUE,NA
"sigma",34.8,-11.2165181209741,-3.50979359509779,-2.55129777551767,9.51290502326932,161.11027875814,TRUE,NA
"sigma",34.81,-11.2186383330572,-3.51035871065608,-2.55185279681626,9.51487964423686,161.167846047941,TRUE,NA
"sigma",34.82,-11.2207583435406,-3.510923764788,-2.55240776209834,9.51685408997303,161.225417804136,TRUE,NA
"sigma",34.83,-11.2228781525006,-3.51148875751794,-2.5529626713839,9.51882836054233,161.282994025876,TRUE,NA
"sigma",34.84,-11.2249977600135,-3.51205368887042,-2.55351752469308,9.52080245600924,161.340574712308,TRUE,NA
"sigma",34.85,-11.2271171661556,-3.51261855886986,-2.5540723220459,9.52277637643818,161.398159862585,TRUE,NA
"sigma",34.86,-11.229236371003,-3.51318336754074,-2.55462706346251,9.52475012189358,161.455749475856,TRUE,NA
"sigma",34.87,-11.2313553746319,-3.51374811490741,-2.55518174896283,9.52672369243976,161.513343551272,TRUE,NA
"sigma",34.88,-11.2334741771183,-3.51431280099424,-2.55573637856688,9.52869708814105,161.570942087984,TRUE,NA
"sigma",34.89,-11.2355927785384,-3.5148774258257,-2.55629095229476,9.53067030906172,161.628545085145,TRUE,NA
"sigma",34.9,-11.2377111789681,-3.51544198942604,-2.55684547016636,9.532643355266,161.686152541905,TRUE,NA
"sigma",34.91,-11.2398293784834,-3.51600649181966,-2.55739993220174,9.53461622681806,161.743764457418,TRUE,NA
"sigma",34.92,-11.2419473771601,-3.5165709330309,-2.55795433842087,9.53658892378205,161.801380830837,TRUE,NA
"sigma",34.93,-11.2440651750741,-3.517135313084,-2.55850868884368,9.53856144622211,161.859001661313,TRUE,NA
"sigma",34.94,-11.2461827723012,-3.51769963200339,-2.55906298349017,9.54053379420223,161.916626948004,TRUE,NA
"sigma",34.95,-11.2483001689171,-3.51826388981321,-2.55961722238026,9.54250596778649,161.97425669006,TRUE,NA
"sigma",34.96,-11.2504173649975,-3.51882808653778,-2.56017140553382,9.54447796703885,162.031890886638,TRUE,NA
"sigma",34.97,-11.2525343606181,-3.51939222220131,-2.56072553297085,9.54644979202325,162.089529536892,TRUE,NA
"sigma",34.98,-11.2546511558545,-3.51995629682808,-2.56127960471119,9.54842144280357,162.147172639977,TRUE,NA
"sigma",34.99,-11.2567677507822,-3.5205203104423,-2.56183362077479,9.55039291944371,162.20482019505,TRUE,NA
"sigma",35,-11.2588841454766,-3.52108426306808,-2.56238758118149,9.55236422200739,162.262472201265,TRUE,NA
"sigma",35.01,-11.2610003400133,-3.5216481547297,-2.56294148595115,9.55433535055848,162.320128657781,TRUE,NA
"sigma",35.02,-11.2631163344677,-3.52221198545126,-2.56349533510368,9.55630630516067,162.377789563753,TRUE,NA
"sigma",35.03,-11.265232128915,-3.52277575525697,-2.5640491286589,9.55827708587763,162.43545491834,TRUE,NA
"sigma",35.04,-11.2673477234306,-3.52333946417089,-2.56460286663667,9.56024769277305,162.493124720697,TRUE,NA
"sigma",35.05,-11.2694631180898,-3.52390311221715,-2.56515654905672,9.56221812591049,162.550798969986,TRUE,NA
"sigma",35.06,-11.2715783129676,-3.52446669941988,-2.56571017593896,9.56418838535355,162.608477665362,TRUE,NA
"sigma",35.07,-11.2736933081394,-3.52503022580316,-2.56626374730316,9.56615847116574,162.666160805987,TRUE,NA
"sigma",35.08,-11.2758081036801,-3.52559369139101,-2.56681726316905,9.56812838341056,162.723848391017,TRUE,NA
"sigma",35.09,-11.2779226996648,-3.52615709620753,-2.56737072355654,9.57009812215141,162.781540419615,TRUE,NA
"sigma",35.1,-11.2800370961686,-3.52672044027673,-2.56792412848528,9.57206768745177,162.839236890939,TRUE,NA
"sigma",35.11,-11.2821512932663,-3.52728372362262,-2.56847747797506,9.5740370793749,162.896937804151,TRUE,NA
"sigma",35.12,-11.2842652910329,-3.52784694626922,-2.56903077204563,9.57600629798418,162.95464315841,TRUE,NA
"sigma",35.13,-11.2863790895433,-3.5284101082405,-2.56958401071668,9.5779753433429,163.012352952879,TRUE,NA
"sigma",35.14,-11.2884926888721,-3.52897320956042,-2.570137194008,9.57994421551425,163.07006718672,TRUE,NA
"sigma",35.15,-11.2906060890943,-3.52953625025299,-2.57069032193926,9.58191291456146,163.127785859094,TRUE,NA
"sigma",35.16,-11.2927192902845,-3.53009923034208,-2.57124339453014,9.58388144054769,163.185508969163,TRUE,NA
"sigma",35.17,-11.2948322925173,-3.53066214985161,-2.5717964118003,9.58584979353602,163.243236516091,TRUE,NA
"sigma",35.18,-11.2969450958674,-3.53122500880552,-2.57234937376948,9.58781797358956,163.300968499042,TRUE,NA
"sigma",35.19,-11.2990577004093,-3.53178780722774,-2.57290228045735,9.58978598077132,163.358704917178,TRUE,NA
"sigma",35.2,-11.3011701062175,-3.53235054514206,-2.57345513188349,9.59175381514432,163.416445769665,TRUE,NA
"sigma",35.21,-11.3032823133666,-3.53291322257236,-2.57400792806759,9.59372147677148,163.474191055666,TRUE,NA
"sigma",35.22,-11.3053943219308,-3.53347583954247,-2.5745606690292,9.59568896571576,163.531940774346,TRUE,NA
"sigma",35.23,-11.3075061319847,-3.53403839607625,-2.57511335478804,9.59765628203998,163.589694924871,TRUE,NA
"sigma",35.24,-11.3096177436024,-3.53460089219751,-2.57566598536367,9.59962342580699,163.647453506407,TRUE,NA
"sigma",35.25,-11.3117291568583,-3.53516332793005,-2.57621856077571,9.60159039707959,163.705216518119,TRUE,NA
"sigma",35.26,-11.3138403718266,-3.53572570329759,-2.57677108104367,9.60355719592053,163.762983959174,TRUE,NA
"sigma",35.27,-11.3159513885815,-3.5362880183239,-2.57732354618712,9.6055238223925,163.820755828739,TRUE,NA
"sigma",35.28,-11.318062207197,-3.5368502730328,-2.57787595622572,9.60749027655822,163.878532125981,TRUE,NA
"sigma",35.29,-11.3201728277473,-3.53741246744796,-2.57842831117896,9.60945655848024,163.936312850068,TRUE,NA
"sigma",35.3,-11.3222832503063,-3.53797460159307,-2.57898061106634,9.61142266822122,163.994098000168,TRUE,NA
"sigma",35.31,-11.3243934749482,-3.53853667549189,-2.57953285590742,9.61338860584367,164.051887575449,TRUE,NA
"sigma",35.32,-11.3265035017467,-3.53909868916808,-2.58008504572175,9.61535437141011,164.10968157508,TRUE,NA
"sigma",35.33,-11.3286133307758,-3.53966064264528,-2.58063718052874,9.61731996498302,164.167479998231,TRUE,NA
"sigma",35.34,-11.3307229621093,-3.54022253594715,-2.58118926034795,9.61928538662481,164.225282844071,TRUE,NA
"sigma",35.35,-11.332832395821,-3.54078436909736,-2.58174128519883,9.62125063639788,164.28309011177,TRUE,NA
"sigma",35.36,-11.3349416319846,-3.54134614211949,-2.58229325510086,9.62321571436458,164.340901800498,TRUE,NA
"sigma",35.37,-11.3370506706739,-3.54190785503716,-2.58284517007351,9.62518062058721,164.398717909427,TRUE,NA
"sigma",35.38,-11.3391595119624,-3.54246950787395,-2.58339703013617,9.62714535512804,164.456538437727,TRUE,NA
"sigma",35.39,-11.3412681559238,-3.54303110065344,-2.58394883530835,9.62910991804931,164.514363384571,TRUE,NA
"sigma",35.4,-11.3433766026316,-3.54359263339918,-2.5845005856094,9.63107430941319,164.572192749129,TRUE,NA
"sigma",35.41,-11.3454848521593,-3.54415410613473,-2.5850522810588,9.63303852928186,164.630026530576,TRUE,NA
"sigma",35.42,-11.3475929045803,-3.54471551888357,-2.58560392167587,9.63500257771739,164.687864728082,TRUE,NA
"sigma",35.43,-11.3497007599681,-3.54527687166926,-2.58615550748007,9.63696645478187,164.745707340821,TRUE,NA
"sigma",35.44,-11.3518084183961,-3.54583816451524,-2.58670703849072,9.63893016053733,164.803554367968,TRUE,NA
"sigma",35.45,-11.3539158799374,-3.54639939744507,-2.58725851472727,9.64089369504576,164.861405808696,TRUE,NA
"sigma",35.46,-11.3560231446655,-3.54696057048212,-2.58780993620896,9.64285705836912,164.919261662178,TRUE,NA
"sigma",35.47,-11.3581302126534,-3.54752168364987,-2.58836130295519,9.64482025056931,164.97712192759,TRUE,NA
"sigma",35.48,-11.3602370839744,-3.54808273697178,-2.58891261498534,9.6467832717082,165.034986604108,TRUE,NA
"sigma",35.49,-11.3623437587016,-3.54864373047121,-2.58946387231863,9.64874612184762,165.092855690906,TRUE,NA
"sigma",35.5,-11.3644502369081,-3.54920466417163,-2.59001507497445,9.65070880104936,165.15072918716,TRUE,NA
"sigma",35.51,-11.3665565186668,-3.54976553809637,-2.59056622297212,9.65267130937519,165.208607092047,TRUE,NA
"sigma",35.52,-11.3686626040508,-3.55032635226879,-2.59111731633079,9.65463364688681,165.266489404743,TRUE,NA
"sigma",35.53,-11.3707684931329,-3.55088710671233,-2.59166835506988,9.65659581364589,165.324376124425,TRUE,NA
"sigma",35.54,-11.3728741859862,-3.55144780145021,-2.59221933920859,9.65855780971407,165.382267250271,TRUE,NA
"sigma",35.55,-11.3749796826833,-3.55200843650585,-2.59277026876621,9.66051963515295,165.440162781458,TRUE,NA
"sigma",35.56,-11.3770849832971,-3.55256901190252,-2.59332114376192,9.66248129002408,165.498062717165,TRUE,NA
"sigma",35.57,-11.3791900879004,-3.5531295276635,-2.59387196421498,9.66444277438897,165.55596705657,TRUE,NA
"sigma",35.58,-11.3812949965657,-3.55368998381205,-2.59442273014464,9.66640408830912,165.613875798852,TRUE,NA
"sigma",35.59,-11.3833997093659,-3.55425038037146,-2.59497344157005,9.66836523184595,165.671788943191,TRUE,NA
"sigma",35.6,-11.3855042263734,-3.55481071736499,-2.59552409851049,9.67032620506086,165.729706488766,TRUE,NA
"sigma",35.61,-11.3876085476608,-3.55537099481579,-2.59607470098504,9.67228700801522,165.787628434758,TRUE,NA
"sigma",35.62,-11.3897126733007,-3.55593121274718,-2.59662524901295,9.67424764077035,165.845554780346,TRUE,NA
"sigma",35.63,-11.3918166033654,-3.55649137118235,-2.59717574261345,9.67620810338751,165.903485524713,TRUE,NA
"sigma",35.64,-11.3939203379275,-3.55705147014442,-2.59772618180557,9.67816839592799,165.961420667038,TRUE,NA
"sigma",35.65,-11.3960238770592,-3.55761150965656,-2.59827656660846,9.68012851845293,166.019360206503,TRUE,NA
"sigma",35.66,-11.3981272208329,-3.55817148974196,-2.59882689704133,9.68208847102353,166.077304142291,TRUE,NA
"sigma",35.67,-11.4002303693208,-3.55873141042375,-2.59937717312324,9.68404825370094,166.135252473584,TRUE,NA
"sigma",35.68,-11.4023333225952,-3.55929127172502,-2.59992739487325,9.68600786654622,166.193205199566,TRUE,NA
"sigma",35.69,-11.4044360807283,-3.55985107366897,-2.60047756231064,9.68796730962039,166.251162319418,TRUE,NA
"sigma",35.7,-11.4065386437922,-3.56041081627858,-2.60102767545434,9.68992658298452,166.309123832325,TRUE,NA
"sigma",35.71,-11.4086410118589,-3.56097049957699,-2.60157773432348,9.69188568669954,166.36708973747,TRUE,NA
"sigma",35.72,-11.4107431850006,-3.56153012358726,-2.60212773893709,9.6938446208264,166.425060034038,TRUE,NA
"sigma",35.73,-11.4128451632892,-3.56208968833237,-2.60267768931422,9.695803385426,166.483034721214,TRUE,NA
"sigma",35.74,-11.4149469467966,-3.56264919383545,-2.603227585474,9.69776198055916,166.541013798182,TRUE,NA
"sigma",35.75,-11.4170485355949,-3.56320864011945,-2.60377742743532,9.69972040628672,166.598997264128,TRUE,NA
"sigma",35.76,-11.4191499297557,-3.56376802720738,-2.60432721521734,9.70167866266947,166.656985118239,TRUE,NA
"sigma",35.77,-11.4212511293509,-3.56432735512226,-2.60487694883902,9.70363674976814,166.714977359699,TRUE,NA
"sigma",35.78,-11.4233521344523,-3.56488662388702,-2.60542662831934,9.70559466764341,166.772973987697,TRUE,NA
"sigma",35.79,-11.4254529451316,-3.56544583352464,-2.60597625367731,9.70755241635596,166.830975001417,TRUE,NA
"sigma",35.8,-11.4275535614605,-3.56600498405804,-2.60652582493188,9.70950999596643,166.888980400049,TRUE,NA
"sigma",35.81,-11.4296539835106,-3.56656407551015,-2.60707534210205,9.71146740653537,166.94699018278,TRUE,NA
"sigma",35.82,-11.4317542113535,-3.5671231079039,-2.60762480520675,9.71342464812335,167.005004348797,TRUE,NA
"sigma",35.83,-11.4338542450606,-3.56768208126217,-2.60817421426493,9.71538172079086,167.063022897291,TRUE,NA
"sigma",35.84,-11.4359540847036,-3.56824099560782,-2.60872356929551,9.7173386245984,167.121045827448,TRUE,NA
"sigma",35.85,-11.4380537303537,-3.56879985096376,-2.60927287031745,9.7192953596064,167.179073138459,TRUE,NA
"sigma",35.86,-11.4401531820825,-3.56935864735281,-2.60982211734963,9.72125192587521,167.237104829513,TRUE,NA
"sigma",35.87,-11.4422524399613,-3.5699173847978,-2.61037131041097,9.72320832346524,167.2951408998,TRUE,NA
"sigma",35.88,-11.4443515040613,-3.57047606332155,-2.61092044952035,9.72516455243677,167.353181348511,TRUE,NA
"sigma",35.89,-11.4464503744539,-3.57103468294687,-2.61146953469663,9.72712061285009,167.411226174835,TRUE,NA
"sigma",35.9,-11.4485490512102,-3.57159324369655,-2.6120185659587,9.72907650476546,167.469275377965,TRUE,NA
"sigma",35.91,-11.4506475344014,-3.57215174559339,-2.6125675433254,9.73103222824307,167.527328957093,TRUE,NA
"sigma",35.92,-11.4527458240986,-3.5727101886601,-2.61311646681563,9.73298778334308,167.585386911409,TRUE,NA
"sigma",35.93,-11.454843920373,-3.57326857291948,-2.61366533644816,9.7349431701256,167.643449240106,TRUE,NA
"sigma",35.94,-11.4569418232955,-3.57382689839421,-2.61421415224187,9.73689838865074,167.701515942376,TRUE,NA
"sigma",35.95,-11.459039532937,-3.57438516510703,-2.61476291421552,9.73885343897856,167.759587017413,TRUE,NA
"sigma",35.96,-11.4611370493686,-3.57494337308065,-2.61531162238795,9.74080832116906,167.817662464411,TRUE,NA
"sigma",35.97,-11.4632343726612,-3.57550152233773,-2.61586027677793,9.74276303528224,167.875742282562,TRUE,NA
"sigma",35.98,-11.4653315028856,-3.57605961290092,-2.61640887740423,9.74471758137802,167.933826471061,TRUE,NA
"sigma",35.99,-11.4674284401126,-3.57661764479294,-2.61695742428566,9.74667195951627,167.991915029103,TRUE,NA
"sigma",36,-11.4695251844129,-3.57717561803638,-2.61750591744096,9.74862616975691,168.050007955881,TRUE,NA
"sigma",36.01,-11.4716217358573,-3.57773353265392,-2.61805435688891,9.7505802121597,168.108105250593,TRUE,NA
"sigma",36.02,-11.4737180945164,-3.5782913886681,-2.61860274264817,9.75253408678449,168.166206912432,TRUE,NA
"sigma",36.03,-11.4758142604608,-3.57884918610154,-2.61915107473751,9.75448779369099,168.224312940596,TRUE,NA
"sigma",36.04,-11.4779102337612,-3.57940692497684,-2.61969935317569,9.75644133293893,168.282423334279,TRUE,NA
"sigma",36.05,-11.480006014488,-3.57996460531658,-2.62024757798134,9.75839470458797,168.340538092681,TRUE,NA
"sigma",36.06,-11.4821016027118,-3.58052222714325,-2.6207957491732,9.76034790869776,168.398657214996,TRUE,NA
"sigma",36.07,-11.4841969985029,-3.58107979047946,-2.62134386677001,9.76230094532788,168.456780700424,TRUE,NA
"sigma",36.08,-11.4862922019319,-3.58163729534769,-2.62189193079034,9.76425381453792,168.514908548161,TRUE,NA
"sigma",36.09,-11.4883872130689,-3.58219474177044,-2.62243994125287,9.76620651638739,168.573040757405,TRUE,NA
"sigma",36.1,-11.4904820319844,-3.58275212977021,-2.62298789817627,9.76815905093576,168.631177327357,TRUE,NA
"sigma",36.11,-11.4925766587486,-3.5833094593695,-2.62353580157922,9.77011141824251,168.689318257214,TRUE,NA
"sigma",36.12,-11.4946710934318,-3.58386673059077,-2.62408365148034,9.77206361836704,168.747463546176,TRUE,NA
"sigma",36.13,-11.496765336104,-3.58442394345643,-2.62463144789818,9.77401565136871,168.805613193442,TRUE,NA
"sigma",36.14,-11.4988593868354,-3.58498109798895,-2.62517919085142,9.77596751730687,168.863767198212,TRUE,NA
"sigma",36.15,-11.5009532456961,-3.58553819421075,-2.62572688035862,9.77791921624084,168.921925559687,TRUE,NA
"sigma",36.16,-11.5030469127562,-3.58609523214421,-2.62627451643839,9.77987074822985,168.980088277069,TRUE,NA
"sigma",36.17,-11.5051403880855,-3.58665221181178,-2.62682209910931,9.78182211333312,169.038255349558,TRUE,NA
"sigma",36.18,-11.5072336717542,-3.58720913323574,-2.62736962838995,9.78377331160988,169.096426776354,TRUE,NA
"sigma",36.19,-11.5093267638321,-3.58776599643855,-2.6279171042989,9.78572434311923,169.154602556661,TRUE,NA
"sigma",36.2,-11.5114196643889,-3.58832280144247,-2.62846452685458,9.78767520792035,169.212782689681,TRUE,NA
"sigma",36.21,-11.5135123734947,-3.58887954826987,-2.62901189607563,9.78962590607226,169.270967174616,TRUE,NA
"sigma",36.22,-11.5156048912191,-3.58943623694309,-2.62955921198058,9.79157643763402,169.329156010669,TRUE,NA
"sigma",36.23,-11.5176972176318,-3.58999286748439,-2.63010647458788,9.79352680266465,169.387349197044,TRUE,NA
"sigma",36.24,-11.5197893528026,-3.59054943991609,-2.63065368391609,9.7954770012231,169.445546732945,TRUE,NA
"sigma",36.25,-11.5218812968011,-3.59110595426045,-2.63120083998368,9.79742703336831,169.503748617575,TRUE,NA
"sigma",36.26,-11.5239730496968,-3.59166241053971,-2.63174794280912,9.79937689915914,169.561954850138,TRUE,NA
"sigma",36.27,-11.5260646115594,-3.59221880877618,-2.63229499241094,9.80132659865448,169.620165429842,TRUE,NA
"sigma",36.28,-11.5281559824583,-3.59277514899201,-2.63284198880747,9.80327613191315,169.678380355889,TRUE,NA
"sigma",36.29,-11.530247162463,-3.59333143120947,-2.63338893201733,9.8052254989939,169.736599627485,TRUE,NA
"sigma",36.3,-11.5323381516429,-3.59388765545073,-2.63393582205887,9.80717469995551,169.794823243838,TRUE,NA
"sigma",36.31,-11.5344289500673,-3.59444382173799,-2.63448265895046,9.8091237348567,169.853051204151,TRUE,NA
"sigma",36.32,-11.5365195578057,-3.59499993009343,-2.63502944271069,9.81107260375608,169.911283507634,TRUE,NA
"sigma",36.33,-11.5386099749273,-3.59555598053918,-2.63557617335777,9.81302130671234,169.969520153492,TRUE,NA
"sigma",36.34,-11.5407002015014,-3.59611197309741,-2.63612285091021,9.81496984378409,170.027761140933,TRUE,NA
"sigma",36.35,-11.5427902375971,-3.5966679077903,-2.63666947538645,9.81691821502983,170.086006469166,TRUE,NA
"sigma",36.36,-11.5448800832835,-3.59722378463984,-2.63721604680471,9.81886642050814,170.144256137397,TRUE,NA
"sigma",36.37,-11.5469697386299,-3.59777960366823,-2.63776256518348,9.8208144602775,170.202510144835,TRUE,NA
"sigma",36.38,-11.5490592037053,-3.59833536489752,-2.63830903054109,9.82276233439633,170.260768490689,TRUE,NA
"sigma",36.39,-11.5511484785786,-3.59889106834976,-2.6388554428958,9.82471004292308,170.319031174169,TRUE,NA
"sigma",36.4,-11.553237563319,-3.59944671404707,-2.63940180226614,9.82665758591613,170.377298194484,TRUE,NA
"sigma",36.41,-11.5553264579952,-3.60000230201144,-2.6399481086702,9.82860496343383,170.435569550844,TRUE,NA
"sigma",36.42,-11.5574151626763,-3.60055783226494,-2.64049436212647,9.83055217553444,170.493845242459,TRUE,NA
"sigma",36.43,-11.559503677431,-3.60111330482952,-2.6410405626532,9.83249922227629,170.55212526854,TRUE,NA
"sigma",36.44,-11.5615920023281,-3.60166871972727,-2.64158671026867,9.83444610371756,170.610409628298,TRUE,NA
"sigma",36.45,-11.5636801374365,-3.60222407698008,-2.64213280499113,9.83639281991649,170.668698320944,TRUE,NA
"sigma",36.46,-11.5657680828248,-3.60277937660999,-2.64267884683889,9.83833937093125,170.72699134569,TRUE,NA
"sigma",36.47,-11.5678558385618,-3.60333461863893,-2.64322483583021,9.84028575681992,170.785288701748,TRUE,NA
"sigma",36.48,-11.569943404716,-3.60388980308884,-2.64377077198337,9.84223197764064,170.843590388331,TRUE,NA
"sigma",36.49,-11.572030781356,-3.60444492998167,-2.64431665531656,9.84417803345143,170.901896404651,TRUE,NA
"sigma",36.5,-11.5741179685504,-3.60499999933937,-2.64486248584807,9.84612392431032,170.960206749922,TRUE,NA
"sigma",36.51,-11.5762049663677,-3.60555501118373,-2.64540826359607,9.84806965027527,171.018521423357,TRUE,NA
"sigma",36.52,-11.5782917748764,-3.60610996553673,-2.64595398857877,9.85001521140427,171.07684042417,TRUE,NA
"sigma",36.53,-11.5803783941448,-3.6066648624202,-2.64649966081439,9.8519606077552,171.135163751575,TRUE,NA
"sigma",36.54,-11.5824648242413,-3.60721970185603,-2.64704528032115,9.85390583938593,171.193491404787,TRUE,NA
"sigma",36.55,-11.5845510652343,-3.60777448386607,-2.64759084711718,9.85585090635431,171.251823383022,TRUE,NA
"sigma",36.56,-11.586637117192,-3.60832920847208,-2.64813636122062,9.85779580871814,171.310159685492,TRUE,NA
"sigma",36.57,-11.5887229801828,-3.60888387569596,-2.64868182264969,9.8597405465352,171.368500311416,TRUE,NA
"sigma",36.58,-11.5908086542747,-3.60943848555948,-2.64922723142257,9.86168511986317,171.42684526001,TRUE,NA
"sigma",36.59,-11.592894139536,-3.6099930380844,-2.6497725875573,9.8636295287598,171.485194530488,TRUE,NA
"sigma",36.6,-11.5949794360348,-3.61054753329252,-2.65031789107203,9.86557377328274,171.543548122069,TRUE,NA
"sigma",36.61,-11.597064543839,-3.6111019712056,-2.65086314198494,9.86751785348958,171.601906033969,TRUE,NA
"sigma",36.62,-11.5991494630169,-3.61165635184538,-2.65140834031408,9.86946176943794,171.660268265406,TRUE,NA
"sigma",36.63,-11.6012341936363,-3.61221067523362,-2.65195348607758,9.87140552118535,171.718634815596,TRUE,NA
"sigma",36.64,-11.6033187357652,-3.61276494139201,-2.65249857929351,9.87334910878935,171.777005683761,TRUE,NA
"sigma",36.65,-11.6054030894715,-3.61331915034223,-2.65304361997994,9.8752925323074,171.835380869116,TRUE,NA
"sigma",36.66,-11.6074872548231,-3.61387330210602,-2.65358860815499,9.87723579179697,171.893760370881,TRUE,NA
"sigma",36.67,-11.6095712318877,-3.61442739670502,-2.65413354383658,9.87917888731542,171.952144188276,TRUE,NA
"sigma",36.68,-11.6116550207332,-3.61498143416089,-2.6546784270429,9.88112181892017,172.01053232052,TRUE,NA
"sigma",36.69,-11.6137386214273,-3.61553541449533,-2.65522325779194,9.88306458666854,172.068924766832,TRUE,NA
"sigma",36.7,-11.6158220340376,-3.61608933772991,-2.65576803610167,9.88500719061783,172.127321526434,TRUE,NA
"sigma",36.71,-11.6179052586319,-3.61664320388629,-2.65631276199019,9.88694963082533,172.185722598547,TRUE,NA
"sigma",36.72,-11.6199882952777,-3.61719701298606,-2.65685743547545,9.88889190734823,172.24412798239,TRUE,NA
"sigma",36.73,-11.6220711440425,-3.61775076505082,-2.65740205657545,9.89083402024378,172.302537677185,TRUE,NA
"sigma",36.74,-11.6241538049939,-3.61830446010214,-2.65794662530816,9.8927759695691,172.360951682155,TRUE,NA
"sigma",36.75,-11.6262362781995,-3.6188580981616,-2.65849114169164,9.89471775538133,172.419369996521,TRUE,NA
"sigma",36.76,-11.6283185637265,-3.61941167925073,-2.65903560574376,9.89665937773755,172.477792619506,TRUE,NA
"sigma",36.77,-11.6304006616424,-3.61996520339105,-2.65958001748248,9.89860083669484,172.536219550332,TRUE,NA
"sigma",36.78,-11.6324825720145,-3.62051867060413,-2.66012437692578,9.90054213231018,172.594650788222,TRUE,NA
"sigma",36.79,-11.6345642949103,-3.62107208091149,-2.66066868409162,9.90248326464061,172.653086332402,TRUE,NA
"sigma",36.8,-11.6366458303968,-3.62162543433456,-2.66121293899785,9.90442423374303,172.711526182092,TRUE,NA
"sigma",36.81,-11.6387271785414,-3.62217873089484,-2.66175714166238,9.9063650396744,172.769970336519,TRUE,NA
"sigma",36.82,-11.6408083394113,-3.62273197061385,-2.6623012921032,9.90830568249156,172.828418794907,TRUE,NA
"sigma",36.83,-11.6428893130734,-3.62328515351298,-2.66284539033813,9.91024616225136,172.88687155648,TRUE,NA
"sigma",36.84,-11.6449700995951,-3.62383827961372,-2.66338943638511,9.91218647901064,172.945328620463,TRUE,NA
"sigma",36.85,-11.6470506990433,-3.62439134893746,-2.66393343026192,9.91412663282614,173.003789986084,TRUE,NA
"sigma",36.86,-11.649131111485,-3.62494436150563,-2.66447737198652,9.91606662375462,173.062255652567,TRUE,NA
"sigma",36.87,-11.6512113369872,-3.6254973173396,-2.66502126157669,9.91800645185279,173.120725619139,TRUE,NA
"sigma",36.88,-11.6532913756168,-3.62605021646081,-2.66556509905032,9.91994611717731,173.179199885026,TRUE,NA
"sigma",36.89,-11.6553712274408,-3.6266030588906,-2.66610888442522,9.92188561978481,173.237678449455,TRUE,NA
"sigma",36.9,-11.657450892526,-3.62715584465032,-2.66665261771926,9.92382495973189,173.296161311654,TRUE,NA
"sigma",36.91,-11.6595303709391,-3.62770857376133,-2.66719629895014,9.92576413707514,173.354648470851,TRUE,NA
"sigma",36.92,-11.6616096627469,-3.62826124624498,-2.66773992813581,9.92770315187104,173.413139926272,TRUE,NA
"sigma",36.93,-11.6636887680163,-3.62881386212253,-2.66828350529394,9.92964200417614,173.471635677149,TRUE,NA
"sigma",36.94,-11.6657676868137,-3.62936642141536,-2.66882703044238,9.93158069404686,173.530135722707,TRUE,NA
"sigma",36.95,-11.667846419206,-3.62991892414467,-2.66937050359885,9.93351922153967,173.588640062177,TRUE,NA
"sigma",36.96,-11.6699249652596,-3.63047137033181,-2.66991392478118,9.93545758671093,173.647148694789,TRUE,NA
"sigma",36.97,-11.6720033250411,-3.63102375999799,-2.67045729400705,9.937395789617,173.705661619771,TRUE,NA
"sigma",36.98,-11.6740814986171,-3.63157609316448,-2.67100061129421,9.93933383031421,173.764178836354,TRUE,NA
"sigma",36.99,-11.676159486054,-3.63212836985253,-2.67154387666045,9.94127170885885,173.822700343769,TRUE,NA
"sigma",37,-11.6782372874183,-3.63268059008338,-2.67208709012345,9.94320942530718,173.881226141247,TRUE,NA
"sigma",37.01,-11.6803149027763,-3.63323275387818,-2.67263025170095,9.9451469797154,173.939756228017,TRUE,NA
"sigma",37.02,-11.6823923321944,-3.63378486125817,-2.67317336141062,9.94708437213971,173.998290603313,TRUE,NA
"sigma",37.03,-11.6844695757388,-3.63433691224451,-2.67371641927016,9.94902160263625,174.056829266366,TRUE,NA
"sigma",37.04,-11.686546633476,-3.63488890685834,-2.67425942529723,9.95095867126114,174.115372216408,TRUE,NA
"sigma",37.05,-11.688623505472,-3.6354408451209,-2.67480237950959,9.95289557807048,174.173919452673,TRUE,NA
"sigma",37.06,-11.6907001917931,-3.63599272705324,-2.67534528192481,9.95483232312027,174.232470974391,TRUE,NA
"sigma",37.07,-11.6927766925054,-3.63654455267653,-2.67588813256055,9.95676890646658,174.291026780798,TRUE,NA
"sigma",37.08,-11.694853007675,-3.6370963220119,-2.6764309314345,9.95870532816535,174.349586871126,TRUE,NA
"sigma",37.09,-11.696929137368,-3.63764803508043,-2.67697367856429,9.96064158827254,174.408151244609,TRUE,NA
"sigma",37.1,-11.6990050816504,-3.6381996919032,-2.67751637396749,9.96257768684406,174.466719900482,TRUE,NA
"sigma",37.11,-11.7010808405882,-3.63875129250123,-2.6780590176617,9.96451362393577,174.525292837979,TRUE,NA
"sigma",37.12,-11.7031564142472,-3.63930283689571,-2.67860160966462,9.96644939960354,174.583870056336,TRUE,NA
"sigma",37.13,-11.7052318026935,-3.63985432510759,-2.67914414999377,9.96838501390316,174.642451554788,TRUE,NA
"sigma",37.14,-11.7073070059929,-3.64040575715791,-2.67968663866674,9.97032046689041,174.701037332569,TRUE,NA
"sigma",37.15,-11.7093820242111,-3.64095713306776,-2.68022907570113,9.97225575862101,174.759627388918,TRUE,NA
"sigma",37.16,-11.711456857414,-3.64150845285805,-2.68077146111447,9.97419088915071,174.818221723068,TRUE,NA
"sigma",37.17,-11.7135315056672,-3.64205971654985,-2.68131379492437,9.97612585853511,174.876820334258,TRUE,NA
"sigma",37.18,-11.7156059690365,-3.64261092416412,-2.68185607714833,9.97806066682991,174.935423221725,TRUE,NA
"sigma",37.19,-11.7176802475876,-3.64316207572177,-2.68239830780386,9.97999531409071,174.994030384705,TRUE,NA
"sigma",37.2,-11.719754341386,-3.64371317124385,-2.68294048690852,9.98192980037304,175.052641822436,TRUE,NA
"sigma",37.21,-11.7218282504973,-3.64426421075119,-2.68348261447978,9.98386412573248,175.111257534157,TRUE,NA
"sigma",37.22,-11.7239019749871,-3.64481519426482,-2.68402469053524,9.9857982902245,175.169877519106,TRUE,NA
"sigma",37.23,-11.7259755149208,-3.64536612180559,-2.68456671509231,9.98773229390459,175.228501776522,TRUE,NA
"sigma",37.24,-11.7280488703638,-3.64591699339439,-2.68510868816848,9.98966613682817,175.287130305643,TRUE,NA
"sigma",37.25,-11.7301220413817,-3.64646780905217,-2.6856506097812,9.99159981905065,175.345763105709,TRUE,NA
"sigma",37.26,-11.7321950280397,-3.64701856879976,-2.68619247994805,9.99353334062738,175.404400175961,TRUE,NA
"sigma",37.27,-11.7342678304033,-3.64756927265801,-2.68673429868639,9.99546670161371,175.463041515637,TRUE,NA
"sigma",37.28,-11.7363404485376,-3.64811992064781,-2.68727606601369,9.99739990206494,175.521687123979,TRUE,NA
"sigma",37.29,-11.7384128825079,-3.64867051278997,-2.6878177819474,9.99933294203631,175.580337000227,TRUE,NA
"sigma",37.3,-11.7404851323794,-3.64922104910528,-2.68835944650489,10.0012658215831,175.638991143622,TRUE,NA
"sigma",37.31,-11.7425571982173,-3.6497715296146,-2.68890105970364,10.0031985407605,175.697649553406,TRUE,NA
"sigma",37.32,-11.7446290800868,-3.6503219543387,-2.68944262156102,10.0051310996236,175.75631222882,TRUE,NA
"sigma",37.33,-11.7467007780529,-3.65087232329836,-2.68998413209445,10.0070634982276,175.814979169108,TRUE,NA
"sigma",37.34,-11.7487722921806,-3.65142263651433,-2.69052559132125,10.0089957366276,175.87365037351,TRUE,NA
"sigma",37.35,-11.750843622535,-3.65197289400744,-2.69106699925892,10.0109278148786,175.932325841271,TRUE,NA
"sigma",37.36,-11.752914769181,-3.65252309579835,-2.69160835592476,10.0128597330357,175.991005571632,TRUE,NA
"sigma",37.37,-11.7549857321835,-3.65307324190778,-2.69214966133606,10.0147914911539,176.049689563838,TRUE,NA
"sigma",37.38,-11.7570565116075,-3.6536233323565,-2.69269091551028,10.0167230892882,176.108377817133,TRUE,NA
"sigma",37.39,-11.7591271075178,-3.6541733671652,-2.69323211846473,10.0186545274934,176.16707033076,TRUE,NA
"sigma",37.4,-11.7611975199792,-3.65472334635454,-2.69377327021666,10.0205858058245,176.225767103965,TRUE,NA
"sigma",37.41,-11.7632677490564,-3.65527326994523,-2.69431437078349,10.0225169243363,176.284468135991,TRUE,NA
"sigma",37.42,-11.7653377948142,-3.65582313795792,-2.6948554201825,10.0244478830837,176.343173426085,TRUE,NA
"sigma",37.43,-11.7674076573173,-3.65637295041323,-2.69539641843092,10.0263786821215,176.40188297349,TRUE,NA
"sigma",37.44,-11.7694773366303,-3.65692270733189,-2.69593736554616,10.0283093215043,176.460596777455,TRUE,NA
"sigma",37.45,-11.7715468328179,-3.65747240873445,-2.69647826154541,10.0302398012871,176.519314837224,TRUE,NA
"sigma",37.46,-11.7736161459445,-3.65802205464149,-2.69701910644601,10.0321701215244,176.578037152045,TRUE,NA
"sigma",37.47,-11.7756852760747,-3.65857164507366,-2.69755990026512,10.0341002822709,176.636763721162,TRUE,NA
"sigma",37.48,-11.777754223273,-3.65912118005154,-2.69810064302007,10.0360302835813,176.695494543826,TRUE,NA
"sigma",37.49,-11.7798229876039,-3.65967065959568,-2.69864133472806,10.0379601255101,176.754229619282,TRUE,NA
"sigma",37.5,-11.7818915691318,-3.66022008372669,-2.69918197540641,10.0398898081119,176.812968946779,TRUE,NA
"sigma",37.51,-11.783959967921,-3.66076945246509,-2.69972256507224,10.0418193314413,176.871712525565,TRUE,NA
"sigma",37.52,-11.7860281840358,-3.66131876583134,-2.70026310374277,10.0437486955528,176.930460354887,TRUE,NA
"sigma",37.53,-11.7880962175406,-3.66186802384608,-2.70080359143527,10.0456779005007,176.989212433996,TRUE,NA
"sigma",37.54,-11.7901640684997,-3.66241722652975,-2.70134402816687,10.0476069463397,177.04796876214,TRUE,NA
"sigma",37.55,-11.7922317369771,-3.66296637390287,-2.70188441395482,10.0495358331239,177.106729338569,TRUE,NA
"sigma",37.56,-11.794299223037,-3.66351546598584,-2.7024247488162,10.0514645609079,177.165494162532,TRUE,NA
"sigma",37.57,-11.7963665267438,-3.66406450279924,-2.70296503276829,10.0533931297459,177.224263233281,TRUE,NA
"sigma",37.58,-11.7984336481613,-3.66461348436349,-2.70350526582817,10.0553215396923,177.283036550065,TRUE,NA
"sigma",37.59,-11.8005005873537,-3.66516241069904,-2.70404544801299,10.0572497908014,177.341814112135,TRUE,NA
"sigma",37.6,-11.802567344385,-3.66571128182626,-2.7045855793399,10.0591778831273,177.400595918742,TRUE,NA
"sigma",37.61,-11.8046339193191,-3.66626009776563,-2.70512565982601,10.0611058167242,177.459381969139,TRUE,NA
"sigma",37.62,-11.80670031222,-3.66680885853754,-2.70566568948845,10.0630335916465,177.518172262577,TRUE,NA
"sigma",37.63,-11.8087665231516,-3.66735756416238,-2.70620566834434,10.064961207948,177.576966798307,TRUE,NA
"sigma",37.64,-11.8108325521778,-3.66790621466048,-2.70674559641074,10.0668886656831,177.635765575582,TRUE,NA
"sigma",37.65,-11.8128983993623,-3.66845481005228,-2.70728547370483,10.0688159649058,177.694568593656,TRUE,NA
"sigma",37.66,-11.814964064769,-3.66900335035813,-2.70782530024359,10.07074310567,177.753375851782,TRUE,NA
"sigma",37.67,-11.8170295484615,-3.66955183559832,-2.70836507604414,10.0726700880298,177.812187349213,TRUE,NA
"sigma",37.68,-11.8190948505037,-3.67010026579319,-2.70890480112349,10.0745969120393,177.871003085202,TRUE,NA
"sigma",37.69,-11.821159970959,-3.67064864096306,-2.70944447549877,10.0765235777522,177.929823059004,TRUE,NA
"sigma",37.7,-11.8232249098913,-3.67119696112826,-2.70998409918693,10.0784500852226,177.988647269874,TRUE,NA
"sigma",37.71,-11.825289667364,-3.67174522630904,-2.71052367220507,10.0803764345043,178.047475717066,TRUE,NA
"sigma",37.72,-11.8273542434407,-3.67229343652568,-2.71106319457017,10.0823026256512,178.106308399836,TRUE,NA
"sigma",37.73,-11.829418638185,-3.67284159179847,-2.71160266629929,10.084228658717,178.165145317438,TRUE,NA
"sigma",37.74,-11.8314828516602,-3.67338969214764,-2.71214208740939,10.0861545337556,178.22398646913,TRUE,NA
"sigma",37.75,-11.8335468839298,-3.67393773759346,-2.71268145791755,10.0880802508208,178.282831854166,TRUE,NA
"sigma",37.76,-11.8356107350573,-3.6744857281561,-2.71322077784061,10.0900058099661,178.341681471803,TRUE,NA
"sigma",37.77,-11.8376744051059,-3.67503366385582,-2.71376004719559,10.0919312112454,178.400535321299,TRUE,NA
"sigma",37.78,-11.8397378941389,-3.67558154471279,-2.71429926599956,10.0938564547121,178.45939340191,TRUE,NA
"sigma",37.79,-11.8418012022198,-3.67612937074725,-2.7148384342694,10.0957815404201,178.518255712894,TRUE,NA
"sigma",37.8,-11.8438643294116,-3.67667714197929,-2.71537755202199,10.0977064684229,178.577122253508,TRUE,NA
"sigma",37.81,-11.8459272757776,-3.67722485842916,-2.7159166192744,10.099631238774,178.635993023011,TRUE,NA
"sigma",37.82,-11.8479900413809,-3.67777252011696,-2.71645563604352,10.1015558515269,178.694868020661,TRUE,NA
"sigma",37.83,-11.8500526262847,-3.67832012706278,-2.71699460234617,10.1034803067352,178.753747245716,TRUE,NA
"sigma",37.84,-11.852115030552,-3.67886767928688,-2.71753351819938,10.1054046044522,178.812630697437,TRUE,NA
"sigma",37.85,-11.8541772542459,-3.67941517680923,-2.71807238361997,10.1073287447315,178.871518375082,TRUE,NA
"sigma",37.86,-11.8562392974295,-3.67996261965003,-2.71861119862492,10.1092527276264,178.93041027791,TRUE,NA
"sigma",37.87,-11.8583011601655,-3.6805100078293,-2.71914996323099,10.1111765531903,178.989306405183,TRUE,NA
"sigma",37.88,-11.8603628425171,-3.68105734136718,-2.71968867745517,10.1131002214765,179.048206756161,TRUE,NA
"sigma",37.89,-11.8624243445471,-3.68160462028366,-2.72022734131423,10.1150237325383,179.107111330104,TRUE,NA
"sigma",37.9,-11.8644856663183,-3.68215184459885,-2.72076595482508,10.116947086429,179.166020126272,TRUE,NA
"sigma",37.91,-11.8665468078935,-3.68269901433272,-2.72130451800452,10.1188702832018,179.224933143928,TRUE,NA
"sigma",37.92,-11.8686077693356,-3.68324612950536,-2.72184303086944,10.1207933229099,179.283850382335,TRUE,NA
"sigma",37.93,-11.8706685507073,-3.68379319013679,-2.72238149343667,10.1227162056066,179.342771840751,TRUE,NA
"sigma",37.94,-11.8727291520712,-3.68434019624695,-2.72291990572294,10.1246389313448,179.401697518442,TRUE,NA
"sigma",37.95,-11.8747895734901,-3.68488714785581,-2.7234582677451,10.1265615001778,179.460627414668,TRUE,NA
"sigma",37.96,-11.8768498150265,-3.68543404498345,-2.72399657951998,10.1284839121586,179.519561528695,TRUE,NA
"sigma",37.97,-11.8789098767431,-3.68598088764977,-2.72453484106435,10.1304061673402,179.578499859784,TRUE,NA
"sigma",37.98,-11.8809697587023,-3.68652767587466,-2.72507305239499,10.1323282657758,179.637442407199,TRUE,NA
"sigma",37.99,-11.8830294609668,-3.68707440967816,-2.72561121352864,10.1342502075181,179.696389170204,TRUE,NA
"sigma",38,-11.8850889835989,-3.68762108908015,-2.72614932448211,10.1361719926203,179.755340148064,TRUE,NA
"sigma",38.01,-11.8871483266611,-3.68816771410053,-2.7266873852721,10.1380936211352,179.814295340043,TRUE,NA
"sigma",38.02,-11.8892074902159,-3.6887142847592,-2.72722539591539,10.1400150931157,179.873254745406,TRUE,NA
"sigma",38.03,-11.8912664743255,-3.68926080107608,-2.7277633564287,10.1419364086147,179.932218363418,TRUE,NA
"sigma",38.04,-11.8933252790523,-3.68980726307103,-2.72830126682876,10.143857567685,179.991186193345,TRUE,NA
"sigma",38.05,-11.8953839044586,-3.6903536707639,-2.72883912713228,10.1457785703793,180.050158234452,TRUE,NA
"sigma",38.06,-11.8974423506065,-3.69090002417454,-2.72937693735592,10.1476994167505,180.109134486006,TRUE,NA
"sigma",38.07,-11.8995006175584,-3.69144632332278,-2.72991469751644,10.1496201068512,180.168114947273,TRUE,NA
"sigma",38.08,-11.9015587053765,-3.69199256822852,-2.73045240763053,10.1515406407342,180.227099617522,TRUE,NA
"sigma",38.09,-11.9036166141227,-3.69253875891147,-2.73099006771483,10.1534610184521,180.286088496018,TRUE,NA
"sigma",38.1,-11.9056743438592,-3.69308489539146,-2.73152767778596,10.1553812400576,180.345081582027,TRUE,NA
"sigma",38.11,-11.9077318946482,-3.69363097768838,-2.73206523786075,10.1573013056032,180.404078874821,TRUE,NA
"sigma",38.12,-11.9097892665515,-3.69417700582184,-2.73260274795564,10.1592212151416,180.463080373665,TRUE,NA
"sigma",38.13,-11.9118464596312,-3.69472297981172,-2.73314020808743,10.1611409687253,180.522086077829,TRUE,NA
"sigma",38.14,-11.9139034739492,-3.69526889967774,-2.73367761827266,10.1630605664067,180.58109598658,TRUE,NA
"sigma",38.15,-11.9159603095675,-3.69581476543958,-2.73421497852794,10.1649800082384,180.640110099189,TRUE,NA
"sigma",38.16,-11.9180169665479,-3.69636057711709,-2.73475228886997,10.1668992942729,180.699128414924,TRUE,NA
"sigma",38.17,-11.9200734449523,-3.69690633472988,-2.73528954931531,10.1688184245624,180.758150933056,TRUE,NA
"sigma",38.18,-11.9221297448423,-3.69745203829772,-2.73582675988058,10.1707373991595,180.817177652854,TRUE,NA
"sigma",38.19,-11.9241858662799,-3.69799768784031,-2.73636392058234,10.1726562181164,180.876208573589,TRUE,NA
"sigma",38.2,-11.9262418093267,-3.69854328337722,-2.73690103143708,10.1745748814856,180.935243694531,TRUE,NA
"sigma",38.21,-11.9282975740443,-3.6990888249282,-2.73743809246155,10.1764933893191,180.994283014952,TRUE,NA
"sigma",38.22,-11.9303531604946,-3.69963431251293,-2.73797510367219,10.1784117416695,181.053326534122,TRUE,NA
"sigma",38.23,-11.9324085687389,-3.70017974615102,-2.73851206508556,10.1803299385888,181.112374251315,TRUE,NA
"sigma",38.24,-11.9344637988391,-3.70072512586206,-2.73904897671822,10.1822479801293,181.1714261658,TRUE,NA
"sigma",38.25,-11.9365188508564,-3.70127045166572,-2.73958583858666,10.1841658663431,181.230482276851,TRUE,NA
"sigma",38.26,-11.9385737248526,-3.70181572358157,-2.74012265070744,10.1860835972824,181.28954258374,TRUE,NA
"sigma",38.27,-11.9406284208889,-3.70236094162924,-2.74065941309708,10.1880011729992,181.348607085741,TRUE,NA
"sigma",38.28,-11.942682939027,-3.70290610582834,-2.74119612577215,10.1899185935457,181.407675782126,TRUE,NA
"sigma",38.29,-11.944737279328,-3.70345121619829,-2.74173278874891,10.1918358589739,181.466748672168,TRUE,NA
"sigma",38.3,-11.9467914418535,-3.70399627275883,-2.7422694020441,10.1937529693358,181.525825755144,TRUE,NA
"sigma",38.31,-11.9488454266646,-3.7045412755294,-2.74280596567406,10.1956699246834,181.584907030324,TRUE,NA
"sigma",38.32,-11.9508992338227,-3.70508622452956,-2.74334247965533,10.1975867250686,181.643992496985,TRUE,NA
"sigma",38.33,-11.9529528633891,-3.70563111977883,-2.74387894400435,10.1995033705434,181.703082154401,TRUE,NA
"sigma",38.34,-11.9550063154248,-3.7061759612967,-2.74441535873751,10.2014198611597,181.762176001848,TRUE,NA
"sigma",38.35,-11.9570595899912,-3.70672074910271,-2.74495172387129,10.2033361969692,181.8212740386,TRUE,NA
"sigma",38.36,-11.9591126871493,-3.70726548321629,-2.74548803942216,10.2052523780239,181.880376263934,TRUE,NA
"sigma",38.37,-11.9611656069601,-3.70781016365698,-2.74602430540651,10.2071684043755,181.939482677126,TRUE,NA
"sigma",38.38,-11.9632183494849,-3.70835479044417,-2.74656052184068,10.2090842760758,181.998593277451,TRUE,NA
"sigma",38.39,-11.9652709147845,-3.70889936359735,-2.74709668874121,10.2109999931765,182.057708064188,TRUE,NA
"sigma",38.4,-11.96732330292,-3.70944388313596,-2.74763280612442,10.2129155557294,182.116827036612,TRUE,NA
"sigma",38.41,-11.9693755139523,-3.7099883490794,-2.74816887400671,10.2148309637861,182.175950194001,TRUE,NA
"sigma",38.42,-11.9714275479424,-3.71053276144715,-2.74870489240449,10.2167462173982,182.235077535633,TRUE,NA
"sigma",38.43,-11.973479404951,-3.7110771202585,-2.74924086133402,10.2186613166174,182.294209060785,TRUE,NA
"sigma",38.44,-11.9755310850391,-3.71162142553293,-2.74977678081183,10.2205762614953,182.353344768737,TRUE,NA
"sigma",38.45,-11.9775825882674,-3.71216567728976,-2.75031265085408,10.2224910520834,182.412484658765,TRUE,NA
"sigma",38.46,-11.9796339146967,-3.71270987554837,-2.75084847147727,10.2244056884332,182.471628730151,TRUE,NA
"sigma",38.47,-11.9816850643877,-3.71325402032813,-2.75138424269763,10.2263201705963,182.530776982171,TRUE,NA
"sigma",38.48,-11.9837360374011,-3.71379811164839,-2.75191996453157,10.228234498624,182.589929414107,TRUE,NA
"sigma",38.49,-11.9857868337976,-3.71434214952844,-2.75245563699531,10.2301486725678,182.649086025237,TRUE,NA
"sigma",38.5,-11.9878374536378,-3.71488613398764,-2.7529912601052,10.2320626924792,182.708246814843,TRUE,NA
"sigma",38.51,-11.9898878969823,-3.71543006504524,-2.75352683387757,10.2339765584095,182.767411782204,TRUE,NA
"sigma",38.52,-11.9919381638916,-3.71597394272061,-2.75406235832869,10.23589027041,182.8265809266,TRUE,NA
"sigma",38.53,-11.9939882544262,-3.71651776703296,-2.75459783347475,10.237803828532,182.885754247315,TRUE,NA
"sigma",38.54,-11.9960381686467,-3.71706153800163,-2.75513325933221,10.2397172328268,182.944931743628,TRUE,NA
"sigma",38.55,-11.9980879066133,-3.71760525564581,-2.75566863591718,10.2416304833457,183.004113414821,TRUE,NA
"sigma",38.56,-12.0001374683866,-3.71814891998476,-2.7562039632459,10.24354358014,183.063299260176,TRUE,NA
"sigma",38.57,-12.002186854027,-3.71869253103778,-2.75673924133476,10.2454565232606,183.122489278977,TRUE,NA
"sigma",38.58,-12.0042360635946,-3.71923608882401,-2.7572744701998,10.247369312759,183.181683470505,TRUE,NA
"sigma",38.59,-12.0062850971498,-3.71977959336269,-2.75780964985745,10.2492819486861,183.240881834042,TRUE,NA
"sigma",38.6,-12.008333954753,-3.720323044673,-2.75834478032372,10.251194431093,183.300084368873,TRUE,NA
"sigma",38.61,-12.0103826364642,-3.72086644277422,-2.75887986161501,10.2531067600309,183.359291074281,TRUE,NA
"sigma",38.62,-12.0124311423438,-3.72140978768539,-2.75941489374739,10.2550189355508,183.41850194955,TRUE,NA
"sigma",38.63,-12.0144794724518,-3.72195307942579,-2.75994987673713,10.2569309577037,183.477716993965,TRUE,NA
"sigma",38.64,-12.0165276268483,-3.72249631801446,-2.76048481060028,10.2588428265405,183.536936206808,TRUE,NA
"sigma",38.65,-12.0185756055934,-3.72303950347067,-2.76101969535322,10.2607545421122,183.596159587366,TRUE,NA
"sigma",38.66,-12.0206234087473,-3.72358263581344,-2.76155453101195,10.2626661044698,183.655387134923,TRUE,NA
"sigma",38.67,-12.0226710363698,-3.72412571506193,-2.76208931759266,10.2645775136641,183.714618848765,TRUE,NA
"sigma",38.68,-12.0247184885209,-3.72466874123524,-2.76262405511158,10.266488769746,183.773854728177,TRUE,NA
"sigma",38.69,-12.0267657652607,-3.72521171435252,-2.76315874358474,10.2683998727662,183.833094772447,TRUE,NA
"sigma",38.7,-12.0288128666489,-3.72575463443277,-2.76369338302835,10.2703108227757,183.892338980858,TRUE,NA
"sigma",38.71,-12.0308597927455,-3.72629750149505,-2.76422797345842,10.2722216198252,183.951587352699,TRUE,NA
"sigma",38.72,-12.0329065436102,-3.72684031555848,-2.76476251489116,10.2741322639654,184.010839887256,TRUE,NA
"sigma",38.73,-12.0349531193029,-3.72738307664206,-2.76529700734264,10.2760427552471,184.070096583818,TRUE,NA
"sigma",38.74,-12.0369995198833,-3.72792578476489,-2.76583145082899,10.2779530937208,184.12935744167,TRUE,NA
"sigma",38.75,-12.0390457454111,-3.72846843994593,-2.76636584536621,10.2798632794373,184.188622460101,TRUE,NA
"sigma",38.76,-12.0410917959461,-3.72901104220423,-2.76690019097048,10.2817733124472,184.2478916384,TRUE,NA
"sigma",38.77,-12.0431376715478,-3.72955359155879,-2.76743448765782,10.2836831928011,184.307164975854,TRUE,NA
"sigma",38.78,-12.0451833722759,-3.73009608802854,-2.76796873544426,10.2855929205495,184.366442471752,TRUE,NA
"sigma",38.79,-12.04722889819,-3.73063853163251,-2.76850293434589,10.287502495743,184.425724125385,TRUE,NA
"sigma",38.8,-12.0492742493496,-3.73118092238966,-2.76903708437871,10.2894119184321,184.485009936039,TRUE,NA
"sigma",38.81,-12.0513194258142,-3.73172326031898,-2.76957118555883,10.2913211886672,184.544299903007,TRUE,NA
"sigma",38.82,-12.0533644276433,-3.73226554543934,-2.77010523790221,10.2932303064988,184.603594025577,TRUE,NA
"sigma",38.83,-12.0554092548963,-3.73280777776968,-2.77063924142479,10.2951392719773,184.662892303041,TRUE,NA
"sigma",38.84,-12.0574539076327,-3.733349957329,-2.77117319614281,10.2970480851531,184.722194734687,TRUE,NA
"sigma",38.85,-12.0594983859118,-3.73389208413611,-2.77170710207202,10.2989567460766,184.781501319808,TRUE,NA
"sigma",38.86,-12.0615426897928,-3.73443415820992,-2.77224095922856,10.300865254798,184.840812057694,TRUE,NA
"sigma",38.87,-12.0635868193352,-3.7349761795694,-2.77277476762836,10.3027736113677,184.900126947638,TRUE,NA
"sigma",38.88,-12.0656307745982,-3.73551814823333,-2.77330852728738,10.304681815836,184.959445988931,TRUE,NA
"sigma",38.89,-12.067674555641,-3.73606006422063,-2.7738422382216,10.306589868253,185.018769180865,TRUE,NA
"sigma",38.9,-12.0697181625228,-3.73660192755008,-2.77437590044699,10.308497768669,185.078096522732,TRUE,NA
"sigma",38.91,-12.0717615953027,-3.73714373824062,-2.77490951397947,10.3104055171342,185.137428013826,TRUE,NA
"sigma",38.92,-12.0738048540399,-3.73768549631099,-2.77544307883499,10.3123131136987,185.196763653439,TRUE,NA
"sigma",38.93,-12.0758479387935,-3.73822720178007,-2.77597659502946,10.3142205584126,185.256103440864,TRUE,NA
"sigma",38.94,-12.0778908496225,-3.73876885466663,-2.77651006257886,10.316127851326,185.315447375396,TRUE,NA
"sigma",38.95,-12.079933586586,-3.73931045498944,-2.77704348149899,10.3180349924891,185.374795456328,TRUE,NA
"sigma",38.96,-12.0819761497428,-3.73985200276732,-2.77757685180591,10.3199419819518,185.434147682954,TRUE,NA
"sigma",38.97,-12.084018539152,-3.74039349801903,-2.77811017351537,10.3218488197641,185.49350405457,TRUE,NA
"sigma",38.98,-12.0860607548725,-3.74093494076334,-2.77864344664329,10.323755505976,185.552864570469,TRUE,NA
"sigma",38.99,-12.0881027969631,-3.74147633101894,-2.77917667120557,10.3256620406374,185.612229229947,TRUE,NA
"sigma",39,-12.0901446654827,-3.74201766880463,-2.77970984721807,10.3275684237983,185.671598032299,TRUE,NA
"sigma",39.01,-12.0921863604901,-3.74255895413912,-2.78024297469667,10.3294746555086,185.730970976822,TRUE,NA
"sigma",39.02,-12.094227882044,-3.74310018704113,-2.7807760536572,10.3313807358181,185.790348062811,TRUE,NA
"sigma",39.03,-12.0962692302033,-3.74364136752932,-2.78130908411555,10.3332866647766,185.849729289562,TRUE,NA
"sigma",39.04,-12.0983104050265,-3.74418249562245,-2.78184206608744,10.335192442434,185.909114656373,TRUE,NA
"sigma",39.05,-12.1003514065725,-3.74472357133913,-2.78237499958881,10.33709806884,185.96850416254,TRUE,NA
"sigma",39.06,-12.1023922348997,-3.74526459469804,-2.78290788463539,10.3390035440443,186.027897807361,TRUE,NA
"sigma",39.07,-12.1044328900668,-3.74580556571791,-2.78344072124307,10.3409088680968,186.087295590132,TRUE,NA
"sigma",39.08,-12.1064733721324,-3.74634648441727,-2.78397350942763,10.3428140410469,186.146697510152,TRUE,NA
"sigma",39.09,-12.1085136811551,-3.74688735081483,-2.7845062492048,10.3447190629445,186.206103566719,TRUE,NA
"sigma",39.1,-12.1105538171931,-3.74742816492919,-2.7850389405904,10.3466239338392,186.265513759131,TRUE,NA
"sigma",39.11,-12.1125937803052,-3.74796892677902,-2.78557158360025,10.3485286537804,186.324928086689,TRUE,NA
"sigma",39.12,-12.1146335705496,-3.74850963638281,-2.78610417825006,10.3504332228179,186.384346548688,TRUE,NA
"sigma",39.13,-12.1166731879849,-3.74905029375921,-2.78663672455557,10.3523376410012,186.443769144431,TRUE,NA
"sigma",39.14,-12.1187126326692,-3.74959089892679,-2.78716922253259,10.3542419083797,186.503195873216,TRUE,NA
"sigma",39.15,-12.120751904661,-3.75013145190414,-2.78770167219681,10.3561460250029,186.562626734342,TRUE,NA
"sigma",39.16,-12.1227910040185,-3.7506719527098,-2.78823407356403,10.3580499909203,186.622061727112,TRUE,NA
"sigma",39.17,-12.1248299308,-3.75121240136225,-2.78876642664984,10.3599538061814,186.681500850824,TRUE,NA
"sigma",39.18,-12.1268686850638,-3.75175279788014,-2.78929873147012,10.3618574708355,186.74094410478,TRUE,NA
"sigma",39.19,-12.1289072668679,-3.75229314228192,-2.78983098804046,10.363760984932,186.800391488281,TRUE,NA
"sigma",39.2,-12.1309456762706,-3.75283343458608,-2.79036319637659,10.3656643485202,186.859843000628,TRUE,NA
"sigma",39.21,-12.1329839133299,-3.75337367481118,-2.7908953564942,10.3675675616495,186.919298641123,TRUE,NA
"sigma",39.22,-12.1350219781041,-3.7539138629757,-2.79142746840903,10.3694706243691,186.978758409069,TRUE,NA
"sigma",39.23,-12.137059870651,-3.75445399909803,-2.7919595321366,10.3713735367283,187.038222303766,TRUE,NA
"sigma",39.24,-12.1390975910287,-3.75499408319671,-2.79249154769267,10.3732762987763,187.097690324518,TRUE,NA
"sigma",39.25,-12.1411351392952,-3.75553411529024,-2.79302351509296,10.3751789105623,187.157162470629,TRUE,NA
"sigma",39.26,-12.1431725155085,-3.75607409539698,-2.79355543435305,10.3770813721355,187.216638741401,TRUE,NA
"sigma",39.27,-12.1452097197264,-3.75661402353536,-2.79408730548853,10.378983683545,187.276119136137,TRUE,NA
"sigma",39.28,-12.1472467520069,-3.75715389972386,-2.79461912851508,10.3808858448399,187.335603654142,TRUE,NA
"sigma",39.29,-12.1492836124077,-3.75769372398084,-2.79515090344835,10.3827878560694,187.395092294719,TRUE,NA
"sigma",39.3,-12.1513203009868,-3.75823349632474,-2.79568263030393,10.3846897172824,187.454585057174,TRUE,NA
"sigma",39.31,-12.1533568178018,-3.75877321677391,-2.79621430909741,10.3865914285281,187.514081940809,TRUE,NA
"sigma",39.32,-12.1553931629105,-3.75931288534681,-2.79674593984442,10.3884929898553,187.573582944931,TRUE,NA
"sigma",39.33,-12.1574293363707,-3.75985250206168,-2.79727752256048,10.3903944013131,187.633088068846,TRUE,NA
"sigma",39.34,-12.1594653382399,-3.76039206693693,-2.79780905726125,10.3922956629504,187.692597311857,TRUE,NA
"sigma",39.35,-12.1615011685758,-3.7609315799909,-2.79834054396224,10.3941967748161,187.752110673271,TRUE,NA
"sigma",39.36,-12.1635368274362,-3.76147104124195,-2.79887198267902,10.3960977369591,187.811628152396,TRUE,NA
"sigma",39.37,-12.1655723148784,-3.76201045070838,-2.7994033734272,10.3979985494283,187.871149748536,TRUE,NA
"sigma",39.38,-12.1676076309601,-3.76254980840849,-2.79993471622228,10.3998992122725,187.930675460998,TRUE,NA
"sigma",39.39,-12.1696427757388,-3.7630891143606,-2.80046601107981,10.4017997255405,187.990205289091,TRUE,NA
"sigma",39.4,-12.1716777492719,-3.76362836858298,-2.80099725801527,10.4037000892811,188.049739232121,TRUE,NA
"sigma",39.41,-12.1737125516168,-3.76416757109388,-2.80152845704426,10.405600303543,188.109277289393,TRUE,NA
"sigma",39.42,-12.1757471828311,-3.76470672191168,-2.8020596081823,10.407500368375,188.16881946022,TRUE,NA
"sigma",39.43,-12.1777816429721,-3.7652458210545,-2.8025907114448,10.4094002838256,188.228365743907,TRUE,NA
"sigma",39.44,-12.179815932097,-3.76578486854069,-2.80312176684735,10.4113000499437,188.287916139764,TRUE,NA
"sigma",39.45,-12.1818500502632,-3.76632386438836,-2.80365277440537,10.4131996667777,188.347470647097,TRUE,NA
"sigma",39.46,-12.183883997528,-3.76686280861585,-2.8041837341343,10.4150991343764,188.407029265218,TRUE,NA
"sigma",39.47,-12.1859177739486,-3.76740170124132,-2.80471464604976,10.4169984527883,188.466591993436,TRUE,NA
"sigma",39.48,-12.1879513795822,-3.767940542283,-2.80524551016715,10.418897622062,188.526158831059,TRUE,NA
"sigma",39.49,-12.189984814486,-3.76847933175903,-2.80577632650184,10.4207966422459,188.5857297774,TRUE,NA
"sigma",39.5,-12.1920180787172,-3.76901806968761,-2.80630709506939,10.4226955133886,188.645304831766,TRUE,NA
"sigma",39.51,-12.1940511723327,-3.76955675608692,-2.80683781588518,10.4245942355385,188.704883993468,TRUE,NA
"sigma",39.52,-12.1960840953898,-3.77009539097515,-2.80736848896465,10.4264928087441,188.764467261819,TRUE,NA
"sigma",39.53,-12.1981168479454,-3.77063397437039,-2.80789911432324,10.4283912330537,188.824054636129,TRUE,NA
"sigma",39.54,-12.2001494300565,-3.77117250629077,-2.80842969197631,10.4302895085158,188.883646115708,TRUE,NA
"sigma",39.55,-12.2021818417801,-3.77171098675442,-2.80896022193929,10.4321876351788,188.943241699869,TRUE,NA
"sigma",39.56,-12.2042140831733,-3.77224941577949,-2.80949070422761,10.4340856130909,189.002841387925,TRUE,NA
"sigma",39.57,-12.2062461542927,-3.77278779338411,-2.81002113885667,10.4359834423004,189.062445179186,TRUE,NA
"sigma",39.58,-12.2082780551954,-3.77332611958624,-2.81055152584176,10.4378811228556,189.122053072966,TRUE,NA
"sigma",39.59,-12.2103097859382,-3.77386439440411,-2.81108186519834,10.4397786548048,189.181665068578,TRUE,NA
"sigma",39.6,-12.2123413465779,-3.77440261785568,-2.81161215694169,10.4416760381962,189.241281165335,TRUE,NA
"sigma",39.61,-12.2143727371711,-3.7749407899591,-2.8121424010873,10.4435732730779,189.300901362549,TRUE,NA
"sigma",39.62,-12.2164039577748,-3.77547891073233,-2.81267259765037,10.4454703594981,189.360525659536,TRUE,NA
"sigma",39.63,-12.2184350084456,-3.7760169801935,-2.81320274664634,10.447367297505,189.420154055609,TRUE,NA
"sigma",39.64,-12.2204658892401,-3.77655499836052,-2.81373284809048,10.4492640871467,189.479786550081,TRUE,NA
"sigma",39.65,-12.2224966002151,-3.77709296525153,-2.81426290199815,10.4511607284712,189.539423142269,TRUE,NA
"sigma",39.66,-12.224527141427,-3.77763088088442,-2.81479290838462,10.4530572215265,189.599063831486,TRUE,NA
"sigma",39.67,-12.2265575129326,-3.7781687452773,-2.81532286726526,10.4549535663608,189.658708617048,TRUE,NA
"sigma",39.68,-12.2285877147883,-3.77870655844805,-2.81585277865533,10.456849763022,189.718357498271,TRUE,NA
"sigma",39.69,-12.2306177470506,-3.77924432041474,-2.81638264257016,10.458745811558,189.778010474468,TRUE,NA
"sigma",39.7,-12.232647609776,-3.77978203119521,-2.8169124590249,10.4606417120169,189.837667544959,TRUE,NA
"sigma",39.71,-12.234677303021,-3.78031969080754,-2.81744222803499,10.4625374644465,189.897328709058,TRUE,NA
"sigma",39.72,-12.236706826842,-3.7808572992696,-2.81797194961565,10.4644330688947,189.956993966081,TRUE,NA
"sigma",39.73,-12.2387361812953,-3.78139485659931,-2.81850162378206,10.4663285254094,190.016663315347,TRUE,NA
"sigma",39.74,-12.2407653664373,-3.78193236281463,-2.81903125054958,10.4682238340383,190.076336756172,TRUE,NA
"sigma",39.75,-12.2427943823243,-3.78246981793345,-2.81956082993332,10.4701189948294,190.136014287872,TRUE,NA
"sigma",39.76,-12.2448232290127,-3.78300722197367,-2.82009036194868,10.4720140078303,190.195695909768,TRUE,NA
"sigma",39.77,-12.2468519065585,-3.78354457495318,-2.82061984661071,10.4739088730889,190.255381621176,TRUE,NA
"sigma",39.78,-12.2488804150181,-3.78408187688984,-2.82114928393476,10.4758035906528,190.315071421414,TRUE,NA
"sigma",39.79,-12.2509087544476,-3.78461912780154,-2.82167867393597,10.4776981605698,190.374765309801,TRUE,NA
"sigma",39.8,-12.2529369249032,-3.78515632770612,-2.82220801662952,10.4795925828875,190.434463285656,TRUE,NA
"sigma",39.81,-12.254964926441,-3.78569347662143,-2.82273731203069,10.4814868576535,190.494165348299,TRUE,NA
"sigma",39.82,-12.2569927591171,-3.78623057456534,-2.82326656015464,10.4833809849155,190.553871497048,TRUE,NA
"sigma",39.83,-12.2590204229875,-3.78676762155558,-2.82379576101646,10.485274964721,190.613581731224,TRUE,NA
"sigma",39.84,-12.2610479181082,-3.78730461761003,-2.82432491463139,10.4871687971177,190.673296050146,TRUE,NA
"sigma",39.85,-12.2630752445353,-3.78784156274652,-2.82485402101463,10.4890624821529,190.733014453136,TRUE,NA
"sigma",39.86,-12.2651024023247,-3.78837845698276,-2.82538308018123,10.4909560198744,190.792736939511,TRUE,NA
"sigma",39.87,-12.2671293915323,-3.78891530033659,-2.82591209214638,10.4928494103294,190.852463508595,TRUE,NA
"sigma",39.88,-12.269156212214,-3.78945209282579,-2.82644105692528,10.4947426535656,190.91219415971,TRUE,NA
"sigma",39.89,-12.2711828644257,-3.78998883446804,-2.82696997453293,10.4966357496302,190.971928892175,TRUE,NA
"sigma",39.9,-12.2732093482232,-3.79052552528118,-2.82749884498454,10.4985286985707,191.031667705312,TRUE,NA
"sigma",39.91,-12.2752356636622,-3.79106216528294,-2.82802766829524,10.5004215004344,191.091410598444,TRUE,NA
"sigma",39.92,-12.2772618107986,-3.79159875449098,-2.82855644448003,10.5023141552688,191.151157570893,TRUE,NA
"sigma",39.93,-12.279287789688,-3.79213529292304,-2.82908517355408,10.5042066631211,191.210908621981,TRUE,NA
"sigma",39.94,-12.2813136003862,-3.7926717805969,-2.8296138555325,10.5060990240386,191.270663751032,TRUE,NA
"sigma",39.95,-12.2833392429489,-3.7932082175302,-2.83014249043032,10.5079912380685,191.330422957369,TRUE,NA
"sigma",39.96,-12.2853647174316,-3.79374460374064,-2.83067107826267,10.5098833052582,191.390186240314,TRUE,NA
"sigma",39.97,-12.28739002389,-3.79428093924584,-2.83119961904452,10.5117752256547,191.449953599192,TRUE,NA
"sigma",39.98,-12.2894151623796,-3.79481722406352,-2.83172811279098,10.5136669993054,191.509725033326,TRUE,NA
"sigma",39.99,-12.291440132956,-3.79535345821137,-2.83225655951714,10.5155586262573,191.569500542041,TRUE,NA
"sigma",40,-12.2934649356746,-3.79588964170694,-2.83278495923796,10.5174501065576,191.629280124662,TRUE,NA
"sigma",40.01,-12.295489570591,-3.7964257745679,-2.83331331196844,10.5193414402533,191.689063780512,TRUE,NA
"sigma",40.02,-12.2975140377606,-3.79696185681195,-2.83384161772381,10.5212326273916,191.748851508919,TRUE,NA
"sigma",40.03,-12.2995383372387,-3.79749788845658,-2.83436987651883,10.5231236680195,191.808643309206,TRUE,NA
"sigma",40.04,-12.3015624690809,-3.79803386951948,-2.83489808836866,10.525014562184,191.868439180699,TRUE,NA
"sigma",40.05,-12.3035864333423,-3.79856980001821,-2.83542625328827,10.5269053099321,191.928239122725,TRUE,NA
"sigma",40.06,-12.3056102300783,-3.79910567997037,-2.83595437129261,10.5287959113108,191.988043134609,TRUE,NA
"sigma",40.07,-12.3076338593443,-3.79964150939352,-2.83648244239676,10.530686366367,192.047851215678,TRUE,NA
"sigma",40.08,-12.3096573211954,-3.80017728830521,-2.83701046661562,10.5325766751477,192.107663365259,TRUE,NA
"sigma",40.09,-12.3116806156869,-3.80071301672301,-2.83753844396416,10.5344668376996,192.16747958268,TRUE,NA
"sigma",40.1,-12.3137037428739,-3.80124869466442,-2.83806637445734,10.5363568540697,192.227299867267,TRUE,NA
"sigma",40.11,-12.3157267028116,-3.80178432214702,-2.83859425811012,10.5382467243049,192.287124218348,TRUE,NA
"sigma",40.12,-12.3177494955552,-3.8023198991883,-2.83912209493745,10.5401364484519,192.34695263525,TRUE,NA
"sigma",40.13,-12.3197721211597,-3.80285542580579,-2.83964988495429,10.5420260265574,192.406785117303,TRUE,NA
"sigma",40.14,-12.3217945796801,-3.80339090201697,-2.84017762817552,10.5439154586684,192.466621663834,TRUE,NA
"sigma",40.15,-12.3238168711716,-3.80392632783934,-2.84070532461609,10.5458047448314,192.526462274173,TRUE,NA
"sigma",40.16,-12.325838995689,-3.80446170329036,-2.84123297429091,10.5476938850932,192.586306947648,TRUE,NA
"sigma",40.17,-12.3278609532875,-3.80499702838754,-2.84176057721488,10.5495828795005,192.646155683589,TRUE,NA
"sigma",40.18,-12.3298827440218,-3.80553230314828,-2.84228813340288,10.5514717280999,192.706008481326,TRUE,NA
"sigma",40.19,-12.3319043679468,-3.80606752759005,-2.8428156428698,10.553360430938,192.765865340186,TRUE,NA
"sigma",40.2,-12.3339258251176,-3.80660270173033,-2.84334310563061,10.5552489880615,192.825726259503,TRUE,NA
"sigma",40.21,-12.3359471155889,-3.80713782558648,-2.84387052170006,10.5571373995168,192.885591238605,TRUE,NA
"sigma",40.22,-12.3379682394154,-3.80767289917591,-2.84439789109301,10.5590256653506,192.945460276823,TRUE,NA
"sigma",40.23,-12.339989196652,-3.80820792251608,-2.84492521382441,10.5609137856094,193.005333373489,TRUE,NA
"sigma",40.24,-12.3420099873535,-3.80874289562436,-2.84545248990909,10.5628017603396,193.065210527933,TRUE,NA
"sigma",40.25,-12.3440306115745,-3.80927781851819,-2.84597971936189,10.5646895895878,193.125091739488,TRUE,NA
"sigma",40.26,-12.3460510693697,-3.80981269121486,-2.8465069021976,10.5665772734003,193.184977007484,TRUE,NA
"sigma",40.27,-12.3480713607937,-3.81034751373177,-2.84703403843106,10.5684648118236,193.244866331255,TRUE,NA
"sigma",40.28,-12.3500914859013,-3.81088228608629,-2.84756112807713,10.570352204904,193.304759710131,TRUE,NA
"sigma",40.29,-12.3521114447469,-3.81141700829573,-2.84808817115055,10.572239452688,193.364657143447,TRUE,NA
"sigma",40.3,-12.3541312373851,-3.81195168037747,-2.84861516766624,10.5741265552218,193.424558630534,TRUE,NA
"sigma",40.31,-12.3561508638705,-3.8124863023488,-2.84914211763888,10.5760135125518,193.484464170727,TRUE,NA
"sigma",40.32,-12.3581703242575,-3.81302087422705,-2.84966902108331,10.5779003247243,193.544373763359,TRUE,NA
"sigma",40.33,-12.3601896186006,-3.81355539602951,-2.85019587801426,10.5797869917854,193.604287407762,TRUE,NA
"sigma",40.34,-12.3622087469542,-3.8140898677735,-2.85072268844656,10.5816735137815,193.664205103272,TRUE,NA
"sigma",40.35,-12.3642277093728,-3.81462428947622,-2.85124945239492,10.5835598907587,193.724126849222,TRUE,NA
"sigma",40.36,-12.3662465059107,-3.81515866115507,-2.85177616987413,10.5854461227632,193.784052644948,TRUE,NA
"sigma",40.37,-12.3682651366222,-3.81569298282719,-2.85230284089892,10.5873322098412,193.843982489783,TRUE,NA
"sigma",40.38,-12.3702836015616,-3.81622725450994,-2.85282946548408,10.5892181520387,193.903916383063,TRUE,NA
"sigma",40.39,-12.3723019007832,-3.81676147622048,-2.85335604364428,10.591103949402,193.963854324124,TRUE,NA
"sigma",40.4,-12.3743200343413,-3.8172956479761,-2.85388257539423,10.592989601977,194.023796312301,TRUE,NA
"sigma",40.41,-12.3763380022901,-3.81782976979399,-2.85440906074876,10.5948751098099,194.08374234693,TRUE,NA
"sigma",40.42,-12.3783558046837,-3.81836384169143,-2.8549354997225,10.5967604729465,194.143692427348,TRUE,NA
"sigma",40.43,-12.3803734415764,-3.81889786368551,-2.85546189233015,10.5986456914331,194.20364655289,TRUE,NA
"sigma",40.44,-12.3823909130221,-3.81943183579348,-2.85598823858639,10.6005307653154,194.263604722893,TRUE,NA
"sigma",40.45,-12.3844082190751,-3.81996575803253,-2.85651453850595,10.6024156946394,194.323566936695,TRUE,NA
"sigma",40.46,-12.3864253597893,-3.82049963041979,-2.85704079210346,10.6043004794512,194.383533193632,TRUE,NA
"sigma",40.47,-12.3884423352189,-3.82103345297247,-2.85756699939362,10.6061851197965,194.443503493043,TRUE,NA
"sigma",40.48,-12.3904591454177,-3.82156722570775,-2.85809316039112,10.6080696157212,194.503477834266,TRUE,NA
"sigma",40.49,-12.3924757904398,-3.82210094864265,-2.85861927511054,10.6099539672712,194.563456216637,TRUE,NA
"sigma",40.5,-12.3944922703391,-3.82263462179444,-2.85914534356658,10.6118381744923,194.623438639497,TRUE,NA
"sigma",40.51,-12.3965085851695,-3.82316824518014,-2.85967136577387,10.6137222374302,194.683425102182,TRUE,NA
"sigma",40.52,-12.3985247349849,-3.82370181881695,-2.86019734174706,10.6156061561308,194.743415604033,TRUE,NA
"sigma",40.53,-12.4005407198391,-3.82423534272189,-2.86072327150074,10.6174899306398,194.803410144388,TRUE,NA
"sigma",40.54,-12.4025565397859,-3.82476881691207,-2.86124915504953,10.6193735610029,194.863408722587,TRUE,NA
"sigma",40.55,-12.4045721948792,-3.82530224140461,-2.86177499240805,10.6212570472657,194.92341133797,TRUE,NA
"sigma",40.56,-12.4065876851726,-3.82583561621656,-2.86230078359093,10.623140389474,194.983417989877,TRUE,NA
"sigma",40.57,-12.4086030107199,-3.82636894136498,-2.86282652861274,10.6250235876734,195.043428677648,TRUE,NA
"sigma",40.58,-12.4106181715748,-3.8269022168669,-2.863352227488,10.6269066419095,195.103443400623,TRUE,NA
"sigma",40.59,-12.4126331677909,-3.82743544273941,-2.86387788023139,10.6287895522278,195.163462158144,TRUE,NA
"sigma",40.6,-12.4146479994219,-3.82796861899949,-2.86440348685741,10.630672318674,195.22348494955,TRUE,NA
"sigma",40.61,-12.4166626665214,-3.82850174566424,-2.86492904738075,10.6325549412936,195.283511774186,TRUE,NA
"sigma",40.62,-12.4186771691428,-3.82903482275057,-2.86545456181578,10.634437420132,195.34354263139,TRUE,NA
"sigma",40.63,-12.4206915073399,-3.82956785027554,-2.86598003017716,10.6363197552348,195.403577520505,TRUE,NA
"sigma",40.64,-12.4227056811661,-3.83010082825614,-2.86650545247939,10.6382019466475,195.463616440876,TRUE,NA
"sigma",40.65,-12.4247196906747,-3.83063375670935,-2.86703082873701,10.6400839944154,195.523659391841,TRUE,NA
"sigma",40.66,-12.4267335359194,-3.83116663565212,-2.86755615896457,10.6419658985839,195.583706372744,TRUE,NA
"sigma",40.67,-12.4287472169536,-3.83169946510144,-2.86808144317656,10.6438476591986,195.643757382931,TRUE,NA
"sigma",40.68,-12.4307607338305,-3.83223224507425,-2.86860668138751,10.6457292763046,195.703812421741,TRUE,NA
"sigma",40.69,-12.4327740866036,-3.83276497558754,-2.86913187361192,10.6476107499473,195.763871488521,TRUE,NA
"sigma",40.7,-12.4347872753261,-3.83329765665815,-2.86965701986426,10.6494920801721,195.823934582613,TRUE,NA
"sigma",40.71,-12.4368003000515,-3.83383028830306,-2.87018212015902,10.6513732670242,195.884001703361,TRUE,NA
"sigma",40.72,-12.4388131608329,-3.83436287053919,-2.87070717451076,10.6532543105489,195.944072850109,TRUE,NA
"sigma",40.73,-12.4408258577236,-3.8348954033834,-2.87123218293382,10.6551352107914,196.004148022203,TRUE,NA
"sigma",40.74,-12.4428383907767,-3.8354278868526,-2.87175714544268,10.6570159677969,196.064227218987,TRUE,NA
"sigma",40.75,-12.4448507600456,-3.8359603209637,-2.8722820620519,10.6588965816106,196.124310439808,TRUE,NA
"sigma",40.76,-12.4468629655832,-3.83649270573357,-2.87280693277589,10.6607770522777,196.184397684008,TRUE,NA
"sigma",40.77,-12.4488750074428,-3.83702504117906,-2.87333175762903,10.6626573798432,196.244488950934,TRUE,NA
"sigma",40.78,-12.4508868856774,-3.83755732731701,-2.87385653662583,10.6645375643523,196.304584239933,TRUE,NA
"sigma",40.79,-12.45289860034,-3.83808956416429,-2.87438126978065,10.6664176058501,196.364683550351,TRUE,NA
"sigma",40.8,-12.4549101514837,-3.83862175173771,-2.87490595710797,10.6682975043816,196.424786881533,TRUE,NA
"sigma",40.81,-12.4569215391615,-3.83915389005411,-2.87543059862214,10.6701772599918,196.484894232827,TRUE,NA
"sigma",40.82,-12.4589327634264,-3.83968597913032,-2.87595519433762,10.6720568727258,196.54500560358,TRUE,NA
"sigma",40.83,-12.4609438243312,-3.84021801898314,-2.87647974426881,10.6739363426285,196.605120993139,TRUE,NA
"sigma",40.84,-12.4629547219289,-3.84075000962928,-2.87700424842999,10.6758156697449,196.66524040085,TRUE,NA
"sigma",40.85,-12.4649654562724,-3.84128195108563,-2.87752870683567,10.67769485412,196.725363826064,TRUE,NA
"sigma",40.86,-12.4669760274145,-3.84181384336891,-2.87805311950016,10.6795738957985,196.785491268127,TRUE,NA
"sigma",40.87,-12.468986435408,-3.84234568649598,-2.87857748643786,10.6814527948254,196.845622726388,TRUE,NA
"sigma",40.88,-12.4709966803057,-3.84287748048347,-2.87910180766308,10.6833315512456,196.905758200195,TRUE,NA
"sigma",40.89,-12.4730067621603,-3.84340922534821,-2.87962608319022,10.6852101651039,196.965897688897,TRUE,NA
"sigma",40.9,-12.4750166810247,-3.84394092110689,-2.88015031303359,10.687088636445,197.026041191844,TRUE,NA
"sigma",40.91,-12.4770264369514,-3.84447256777626,-2.88067449720753,10.6889669653139,197.086188708384,TRUE,NA
"sigma",40.92,-12.4790360299931,-3.84500416537301,-2.88119863572639,10.6908451517551,197.146340237867,TRUE,NA
"sigma",40.93,-12.4810454602026,-3.84553571391391,-2.88172272860451,10.6927231958135,197.206495779644,TRUE,NA
"sigma",40.94,-12.4830547276323,-3.84606721341557,-2.88224677585612,10.6946010975337,197.266655333064,TRUE,NA
"sigma",40.95,-12.4850638323349,-3.84659866389477,-2.88277077749561,10.6964788569605,197.326818897478,TRUE,NA
"sigma",40.96,-12.487072774363,-3.84713006536811,-2.88329473353722,10.6983564741384,197.386986472237,TRUE,NA
"sigma",40.97,-12.4890815537689,-3.84766141785232,-2.88381864399529,10.7002339491122,197.447158056691,TRUE,NA
"sigma",40.98,-12.4910901706053,-3.84819272136403,-2.88434250888407,10.7021112819264,197.507333650193,TRUE,NA
"sigma",40.99,-12.4930986249246,-3.84872397591985,-2.88486632821784,10.7039884726256,197.567513252093,TRUE,NA
"sigma",41,-12.4951069167792,-3.84925518153653,-2.88539010201091,10.7058655212544,197.627696861742,TRUE,NA
"sigma",41.01,-12.4971150462214,-3.84978633823061,-2.88591383027749,10.7077424278572,197.687884478494,TRUE,NA
"sigma",41.02,-12.4991230133038,-3.85031744601871,-2.88643751303185,10.7096191924787,197.748076101701,TRUE,NA
"sigma",41.03,-12.5011308180786,-3.85084850491746,-2.88696115028821,10.7114958151633,197.808271730714,TRUE,NA
"sigma",41.04,-12.5031384605981,-3.85137951494347,-2.88748474206083,10.7133722959554,197.868471364888,TRUE,NA
"sigma",41.05,-12.5051459409147,-3.85191047611334,-2.88800828836397,10.7152486348994,197.928675003574,TRUE,NA
"sigma",41.06,-12.5071532590805,-3.85244138844367,-2.88853178921188,10.7171248320399,197.988882646127,TRUE,NA
"sigma",41.07,-12.5091604151478,-3.85297225195095,-2.88905524461868,10.7190008874211,198.0490942919,TRUE,NA
"sigma",41.08,-12.5111674091687,-3.85350306665182,-2.88957865459865,10.7208768010875,198.109309940246,TRUE,NA
"sigma",41.09,-12.5131742411956,-3.85403383256278,-2.89010201916595,10.7227525730833,198.16952959052,TRUE,NA
"sigma",41.1,-12.5151809112804,-3.85456454970045,-2.89062533833482,10.7246282034529,198.229753242077,TRUE,NA
"sigma",41.11,-12.5171874194753,-3.85509521808127,-2.8911486121194,10.7265036922406,198.28998089427,TRUE,NA
"sigma",41.12,-12.5191937658323,-3.85562583772183,-2.89167184053388,10.7283790394905,198.350212546455,TRUE,NA
"sigma",41.13,-12.5211999504036,-3.85615640863863,-2.89219502359249,10.7302542452471,198.410448197988,TRUE,NA
"sigma",41.14,-12.5232059732412,-3.85668693084819,-2.89271816130934,10.7321293095544,198.470687848223,TRUE,NA
"sigma",41.15,-12.5252118343969,-3.85721740436696,-2.89324125369857,10.7340042324567,198.530931496516,TRUE,NA
"sigma",41.16,-12.5272175339229,-3.85774782921149,-2.89376430077442,10.7358790139981,198.591179142224,TRUE,NA
"sigma",41.17,-12.5292230718709,-3.85827820539818,-2.89428730255091,10.7377536542227,198.651430784702,TRUE,NA
"sigma",41.18,-12.531228448293,-3.85880853294356,-2.89481025904227,10.7396281531748,198.711686423307,TRUE,NA
"sigma",41.19,-12.5332336632409,-3.85933881186409,-2.89533317026262,10.7415025108983,198.771946057395,TRUE,NA
"sigma",41.2,-12.5352387167666,-3.85986904217617,-2.89585603622597,10.7433767274373,198.832209686324,TRUE,NA
"sigma",41.21,-12.5372436089218,-3.86039922389627,-2.89637885694663,10.7452508028359,198.892477309451,TRUE,NA
"sigma",41.22,-12.5392483397584,-3.86092935704086,-2.89690163243857,10.7471247371382,198.952748926133,TRUE,NA
"sigma",41.23,-12.541252909328,-3.86145944162624,-2.89742436271587,10.748998530388,199.013024535728,TRUE,NA
"sigma",41.24,-12.5432573176825,-3.86198947766894,-2.8979470477927,10.7508721826294,199.073304137595,TRUE,NA
"sigma",41.25,-12.5452615648735,-3.86251946518532,-2.8984696876831,10.7527456939063,199.133587731092,TRUE,NA
"sigma",41.26,-12.5472656509526,-3.86304940419177,-2.89899228240115,10.7546190642626,199.193875315575,TRUE,NA
"sigma",41.27,-12.5492695759716,-3.86357929470467,-2.89951483196098,10.7564922937422,199.254166890407,TRUE,NA
"sigma",41.28,-12.551273339982,-3.8641091367404,-2.90003733637659,10.758365382389,199.314462454944,TRUE,NA
"sigma",41.29,-12.5532769430355,-3.86463893031531,-2.90055979566202,10.7602383302469,199.374762008547,TRUE,NA
"sigma",41.3,-12.5552803851835,-3.86516867544576,-2.90108220983136,10.7621111373596,199.435065550574,TRUE,NA
"sigma",41.31,-12.5572836664777,-3.86569837214813,-2.90160457889863,10.7639838037711,199.495373080387,TRUE,NA
"sigma",41.32,-12.5592867869694,-3.86622802043874,-2.90212690287793,10.7658563295249,199.555684597344,TRUE,NA
"sigma",41.33,-12.5612897467102,-3.86675762033384,-2.90264918178316,10.767728714665,199.616000100807,TRUE,NA
"sigma",41.34,-12.5632925457515,-3.86728717184985,-2.90317141562849,10.769600959235,199.676319590135,TRUE,NA
"sigma",41.35,-12.5652951841447,-3.867816675003,-2.90369360442775,10.7714730632786,199.73664306469,TRUE,NA
"sigma",41.36,-12.5672976619412,-3.86834612980961,-2.90421574819505,10.7733450268395,199.796970523833,TRUE,NA
"sigma",41.37,-12.5692999791924,-3.86887553628606,-2.90473784694447,10.7752168499614,199.857301966926,TRUE,NA
"sigma",41.38,-12.5713021359495,-3.86940489444849,-2.90525990068985,10.7770885326879,199.917637393329,TRUE,NA
"sigma",41.39,-12.5733041322639,-3.86993420431324,-2.90578190944527,10.7789600750626,199.977976802405,TRUE,NA
"sigma",41.4,-12.5753059681869,-3.87046346589662,-2.90630387322468,10.7808314771291,200.038320193517,TRUE,NA
"sigma",41.41,-12.5773076437696,-3.87099267921473,-2.90682579204196,10.7827027389309,200.098667566026,TRUE,NA
"sigma",41.42,-12.5793091590633,-3.87152184428393,-2.90734766591117,10.7845738605117,200.159018919295,TRUE,NA
"sigma",41.43,-12.5813105141192,-3.87205096112045,-2.90786949484631,10.7864448419148,200.219374252686,TRUE,NA
"sigma",41.44,-12.5833117089884,-3.87258002974052,-2.90839127886123,10.7883156831838,200.279733565565,TRUE,NA
"sigma",41.45,-12.5853127437221,-3.87310905016026,-2.90891301796984,10.7901863843622,200.340096857293,TRUE,NA
"sigma",41.46,-12.5873136183713,-3.87363802239599,-2.90943471218621,10.7920569454934,200.400464127235,TRUE,NA
"sigma",41.47,-12.5893143329871,-3.87416694646382,-2.90995636152414,10.7939273666208,200.460835374754,TRUE,NA
"sigma",41.48,-12.5913148876205,-3.87469582237999,-2.91047796599766,10.7957976477878,200.521210599214,TRUE,NA
"sigma",41.49,-12.5933152823227,-3.8752246501607,-2.91099952562057,10.7976677890378,200.581589799982,TRUE,NA
"sigma",41.5,-12.5953155171444,-3.87575342982198,-2.91152104040677,10.7995377904141,200.641972976419,TRUE,NA
"sigma",41.51,-12.5973155921368,-3.87628216138015,-2.91204251037027,10.80140765196,200.702360127892,TRUE,NA
"sigma",41.52,-12.5993155073506,-3.87681084485125,-2.91256393552485,10.8032773737189,200.762751253766,TRUE,NA
"sigma",41.53,-12.6013152628369,-3.8773394802515,-2.91308531588451,10.805146955734,200.823146353407,TRUE,NA
"sigma",41.54,-12.6033148586465,-3.877868067597,-2.91360665146304,10.8070163980486,200.883545426181,TRUE,NA
"sigma",41.55,-12.6053142948302,-3.87839660690381,-2.91412794227425,10.8088857007059,200.943948471452,TRUE,NA
"sigma",41.56,-12.6073135714389,-3.87892509818819,-2.91464918833215,10.8107548637491,201.004355488588,TRUE,NA
"sigma",41.57,-12.6093126885233,-3.87945354146609,-2.91517038965047,10.8126238872213,201.064766476955,TRUE,NA
"sigma",41.58,-12.6113116461342,-3.87998193675366,-2.91569154624312,10.8144927711658,201.125181435921,TRUE,NA
"sigma",41.59,-12.6133104443223,-3.880510284067,-2.91621265812391,10.8163615156257,201.18560036485,TRUE,NA
"sigma",41.6,-12.6153090831383,-3.88103858342217,-2.91673372530666,10.8182301206441,201.246023263112,TRUE,NA
"sigma",41.61,-12.6173075626329,-3.88156683483524,-2.91725474780522,10.820098586264,201.306450130073,TRUE,NA
"sigma",41.62,-12.6193058828567,-3.88209503832226,-2.91777572563343,10.8219669125285,201.366880965102,TRUE,NA
"sigma",41.63,-12.6213040438604,-3.88262319389931,-2.91829665880503,10.8238350994808,201.427315767566,TRUE,NA
"sigma",41.64,-12.6233020456945,-3.8831513015824,-2.91881754733393,10.8257031471637,201.487754536834,TRUE,NA
"sigma",41.65,-12.6252998884096,-3.88367936138756,-2.91933839123385,10.8275710556203,201.548197272275,TRUE,NA
"sigma",41.66,-12.6272975720562,-3.88420737333079,-2.91985919051862,10.8294388248935,201.608643973255,TRUE,NA
"sigma",41.67,-12.6292950966848,-3.88473533742817,-2.92037994520194,10.8313064550263,201.669094639147,TRUE,NA
"sigma",41.68,-12.6312924623459,-3.88526325369565,-2.92090065529769,10.8331739460617,201.729549269317,TRUE,NA
"sigma",41.69,-12.63328966909,-3.88579112214922,-2.92142132081958,10.8350412980424,201.790007863137,TRUE,NA
"sigma",41.7,-12.6352867169675,-3.88631894280488,-2.92194194178137,10.8369085110114,201.850470419975,TRUE,NA
"sigma",41.71,-12.6372836060287,-3.8868467156786,-2.92246251819684,10.8387755850116,201.910936939202,TRUE,NA
"sigma",41.72,-12.639280336324,-3.88737444078632,-2.92298305007971,10.8406425200857,201.971407420187,TRUE,NA
"sigma",41.73,-12.6412769079038,-3.88790211814403,-2.92350353744371,10.8425093162767,202.031881862302,TRUE,NA
"sigma",41.74,-12.6432733208184,-3.8884297477677,-2.92402398030265,10.8443759736271,202.092360264919,TRUE,NA
"sigma",41.75,-12.645269575118,-3.88895732967324,-2.92454437867018,10.8462424921799,202.152842627406,TRUE,NA
"sigma",41.76,-12.647265670853,-3.88948486387655,-2.92506473256001,10.8481088719777,202.213328949136,TRUE,NA
"sigma",41.77,-12.6492616080734,-3.89001235039361,-2.92558504198592,10.8499751130633,202.27381922948,TRUE,NA
"sigma",41.78,-12.6512573868296,-3.89053978924029,-2.92610530696159,10.8518412154793,202.33431346781,TRUE,NA
"sigma",41.79,-12.6532530071717,-3.89106718043248,-2.92662552750064,10.8537071792685,202.394811663498,TRUE,NA
"sigma",41.8,-12.6552484691498,-3.89159452398613,-2.92714570361686,10.8555730044734,202.455313815918,TRUE,NA
"sigma",41.81,-12.657243772814,-3.89212181991704,-2.92766583532389,10.8574386911366,202.515819924439,TRUE,NA
"sigma",41.82,-12.6592389182145,-3.89264906824118,-2.92818592263542,10.8593042393009,202.576329988436,TRUE,NA
"sigma",41.83,-12.6612339054012,-3.89317626897435,-2.92870596556514,10.8611696490087,202.636844007282,TRUE,NA
"sigma",41.84,-12.6632287344244,-3.89370342213246,-2.92922596412665,10.8630349203025,202.697361980351,TRUE,NA
"sigma",41.85,-12.6652234053338,-3.89423052773131,-2.9297459183337,10.864900053225,202.757883907015,TRUE,NA
"sigma",41.86,-12.6672179181795,-3.89475758578676,-2.93026582819987,10.8667650478186,202.818409786649,TRUE,NA
"sigma",41.87,-12.6692122730115,-3.8952845963146,-2.93078569373872,10.8686299041259,202.878939618626,TRUE,NA
"sigma",41.88,-12.6712064698797,-3.8958115593307,-2.93130551496403,10.8704946221891,202.93947340232,TRUE,NA
"sigma",41.89,-12.6732005088339,-3.89633847485086,-2.93182529188936,10.8723592020509,203.000011137108,TRUE,NA
"sigma",41.9,-12.6751943899241,-3.89686534289094,-2.93234502452841,10.8742236437536,203.060552822362,TRUE,NA
"sigma",41.91,-12.6771881132,-3.89739216346663,-2.93286471289472,10.8760879473396,203.121098457459,TRUE,NA
"sigma",41.92,-12.6791816787115,-3.89791893659376,-2.93338435700185,10.8779521128512,203.181648041772,TRUE,NA
"sigma",41.93,-12.6811750865084,-3.89844566228813,-2.93390395686347,10.8798161403309,203.24220157468,TRUE,NA
"sigma",41.94,-12.6831683366403,-3.8989723405655,-2.93442351249321,10.8816800298208,203.302759055556,TRUE,NA
"sigma",41.95,-12.6851614291572,-3.89949897144159,-2.93494302390458,10.8835437813634,203.363320483777,TRUE,NA
"sigma",41.96,-12.6871543641085,-3.90002555493216,-2.93546249111113,10.8854073950009,203.423885858718,TRUE,NA
"sigma",41.97,-12.6891471415441,-3.90055209105297,-2.93598191412651,10.8872708707755,203.484455179758,TRUE,NA
"sigma",41.98,-12.6911397615136,-3.90107857981978,-2.93650129296431,10.8891342087295,203.545028446272,TRUE,NA
"sigma",41.99,-12.6931322240666,-3.90160502124828,-2.93702062763798,10.890997408905,203.605605657638,TRUE,NA
"sigma",42,-12.6951245292526,-3.90213141535412,-2.93753991816112,10.8928604713443,203.666186813232,TRUE,NA
"sigma",42.01,-12.6971166771213,-3.90265776215315,-2.93805916454734,10.8947233960896,203.726771912433,TRUE,NA
"sigma",42.02,-12.6991086677222,-3.90318406166093,-2.93857836681008,10.8965861831829,203.787360954617,TRUE,NA
"sigma",42.03,-12.7011005011048,-3.90371031389324,-2.93909752496294,10.8984488326663,203.847953939164,TRUE,NA
"sigma",42.04,-12.7030921773185,-3.90423651886568,-2.93961663901937,10.9003113445821,203.908550865451,TRUE,NA
"sigma",42.05,-12.7050836964129,-3.90476267659401,-2.94013570899298,10.9021737189721,203.969151732857,TRUE,NA
"sigma",42.06,-12.7070750584373,-3.90528878709379,-2.94065473489718,10.9040359558785,204.029756540759,TRUE,NA
"sigma",42.07,-12.7090662634412,-3.90581485038078,-2.94117371674558,10.9058980553433,204.090365288539,TRUE,NA
"sigma",42.08,-12.7110573114739,-3.90634086647052,-2.94169265455156,10.9077600174085,204.150977975574,TRUE,NA
"sigma",42.09,-12.7130482025848,-3.90686683537871,-2.94221154832869,10.9096218421161,204.211594601246,TRUE,NA
"sigma",42.1,-12.7150389368233,-3.90739275712097,-2.94273039809045,10.911483529508,204.272215164932,TRUE,NA
"sigma",42.11,-12.7170295142385,-3.90791863171287,-2.94324920385027,10.9133450796262,204.332839666012,TRUE,NA
"sigma",42.12,-12.7190199348797,-3.90844445917009,-2.94376796562167,10.9152064925125,204.393468103869,TRUE,NA
"sigma",42.13,-12.7210101987963,-3.90897023950819,-2.94428668341806,10.9170677682089,204.454100477881,TRUE,NA
"sigma",42.14,-12.7230003060374,-3.90949597274274,-2.94480535725293,10.9189289067572,204.514736787429,TRUE,NA
"sigma",42.15,-12.7249902566522,-3.9100216588893,-2.94532398713967,10.9207899081993,204.575377031894,TRUE,NA
"sigma",42.16,-12.7269800506899,-3.91054729796355,-2.9458425730918,10.922650772577,204.636021210658,TRUE,NA
"sigma",42.17,-12.7289696881995,-3.91107288998097,-2.94636111512275,10.924511499932,204.696669323102,TRUE,NA
"sigma",42.18,-12.7309591692303,-3.91159843495713,-2.9468796132459,10.9263720903062,204.757321368608,TRUE,NA
"sigma",42.19,-12.7329484938312,-3.9121239329076,-2.9473980674747,10.9282325437413,204.817977346557,TRUE,NA
"sigma",42.2,-12.7349376620513,-3.91264938384784,-2.94791647782251,10.930092860279,204.878637256332,TRUE,NA
"sigma",42.21,-12.7369266739396,-3.91317478779346,-2.94843484430278,10.9319530399611,204.939301097315,TRUE,NA
"sigma",42.22,-12.7389155295453,-3.91370014475997,-2.94895316692897,10.9338130828292,204.99996886889,TRUE,NA
"sigma",42.23,-12.7409042289171,-3.91422545476288,-2.94947144571438,10.935672988925,205.060640570439,TRUE,NA
"sigma",42.24,-12.7428927721041,-3.91475071781763,-2.94998968067241,10.9375327582901,205.121316201343,TRUE,NA
"sigma",42.25,-12.7448811591552,-3.91527593393983,-2.95050787181648,10.9393923909662,205.181995760989,TRUE,NA
"sigma",42.26,-12.7468693901192,-3.91580110314485,-2.95102601915992,10.9412518869948,205.242679248758,TRUE,NA
"sigma",42.27,-12.748857465045,-3.91632622544822,-2.95154412271613,10.9431112464175,205.303366664035,TRUE,NA
"sigma",42.28,-12.7508453839816,-3.91685130086542,-2.95206218249845,10.9449704692758,205.364058006204,TRUE,NA
"sigma",42.29,-12.7528331469776,-3.91737632941189,-2.95258019852024,10.9468295556114,205.42475327465,TRUE,NA
"sigma",42.3,-12.7548207540818,-3.91790131110308,-2.95309817079485,10.9486885054656,205.485452468757,TRUE,NA
"sigma",42.31,-12.7568082053431,-3.91842624595439,-2.95361609933556,10.95054731888,205.546155587909,TRUE,NA
"sigma",42.32,-12.7587955008101,-3.91895113398137,-2.95413398415582,10.9524059958961,205.606862631492,TRUE,NA
"sigma",42.33,-12.7607826405316,-3.91947597519932,-2.95465182526885,10.9542645365552,205.667573598892,TRUE,NA
"sigma",42.34,-12.7627696245562,-3.92000076962374,-2.95516962268801,10.9561229408988,205.728288489494,TRUE,NA
"sigma",42.35,-12.7647564529325,-3.92052551726998,-2.95568737642663,10.9579812089683,205.789007302683,TRUE,NA
"sigma",42.36,-12.7667431257093,-3.92105021815346,-2.95620508649795,10.9598393408051,205.849730037845,TRUE,NA
"sigma",42.37,-12.768729642935,-3.92157487228957,-2.95672275291536,10.9616973364505,205.910456694368,TRUE,NA
"sigma",42.38,-12.7707160046584,-3.9220994796937,-2.95724037569207,10.9635551959458,205.971187271637,TRUE,NA
"sigma",42.39,-12.7727022109278,-3.92262404038123,-2.95775795484142,10.9654129193323,206.03192176904,TRUE,NA
"sigma",42.4,-12.7746882617919,-3.92314855436748,-2.95827549037662,10.9672705066514,206.092660185963,TRUE,NA
"sigma",42.41,-12.7766741572991,-3.92367302166786,-2.95879298231104,10.9691279579443,206.153402521794,TRUE,NA
"sigma",42.42,-12.7786598974978,-3.92419744229767,-2.95931043065785,10.9709852732521,206.214148775919,TRUE,NA
"sigma",42.43,-12.7806454824366,-3.92472181627229,-2.95982783543035,10.9728424526163,206.274898947728,TRUE,NA
"sigma",42.44,-12.7826309121639,-3.92524614360705,-2.96034519664183,10.9746994960778,206.335653036608,TRUE,NA
"sigma",42.45,-12.7846161867279,-3.92577042431722,-2.96086251430548,10.9765564036779,206.396411041946,TRUE,NA
"sigma",42.46,-12.7866013061772,-3.92629465841813,-2.96137978843453,10.9784131754579,206.457172963133,TRUE,NA
"sigma",42.47,-12.78858627056,-3.92681884592506,-2.96189701904215,10.9802698114587,206.517938799554,TRUE,NA
"sigma",42.48,-12.7905710799245,-3.92734298685339,-2.96241420614176,10.9821263117215,206.578708550602,TRUE,NA
"sigma",42.49,-12.7925557343192,-3.92786708121836,-2.9629313497464,10.9839826762874,206.639482215664,TRUE,NA
"sigma",42.5,-12.7945402337923,-3.92839112903524,-2.96344844986939,10.9858389051974,206.70025979413,TRUE,NA
"sigma",42.51,-12.7965245783919,-3.92891513031932,-2.96396550652385,10.9876949984925,206.761041285389,TRUE,NA
"sigma",42.52,-12.7985087681664,-3.92943908508584,-2.96448251972306,10.989550956214,206.821826688833,TRUE,NA
"sigma",42.53,-12.8004928031638,-3.92996299334998,-2.96499948948008,10.9914067784025,206.882616003847,TRUE,NA
"sigma",42.54,-12.8024766834323,-3.93048685512715,-2.96551641580827,10.9932624650993,206.943409229827,TRUE,NA
"sigma",42.55,-12.8044604090201,-3.93101067043248,-2.96603329872067,10.9951180163452,207.004206366162,TRUE,NA
"sigma",42.56,-12.8064439799752,-3.93153443928121,-2.96655013823049,10.9969734321811,207.065007412242,TRUE,NA
"sigma",42.57,-12.8084273963457,-3.93205816168857,-2.96706693435093,10.998828712648,207.125812367459,TRUE,NA
"sigma",42.58,-12.8104106581797,-3.93258183766975,-2.9675836870951,11.0006838577868,207.186621231203,TRUE,NA
"sigma",42.59,-12.8123937655251,-3.93310546723994,-2.96810039647618,11.0025388676383,207.247434002866,TRUE,NA
"sigma",42.6,-12.81437671843,-3.93362905041436,-2.96861706250723,11.0043937422433,207.308250681841,TRUE,NA
"sigma",42.61,-12.8163595169423,-3.93415258720822,-2.96913368520154,11.0062484816428,207.369071267519,TRUE,NA
"sigma",42.62,-12.8183421611101,-3.93467607763667,-2.96965026457216,11.0081030858774,207.429895759292,TRUE,NA
"sigma",42.63,-12.8203246509811,-3.93519952171487,-2.9701668006322,11.009957554988,207.490724156553,TRUE,NA
"sigma",42.64,-12.8223069866033,-3.93572291945794,-2.97068329339473,11.0118118890153,207.551556458695,TRUE,NA
"sigma",42.65,-12.8242891680245,-3.93624627088111,-2.97119974287298,11.013666088,207.612392665112,TRUE,NA
"sigma",42.66,-12.8262711952927,-3.93676957599951,-2.97171614908003,11.0155201519829,207.673232775195,TRUE,NA
"sigma",42.67,-12.8282530684555,-3.9372928348282,-2.9722325120289,11.0173740810047,207.734076788337,TRUE,NA
"sigma",42.68,-12.8302347875608,-3.93781604738237,-2.97274883173274,11.0192278751061,207.794924703936,TRUE,NA
"sigma",42.69,-12.8322163526563,-3.93833921367712,-2.9732651082046,11.0210815343275,207.855776521381,TRUE,NA
"sigma",42.7,-12.8341977637899,-3.93886233372759,-2.9737813414576,11.0229350587099,207.916632240069,TRUE,NA
"sigma",42.71,-12.8361790210091,-3.9393854075488,-2.97429753150476,11.0247884482936,207.977491859394,TRUE,NA
"sigma",42.72,-12.8381601243617,-3.93990843515592,-2.97481367835921,11.0266417031193,208.03835537875,TRUE,NA
"sigma",42.73,-12.8401410738953,-3.940431416564,-2.97532978203395,11.0284948232276,208.099222797532,TRUE,NA
"sigma",42.74,-12.8421218696575,-3.9409543517881,-2.97584584254201,11.0303478086589,208.160094115137,TRUE,NA
"sigma",42.75,-12.844102511696,-3.94147724084332,-2.97636185989649,11.0322006594539,208.220969330956,TRUE,NA
"sigma",42.76,-12.8460830000584,-3.94200008374474,-2.97687783411052,11.034053375653,208.28184844439,TRUE,NA
"sigma",42.77,-12.8480633347921,-3.94252288050731,-2.97739376519693,11.0359059572967,208.34273145483,TRUE,NA
"sigma",42.78,-12.8500435159448,-3.94304563114616,-2.97790965316888,11.0377584044254,208.403618361675,TRUE,NA
"sigma",42.79,-12.8520235435639,-3.94356833567631,-2.97842549803931,11.0396107170796,208.464509164321,TRUE,NA
"sigma",42.8,-12.8540034176969,-3.94409099411275,-2.97894129982131,11.0414628952997,208.525403862164,TRUE,NA
"sigma",42.81,-12.8559831383913,-3.94461360647052,-2.9794570585278,11.0433149391261,208.586302454601,TRUE,NA
"sigma",42.82,-12.8579627056944,-3.94513617276463,-2.97997277417188,11.0451668485991,208.647204941027,TRUE,NA
"sigma",42.83,-12.8599421196537,-3.94565869301009,-2.98048844676647,11.0470186237591,208.708111320843,TRUE,NA
"sigma",42.84,-12.8619213803166,-3.94618116722189,-2.98100407632459,11.0488702646465,208.769021593445,TRUE,NA
"sigma",42.85,-12.8639004877303,-3.94670359541495,-2.9815196628592,11.0507217713014,208.829935758229,TRUE,NA
"sigma",42.86,-12.8658794419423,-3.94722597760433,-2.98203520638325,11.0525731437643,208.890853814594,TRUE,NA
"sigma",42.87,-12.8678582429998,-3.94774831380493,-2.98255070690977,11.0544243820753,208.951775761938,TRUE,NA
"sigma",42.88,-12.8698368909501,-3.94827060403179,-2.98306616445174,11.0562754862748,209.012701599661,TRUE,NA
"sigma",42.89,-12.8718153858405,-3.94879284829977,-2.98358157902195,11.0581264564028,209.07363132716,TRUE,NA
"sigma",42.9,-12.8737937277181,-3.94931504662386,-2.98409695063352,11.0599772924997,209.134564943834,TRUE,NA
"sigma",42.91,-12.8757719166302,-3.94983719901897,-2.98461227929927,11.0618279946056,209.195502449082,TRUE,NA
"sigma",42.92,-12.8777499526239,-3.95035930550002,-2.9851275650322,11.0636785627607,209.256443842304,TRUE,NA
"sigma",42.93,-12.8797278357463,-3.95088136608195,-2.98564280784521,11.065528997005,209.317389122899,TRUE,NA
"sigma",42.94,-12.8817055660448,-3.95140338077971,-2.98615800775128,11.0673792973787,209.378338290269,TRUE,NA
"sigma",42.95,-12.8836831435661,-3.95192534960814,-2.98667316476331,11.069229463922,209.43929134381,TRUE,NA
"sigma",42.96,-12.8856605683576,-3.9524472725821,-2.98718827889413,11.0710794966748,209.500248282925,TRUE,NA
"sigma",42.97,-12.8876378404661,-3.95296914971654,-2.98770335015668,11.0729293956772,209.561209107014,TRUE,NA
"sigma",42.98,-12.8896149599388,-3.95349098102631,-2.98821837856387,11.0747791609692,209.622173815478,TRUE,NA
"sigma",42.99,-12.8915919268225,-3.95401276652624,-2.98873336412854,11.0766287925909,209.683142407716,TRUE,NA
"sigma",43,-12.8935687411644,-3.95453450623128,-2.98924830686368,11.0784782905823,209.744114883133,TRUE,NA
"sigma",43.01,-12.8955454030113,-3.95505620015624,-2.9897632067821,11.0803276549832,209.805091241127,TRUE,NA
"sigma",43.02,-12.8975219124102,-3.95557784831594,-2.99027806389667,11.0821768858336,209.866071481101,TRUE,NA
"sigma",43.03,-12.8994982694079,-3.9560994507252,-2.99079287822022,11.0840259831736,209.927055602457,TRUE,NA
"sigma",43.04,-12.9014744740513,-3.95662100739888,-2.99130764976561,11.0858749470429,209.988043604597,TRUE,NA
"sigma",43.05,-12.9034505263872,-3.95714251835181,-2.99182237854575,11.0877237774814,210.049035486923,TRUE,NA
"sigma",43.06,-12.9054264264626,-3.95766398359879,-2.99233706457354,11.089572474529,210.110031248838,TRUE,NA
"sigma",43.07,-12.907402174324,-3.95818540315457,-2.9928517078616,11.0914210382256,210.171030889744,TRUE,NA
"sigma",43.08,-12.9093777700184,-3.95870677703399,-2.99336630842295,11.0932694686109,210.232034409046,TRUE,NA
"sigma",43.09,-12.9113532135925,-3.95922810525184,-2.99388086627028,11.0951177657247,210.293041806145,TRUE,NA
"sigma",43.1,-12.9133285050929,-3.95974938782289,-2.99439538141653,11.0969659296069,210.354053080446,TRUE,NA
"sigma",43.11,-12.9153036445664,-3.96027062476187,-2.99490985387446,11.0988139602972,210.415068231351,TRUE,NA
"sigma",43.12,-12.9172786320598,-3.96079181608362,-2.99542428365686,11.1006618578353,210.476087258267,TRUE,NA
"sigma",43.13,-12.9192534676194,-3.96131296180284,-2.99593867077657,11.1025096222609,210.537110160596,TRUE,NA
"sigma",43.14,-12.9212281512921,-3.96183406193426,-2.99645301524633,11.1043572536137,210.598136937743,TRUE,NA
"sigma",43.15,-12.9232026831243,-3.96235511649264,-2.99696731707893,11.1062047519334,210.659167589112,TRUE,NA
"sigma",43.16,-12.9251770631627,-3.96287612549273,-2.99748157628719,11.1080521172597,210.720202114108,TRUE,NA
"sigma",43.17,-12.9271512914539,-3.96339708894921,-2.9979957928839,11.1098993496321,210.781240512138,TRUE,NA
"sigma",43.18,-12.9291253680442,-3.96391800687681,-2.99850996688172,11.1117464490903,210.842282782605,TRUE,NA
"sigma",43.19,-12.9310992929803,-3.96443887929021,-2.9990240982935,11.1135934156738,210.903328924914,TRUE,NA
"sigma",43.2,-12.9330730663085,-3.96495970620419,-2.999538187132,11.1154402494223,210.964378938475,TRUE,NA
"sigma",43.21,-12.9350466880754,-3.96548048763333,-3.00005223340995,11.1172869503752,211.02543282269,TRUE,NA
"sigma",43.22,-12.9370201583273,-3.96600122359237,-3.00056623714001,11.1191335185721,211.086490576966,TRUE,NA
"sigma",43.23,-12.9389934771106,-3.96652191409597,-3.00108019833504,11.1209799540525,211.147552200712,TRUE,NA
"sigma",43.24,-12.9409666444718,-3.96704255915876,-3.00159411700766,11.1228262568559,211.208617693331,TRUE,NA
"sigma",43.25,-12.9429396604571,-3.96756315879547,-3.00210799317069,11.1246724270217,211.269687054233,TRUE,NA
"sigma",43.26,-12.9449125251128,-3.96808371302065,-3.00262182683677,11.1265184645894,211.330760282822,TRUE,NA
"sigma",43.27,-12.9468852384853,-3.968604221849,-3.00313561801861,11.1283643695984,211.391837378508,TRUE,NA
"sigma",43.28,-12.9488578006208,-3.96912468529516,-3.003649366729,11.1302101420881,211.452918340699,TRUE,NA
"sigma",43.29,-12.9508302115656,-3.96964510337374,-3.00416307298054,11.1320557820979,211.514003168801,TRUE,NA
"sigma",43.3,-12.9528024713659,-3.97016547609931,-3.00467673678596,11.1339012896671,211.575091862224,TRUE,NA
"sigma",43.31,-12.9547745800679,-3.9706858034866,-3.00519035815797,11.1357466648351,211.636184420374,TRUE,NA
"sigma",43.32,-12.9567465377178,-3.97120608555009,-3.00570393710928,11.1375919076412,211.697280842662,TRUE,NA
"sigma",43.33,-12.9587183443616,-3.9717263223044,-3.00621747365236,11.1394370181247,211.758381128494,TRUE,NA
"sigma",43.34,-12.9606900000456,-3.97224651376413,-3.00673096780003,11.1412819963248,211.819485277282,TRUE,NA
"sigma",43.35,-12.9626615048158,-3.9727666599438,-3.00724441956497,11.1431268422809,211.880593288432,TRUE,NA
"sigma",43.36,-12.9646328587182,-3.97328676085805,-3.0077578289598,11.1449715560321,211.941705161356,TRUE,NA
"sigma",43.37,-12.9666040617991,-3.97380681652144,-3.00827119599714,11.1468161376177,212.002820895464,TRUE,NA
"sigma",43.38,-12.9685751141043,-3.97432682694845,-3.00878452068965,11.1486605870768,212.063940490164,TRUE,NA
"sigma",43.39,-12.9705460156798,-3.97484679215368,-3.00929780304995,11.1505049044487,212.125063944867,TRUE,NA
"sigma",43.4,-12.9725167665717,-3.97536671215165,-3.00981104309067,11.1523490897725,212.186191258983,TRUE,NA
"sigma",43.41,-12.9744873668258,-3.97588658695689,-3.01032424082446,11.1541931430872,212.247322431924,TRUE,NA
"sigma",43.42,-12.9764578164882,-3.97640641658394,-3.01083739626395,11.1560370644322,212.308457463099,TRUE,NA
"sigma",43.43,-12.9784281156047,-3.97692620104728,-3.01135050942167,11.1578808538463,212.36959635192,TRUE,NA
"sigma",43.44,-12.9803982642212,-3.97744594036139,-3.01186358031028,11.1597245113687,212.430739097797,TRUE,NA
"sigma",43.45,-12.9823682623835,-3.97796563454084,-3.01237660894237,11.1615680370385,212.491885700143,TRUE,NA
"sigma",43.46,-12.9843381101375,-3.97848528360004,-3.01288959533046,11.1634114308946,212.553036158369,TRUE,NA
"sigma",43.47,-12.986307807529,-3.9790048875535,-3.0134025394872,11.1652546929761,212.614190471888,TRUE,NA
"sigma",43.48,-12.9882773546037,-3.97952444641571,-3.01391544142524,11.167097823322,212.67534864011,TRUE,NA
"sigma",43.49,-12.9902467514074,-3.98004396020113,-3.01442830115701,11.1689408219713,212.736510662451,TRUE,NA
"sigma",43.5,-12.9922159979858,-3.98056342892418,-3.01494111869508,11.1707836889628,212.797676538319,TRUE,NA
"sigma",43.51,-12.9941850943848,-3.98108285259937,-3.0154538940522,11.1726264243355,212.858846267131,TRUE,NA
"sigma",43.52,-12.9961540406498,-3.98160223124106,-3.01596662724064,11.1744690281284,212.920019848297,TRUE,NA
"sigma",43.53,-12.9981228368266,-3.98212156486374,-3.01647931827315,11.1763115003802,212.981197281232,TRUE,NA
"sigma",43.54,-13.0000914829608,-3.98264085348181,-3.0169919671622,11.1781538411299,213.042378565349,TRUE,NA
"sigma",43.55,-13.002059979098,-3.98316009710968,-3.01750457392033,11.1799960504164,213.103563700061,TRUE,NA
"sigma",43.56,-13.0040283252838,-3.98367929576181,-3.01801713856008,11.1818381282784,213.164752684784,TRUE,NA
"sigma",43.57,-13.0059965215638,-3.98419844945255,-3.0185296610939,11.1836800747548,213.225945518931,TRUE,NA
"sigma",43.58,-13.0079645679835,-3.98471755819633,-3.01904214153444,11.1855218898842,213.287142201915,TRUE,NA
"sigma",43.59,-13.0099324645884,-3.98523662200743,-3.01955457989406,11.1873635737057,213.348342733152,TRUE,NA
"sigma",43.6,-13.0119002114241,-3.98575564090039,-3.02006697618537,11.1892051262577,213.409547112058,TRUE,NA
"sigma",43.61,-13.0138678085359,-3.98627461488943,-3.02057933042081,11.1910465475792,213.470755338046,TRUE,NA
"sigma",43.62,-13.0158352559692,-3.98679354398901,-3.0210916426129,11.1928878377086,213.531967410532,TRUE,NA
"sigma",43.63,-13.0178025537697,-3.98731242821345,-3.02160391277409,11.1947289966849,213.593183328933,TRUE,NA
"sigma",43.64,-13.0197697019825,-3.9878312675771,-3.02211614091689,11.1965700245466,213.654403092662,TRUE,NA
"sigma",43.65,-13.0217367006531,-3.98835006209425,-3.02262832705379,11.1984109213324,213.715626701137,TRUE,NA
"sigma",43.66,-13.0237035498269,-3.98886881177932,-3.02314047119719,11.2002516870809,213.776854153774,TRUE,NA
"sigma",43.67,-13.0256702495491,-3.98938751664654,-3.02365257335953,11.2020923218307,213.838085449988,TRUE,NA
"sigma",43.68,-13.027636799865,-3.98990617671036,-3.02416463355344,11.2039328256203,213.899320589198,TRUE,NA
"sigma",43.69,-13.02960320082,-3.9904247919849,-3.0246766517911,11.2057731984885,213.960559570819,TRUE,NA
"sigma",43.7,-13.0315694524592,-3.99094336248461,-3.02518862808517,11.2076134404736,214.021802394268,TRUE,NA
"sigma",43.71,-13.0335355548279,-3.99146188822372,-3.02570056244801,11.2094535516142,214.083049058964,TRUE,NA
"sigma",43.72,-13.0355015079713,-3.99198036921652,-3.02621245489208,11.2112935319489,214.144299564323,TRUE,NA
"sigma",43.73,-13.0374673119346,-3.99249880547724,-3.02672430542967,11.213133381516,214.205553909763,TRUE,NA
"sigma",43.74,-13.0394329667629,-3.99301719702027,-3.02723611407339,11.2149731003542,214.266812094703,TRUE,NA
"sigma",43.75,-13.0413984725013,-3.99353554385972,-3.02774788083545,11.2168126885017,214.328074118559,TRUE,NA
"sigma",43.76,-13.043363829195,-3.99405384600992,-3.02825960572837,11.2186521459971,214.389339980751,TRUE,NA
"sigma",43.77,-13.045329036889,-3.99457210348514,-3.02877128876459,11.2204914728787,214.450609680698,TRUE,NA
"sigma",43.78,-13.0472940956284,-3.99509031629956,-3.02928292995638,11.222330669185,214.511883217818,TRUE,NA
"sigma",43.79,-13.0492590054582,-3.99560848446747,-3.02979452931624,11.2241697349543,214.573160591532,TRUE,NA
"sigma",43.8,-13.0512237664234,-3.99612660800299,-3.0303060868564,11.2260086702248,214.634441801255,TRUE,NA
"sigma",43.81,-13.0531883785691,-3.99664468692044,-3.0308176025894,11.2278474750351,214.695726846411,TRUE,NA
"sigma",43.82,-13.0551528419401,-3.99716272123402,-3.03132907652757,11.2296861494233,214.757015726417,TRUE,NA
"sigma",43.83,-13.0571171565815,-3.99768071095785,-3.03184050868319,11.2315246934277,214.818308440695,TRUE,NA
"sigma",43.84,-13.0590813225381,-3.99819865610616,-3.03235189906866,11.2333631070867,214.879604988663,TRUE,NA
"sigma",43.85,-13.0610453398548,-3.99871655669312,-3.0328632476963,11.2352013904385,214.940905369742,TRUE,NA
"sigma",43.86,-13.0630092085765,-3.9992344127329,-3.03337455457848,11.2370395435212,215.002209583353,TRUE,NA
"sigma",43.87,-13.064972928748,-3.99975222423974,-3.03388581972757,11.2388775663731,215.063517628918,TRUE,NA
"sigma",43.88,-13.0669365004142,-4.00026999122774,-3.03439704315587,11.2407154590323,215.124829505857,TRUE,NA
"sigma",43.89,-13.0688999236198,-4.00078771371104,-3.03490822487567,11.2425532215371,215.186145213591,TRUE,NA
"sigma",43.9,-13.0708631984097,-4.00130539170382,-3.03541936489933,11.2443908539256,215.247464751541,TRUE,NA
"sigma",43.91,-13.0728263248285,-4.00182302522016,-3.03593046323914,11.246228356236,215.30878811913,TRUE,NA
"sigma",43.92,-13.0747893029211,-4.00234061427428,-3.03644151990742,11.2480657285062,215.37011531578,TRUE,NA
"sigma",43.93,-13.076752132732,-4.00285815888017,-3.03695253491645,11.2499029707744,215.43144634091,TRUE,NA
"sigma",43.94,-13.078714814306,-4.00337565905213,-3.03746350827856,11.2517400830787,215.492781193949,TRUE,NA
"sigma",43.95,-13.0806773476878,-4.00389311480403,-3.03797444000598,11.2535770654572,215.554119874312,TRUE,NA
"sigma",43.96,-13.0826397329219,-4.0044105261502,-3.03848533011108,11.2554139179477,215.615462381428,TRUE,NA
"sigma",43.97,-13.084601970053,-4.00492789310455,-3.03899617860599,11.2572506405884,215.676808714715,TRUE,NA
"sigma",43.98,-13.0865640591257,-4.00544521568128,-3.03950698550315,11.2590872334173,215.738158873599,TRUE,NA
"sigma",43.99,-13.0885260001844,-4.0059624938944,-3.04001775081471,11.2609236964723,215.799512857504,TRUE,NA
"sigma",44,-13.0904877932739,-4.006479727758,-3.04052847455295,11.2627600297913,215.860870665852,TRUE,NA
"sigma",44.01,-13.0924494384385,-4.00699691728616,-3.04103915673013,11.2645962334124,215.922232298068,TRUE,NA
"sigma",44.02,-13.0944109357228,-4.00751406249293,-3.04154979735856,11.2664323073733,215.983597753576,TRUE,NA
"sigma",44.03,-13.0963722851712,-4.00803116339231,-3.04206039645035,11.268268251712,216.0449670318,TRUE,NA
"sigma",44.04,-13.0983334868282,-4.00854821999839,-3.04257095401786,11.2701040664664,216.106340132164,TRUE,NA
"sigma",44.05,-13.1002945407382,-4.00906523232513,-3.04308147007314,11.2719397516743,216.167717054094,TRUE,NA
"sigma",44.06,-13.1022554469456,-4.00958220038663,-3.0435919446286,11.2737753073735,216.229097797015,TRUE,NA
"sigma",44.07,-13.1042162054947,-4.01009912419689,-3.0441023776964,11.2756107336019,216.29048236035,TRUE,NA
"sigma",44.08,-13.10617681643,-4.01061600376986,-3.0446127692887,11.2774460303973,216.351870743527,TRUE,NA
"sigma",44.09,-13.1081372797958,-4.01113283911961,-3.04512311941777,11.2792811977973,216.413262945972,TRUE,NA
"sigma",44.1,-13.1100975956363,-4.01164963026008,-3.04563342809579,11.2811162358399,216.474658967108,TRUE,NA
"sigma",44.11,-13.1120577639958,-4.01216637720525,-3.04614369533482,11.2829511445626,216.536058806363,TRUE,NA
"sigma",44.12,-13.1140177849187,-4.01268307996918,-3.04665392114727,11.2847859240033,216.597462463163,TRUE,NA
"sigma",44.13,-13.115977658449,-4.01319973856576,-3.04716410554517,11.2866205741996,216.658869936934,TRUE,NA
"sigma",44.14,-13.1179373846312,-4.013716353009,-3.04767424854073,11.2884550951892,216.720281227104,TRUE,NA
"sigma",44.15,-13.1198969635092,-4.01423292331277,-3.04818435014612,11.2902894870097,216.781696333099,TRUE,NA
"sigma",44.16,-13.1218563951274,-4.01474944949108,-3.04869441037346,11.2921237496988,216.843115254345,TRUE,NA
"sigma",44.17,-13.1238156795298,-4.01526593155787,-3.04920442923498,11.2939578832941,216.904537990271,TRUE,NA
"sigma",44.18,-13.1257748167605,-4.01578236952706,-3.04971440674274,11.2957918878333,216.965964540305,TRUE,NA
"sigma",44.19,-13.1277338068638,-4.01629876341264,-3.05022434290905,11.2976257633538,217.027394903874,TRUE,NA
"sigma",44.2,-13.1296926498835,-4.01681511322839,-3.05073423774587,11.2994595098933,217.088829080406,TRUE,NA
"sigma",44.21,-13.1316513458639,-4.0173314189883,-3.05124409126533,11.3012931274892,217.150267069329,TRUE,NA
"sigma",44.22,-13.1336098948489,-4.0178476807063,-3.05175390347969,11.3031266161792,217.211708870072,TRUE,NA
"sigma",44.23,-13.1355682968824,-4.0183638983962,-3.05226367440099,11.3049599760007,217.273154482062,TRUE,NA
"sigma",44.24,-13.1375265520086,-4.01888007207199,-3.05277340404134,11.3067932069911,217.334603904731,TRUE,NA
"sigma",44.25,-13.1394846602713,-4.01939620174748,-3.0532830924129,11.308626309188,217.396057137506,TRUE,NA
"sigma",44.26,-13.1414426217146,-4.01991228743651,-3.05379273952766,11.3104592826288,217.457514179816,TRUE,NA
"sigma",44.27,-13.1434004363822,-4.02042832915305,-3.05430234539783,11.312292127351,217.518975031091,TRUE,NA
"sigma",44.28,-13.1453581043181,-4.02094432691089,-3.05481191003547,11.3141248433918,217.580439690762,TRUE,NA
"sigma",44.29,-13.1473156255662,-4.02146028072386,-3.05532143345262,11.3159574307888,217.641908158258,TRUE,NA
"sigma",44.3,-13.1492730001703,-4.02197619060585,-3.0558309156614,11.3177898895792,217.703380433008,TRUE,NA
"sigma",44.31,-13.1512302281742,-4.02249205657066,-3.05634035667387,11.3196222198005,217.764856514444,TRUE,NA
"sigma",44.32,-13.1531873096218,-4.02300787863211,-3.05684975650206,11.32145442149,217.826336401995,TRUE,NA
"sigma",44.33,-13.1551442445568,-4.02352365680411,-3.05735911515817,11.3232864946848,217.887820095095,TRUE,NA
"sigma",44.34,-13.1571010330229,-4.02403939110033,-3.05786843265406,11.3251184394225,217.949307593172,TRUE,NA
"sigma",44.35,-13.1590576750639,-4.02455508153466,-3.0583777090019,11.3269502557402,218.010798895657,TRUE,NA
"sigma",44.36,-13.1610141707234,-4.02507072812094,-3.05888694421371,11.3287819436752,218.072294001983,TRUE,NA
"sigma",44.37,-13.1629705200453,-4.02558633087283,-3.05939613830147,11.3306135032647,218.133792911582,TRUE,NA
"sigma",44.38,-13.1649267230731,-4.02610188980425,-3.05990529127737,11.3324449345459,218.195295623885,TRUE,NA
"sigma",44.39,-13.1668827798505,-4.02661740492884,-3.06041440315316,11.3342762375561,218.256802138323,TRUE,NA
"sigma",44.4,-13.168838690421,-4.0271328762605,-3.06092347394117,11.3361074123323,218.31831245433,TRUE,NA
"sigma",44.41,-13.1707944548284,-4.0276483038129,-3.06143250365317,11.3379384589118,218.379826571338,TRUE,NA
"sigma",44.42,-13.1727500731161,-4.02816368759982,-3.06194149230132,11.3397693773317,218.441344488779,TRUE,NA
"sigma",44.43,-13.1747055453277,-4.02867902763504,-3.06245043989756,11.3416001676291,218.502866206089,TRUE,NA
"sigma",44.44,-13.1766608715068,-4.02919432393226,-3.06295934645387,11.3434308298411,218.564391722698,TRUE,NA
"sigma",44.45,-13.1786160516967,-4.02970957650517,-3.06346821198224,11.3452613640049,218.625921038039,TRUE,NA
"sigma",44.46,-13.1805710859411,-4.03022478536758,-3.06397703649473,11.3470917701573,218.687454151547,TRUE,NA
"sigma",44.47,-13.1825259742834,-4.03073995053317,-3.06448582000325,11.3489220483356,218.748991062656,TRUE,NA
"sigma",44.48,-13.1844807167669,-4.03125507201564,-3.06499456251977,11.3507521985767,218.810531770799,TRUE,NA
"sigma",44.49,-13.1864353134352,-4.03177014982873,-3.06550326405628,11.3525822209177,218.872076275411,TRUE,NA
"sigma",44.5,-13.1883897643316,-4.03228518398602,-3.06601192462468,11.3544121153954,218.933624575926,TRUE,NA
"sigma",44.51,-13.1903440694995,-4.03280017450134,-3.06652054423703,11.356241882047,218.99517667178,TRUE,NA
"sigma",44.52,-13.1922982289821,-4.03331512138829,-3.06702912290519,11.3580715209093,219.056732562405,TRUE,NA
"sigma",44.53,-13.1942522428229,-4.03383002466057,-3.06753766064117,11.3599010320192,219.118292247238,TRUE,NA
"sigma",44.54,-13.1962061110652,-4.03434488433184,-3.06804615745688,11.3617304154137,219.179855725715,TRUE,NA
"sigma",44.55,-13.1981598337522,-4.03485970041572,-3.06855461336421,11.3635596711297,219.241422997269,TRUE,NA
"sigma",44.56,-13.2001134109271,-4.03537447292594,-3.06906302837513,11.365388799204,219.302994061338,TRUE,NA
"sigma",44.57,-13.2020668426333,-4.03588920187607,-3.06957140250158,11.3672177996735,219.364568917358,TRUE,NA
"sigma",44.58,-13.2040201289139,-4.03640388727977,-3.07007973575543,11.369046672575,219.426147564762,TRUE,NA
"sigma",44.59,-13.205973269812,-4.03691852915067,-3.07058802814857,11.3708754179454,219.48773000299,TRUE,NA
"sigma",44.6,-13.207926265371,-4.03743312750243,-3.07109627969298,11.3727040358215,219.549316231477,TRUE,NA
"sigma",44.61,-13.2098791156338,-4.03794768234858,-3.0716044904005,11.3745325262399,219.610906249659,TRUE,NA
"sigma",44.62,-13.2118318206437,-4.0384621937028,-3.07211266028304,11.3763608892375,219.672500056974,TRUE,NA
"sigma",44.63,-13.2137843804437,-4.03897666157862,-3.07262078935238,11.3781891248511,219.734097652859,TRUE,NA
"sigma",44.64,-13.215736795077,-4.03949108598965,-3.07312887762058,11.3800172331173,219.795699036751,TRUE,NA
"sigma",44.65,-13.2176890645865,-4.04000546694956,-3.0736369250994,11.3818452140729,219.857304208088,TRUE,NA
"sigma",44.66,-13.2196411890152,-4.04051980447188,-3.07414493180085,11.3836730677545,219.918913166308,TRUE,NA
"sigma",44.67,-13.2215931684063,-4.04103409857011,-3.07465289773653,11.3855007941988,219.980525910848,TRUE,NA
"sigma",44.68,-13.2235450028027,-4.04154834925788,-3.0751608229185,11.3873283934425,220.042142441147,TRUE,NA
"sigma",44.69,-13.2254966922473,-4.04206255654878,-3.07566870735856,11.3891558655221,220.103762756643,TRUE,NA
"sigma",44.7,-13.2274482367831,-4.04257672045631,-3.07617655106854,11.3909832104744,220.165386856776,TRUE,NA
"sigma",44.71,-13.229399636453,-4.04309084099398,-3.07668435406031,11.3928104283358,220.227014740983,TRUE,NA
"sigma",44.72,-13.2313508912999,-4.04360491817539,-3.07719211634567,11.394637519143,220.288646408704,TRUE,NA
"sigma",44.73,-13.2333020013667,-4.04411895201402,-3.07769983793647,11.3964644829325,220.350281859377,TRUE,NA
"sigma",44.74,-13.2352529666963,-4.04463294252338,-3.07820751884447,11.3982913197409,220.411921092443,TRUE,NA
"sigma",44.75,-13.2372037873314,-4.04514688971706,-3.07871515908159,11.4001180296046,220.473564107342,TRUE,NA
"sigma",44.76,-13.239154463315,-4.04566079360846,-3.07922275865953,11.4019446125602,220.535210903512,TRUE,NA
"sigma",44.77,-13.2411049946896,-4.04617465421115,-3.07973031759019,11.4037710686442,220.596861480395,TRUE,NA
"sigma",44.78,-13.2430553814982,-4.04668847153862,-3.08023783588532,11.405597397893,220.65851583743,TRUE,NA
"sigma",44.79,-13.2450056237835,-4.04720224560433,-3.08074531355671,11.407423600343,220.720173974058,TRUE,NA
"sigma",44.8,-13.2469557215882,-4.04771597642178,-3.08125275061618,11.4092496760307,220.781835889719,TRUE,NA
"sigma",44.81,-13.248905674955,-4.04822966400438,-3.08176014707544,11.4110756249925,220.843501583855,TRUE,NA
"sigma",44.82,-13.2508554839266,-4.04874330836567,-3.08226750294635,11.4129014472648,220.905171055907,TRUE,NA
"sigma",44.83,-13.2528051485456,-4.0492569095191,-3.08277481824069,11.4147271428839,220.966844305316,TRUE,NA
"sigma",44.84,-13.2547546688546,-4.04977046747805,-3.08328209297012,11.4165527118863,221.028521331523,TRUE,NA
"sigma",44.85,-13.2567040448963,-4.05028398225599,-3.08378932714643,11.4183781543082,221.090202133971,TRUE,NA
"sigma",44.86,-13.2586532767133,-4.0507974538664,-3.08429652078144,11.4202034701859,221.151886712101,TRUE,NA
"sigma",44.87,-13.2606023643481,-4.05131088232269,-3.08480367388691,11.4220286595557,221.213575065356,TRUE,NA
"sigma",44.88,-13.2625513078433,-4.05182426763821,-3.08531078647445,11.423853722454,221.275267193177,TRUE,NA
"sigma",44.89,-13.2645001072414,-4.05233760982643,-3.08581785855588,11.4256786589171,221.336963095009,TRUE,NA
"sigma",44.9,-13.2664487625849,-4.05285090890078,-3.08632489014295,11.4275034689809,221.398662770291,TRUE,NA
"sigma",44.91,-13.2683972739163,-4.05336416487461,-3.08683188124735,11.429328152682,221.460366218469,TRUE,NA
"sigma",44.92,-13.270345641278,-4.05387737776132,-3.08733883188084,11.4311527100564,221.522073438985,TRUE,NA
"sigma",44.93,-13.2722938647124,-4.05439054757432,-3.08784574205505,11.4329771411403,221.583784431284,TRUE,NA
"sigma",44.94,-13.2742419442621,-4.05490367432699,-3.08835261178181,11.43480144597,221.645499194807,TRUE,NA
"sigma",44.95,-13.2761898799693,-4.05541675803264,-3.08885944107269,11.4366256245815,221.707217729,TRUE,NA
"sigma",44.96,-13.2781376718765,-4.05592979870466,-3.08936622993944,11.438449677011,221.768940033306,TRUE,NA
"sigma",44.97,-13.280085320026,-4.05644279635643,-3.08987297839373,11.4402736032946,221.83066610717,TRUE,NA
"sigma",44.98,-13.2820328244601,-4.05695575100131,-3.0903796864474,11.4420974034684,221.892395950035,TRUE,NA
"sigma",44.99,-13.2839801852211,-4.0574686626526,-3.09088635411183,11.4439210775684,221.954129561347,TRUE,NA
"sigma",45,-13.2859274023513,-4.05798153132366,-3.09139298139899,11.4457446256308,222.01586694055,TRUE,NA
"sigma",45.01,-13.287874475893,-4.05849435702778,-3.09189956832036,11.4475680476916,222.07760808709,TRUE,NA
"sigma",45.02,-13.2898214058885,-4.05900713977837,-3.09240611488768,11.4493913437868,222.139353000412,TRUE,NA
"sigma",45.03,-13.2917681923798,-4.05951987958858,-3.09291262111253,11.4512145139523,222.20110167996,TRUE,NA
"sigma",45.04,-13.2937148354093,-4.06003257647192,-3.09341908700675,11.4530375582243,222.262854125181,TRUE,NA
"sigma",45.05,-13.2956613350191,-4.06054523044155,-3.09392551258174,11.4548604766385,222.324610335522,TRUE,NA
"sigma",45.06,-13.2976076912513,-4.06105784151082,-3.0944318978493,11.4566832692311,222.386370310426,TRUE,NA
"sigma",45.07,-13.2995539041481,-4.06157040969293,-3.094938242821,11.4585059360379,222.448134049343,TRUE,NA
"sigma",45.08,-13.3014999737517,-4.0620829350013,-3.09544454750851,11.4603284770949,222.509901551716,TRUE,NA
"sigma",45.09,-13.303445900104,-4.06259541744911,-3.09595081192342,11.4621508924379,222.571672816993,TRUE,NA
"sigma",45.1,-13.3053916832471,-4.0631078570496,-3.09645703607738,11.4639731821028,222.633447844621,TRUE,NA
"sigma",45.11,-13.3073373232232,-4.06362025381609,-3.09696321998195,11.4657953461255,222.695226634049,TRUE,NA
"sigma",45.12,-13.3092828200741,-4.06413260776184,-3.09746936364878,11.4676173845418,222.75700918472,TRUE,NA
"sigma",45.13,-13.311228173842,-4.06464491890002,-3.09797546708944,11.4694392973875,222.818795496086,TRUE,NA
"sigma",45.14,-13.3131733845689,-4.06515718724394,-3.09848153031559,11.4712610846985,222.880585567593,TRUE,NA
"sigma",45.15,-13.3151184522965,-4.06566941280678,-3.09898755333872,11.4730827465105,222.942379398687,TRUE,NA
"sigma",45.16,-13.317063377067,-4.06618159560176,-3.09949353617049,11.4749042828593,223.004176988818,TRUE,NA
"sigma",45.17,-13.3190081589221,-4.06669373564212,-3.09999947882242,11.4767256937806,223.065978337434,TRUE,NA
"sigma",45.18,-13.3209527979039,-4.06720583294108,-3.10050538130614,11.4785469793103,223.127783443984,TRUE,NA
"sigma",45.19,-13.3228972940542,-4.06771788751181,-3.10101124363319,11.4803681394839,223.189592307917,TRUE,NA
"sigma",45.2,-13.3248416474148,-4.06822989936752,-3.10151706581512,11.4821891743372,223.25140492868,TRUE,NA
"sigma",45.21,-13.3267858580276,-4.06874186852136,-3.10202284786346,11.4840100839059,223.313221305725,TRUE,NA
"sigma",45.22,-13.3287299259344,-4.0692537949866,-3.10252858978985,11.4858308682256,223.375041438498,TRUE,NA
"sigma",45.23,-13.3306738511769,-4.06976567877633,-3.10303429160581,11.487651527332,223.43686532645,TRUE,NA
"sigma",45.24,-13.3326176337969,-4.0702775199037,-3.10353995332274,11.4894720612606,223.498692969032,TRUE,NA
"sigma",45.25,-13.3345612738362,-4.07078931838199,-3.10404557495241,11.4912924700472,223.560524365692,TRUE,NA
"sigma",45.26,-13.3365047713365,-4.07130107422427,-3.10455115650616,11.4931127537273,223.622359515883,TRUE,NA
"sigma",45.27,-13.3384481263396,-4.07181278744363,-3.10505669799557,11.4949329123364,223.684198419051,TRUE,NA
"sigma",45.28,-13.340391338887,-4.07232445805333,-3.10556219943218,11.4967529459101,223.74604107465,TRUE,NA
"sigma",45.29,-13.3423344090204,-4.0728360860664,-3.10606766082746,11.4985728544841,223.80788748213,TRUE,NA
"sigma",45.3,-13.3442773367815,-4.07334767149602,-3.10657308219297,11.5003926380936,223.869737640941,TRUE,NA
"sigma",45.31,-13.346220122212,-4.07385921435528,-3.10707846354012,11.5022122967744,223.931591550535,TRUE,NA
"sigma",45.32,-13.3481627653532,-4.07437071465738,-3.10758380488055,11.5040318305617,223.993449210363,TRUE,NA
"sigma",45.33,-13.3501052662471,-4.07488217241529,-3.10808910622559,11.5058512394913,224.055310619878,TRUE,NA
"sigma",45.34,-13.3520476249349,-4.07539358764218,-3.10859436758683,11.5076705235984,224.117175778528,TRUE,NA
"sigma",45.35,-13.3539898414582,-4.07590496035117,-3.10909958897578,11.5094896829184,224.179044685769,TRUE,NA
"sigma",45.36,-13.3559319158587,-4.07641629055525,-3.10960477040374,11.5113087174869,224.240917341052,TRUE,NA
"sigma",45.37,-13.3578738481776,-4.0769275782676,-3.11010991188237,11.5131276273391,224.302793743828,TRUE,NA
"sigma",45.38,-13.3598156384566,-4.07743882350121,-3.11061501342299,11.5149464125105,224.364673893551,TRUE,NA
"sigma",45.39,-13.3617572867371,-4.07795002626915,-3.11112007503711,11.5167650730365,224.426557789673,TRUE,NA
"sigma",45.4,-13.3636987930605,-4.07846118658448,-3.11162509673612,11.5185836089523,224.488445431646,TRUE,NA
"sigma",45.41,-13.3656401574682,-4.07897230446035,-3.11213007853168,11.5204020202932,224.550336818926,TRUE,NA
"sigma",45.42,-13.3675813800016,-4.07948337990969,-3.112635020435,11.5222203070948,224.612231950964,TRUE,NA
"sigma",45.43,-13.369522460702,-4.07999441294551,-3.11313992245755,11.524038469392,224.674130827214,TRUE,NA
"sigma",45.44,-13.3714633996108,-4.08050540358098,-3.11364478461089,11.5258565072203,224.736033447131,TRUE,NA
"sigma",45.45,-13.3734041967693,-4.08101635182902,-3.11414960690633,11.527674420615,224.797939810168,TRUE,NA
"sigma",45.46,-13.3753448522189,-4.08152725770261,-3.11465438935523,11.5294922096111,224.859849915779,TRUE,NA
"sigma",45.47,-13.3772853660008,-4.08203812121483,-3.11515913196909,11.531309874244,224.921763763418,TRUE,NA
"sigma",45.48,-13.3792257381562,-4.08254894237866,-3.11566383475939,11.5331274145489,224.983681352541,TRUE,NA
"sigma",45.49,-13.3811659687264,-4.08305972120712,-3.11616849773739,11.5349448305609,225.0456026826,TRUE,NA
"sigma",45.5,-13.3831060577526,-4.08357045771321,-3.11667312091463,11.5367621223151,225.107527753054,TRUE,NA
"sigma",45.51,-13.385046005276,-4.08408115190979,-3.11717770430231,11.5385792898469,225.169456563355,TRUE,NA
"sigma",45.52,-13.3869858113378,-4.08459180380996,-3.11768224791199,11.5403963331912,225.231389112959,TRUE,NA
"sigma",45.53,-13.3889254759791,-4.08510241342668,-3.11818675175497,11.5422132523831,225.293325401322,TRUE,NA
"sigma",45.54,-13.3908649992411,-4.08561298077291,-3.1186912158427,11.5440300474578,225.355265427901,TRUE,NA
"sigma",45.55,-13.3928043811649,-4.0861235058615,-3.11919564018641,11.5458467184504,225.417209192149,TRUE,NA
"sigma",45.56,-13.3947436217915,-4.08663398870543,-3.11970002479751,11.5476632653959,225.479156693525,TRUE,NA
"sigma",45.57,-13.3966827211621,-4.08714442931773,-3.12020436968737,11.5494796883294,225.541107931483,TRUE,NA
"sigma",45.58,-13.3986216793177,-4.08765482771129,-3.12070867486746,11.5512959872858,225.603062905482,TRUE,NA
"sigma",45.59,-13.4005604962993,-4.08816518389908,-3.12121294034899,11.5531121623001,225.665021614977,TRUE,NA
"sigma",45.6,-13.4024991721479,-4.08867549789391,-3.12171716614329,11.5549282134075,225.726984059424,TRUE,NA
"sigma",45.61,-13.4044377069045,-4.08918576970878,-3.12222135226177,11.5567441406427,225.788950238283,TRUE,NA
"sigma",45.62,-13.4063761006101,-4.08969599935653,-3.12272549871571,11.5585599440409,225.850920151009,TRUE,NA
"sigma",45.63,-13.4083143533056,-4.09020618685019,-3.12322960551655,11.5603756236369,225.912893797061,TRUE,NA
"sigma",45.64,-13.410252465032,-4.09071633220248,-3.1237336726754,11.5621911794656,225.974871175896,TRUE,NA
"sigma",45.65,-13.4121904358301,-4.09122643542642,-3.1242377002038,11.5640066115619,226.036852286972,TRUE,NA
"sigma",45.66,-13.4141282657409,-4.09173649653481,-3.12474168811282,11.5658219199608,226.098837129748,TRUE,NA
"sigma",45.67,-13.4160659548051,-4.09224651554054,-3.12524563641397,11.5676371046972,226.160825703681,TRUE,NA
"sigma",45.68,-13.4180035030637,-4.09275649245654,-3.12574954511846,11.5694521658057,226.22281800823,TRUE,NA
"sigma",45.69,-13.4199409105575,-4.09326642729559,-3.12625341423761,11.5712671033213,226.284814042854,TRUE,NA
"sigma",45.7,-13.4218781773272,-4.09377632007056,-3.12675724378265,11.5730819172788,226.346813807011,TRUE,NA
"sigma",45.71,-13.4238153034136,-4.09428617079428,-3.12726103376492,11.5748966077129,226.408817300161,TRUE,NA
"sigma",45.72,-13.4257522888576,-4.0947959794797,-3.12776478419572,11.5767111746586,226.470824521764,TRUE,NA
"sigma",45.73,-13.4276891336998,-4.09530574613953,-3.12826849508627,11.5785256181504,226.532835471279,TRUE,NA
"sigma",45.74,-13.4296258379809,-4.09581547078664,-3.12877216644784,11.5803399382233,226.594850148164,TRUE,NA
"sigma",45.75,-13.4315624017417,-4.09632515343385,-3.12927579829168,11.5821541349118,226.656868551882,TRUE,NA
"sigma",45.76,-13.4334988250228,-4.09683479409394,-3.12977939062909,11.5839682082508,226.718890681891,TRUE,NA
"sigma",45.77,-13.435435107865,-4.0973443927798,-3.13028294347133,11.5857821582748,226.780916537652,TRUE,NA
"sigma",45.78,-13.4373712503087,-4.09785394950415,-3.13078645682954,11.5875959850186,226.842946118624,TRUE,NA
"sigma",45.79,-13.4393072523947,-4.09836346427979,-3.13128993071501,11.5894096885169,226.904979424269,TRUE,NA
"sigma",45.8,-13.4412431141635,-4.09887293711953,-3.131793365139,11.5912232688042,226.967016454048,TRUE,NA
"sigma",45.81,-13.4431788356557,-4.09938236803612,-3.13229676011274,11.5930367259153,227.029057207422,TRUE,NA
"sigma",45.82,-13.4451144169119,-4.09989175704238,-3.13280011564746,11.5948500598847,227.091101683853,TRUE,NA
"sigma",45.83,-13.4470498579726,-4.10040110415104,-3.13330343175434,11.596663270747,227.153149882801,TRUE,NA
"sigma",45.84,-13.4489851588783,-4.10091040937493,-3.13380670844465,11.5984763585367,227.215201803728,TRUE,NA
"sigma",45.85,-13.4509203196695,-4.10141967272666,-3.13430994572951,11.6002893232885,227.277257446097,TRUE,NA
"sigma",45.86,-13.4528553403866,-4.10192889421907,-3.13481314362012,11.6021021650368,227.339316809369,TRUE,NA
"sigma",45.87,-13.4547902210702,-4.10243807386494,-3.13531630212781,11.6039148838163,227.401379893007,TRUE,NA
"sigma",45.88,-13.4567249617606,-4.10294721167693,-3.13581942126369,11.6057274796613,227.463446696472,TRUE,NA
"sigma",45.89,-13.4586595624983,-4.10345630766777,-3.1363225010389,11.6075399526064,227.525517219228,TRUE,NA
"sigma",45.9,-13.4605940233237,-4.10396536185022,-3.13682554146466,11.6093523026861,227.587591460738,TRUE,NA
"sigma",45.91,-13.4625283442771,-4.10447437423698,-3.13732854255221,11.6111645299348,227.649669420464,TRUE,NA
"sigma",45.92,-13.4644625253988,-4.10498334484072,-3.13783150431257,11.6129766343869,227.711751097869,TRUE,NA
"sigma",45.93,-13.4663965667293,-4.10549227367418,-3.13833442675702,11.6147886160769,227.773836492419,TRUE,NA
"sigma",45.94,-13.4683304683088,-4.10600116075009,-3.13883730989676,11.6166004750391,227.835925603575,TRUE,NA
"sigma",45.95,-13.4702642301775,-4.10651000608097,-3.13934015374273,11.618412211308,227.8980184308,TRUE,NA
"sigma",45.96,-13.4721978523759,-4.10701880967972,-3.13984295830632,11.6202238249179,227.960114973562,TRUE,NA
"sigma",45.97,-13.4741313349441,-4.10752757155886,-3.14034572359854,11.6220353159032,228.022215231321,TRUE,NA
"sigma",45.98,-13.4760646779223,-4.10803629173115,-3.14084844963063,11.6238466842982,228.084319203544,TRUE,NA
"sigma",45.99,-13.4779978813508,-4.1085449702092,-3.14135113641359,11.6256579301372,228.146426889695,TRUE,NA
"sigma",46,-13.4799309452697,-4.10905360700566,-3.14185378395863,11.6274690534545,228.208538289239,TRUE,NA
"sigma",46.01,-13.4818638697192,-4.10956220213318,-3.14235639227686,11.6292800542844,228.270653401639,TRUE,NA
"sigma",46.02,-13.4837966547395,-4.1100707556044,-3.14285896137934,11.6310909326612,228.332772226364,TRUE,NA
"sigma",46.03,-13.4857293003706,-4.11057926743202,-3.14336149127729,11.6329016886191,228.394894762875,TRUE,NA
"sigma",46.04,-13.4876618066528,-4.11108773762855,-3.14386398198174,11.6347123221924,228.45702101064,TRUE,NA
"sigma",46.05,-13.489594173626,-4.11159616620671,-3.14436643350383,11.6365228334152,228.519150969126,TRUE,NA
"sigma",46.06,-13.4915264013304,-4.11210455317909,-3.14486884585461,11.6383332223217,228.581284637796,TRUE,NA
"sigma",46.07,-13.493458489806,-4.11261289855829,-3.14537121904521,11.6401434889463,228.643422016118,TRUE,NA
"sigma",46.08,-13.4953904390928,-4.11312120235693,-3.14587355308677,11.6419536333229,228.705563103558,TRUE,NA
"sigma",46.09,-13.4973222492308,-4.11362946458752,-3.14637584799016,11.6437636554858,228.767707899582,TRUE,NA
"sigma",46.1,-13.4992539202601,-4.11413768526277,-3.14687810376668,11.645573555469,228.829856403657,TRUE,NA
"sigma",46.11,-13.5011854522205,-4.11464586439514,-3.14738032042727,11.6473833333068,228.89200861525,TRUE,NA
"sigma",46.12,-13.503116845152,-4.1151540019973,-3.14788249798305,11.6491929890332,228.954164533828,TRUE,NA
"sigma",46.13,-13.5050480990946,-4.11566209808179,-3.14838463644512,11.6510025226822,229.016324158859,TRUE,NA
"sigma",46.14,-13.5069792140881,-4.1161701526612,-3.14888673582444,11.652811934288,229.07848748981,TRUE,NA
"sigma",46.15,-13.5089101901725,-4.116678165748,-3.1493887961321,11.6546212238847,229.140654526147,TRUE,NA
"sigma",46.16,-13.5108410273876,-4.11718613735483,-3.14989081737908,11.6564303915061,229.20282526734,TRUE,NA
"sigma",46.17,-13.5127717257733,-4.11769406749421,-3.15039279957654,11.6582394371863,229.264999712858,TRUE,NA
"sigma",46.18,-13.5147022853693,-4.11820195617866,-3.15089474273548,11.6600483609594,229.327177862166,TRUE,NA
"sigma",46.19,-13.5166327062155,-4.11870980342072,-3.15139664686685,11.6618571628593,229.389359714735,TRUE,NA
"sigma",46.2,-13.5185629883517,-4.11921760923294,-3.15189851198181,11.6636658429199,229.451545270032,TRUE,NA
"sigma",46.21,-13.5204931318176,-4.11972537362776,-3.15240033809117,11.6654744011753,229.513734527528,TRUE,NA
"sigma",46.22,-13.522423136653,-4.12023309661777,-3.15290212520615,11.6672828376593,229.575927486689,TRUE,NA
"sigma",46.23,-13.5243530028977,-4.1207407782154,-3.1534038733376,11.6690911524059,229.638124146987,TRUE,NA
"sigma",46.24,-13.5262827305912,-4.1212484184332,-3.15390558249659,11.6708993454489,229.70032450789,TRUE,NA
"sigma",46.25,-13.5282123197734,-4.12175601728372,-3.15440725269422,11.6727074168223,229.762528568868,TRUE,NA
"sigma",46.26,-13.5301417704838,-4.1222635747793,-3.15490888394125,11.6745153665599,229.82473632939,TRUE,NA
"sigma",46.27,-13.5320710827621,-4.1227710909325,-3.15541047624884,11.6763231946956,229.886947788927,TRUE,NA
"sigma",46.28,-13.534000256648,-4.12327856575582,-3.1559120296279,11.678130901263,229.949162946949,TRUE,NA
"sigma",46.29,-13.5359292921811,-4.12378599926172,-3.15641354408951,11.6799384862962,230.011381802925,TRUE,NA
"sigma",46.3,-13.5378581894009,-4.12429339146256,-3.15691501964446,11.6817459498289,230.073604356328,TRUE,NA
"sigma",46.31,-13.539786948347,-4.12480074237093,-3.15741645630388,11.6835532918949,230.135830606628,TRUE,NA
"sigma",46.32,-13.5417155690589,-4.12530805199916,-3.15791785407864,11.6853605125279,230.198060553293,TRUE,NA
"sigma",46.33,-13.5436440515763,-4.12581532035977,-3.1584192129797,11.6871676117616,230.260294195799,TRUE,NA
"sigma",46.34,-13.5455723959386,-4.12632254746521,-3.15892053301809,11.6889745896299,230.322531533613,TRUE,NA
"sigma",46.35,-13.5475006021852,-4.12682973332778,-3.15942181420459,11.6907814461664,230.384772566208,TRUE,NA
"sigma",46.36,-13.5494286703557,-4.12733687796005,-3.15992305655031,11.6925881814048,230.447017293056,TRUE,NA
"sigma",46.37,-13.5513566004895,-4.1278439813743,-3.16042426006608,11.6943947953788,230.50926571363,TRUE,NA
"sigma",46.38,-13.553284392626,-4.12835104358313,-3.16092542476297,11.6962012881221,230.571517827401,TRUE,NA
"sigma",46.39,-13.5552120468047,-4.1288580645987,-3.16142655065169,11.6980076596682,230.63377363384,TRUE,NA
"sigma",46.4,-13.557139563065,-4.12936504443359,-3.16192763774331,11.699813910051,230.696033132421,TRUE,NA
"sigma",46.41,-13.5590669414461,-4.1298719831001,-3.16242868604865,11.7016200393039,230.758296322616,TRUE,NA
"sigma",46.42,-13.5609941819875,-4.13037888061063,-3.16292969557871,11.7034260474605,230.820563203898,TRUE,NA
"sigma",46.43,-13.5629212847284,-4.13088573697754,-3.16343066634432,11.7052319345544,230.882833775739,TRUE,NA
"sigma",46.44,-13.5648482497083,-4.13139255221324,-3.16393159835645,11.7070377006193,230.945108037615,TRUE,NA
"sigma",46.45,-13.5667750769664,-4.13189932633011,-3.164432491626,11.7088433456886,231.007385988997,TRUE,NA
"sigma",46.46,-13.5687017665419,-4.13240605934039,-3.16493334616365,11.7106488697959,231.069667629358,TRUE,NA
"sigma",46.47,-13.5706283184742,-4.13291275125665,-3.16543416198058,11.7124542729747,231.131952958176,TRUE,NA
"sigma",46.48,-13.5725547328024,-4.13341940209097,-3.16593493908748,11.7142595552585,231.194241974918,TRUE,NA
"sigma",46.49,-13.5744810095659,-4.13392601185583,-3.16643567749525,11.7160647166807,231.256534679064,TRUE,NA
"sigma",46.5,-13.5764071488036,-4.13443258056364,-3.16693637721487,11.7178697572749,231.318831070087,TRUE,NA
"sigma",46.51,-13.5783331505549,-4.13493910822648,-3.16743703825698,11.7196746770746,231.381131147459,TRUE,NA
"sigma",46.52,-13.580259014859,-4.13544559485698,-3.16793766063268,11.721479476113,231.443434910659,TRUE,NA
"sigma",46.53,-13.5821847417548,-4.13595204046721,-3.16843824435266,11.7232841544237,231.505742359157,TRUE,NA
"sigma",46.54,-13.5841103312816,-4.13645844506957,-3.16893878942781,11.72508871204,231.568053492432,TRUE,NA
"sigma",46.55,-13.5860357834784,-4.13696480867636,-3.16943929586903,11.7268931489954,231.630368309957,TRUE,NA
"sigma",46.56,-13.5879610983844,-4.13747113129988,-3.1699397636871,11.7286974653231,231.692686811208,TRUE,NA
"sigma",46.57,-13.5898862760386,-4.13797741295241,-3.17044019289284,11.7305016610567,231.755008995662,TRUE,NA
"sigma",46.58,-13.59181131648,-4.13848365364622,-3.17094058349708,11.7323057362293,231.817334862793,TRUE,NA
"sigma",46.59,-13.5937362197476,-4.13898985339352,-3.17144093551059,11.7341096908743,231.879664412078,TRUE,NA
"sigma",46.6,-13.5956609858805,-4.13949601220678,-3.17194124894444,11.735913525025,231.941997642994,TRUE,NA
"sigma",46.61,-13.5975856149177,-4.14000213009804,-3.17244152380911,11.7377172387148,232.004334555016,TRUE,NA
"sigma",46.62,-13.5995101068979,-4.14050820707963,-3.17294176011553,11.7395208319768,232.066675147618,TRUE,NA
"sigma",46.63,-13.6014344618603,-4.1410142431639,-3.17344195787465,11.7413243048443,232.129019420282,TRUE,NA
"sigma",46.64,-13.6033586798439,-4.14152023836297,-3.17394211709705,11.7431276573507,232.191367372483,TRUE,NA
"sigma",46.65,-13.6052827608873,-4.14202619268911,-3.17444223779359,11.744930889529,232.253719003698,TRUE,NA
"sigma",46.66,-13.6072067050296,-4.14253210615456,-3.17494231997509,11.7467340014125,232.316074313403,TRUE,NA
"sigma",46.67,-13.6091305123096,-4.14303797877154,-3.17544236365234,11.7485369930343,232.378433301077,TRUE,NA
"sigma",46.68,-13.6110541827662,-4.14354381055233,-3.17594236883607,11.7503398644278,232.440795966198,TRUE,NA
"sigma",46.69,-13.6129777164382,-4.14404960150902,-3.17644233553705,11.7521426156259,232.503162308242,TRUE,NA
"sigma",46.7,-13.6149011133643,-4.14455535165393,-3.17694226376612,11.7539452466619,232.565532326688,TRUE,NA
"sigma",46.71,-13.6168243735835,-4.1450610609992,-3.177442153534,11.7557477575689,232.627906021016,TRUE,NA
"sigma",46.72,-13.6187474971343,-4.14556672955702,-3.17794200485135,11.75755014838,232.690283390702,TRUE,NA
"sigma",46.73,-13.6206704840557,-4.14607235733958,-3.17844181772901,11.7593524191283,232.752664435226,TRUE,NA
"sigma",46.74,-13.6225933343863,-4.14657794435911,-3.1789415921778,11.7611545698468,232.815049154066,TRUE,NA
"sigma",46.75,-13.6245160481649,-4.14708349062777,-3.17944132820837,11.7629566005686,232.877437546702,TRUE,NA
"sigma",46.76,-13.6264386254301,-4.14758899615767,-3.17994102583137,11.7647585113269,232.939829612613,TRUE,NA
"sigma",46.77,-13.6283610662205,-4.14809446096097,-3.18044068505762,11.7665603021545,233.002225351275,TRUE,NA
"sigma",46.78,-13.630283370575,-4.14859988504997,-3.18094030589801,11.7683619730845,233.064624762174,TRUE,NA
"sigma",46.79,-13.632205538532,-4.14910526843668,-3.18143988836299,11.7701635241499,233.127027844784,TRUE,NA
"sigma",46.8,-13.6341275701304,-4.14961061113327,-3.18193943246336,11.7719649553838,233.189434598589,TRUE,NA
"sigma",46.81,-13.6360494654084,-4.15011591315186,-3.18243893820991,11.7737662668189,233.251845023065,TRUE,NA
"sigma",46.82,-13.6379712244049,-4.15062117450469,-3.18293840561328,11.7755674584884,233.314259117697,TRUE,NA
"sigma",46.83,-13.6398928471583,-4.15112639520377,-3.18343783468418,11.7773685304251,233.376676881961,TRUE,NA
"sigma",46.84,-13.6418143337072,-4.15163157526128,-3.18393722543335,11.7791694826619,233.439098315341,TRUE,NA
"sigma",46.85,-13.6437356840902,-4.15213671468925,-3.18443657787136,11.7809703152319,233.501523417316,TRUE,NA
"sigma",46.86,-13.6456568983456,-4.15264181349989,-3.18493589200899,11.7827710281677,233.563952187368,TRUE,NA
"sigma",46.87,-13.6475779765121,-4.15314687170532,-3.18543516785698,11.7845716215023,233.626384624977,TRUE,NA
"sigma",46.88,-13.6494989186279,-4.15365188931747,-3.18593440542582,11.7863720952686,233.688820729625,TRUE,NA
"sigma",46.89,-13.6514197247317,-4.15415686634857,-3.18643360472635,11.7881724494994,233.751260500794,TRUE,NA
"sigma",46.9,-13.6533403948619,-4.15466180281071,-3.18693276576918,11.7899726842275,233.813703937967,TRUE,NA
"sigma",46.91,-13.6552609290567,-4.15516669871588,-3.18743188856497,11.7917727994857,233.876151040624,TRUE,NA
"sigma",46.92,-13.6571813273547,-4.15567155407621,-3.18793097312433,11.7935727953068,233.938601808246,TRUE,NA
"sigma",46.93,-13.6591015897942,-4.15617636890378,-3.18843001945801,11.7953726717236,234.001056240318,TRUE,NA
"sigma",46.94,-13.6610217164135,-4.15668114321045,-3.18892902757644,11.7971724287688,234.063514336321,TRUE,NA
"sigma",46.95,-13.662941707251,-4.15718587700861,-3.1894279974906,11.7989720664752,234.125976095739,TRUE,NA
"sigma",46.96,-13.664861562345,-4.1576905703101,-3.18992692921085,11.8007715848756,234.188441518054,TRUE,NA
"sigma",46.97,-13.6667812817338,-4.15819522312693,-3.19042582274792,11.8025709840025,234.250910602748,TRUE,NA
"sigma",46.98,-13.6687008654556,-4.15869983547127,-3.19092467811247,11.8043702638887,234.313383349306,TRUE,NA
"sigma",46.99,-13.6706203135487,-4.15920440735503,-3.19142349531507,11.8061694245669,234.375859757211,TRUE,NA
"sigma",47,-13.6725396260514,-4.15970893879022,-3.19192227436624,11.8079684660698,234.438339825945,TRUE,NA
"sigma",47.01,-13.6744588030018,-4.16021342978894,-3.19242101527675,11.80976738843,234.500823554993,TRUE,NA
"sigma",47.02,-13.6763778444382,-4.16071788036323,-3.19291971805722,11.81156619168,234.563310943841,TRUE,NA
"sigma",47.03,-13.6782967503988,-4.16122229052497,-3.19341838271814,11.8133648758527,234.625801991969,TRUE,NA
"sigma",47.04,-13.6802155209217,-4.16172666028627,-3.19391700927016,11.8151634409804,234.688296698866,TRUE,NA
"sigma",47.05,-13.682134156045,-4.16223098965905,-3.19441559772382,11.8169618870959,234.750795064012,TRUE,NA
"sigma",47.06,-13.6840526558069,-4.16273527865527,-3.19491414808978,11.8187602142317,234.813297086895,TRUE,NA
"sigma",47.07,-13.6859710202454,-4.16323952728697,-3.19541266037856,11.8205584224202,234.875802766997,TRUE,NA
"sigma",47.08,-13.6878892493988,-4.16374373556606,-3.19591113460071,11.8223565116942,234.938312103806,TRUE,NA
"sigma",47.09,-13.689807343305,-4.16424790350463,-3.19640957076698,11.8241544820861,235.000825096806,TRUE,NA
"sigma",47.1,-13.691725302002,-4.16475203111452,-3.19690796888771,11.8259523336284,235.063341745482,TRUE,NA
"sigma",47.11,-13.693643125528,-4.16525611840781,-3.19740632897362,11.8277500663535,235.12586204932,TRUE,NA
"sigma",47.12,-13.6955608139209,-4.16576016539625,-3.19790465103517,11.8295476802941,235.188386007806,TRUE,NA
"sigma",47.13,-13.6974783672188,-4.16626417209196,-3.19840293508295,11.8313451754824,235.250913620426,TRUE,NA
"sigma",47.14,-13.6993957854595,-4.16676813850682,-3.19890118112758,11.833142551951,235.313444886666,TRUE,NA
"sigma",47.15,-13.701313068681,-4.16727206465267,-3.19939938917943,11.8349398097323,235.375979806009,TRUE,NA
"sigma",47.16,-13.7032302169214,-4.16777595054161,-3.19989755924923,11.8367369488587,235.438518377949,TRUE,NA
"sigma",47.17,-13.7051472302185,-4.16827979618538,-3.20039569134727,11.8385339693626,235.501060601966,TRUE,NA
"sigma",47.18,-13.7070641086102,-4.16878360159596,-3.20089378548422,11.8403308712764,235.563606477549,TRUE,NA
"sigma",47.19,-13.7089808521344,-4.16928736678535,-3.20139184167074,11.8421276546324,235.626156004186,TRUE,NA
"sigma",47.2,-13.7108974608289,-4.16979109176534,-3.20188985991711,11.8439243194629,235.688709181364,TRUE,NA
"sigma",47.21,-13.7128139347316,-4.17029477654786,-3.20238784023399,11.8457208658004,235.751266008569,TRUE,NA
"sigma",47.22,-13.7147302738804,-4.17079842114483,-3.2028857826319,11.8475172936772,235.81382648529,TRUE,NA
"sigma",47.23,-13.716646478313,-4.17130202556807,-3.20338368712121,11.8493136031254,235.876390611016,TRUE,NA
"sigma",47.24,-13.7185625480672,-4.1718055898295,-3.2038815537125,11.8511097941775,235.938958385232,TRUE,NA
"sigma",47.25,-13.7204784831808,-4.17230911394091,-3.20437938241623,11.8529058668657,236.001529807427,TRUE,NA
"sigma",47.26,-13.7223942836915,-4.17281259791428,-3.20487717324294,11.8547018212222,236.06410487709,TRUE,NA
"sigma",47.27,-13.7243099496371,-4.17331604176137,-3.20537492620308,11.8564976572793,236.126683593708,TRUE,NA
"sigma",47.28,-13.7262254810554,-4.17381944549411,-3.20587264130711,11.8582933750692,236.189265956774,TRUE,NA
"sigma",47.29,-13.7281408779839,-4.1743228091243,-3.20637031856556,11.8600889746242,236.251851965772,TRUE,NA
"sigma",47.3,-13.7300561404604,-4.17482613266388,-3.20686795798893,11.8618844559763,236.314441620194,TRUE,NA
"sigma",47.31,-13.7319712685225,-4.17532941612447,-3.20736555958752,11.8636798191578,236.377034919526,TRUE,NA
"sigma",47.32,-13.7338862622078,-4.17583265951809,-3.20786312337193,11.8654750642009,236.439631863261,TRUE,NA
"sigma",47.33,-13.7358011215541,-4.1763358628565,-3.20836064935257,11.8672701911377,236.502232450887,TRUE,NA
"sigma",47.34,-13.7377158465988,-4.17683902615144,-3.20885813753986,11.8690652000003,236.564836681893,TRUE,NA
"sigma",47.35,-13.7396304373796,-4.1773421494148,-3.20935558794424,11.8708600908208,236.627444555769,TRUE,NA
"sigma",47.36,-13.7415448939342,-4.17784523265844,-3.20985300057625,11.8726548636314,236.690056072008,TRUE,NA
"sigma",47.37,-13.7434592162998,-4.17834827589409,-3.21035037544626,11.8744495184641,236.752671230097,TRUE,NA
"sigma",47.38,-13.7453734045143,-4.17885127913363,-3.2108477125648,11.876244055351,236.815290029529,TRUE,NA
"sigma",47.39,-13.7472874586149,-4.17935424238866,-3.21134501194204,11.8780384743241,236.877912469791,TRUE,NA
"sigma",47.4,-13.7492013786393,-4.17985716567101,-3.21184227358855,11.8798327754155,236.940538550376,TRUE,NA
"sigma",47.41,-13.7511151646249,-4.18036004899264,-3.21233949751485,11.8816269586573,237.003168270777,TRUE,NA
"sigma",47.42,-13.7530288166092,-4.18086289236511,-3.21283668373119,11.8834210240813,237.065801630483,TRUE,NA
"sigma",47.43,-13.7549423346296,-4.1813656958003,-3.21333383224804,11.8852149717196,237.128438628985,TRUE,NA
"sigma",47.44,-13.7568557187235,-4.1818684593099,-3.21383094307579,11.8870088016043,237.191079265774,TRUE,NA
"sigma",47.45,-13.7587689689283,-4.1823711829057,-3.21432801622484,11.8888025137672,237.253723540345,TRUE,NA
"sigma",47.46,-13.7606820852815,-4.18287386659941,-3.2148250517056,11.8905961082403,237.316371452187,TRUE,NA
"sigma",47.47,-13.7625950678204,-4.18337651040283,-3.21532204952841,11.8923895850555,237.379023000793,TRUE,NA
"sigma",47.48,-13.7645079165822,-4.18387911432761,-3.21581900970367,11.8941829442448,237.441678185655,TRUE,NA
"sigma",47.49,-13.7664206316045,-4.18438167838562,-3.21631593224185,11.8959761858399,237.504337006267,TRUE,NA
"sigma",47.5,-13.7683332129244,-4.18488420258844,-3.21681281715321,11.8977693098729,237.566999462118,TRUE,NA
"sigma",47.51,-13.7702456605794,-4.1853866869478,-3.2173096644481,11.8995623163756,237.629665552705,TRUE,NA
"sigma",47.52,-13.7721579746065,-4.18588913147545,-3.21780647413694,11.9013552053799,237.692335277518,TRUE,NA
"sigma",47.53,-13.7740701550431,-4.18639153618311,-3.2183032462301,11.9031479769175,237.755008636051,TRUE,NA
"sigma",47.54,-13.7759822019266,-4.18689390108245,-3.21879998073793,11.9049406310204,237.817685627797,TRUE,NA
"sigma",47.55,-13.7778941152939,-4.18739622618513,-3.2192966776707,11.9067331677203,237.88036625225,TRUE,NA
"sigma",47.56,-13.7798058951824,-4.18789851150295,-3.2197933370389,11.908525587049,237.943050508905,TRUE,NA
"sigma",47.57,-13.7817175416294,-4.18840075704742,-3.22028995885271,11.9103178890383,238.005738397254,TRUE,NA
"sigma",47.58,-13.7836290546717,-4.18890296283036,-3.22078654312254,11.9121100737199,238.068429916791,TRUE,NA
"sigma",47.59,-13.7855404343468,-4.18940512886338,-3.22128308985874,11.9139021411257,238.131125067012,TRUE,NA
"sigma",47.6,-13.7874516806917,-4.18990725515812,-3.22177959907156,11.9156940912873,238.193823847409,TRUE,NA
"sigma",47.61,-13.7893627937435,-4.1904093417263,-3.22227607077139,11.9174859242364,238.256526257478,TRUE,NA
"sigma",47.62,-13.7912737735393,-4.19091138857949,-3.22277250496849,11.9192776400048,238.319232296712,TRUE,NA
"sigma",47.63,-13.7931846201162,-4.19141339572944,-3.22326890167327,11.9210692386241,238.38194196461,TRUE,NA
"sigma",47.64,-13.7950953335112,-4.19191536318773,-3.22376526089595,11.9228607201261,238.444655260662,TRUE,NA
"sigma",47.65,-13.7970059137614,-4.19241729096596,-3.22426158264686,11.9246520845423,238.507372184366,TRUE,NA
"sigma",47.66,-13.7989163609038,-4.19291917907585,-3.22475786693629,11.9264433319044,238.57009273522,TRUE,NA
"sigma",47.67,-13.8008266749754,-4.19342102752891,-3.22525411377445,11.9282344622441,238.632816912714,TRUE,NA
"sigma",47.68,-13.8027368560133,-4.19392283633678,-3.22575032317169,11.930025475593,238.695544716347,TRUE,NA
"sigma",47.69,-13.8046469040542,-4.19442460551114,-3.22624649513833,11.9318163719826,238.758276145614,TRUE,NA
"sigma",47.7,-13.8065568191353,-4.19492633506353,-3.22674262968466,11.9336071514445,238.821011200012,TRUE,NA
"sigma",47.71,-13.8084666012935,-4.19542802500561,-3.22723872682085,11.9353978140103,238.883749879037,TRUE,NA
"sigma",47.72,-13.8103762505656,-4.19592967534893,-3.22773478655728,11.9371883597116,238.946492182187,TRUE,NA
"sigma",47.73,-13.8122857669886,-4.19643128610508,-3.2282308089041,11.9389787885799,239.009238108956,TRUE,NA
"sigma",47.74,-13.8141951505994,-4.19693285728565,-3.2287267938717,11.9407691006467,239.071987658843,TRUE,NA
"sigma",47.75,-13.8161044014347,-4.19743438890223,-3.22922274147026,11.9425592959434,239.134740831344,TRUE,NA
"sigma",47.76,-13.8180135195314,-4.19793588096628,-3.22971865170992,11.9443493745018,239.197497625954,TRUE,NA
"sigma",47.77,-13.8199225049265,-4.19843733348954,-3.2302145246011,11.946139336353,239.260258042173,TRUE,NA
"sigma",47.78,-13.8218313576566,-4.19893874648349,-3.23071036015399,11.9479291815287,239.3230220795,TRUE,NA
"sigma",47.79,-13.8237400777586,-4.19944011995963,-3.23120615837875,11.9497189100604,239.38578973743,TRUE,NA
"sigma",47.8,-13.8256486652693,-4.19994145392958,-3.23170191928575,11.9515085219793,239.448561015462,TRUE,NA
"sigma",47.81,-13.8275571202254,-4.20044274840485,-3.23219764288507,11.953298017317,239.511335913095,TRUE,NA
"sigma",47.82,-13.8294654426635,-4.20094400339693,-3.23269332918699,11.9550873961048,239.574114429824,TRUE,NA
"sigma",47.83,-13.8313736326206,-4.20144521891749,-3.23318897820172,11.9568766583741,239.636896565151,TRUE,NA
"sigma",47.84,-13.8332816901331,-4.20194639497791,-3.23368458993953,11.9586658041563,239.699682318573,TRUE,NA
"sigma",47.85,-13.835189615238,-4.20244753158973,-3.23418016441047,11.9604548334828,239.762471689589,TRUE,NA
"sigma",47.86,-13.8370974079717,-4.20294862876452,-3.23467570162487,11.9622437463849,239.825264677696,TRUE,NA
"sigma",47.87,-13.839005068371,-4.20344968651379,-3.23517120159298,11.9640325428939,239.888061282398,TRUE,NA
"sigma",47.88,-13.8409125964725,-4.20395070484899,-3.23566666432482,11.9658212230412,239.95086150319,TRUE,NA
"sigma",47.89,-13.8428199923127,-4.20445168378156,-3.23616208983065,11.967609786858,240.013665339571,TRUE,NA
"sigma",47.9,-13.8447272559283,-4.20495262332321,-3.23665747812084,11.9693982343756,240.076472791045,TRUE,NA
"sigma",47.91,-13.8466343873559,-4.2054535234851,-3.23715282920515,11.9711865656253,240.139283857108,TRUE,NA
"sigma",47.92,-13.8485413866321,-4.20595438427904,-3.23764814309423,11.9729747806383,240.202098537263,TRUE,NA
"sigma",47.93,-13.8504482537933,-4.20645520571624,-3.23814341979789,11.9747628794459,240.264916831006,TRUE,NA
"sigma",47.94,-13.8523549888761,-4.20695598780834,-3.23863865932646,11.9765508620792,240.32773873784,TRUE,NA
"sigma",47.95,-13.854261591917,-4.2074567305667,-3.23913386169006,11.9783387285696,240.390564257267,TRUE,NA
"sigma",47.96,-13.8561680629525,-4.20795743400281,-3.23962902689887,11.9801264789482,240.453393388784,TRUE,NA
"sigma",47.97,-13.858074402019,-4.2084580981281,-3.24012415496294,11.9819141132462,240.516226131894,TRUE,NA
"sigma",47.98,-13.8599806091531,-4.20895872295406,-3.24061924589258,11.9837016314947,240.579062486099,TRUE,NA
"sigma",47.99,-13.8618866843911,-4.20945930849209,-3.2411142996978,11.9854890337249,240.641902450899,TRUE,NA
"sigma",48,-13.8637926277695,-4.20995985475361,-3.24160931638877,11.9872763199679,240.704746025795,TRUE,NA
"sigma",48.01,-13.8656984393246,-4.21046036175012,-3.24210429597571,11.9890634902549,240.767593210288,TRUE,NA
"sigma",48.02,-13.8676041190929,-4.21096082949289,-3.24259923846854,11.9908505446169,240.830444003882,TRUE,NA
"sigma",48.03,-13.8695096671107,-4.21146125799351,-3.24309414387757,11.9926374830851,240.893298406076,TRUE,NA
"sigma",48.04,-13.8714150834144,-4.21196164726332,-3.2435890122129,11.9944243056904,240.956156416375,TRUE,NA
"sigma",48.05,-13.8733203680402,-4.21246199731366,-3.24408384348453,11.996211012464,241.01901803428,TRUE,NA
"sigma",48.06,-13.8752255210246,-4.21296230815601,-3.24457863770266,11.997997603437,241.081883259292,TRUE,NA
"sigma",48.07,-13.8771305424038,-4.21346257980177,-3.24507339487743,11.9997840786403,241.144752090916,TRUE,NA
"sigma",48.08,-13.8790354322141,-4.21396281226225,-3.24556811501876,12.0015704381049,241.207624528653,TRUE,NA
"sigma",48.09,-13.8809401904917,-4.21446300554895,-3.24606279813702,12.003356681862,241.270500572008,TRUE,NA
"sigma",48.1,-13.8828448172729,-4.2149631596731,-3.24655744424205,12.0051428099424,241.333380220481,TRUE,NA
"sigma",48.11,-13.8847493125939,-4.21546327464616,-3.24705205334407,12.0069288223771,241.396263473578,TRUE,NA
"sigma",48.12,-13.886653676491,-4.21596335047944,-3.24754662545303,12.0087147191971,241.4591503308,TRUE,NA
"sigma",48.13,-13.8885579090002,-4.21646338718439,-3.24804116057918,12.0105005004333,241.522040791653,TRUE,NA
"sigma",48.14,-13.8904620101579,-4.21696338477229,-3.24853565873246,12.0122861661167,241.58493485564,TRUE,NA
"sigma",48.15,-13.8923659800001,-4.21746334325449,-3.24903011992303,12.0140717162781,241.647832522264,TRUE,NA
"sigma",48.16,-13.894269818563,-4.21796326264234,-3.24952454416089,12.0158571509486,241.71073379103,TRUE,NA
"sigma",48.17,-13.8961735258827,-4.21846314294721,-3.25001893145615,12.0176424701589,241.773638661442,TRUE,NA
"sigma",48.18,-13.8980771019952,-4.21896298418031,-3.2505132818187,12.0194276739399,241.836547133005,TRUE,NA
"sigma",48.19,-13.8999805469369,-4.21946278635315,-3.2510075952588,12.0212127623225,241.899459205223,TRUE,NA
"sigma",48.2,-13.9018838607435,-4.2199625494769,-3.25150187178639,12.0229977353375,241.962374877601,TRUE,NA
"sigma",48.21,-13.9037870434513,-4.220462273563,-3.25199611141158,12.0247825930157,242.025294149645,TRUE,NA
"sigma",48.22,-13.9056900950963,-4.22096195862265,-3.2524903141443,12.026567335388,242.088217020858,TRUE,NA
"sigma",48.23,-13.9075930157144,-4.22146160466715,-3.25298447999458,12.0283519624852,242.151143490747,TRUE,NA
"sigma",48.24,-13.9094958053417,-4.22196121170787,-3.25347860897257,12.030136474338,242.214073558817,TRUE,NA
"sigma",48.25,-13.9113984640141,-4.22246077975607,-3.25397270108821,12.0319208709773,242.277007224574,TRUE,NA
"sigma",48.26,-13.9133009917676,-4.22296030882302,-3.25446675635149,12.0337051524336,242.339944487522,TRUE,NA
"sigma",48.27,-13.9152033886383,-4.22345979892002,-3.25496077477248,12.0354893187379,242.402885347171,TRUE,NA
"sigma",48.28,-13.917105654662,-4.22395925005838,-3.2554547563612,12.0372733699209,242.465829803025,TRUE,NA
"sigma",48.29,-13.9190077898745,-4.22445866224927,-3.25594870112755,12.0390573060131,242.528777854589,TRUE,NA
"sigma",48.3,-13.9209097943119,-4.22495803550408,-3.25644260908163,12.0408411270454,242.59172950137,TRUE,NA
"sigma",48.31,-13.92281166801,-4.22545736983393,-3.25693648023337,12.0426248330484,242.654684742876,TRUE,NA
"sigma",48.32,-13.9247134110046,-4.22595666525015,-3.25743031459282,12.0444084240528,242.717643578613,TRUE,NA
"sigma",48.33,-13.9266150233317,-4.22645592176399,-3.25792411216991,12.0461919000892,242.780606008088,TRUE,NA
"sigma",48.34,-13.928516505027,-4.22695513938671,-3.25841787297466,12.0479752611882,242.843572030809,TRUE,NA
"sigma",48.35,-13.9304178561263,-4.22745431812943,-3.25891159701692,12.0497585073806,242.906541646282,TRUE,NA
"sigma",48.36,-13.9323190766654,-4.22795345800354,-3.25940528430689,12.0515416386969,242.969514854016,TRUE,NA
"sigma",48.37,-13.9342201666802,-4.22845255902016,-3.2598989348543,12.0533246551677,243.032491653517,TRUE,NA
"sigma",48.38,-13.9361211262063,-4.22895162119054,-3.26039254866927,12.0551075568235,243.095472044294,TRUE,NA
"sigma",48.39,-13.9380219552796,-4.22945064452589,-3.26088612576176,12.056890343695,243.158456025855,TRUE,NA
"sigma",48.4,-13.9399226539357,-4.2299496290374,-3.26137966614159,12.0586730158127,243.221443597709,TRUE,NA
"sigma",48.41,-13.9418232222103,-4.23044857473633,-3.26187316981884,12.0604555732071,243.284434759363,TRUE,NA
"sigma",48.42,-13.9437236601393,-4.23094748163385,-3.2623666368034,12.0622380159088,243.347429510327,TRUE,NA
"sigma",48.43,-13.945623967758,-4.23144634974108,-3.2628600671052,12.0640203439483,243.410427850107,TRUE,NA
"sigma",48.44,-13.9475241451024,-4.23194517906932,-3.26335346073419,12.065802557356,243.473429778215,TRUE,NA
"sigma",48.45,-13.949424192208,-4.23244396962967,-3.2638468177003,12.0675846561624,243.536435294159,TRUE,NA
"sigma",48.46,-13.9513241091104,-4.23294272143326,-3.26434013801338,12.0693666403981,243.599444397446,TRUE,NA
"sigma",48.47,-13.9532238958454,-4.23344143449146,-3.26483342168354,12.0711485100934,243.66245708759,TRUE,NA
"sigma",48.48,-13.9551235524483,-4.23394010881522,-3.26532666872049,12.0729302652788,243.725473364097,TRUE,NA
"sigma",48.49,-13.9570230789548,-4.2344387444158,-3.26581987913427,12.0747119059847,243.788493226477,TRUE,NA
"sigma",48.5,-13.9589224754005,-4.2349373413043,-3.26631305293469,12.0764934322416,243.85151667424,TRUE,NA
"sigma",48.51,-13.9608217418209,-4.23543589949198,-3.26680619013174,12.0782748440798,243.914543706898,TRUE,NA
"sigma",48.52,-13.9627208782515,-4.23593441898984,-3.26729929073532,12.0800561415296,243.977574323959,TRUE,NA
"sigma",48.53,-13.9646198847278,-4.23643289980915,-3.26779235475536,12.0818373246215,244.040608524935,TRUE,NA
"sigma",48.54,-13.9665187612853,-4.23693134196088,-3.26828538220153,12.0836183933859,244.103646309335,TRUE,NA
"sigma",48.55,-13.9684175079596,-4.23742974545629,-3.2687783730839,12.085399347853,244.166687676671,TRUE,NA
"sigma",48.56,-13.9703161247859,-4.23792811030647,-3.26927132741238,12.0871801880532,244.229732626454,TRUE,NA
"sigma",48.57,-13.9722146117999,-4.23842643652249,-3.26976424519675,12.0889609140167,244.292781158194,TRUE,NA
"sigma",48.58,-13.9741129690368,-4.23892472411553,-3.27025712644693,12.090741525774,244.355833271402,TRUE,NA
"sigma",48.59,-13.9760111965322,-4.23942297309663,-3.27074997117272,12.0925220233552,244.418888965593,TRUE,NA
"sigma",48.6,-13.9779092943212,-4.23992118347692,-3.27124277938409,12.0943024067906,244.481948240273,TRUE,NA
"sigma",48.61,-13.9798072624396,-4.24041935526747,-3.27173555109084,12.0960826761105,244.545011094958,TRUE,NA
"sigma",48.62,-13.9817051009223,-4.24091748847936,-3.27222828630275,12.0978628313452,244.608077529157,TRUE,NA
"sigma",48.63,-13.983602809805,-4.24141558312377,-3.27272098502985,12.0996428725247,244.671147542385,TRUE,NA
"sigma",48.64,-13.9855003891227,-4.24191363921164,-3.27321364728182,12.1014227996794,244.734221134151,TRUE,NA
"sigma",48.65,-13.987397838911,-4.24241165675408,-3.27370627306856,12.1032026128395,244.797298303971,TRUE,NA
"sigma",48.66,-13.9892951592049,-4.24290963576225,-3.27419886239992,12.1049823120351,244.860379051355,TRUE,NA
"sigma",48.67,-13.9911923500399,-4.24340757624699,-3.27469141528563,12.1067618972964,244.923463375816,TRUE,NA
"sigma",48.68,-13.9930894114512,-4.24390547821969,-3.27518393173574,12.1085413686535,244.986551276868,TRUE,NA
"sigma",48.69,-13.994986343474,-4.24440334169107,-3.2756764117598,12.1103207261366,245.049642754024,TRUE,NA
"sigma",48.7,-13.9968831461435,-4.24490116667236,-3.27616885536786,12.1120999697759,245.112737806796,TRUE,NA
"sigma",48.71,-13.9987798194949,-4.24539895317453,-3.27666126256958,12.1138790996013,245.175836434698,TRUE,NA
"sigma",48.72,-14.0006763635634,-4.24589670120864,-3.27715363337483,12.1156581156431,245.238938637243,TRUE,NA
"sigma",48.73,-14.0025727783842,-4.24639441078578,-3.27764596779347,12.1174370179313,245.302044413948,TRUE,NA
"sigma",48.74,-14.0044690639925,-4.24689208191679,-3.27813826583515,12.1192158064959,245.365153764322,TRUE,NA
"sigma",48.75,-14.0063652204233,-4.24738971461293,-3.27863052750984,12.1209944813671,245.428266687883,TRUE,NA
"sigma",48.76,-14.0082612477117,-4.24788730888496,-3.27912275282717,12.1227730425748,245.491383184142,TRUE,NA
"sigma",48.77,-14.010157145893,-4.24838486474401,-3.279614941797,12.1245514901492,245.554503252616,TRUE,NA
"sigma",48.78,-14.0120529150021,-4.24888238220119,-3.28010709442918,12.1263298241201,245.617626892819,TRUE,NA
"sigma",48.79,-14.0139485550742,-4.24937986126731,-3.2805992107334,12.1281080445176,245.680754104265,TRUE,NA
"sigma",48.8,-14.0158440661442,-4.24987730195346,-3.28109129071946,12.1298861513718,245.743884886469,TRUE,NA
"sigma",48.81,-14.0177394482473,-4.2503747042706,-3.28158333439715,12.1316641447125,245.807019238947,TRUE,NA
"sigma",48.82,-14.0196347014183,-4.25087206822967,-3.28207534177611,12.1334420245697,245.870157161213,TRUE,NA
"sigma",48.83,-14.0215298256925,-4.25136939384169,-3.28256731286627,12.1352197909733,245.933298652783,TRUE,NA
"sigma",48.84,-14.0234248211046,-4.25186668111765,-3.28305924767734,12.1369974439533,245.996443713173,TRUE,NA
"sigma",48.85,-14.0253196876898,-4.25236393006841,-3.28355114621898,12.1387749835397,246.059592341898,TRUE,NA
"sigma",48.86,-14.0272144254829,-4.25286114070503,-3.28404300850101,12.1405524097623,246.122744538475,TRUE,NA
"sigma",48.87,-14.0291090345188,-4.25335831303847,-3.28453483453323,12.1423297226509,246.185900302418,TRUE,NA
"sigma",48.88,-14.0310035148326,-4.25385544707962,-3.28502662432527,12.1441069222355,246.249059633245,TRUE,NA
"sigma",48.89,-14.0328978664591,-4.25435254283942,-3.28551837788693,12.145884008546,246.312222530472,TRUE,NA
"sigma",48.9,-14.0347920894332,-4.2548496003289,-3.28601009522797,12.1476609816121,246.375388993615,TRUE,NA
"sigma",48.91,-14.0366861837896,-4.2553466195588,-3.28650177635798,12.1494378414637,246.438559022192,TRUE,NA
"sigma",48.92,-14.0385801495635,-4.25584360054026,-3.28699342128679,12.1512145881306,246.501732615718,TRUE,NA
"sigma",48.93,-14.0404739867894,-4.25634054328404,-3.28748503002409,12.1529912216426,246.564909773711,TRUE,NA
"sigma",48.94,-14.0423676955024,-4.25683744780114,-3.28797660257959,12.1547677420296,246.628090495689,TRUE,NA
"sigma",48.95,-14.0442612757371,-4.25733431410248,-3.28846813896304,12.1565441493212,246.691274781168,TRUE,NA
"sigma",48.96,-14.0461547275283,-4.25783114219879,-3.28895963918395,12.1583204435473,246.754462629665,TRUE,NA
"sigma",48.97,-14.0480480509109,-4.2583279321013,-3.28945110325239,12.1600966247376,246.817654040701,TRUE,NA
"sigma",48.98,-14.0499412459195,-4.25882468382059,-3.28994253117772,12.1618726929218,246.880849013791,TRUE,NA
"sigma",48.99,-14.051834312589,-4.25932139736764,-3.29043392296967,12.1636486481297,246.944047548453,TRUE,NA
"sigma",49,-14.053727250954,-4.25981807275356,-3.29092527863825,12.1654244903909,247.007249644207,TRUE,NA
"sigma",49.01,-14.0556200610492,-4.26031470998887,-3.29141659819267,12.1672002197352,247.07045530057,TRUE,NA
"sigma",49.02,-14.0575127429094,-4.2608113090846,-3.29190788164287,12.1689758361922,247.13366451706,TRUE,NA
"sigma",49.03,-14.0594052965692,-4.26130787005169,-3.29239912899856,12.1707513397915,247.196877293198,TRUE,NA
"sigma",49.04,-14.0612977220632,-4.26180439290087,-3.29289034026928,12.172526730563,247.260093628499,TRUE,NA
"sigma",49.05,-14.0631900194261,-4.26230087764308,-3.29338151546468,12.1743020085361,247.323313522486,TRUE,NA
"sigma",49.06,-14.0650821886926,-4.26279732428916,-3.29387265459458,12.1760771737406,247.386536974676,TRUE,NA
"sigma",49.07,-14.0669742298971,-4.26329373284998,-3.29436375766854,12.1778522262059,247.449763984591,TRUE,NA
"sigma",49.08,-14.0688661430744,-4.26379010333633,-3.29485482469619,12.1796271659618,247.512994551746,TRUE,NA
"sigma",49.09,-14.070757928259,-4.26428643575906,-3.29534585568723,12.1814019930378,247.576228675663,TRUE,NA
"sigma",49.1,-14.0726495854854,-4.26478273012896,-3.29583685065116,12.1831767074634,247.639466355862,TRUE,NA
"sigma",49.11,-14.0745411147882,-4.26527898645693,-3.29632780959782,12.1849513092683,247.702707591862,TRUE,NA
"sigma",49.12,-14.0764325162019,-4.2657752047538,-3.29681873253682,12.1867257984819,247.765952383186,TRUE,NA
"sigma",49.13,-14.0783237897611,-4.26627138503029,-3.29730961947763,12.1885001751339,247.829200729352,TRUE,NA
"sigma",49.14,-14.0802149355001,-4.26676752729725,-3.29780047042994,12.1902744392536,247.892452629879,TRUE,NA
"sigma",49.15,-14.0821059534535,-4.26726363156554,-3.29829128540347,12.1920485908706,247.955708084291,TRUE,NA
"sigma",49.16,-14.0839968436558,-4.26775969784586,-3.29878206440768,12.1938226300145,248.018967092106,TRUE,NA
"sigma",49.17,-14.0858876061414,-4.2682557261491,-3.29927280745234,12.1955965567146,248.082229652847,TRUE,NA
"sigma",49.18,-14.0877782409446,-4.26875171648595,-3.2997635145469,12.1973703710005,248.145495766033,TRUE,NA
"sigma",49.19,-14.0896687481001,-4.26924766886731,-3.30025418570111,12.1991440729015,248.208765431189,TRUE,NA
"sigma",49.2,-14.091559127642,-4.26974358330384,-3.30074482092445,12.2009176624471,248.272038647832,TRUE,NA
"sigma",49.21,-14.0934493796049,-4.27023945980645,-3.30123542022666,12.2026911396668,248.335315415486,TRUE,NA
"sigma",49.22,-14.0953395040231,-4.27073529838578,-3.30172598361723,12.2044645045899,248.398595733673,TRUE,NA
"sigma",49.23,-14.0972295009308,-4.27123109905258,-3.30221651110566,12.2062377572458,248.461879601914,TRUE,NA
"sigma",49.24,-14.0991193703625,-4.27172686181778,-3.30270700270179,12.2080108976639,248.525167019731,TRUE,NA
"sigma",49.25,-14.1010091123524,-4.27222258669189,-3.30319745841487,12.2097839258736,248.588457986646,TRUE,NA
"sigma",49.26,-14.1028987269349,-4.27271827368582,-3.30368787825468,12.2115568419043,248.651752502183,TRUE,NA
"sigma",49.27,-14.1047882141443,-4.27321392281035,-3.30417826223083,12.2133296457851,248.715050565864,TRUE,NA
"sigma",49.28,-14.1066775740147,-4.27370953407605,-3.30466861035272,12.2151023375456,248.778352177211,TRUE,NA
"sigma",49.29,-14.1085668065805,-4.27420510749374,-3.30515892262996,12.2168749172149,248.841657335746,TRUE,NA
"sigma",49.3,-14.1104559118759,-4.27470064307417,-3.30564919907219,12.2186473848225,248.904966040994,TRUE,NA
"sigma",49.31,-14.1123448899351,-4.27519614082805,-3.30613943968892,12.2204197403975,248.968278292479,TRUE,NA
"sigma",49.32,-14.1142337407924,-4.27569160076606,-3.30662964448973,12.2221919839692,249.031594089721,TRUE,NA
"sigma",49.33,-14.1161224644818,-4.27618702289889,-3.30711981348401,12.2239641155669,249.094913432246,TRUE,NA
"sigma",49.34,-14.1180110610375,-4.27668240723733,-3.30760994668148,12.2257361352199,249.158236319578,TRUE,NA
"sigma",49.35,-14.1198995304938,-4.27717775379204,-3.30810004409159,12.2275080429574,249.221562751239,TRUE,NA
"sigma",49.36,-14.1217878728848,-4.27767306257373,-3.30859010572397,12.2292798388085,249.284892726755,TRUE,NA
"sigma",49.37,-14.1236760882445,-4.27816833359299,-3.3090801315879,12.2310515228026,249.34822624565,TRUE,NA
"sigma",49.38,-14.1255641766071,-4.27866356686062,-3.3095701216932,12.2328230949686,249.411563307446,TRUE,NA
"sigma",49.39,-14.1274521380067,-4.27915876238726,-3.31006007604913,12.234594555336,249.474903911668,TRUE,NA
"sigma",49.4,-14.1293399724772,-4.27965392018351,-3.31054999466535,12.2363659039338,249.538248057843,TRUE,NA
"sigma",49.41,-14.131227680053,-4.28014904026025,-3.31103987755146,12.2381371407911,249.601595745495,TRUE,NA
"sigma",49.42,-14.1331152607678,-4.28064412262791,-3.31152972471672,12.2399082659372,249.664946974149,TRUE,NA
"sigma",49.43,-14.1350027146558,-4.28113916729729,-3.31201953617082,12.241679279401,249.728301743328,TRUE,NA
"sigma",49.44,-14.1368900417511,-4.28163417427897,-3.31250931192318,12.2434501812118,249.791660052561,TRUE,NA
"sigma",49.45,-14.1387772420874,-4.28212914358357,-3.31299905198326,12.2452209713986,249.855021901369,TRUE,NA
"sigma",49.46,-14.1406643156989,-4.28262407522187,-3.31348875636071,12.2469916499905,249.918387289281,TRUE,NA
"sigma",49.47,-14.1425512626196,-4.28311896920447,-3.31397842506493,12.2487622170166,249.981756215824,TRUE,NA
"sigma",49.48,-14.1444380828833,-4.28361382554177,-3.31446805810507,12.2505326725059,250.045128680519,TRUE,NA
"sigma",49.49,-14.146324776524,-4.28410864424472,-3.31495765549113,12.2523030164875,250.108504682896,TRUE,NA
"sigma",49.5,-14.1482113435756,-4.28460342532378,-3.31544721723232,12.2540732489904,250.17188422248,TRUE,NA
"sigma",49.51,-14.150097784072,-4.28509816878964,-3.31593674333817,12.2558433700436,250.235267298799,TRUE,NA
"sigma",49.52,-14.151984098047,-4.28559287465276,-3.31642623381801,12.2576133796761,250.298653911376,TRUE,NA
"sigma",49.53,-14.1538702855347,-4.28608754292394,-3.31691568868153,12.2593832779169,250.362044059742,TRUE,NA
"sigma",49.54,-14.1557563465687,-4.28658217361371,-3.31740510793805,12.261153064795,250.42543774342,TRUE,NA
"sigma",49.55,-14.157642281183,-4.28707676673255,-3.3178944915969,12.2629227403394,250.48883496194,TRUE,NA
"sigma",49.56,-14.1595280894112,-4.28757132229122,-3.31838383966774,12.2646923045789,250.552235714826,TRUE,NA
"sigma",49.57,-14.1614137712874,-4.2880658403002,-3.31887315215994,12.2664617575425,250.615640001609,TRUE,NA
"sigma",49.58,-14.1632993268452,-4.28856032077013,-3.31936242908287,12.2682310992592,250.679047821815,TRUE,NA
"sigma",49.59,-14.1651847561185,-4.28905476371154,-3.31985167044598,12.2700003297578,250.742459174972,TRUE,NA
"sigma",49.6,-14.1670700591409,-4.28954916913508,-3.32034087625882,12.2717694490673,250.805874060606,TRUE,NA
"sigma",49.61,-14.1689552359462,-4.29004353705123,-3.32083004653063,12.2735384572165,250.869292478248,TRUE,NA
"sigma",49.62,-14.1708402865682,-4.29053786747058,-3.32131918127101,12.2753073542343,250.932714427425,TRUE,NA
"sigma",49.63,-14.1727252110406,-4.29103216040375,-3.32180828048925,12.2770761401496,250.996139907665,TRUE,NA
"sigma",49.64,-14.1746100093969,-4.29152641586117,-3.32229734419488,12.2788448149911,251.059568918495,TRUE,NA
"sigma",49.65,-14.176494681671,-4.29202063385345,-3.3227863723971,12.2806133787878,251.123001459445,TRUE,NA
"sigma",49.66,-14.1783792278965,-4.29251481439115,-3.32327536510556,12.2823818315684,251.186437530046,TRUE,NA
"sigma",49.67,-14.180263648107,-4.29300895748478,-3.32376432232946,12.2841501733618,251.249877129824,TRUE,NA
"sigma",49.68,-14.1821479423361,-4.29350306314484,-3.32425324407834,12.2859184041967,251.313320258308,TRUE,NA
"sigma",49.69,-14.1840321106175,-4.2939971313819,-3.3247421303615,12.2876865241019,251.37676691503,TRUE,NA
"sigma",49.7,-14.1859161529849,-4.2944911622065,-3.32523098118838,12.2894545331062,251.440217099517,TRUE,NA
"sigma",49.71,-14.1878000694716,-4.29498515562905,-3.32571979656827,12.2912224312383,251.503670811298,TRUE,NA
"sigma",49.72,-14.1896838601114,-4.29547911166021,-3.3262085765107,12.2929902185269,251.567128049905,TRUE,NA
"sigma",49.73,-14.1915675249377,-4.29597303031033,-3.32669732102492,12.2947578950008,251.630588814865,TRUE,NA
"sigma",49.74,-14.1934510639841,-4.29646691159009,-3.32718603012038,12.2965254606887,251.694053105712,TRUE,NA
"sigma",49.75,-14.1953344772843,-4.29696075550981,-3.32767470380638,12.2982929156193,251.757520921975,TRUE,NA
"sigma",49.76,-14.1972177648715,-4.29745456208007,-3.32816334209229,12.3000602598213,251.820992263182,TRUE,NA
"sigma",49.77,-14.1991009267794,-4.29794833131142,-3.32865194498759,12.3018274933233,251.884467128866,TRUE,NA
"sigma",49.78,-14.2009839630413,-4.29844206321415,-3.3291405125014,12.303594616154,251.947945518557,TRUE,NA
"sigma",49.79,-14.2028668736908,-4.29893575779888,-3.32962904464327,12.3053616283421,252.011427431784,TRUE,NA
"sigma",49.8,-14.2047496587613,-4.29942941507608,-3.33011754142252,12.3071285299161,252.074912868081,TRUE,NA
"sigma",49.81,-14.2066323182863,-4.29992303505612,-3.33060600284831,12.3088953209047,252.138401826977,TRUE,NA
"sigma",49.82,-14.2085148522991,-4.30041661774955,-3.3310944289302,12.3106620013365,252.201894308004,TRUE,NA
"sigma",49.83,-14.2103972608331,-4.30091016316677,-3.33158281967745,12.3124285712401,252.265390310694,TRUE,NA
"sigma",49.84,-14.2122795439218,-4.3014036713183,-3.33207117509941,12.3141950306441,252.328889834578,TRUE,NA
"sigma",49.85,-14.2141617015984,-4.30189714221452,-3.33255949520532,12.315961379577,252.392392879187,TRUE,NA
"sigma",49.86,-14.2160437338964,-4.3023905758659,-3.33304778000454,12.3177276180674,252.455899444056,TRUE,NA
"sigma",49.87,-14.2179256408491,-4.30288397228284,-3.33353602950642,12.3194937461439,252.519409528713,TRUE,NA
"sigma",49.88,-14.2198074224897,-4.30337733147586,-3.3340242437203,12.3212597638348,252.582923132693,TRUE,NA
"sigma",49.89,-14.2216890788517,-4.30387065345526,-3.33451242265538,12.3230256711689,252.646440255529,TRUE,NA
"sigma",49.9,-14.2235706099681,-4.30436393823149,-3.33500056632098,12.3247914681746,252.70996089675,TRUE,NA
"sigma",49.91,-14.2254520158725,-4.30485718581502,-3.33548867472647,12.3265571548803,252.773485055891,TRUE,NA
"sigma",49.92,-14.227333296598,-4.30535039621628,-3.33597674788119,12.3283227313145,252.837012732486,TRUE,NA
"sigma",49.93,-14.2292144521778,-4.30584356944557,-3.33646478579426,12.3300881975057,252.900543926066,TRUE,NA
"sigma",49.94,-14.2310954826452,-4.30633670551336,-3.33695278847507,12.3318535534824,252.964078636165,TRUE,NA
"sigma",49.95,-14.2329763880334,-4.30682980443004,-3.33744075593295,12.333618799273,253.027616862317,TRUE,NA
"sigma",49.96,-14.2348571683756,-4.307322866206,-3.33792868817714,12.3353839349059,253.091158604054,TRUE,NA
"sigma",49.97,-14.236737823705,-4.30781589085159,-3.33841658521685,12.3371489604095,253.154703860911,TRUE,NA
"sigma",49.98,-14.2386183540546,-4.30830887837723,-3.33890444706138,12.3389138758122,253.218252632421,TRUE,NA
"sigma",49.99,-14.2404987594577,-4.30880182879329,-3.33939227372009,12.3406786811424,253.281804918118,TRUE,NA
"sigma",50,-14.2423790399475,-4.30929474211016,-3.33988006520213,12.3424433764284,253.345360717536,TRUE,NA
