"sweep_param","sweep_value","xL","xk","xl","xU","gamma","converged","error_msg"
"b",-20,-0.0249544328242091,6.47165355091426,7.36137602979935,7.82023250168472,43.0006227237176,TRUE,NA
"b",-19.99,-0.0249668713761347,6.47008886846414,7.35977740960786,7.81830957335741,42.9806233446663,TRUE,NA
"b",-19.98,-0.0249793223127306,6.46852379362817,7.35817836911856,7.81638616915453,42.9606239665432,TRUE,NA
"b",-19.97,-0.0249917856524611,6.46695832610398,7.35657890799223,7.81446228872126,42.9406245893501,TRUE,NA
"b",-19.96,-0.0250042614138355,6.46539246558879,7.35497902588918,7.81253793170302,42.9206252130889,TRUE,NA
"b",-19.95,-0.0250167496154079,6.46382621177944,7.35337872246926,7.81061309774543,42.9006258377613,TRUE,NA
"b",-19.94,-0.0250292502757617,6.46225956437235,7.35177799739184,7.80868778649269,42.8806264633694,TRUE,NA
"b",-19.93,-0.0250417634135138,6.46069252306358,7.35017685031585,7.80676199758889,42.8606270899149,TRUE,NA
"b",-19.92,-0.0250542890473292,6.45912508754875,7.34857528089974,7.80483573067802,42.8406277173997,TRUE,NA
"b",-19.91,-0.0250668271958997,6.4575572575231,7.34697328880148,7.80290898540227,42.8206283458257,TRUE,NA
"b",-19.9,-0.0250793778779615,6.45598903268147,7.34537087367859,7.80098176140539,42.8006289751947,TRUE,NA
"b",-19.89,-0.0250919411122835,6.45442041271828,7.34376803518812,7.79905405832938,42.7806296055088,TRUE,NA
"b",-19.88,-0.0251045169176747,6.45285139732759,7.34216477298663,7.7971258758161,42.7606302367697,TRUE,NA
"b",-19.87,-0.0251171053129758,6.451281986203,7.34056108673024,7.79519721350696,42.7406308689793,TRUE,NA
"b",-19.86,-0.0251297063170726,6.44971217903776,7.33895697607456,7.79326807104328,42.7206315021396,TRUE,NA
"b",-19.85,-0.0251423199488871,6.44814197552468,7.33735244067476,7.79133844806458,42.7006321362524,TRUE,NA
"b",-19.84,-0.0251549462273777,6.44657137535617,7.33574748018551,7.78940834421194,42.6806327713197,TRUE,NA
"b",-19.83,-0.0251675851715471,6.44500037822425,7.33414209426103,7.78747775912465,42.6606334073434,TRUE,NA
"b",-19.82,-0.0251802368004196,6.44342898382052,7.33253628255505,7.78554669244189,42.6406340443253,TRUE,NA
"b",-19.81,-0.0251929011330652,6.44185719183617,7.33093004472082,7.78361514380239,42.6206346822675,TRUE,NA
"b",-19.8,-0.0252055781886109,6.44028500196199,7.32932338041112,7.78168311284441,42.6006353211718,TRUE,NA
"b",-19.79,-0.0252182679861912,6.43871241388837,7.32771628927824,7.7797505992058,42.5806359610402,TRUE,NA
"b",-19.78,-0.0252309705449968,6.43713942730526,7.32610877097401,7.7778176025239,42.5606366018746,TRUE,NA
"b",-19.77,-0.0252436858842599,6.43556604190223,7.32450082514976,7.77588412243597,42.540637243677,TRUE,NA
"b",-19.76,-0.0252564140232399,6.43399225736842,7.32289245145635,7.77395015857746,42.5206378864493,TRUE,NA
"b",-19.75,-0.0252691549812399,6.43241807339256,7.32128364954415,7.77201571058538,42.5006385301935,TRUE,NA
"b",-19.74,-0.025281908777598,6.43084348966298,7.31967441906305,7.77008077809494,42.4806391749114,TRUE,NA
"b",-19.73,-0.0252946754317043,6.42926850586758,7.31806475966246,7.76814536074123,42.4606398206052,TRUE,NA
"b",-19.72,-0.0253074549629713,6.42769312169386,7.3164546709913,7.76620945815888,42.4406404672767,TRUE,NA
"b",-19.71,-0.0253202473908622,6.42611733682889,7.31484415269801,7.76427306998241,42.4206411149279,TRUE,NA
"b",-19.7,-0.025333052734873,6.42454115095934,7.31323320443052,7.7623361958445,42.4006417635609,TRUE,NA
"b",-19.69,-0.0253458710145372,6.42296456377144,7.3116218258363,7.76039883537976,42.3806424131775,TRUE,NA
"b",-19.68,-0.0253587022494455,6.42138757495102,7.31001001656231,7.75846098821962,42.3606430637798,TRUE,NA
"b",-19.67,-0.0253715464591938,6.4198101841835,7.30839777625505,7.75652265399743,42.3406437153697,TRUE,NA
"b",-19.66,-0.0253844036634546,6.41823239115386,7.30678510456049,7.75458383234506,42.3206443679493,TRUE,NA
"b",-19.65,-0.02539727388191,6.41665419554667,7.30517200112413,7.75264452289288,42.3006450215206,TRUE,NA
"b",-19.64,-0.025410157134306,6.41507559704607,7.30355846559098,7.75070472527285,42.2806456760856,TRUE,NA
"b",-19.63,-0.0254230534404082,6.4134965953358,7.30194449760554,7.74876443911509,42.2606463316462,TRUE,NA
"b",-19.62,-0.0254359628200454,6.41191719009915,7.30033009681184,7.74682366404996,42.2406469882046,TRUE,NA
"b",-19.61,-0.0254488852930506,6.410337381019,7.29871526285337,7.74488239970596,42.2206476457627,TRUE,NA
"b",-19.6,-0.0254618208793405,6.40875716777782,7.29709999537318,7.74294064571318,42.2006483043225,TRUE,NA
"b",-19.59,-0.0254747695988421,6.40717655005763,7.29548429401378,7.74099840169989,42.1806489638861,TRUE,NA
"b",-19.58,-0.0254877314715259,6.40559552754004,7.2938681584172,7.73905566729421,42.1606496244556,TRUE,NA
"b",-19.57,-0.0255007065174137,6.40401409990623,7.29225158822496,7.7371124421238,42.1406502860329,TRUE,NA
"b",-19.56,-0.0255136947565617,6.40243226683695,7.29063458307808,7.73516872581584,42.1206509486201,TRUE,NA
"b",-19.55,-0.0255266962090626,6.40085002801251,7.2890171426171,7.73322451799705,42.1006516122194,TRUE,NA
"b",-19.54,-0.0255397108950655,6.39926738311282,7.28739926648202,7.73127981829368,42.0806522768326,TRUE,NA
"b",-19.53,-0.0255527388347385,6.39768433181735,7.28578095431236,7.7293346263315,42.060652942462,TRUE,NA
"b",-19.52,-0.0255657800483012,6.39610087380511,7.28416220574714,7.72738894173578,42.0406536091095,TRUE,NA
"b",-19.51,-0.0255788345560285,6.39451700875472,7.28254302042485,7.72544276413136,42.0206542767773,TRUE,NA
"b",-19.5,-0.0255919023782072,6.39293273634435,7.28092339798351,7.72349609314257,42.0006549454673,TRUE,NA
"b",-19.49,-0.0256049835351891,6.39134805625173,7.27930333806059,7.72154892839329,41.9806556151818,TRUE,NA
"b",-19.48,-0.0256180780473553,6.38976296815417,7.27768284029307,7.71960126950688,41.9606562859228,TRUE,NA
"b",-19.47,-0.025631185935134,6.38817747172853,7.27606190431744,7.71765311610626,41.9406569576924,TRUE,NA
"b",-19.46,-0.0256443072189966,6.38659156665124,7.27444052976965,7.71570446781386,41.9206576304927,TRUE,NA
"b",-19.45,-0.025657441919441,6.38500525259831,7.27281871628514,7.71375532425162,41.9006583043259,TRUE,NA
"b",-19.44,-0.0256705900570318,6.38341852924529,7.27119646349886,7.71180568504136,41.8806589791939,TRUE,NA
"b",-19.43,-0.0256837516523617,6.3818313962673,7.26957377104523,7.70985554980336,41.8606596550989,TRUE,NA
"b",-19.42,-0.0256969267260587,6.38024385333902,7.26795063855814,7.70790491815813,41.8406603320432,TRUE,NA
"b",-19.41,-0.0257101152988012,6.37865590013469,7.26632706567101,7.70595378972636,41.8206610100287,TRUE,NA
"b",-19.4,-0.0257233173913146,6.37706753632813,7.26470305201669,7.70400216412725,41.8006616890576,TRUE,NA
"b",-19.39,-0.0257365330243538,6.37547876159267,7.26307859722754,7.70205004097984,41.7806623691321,TRUE,NA
"b",-19.38,-0.0257497622187349,6.37388957560125,7.2614537009354,7.70009741990304,41.7606630502543,TRUE,NA
"b",-19.37,-0.0257630049953023,6.37229997802633,7.25982836277159,7.69814430051386,41.7406637324264,TRUE,NA
"b",-19.36,-0.0257762613749339,6.37070996853995,7.2582025823669,7.69619068243094,41.7206644156505,TRUE,NA
"b",-19.35,-0.0257895313785693,6.36911954681368,7.25657635935161,7.69423656527102,41.7006650999287,TRUE,NA
"b",-19.34,-0.0258028150271873,6.36752871251868,7.25494969335547,7.69228194865071,41.6806657852633,TRUE,NA
"b",-19.33,-0.0258161123418113,6.36593746532562,7.25332258400769,7.6903268321861,41.6606664716564,TRUE,NA
"b",-19.32,-0.0258294233434901,6.36434580490476,7.25169503093699,7.68837121549318,41.6406671591103,TRUE,NA
"b",-19.31,-0.0258427480533332,6.36275373092589,7.25006703377153,7.68641509818602,41.6206678476269,TRUE,NA
"b",-19.3,-0.0258560864924932,6.36116124305836,7.24843859213896,7.68445847988029,41.6006685372087,TRUE,NA
"b",-19.29,-0.0258694386821609,6.35956834097107,7.24680970566641,7.6825013601898,41.5806692278577,TRUE,NA
"b",-19.28,-0.0258828046435674,6.35797502433245,7.24518037398045,7.68054373872817,41.5606699195762,TRUE,NA
"b",-19.27,-0.025896184397995,6.35638129281051,7.24355059670714,7.67858561510856,41.5406706123664,TRUE,NA
"b",-19.26,-0.0259095779667659,6.35478714607278,7.24192037347203,7.67662698894362,41.5206713062304,TRUE,NA
"b",-19.25,-0.0259229853712455,6.35319258378636,7.24028970390008,7.67466785984549,41.5006720011706,TRUE,NA
"b",-19.24,-0.0259364066328568,6.35159760561787,7.23865858761577,7.67270822742583,41.480672697189,TRUE,NA
"b",-19.23,-0.0259498417730298,6.35000221123349,7.23702702424302,7.67074809129578,41.460673394288,TRUE,NA
"b",-19.22,-0.0259632908132804,6.34840640029894,7.23539501340522,7.66878745106601,41.4406740924699,TRUE,NA
"b",-19.21,-0.0259767537751534,6.34681017247949,7.23376255472521,7.66682630634665,41.4206747917367,TRUE,NA
"b",-19.2,-0.025990230680227,6.34521352743994,7.23212964782532,7.66486465674736,41.4006754920908,TRUE,NA
"b",-19.19,-0.0260037215501321,6.34361646484464,7.23049629232731,7.66290250187727,41.3806761935345,TRUE,NA
"b",-19.18,-0.0260172264065635,6.34201898435747,7.22886248785243,7.66093984134538,41.3606768960699,TRUE,NA
"b",-19.17,-0.0260307452712317,6.34042108564186,7.22722823402135,7.65897667475875,41.3406775996994,TRUE,NA
"b",-19.16,-0.0260442781659004,6.33882276836077,7.22559353045423,7.65701300172609,41.3206783044252,TRUE,NA
"b",-19.15,-0.0260578251123851,6.33722403217671,7.22395837677069,7.65504882185414,41.3006790102496,TRUE,NA
"b",-19.14,-0.0260713861325462,6.33562487675171,7.22232277258977,7.65308413474953,41.2806797171749,TRUE,NA
"b",-19.13,-0.0260849612482773,6.33402530174735,7.22068671752999,7.65111894001836,41.2606804252033,TRUE,NA
"b",-19.12,-0.0260985504815373,6.33242530682473,7.21905021120932,7.6491532372662,41.2406811343372,TRUE,NA
"b",-19.11,-0.0261121538543068,6.3308248916445,7.2174132532452,7.64718702609852,41.2206818445789,TRUE,NA
"b",-19.1,-0.0261257713886301,6.32922405586683,7.21577584325446,7.6452203061188,41.2006825559307,TRUE,NA
"b",-19.09,-0.0261394031065991,6.32762279915142,7.21413798085346,7.64325307693216,41.1806832683948,TRUE,NA
"b",-19.08,-0.0261530490303375,6.32602112115751,7.21249966565795,7.6412853381418,41.1606839819736,TRUE,NA
"b",-19.07,-0.026166709182021,6.32441902154388,7.21086089728314,7.63931708935075,41.1406846966694,TRUE,NA
"b",-19.06,-0.0261803835838676,6.32281649996881,7.20922167534372,7.63734833016151,41.1206854124846,TRUE,NA
"b",-19.05,-0.0261940722581591,6.32121355609014,7.20758199945377,7.63537906017608,41.1006861294215,TRUE,NA
"b",-19.04,-0.0262077752272032,6.3196101895652,7.20594186922686,7.63340927899595,41.0806868474824,TRUE,NA
"b",-19.03,-0.026221492513359,6.3180064000509,7.20430128427598,7.63143898622206,41.0606875666696,TRUE,NA
"b",-19.02,-0.0262352241390337,6.31640218720361,7.20266024421356,7.62946818145487,41.0406882869856,TRUE,NA
"b",-19.01,-0.0262489701266906,6.31479755067928,7.20101874865149,7.62749686429429,41.0206890084327,TRUE,NA
"b",-19,-0.0262627304988245,6.31319249013335,7.19937679720108,7.62552503433971,41.0006897310133,TRUE,NA
"b",-18.99,-0.0262765052779915,6.3115870052208,7.19773438947309,7.62355269119003,40.9806904547296,TRUE,NA
"b",-18.98,-0.0262902944867745,6.30998109559613,7.19609152507771,7.62157983444359,40.9606911795842,TRUE,NA
"b",-18.97,-0.0263040981478199,6.30837476091335,7.19444820362457,7.61960646369823,40.9406919055794,TRUE,NA
"b",-18.96,-0.0263179162838325,6.306768000826,7.19280442472273,7.61763257855123,40.9206926327175,TRUE,NA
"b",-18.95,-0.0263317489175264,6.30516081498713,7.1911601879807,7.6156581785994,40.9006933610011,TRUE,NA
"b",-18.94,-0.0263455960717088,6.30355320304931,7.18951549300641,7.61368326343898,40.8806940904324,TRUE,NA
"b",-18.93,-0.0263594577691996,6.30194516466465,7.1878703394072,7.61170783266568,40.8606948210139,TRUE,NA
"b",-18.92,-0.0263733340328789,6.30033669948472,7.18622472678988,7.60973188587472,40.840695552748,TRUE,NA
"b",-18.91,-0.0263872248856824,6.29872780716067,7.18457865476067,7.60775542266075,40.8206962856372,TRUE,NA
"b",-18.9,-0.0264011303505798,6.29711848734313,7.18293212292521,7.6057784426179,40.8006970196838,TRUE,NA
"b",-18.89,-0.0264150504505993,6.29550873968224,7.18128513088859,7.60380094533979,40.7806977548903,TRUE,NA
"b",-18.88,-0.0264289852088262,6.29389856382766,7.1796376782553,7.60182293041948,40.7606984912592,TRUE,NA
"b",-18.87,-0.0264429346483594,6.29228795942857,7.17798976462928,7.59984439744951,40.7406992287928,TRUE,NA
"b",-18.86,-0.0264568987923793,6.29067692613363,7.17634138961386,7.59786534602187,40.7206999674937,TRUE,NA
"b",-18.85,-0.0264708776641008,6.28906546359106,7.17469255281183,7.59588577572804,40.7007007073643,TRUE,NA
"b",-18.84,-0.0264848712868068,6.28745357144853,7.17304325382536,7.59390568615894,40.6807014484071,TRUE,NA
"b",-18.83,-0.0264988796838031,6.28584124935325,7.17139349225608,7.59192507690497,40.6607021906245,TRUE,NA
"b",-18.82,-0.0265129028784459,6.28422849695195,7.16974326770502,7.58994394755598,40.640702934019,TRUE,NA
"b",-18.81,-0.0265269408941595,6.28261531389083,7.16809257977261,7.58796229770127,40.6207036785932,TRUE,NA
"b",-18.8,-0.0265409937544118,6.28100169981561,7.16644142805873,7.58598012692963,40.6007044243495,TRUE,NA
"b",-18.79,-0.0265550614827133,6.27938765437153,7.16478981216265,7.58399743482929,40.5807051712903,TRUE,NA
"b",-18.78,-0.0265691441026224,6.27777317720329,7.16313773168307,7.58201422098793,40.5607059194183,TRUE,NA
"b",-18.77,-0.0265832416377601,6.27615826795514,7.16148518621809,7.5800304849927,40.540706668736,TRUE,NA
"b",-18.76,-0.0265973541117817,6.2745429262708,7.15983217536522,7.5780462264302,40.5207074192458,TRUE,NA
"b",-18.75,-0.0266114815484067,6.27292715179349,7.15817869872139,7.57606144488648,40.5007081709502,TRUE,NA
"b",-18.74,-0.0266256239713903,6.27131094416594,7.15652475588293,7.57407613994705,40.4807089238519,TRUE,NA
"b",-18.73,-0.0266397814045578,6.26969430303037,7.15487034644558,7.57209031119687,40.4607096779533,TRUE,NA
"b",-18.72,-0.0266539538717636,6.2680772280285,7.1532154700045,7.57010395822035,40.440710433257,TRUE,NA
"b",-18.71,-0.0266681413969151,6.26645971880155,7.15156012615423,7.56811708060136,40.4207111897656,TRUE,NA
"b",-18.7,-0.0266823440039968,6.26484177499021,7.14990431448874,7.5661296779232,40.4007119474815,TRUE,NA
"b",-18.69,-0.0266965617170052,6.2632233962347,7.14824803460137,7.56414174976864,40.3807127064075,TRUE,NA
"b",-18.68,-0.0267107945600206,6.2616045821747,7.1465912860849,7.56215329571988,40.360713466546,TRUE,NA
"b",-18.67,-0.0267250425571538,6.25998533244939,7.14493406853148,7.56016431535857,40.3407142278997,TRUE,NA
"b",-18.66,-0.0267393057325696,6.25836564669746,7.14327638153267,7.55817480826581,40.3207149904711,TRUE,NA
"b",-18.65,-0.026753584110491,6.25674552455706,7.14161822467943,7.55618477402215,40.3007157542628,TRUE,NA
"b",-18.64,-0.0267678777151961,6.25512496566584,7.1399595975621,7.55419421220757,40.2807165192774,TRUE,NA
"b",-18.63,-0.0267821865710012,6.25350396966095,7.13830049977045,7.55220312240149,40.2607172855175,TRUE,NA
"b",-18.62,-0.0267965107022843,6.251882536179,7.13664093089361,7.55021150418279,40.2407180529858,TRUE,NA
"b",-18.61,-0.0268108501334674,6.25026066485611,7.13498089052011,7.54821935712978,40.2207188216849,TRUE,NA
"b",-18.6,-0.0268252048890321,6.24863835532786,7.13332037823789,7.5462266808202,40.2007195916173,TRUE,NA
"b",-18.59,-0.0268395749935115,6.24701560722933,7.13165939363425,7.54423347483124,40.1807203627858,TRUE,NA
"b",-18.58,-0.0268539604714854,6.24539242019508,7.12999793629591,7.54223973873951,40.160721135193,TRUE,NA
"b",-18.57,-0.0268683613475914,6.24376879385914,7.12833600580895,7.54024547212109,40.1407219088415,TRUE,NA
"b",-18.56,-0.0268827776465172,6.24214472785503,7.12667360175885,7.53825067455145,40.120722683734,TRUE,NA
"b",-18.55,-0.0268972093930051,6.24052022181576,7.12501072373048,7.53625534560554,40.1007234598731,TRUE,NA
"b",-18.54,-0.0269116566118474,6.23889527537378,7.12334737130807,7.5342594848577,40.0807242372616,TRUE,NA
"b",-18.53,-0.0269261193278841,6.23726988816105,7.12168354407527,7.53226309188173,40.0607250159021,TRUE,NA
"b",-18.52,-0.0269405975660226,6.235644059809,7.12001924161507,7.53026616625086,40.0407257957972,TRUE,NA
"b",-18.51,-0.0269550913512194,6.23401778994852,7.11835446350988,7.52826870753773,40.0207265769498,TRUE,NA
"b",-18.5,-0.0269696007084715,6.23239107820998,7.11668920934145,7.52627071531442,40.0007273593624,TRUE,NA
"b",-18.49,-0.0269841256628429,6.23076392422324,7.11502347869093,7.52427218915243,39.9807281430378,TRUE,NA
"b",-18.48,-0.0269986662394543,6.2291363276176,7.11335727113884,7.52227312862272,39.9607289279787,TRUE,NA
"b",-18.47,-0.0270132224634603,6.22750828802185,7.11169058626507,7.52027353329562,39.9407297141879,TRUE,NA
"b",-18.46,-0.0270277943600916,6.22587980506425,7.1100234236489,7.51827340274093,39.920730501668,TRUE,NA
"b",-18.45,-0.0270423819546192,6.22425087837252,7.10835578286897,7.51627273652785,39.9007312904218,TRUE,NA
"b",-18.44,-0.0270569852723852,6.22262150757384,7.10668766350327,7.51427153422501,39.880732080452,TRUE,NA
"b",-18.43,-0.0270716043387536,6.22099169229487,7.1050190651292,7.51226979540046,39.8607328717615,TRUE,NA
"b",-18.42,-0.0270862391791791,6.21936143216174,7.1033499873235,7.51026751962166,39.8407336643529,TRUE,NA
"b",-18.41,-0.0271008898191409,6.21773072680002,7.10168042966228,7.50826470645551,39.820734458229,TRUE,NA
"b",-18.4,-0.0271155562842027,6.21609957583476,7.10001039172103,7.50626135546831,39.8007352533926,TRUE,NA
"b",-18.39,-0.0271302385999602,6.21446797889046,7.09833987307457,7.50425746622577,39.7807360498465,TRUE,NA
"b",-18.38,-0.0271449367920732,6.21283593559109,7.09666887329712,7.50225303829305,39.7607368475934,TRUE,NA
"b",-18.37,-0.0271596508862601,6.21120344556008,7.09499739196225,7.50024807123468,39.7407376466363,TRUE,NA
"b",-18.36,-0.0271743809082792,6.20957050842031,7.09332542864288,7.49824256461463,39.7207384469777,TRUE,NA
"b",-18.35,-0.027189126883971,6.20793712379411,7.09165298291129,7.49623651799629,39.7007392486207,TRUE,NA
"b",-18.34,-0.0272038888392018,6.2063032913033,7.08998005433912,7.49422993094243,39.680740051568,TRUE,NA
"b",-18.33,-0.0272186667999193,6.2046690105691,7.08830664249737,7.49222280301526,39.6607408558224,TRUE,NA
"b",-18.32,-0.0272334607921027,6.20303428121224,7.08663274695639,7.49021513377639,39.6407416613867,TRUE,NA
"b",-18.31,-0.02724827084182,6.20139910285286,7.08495836728588,7.48820692278682,39.6207424682639,TRUE,NA
"b",-18.3,-0.0272630969751577,6.19976347511057,7.08328350305491,7.48619816960697,39.6007432764567,TRUE,NA
"b",-18.29,-0.02727793921829,6.19812739760443,7.08160815383186,7.48418887379668,39.580744085968,TRUE,NA
"b",-18.28,-0.0272927975974254,6.19649086995295,7.07993231918451,7.48217903491518,39.5607448968007,TRUE,NA
"b",-18.27,-0.0273076721388525,6.19485389177407,7.07825599867994,7.48016865252109,39.5407457089576,TRUE,NA
"b",-18.26,-0.0273225628688916,6.1932164626852,7.0765791918846,7.47815772617245,39.5207465224417,TRUE,NA
"b",-18.25,-0.0273374698139395,6.19157858230319,7.0749018983643,7.47614625542671,39.5007473372558,TRUE,NA
"b",-18.24,-0.0273523930004358,6.18994025024432,7.07322411768415,7.47413423984069,39.4807481534028,TRUE,NA
"b",-18.23,-0.0273673324548908,6.18830146612433,7.07154584940864,7.47212167897064,39.4607489708857,TRUE,NA
"b",-18.22,-0.0273822882038587,6.1866622295584,7.06986709310159,7.47010857237218,39.4407497897073,TRUE,NA
"b",-18.21,-0.0273972602739705,6.18502254016113,7.06818784832614,7.46809491960034,39.4207506098705,TRUE,NA
"b",-18.2,-0.0274122486918993,6.18338239754659,7.0665081146448,7.46608072020955,39.4007514313783,TRUE,NA
"b",-18.19,-0.0274272534843684,6.18174180132827,7.06482789161938,7.46406597375363,39.3807522542337,TRUE,NA
"b",-18.18,-0.0274422746781886,6.1801007511191,7.06314717881107,7.46205067978579,39.3607530784395,TRUE,NA
"b",-18.17,-0.0274573123002021,6.17845924653144,7.06146597578034,7.46003483785863,39.3407539039988,TRUE,NA
"b",-18.16,-0.0274723663773185,6.17681728717711,7.05978428208704,7.45801844752414,39.3207547309144,TRUE,NA
"b",-18.15,-0.0274874369365172,6.17517487266734,7.05810209729032,7.45600150833372,39.3007555591893,TRUE,NA
"b",-18.14,-0.0275025240048149,6.1735320026128,7.05641942094867,7.45398401983812,39.2807563888266,TRUE,NA
"b",-18.13,-0.0275176276092965,6.17188867662358,7.05473625261989,7.45196598158751,39.2607572198292,TRUE,NA
"b",-18.12,-0.0275327477771225,6.17024489430922,7.05305259186115,7.44994739313143,39.2407580522002,TRUE,NA
"b",-18.11,-0.0275478845354876,6.16860065527869,7.0513684382289,7.44792825401882,39.2207588859424,TRUE,NA
"b",-18.1,-0.0275630379116561,6.16695595914036,7.04968379127893,7.44590856379798,39.2007597210589,TRUE,NA
"b",-18.09,-0.0275782079329565,6.16531080550205,7.04799865056635,7.44388832201662,39.1807605575528,TRUE,NA
"b",-18.08,-0.0275933946267803,6.163665193971,7.04631301564559,7.4418675282218,39.160761395427,TRUE,NA
"b",-18.07,-0.0276085980205616,6.16201912415388,7.04462688607041,7.43984618195998,39.1407622346847,TRUE,NA
"b",-18.06,-0.0276238181417993,6.16037259565677,7.04294026139387,7.43782428277701,39.1207630753287,TRUE,NA
"b",-18.05,-0.0276390550180744,6.15872560808518,7.04125314116835,7.43580183021808,39.1007639173623,TRUE,NA
"b",-18.04,-0.0276543086769994,6.15707816104405,7.03956552494555,7.4337788238278,39.0807647607884,TRUE,NA
"b",-18.03,-0.0276695791462679,6.15543025413772,7.03787741227648,7.43175526315013,39.0607656056101,TRUE,NA
"b",-18.02,-0.0276848664536262,6.15378188696995,7.03618880271146,7.4297311477284,39.0407664518306,TRUE,NA
"b",-18.01,-0.0277001706268786,6.15213305914395,7.03449969580013,7.42770647710534,39.0207672994528,TRUE,NA
"b",-18,-0.0277154916938984,6.15048377026229,7.03281009109142,7.42568125082301,39.0007681484798,TRUE,NA
"b",-17.99,-0.0277308296826134,6.148834019927,7.03111998813358,7.42365546842288,38.9807689989149,TRUE,NA
"b",-17.98,-0.0277461846210115,6.14718380773951,7.02942938647416,7.42162912944578,38.960769850761,TRUE,NA
"b",-17.97,-0.0277615565371527,6.14553313330065,7.02773828566001,7.41960223343188,38.9407707040214,TRUE,NA
"b",-17.96,-0.027776945459141,6.14388199621068,7.0260466852373,7.41757477992076,38.920771558699,TRUE,NA
"b",-17.95,-0.0277923514151746,6.14223039606926,7.02435458475148,7.41554676845133,38.9007724147972,TRUE,NA
"b",-17.94,-0.0278077744334728,6.14057833247546,7.02266198374732,7.41351819856189,38.8807732723189,TRUE,NA
"b",-17.93,-0.0278232145423447,6.13892580502774,7.02096888176886,7.41148906979007,38.8607741312675,TRUE,NA
"b",-17.92,-0.0278386717701532,6.137272813324,7.01927527835946,7.40945938167292,38.8407749916459,TRUE,NA
"b",-17.91,-0.0278541461453318,6.13561935696152,7.01758117306176,7.40742913374678,38.8207758534575,TRUE,NA
"b",-17.9,-0.0278696376963617,6.13396543553699,7.01588656541771,7.4053983255474,38.8007767167053,TRUE,NA
"b",-17.89,-0.0278851464517943,6.13231104864649,7.01419145496854,7.40336695660986,38.7807775813926,TRUE,NA
"b",-17.88,-0.0279006724402552,6.13065619588553,7.01249584125477,7.40133502646863,38.7607784475226,TRUE,NA
"b",-17.87,-0.0279162156904177,6.12900087684899,7.01079972381621,7.3993025346575,38.7407793150985,TRUE,NA
"b",-17.86,-0.0279317762310248,6.12734509113116,7.00910310219194,7.39726948070963,38.7207801841234,TRUE,NA
"b",-17.85,-0.0279473540908844,6.12568883832573,7.00740597592038,7.39523586415754,38.7007810546007,TRUE,NA
"b",-17.84,-0.0279629492988609,6.12403211802579,7.00570834453916,7.39320168453309,38.6807819265335,TRUE,NA
"b",-17.83,-0.0279785618839034,6.1223749298238,7.00401020758525,7.39116694136749,38.6607827999251,TRUE,NA
"b",-17.82,-0.0279941918749949,6.12071727331164,7.00231156459487,7.38913163419132,38.6407836747787,TRUE,NA
"b",-17.81,-0.0280098393012008,6.11905914808057,7.00061241510353,7.38709576253448,38.6207845510977,TRUE,NA
"b",-17.8,-0.0280255041916589,6.11740055372123,6.99891275864602,7.38505932592623,38.6007854288852,TRUE,NA
"b",-17.79,-0.0280411865755567,6.11574148982368,6.9972125947564,7.38302232389519,38.5807863081446,TRUE,NA
"b",-17.78,-0.0280568864821483,6.11408195597734,6.99551192296801,7.38098475596929,38.5607871888791,TRUE,NA
"b",-17.77,-0.0280726039407571,6.11242195177103,6.99381074281345,7.37894662167585,38.540788071092,TRUE,NA
"b",-17.76,-0.0280883389807722,6.11076147679294,6.99210905382461,7.37690792054147,38.5207889547867,TRUE,NA
"b",-17.75,-0.0281040916316542,6.10910053063066,6.99040685553264,7.37486865209216,38.5007898399664,TRUE,NA
"b",-17.74,-0.0281198619229122,6.10743911287116,6.98870414746794,7.37282881585322,38.4807907266346,TRUE,NA
"b",-17.73,-0.0281356498841349,6.10577722310078,6.98700092916022,7.3707884113493,38.4607916147944,TRUE,NA
"b",-17.72,-0.0281514555449717,6.10411486090526,6.98529720013841,7.3687474381044,38.4407925044493,TRUE,NA
"b",-17.71,-0.0281672789351428,6.1024520258697,6.98359295993073,7.36670589564184,38.4207933956026,TRUE,NA
"b",-17.7,-0.0281831200844333,6.10078871757858,6.98188820806466,7.36466378348428,38.4007942882577,TRUE,NA
"b",-17.69,-0.0281989790226921,6.09912493561576,6.98018294406693,7.36262110115371,38.3807951824179,TRUE,NA
"b",-17.68,-0.0282148557798334,6.09746067956449,6.97847716746352,7.36057784817146,38.3607960780867,TRUE,NA
"b",-17.67,-0.028230750385844,6.09579594900736,6.97677087777969,7.35853402405818,38.3407969752674,TRUE,NA
"b",-17.66,-0.0282466628707756,6.09413074352636,6.97506407453994,7.35648962833386,38.3207978739633,TRUE,NA
"b",-17.65,-0.0282625932647446,6.09246506270284,6.97335675726803,7.3544446605178,38.300798774178,TRUE,NA
"b",-17.64,-0.0282785415979381,6.09079890611751,6.97164892548698,7.35239912012865,38.2807996759149,TRUE,NA
"b",-17.63,-0.0282945079006158,6.08913227335046,6.96994057871902,7.35035300668437,38.2608005791773,TRUE,NA
"b",-17.62,-0.0283104922030916,6.08746516398115,6.96823171648568,7.34830631970223,38.2408014839688,TRUE,NA
"b",-17.61,-0.0283264945357562,6.0857975775884,6.9665223383077,7.34625905869886,38.2208023902927,TRUE,NA
"b",-17.6,-0.0283425149290784,6.08412951375038,6.96481244370509,7.34421122319017,38.2008032981525,TRUE,NA
"b",-17.59,-0.0283585534135647,6.08246097204465,6.96310203219708,7.34216281269143,38.1808042075517,TRUE,NA
"b",-17.58,-0.0283746100198314,6.0807919520481,6.96139110330217,7.34011382671719,38.1608051184938,TRUE,NA
"b",-17.57,-0.0283906847785316,6.07912245333701,6.95967965653807,7.33806426478135,38.1408060309822,TRUE,NA
"b",-17.56,-0.0284067777204025,6.07745247548699,6.95796769142175,7.33601412639709,38.1208069450205,TRUE,NA
"b",-17.55,-0.0284228888762488,6.07578201807303,6.9562552074694,7.33396341107693,38.1008078606121,TRUE,NA
"b",-17.54,-0.0284390182769416,6.07411108066947,6.95454220419647,7.33191211833271,38.0808087777606,TRUE,NA
"b",-17.53,-0.0284551659534093,6.07243966284998,6.95282868111761,7.32986024767557,38.0608096964694,TRUE,NA
"b",-17.52,-0.0284713319366916,6.07076776418762,6.95111463774672,7.32780779861593,38.0408106167422,TRUE,NA
"b",-17.51,-0.0284875162578423,6.06909538425477,6.94940007359693,7.32575477066358,38.0208115385825,TRUE,NA
"b",-17.5,-0.0285037189480301,6.06742252262319,6.94768498818061,7.32370116332757,38.0008124619939,TRUE,NA
"b",-17.49,-0.0285199400384688,6.06574917886396,6.94596938100932,7.32164697611628,37.9808133869798,TRUE,NA
"b",-17.48,-0.0285361795604577,6.06407535254751,6.94425325159388,7.31959220853738,37.9608143135439,TRUE,NA
"b",-17.47,-0.0285524375453652,6.06240104324364,6.94253659944432,7.31753686009785,37.9408152416898,TRUE,NA
"b",-17.46,-0.028568714024616,6.06072625052147,6.9408194240699,7.31548093030397,37.920816171421,TRUE,NA
"b",-17.45,-0.0285850090297191,6.05905097394947,6.93910172497906,7.31342441866133,37.9008171027412,TRUE,NA
"b",-17.44,-0.028601322592248,6.05737521309546,6.93738350167952,7.3113673246748,37.880818035654,TRUE,NA
"b",-17.43,-0.0286176547438644,6.05569896752658,6.93566475367818,7.30930964784857,37.860818970163,TRUE,NA
"b",-17.42,-0.0286340055162853,6.05402223680932,6.93394548048114,7.30725138768612,37.8408199062719,TRUE,NA
"b",-17.41,-0.0286503749412948,6.05234502050951,6.93222568159374,7.30519254369021,37.8208208439843,TRUE,NA
"b",-17.4,-0.0286667630507702,6.05066731819231,6.93050535652053,7.30313311536291,37.8008217833038,TRUE,NA
"b",-17.39,-0.0286831698766443,6.04898912942223,6.92878450476525,7.30107310220557,37.7808227242342,TRUE,NA
"b",-17.38,-0.028699595450926,6.04731045376307,6.92706312583086,7.29901250371885,37.760823666779,TRUE,NA
"b",-17.37,-0.0287160398056994,6.04563129077802,6.92534121921953,7.29695131940268,37.7408246109421,TRUE,NA
"b",-17.36,-0.0287325029731239,6.04395164002954,6.92361878443262,7.29488954875629,37.7208255567271,TRUE,NA
"b",-17.35,-0.0287489849854338,6.04227150107947,6.9218958209707,7.29282719127819,37.7008265041377,TRUE,NA
"b",-17.34,-0.0287654858749151,6.04059087348895,6.92017232833353,7.29076424646618,37.6808274531776,TRUE,NA
"b",-17.33,-0.0287820056739715,6.03890975681843,6.91844830602009,7.28870071381733,37.6608284038506,TRUE,NA
"b",-17.32,-0.0287985444150337,6.03722815062772,6.91672375352854,7.28663659282802,37.6408293561604,TRUE,NA
"b",-17.31,-0.0288151021306289,6.03554605447592,6.91499867035622,7.28457188299389,37.6208303101108,TRUE,NA
"b",-17.3,-0.028831678853362,6.03386346792149,6.9132730559997,7.28250658380985,37.6008312657055,TRUE,NA
"b",-17.29,-0.0288482746159085,6.03218039052216,6.91154690995472,7.28044069477012,37.5808322229483,TRUE,NA
"b",-17.28,-0.0288648894510155,6.030496821835,6.90982023171619,7.27837421536817,37.560833181843,TRUE,NA
"b",-17.27,-0.0288815233915124,6.02881276141642,6.90809302077826,7.27630714509675,37.5408341423934,TRUE,NA
"b",-17.26,-0.0288981764702822,6.0271282088221,6.9063652766342,7.2742394834479,37.5208351046033,TRUE,NA
"b",-17.25,-0.0289148487203106,6.02544316360707,6.90463699877652,7.27217122991291,37.5008360684765,TRUE,NA
"b",-17.24,-0.0289315401746559,6.02375762532565,6.90290818669687,7.27010238398235,37.4808370340169,TRUE,NA
"b",-17.23,-0.0289482508664306,6.02207159353147,6.90117883988611,7.26803294514608,37.4608380012282,TRUE,NA
"b",-17.22,-0.0289649808288387,6.02038506777749,6.89944895783426,7.26596291289317,37.4408389701144,TRUE,NA
"b",-17.21,-0.0289817300951656,6.01869804761596,6.89771854003053,7.26389228671203,37.4208399406793,TRUE,NA
"b",-17.2,-0.0289984986987546,6.01701053259843,6.89598758596328,7.26182106609028,37.4008409129268,TRUE,NA
"b",-17.19,-0.0290152866730482,6.01532252227576,6.89425609512008,7.25974925051483,37.3808418868607,TRUE,NA
"b",-17.18,-0.0290320940515484,6.01363401619812,6.89252406698764,7.25767683947185,37.360842862485,TRUE,NA
"b",-17.17,-0.029048920867851,6.01194501391497,6.89079150105185,7.25560383244675,37.3408438398036,TRUE,NA
"b",-17.16,-0.0290657671556062,6.01025551497508,6.88905839679775,7.25353022892422,37.3208448188203,TRUE,NA
"b",-17.15,-0.0290826329485628,6.00856551892651,6.88732475370958,7.25145602838821,37.3008457995392,TRUE,NA
"b",-17.14,-0.0290995182805322,6.00687502531661,6.88559057127072,7.24938123032191,37.2808467819642,TRUE,NA
"b",-17.13,-0.0291164231854198,6.00518403369204,6.88385584896371,7.24730583420778,37.2608477660991,TRUE,NA
"b",-17.12,-0.0291333476971976,6.00349254359874,6.88212058627025,7.24522983952751,37.2408487519481,TRUE,NA
"b",-17.11,-0.0291502918499133,6.00180055458196,6.88038478267121,7.24315324576207,37.2208497395149,TRUE,NA
"b",-17.1,-0.0291672556777018,6.0001080661862,6.87864843764659,7.24107605239167,37.2008507288038,TRUE,NA
"b",-17.09,-0.0291842392147823,5.99841507795529,6.87691155067558,7.23899825889576,37.1808517198185,TRUE,NA
"b",-17.08,-0.0292012424954352,5.99672158943234,6.87517412123649,7.23691986475303,37.1608527125633,TRUE,NA
"b",-17.07,-0.0292182655540364,5.99502760015971,6.87343614880679,7.23484086944145,37.140853707042,TRUE,NA
"b",-17.06,-0.0292353084250252,5.99333310967909,6.8716976328631,7.2327612724382,37.1208547032587,TRUE,NA
"b",-17.05,-0.0292523711429409,5.99163811753143,6.86995857288118,7.23068107321971,37.1008557012175,TRUE,NA
"b",-17.04,-0.0292694537423896,5.98994262325695,6.86821896833595,7.22860027126167,37.0808567009224,TRUE,NA
"b",-17.03,-0.0292865562580582,5.98824662639516,6.86647881870145,7.22651886603898,37.0608577023775,TRUE,NA
"b",-17.02,-0.0293036787247233,5.98655012648485,6.86473812345088,7.2244368570258,37.0408587055868,TRUE,NA
"b",-17.01,-0.0293208211772318,5.98485312306409,6.86299688205655,7.22235424369551,37.0208597105545,TRUE,NA
"b",-17,-0.0293379836505105,5.9831556156702,6.86125509398994,7.22027102552074,37.0008607172847,TRUE,NA
"b",-16.99,-0.0293551661795815,5.9814576038398,6.85951275872164,7.21818720197335,36.9808617257814,TRUE,NA
"b",-16.98,-0.0293723687995392,5.97975908710875,6.85776987572137,7.21610277252442,36.9608627360489,TRUE,NA
"b",-16.97,-0.0293895915455551,5.97806006501222,6.85602644445801,7.21401773664428,36.9408637480912,TRUE,NA
"b",-16.96,-0.0294068344528893,5.9763605370846,6.85428246439954,7.21193209380246,36.9208647619125,TRUE,NA
"b",-16.95,-0.0294240975568807,5.97466050285958,6.85253793501307,7.20984584346773,36.900865777517,TRUE,NA
"b",-16.94,-0.0294413808929502,5.97295996187011,6.85079285576484,7.20775898510812,36.8808667949089,TRUE,NA
"b",-16.93,-0.0294586844966127,5.97125891364837,6.8490472261202,7.20567151819081,36.8608678140923,TRUE,NA
"b",-16.92,-0.0294760084034585,5.96955735772585,6.84730104554365,7.20358344218228,36.8408688350714,TRUE,NA
"b",-16.91,-0.0294933526491453,5.96785529363326,6.84555431349877,7.20149475654818,36.8208698578505,TRUE,NA
"b",-16.9,-0.0295107172694407,5.96615272090058,6.84380702944828,7.19940546075338,36.8008708824338,TRUE,NA
"b",-16.89,-0.0295281023001784,5.96444963905704,6.84205919285401,7.19731555426201,36.7808719088255,TRUE,NA
"b",-16.88,-0.0295455077772854,5.96274604763115,6.84031080317689,7.19522503653737,36.7608729370298,TRUE,NA
"b",-16.87,-0.0295629337367623,5.96104194615063,6.83856185987698,7.19313390704199,36.7408739670511,TRUE,NA
"b",-16.86,-0.0295803802147052,5.95933733414249,6.83681236241343,7.19104216523761,36.7208749988936,TRUE,NA
"b",-16.85,-0.0295978472472971,5.95763221113295,6.83506231024451,7.1889498105852,36.7008760325617,TRUE,NA
"b",-16.84,-0.0296153348707839,5.95592657664751,6.83331170282758,7.18685684254491,36.6808770680595,TRUE,NA
"b",-16.83,-0.0296328431215223,5.95422043021089,6.8315605396191,7.18476326057613,36.6608781053915,TRUE,NA
"b",-16.82,-0.0296503720359389,5.95251377134708,6.82980882007466,7.18266906413741,36.6408791445619,TRUE,NA
"b",-16.81,-0.0296679216505551,5.95080659957928,6.82805654364891,7.18057425268655,36.6208801855751,TRUE,NA
"b",-16.8,-0.0296854920019765,5.94909891442997,6.82630370979561,7.17847882568054,36.6008812284354,TRUE,NA
"b",-16.79,-0.0297030831268846,5.94739071542082,6.82455031796762,7.17638278257555,36.5808822731472,TRUE,NA
"b",-16.78,-0.0297206950620593,5.94568200207277,6.82279636761689,7.17428612282698,36.560883319715,TRUE,NA
"b",-16.77,-0.0297383278443636,5.94397277390598,6.82104185819443,7.1721888458894,36.540884368143,TRUE,NA
"b",-16.76,-0.0297559815107461,5.94226303043987,6.81928678915039,7.1700909512166,36.5208854184357,TRUE,NA
"b",-16.75,-0.029773656098244,5.94055277119305,6.81753115993396,7.16799243826156,36.5008864705975,TRUE,NA
"b",-16.74,-0.0297913516439787,5.93884199568338,6.81577496999343,7.16589330647643,36.4808875246328,TRUE,NA
"b",-16.73,-0.029809068185162,5.93713070342795,6.81401821877618,7.16379355531258,36.4608885805461,TRUE,NA
"b",-16.72,-0.0298268057590992,5.93541889394307,6.81226090572865,7.16169318422055,36.4408896383418,TRUE,NA
"b",-16.71,-0.029844564403171,5.93370656674429,6.81050303029636,7.15959219265009,36.4208906980244,TRUE,NA
"b",-16.7,-0.0298623441548589,5.93199372134635,6.80874459192392,7.15749058005011,36.4008917595984,TRUE,NA
"b",-16.69,-0.0298801450517194,5.93028035726324,6.80698559005499,7.15538834586872,36.3808928230683,TRUE,NA
"b",-16.68,-0.02989796713142,5.92856647400815,6.80522602413232,7.15328548955321,36.3608938884386,TRUE,NA
"b",-16.67,-0.029915810431697,5.9268520710935,6.80346589359772,7.15118201055005,36.3408949557138,TRUE,NA
"b",-16.66,-0.029933674990379,5.92513714803092,6.80170519789206,7.14907790830489,36.3208960248984,TRUE,NA
"b",-16.65,-0.029951560845395,5.92342170433126,6.79994393645528,7.14697318226257,36.3008970959971,TRUE,NA
"b",-16.64,-0.0299694680347494,5.92170573950456,6.79818210872638,7.14486783186708,36.2808981690143,TRUE,NA
"b",-16.63,-0.0299873965965521,5.91998925306009,6.79641971414341,7.1427618565616,36.2608992439546,TRUE,NA
"b",-16.62,-0.030005346568997,5.91827224450632,6.79465675214351,7.14065525578848,36.2409003208227,TRUE,NA
"b",-16.61,-0.0300233179903604,5.91655471335094,6.79289322216282,7.13854802898926,36.2209013996232,TRUE,NA
"b",-16.6,-0.03004131089903,5.91483665910081,6.79112912363658,7.13644017560461,36.2009024803605,TRUE,NA
"b",-16.59,-0.0300593253334621,5.91311808126203,6.78936445599907,7.13433169507439,36.1809035630395,TRUE,NA
"b",-16.58,-0.0300773613322181,5.91139897933988,6.78759921868359,7.13222258683764,36.1609046476647,TRUE,NA
"b",-16.57,-0.030095418933951,5.90967935283884,6.78583341112253,7.13011285033254,36.1409057342408,TRUE,NA
"b",-16.56,-0.030113498177395,5.9079592012626,6.7840670327473,7.12800248499644,36.1209068227725,TRUE,NA
"b",-16.55,-0.030131599101399,5.90623852411402,6.78230008298833,7.12589149026585,36.1009079132644,TRUE,NA
"b",-16.54,-0.0301497217448803,5.90451732089517,6.78053256127514,7.12377986557644,36.0809090057213,TRUE,NA
"b",-16.53,-0.0301678661468563,5.90279559110731,6.77876446703625,7.12166761036305,36.0609101001479,TRUE,NA
"b",-16.52,-0.0301860323464552,5.90107333425089,6.77699579969922,7.11955472405965,36.0409111965488,TRUE,NA
"b",-16.51,-0.0302042203828727,5.89935054982554,6.77522655869065,7.11744120609938,36.0209122949289,TRUE,NA
"b",-16.5,-0.0302224302954174,5.89762723733009,6.77345674343617,7.11532705591452,36.000913395293,TRUE,NA
"b",-16.49,-0.0302406621234803,5.89590339626253,6.77168635336044,7.11321227293652,35.9809144976457,TRUE,NA
"b",-16.48,-0.0302589159065512,5.89417902612005,6.76991538788712,7.11109685659596,35.9609156019918,TRUE,NA
"b",-16.47,-0.0302771916842188,5.89245412639901,6.76814384643894,7.10898080632258,35.9409167083363,TRUE,NA
"b",-16.46,-0.0302954894961618,5.89072869659496,6.76637172843762,7.10686412154524,35.9209178166838,TRUE,NA
"b",-16.45,-0.0303138093821475,5.88900273620261,6.76459903330389,7.10474680169198,35.9009189270393,TRUE,NA
"b",-16.44,-0.03033215138207,5.88727624471585,6.76282576045754,7.10262884618995,35.8809200394075,TRUE,NA
"b",-16.43,-0.03035051553586,5.88554922162776,6.76105190931732,7.10051025446544,35.8609211537933,TRUE,NA
"b",-16.42,-0.0303689018836116,5.88382166643055,6.75927747930103,7.09839102594391,35.8409222702016,TRUE,NA
"b",-16.41,-0.0303873104654668,5.88209357861564,6.75750246982547,7.09627116004992,35.8209233886373,TRUE,NA
"b",-16.4,-0.0304057413216829,5.88036495767358,6.75572688030644,7.09415065620718,35.8009245091053,TRUE,NA
"b",-16.39,-0.0304241944926205,5.87863580309412,6.75395071015875,7.09202951383853,35.7809256316105,TRUE,NA
"b",-16.38,-0.0304426700187227,5.87690611436614,6.75217395879623,7.08990773236594,35.7609267561579,TRUE,NA
"b",-16.37,-0.0304611679405408,5.87517589097769,6.75039662563167,7.0877853112105,35.7409278827523,TRUE,NA
"b",-16.36,-0.0304796882987167,5.873445132416,6.7486187100769,7.08566224979243,35.7209290113988,TRUE,NA
"b",-16.35,-0.0304982311339978,5.87171383816742,6.74684021154273,7.0835385475311,35.7009301421023,TRUE,NA
"b",-16.34,-0.0305167964872235,5.86998200771747,6.74506112943894,7.08141420384496,35.6809312748678,TRUE,NA
"b",-16.33,-0.0305353843993403,5.86824964055084,6.74328146317435,7.07928921815162,35.6609324097004,TRUE,NA
"b",-16.32,-0.0305539949113821,5.86651673615134,6.74150121215673,7.07716358986777,35.640933546605,TRUE,NA
"b",-16.31,-0.0305726280644937,5.86478329400195,6.73972037579284,7.07503731840926,35.6209346855868,TRUE,NA
"b",-16.3,-0.0305912838999062,5.86304931358478,6.73793895348845,7.07291040319102,35.6009358266506,TRUE,NA
"b",-16.29,-0.0306099624589656,5.8613147943811,6.73615694464828,7.07078284362711,35.5809369698017,TRUE,NA
"b",-16.28,-0.0306286637831087,5.8595797358713,6.73437434867605,7.0686546391307,35.5609381150451,TRUE,NA
"b",-16.27,-0.0306473879138772,5.85784413753494,6.73259116497445,7.06652578911408,35.5409392623859,TRUE,NA
"b",-16.26,-0.0306661348929077,5.8561079988507,6.73080739294514,7.06439629298861,35.5209404118293,TRUE,NA
"b",-16.25,-0.0306849047619401,5.85437131929639,6.72902303198876,7.06226615016481,35.5009415633803,TRUE,NA
"b",-16.24,-0.0307036975628254,5.85263409834896,6.72723808150491,7.06013536005225,35.480942717044,TRUE,NA
"b",-16.23,-0.0307225133375091,5.85089633548451,6.72545254089217,7.05800392205965,35.4609438728258,TRUE,NA
"b",-16.22,-0.0307413521280353,5.84915803017823,6.72366640954808,7.05587183559481,35.4409450307307,TRUE,NA
"b",-16.21,-0.0307602139765495,5.84741918190448,6.72187968686913,7.05373910006461,35.4209461907639,TRUE,NA
"b",-16.2,-0.0307790989253149,5.84567979013671,6.7200923722508,7.05160571487505,35.4009473529307,TRUE,NA
"b",-16.19,-0.0307980070166754,5.84393985434751,6.71830446508749,7.04947167943122,35.3809485172362,TRUE,NA
"b",-16.18,-0.0308169382930947,5.84219937400861,6.71651596477258,7.04733699313731,35.3609496836858,TRUE,NA
"b",-16.17,-0.0308358927971404,5.84045834859082,6.7147268706984,7.04520165539657,35.3409508522846,TRUE,NA
"b",-16.16,-0.0308548705714712,5.83871677756409,6.71293718225621,7.04306566561138,35.320952023038,TRUE,NA
"b",-16.15,-0.0308738716588634,5.83697466039749,6.71114689883626,7.04092902318317,35.3009531959512,TRUE,NA
"b",-16.14,-0.0308928961021866,5.83523199655919,6.7093560198277,7.03879172751249,35.2809543710296,TRUE,NA
"b",-16.13,-0.0309119439444283,5.83348878551648,6.70756454461864,7.03665377799893,35.2609555482784,TRUE,NA
"b",-16.12,-0.0309310152286683,5.83174502673574,6.70577247259614,7.03451517404121,35.2409567277031,TRUE,NA
"b",-16.11,-0.0309501099981006,5.83000071968249,6.70397980314619,7.03237591503709,35.2209579093089,TRUE,NA
"b",-16.1,-0.0309692282960247,5.82825586382131,6.70218653565372,7.03023600038342,35.2009590931013,TRUE,NA
"b",-16.09,-0.0309883701658398,5.82651045861593,6.70039266950257,7.02809542947613,35.1809602790855,TRUE,NA
"b",-16.08,-0.0310075356510571,5.82476450352915,6.69859820407554,7.02595420171022,35.1609614672671,TRUE,NA
"b",-16.07,-0.0310267247953012,5.82301799802287,6.69680313875435,7.02381231647976,35.1409626576515,TRUE,NA
"b",-16.06,-0.0310459376422764,5.82127094155809,6.69500747291963,7.02166977317788,35.1209638502441,TRUE,NA
"b",-16.05,-0.0310651742358295,5.81952333359491,6.69321120595095,7.0195265711968,35.1009650450503,TRUE,NA
"b",-16.04,-0.0310844346199003,5.8177751735925,6.69141433722679,7.01738270992777,35.0809662420756,TRUE,NA
"b",-16.03,-0.0311037188385396,5.81602646100915,6.68961686612456,7.01523818876115,35.0609674413256,TRUE,NA
"b",-16.02,-0.0311230269358889,5.81427719530222,6.68781879202057,7.01309300708631,35.0409686428057,TRUE,NA
"b",-16.01,-0.0311423589562197,5.81252737592814,6.68602011429005,7.01094716429172,35.0209698465214,TRUE,NA
"b",-16,-0.0311617149439167,5.81077700234245,6.68422083230714,7.00880065976489,35.0009710524782,TRUE,NA
"b",-15.99,-0.0311810949434529,5.80902607399976,6.68242094544489,7.00665349289238,34.9809722606819,TRUE,NA
"b",-15.98,-0.0312004989994205,5.80727459035374,6.68062045307524,7.0045056630598,34.9609734711378,TRUE,NA
"b",-15.97,-0.0312199271565324,5.80552255085716,6.67881935456905,7.00235716965183,34.9409746838517,TRUE,NA
"b",-15.96,-0.0312393794595959,5.80376995496186,6.67701764929607,7.00020801205219,34.920975898829,TRUE,NA
"b",-15.95,-0.0312588559535356,5.80201680211874,6.67521533662496,6.99805818964364,34.9009771160755,TRUE,NA
"b",-15.94,-0.0312783566833917,5.80026309177778,6.67341241592326,6.99590770180799,34.8809783355968,TRUE,NA
"b",-15.93,-0.0312978816943137,5.79850882338801,6.6716088865574,6.99375654792609,34.8609795573986,TRUE,NA
"b",-15.92,-0.0313174310315546,5.79675399639754,6.66980474789272,6.99160472737783,34.8409807814864,TRUE,NA
"b",-15.91,-0.0313370047405002,5.79499861025354,6.66799999929342,6.98945223954214,34.8209820078661,TRUE,NA
"b",-15.9,-0.0313566028666203,5.79324266440224,6.66619464012259,6.987299083797,34.8009832365433,TRUE,NA
"b",-15.89,-0.03137622545552,5.79148615828892,6.66438866974223,6.9851452595194,34.7809844675238,TRUE,NA
"b",-15.88,-0.0313958725529127,5.78972909135792,6.66258208751318,6.98299076608537,34.7609857008134,TRUE,NA
"b",-15.87,-0.0314155442046203,5.78797146305263,6.66077489279518,6.98083560286999,34.7409869364177,TRUE,NA
"b",-15.86,-0.0314352404565822,5.7862132728155,6.65896708494684,6.97867976924733,34.7209881743426,TRUE,NA
"b",-15.85,-0.0314549613548522,5.78445452008801,6.65715866332563,6.97652326459052,34.7009894145938,TRUE,NA
"b",-15.84,-0.0314747069455927,5.78269520431071,6.65534962728789,6.9743660882717,34.6809906571773,TRUE,NA
"b",-15.83,-0.0314944772750944,5.78093532492317,6.65353997618884,6.97220823966204,34.6609919020988,TRUE,NA
"b",-15.82,-0.0315142723897559,5.77917488136403,6.65172970938256,6.9700497181317,34.6409931493643,TRUE,NA
"b",-15.81,-0.0315340923360906,5.77741387307092,6.64991882622197,6.9678905230499,34.6209943989795,TRUE,NA
"b",-15.8,-0.0315539371607209,5.77565229948056,6.64810732605887,6.96573065378485,34.6009956509503,TRUE,NA
"b",-15.79,-0.0315738069104057,5.77389016002868,6.64629520824391,6.96357010970377,34.5809969052828,TRUE,NA
"b",-15.78,-0.0315937016320027,5.77212745415003,6.64448247212657,6.9614088901729,34.5609981619828,TRUE,NA
"b",-15.77,-0.0316136213724892,5.77036418127841,6.64266911705522,6.9592469945575,34.5409994210563,TRUE,NA
"b",-15.76,-0.0316335661789801,5.76860034084663,6.64085514237704,6.95708442222181,34.5210006825092,TRUE,NA
"b",-15.75,-0.0316535360986745,5.76683593228654,6.63904054743808,6.95492117252909,34.5010019463476,TRUE,NA
"b",-15.74,-0.031673531178913,5.76507095502901,6.63722533158321,6.95275724484161,34.4810032125773,TRUE,NA
"b",-15.73,-0.0316935514671519,5.76330540850392,6.63540949415615,6.95059263852062,34.4610044812046,TRUE,NA
"b",-15.72,-0.0317135970109666,5.76153929214017,6.63359303449945,6.94842735292639,34.4410057522354,TRUE,NA
"b",-15.71,-0.0317336678580415,5.75977260536567,6.63177595195451,6.94626138741816,34.4210070256757,TRUE,NA
"b",-15.7,-0.0317537640561944,5.75800534760736,6.62995824586154,6.94409474135418,34.4010083015317,TRUE,NA
"b",-15.69,-0.0317738856533557,5.75623751829117,6.62813991555959,6.9419274140917,34.3810095798095,TRUE,NA
"b",-15.68,-0.0317940326975835,5.75446911684204,6.62632096038652,6.93975940498694,34.3610108605152,TRUE,NA
"b",-15.67,-0.0318142052370438,5.75270014268394,6.62450137967903,6.93759071339512,34.3410121436549,TRUE,NA
"b",-15.66,-0.0318344033200364,5.75093059523982,6.62268117277262,6.93542133867043,34.3210134292347,TRUE,NA
"b",-15.65,-0.0318546269949858,5.74916047393161,6.62086033900164,6.93325128016605,34.301014717261,TRUE,NA
"b",-15.64,-0.0318748763104185,5.74738977818028,6.61903887769921,6.93108053723415,34.2810160077398,TRUE,NA
"b",-15.63,-0.0318951513150087,5.74561850740577,6.61721678819729,6.92890910922587,34.2610173006774,TRUE,NA
"b",-15.62,-0.0319154520575217,5.74384666102702,6.61539406982665,6.92673699549132,34.24101859608,TRUE,NA
"b",-15.61,-0.0319357785868891,5.74207423846195,6.61357072191684,6.92456419537959,34.221019893954,TRUE,NA
"b",-15.6,-0.0319561309521282,5.74030123912749,6.61174674379624,6.92239070823874,34.2010211943054,TRUE,NA
"b",-15.59,-0.0319765092023997,5.73852766243952,6.60992213479201,6.9202165334158,34.1810224971408,TRUE,NA
"b",-15.58,-0.0319969133869844,5.73675350781293,6.60809689423012,6.91804167025676,34.1610238024663,TRUE,NA
"b",-15.57,-0.03201734355528,5.73497877466158,6.60627102143533,6.91586611810659,34.1410251102883,TRUE,NA
"b",-15.56,-0.0320377997568268,5.73320346239831,6.60444451573118,6.91368987630919,34.1210264206133,TRUE,NA
"b",-15.55,-0.0320582820412735,5.73142757043494,6.60261737644003,6.91151294420746,34.1010277334474,TRUE,NA
"b",-15.54,-0.0320787904584066,5.72965109818224,6.60078960288299,6.90933532114323,34.0810290487973,TRUE,NA
"b",-15.53,-0.0320993250581281,5.72787404504998,6.59896119437997,6.9071570064573,34.0610303666692,TRUE,NA
"b",-15.52,-0.0321198858904846,5.72609641044687,6.59713215024965,6.90497799948941,34.0410316870696,TRUE,NA
"b",-15.51,-0.0321404730056301,5.7243181937806,6.59530246980951,6.90279829957825,34.021033010005,TRUE,NA
"b",-15.5,-0.0321610864538571,5.72253939445781,6.59347215237578,6.90061790606148,34.0010343354819,TRUE,NA
"b",-15.49,-0.0321817262855789,5.72076001188412,6.59164119726347,6.89843681827567,33.9810356635067,TRUE,NA
"b",-15.48,-0.0322023925513512,5.71898004546408,6.58980960378636,6.89625503555638,33.961036994086,TRUE,NA
"b",-15.47,-0.0322230853018399,5.71719949460121,6.58797737125699,6.89407255723806,33.9410383272264,TRUE,NA
"b",-15.46,-0.032243804587856,5.71541835869797,6.58614449898666,6.89188938265413,33.9210396629343,TRUE,NA
"b",-15.45,-0.0322645504603272,5.71363663715579,6.58431098628545,6.88970551113695,33.9010410012164,TRUE,NA
"b",-15.44,-0.0322853229703265,5.71185432937501,6.58247683246218,6.88752094201779,33.8810423420793,TRUE,NA
"b",-15.43,-0.0323061221690457,5.71007143475495,6.58064203682443,6.88533567462687,33.8610436855296,TRUE,NA
"b",-15.42,-0.0323269481078089,5.70828795269386,6.57880659867851,6.88314970829334,33.841045031574,TRUE,NA
"b",-15.41,-0.032347800838077,5.7065038825889,6.57697051732951,6.88096304234527,33.8210463802191,TRUE,NA
"b",-15.4,-0.0323686804114335,5.7047192238362,6.57513379208126,6.87877567610964,33.8010477314716,TRUE,NA
"b",-15.39,-0.0323895868796043,5.70293397583081,6.5732964222363,6.87658760891239,33.7810490853382,TRUE,NA
"b",-15.38,-0.0324105202944402,5.7011481379667,6.57145840709596,6.87439884007834,33.7610504418258,TRUE,NA
"b",-15.37,-0.0324314807079255,5.69936170963679,6.56961974596026,6.87220936893125,33.7410518009409,TRUE,NA
"b",-15.36,-0.0324524681721877,5.69757469023289,6.56778043812798,6.87001919479379,33.7210531626905,TRUE,NA
"b",-15.35,-0.0324734827394784,5.69578707914576,6.56594048289662,6.86782831698755,33.7010545270812,TRUE,NA
"b",-15.34,-0.0324945244621853,5.69399887576507,6.56409987956241,6.865636734833,33.68105589412,TRUE,NA
"b",-15.33,-0.0325155933928275,5.69221007947941,6.56225862742031,6.86344444764956,33.6610572638137,TRUE,NA
"b",-15.32,-0.0325366895840677,5.69042068967627,6.560416725764,6.86125145475552,33.6410586361691,TRUE,NA
"b",-15.31,-0.0325578130887034,5.68863070574205,6.55857417388586,6.85905775546809,33.6210600111931,TRUE,NA
"b",-15.3,-0.0325789639596552,5.68684012706208,6.55673097107702,6.85686334910338,33.6010613888927,TRUE,NA
"b",-15.29,-0.0326001422499981,5.68504895302057,6.5548871166273,6.85466823497638,33.5810627692747,TRUE,NA
"b",-15.28,-0.0326213480129284,5.68325718300064,6.55304260982523,6.85247241240101,33.5610641523462,TRUE,NA
"b",-15.27,-0.0326425813017944,5.68146481638432,6.55119744995804,6.85027588069005,33.541065538114,TRUE,NA
"b",-15.26,-0.0326638421700651,5.67967185255253,6.5493516363117,6.84807863915518,33.5210669265853,TRUE,NA
"b",-15.25,-0.0326851306713654,5.67787829088506,6.54750516817083,6.84588068710697,33.501068317767,TRUE,NA
"b",-15.24,-0.0327064468594528,5.67608413076063,6.54565804481878,6.84368202385488,33.4810697116662,TRUE,NA
"b",-15.23,-0.0327277907882083,5.67428937155681,6.54381026553759,6.84148264870724,33.4610711082899,TRUE,NA
"b",-15.22,-0.0327491625116783,5.67249401265009,6.54196182960799,6.83928256097128,33.4410725076452,TRUE,NA
"b",-15.21,-0.0327705620840415,5.67069805341581,6.5401127363094,6.83708175995307,33.4210739097393,TRUE,NA
"b",-15.2,-0.0327919895595981,5.66890149322821,6.53826298491991,6.8348802449576,33.4010753145793,TRUE,NA
"b",-15.19,-0.0328134449928137,5.66710433146039,6.53641257471632,6.83267801528871,33.3810767221723,TRUE,NA
"b",-15.18,-0.0328349284382736,5.66530656748435,6.53456150497408,6.83047507024911,33.3610781325255,TRUE,NA
"b",-15.17,-0.0328564399507338,5.66350820067093,6.53270977496735,6.82827140914037,33.3410795456462,TRUE,NA
"b",-15.16,-0.0328779795850606,5.66170923038984,6.53085738396892,6.82606703126294,33.3210809615416,TRUE,NA
"b",-15.15,-0.032899547396286,5.65990965600969,6.5290043312503,6.82386193591613,33.3010823802189,TRUE,NA
"b",-15.14,-0.0329211434395816,5.6581094768979,6.52715061608163,6.82165612239811,33.2810838016854,TRUE,NA
"b",-15.13,-0.0329427677702433,5.65630869242078,6.52529623773173,6.81944959000589,33.2610852259484,TRUE,NA
"b",-15.12,-0.0329644204437419,5.6545073019435,6.52344119546807,6.81724233803535,33.2410866530152,TRUE,NA
"b",-15.11,-0.0329861015156658,5.65270530483006,6.5215854885568,6.81503436578122,33.2210880828932,TRUE,NA
"b",-15.1,-0.0330078110417694,5.65090270044332,6.51972911626269,6.81282567253709,33.2010895155898,TRUE,NA
"b",-15.09,-0.0330295490779368,5.64909948814499,6.5178720778492,6.81061625759537,33.1810909511123,TRUE,NA
"b",-15.08,-0.033051315680204,5.64729566729563,6.51601437257842,6.80840612024733,33.1610923894682,TRUE,NA
"b",-15.07,-0.0330731109047568,5.64549123725461,6.51415599971108,6.80619525978308,33.1410938306649,TRUE,NA
"b",-15.06,-0.0330949348079249,5.64368619738017,6.51229695850655,6.80398367549158,33.1210952747099,TRUE,NA
"b",-15.05,-0.0331167874461832,5.64188054702937,6.51043724822287,6.8017713666606,33.1010967216108,TRUE,NA
"b",-15.04,-0.0331386688761625,5.64007428555811,6.50857686811669,6.79955833257677,33.0810981713749,TRUE,NA
"b",-15.03,-0.0331605791546343,5.6382674123211,6.50671581744328,6.79734457252553,33.0610996240099,TRUE,NA
"b",-15.02,-0.0331825183385205,5.6364599266719,6.50485409545658,6.79513008579116,33.0411010795233,TRUE,NA
"b",-15.01,-0.033204486484895,5.63465182796286,6.50299170140913,6.79291487165676,33.0211025379227,TRUE,NA
"b",-15,-0.0332264836509789,5.63284311554519,6.50112863455209,6.79069892940425,33.0011039992158,TRUE,NA
"b",-14.99,-0.0332485098941394,5.63103378876888,6.49926489413526,6.78848225831439,32.9811054634102,TRUE,NA
"b",-14.98,-0.0332705652719096,5.62922384698275,6.49740047940704,6.78626485766673,32.9611069305135,TRUE,NA
"b",-14.97,-0.0332926498419696,5.62741328953442,6.49553538961446,6.78404672673964,32.9411084005335,TRUE,NA
"b",-14.96,-0.0333147636621255,5.62560211577032,6.49366962400315,6.78182786481033,32.9211098734779,TRUE,NA
"b",-14.95,-0.0333369067903736,5.6237903250357,6.49180318181734,6.77960827115477,32.9011113493544,TRUE,NA
"b",-14.94,-0.0333590792848452,5.62197791667459,6.48993606229989,6.77738794504779,32.8811128281707,TRUE,NA
"b",-14.93,-0.0333812812038216,5.62016489002981,6.48806826469225,6.77516688576297,32.8611143099348,TRUE,NA
"b",-14.92,-0.033403512605737,5.618351244443,6.48619978823445,6.77294509257274,32.8411157946544,TRUE,NA
"b",-14.91,-0.0334257735491961,5.61653697925456,6.48433063216514,6.7707225647483,32.8211172823374,TRUE,NA
"b",-14.9,-0.0334480640929363,5.61472209380372,6.48246079572156,6.76849930155964,32.8011187729916,TRUE,NA
"b",-14.89,-0.0334703842958759,5.61290658742844,6.48059027813952,6.76627530227556,32.7811202666249,TRUE,NA
"b",-14.88,-0.033492734217065,5.6110904594655,6.47871907865344,6.76405056616365,32.7611217632453,TRUE,NA
"b",-14.87,-0.0335151139157242,5.60927370925046,6.47684719649631,6.76182509249028,32.7411232628608,TRUE,NA
"b",-14.86,-0.0335375234512279,5.60745633611762,6.4749746308997,6.75959888052059,32.7211247654792,TRUE,NA
"b",-14.85,-0.0335599628831007,5.60563833940008,6.47310138109375,6.75737192951853,32.7011262711087,TRUE,NA
"b",-14.84,-0.0335824322710367,5.60381971842969,6.4712274463072,6.7551442387468,32.6811277797572,TRUE,NA
"b",-14.83,-0.0336049316748909,5.6020004725371,6.46935282576731,6.75291580746691,32.6611292914329,TRUE,NA
"b",-14.82,-0.033627461154658,5.60018060105167,6.46747751869996,6.7506866349391,32.6411308061437,TRUE,NA
"b",-14.81,-0.0336500207705071,5.59836010330155,6.46560152432957,6.74845672042242,32.6211323238979,TRUE,NA
"b",-14.8,-0.0336726105827703,5.59653897861364,6.4637248418791,6.74622606317467,32.6011338447035,TRUE,NA
"b",-14.79,-0.0336952306519309,5.59471722631358,6.46184747057011,6.74399466245239,32.5811353685687,TRUE,NA
"b",-14.78,-0.0337178810386347,5.59289484572579,6.45996940962268,6.74176251751093,32.5611368955017,TRUE,NA
"b",-14.77,-0.0337405618037035,5.59107183617339,6.45809065825546,6.73952962760437,32.5411384255108,TRUE,NA
"b",-14.76,-0.0337632730080935,5.58924819697827,6.45621121568563,6.73729599198554,32.5211399586042,TRUE,NA
"b",-14.75,-0.0337860147129481,5.58742392746105,6.45433108112892,6.73506160990603,32.5011414947902,TRUE,NA
"b",-14.74,-0.033808786979565,5.58559902694108,6.45245025379962,6.7328264806162,32.481143034077,TRUE,NA
"b",-14.73,-0.0338315898694112,5.58377349473645,6.45056873291053,6.73059060336512,32.4611445764731,TRUE,NA
"b",-14.72,-0.0338544234441039,5.58194733016398,6.44868651767299,6.72835397740063,32.4411461219867,TRUE,NA
"b",-14.71,-0.0338772877654449,5.5801205325392,6.44680360729689,6.7261166019693,32.4211476706263,TRUE,NA
"b",-14.7,-0.0339001828953836,5.57829310117637,6.44492000099063,6.72387847631645,32.4011492224003,TRUE,NA
"b",-14.69,-0.0339231088960499,5.57646503538847,6.44303569796113,6.72163959968611,32.3811507773172,TRUE,NA
"b",-14.68,-0.0339460658297331,5.57463633448718,6.44115069741386,6.71939997132108,32.3611523353853,TRUE,NA
"b",-14.67,-0.0339690537588821,5.5728069977829,6.43926499855277,6.71715959046286,32.3411538966133,TRUE,NA
"b",-14.66,-0.0339920727461302,5.57097702458475,6.43737860058035,6.71491845635168,32.3211554610096,TRUE,NA
"b",-14.65,-0.0340151228542723,5.56914641420053,6.4354915026976,6.7126765682265,32.3011570285828,TRUE,NA
"b",-14.64,-0.0340382041462627,5.56731516593675,6.43360370410402,6.71043392532499,32.2811585993415,TRUE,NA
"b",-14.63,-0.0340613166852368,5.56548327909861,6.43171520399761,6.70819052688356,32.2611601732943,TRUE,NA
"b",-14.62,-0.0340844605345018,5.56365075299002,6.42982600157489,6.70594637213732,32.2411617504499,TRUE,NA
"b",-14.61,-0.0341076357575223,5.56181758691356,6.42793609603086,6.70370146032007,32.221163330817,TRUE,NA
"b",-14.6,-0.0341308424179451,5.55998378017051,6.42604548655904,6.70145579066436,32.2011649144042,TRUE,NA
"b",-14.59,-0.0341540805795856,5.55814933206082,6.4241541723514,6.69920936240141,32.1811665012202,TRUE,NA
"b",-14.58,-0.0341773503064359,5.55631424188313,6.42226215259844,6.69696217476117,32.161168091274,TRUE,NA
"b",-14.57,-0.0342006516626462,5.55447850893474,6.42036942648913,6.69471422697226,32.1411696845742,TRUE,NA
"b",-14.56,-0.0342239847125552,5.55264213251163,6.41847599321091,6.69246551826202,32.1211712811296,TRUE,NA
"b",-14.55,-0.0342473495206722,5.55080511190846,6.41658185194972,6.69021604785647,32.1011728809492,TRUE,NA
"b",-14.54,-0.0342707461516868,5.54896744641852,6.41468700188995,6.68796581498033,32.0811744840418,TRUE,NA
"b",-14.53,-0.0342941746704414,5.5471291353338,6.4127914422145,6.68571481885699,32.0611760904163,TRUE,NA
"b",-14.52,-0.0343176351419789,5.54529017794493,6.41089517210469,6.68346305870854,32.0411777000817,TRUE,NA
"b",-14.51,-0.0343411276315146,5.54345057354117,6.40899819074035,6.68121053375575,32.021179313047,TRUE,NA
"b",-14.5,-0.0343646522044228,5.54161032141047,6.40710049729974,6.67895724321805,32.0011809293211,TRUE,NA
"b",-14.49,-0.0343882089262796,5.5397694208394,6.4052020909596,6.67670318631356,31.9811825489132,TRUE,NA
"b",-14.48,-0.0344117978628185,5.53792787111317,6.40330297089512,6.67444836225908,31.9611841718322,TRUE,NA
"b",-14.47,-0.0344354190799723,5.53608567151565,6.40140313627993,6.67219277027004,31.9411857980872,TRUE,NA
"b",-14.46,-0.0344590726438336,5.53424282132931,6.39950258628612,6.66993640956059,31.9211874276875,TRUE,NA
"b",-14.45,-0.0344827586206879,5.53239931983529,6.39760132008423,6.66767927934349,31.9011890606421,TRUE,NA
"b",-14.44,-0.034506477076998,5.53055516631333,6.39569933684323,6.66542137883018,31.8811906969603,TRUE,NA
"b",-14.43,-0.0345302280794052,5.5287103600418,6.39379663573054,6.66316270723077,31.8611923366512,TRUE,NA
"b",-14.42,-0.0345540116947378,5.52686490029768,6.39189321591201,6.660903263754,31.8411939797242,TRUE,NA
"b",-14.41,-0.0345778279899986,5.52501878635659,6.38998907655191,6.65864304760726,31.8211956261885,TRUE,NA
"b",-14.4,-0.0346016770323824,5.52317201749273,6.38808421681298,6.65638205799659,31.8011972760535,TRUE,NA
"b",-14.39,-0.0346255588892624,5.52132459297893,6.38617863585633,6.65412029412669,31.7811989293284,TRUE,NA
"b",-14.38,-0.034649473628193,5.51947651208663,6.38427233284153,6.65185775520087,31.7612005860227,TRUE,NA
"b",-14.37,-0.0346734213169287,5.51762777408583,6.38236530692655,6.6495944404211,31.7412022461458,TRUE,NA
"b",-14.36,-0.0346974020233957,5.51577837824518,6.38045755726781,6.64733034898796,31.7212039097072,TRUE,NA
"b",-14.35,-0.0347214158157029,5.51392832383188,6.37854908302008,6.64506548010067,31.7012055767162,TRUE,NA
"b",-14.34,-0.0347454627621578,5.51207761011173,6.37663988333661,6.64279983295709,31.6812072471826,TRUE,NA
"b",-14.33,-0.0347695429312585,5.51022623634913,6.37472995736899,6.64053340675368,31.6612089211156,TRUE,NA
"b",-14.32,-0.0347936563916705,5.50837420180704,6.37281930426727,6.63826620068553,31.6412105985251,TRUE,NA
"b",-14.31,-0.0348178032122685,5.50652150574701,6.37090792317986,6.63599821394636,31.6212122794205,TRUE,NA
"b",-14.3,-0.0348419834621139,5.50466814742915,6.36899581325358,6.63372944572847,31.6012139638116,TRUE,NA
"b",-14.29,-0.0348661972104398,5.50281412611214,6.36708297363363,6.63145989522279,31.5812156517079,TRUE,NA
"b",-14.28,-0.0348904445267011,5.50095944105324,6.36516940346362,6.62918956161887,31.5612173431193,TRUE,NA
"b",-14.27,-0.0349147254805103,5.49910409150825,6.36325510188554,6.62691844410483,31.5412190380554,TRUE,NA
"b",-14.26,-0.0349390401417082,5.49724807673154,6.36134006803974,6.62464654186741,31.521220736526,TRUE,NA
"b",-14.25,-0.0349633885802914,5.49539139597603,6.35942430106497,6.62237385409195,31.501222438541,TRUE,NA
"b",-14.24,-0.0349877708664741,5.49353404849318,6.35750780009837,6.62010037996238,31.4812241441102,TRUE,NA
"b",-14.23,-0.0350121870706634,5.49167603353301,6.35559056427541,6.6178261186612,31.4612258532435,TRUE,NA
"b",-14.22,-0.0350366372634495,5.48981735034406,6.35367259272996,6.61555106936952,31.4412275659507,TRUE,NA
"b",-14.21,-0.0350611215156267,5.48795799817341,6.35175388459426,6.61327523126702,31.4212292822419,TRUE,NA
"b",-14.2,-0.0350856398981831,5.4860979762667,6.34983443899888,6.61099860353196,31.4012310021271,TRUE,NA
"b",-14.19,-0.0351101924823003,5.48423728386805,6.34791425507279,6.60872118534118,31.3812327256161,TRUE,NA
"b",-14.18,-0.0351347793393674,5.48237592022014,6.34599333194327,6.6064429758701,31.3612344527192,TRUE,NA
"b",-14.17,-0.0351594005409614,5.48051388456416,6.34407166873601,6.60416397429269,31.3412361834464,TRUE,NA
"b",-14.16,-0.0351840561588575,5.4786511761398,6.34214926457498,6.6018841797815,31.3212379178078,TRUE,NA
"b",-14.15,-0.035208746265044,5.47678779418529,6.34022611858255,6.59960359150763,31.3012396558136,TRUE,NA
"b",-14.14,-0.0352334709316908,5.47492373793733,6.33830222987942,6.59732220864074,31.2812413974739,TRUE,NA
"b",-14.13,-0.0352582302311886,5.47305900663117,6.33637759758461,6.59504003034907,31.261243142799,TRUE,NA
"b",-14.12,-0.0352830242361047,5.4711935995005,6.33445222081549,6.59275705579937,31.2412448917992,TRUE,NA
"b",-14.11,-0.0353078530192372,5.46932751577756,6.33252609868777,6.59047328415697,31.2212466444848,TRUE,NA
"b",-14.1,-0.0353327166535649,5.46746075469304,6.33059923031546,6.58818871458573,31.2012484008661,TRUE,NA
"b",-14.09,-0.0353576152122844,5.46559331547613,6.32867161481093,6.58590334624805,31.1812501609535,TRUE,NA
"b",-14.08,-0.0353825487687851,5.4637251973545,6.32674325128486,6.58361717830488,31.1612519247574,TRUE,NA
"b",-14.07,-0.0354075173966708,5.46185639955429,6.32481413884623,6.58133020991568,31.1412536922882,TRUE,NA
"b",-14.06,-0.0354325211697421,5.45998692130014,6.32288427660236,6.57904244023847,31.1212554635564,TRUE,NA
"b",-14.05,-0.0354575601620217,5.45811676181511,6.32095366365887,6.57675386842978,31.1012572385726,TRUE,NA
"b",-14.04,-0.0354826344477225,5.45624592032077,6.3190222991197,6.57446449364465,31.0812590173473,TRUE,NA
"b",-14.03,-0.0355077441012739,5.45437439603713,6.31709018208708,6.57217431503667,31.0612607998912,TRUE,NA
"b",-14.02,-0.0355328891973136,5.45250218818263,6.31515731166156,6.56988333175792,31.0412625862147,TRUE,NA
"b",-14.01,-0.035558069810691,5.45062929597421,6.31322368694197,6.56759154295901,31.0212643763287,TRUE,NA
"b",-14,-0.0355832860164612,5.44875571862722,6.31128930702544,6.56529894778904,31.0012661702437,TRUE,NA
"b",-13.99,-0.0356085378898845,5.44688145535546,6.30935417100742,6.56300554539562,30.9812679679707,TRUE,NA
"b",-13.98,-0.0356338255064501,5.44500650537117,6.3074182779816,6.56071133492488,30.9612697695202,TRUE,NA
"b",-13.97,-0.0356591489418447,5.44313086788502,6.30548162703999,6.55841631552142,30.9412715749033,TRUE,NA
"b",-13.96,-0.03568450827197,5.44125454210611,6.30354421727289,6.55612048632835,30.9212733841306,TRUE,NA
"b",-13.95,-0.0357099035729506,5.43937752724195,6.30160604776884,6.55382384648727,30.9012751972132,TRUE,NA
"b",-13.94,-0.0357353349211215,5.43749982249849,6.29966711761469,6.55152639513826,30.8812770141619,TRUE,NA
"b",-13.93,-0.0357608023930293,5.43562142708009,6.29772742589555,6.54922813141989,30.8612788349878,TRUE,NA
"b",-13.92,-0.0357863060654317,5.4337423401895,6.29578697169481,6.5469290544692,30.8412806597018,TRUE,NA
"b",-13.91,-0.0358118460153229,5.4318625610279,6.29384575409411,6.5446291634217,30.821282488315,TRUE,NA
"b",-13.9,-0.0358374223198938,5.42998208879485,6.29190377217335,6.5423284574114,30.8012843208385,TRUE,NA
"b",-13.89,-0.0358630350565649,5.42810092268833,6.28996102501071,6.54002693557074,30.7812861572835,TRUE,NA
"b",-13.88,-0.0358886843029754,5.42621906190468,6.28801751168262,6.53772459703065,30.761287997661,TRUE,NA
"b",-13.87,-0.0359143701369837,5.42433650563864,6.28607323126374,6.53542144092052,30.7412898419823,TRUE,NA
"b",-13.86,-0.0359400926366685,5.42245325308335,6.28412818282701,6.53311746636817,30.7212916902587,TRUE,NA
"b",-13.85,-0.0359658518803231,5.42056930343029,6.28218236544361,6.5308126724999,30.7012935425015,TRUE,NA
"b",-13.84,-0.0359916479464766,5.41868465586936,6.28023577818294,6.52850705844045,30.6812953987219,TRUE,NA
"b",-13.83,-0.0360174809138755,5.41679930958877,6.27828842011267,6.526200623313,30.6612972589314,TRUE,NA
"b",-13.82,-0.0360433508614835,5.41491326377514,6.27634029029868,6.52389336623918,30.6412991231413,TRUE,NA
"b",-13.81,-0.0360692578684934,5.41302651761343,6.2743913878051,6.52158528633904,30.6213009913632,TRUE,NA
"b",-13.8,-0.0360952020143331,5.41113907028696,6.27244171169429,6.51927638273109,30.6013028636085,TRUE,NA
"b",-13.79,-0.0361211833786436,5.40925092097737,6.27049126102682,6.51696665453225,30.5813047398887,TRUE,NA
"b",-13.78,-0.0361472020412996,5.40736206886469,6.26854003486152,6.51465610085785,30.5613066202154,TRUE,NA
"b",-13.77,-0.0361732580824026,5.40547251312725,6.26658803225539,6.51234472082169,30.5413085046003,TRUE,NA
"b",-13.76,-0.0361993515822795,5.40358225294173,6.26463525226369,6.51003251353593,30.521310393055,TRUE,NA
"b",-13.75,-0.0362254826214941,5.40169128748314,6.26268169393987,6.5077194781112,30.5013122855912,TRUE,NA
"b",-13.74,-0.0362516512808342,5.39979961592481,6.26072735633559,6.50540561365648,30.4813141822206,TRUE,NA
"b",-13.73,-0.0362778576413226,5.39790723743838,6.25877223850074,6.50309091927921,30.461316082955,TRUE,NA
"b",-13.72,-0.0363041017842065,5.39601415119383,6.25681633948339,6.5007753940852,30.4413179878064,TRUE,NA
"b",-13.71,-0.0363303837909816,5.39412035635942,6.25485965832982,6.49845903717866,30.4213198967864,TRUE,NA
"b",-13.7,-0.0363567037433618,5.39222585210173,6.2529021940845,6.49614184766221,30.4013218099071,TRUE,NA
"b",-13.69,-0.036383061723298,5.39033063758563,6.25094394579012,6.49382382463684,30.3813237271804,TRUE,NA
"b",-13.68,-0.036409457812988,5.3884347119743,6.24898491248752,6.49150496720195,30.3613256486182,TRUE,NA
"b",-13.67,-0.0364358920948549,5.38653807442919,6.24702509321577,6.48918527445528,30.3413275742327,TRUE,NA
"b",-13.66,-0.0364623646515578,5.38464072411004,6.24506448701209,6.48686474549299,30.321329504036,TRUE,NA
"b",-13.65,-0.036488875566001,5.38274266017488,6.24310309291192,6.4845433794096,30.3013314380401,TRUE,NA
"b",-13.64,-0.0365154249213252,5.38084388178,6.24114090994883,6.48222117529799,30.2813333762572,TRUE,NA
"b",-13.63,-0.03654201280091,5.37894438807995,6.2391779371546,6.47989813224941,30.2613353186995,TRUE,NA
"b",-13.62,-0.0365686392883694,5.37704417822758,6.23721417355918,6.47757424935348,30.2413372653794,TRUE,NA
"b",-13.61,-0.0365953044675749,5.37514325137395,6.23524961819068,6.47524952569816,30.2213392163091,TRUE,NA
"b",-13.6,-0.0366220084226177,5.37324160666841,6.23328427007537,6.47292396036978,30.2013411715009,TRUE,NA
"b",-13.59,-0.0366487512378556,5.37133924325855,6.2313181282377,6.47059755245301,30.1813431309673,TRUE,NA
"b",-13.58,-0.0366755329978731,5.36943616029018,6.22935119170027,6.46827030103086,30.1613450947207,TRUE,NA
"b",-13.57,-0.0367023537875069,5.36753235690738,6.22738345948384,6.46594220518469,30.1413470627735,TRUE,NA
"b",-13.56,-0.0367292136918364,5.36562783225244,6.22541493060731,6.4636132639942,30.1213490351384,TRUE,NA
"b",-13.55,-0.0367561127961949,5.36372258546588,6.22344560408775,6.4612834765374,30.1013510118279,TRUE,NA
"b",-13.54,-0.0367830511861502,5.36181661568645,6.22147547894037,6.45895284189065,30.0813529928546,TRUE,NA
"b",-13.53,-0.0368100289475292,5.35990992205111,6.21950455417852,6.45662135912863,30.0613549782311,TRUE,NA
"b",-13.52,-0.0368370461664038,5.35800250369502,6.21753282881369,6.45428902732433,30.0413569679703,TRUE,NA
"b",-13.51,-0.0368641029291013,5.35609435975157,6.21556030185551,6.45195584554906,30.0213589620848,TRUE,NA
"b",-13.5,-0.0368911993221949,5.35418548935234,6.21358697231175,6.44962181287243,30.0013609605874,TRUE,NA
"b",-13.49,-0.0369183354325089,5.35227589162708,6.21161283918831,6.44728692836239,29.9813629634911,TRUE,NA
"b",-13.48,-0.0369455113471246,5.35036556570377,6.20963790148921,6.44495119108516,29.9613649708087,TRUE,NA
"b",-13.47,-0.0369727271533702,5.34845451070853,6.20766215821661,6.44261460010526,29.9413669825532,TRUE,NA
"b",-13.46,-0.0369999829388404,5.34654272576571,6.20568560837078,6.44027715448552,29.9213689987375,TRUE,NA
"b",-13.45,-0.0370272787913787,5.34463020999778,6.20370825095012,6.43793885328704,29.9013710193747,TRUE,NA
"b",-13.44,-0.0370546147990744,5.3427169625254,6.20173008495112,6.43559969556923,29.8813730444779,TRUE,NA
"b",-13.43,-0.0370819910502994,5.34080298246741,6.19975110936844,6.43325968038976,29.8613750740603,TRUE,NA
"b",-13.42,-0.0371094076336658,5.33888826894077,6.19777132319478,6.43091880680457,29.8413771081349,TRUE,NA
"b",-13.41,-0.0371368646380456,5.33697282106062,6.195790725421,6.4285770738679,29.8213791467151,TRUE,NA
"b",-13.4,-0.0371643621525801,5.33505663794023,6.19380931503605,6.42623448063224,29.8013811898142,TRUE,NA
"b",-13.39,-0.0371919002666627,5.333139718691,6.19182709102697,6.42389102614833,29.7813832374454,TRUE,NA
"b",-13.38,-0.0372194790699585,5.33122206242249,6.1898440523789,6.42154670946519,29.7613852896222,TRUE,NA
"b",-13.37,-0.0372470986523875,5.32930366824236,6.1878601980751,6.41920152963009,29.741387346358,TRUE,NA
"b",-13.36,-0.0372747591041379,5.3273845352564,6.1858755270969,6.41685548568854,29.7213894076663,TRUE,NA
"b",-13.35,-0.0373024605156622,5.32546466256854,6.18389003842372,6.4145085766843,29.7013914735605,TRUE,NA
"b",-13.34,-0.0373302029776788,5.32354404928078,6.18190373103307,6.41216080165938,29.6813935440544,TRUE,NA
"b",-13.33,-0.0373579865811716,5.32162269449326,6.17991660390055,6.40981215965402,29.6613956191614,TRUE,NA
"b",-13.32,-0.0373858114174021,5.31970059730419,6.17792865599984,6.40746264970667,29.6413976988953,TRUE,NA
"b",-13.31,-0.0374136775778866,5.3177777568099,6.17593988630268,6.40511227085404,29.6213997832699,TRUE,NA
"b",-13.3,-0.0374415851544242,5.31585417210478,6.17395029377891,6.40276102213105,29.6014018722989,TRUE,NA
"b",-13.29,-0.0374695342390756,5.31392984228133,6.17195987739643,6.40040890257083,29.5814039659961,TRUE,NA
"b",-13.28,-0.0374975249241773,5.31200476643009,6.16996863612121,6.39805591120473,29.5614060643754,TRUE,NA
"b",-13.27,-0.0375255573023442,5.31007894363971,6.16797656891729,6.39570204706232,29.5414081674509,TRUE,NA
"b",-13.26,-0.0375536314664536,5.30815237299687,6.16598367474676,6.39334730917134,29.5214102752363,TRUE,NA
"b",-13.25,-0.037581747509667,5.30622505358632,6.1639899525698,6.39099169655777,29.5014123877459,TRUE,NA
"b",-13.24,-0.0376099055254223,5.30429698449086,6.16199540134461,6.38863520824576,29.4814145049936,TRUE,NA
"b",-13.23,-0.0376381056074271,5.30236816479135,6.16000002002747,6.38627784325766,29.4614166269937,TRUE,NA
"b",-13.22,-0.037666347849675,5.30043859356666,6.15800380757271,6.38391960061399,29.4414187537603,TRUE,NA
"b",-13.21,-0.0376946323464386,5.29850826989372,6.15600676293271,6.38156047933348,29.4214208853077,TRUE,NA
"b",-13.2,-0.0377229591922618,5.29657719284748,6.15400888505789,6.37920047843302,29.4014230216502,TRUE,NA
"b",-13.19,-0.0377513284819827,5.29464536150089,6.15201017289671,6.37683959692765,29.3814251628022,TRUE,NA
"b",-13.18,-0.037779740310707,5.29271277492495,6.15001062539568,6.3744778338306,29.3614273087779,TRUE,NA
"b",-13.17,-0.0378081947738376,5.29077943218864,6.14801024149935,6.37211518815328,29.3414294595921,TRUE,NA
"b",-13.16,-0.0378366919670549,5.28884533235896,6.14600902015029,6.36975165890521,29.321431615259,TRUE,NA
"b",-13.15,-0.0378652319863279,5.2869104745009,6.14400696028913,6.36738724509411,29.3014337757934,TRUE,NA
"b",-13.14,-0.0378938149279023,5.28497485767743,6.14200406085451,6.36502194572581,29.2814359412098,TRUE,NA
"b",-13.13,-0.0379224408883259,5.28303848094953,6.1400003207831,6.36265575980431,29.2614381115229,TRUE,NA
"b",-13.12,-0.0379511099644277,5.28110134337612,6.13799573900959,6.36028868633172,29.2414402867475,TRUE,NA
"b",-13.11,-0.0379798222533276,5.27916344401413,6.1359903144667,6.35792072430831,29.2214424668984,TRUE,NA
"b",-13.1,-0.0380085778524336,5.27722478191844,6.13398404608518,6.35555187273246,29.2014446519904,TRUE,NA
"b",-13.09,-0.0380373768594528,5.27528535614187,6.13197693279377,6.35318213060069,29.1814468420383,TRUE,NA
"b",-13.08,-0.0380662193723756,5.27334516573521,6.12996897351924,6.35081149690761,29.1614490370573,TRUE,NA
"b",-13.07,-0.0380951054894921,5.2714042097472,6.12796016718639,6.34843997064598,29.1414512370623,TRUE,NA
"b",-13.06,-0.038124035309392,5.2694624872245,6.12595051271798,6.34606755080664,29.1214534420683,TRUE,NA
"b",-13.05,-0.0381530089309526,5.26751999721173,6.12394000903482,6.34369423637855,29.1014556520905,TRUE,NA
"b",-13.04,-0.0381820264533498,5.2655767387514,6.1219286550557,6.34132002634876,29.0814578671441,TRUE,NA
"b",-13.03,-0.0382110879760665,5.26363271088398,6.11991644969743,6.33894491970241,29.0614600872443,TRUE,NA
"b",-13.02,-0.0382401935988736,5.26168791264783,6.1179033918748,6.33656891542274,29.0414623124065,TRUE,NA
"b",-13.01,-0.0382693434218539,5.2597423430792,6.11588948050061,6.33419201249107,29.0214645426459,TRUE,NA
"b",-13,-0.0382985375453854,5.25779600121228,6.11387471448563,6.33181420988678,29.0014667779781,TRUE,NA
"b",-12.99,-0.0383277760701493,5.25584888607912,6.11185909273866,6.32943550658736,28.9814690184185,TRUE,NA
"b",-12.98,-0.0383570590971342,5.25390099670967,6.10984261416644,6.32705590156834,28.9614712639826,TRUE,NA
"b",-12.97,-0.0383863867276301,5.25195233213176,6.10782527767375,6.32467539380331,28.941473514686,TRUE,NA
"b",-12.96,-0.0384157590632373,5.25000289137109,6.1058070821633,6.32229398226395,28.9214757705444,TRUE,NA
"b",-12.95,-0.0384451762058582,5.24805267345122,6.10378802653581,6.31991166591996,28.9014780315735,TRUE,NA
"b",-12.94,-0.0384746382577109,5.24610167739358,6.10176810968998,6.3175284437391,28.8814802977891,TRUE,NA
"b",-12.93,-0.038504145321325,5.24414990221745,6.09974733052248,6.31514431468718,28.8614825692069,TRUE,NA
"b",-12.92,-0.0385336974995309,5.24219734693996,6.09772568792794,6.31275927772804,28.841484845843,TRUE,NA
"b",-12.91,-0.0385632948954754,5.24024401057606,6.09570318079899,6.31037333182354,28.8214871277132,TRUE,NA
"b",-12.9,-0.0385929376126257,5.23828989213855,6.09367980802619,6.3079864759336,28.8014894148336,TRUE,NA
"b",-12.89,-0.0386226257547551,5.23633499063805,6.09165556849811,6.30559870901613,28.7814917072202,TRUE,NA
"b",-12.88,-0.0386523594259609,5.23437930508299,6.08963046110125,6.30321003002707,28.7614940048892,TRUE,NA
"b",-12.87,-0.038682138730649,5.23242283447964,6.08760448472008,6.30082043792037,28.7414963078568,TRUE,NA
"b",-12.86,-0.0387119637735449,5.23046557783203,6.08557763823704,6.298429931648,28.7214986161392,TRUE,NA
"b",-12.85,-0.0387418346597036,5.22850753414201,6.08354992053252,6.2960385101599,28.7015009297528,TRUE,NA
"b",-12.84,-0.0387717514944865,5.22654870240924,6.08152133048485,6.29364617240404,28.6815032487139,TRUE,NA
"b",-12.83,-0.0388017143835879,5.22458908163112,6.07949186697033,6.29125291732635,28.6615055730391,TRUE,NA
"b",-12.82,-0.0388317234330177,5.22262867080285,6.07746152886321,6.28885874387077,28.6415079027448,TRUE,NA
"b",-12.81,-0.0388617787491187,5.2206674689174,6.07543031503568,6.2864636509792,28.6215102378475,TRUE,NA
"b",-12.8,-0.0388918804385467,5.21870547496549,6.07339822435788,6.28406763759153,28.601512578364,TRUE,NA
"b",-12.79,-0.0389220286083018,5.21674268793561,6.07136525569788,6.2816707026456,28.581514924311,TRUE,NA
"b",-12.78,-0.0389522233656941,5.21477910681398,6.06933140792171,6.27927284507724,28.5615172757051,TRUE,NA
"b",-12.77,-0.038982464818378,5.21281473058457,6.06729667989333,6.27687406382022,28.5415196325633,TRUE,NA
"b",-12.76,-0.0390127530743233,5.21084955822907,6.06526107047463,6.27447435780625,28.5215219949024,TRUE,NA
"b",-12.75,-0.0390430882418542,5.20888358872691,6.06322457852544,6.27207372596502,28.5015243627395,TRUE,NA
"b",-12.74,-0.0390734704295959,5.20691682105523,6.06118720290352,6.26967216722414,28.4815267360914,TRUE,NA
"b",-12.73,-0.0391038997465442,5.20494925418887,6.05914894246457,6.26726968050915,28.4615291149754,TRUE,NA
"b",-12.72,-0.0391343763020013,5.20298088710039,6.05710979606221,6.26486626474354,28.4415314994085,TRUE,NA
"b",-12.71,-0.0391649002056223,5.20101171876003,6.05506976254797,6.26246191884871,28.4215338894081,TRUE,NA
"b",-12.7,-0.0391954715673975,5.19904174813573,6.05302884077134,6.26005664174399,28.4015362849914,TRUE,NA
"b",-12.69,-0.0392260904976517,5.1970709741931,6.05098702957969,6.25765043234662,28.3815386861757,TRUE,NA
"b",-12.68,-0.0392567571070597,5.19509939589543,6.04894432781834,6.25524328957174,28.3615410929786,TRUE,NA
"b",-12.67,-0.0392874715066276,5.19312701220365,6.0469007343305,6.2528352123324,28.3415435054174,TRUE,NA
"b",-12.66,-0.0393182338077157,5.19115382207639,6.04485624795734,6.25042619953955,28.3215459235098,TRUE,NA
"b",-12.65,-0.0393490441220234,5.1891798244699,6.04281086753789,6.24801625010203,28.3015483472733,TRUE,NA
"b",-12.64,-0.0393799025615937,5.18720501833806,6.04076459190912,6.24560536292655,28.2815507767258,TRUE,NA
"b",-12.63,-0.0394108092388253,5.18522940263242,6.03871741990591,6.24319353691772,28.2615532118849,TRUE,NA
"b",-12.62,-0.0394417642664557,5.18325297630213,6.03666935036105,6.24078077097802,28.2415556527685,TRUE,NA
"b",-12.61,-0.0394727677575886,5.18127573829396,6.0346203821052,6.2383670640078,28.2215580993944,TRUE,NA
"b",-12.6,-0.0395038198256571,5.1792976875523,6.03257051396698,6.23595241490525,28.2015605517808,TRUE,NA
"b",-12.59,-0.0395349205844679,5.17731882301913,6.03051974477286,6.23353682256645,28.1815630099456,TRUE,NA
"b",-12.58,-0.0395660701481692,5.17533914363404,6.02846807334724,6.23112028588531,28.161565473907,TRUE,NA
"b",-12.57,-0.0395972686312675,5.17335864833419,6.02641549851241,6.22870280375358,28.1415679436831,TRUE,NA
"b",-12.56,-0.0396285161486296,5.17137733605432,6.02436201908856,6.22628437506088,28.1215704192921,TRUE,NA
"b",-12.55,-0.0396598128154824,5.16939520572676,6.02230763389375,6.22386499869464,28.1015729007526,TRUE,NA
"b",-12.54,-0.0396911587474036,5.16741225628137,6.02025234174396,6.2214446735401,28.0815753880827,TRUE,NA
"b",-12.53,-0.0397225540603399,5.1654284866456,6.01819614145305,6.21902339848037,28.0615778813011,TRUE,NA
"b",-12.52,-0.0397539988705993,5.16344389574441,6.01613903183277,6.21660117239633,28.0415803804262,TRUE,NA
"b",-12.51,-0.0397854932948544,5.16145848250033,6.01408101169275,6.21417799416669,28.0215828854767,TRUE,NA
"b",-12.5,-0.0398170374501421,5.1594722458334,6.01202207984052,6.21175386266798,28.0015853964713,TRUE,NA
"b",-12.49,-0.0398486314538625,5.15748518466119,6.00996223508147,6.20932877677448,27.9815879134287,TRUE,NA
"b",-12.48,-0.0398802754237977,5.15549729789877,6.00790147621889,6.20690273535832,27.9615904363679,TRUE,NA
"b",-12.47,-0.0399119694780739,5.15350858445873,6.00583980205394,6.20447573728937,27.9415929653076,TRUE,NA
"b",-12.46,-0.0399437137352201,5.15151904325115,6.00377721138566,6.20204778143531,27.921595500267,TRUE,NA
"b",-12.45,-0.0399755083141118,5.1495286731836,6.00171370301098,6.19961886666157,27.901598041265,TRUE,NA
"b",-12.44,-0.0400073533340181,5.14753747316113,5.99964927572468,6.19718899183137,27.8816005883208,TRUE,NA
"b",-12.43,-0.0400392489145645,5.14554544208625,5.99758392831942,6.19475815580567,27.8616031414536,TRUE,NA
"b",-12.42,-0.040071195175774,5.14355257885895,5.99551765958575,6.19232635744319,27.8416057006828,TRUE,NA
"b",-12.41,-0.0401031922380337,5.14155888237665,5.99345046831207,6.18989359560042,27.8216082660277,TRUE,NA
"b",-12.4,-0.0401352402221108,5.13956435153425,5.99138235328465,6.18745986913157,27.8016108375077,TRUE,NA
"b",-12.39,-0.0401673392491719,5.13756898522406,5.98931331328763,6.1850251768886,27.7816134151424,TRUE,NA
"b",-12.38,-0.0401994894407409,5.13557278233582,5.98724334710302,6.18258951772118,27.7616159989513,TRUE,NA
"b",-12.37,-0.0402316909187472,5.13357574175671,5.98517245351068,6.18015289047674,27.7416185889542,TRUE,NA
"b",-12.36,-0.0402639438054869,5.13157786237128,5.98310063128834,6.1777152940004,27.7216211851708,TRUE,NA
"b",-12.35,-0.0402962482236696,5.12957914306153,5.9810278792116,6.17527672713499,27.7016237876209,TRUE,NA
"b",-12.34,-0.0403286042963672,5.12757958270682,5.97895419605389,6.17283718872106,27.6816263963245,TRUE,NA
"b",-12.33,-0.0403610121470628,5.12557918018391,5.97687958058654,6.17039667759686,27.6616290113015,TRUE,NA
"b",-12.32,-0.0403934718996192,5.12357793436693,5.97480403157868,6.16795519259833,27.6416316325721,TRUE,NA
"b",-12.31,-0.0404259836782995,5.12157584412736,5.97272754779736,6.16551273255907,27.6216342601564,TRUE,NA
"b",-12.3,-0.0404585476077541,5.11957290833407,5.97065012800742,6.16306929631041,27.6016368940745,TRUE,NA
"b",-12.29,-0.0404911638130393,5.11756912585326,5.9685717709716,6.16062488268132,27.5816395343469,TRUE,NA
"b",-12.28,-0.0405238324196134,5.11556449554847,5.96649247545046,6.15817949049843,27.561642180994,TRUE,NA
"b",-12.27,-0.0405565535533191,5.11355901628056,5.96441224020241,6.15573311858606,27.5416448340361,TRUE,NA
"b",-12.26,-0.0405893273404149,5.11155268690773,5.96233106398373,6.15328576576616,27.5216474934939,TRUE,NA
"b",-12.25,-0.0406221539075571,5.10954550628549,5.96024894554854,6.15083743085834,27.5016501593881,TRUE,NA
"b",-12.24,-0.0406550333818015,5.10753747326664,5.95816588364877,6.14838811267985,27.4816528317393,TRUE,NA
"b",-12.23,-0.0406879658906233,5.10552858670128,5.95608187703424,6.14593781004556,27.4616555105683,TRUE,NA
"b",-12.22,-0.0407209515618985,5.10351884543679,5.95399692445258,6.143486521768,27.4416581958961,TRUE,NA
"b",-12.21,-0.0407539905239033,5.10150824831784,5.95191102464929,6.14103424665729,27.4216608877436,TRUE,NA
"b",-12.2,-0.0407870829053486,5.09949679418633,5.94982417636767,6.13858098352117,27.4016635861319,TRUE,NA
"b",-12.19,-0.0408202288353375,5.09748448188147,5.9477363783489,6.13612673116501,27.3816662910822,TRUE,NA
"b",-12.18,-0.0408534284433968,5.09547131023966,5.94564762933196,6.13367148839176,27.3616690026156,TRUE,NA
"b",-12.17,-0.0408866818594667,5.09345727809458,5.9435579280537,6.13121525400197,27.3416717207535,TRUE,NA
"b",-12.16,-0.0409199892139036,5.09144238427711,5.94146727324877,6.12875802679377,27.3216744455173,TRUE,NA
"b",-12.15,-0.0409533506374958,5.08942662761535,5.93937566364969,6.12629980556289,27.3016771769284,TRUE,NA
"b",-12.14,-0.0409867662614355,5.08741000693463,5.93728309798678,6.12384058910262,27.2816799150086,TRUE,NA
"b",-12.13,-0.0410202362173497,5.08539252105746,5.93518957498822,6.12138037620383,27.2616826597793,TRUE,NA
"b",-12.12,-0.0410537606372856,5.08337416880354,5.93309509337999,6.11891916565494,27.2416854112625,TRUE,NA
"b",-12.11,-0.0410873396537155,5.08135494898975,5.93099965188592,6.11645695624192,27.2216881694798,TRUE,NA
"b",-12.1,-0.0411209733995482,5.07933486043013,5.92890324922766,6.1139937467483,27.2016909344533,TRUE,NA
"b",-12.09,-0.0411546620081133,5.07731390193591,5.92680588412469,6.11152953595514,27.181693706205,TRUE,NA
"b",-12.08,-0.0411884056131714,5.07529207231542,5.92470755529431,6.10906432264104,27.161696484757,TRUE,NA
"b",-12.07,-0.0412222043489284,5.07326937037418,5.92260826145165,6.10659810558213,27.1416992701314,TRUE,NA
"b",-12.06,-0.0412560583500139,5.0712457949148,5.92050800130967,6.10413088355205,27.1217020623506,TRUE,NA
"b",-12.05,-0.0412899677514935,5.06922134473704,5.91840677357914,6.10166265532196,27.1017048614369,TRUE,NA
"b",-12.04,-0.041323932688878,5.06719601863774,5.91630457696865,6.09919341966051,27.0817076674129,TRUE,NA
"b",-12.03,-0.0413579532981214,5.06516981541085,5.91420141018463,6.09672317533386,27.061710480301,TRUE,NA
"b",-12.02,-0.0413920297156084,5.06314273384742,5.9120972719313,6.09425192110568,27.041713300124,TRUE,NA
"b",-12.01,-0.0414261620781801,5.06111477273556,5.90999216091074,6.09177965573709,27.0217161269045,TRUE,NA
"b",-12,-0.041460350523111,5.05908593086047,5.9078860758228,6.08930637798671,27.0017189606655,TRUE,NA
"b",-11.99,-0.0414945951881311,5.05705620700437,5.90577901536518,6.08683208661061,26.9817218014298,TRUE,NA
"b",-11.98,-0.0415288962114238,5.05502559994658,5.90367097823339,6.08435678036235,26.9617246492205,TRUE,NA
"b",-11.97,-0.0415632537316124,5.05299410846341,5.90156196312075,6.08188045799292,26.9417275040608,TRUE,NA
"b",-11.96,-0.0415976678877797,5.05096173132821,5.89945196871839,6.07940311825078,26.9217303659737,TRUE,NA
"b",-11.95,-0.0416321388194663,5.04892846731136,5.89734099371526,6.07692475988181,26.9017332349827,TRUE,NA
"b",-11.94,-0.0416666666666678,5.04689431518024,5.89522903679813,6.07444538162935,26.8817361111111,TRUE,NA
"b",-11.93,-0.0417012515698324,5.0448592736992,5.89311609665156,6.07196498223413,26.8617389943825,TRUE,NA
"b",-11.92,-0.0417358936698715,5.04282334162961,5.89100217195794,6.06948356043433,26.8417418848204,TRUE,NA
"b",-11.91,-0.0417705931081654,5.04078651772979,5.88888726139746,6.06700111496553,26.8217447824486,TRUE,NA
"b",-11.9,-0.041805350026554,5.03874880075502,5.88677136364813,6.06451764456072,26.8017476872908,TRUE,NA
"b",-11.89,-0.0418401645673407,5.03671018945756,5.88465447738576,6.06203314795028,26.781750599371,TRUE,NA
"b",-11.88,-0.0418750368733002,5.03467068258656,5.88253660128397,6.05954762386199,26.7617535187131,TRUE,NA
"b",-11.87,-0.0419099670876829,5.03263027888816,5.88041773401418,6.05706107102099,26.7417564453413,TRUE,NA
"b",-11.86,-0.0419449553541961,5.03058897710536,5.87829787424562,6.05457348814982,26.7217593792797,TRUE,NA
"b",-11.85,-0.0419800018170359,5.02854677597812,5.87617702064534,6.05208487396838,26.7017623205526,TRUE,NA
"b",-11.84,-0.0420151066208645,5.02650367424325,5.87405517187818,6.04959522719392,26.6817652691844,TRUE,NA
"b",-11.83,-0.0420502699108283,5.02445967063447,5.87193232660679,6.04710454654105,26.6617682251996,TRUE,NA
"b",-11.82,-0.0420854918325504,5.02241476388238,5.8698084834916,6.04461283072172,26.6417711886228,TRUE,NA
"b",-11.81,-0.0421207725321365,5.02036895271443,5.86768364119089,6.04212007844522,26.6217741594787,TRUE,NA
"b",-11.8,-0.0421561121561734,5.01832223585492,5.8655577983607,6.03962628841818,26.6017771377921,TRUE,NA
"b",-11.79,-0.0421915108517375,5.01627461202499,5.86343095365488,6.03713145934452,26.581780123588,TRUE,NA
"b",-11.78,-0.04222696876639,5.01422607994262,5.86130310572511,6.03463558992552,26.5617831168912,TRUE,NA
"b",-11.77,-0.042262486048187,5.01217663832259,5.85917425322083,6.03213867885972,26.541786117727,TRUE,NA
"b",-11.76,-0.0422980628456686,5.01012628587651,5.8570443947893,6.02964072484298,26.5217891261205,TRUE,NA
"b",-11.75,-0.0423336993078745,5.00807502131276,5.85491352907558,6.02714172656846,26.5017921420971,TRUE,NA
"b",-11.74,-0.0423693955843336,5.0060228433365,5.85278165472253,6.02464168272658,26.4817951656822,TRUE,NA
"b",-11.73,-0.042405151825082,5.00396975064969,5.85064877037079,6.02214059200505,26.4617981969013,TRUE,NA
"b",-11.72,-0.0424409681806555,5.00191574195102,5.84851487465882,6.01963845308884,26.4418012357801,TRUE,NA
"b",-11.71,-0.0424768448020764,4.99986081593593,5.84637996622286,6.01713526466019,26.4218042823443,TRUE,NA
"b",-11.7,-0.0425127818408903,4.99780497129662,5.84424404369696,6.01463102539858,26.4018073366199,TRUE,NA
"b",-11.69,-0.042548779449138,4.99574820672198,5.84210710571295,6.01212573398073,26.3818103986326,TRUE,NA
"b",-11.68,-0.042584837779374,4.99369052089762,5.83996915090047,6.00961938908061,26.3618134684087,TRUE,NA
"b",-11.67,-0.0426209569846553,4.99163191250588,5.83783017788695,6.0071119893694,26.3418165459743,TRUE,NA
"b",-11.66,-0.0426571372185682,4.98957238022573,5.8356901852976,6.0046035335155,26.3218196313557,TRUE,NA
"b",-11.65,-0.0426933786351897,4.98751192273287,5.83354917175545,6.00209402018455,26.3018227245793,TRUE,NA
"b",-11.64,-0.0427296813891355,4.98545053869964,5.83140713588131,5.99958344803936,26.2818258256716,TRUE,NA
"b",-11.63,-0.0427660456355258,4.98338822679501,5.82926407629377,5.99707181573994,26.2618289346593,TRUE,NA
"b",-11.62,-0.0428024715300117,4.98132498568462,5.82711999160923,5.99455912194349,26.2418320515691,TRUE,NA
"b",-11.61,-0.0428389592287567,4.97926081403072,5.82497488044188,5.9920453653044,26.2218351764278,TRUE,NA
"b",-11.6,-0.0428755088884666,4.97719571049218,5.82282874140369,5.98953054447421,26.2018383092624,TRUE,NA
"b",-11.59,-0.0429121206663582,4.97512967372445,5.82068157310443,5.98701465810164,26.1818414501001,TRUE,NA
"b",-11.58,-0.042948794720184,4.9730627023796,5.81853337415166,5.98449770483255,26.1618445989679,TRUE,NA
"b",-11.57,-0.0429855312082358,4.97099479510625,5.81638414315073,5.98197968330995,26.1418477558933,TRUE,NA
"b",-11.56,-0.0430223302893297,4.96892595054959,5.81423387870477,5.97946059217399,26.1218509209035,TRUE,NA
"b",-11.55,-0.0430591921228198,4.96685616735137,5.81208257941471,5.97694043006194,26.1018540940263,TRUE,NA
"b",-11.54,-0.043096116868608,4.96478544414986,5.80993024387927,5.9744191956082,26.0818572752892,TRUE,NA
"b",-11.53,-0.0431331046871307,4.96271377957987,5.80777687069495,5.97189688744427,26.0618604647199,TRUE,NA
"b",-11.52,-0.0431701557393627,4.9606411722727,5.80562245845605,5.96937350419876,26.0418636623466,TRUE,NA
"b",-11.51,-0.0432072701868362,4.95856762085616,5.80346700575463,5.96684904449738,26.021866868197,TRUE,NA
"b",-11.5,-0.0432444481916198,4.95649312395456,5.80131051118058,5.96432350696291,26.0018700822994,TRUE,NA
"b",-11.49,-0.0432816899163449,4.95441768018866,5.79915297332153,5.96179689021523,25.981873304682,TRUE,NA
"b",-11.48,-0.043318995524187,4.95234128817568,5.79699439076294,5.95926919287126,25.9618765353732,TRUE,NA
"b",-11.47,-0.0433563651788757,4.95026394652929,5.79483476208802,5.956740413545,25.9418797744015,TRUE,NA
"b",-11.46,-0.0433937990446987,4.9481856538596,5.79267408587779,5.95421055084751,25.9218830217955,TRUE,NA
"b",-11.45,-0.0434312972865158,4.94610640877312,5.79051236071104,5.95167960338685,25.901886277584,TRUE,NA
"b",-11.44,-0.0434688600697292,4.94402620987278,5.78834958516435,5.94914756976817,25.8818895417958,TRUE,NA
"b",-11.43,-0.0435064875603233,4.9419450557579,5.78618575781209,5.94661444859361,25.8618928144598,TRUE,NA
"b",-11.42,-0.0435441799248349,4.93986294502417,5.78402087722641,5.94408023846233,25.8418960956053,TRUE,NA
"b",-11.41,-0.0435819373303778,4.93777987626366,5.78185494197724,5.9415449379705,25.8218993852615,TRUE,NA
"b",-11.4,-0.0436197599446401,4.93569584806475,5.7796879506323,5.9390085457113,25.8019026834576,TRUE,NA
"b",-11.39,-0.0436576479358813,4.93361085901221,5.77751990175708,5.93647106027488,25.7819059902233,TRUE,NA
"b",-11.38,-0.0436956014729315,4.9315249076871,5.77535079391487,5.93393248024838,25.7619093055881,TRUE,NA
"b",-11.37,-0.0437336207252126,4.9294379926668,5.77318062566673,5.93139280421592,25.7419126295817,TRUE,NA
"b",-11.36,-0.0437717058627138,4.92735011252497,5.77100939557152,5.92885203075857,25.7219159622341,TRUE,NA
"b",-11.35,-0.0438098570560189,4.92526126583156,5.76883710218585,5.92631015845436,25.7019193035753,TRUE,NA
"b",-11.34,-0.0438480744762936,4.92317145115279,5.76666374406413,5.92376718587827,25.6819226536353,TRUE,NA
"b",-11.33,-0.0438863582952967,4.92108066705113,5.76448931975856,5.92122311160218,25.6619260124444,TRUE,NA
"b",-11.32,-0.0439247086853709,4.91898891208528,5.76231382781911,5.91867793419496,25.6419293800331,TRUE,NA
"b",-11.31,-0.0439631258194661,4.91689618481018,5.76013726679352,5.91613165222234,25.6219327564318,TRUE,NA
"b",-11.3,-0.0440016098711133,4.91480248377695,5.75795963522732,5.91358426424699,25.6019361416712,TRUE,NA
"b",-11.29,-0.0440401610144503,4.91270780753294,5.75578093166384,5.91103576882846,25.5819395357822,TRUE,NA
"b",-11.28,-0.0440787794242228,4.91061215462164,5.75360115464414,5.90848616452319,25.5619429387955,TRUE,NA
"b",-11.27,-0.0441174652757733,4.90851552358275,5.7514203027071,5.90593544988453,25.5419463507424,TRUE,NA
"b",-11.26,-0.0441562187450482,4.90641791295207,5.74923837438937,5.90338362346266,25.5219497716539,TRUE,NA
"b",-11.25,-0.0441950400086169,4.90431932126158,5.74705536822536,5.90083068380464,25.5019532015614,TRUE,NA
"b",-11.24,-0.0442339292436447,4.90221974703935,5.74487128274728,5.8982766294544,25.4819566404963,TRUE,NA
"b",-11.23,-0.0442728866279229,4.90011918880957,5.74268611648511,5.89572145895266,25.4619600884904,TRUE,NA
"b",-11.22,-0.0443119123398562,4.89801764509251,5.74049986796659,5.89316517083703,25.4419635455752,TRUE,NA
"b",-11.21,-0.0443510065584723,4.89591511440453,5.73831253571726,5.89060776364191,25.4219670117827,TRUE,NA
"b",-11.2,-0.0443901694634221,4.89381159525804,5.73612411826042,5.88804923589852,25.401970487145,TRUE,NA
"b",-11.19,-0.0444294012349738,4.89170708616149,5.73393461411716,5.8854895861349,25.3819739716941,TRUE,NA
"b",-11.18,-0.0444687020540403,4.88960158561937,5.73174402180632,5.88292881287586,25.3619774654624,TRUE,NA
"b",-11.17,-0.0445080721021464,4.88749509213217,5.72955233984455,5.880366914643,25.3419809684823,TRUE,NA
"b",-11.16,-0.0445475115614633,4.88538760419639,5.72735956674623,5.87780388995471,25.3219844807863,TRUE,NA
"b",-11.15,-0.0445870206147944,4.88327912030451,5.72516570102356,5.87523973732614,25.3019880024073,TRUE,NA
"b",-11.14,-0.044626599445594,4.88116963894497,5.72297074118647,5.87267445526918,25.2819915333781,TRUE,NA
"b",-11.13,-0.0446662482379321,4.87905915860218,5.7207746857427,5.87010804229248,25.2619950737317,TRUE,NA
"b",-11.12,-0.0447059671765513,4.87694767775645,5.71857753319774,5.86754049690142,25.2419986235012,TRUE,NA
"b",-11.11,-0.044745756446823,4.87483519488404,5.71637928205485,5.86497181759812,25.22200218272,TRUE,NA
"b",-11.1,-0.044785616234787,4.8727217084571,5.71417993081507,5.86240200288139,25.2020057514215,TRUE,NA
"b",-11.09,-0.0448255467271127,4.87060721694368,5.71197947797721,5.85983105124676,25.1820093296394,TRUE,NA
"b",-11.08,-0.0448655481111528,4.86849171880767,5.70977792203785,5.85725896118647,25.1620129174073,TRUE,NA
"b",-11.07,-0.044905620574895,4.86637521250886,5.70757526149133,5.85468573118941,25.1420165147592,TRUE,NA
"b",-11.06,-0.0449457643070052,4.86425769650284,5.70537149482978,5.85211135974118,25.1220201217291,TRUE,NA
"b",-11.05,-0.0449859794968085,4.86213916924102,5.70316662054306,5.84953584532403,25.1020237383513,TRUE,NA
"b",-11.04,-0.0450262663342974,4.86001962917066,5.70096063711884,5.84695918641687,25.08202736466,TRUE,NA
"b",-11.03,-0.0450666250101366,4.85789907473476,5.69875354304254,5.84438138149524,25.0620310006898,TRUE,NA
"b",-11.02,-0.0451070557156665,4.85577750437211,5.69654533679733,5.84180242903134,25.0420346464753,TRUE,NA
"b",-11.01,-0.0451475586428923,4.85365491651726,5.69433601686417,5.83922232749397,25.0220383020514,TRUE,NA
"b",-11,-0.0451881339845203,4.85153130960048,5.69212558172178,5.83664107534856,25.002041967453,TRUE,NA
"b",-10.99,-0.0452287819339199,4.84940668204779,5.68991402984662,5.83405867105715,24.9820456427152,TRUE,NA
"b",-10.98,-0.0452695026851574,4.84728103228088,5.68770135971296,5.83147511307834,24.9620493278734,TRUE,NA
"b",-10.97,-0.045310296432984,4.84515435871717,5.68548756979278,5.82889039986735,24.9420530229628,TRUE,NA
"b",-10.96,-0.0453511633728412,4.8430266597697,5.68327265855587,5.82630452987596,24.9220567280193,TRUE,NA
"b",-10.95,-0.0453921037008676,4.84089793384719,5.68105662446974,5.82371750155249,24.9020604430784,TRUE,NA
"b",-10.94,-0.0454331176138991,4.838768179354,5.67883946599969,5.82112931334185,24.8820641681761,TRUE,NA
"b",-10.93,-0.0454742053094737,4.83663739469008,5.67662118160878,5.81853996368546,24.8620679033485,TRUE,NA
"b",-10.92,-0.0455153669858306,4.83450557825102,5.67440176975779,5.81594945102129,24.8420716486319,TRUE,NA
"b",-10.91,-0.045556602841923,4.83237272842796,5.67218122890531,5.8133577737838,24.8220754040625,TRUE,NA
"b",-10.9,-0.0455979130774065,4.83023884360761,5.66995955750766,5.810764930404,24.802079169677,TRUE,NA
"b",-10.89,-0.0456392978926505,4.82810392217223,5.66773675401891,5.80817091930935,24.7820829455121,TRUE,NA
"b",-10.88,-0.0456807574887523,4.82596796249961,5.66551281689091,5.80557573892384,24.7620867316047,TRUE,NA
"b",-10.87,-0.0457222920675131,4.82383096296305,5.66328774457323,5.80297938766792,24.7420905279919,TRUE,NA
"b",-10.86,-0.0457639018314658,4.82169292193133,5.66106153551323,5.80038186395848,24.7220943347108,TRUE,NA
"b",-10.85,-0.045805586983876,4.81955383776872,5.65883418815599,5.79778316620891,24.7020981517989,TRUE,NA
"b",-10.84,-0.0458473477287268,4.81741370883494,5.65660570094436,5.79518329282901,24.6821019792938,TRUE,NA
"b",-10.83,-0.0458891842707358,4.81527253348514,5.65437607231895,5.79258224222501,24.662105817233,TRUE,NA
"b",-10.82,-0.0459310968153663,4.8131303100699,5.65214530071809,5.78998001279959,24.6421096656547,TRUE,NA
"b",-10.81,-0.0459730855688071,4.81098703693518,5.64991338457788,5.78737660295181,24.6221135245967,TRUE,NA
"b",-10.8,-0.0460151507380061,4.80884271242235,5.64768032233216,5.78477201107714,24.6021173940974,TRUE,NA
"b",-10.79,-0.046057292530643,4.80669733486811,5.64544611241251,5.78216623556743,24.5821212741953,TRUE,NA
"b",-10.78,-0.0460995111551559,4.80455090260452,5.64321075324827,5.77955927481092,24.5621251649287,TRUE,NA
"b",-10.77,-0.0461418068207314,4.80240341395897,5.64097424326651,5.7769511271922,24.5421290663367,TRUE,NA
"b",-10.76,-0.0461841797373103,4.80025486725415,5.63873658089204,5.77434179109223,24.522132978458,TRUE,NA
"b",-10.75,-0.0462266301155999,4.79810526080801,5.63649776454742,5.77173126488829,24.5021369013318,TRUE,NA
"b",-10.74,-0.0462691581670627,4.79595459293381,5.63425779265295,5.76911954695401,24.4821408349975,TRUE,NA
"b",-10.73,-0.0463117641039341,4.79380286194001,5.63201666362666,5.76650663565932,24.4621447794944,TRUE,NA
"b",-10.72,-0.0463544481392163,4.79165006613034,5.62977437588432,5.76389252937047,24.4421487348623,TRUE,NA
"b",-10.71,-0.0463972104866837,4.78949620380371,5.62753092783943,5.76127722645001,24.4221527011409,TRUE,NA
"b",-10.7,-0.0464400513608923,4.78734127325422,5.62528631790323,5.75866072525675,24.4021566783704,TRUE,NA
"b",-10.69,-0.0464829709771691,4.78518527277115,5.6230405444847,5.75604302414581,24.3821606665909,TRUE,NA
"b",-10.68,-0.0465259695516387,4.78302820063891,5.62079360599053,5.75342412146854,24.3621646658427,TRUE,NA
"b",-10.67,-0.0465690473011975,4.78087005513704,5.61854550082515,5.75080401557254,24.3421686761665,TRUE,NA
"b",-10.66,-0.0466122044435487,4.77871083454021,5.61629622739072,5.74818270480166,24.3221726976031,TRUE,NA
"b",-10.65,-0.046655441197181,4.77655053711814,5.61404578408711,5.74556018749597,24.3021767301933,TRUE,NA
"b",-10.64,-0.0466987577813776,4.77438916113565,5.61179416931195,5.74293646199175,24.2821807739783,TRUE,NA
"b",-10.63,-0.0467421544162298,4.77222670485258,5.60954138146055,5.74031152662149,24.2621848289995,TRUE,NA
"b",-10.62,-0.0467856313226405,4.7700631665238,5.60728741892596,5.73768537971385,24.2421888952983,TRUE,NA
"b",-10.61,-0.0468291887223063,4.7678985443992,5.60503228009895,5.7350580195937,24.2221929729164,TRUE,NA
"b",-10.6,-0.0468728268377509,4.76573283672363,5.602775963368,5.73242944458203,24.2021970618958,TRUE,NA
"b",-10.59,-0.0469165458923047,4.76356604173692,5.60051846711931,5.72979965299602,24.1822011622785,TRUE,NA
"b",-10.58,-0.046960346110126,4.76139815767383,5.59825978973679,5.72716864314898,24.1622052741068,TRUE,NA
"b",-10.57,-0.0470042277161889,4.75922918276404,5.59599992960205,5.72453641335034,24.1422093974232,TRUE,NA
"b",-10.56,-0.0470481909363069,4.75705911523214,5.59373888509443,5.72190296190565,24.1222135322704,TRUE,NA
"b",-10.55,-0.04709223599711,4.75488795329757,5.59147665459095,5.71926828711657,24.1022176786912,TRUE,NA
"b",-10.54,-0.047136363126075,4.75271569517465,5.58921323646637,5.71663238728083,24.0822218367288,TRUE,NA
"b",-10.53,-0.0471805725515181,4.75054233907253,5.58694862909311,5.71399526069228,24.0622260064263,TRUE,NA
"b",-10.52,-0.0472248645025924,4.74836788319515,5.58468283084131,5.71135690564079,24.0422301878273,TRUE,NA
"b",-10.51,-0.047269239209303,4.74619232574127,5.58241584007883,5.70871732041231,24.0222343809754,TRUE,NA
"b",-10.5,-0.0473136969025026,4.74401566490439,5.58014765517117,5.70607650328883,24.0022385859146,TRUE,NA
"b",-10.49,-0.0473582378138975,4.74183789887278,5.57787827448158,5.70343445254836,23.9822428026888,TRUE,NA
"b",-10.48,-0.0474028621760571,4.7396590258294,5.57560769637096,5.70079116646492,23.9622470313425,TRUE,NA
"b",-10.47,-0.047447570222416,4.73747904395193,5.57333591919791,5.69814664330855,23.94225127192,TRUE,NA
"b",-10.46,-0.0474923621872634,4.73529795141274,5.57106294131871,5.69550088134526,23.9222555244661,TRUE,NA
"b",-10.45,-0.0475372383057676,4.73311574637883,5.56878876108735,5.69285387883707,23.9022597890257,TRUE,NA
"b",-10.44,-0.0475821988139797,4.73093242701184,5.56651337685546,5.69020563404192,23.882264065644,TRUE,NA
"b",-10.43,-0.0476272439488108,4.72874799146802,5.56423678697236,5.68755614521373,23.8622683543662,TRUE,NA
"b",-10.42,-0.0476723739480715,4.72656243789821,5.56195898978506,5.68490541060235,23.8422726552378,TRUE,NA
"b",-10.41,-0.0477175890504506,4.7243757644478,5.55967998363821,5.68225342845355,23.8222769683048,TRUE,NA
"b",-10.4,-0.0477628894955323,4.72218796925673,5.55739976687416,5.67960019700904,23.802281293613,TRUE,NA
"b",-10.39,-0.047808275523786,4.71999905045944,5.55511833783291,5.67694571450638,23.7822856312086,TRUE,NA
"b",-10.38,-0.0478537473765936,4.71780900618489,5.55283569485211,5.67428997917905,23.762289981138,TRUE,NA
"b",-10.37,-0.047899305296239,4.71561783455648,5.55055183626709,5.6716329892564,23.7422943434479,TRUE,NA
"b",-10.36,-0.0479449495259021,4.71342553369206,5.54826676041082,5.66897474296362,23.722298718185,TRUE,NA
"b",-10.35,-0.0479906803096905,4.71123210170391,5.54598046561394,5.66631523852177,23.7023031053966,TRUE,NA
"b",-10.34,-0.0480364978926153,4.7090375366987,5.54369295020471,5.66365447414772,23.6823075051298,TRUE,NA
"b",-10.33,-0.0480824025206135,4.70684183677747,5.54140421250906,5.66099244805417,23.6623119174322,TRUE,NA
"b",-10.32,-0.0481283944405456,4.7046450000356,5.53911425085056,5.65832915844962,23.6423163423514,TRUE,NA
"b",-10.31,-0.0481744739002034,4.7024470245628,5.5368230635504,5.65566460353837,23.6223207799356,TRUE,NA
"b",-10.3,-0.0482206411483145,4.70024790844308,5.53453064892742,5.65299878152048,23.6023252302328,TRUE,NA
"b",-10.29,-0.0482668964345406,4.69804764975471,5.53223700529809,5.6503316905918,23.5823296932914,TRUE,NA
"b",-10.28,-0.0483132400094758,4.69584624657023,5.5299421309765,5.64766332894389,23.5623341691602,TRUE,NA
"b",-10.27,-0.0483596721246841,4.69364369695638,5.52764602427438,5.64499369476409,23.542338657888,TRUE,NA
"b",-10.26,-0.0484061930326622,4.69143999897409,5.52534868350106,5.64232278623543,23.5223431595239,TRUE,NA
"b",-10.25,-0.0484528029868625,4.6892351506785,5.52305010696349,5.63965060153666,23.5023476741173,TRUE,NA
"b",-10.24,-0.048499502241712,4.68702915011886,5.52075029296624,5.63697713884223,23.4823522017177,TRUE,NA
"b",-10.23,-0.0485462910525871,4.68482199533856,5.51844923981149,5.63430239632225,23.462356742375,TRUE,NA
"b",-10.22,-0.0485931696758453,4.68261368437505,5.516146945799,5.63162637214253,23.4423612961391,TRUE,NA
"b",-10.21,-0.0486401383688075,4.6804042152599,5.51384340922615,5.62894906446449,23.4223658630605,TRUE,NA
"b",-10.2,-0.0486871973897792,4.67819358601869,5.51153862838792,5.62627047144521,23.4023704431897,TRUE,NA
"b",-10.19,-0.048734346998045,4.675981794671,5.50923260157685,5.6235905912374,23.3823750365773,TRUE,NA
"b",-10.18,-0.0487815874538852,4.67376883923045,5.5069253270831,5.62090942198937,23.3623796432745,TRUE,NA
"b",-10.17,-0.0488289190185635,4.67155471770456,5.50461680319439,5.61822696184501,23.3423842633325,TRUE,NA
"b",-10.16,-0.0488763419543389,4.66933942809484,5.50230702819603,5.61554320894381,23.3223888968028,TRUE,NA
"b",-10.15,-0.0489238565244869,4.66712296839668,5.49999600037088,5.61285816142081,23.3023935437372,TRUE,NA
"b",-10.14,-0.0489714629932723,4.66490533659934,5.49768371799939,5.61017181740662,23.2823982041877,TRUE,NA
"b",-10.13,-0.049019161625985,4.66268653068596,5.49537017935956,5.60748417502736,23.2624028782065,TRUE,NA
"b",-10.12,-0.0490669526889194,4.6604665486335,5.49305538272695,5.60479523240469,23.2424075658462,TRUE,NA
"b",-10.11,-0.0491148364494012,4.65824538841271,5.49073932637467,5.60210498765578,23.2224122671594,TRUE,NA
"b",-10.1,-0.0491628131757778,4.65602304798812,5.48842200857338,5.59941343889326,23.2024169821994,TRUE,NA
"b",-10.09,-0.0492108831374206,4.65379952531799,5.48610342759128,5.59672058422527,23.1824217110192,TRUE,NA
"b",-10.08,-0.0492590466047498,4.65157481835431,5.4837835816941,5.5940264217554,23.1624264536724,TRUE,NA
"b",-10.07,-0.0493073038492152,4.64934892504274,5.48146246914511,5.59133094958268,23.1424312102129,TRUE,NA
"b",-10.06,-0.0493556551433174,4.64712184332262,5.47914008820509,5.58863416580157,23.1224359806946,TRUE,NA
"b",-10.05,-0.0494041007606085,4.6448935711269,5.47681643713236,5.58593606850196,23.102440765172,TRUE,NA
"b",-10.04,-0.0494526409756929,4.64266410638215,5.47449151418274,5.58323665576913,23.0824455636995,TRUE,NA
"b",-10.03,-0.0495012760642372,4.64043344700848,5.47216531760956,5.58053592568375,23.062450376332,TRUE,NA
"b",-10.02,-0.0495500063029738,4.63820159091958,5.46983784566364,5.57783387632184,23.0424552031246,TRUE,NA
"b",-10.01,-0.0495988319697088,4.63596853602263,5.46750909659333,5.57513050575481,23.0224600441328,TRUE,NA
"b",-10,-0.0496477533433202,4.63373428021831,5.46517906864443,5.57242581204939,23.002464899412,TRUE,NA
"b",-9.99,-0.0496967707037712,4.63149882140073,5.46284776006025,5.56971979326762,22.9824697690184,TRUE,NA
"b",-9.98,-0.0497458843321045,4.62926215745745,5.46051516908156,5.56701244746686,22.962474653008,TRUE,NA
"b",-9.97,-0.0497950945104639,4.6270242862694,5.45818129394661,5.56430377269978,22.9424795514373,TRUE,NA
"b",-9.96,-0.0498444015220848,4.62478520571091,5.45584613289111,5.56159376701429,22.9224844643631,TRUE,NA
"b",-9.95,-0.0498938056513064,4.62254491364961,5.45350968414824,5.55888242845359,22.9024893918424,TRUE,NA
"b",-9.94,-0.0499433071835754,4.62030340794644,5.45117194594861,5.55616975505611,22.8824943339324,TRUE,NA
"b",-9.93,-0.0499929064054528,4.61806068645563,5.44883291652028,5.55345574485551,22.8624992906909,TRUE,NA
"b",-9.92,-0.0500426036046154,4.61581674702464,5.44649259408876,5.55074039588066,22.8425042621755,TRUE,NA
"b",-9.91,-0.0500923990698595,4.61357158749413,5.44415097687699,5.54802370615564,22.8225092484446,TRUE,NA
"b",-9.9,-0.0501422930911286,4.61132520569797,5.4418080631053,5.5453056736997,22.8025142495564,TRUE,NA
"b",-9.89,-0.0501922859594817,4.60907759946315,5.43946385099148,5.54258629652724,22.7825192655698,TRUE,NA
"b",-9.88,-0.0502423779671258,4.60682876660978,5.43711833875069,5.53986557264783,22.7625242965438,TRUE,NA
"b",-9.87,-0.0502925694074155,4.60457870495108,5.43477152459552,5.53714350006616,22.7425293425376,TRUE,NA
"b",-9.86,-0.0503428605748545,4.60232741229328,5.43242340673593,5.53442007678204,22.7225344036109,TRUE,NA
"b",-9.85,-0.050393251765103,4.60007488643568,5.43007398337928,5.53169530079037,22.7025394798235,TRUE,NA
"b",-9.84,-0.0504437432749877,4.59782112517052,5.42772325273031,5.52896917008113,22.6825445712356,TRUE,NA
"b",-9.83,-0.0504943354024977,4.59556612628303,5.42537121299112,5.52624168263938,22.6625496779077,TRUE,NA
"b",-9.82,-0.0505450284468023,4.59330988755135,5.42301786236116,5.52351283644521,22.6425547999007,TRUE,NA
"b",-9.81,-0.0505958227082516,4.59105240674651,5.42066319903727,5.52078262947376,22.6225599372755,TRUE,NA
"b",-9.8,-0.0506467184883716,4.5887936816324,5.41830722121359,5.51805105969516,22.6025650900936,TRUE,NA
"b",-9.79,-0.0506977160898916,4.58653370996573,5.41594992708163,5.51531812507456,22.5825702584167,TRUE,NA
"b",-9.78,-0.0507488158167351,4.584272489496,5.41359131483021,5.51258382357208,22.5625754423068,TRUE,NA
"b",-9.77,-0.0508000179740214,4.58201001796547,5.41123138264549,5.50984815314279,22.5425806418262,TRUE,NA
"b",-9.76,-0.0508513228680864,4.57974629310912,5.40887012871091,5.50711111173674,22.5225858570374,TRUE,NA
"b",-9.75,-0.0509027308064833,4.57748131265462,5.40650755120723,5.50437269729887,22.5025910880036,TRUE,NA
"b",-9.74,-0.0509542420979836,4.57521507432227,5.40414364831251,5.50163290776906,22.4825963347878,TRUE,NA
"b",-9.73,-0.0510058570525794,4.57294757582504,5.40177841820207,5.49889174108207,22.4626015974537,TRUE,NA
"b",-9.72,-0.0510575759815076,4.57067881486843,5.39941185904853,5.49614919516753,22.4426068760651,TRUE,NA
"b",-9.71,-0.0511093991972377,4.56840878915052,5.39704396902176,5.49340526794996,22.4226121706863,TRUE,NA
"b",-9.7,-0.051161327013487,4.56613749636189,5.39467474628887,5.49065995734867,22.4026174813818,TRUE,NA
"b",-9.69,-0.0512133597452189,4.56386493418562,5.39230418901425,5.48791326127784,22.3826228082164,TRUE,NA
"b",-9.68,-0.0512654977086669,4.56159110029721,5.38993229535951,5.48516517764644,22.3626281512553,TRUE,NA
"b",-9.67,-0.0513177412213175,4.55931599236457,5.38755906348348,5.48241570435822,22.3426335105641,TRUE,NA
"b",-9.66,-0.0513700906019306,4.55703960804798,5.3851844915422,5.4796648393117,22.3226388862085,TRUE,NA
"b",-9.65,-0.0514225461705472,4.55476194500007,5.38280857768894,5.47691258040016,22.3026442782547,TRUE,NA
"b",-9.64,-0.0514751082484891,4.55248300086575,5.38043132007413,5.47415892551162,22.2826496867692,TRUE,NA
"b",-9.63,-0.0515277771583618,4.55020277328221,5.37805271684542,5.47140387252879,22.2626551118189,TRUE,NA
"b",-9.62,-0.0515805532240769,4.54792125987884,5.37567276614762,5.46864741932911,22.2426605534709,TRUE,NA
"b",-9.61,-0.0516334367708393,4.54563845827722,5.37329146612269,5.46588956378466,22.2226660117928,TRUE,NA
"b",-9.6,-0.051686428125168,4.54335436609111,5.37090881490975,5.46313030376222,22.2026714868523,TRUE,NA
"b",-9.59,-0.0517395276149018,4.54106898092635,5.36852481064508,5.46036963712319,22.1826769787178,TRUE,NA
"b",-9.58,-0.0517927355691904,4.53878230038087,5.36613945146206,5.45760756172359,22.1626824874577,TRUE,NA
"b",-9.57,-0.0518460523185202,4.53649432204462,5.36375273549121,5.45484407541405,22.142688013141,TRUE,NA
"b",-9.56,-0.051899478194709,4.53420504349956,5.36136466086015,5.45207917603981,22.1226935558369,TRUE,NA
"b",-9.55,-0.0519530135309229,4.53191446231961,5.35897522569359,5.44931286144062,22.1026991156149,TRUE,NA
"b",-9.54,-0.0520066586616743,4.52962257607061,5.35658442811333,5.44654512945084,22.0827046925451,TRUE,NA
"b",-9.53,-0.0520604139228248,4.52732938231026,5.35419226623824,5.44377597789932,22.0627102866978,TRUE,NA
"b",-9.52,-0.0521142796516049,4.52503487858814,5.35179873818424,5.44100540460943,22.0427158981436,TRUE,NA
"b",-9.51,-0.0521682561866131,4.5227390624456,5.34940384206433,5.43823340739903,22.0227215269535,TRUE,NA
"b",-9.5,-0.0522223438678295,4.52044193141575,5.3470075759885,5.43545998408046,22.002727173199,TRUE,NA
"b",-9.49,-0.0522765430366058,4.51814348302346,5.3446099380638,5.4326851324605,21.9827328369519,TRUE,NA
"b",-9.48,-0.0523308540356933,4.51584371478524,5.34221092639426,5.42990885034038,21.9627385182841,TRUE,NA
"b",-9.47,-0.0523852772092367,4.51354262420926,5.33981053908093,5.42713113551572,21.9427442172683,TRUE,NA
"b",-9.46,-0.0524398129027923,4.51124020879529,5.33740877422182,5.42435198577654,21.9227499339773,TRUE,NA
"b",-9.45,-0.052494461463314,4.50893646603466,5.33500562991194,5.42157139890725,21.9027556684843,TRUE,NA
"b",-9.44,-0.0525492232391847,4.50663139341021,5.33260110424324,5.4187893726866,21.882761420863,TRUE,NA
"b",-9.43,-0.0526040985802152,4.50432498839627,5.3301951953046,5.41600590488768,21.8627671911874,TRUE,NA
"b",-9.42,-0.0526590878376402,4.50201724845859,5.32778790118187,5.41322099327789,21.8427729795319,TRUE,NA
"b",-9.41,-0.0527141913641414,4.49970817105432,5.32537921995777,5.41043463561893,21.8227787859712,TRUE,NA
"b",-9.4,-0.0527694095138431,4.49739775363196,5.32296914971195,5.40764682966675,21.8027846105804,TRUE,NA
"b",-9.39,-0.0528247426423362,4.49508599363132,5.32055768852094,5.4048575731716,21.7827904534352,TRUE,NA
"b",-9.38,-0.0528801911066608,4.49277288848347,5.31814483445815,5.40206686387793,21.7627963146115,TRUE,NA
"b",-9.37,-0.0529357552653326,4.4904584356107,5.31573058559384,5.3992746995244,21.7428021941855,TRUE,NA
"b",-9.36,-0.0529914354783468,4.48814263242649,5.31331493999512,5.39648107784389,21.7228080922341,TRUE,NA
"b",-9.35,-0.053047232107184,4.48582547633545,5.31089789572593,5.39368599656343,21.7028140088342,TRUE,NA
"b",-9.34,-0.0531031455148108,4.48350696473326,5.30847945084701,5.3908894534042,21.6828199440636,TRUE,NA
"b",-9.33,-0.0531591760657078,4.48118709500668,5.30605960341593,5.38809144608152,21.662825898,TRUE,NA
"b",-9.32,-0.0532153241258427,4.47886586453344,5.30363835148701,5.38529197230483,21.6428318707218,TRUE,NA
"b",-9.31,-0.0532715900627206,4.47654327068226,5.30121569311136,5.38249102977763,21.6228378623078,TRUE,NA
"b",-9.3,-0.0533279742453583,4.47421931081275,5.29879162633683,5.37968861619752,21.6028438728371,TRUE,NA
"b",-9.29,-0.053384477044313,4.47189398227538,5.29636614920803,5.37688472925612,21.5828499023893,TRUE,NA
"b",-9.28,-0.0534410988316711,4.46956728241145,5.29393925976625,5.37407936663909,21.5628559510443,TRUE,NA
"b",-9.27,-0.0534978399810688,4.46723920855306,5.29151095604952,5.3712725260261,21.5428620188826,TRUE,NA
"b",-9.26,-0.0535547008677024,4.46490975802299,5.28908123609255,5.36846420509078,21.522868105985,TRUE,NA
"b",-9.25,-0.0536116818683341,4.46257892813475,5.2866500979267,5.36565440150074,21.5028742124328,TRUE,NA
"b",-9.24,-0.0536687833612868,4.46024671619245,5.28421753958002,5.36284311291752,21.4828803383075,TRUE,NA
"b",-9.23,-0.0537260057264752,4.45791311949081,5.28178355907716,5.36003033699659,21.4628864836913,TRUE,NA
"b",-9.22,-0.053783349345392,4.45557813531507,5.27934815443942,5.35721607138731,21.4428926486668,TRUE,NA
"b",-9.21,-0.0538408146011335,4.45324176094099,5.27691132368468,5.3544003137329,21.4228988333169,TRUE,NA
"b",-9.2,-0.0538984018783911,4.45090399363476,5.27447306482741,5.35158306167045,21.402905037725,TRUE,NA
"b",-9.19,-0.0539561115634872,4.44856483065298,5.27203337587867,5.34876431283088,21.382911261975,TRUE,NA
"b",-9.18,-0.0540139440443458,4.44622426924256,5.26959225484604,5.3459440648389,21.3629175061512,TRUE,NA
"b",-9.17,-0.054071899710527,4.44388230664077,5.26714969973364,5.34312231531303,21.3429237703383,TRUE,NA
"b",-9.16,-0.0541299789532386,4.44153894007508,5.2647057085421,5.34029906186553,21.3229300546215,TRUE,NA
"b",-9.15,-0.054188182165324,4.43919416676318,5.26226027926856,5.33747430210242,21.3029363590864,TRUE,NA
"b",-9.14,-0.0542465097412802,4.43684798391291,5.25981340990661,5.33464803362341,21.2829426838191,TRUE,NA
"b",-9.13,-0.0543049620772811,4.43450038872222,5.25736509844631,5.33182025402195,21.2629490289062,TRUE,NA
"b",-9.12,-0.0543635395711628,4.43215137837909,5.25491534287416,5.32899096088511,21.2429553944347,TRUE,NA
"b",-9.11,-0.0544222426224471,4.42980095006153,5.25246414117307,5.32616015179365,21.2229617804921,TRUE,NA
"b",-9.1,-0.0544810716323462,4.42744910093746,5.25001149132235,5.32332782432193,21.2029681871662,TRUE,NA
"b",-9.09,-0.0545400270037705,4.42509582816474,5.24755739129769,5.32049397603794,21.1829746145456,TRUE,NA
"b",-9.08,-0.0545991091413393,4.42274112889103,5.24510183907113,5.31765860450322,21.162981062719,TRUE,NA
"b",-9.07,-0.0546583184513881,4.42038500025382,5.24264483261105,5.31482170727289,21.1429875317759,TRUE,NA
"b",-9.06,-0.0547176553419781,4.41802743938033,5.24018636988215,5.31198328189558,21.1229940218061,TRUE,NA
"b",-9.05,-0.0547771202229137,4.41566844338746,5.23772644884544,5.30914332591345,21.1030005328999,TRUE,NA
"b",-9.04,-0.0548367135057274,4.41330800938175,5.23526506745817,5.30630183686215,21.0830070651481,TRUE,NA
"b",-9.03,-0.0548964356037283,4.41094613445933,5.23280222367388,5.30345881227076,21.063013618642,TRUE,NA
"b",-9.02,-0.054956286931966,4.40858281570584,5.23033791544232,5.30061424966183,21.0430201934733,TRUE,NA
"b",-9.01,-0.055016267907282,4.40621805019642,5.22787214070946,5.29776814655132,21.0230267897344,TRUE,NA
"b",-9,-0.0550763789482869,4.4038518349956,5.22540489741746,5.29492050044855,21.0030334075181,TRUE,NA
"b",-8.99,-0.0551366204753797,4.40148416715731,5.22293618350465,5.29207130885625,20.9830400469174,TRUE,NA
"b",-8.98,-0.055196992910779,4.39911504372474,5.22046599690548,5.28922056927045,20.9630467080264,TRUE,NA
"b",-8.97,-0.0552574966784962,4.39674446173039,5.21799433555056,5.28636827918053,20.9430533909392,TRUE,NA
"b",-8.96,-0.0553181322043657,4.39437241819591,5.21552119736659,5.28351443606915,20.9230600957506,TRUE,NA
"b",-8.95,-0.055378899916061,4.39199891013213,5.21304658027632,5.28065903741222,20.9030668225559,TRUE,NA
"b",-8.94,-0.0554398002430827,4.38962393453894,5.21057048219858,5.27780208067892,20.883073571451,TRUE,NA
"b",-8.93,-0.0555008336167949,4.38724748840527,5.20809290104823,5.27494356333164,20.8630803425322,TRUE,NA
"b",-8.92,-0.0555620004704073,4.38486956870902,5.20561383473613,5.27208348282595,20.8430871358963,TRUE,NA
"b",-8.91,-0.0556233012390082,4.382490172417,5.20313328116911,5.2692218366106,20.8230939516407,TRUE,NA
"b",-8.9,-0.0556847363595568,4.38010929648489,5.20065123824997,5.26635862212748,20.8031007898634,TRUE,NA
"b",-8.89,-0.0557463062709149,4.37772693785714,5.19816770387746,5.26349383681159,20.7831076506629,TRUE,NA
"b",-8.88,-0.0558080114138315,4.37534309346696,5.19568267594622,5.26062747809103,20.763114534138,TRUE,NA
"b",-8.87,-0.0558698522309722,4.37295776023624,5.19319615234677,5.25775954338696,20.7431214403883,TRUE,NA
"b",-8.86,-0.055931829166915,4.37057093507548,5.1907081309655,5.2548900301136,20.723128369514,TRUE,NA
"b",-8.85,-0.0559939426681802,4.36818261488374,5.18821860968463,5.25201893567815,20.7031353216155,TRUE,NA
"b",-8.84,-0.0560561931832151,4.36579279654859,5.1857275863822,5.24914625748082,20.6831422967942,TRUE,NA
"b",-8.83,-0.0561185811624351,4.36340147694604,5.18323505893201,5.24627199291477,20.6631492951517,TRUE,NA
"b",-8.82,-0.0561811070582046,4.36100865294045,5.18074102520364,5.24339613936612,20.6431563167903,TRUE,NA
"b",-8.81,-0.0562437713248604,4.35861432138454,5.17824548306239,5.24051869421387,20.6231633618128,TRUE,NA
"b",-8.8,-0.0563065744187292,4.35621847911925,5.17574843036925,5.23763965482992,20.6031704303228,TRUE,NA
"b",-8.79,-0.0563695167981288,4.35382112297374,5.1732498649809,5.23475901857903,20.5831775224241,TRUE,NA
"b",-8.78,-0.0564325989233807,4.35142224976527,5.17074978474967,5.23187678281876,20.5631846382212,TRUE,NA
"b",-8.77,-0.0564958212568213,4.34902185629919,5.16824818752351,5.22899294489952,20.5431917778195,TRUE,NA
"b",-8.76,-0.0565591842628176,4.34661993936886,5.16574507114597,5.22610750216445,20.5231989413245,TRUE,NA
"b",-8.75,-0.0566226884077714,4.34421649575554,5.16324043345614,5.22322045194948,20.5032061288425,TRUE,NA
"b",-8.74,-0.0566863341601377,4.34181152222842,5.16073427228868,5.22033179158322,20.4832133404805,TRUE,NA
"b",-8.73,-0.0567501219904216,4.33940501554447,5.15822658547374,5.21744151838701,20.4632205763459,TRUE,NA
"b",-8.72,-0.0568140523712069,4.33699697244839,5.15571737083696,5.21454962967483,20.4432278365468,TRUE,NA
"b",-8.71,-0.0568781257771596,4.3345873896726,5.15320662619943,5.21165612275332,20.4232351211919,TRUE,NA
"b",-8.7,-0.0569423426850366,4.33217626393712,5.15069434937764,5.20876099492171,20.4032424303905,TRUE,NA
"b",-8.69,-0.0570067035737064,4.32976359194949,5.14818053818351,5.20586424347183,20.3832497642523,TRUE,NA
"b",-8.68,-0.0570712089241469,4.32734937040478,5.14566519042429,5.20296586568807,20.3632571228881,TRUE,NA
"b",-8.67,-0.0571358592194663,4.32493359598544,5.14314830390258,5.20006585884733,20.3432645064087,TRUE,NA
"b",-8.66,-0.0572006549449199,4.32251626536128,5.14062987641628,5.19716422021901,20.3232719149261,TRUE,NA
"b",-8.65,-0.0572655965879068,4.32009737518939,5.13810990575855,5.19426094706499,20.3032793485526,TRUE,NA
"b",-8.64,-0.0573306846379897,4.31767692211406,5.1355883897178,5.19135603663959,20.2832868074011,TRUE,NA
"b",-8.63,-0.0573959195869165,4.31525490276673,5.13306532607765,5.18844948618953,20.2632942915852,TRUE,NA
"b",-8.62,-0.0574613019286159,4.31283131376592,5.13054071261687,5.18554129295395,20.2433018012193,TRUE,NA
"b",-8.61,-0.0575268321592149,4.31040615171714,5.12801454710942,5.1826314541643,20.2233093364183,TRUE,NA
"b",-8.6,-0.0575925107770594,4.30797941321284,5.12548682732434,5.17971996704439,20.2033168972976,TRUE,NA
"b",-8.59,-0.0576583382827122,4.30555109483232,5.12295755102574,5.1768068288103,20.1833244839735,TRUE,NA
"b",-8.58,-0.0577243151789789,4.30312119314169,5.12042671597282,5.1738920366704,20.1633320965629,TRUE,NA
"b",-8.57,-0.0577904419709111,4.30068970469376,5.11789431991975,5.17097558782529,20.1433397351832,TRUE,NA
"b",-8.56,-0.05785671916582,4.298256626028,5.11536036061571,5.16805747946777,20.1233473999526,TRUE,NA
"b",-8.55,-0.0579231472732996,4.29582195367045,5.1128248358048,5.16513770878284,20.10335509099,TRUE,NA
"b",-8.54,-0.057989726805219,4.29338568413366,5.11028774322606,5.16221627294762,20.0833628084149,TRUE,NA
"b",-8.53,-0.0580564582757557,4.29094781391659,5.10774908061338,5.15929316913137,20.0633705523475,TRUE,NA
"b",-8.52,-0.0581233422013992,4.28850833950458,5.10520884569552,5.15636839449543,20.0433783229087,TRUE,NA
"b",-8.51,-0.0581903791009586,4.28606725736922,5.10266703619602,5.15344194619319,20.0233861202199,TRUE,NA
"b",-8.5,-0.0582575694955835,4.28362456396834,5.10012364983321,5.1505138213701,20.0033939444035,TRUE,NA
"b",-8.49,-0.0583249139087808,4.28118025574587,5.09757868432016,5.14758401716356,19.9834017955825,TRUE,NA
"b",-8.48,-0.0583924128664129,4.27873432913181,5.09503213736463,5.14465253070296,19.9634096738804,TRUE,NA
"b",-8.47,-0.0584600668967309,4.27628678054214,5.09248400666904,5.14171935910963,19.9434175794216,TRUE,NA
"b",-8.46,-0.0585278765303652,4.27383760637872,5.08993428993045,5.1387844994968,19.9234255123312,TRUE,NA
"b",-8.45,-0.0585958423003611,4.27138680302928,5.0873829848405,5.13584794896956,19.9034334727349,TRUE,NA
"b",-8.44,-0.0586639647421725,4.26893436686724,5.0848300890854,5.13290970462485,19.8834414607593,TRUE,NA
"b",-8.43,-0.0587322443936934,4.26648029425174,5.08227560034584,5.12996976355142,19.8634494765315,TRUE,NA
"b",-8.42,-0.0588006817952617,4.26402458152747,5.07971951629703,5.12702812282979,19.8434575201796,TRUE,NA
"b",-8.41,-0.0588692774896741,4.26156722502465,5.0771618346086,5.12408477953224,19.8234655918322,TRUE,NA
"b",-8.4,-0.0589380320222,4.25910822105894,5.07460255294455,5.12113973072274,19.8034736916186,TRUE,NA
"b",-8.39,-0.0590069459405892,4.25664756593132,5.0720416689633,5.11819297345698,19.7834818196692,TRUE,NA
"b",-8.38,-0.0590760197951099,4.25418525592808,5.06947918031754,5.11524450478225,19.7634899761148,TRUE,NA
"b",-8.37,-0.0591452541385285,4.25172128732068,5.06691508465426,5.11229432173749,19.7434981610871,TRUE,NA
"b",-8.36,-0.0592146495261492,4.24925565636567,5.06434937961469,5.10934242135321,19.7235063747185,TRUE,NA
"b",-8.35,-0.0592842065158247,4.24678835930464,5.06178206283427,5.10638880065148,19.7035146171422,TRUE,NA
"b",-8.34,-0.0593539256679574,4.24431939236415,5.05921313194258,5.10343345664589,19.6835228884922,TRUE,NA
"b",-8.33,-0.0594238075455263,4.24184875175557,5.05664258456334,5.10047638634148,19.6635311889032,TRUE,NA
"b",-8.32,-0.0594938527140997,4.23937643367507,5.05407041831432,5.09751758673479,19.6435395185108,TRUE,NA
"b",-8.31,-0.0595640617418534,4.23690243430353,5.05149663080735,5.09455705481374,19.6235478774512,TRUE,NA
"b",-8.3,-0.0596344351995639,4.23442674980639,5.04892121964822,5.09159478755766,19.6035562658616,TRUE,NA
"b",-8.29,-0.0597049736606633,4.23194937633366,5.04634418243671,5.08863078193722,19.5835646838798,TRUE,NA
"b",-8.28,-0.0597756777012124,4.22947031001975,5.04376551676648,5.0856650349144,19.5635731316446,TRUE,NA
"b",-8.27,-0.0598465478999443,4.22698954698343,5.04118522022504,5.08269754344246,19.5435816092955,TRUE,NA
"b",-8.26,-0.0599175848382694,4.22450708332774,5.03860329039375,5.07972830446593,19.5235901169729,TRUE,NA
"b",-8.25,-0.0599887891002901,4.22202291513989,5.03601972484772,5.07675731492052,19.5035986548177,TRUE,NA
"b",-8.24,-0.0600601612728149,4.21953703849117,5.03343452115579,5.07378457173314,19.4836072229721,TRUE,NA
"b",-8.23,-0.0601317019453815,4.21704944943686,5.03084767688049,5.07081007182184,19.4636158215788,TRUE,NA
"b",-8.22,-0.0602034117102702,4.21456014401618,5.028259189578,5.06783381209579,19.4436244507816,TRUE,NA
"b",-8.21,-0.0602752911625064,4.21206911825214,5.02566905679806,5.06485578945519,19.4236331107247,TRUE,NA
"b",-8.2,-0.0603473408999004,4.20957636815148,5.02307727608399,5.06187600079133,19.4036418015537,TRUE,NA
"b",-8.19,-0.06041956152304,4.20708188970459,5.02048384497258,5.05889444298648,19.3836505234146,TRUE,NA
"b",-8.18,-0.0604919536353241,4.20458567888541,5.01788876099408,5.05591111291386,19.3636592764546,TRUE,NA
"b",-8.17,-0.0605645178429713,4.2020877316513,5.01529202167215,5.05292600743765,19.3436680608216,TRUE,NA
"b",-8.16,-0.0606372547550358,4.19958804394303,5.0126936245238,5.04993912341291,19.3236768766642,TRUE,NA
"b",-8.15,-0.0607101649834229,4.19708661168461,5.01009356705936,5.04695045768555,19.3036857241323,TRUE,NA
"b",-8.14,-0.0607832491429077,4.19458343078323,5.00749184678239,5.04396000709232,19.2836946033764,TRUE,NA
"b",-8.13,-0.0608565078511562,4.19207849712915,5.00488846118968,5.04096776846074,19.2637035145478,TRUE,NA
"b",-8.12,-0.0609299417287375,4.18957180659564,5.00228340777117,5.03797373860909,19.2437124577991,TRUE,NA
"b",-8.11,-0.0610035513991363,4.18706335503885,4.99967668400991,5.03497791434634,19.2237214332833,TRUE,NA
"b",-8.1,-0.0610773374887756,4.18455313829771,4.99706828738202,5.03198029247216,19.2037304411547,TRUE,NA
"b",-8.09,-0.0611513006270433,4.18204115219386,4.9944582153566,5.02898086977684,19.1837394815684,TRUE,NA
"b",-8.08,-0.0612254414462792,4.17952739253155,4.99184646539572,5.02597964304127,19.1637485546803,TRUE,NA
"b",-8.07,-0.0612997605818332,4.17701185509752,4.98923303495435,5.02297660903691,19.1437576606474,TRUE,NA
"b",-8.06,-0.0613742586720479,4.17449453566091,4.98661792148032,5.01997176452575,19.1237667996275,TRUE,NA
"b",-8.05,-0.061448936358299,4.17197542997319,4.98400112241425,5.01696510626023,19.1037759717796,TRUE,NA
"b",-8.04,-0.0615237942849945,4.169454533768,4.98138263518948,5.01395663098327,19.0837851772632,TRUE,NA
"b",-8.03,-0.0615988330996145,4.16693184276112,4.97876245723208,5.01094633542819,19.0637944162392,TRUE,NA
"b",-8.02,-0.0616740534527097,4.16440735265031,4.97614058596073,5.00793421631867,19.0438036888693,TRUE,NA
"b",-8.01,-0.061749455997931,4.16188105911525,4.97351701878669,5.00492027036874,19.023812995316,TRUE,NA
"b",-8,-0.0618250413920386,4.15935295781741,4.97089175311375,5.00190449428269,19.0038223357431,TRUE,NA
"b",-7.99,-0.0619008102949315,4.15682304439996,4.96826478633818,4.99888688475509,18.9838317103152,TRUE,NA
"b",-7.98,-0.0619767633696604,4.15429131448769,4.96563611584862,4.99586743847077,18.9638411191978,TRUE,NA
"b",-7.97,-0.0620529012824404,4.15175776368684,4.96300573902613,4.99284615210452,18.9438505625576,TRUE,NA
"b",-7.96,-0.0621292247026822,4.14922238758506,4.96037365324401,4.98982302232157,18.9238600405622,TRUE,NA
"b",-7.95,-0.0622057343029986,4.1466851817513,4.95773985586783,4.98679804577703,18.9038695533802,TRUE,NA
"b",-7.94,-0.0622824307592371,4.14414614173564,4.95510434425533,4.98377121911614,18.8838791011813,TRUE,NA
"b",-7.93,-0.0623593147504862,4.14160526306928,4.95246711575638,4.98074253897412,18.8638886841361,TRUE,NA
"b",-7.92,-0.0624363869590976,4.13906254126435,4.9498281677129,4.97771200197619,18.8438983024165,TRUE,NA
"b",-7.91,-0.0625136480707175,4.13651797181384,4.94718749745883,4.97467960473748,18.8239079561951,TRUE,NA
"b",-7.9,-0.0625910987742882,4.1339715501915,4.94454510232004,4.971645343863,18.8039176456458,TRUE,NA
"b",-7.89,-0.0626687397620807,4.1314232718517,4.94190097961429,4.96860921594765,18.7839273709434,TRUE,NA
"b",-7.88,-0.0627465717297098,4.12887313222936,4.93925512665115,4.96557121757609,18.7639371322638,TRUE,NA
"b",-7.87,-0.0628245953761552,4.1263211267398,4.93660754073195,4.96253134532276,18.7439469297842,TRUE,NA
"b",-7.86,-0.0629028114037775,4.12376725077865,4.93395821914972,4.95948959575184,18.7239567636825,TRUE,NA
"b",-7.85,-0.0629812205183509,4.12121149972174,4.93130715918909,4.95644596541717,18.703966634138,TRUE,NA
"b",-7.84,-0.063059823429066,4.11865386892498,4.92865435812634,4.95340045086222,18.6839765413309,TRUE,NA
"b",-7.83,-0.0631386208485658,4.11609435372426,4.92599981322916,4.95035304862006,18.6639864854427,TRUE,NA
"b",-7.82,-0.0632176134929575,4.11353294943531,4.92334352175673,4.94730375521333,18.6439964666557,TRUE,NA
"b",-7.81,-0.0632968020818375,4.11096965135361,4.92068548095958,4.94425256715416,18.6240064851538,TRUE,NA
"b",-7.8,-0.0633761873383109,4.10840445475428,4.91802568807956,4.94119948094415,18.6040165411215,TRUE,NA
"b",-7.79,-0.0634557699890103,4.10583735489193,4.91536414034977,4.93814449307433,18.5840266347449,TRUE,NA
"b",-7.78,-0.063535550764125,4.10326834700059,4.91270083499444,4.9350876000251,18.5640367662109,TRUE,NA
"b",-7.77,-0.0636155303974149,4.10069742629354,4.91003576922895,4.93202879826618,18.5440469357077,TRUE,NA
"b",-7.76,-0.0636957096262332,4.09812458796324,4.9073689402597,4.9289680842566,18.5240571434248,TRUE,NA
"b",-7.75,-0.0637760891915491,4.09554982718121,4.90470034528405,4.92590545444463,18.5040673895526,TRUE,NA
"b",-7.74,-0.0638566698379782,4.09297313909785,4.90202998149026,4.92284090526774,18.4840776742828,TRUE,NA
"b",-7.73,-0.0639374523137855,4.0903945188424,4.89935784605743,4.91977443315255,18.4640879978084,TRUE,NA
"b",-7.72,-0.0640184373709309,4.08781396152278,4.89668393615539,4.91670603451479,18.4440983603234,TRUE,NA
"b",-7.71,-0.0640996257650657,4.08523146222545,4.89400824894468,4.91363570575926,18.4241087620232,TRUE,NA
"b",-7.7,-0.0641810182555849,4.08264701601535,4.89133078157643,4.91056344327979,18.4041192031043,TRUE,NA
"b",-7.69,-0.0642626156056285,4.08006061793569,4.88865153119234,4.90748924345915,18.3841296837645,TRUE,NA
"b",-7.68,-0.0643444185821041,4.07747226300793,4.88597049492455,4.90441310266907,18.3641402042027,TRUE,NA
"b",-7.67,-0.0644264279557246,4.07488194623156,4.88328766989559,4.90133501727014,18.3441507646191,TRUE,NA
"b",-7.66,-0.0645086445010199,4.07228966258404,4.88060305321831,4.8982549836118,18.3241613652154,TRUE,NA
"b",-7.65,-0.0645910689963691,4.06969540702064,4.87791664199582,4.89517299803226,18.3041720061941,TRUE,NA
"b",-7.64,-0.0646737022240124,4.06709917447433,4.87522843332137,4.89208905685848,18.2841826877594,TRUE,NA
"b",-7.63,-0.0647565449700832,4.06450095985566,4.87253842427831,4.88900315640612,18.2641934101165,TRUE,NA
"b",-7.62,-0.0648395980246334,4.06190075805262,4.86984661193998,4.88591529297948,18.244204173472,TRUE,NA
"b",-7.61,-0.064922862181654,4.05929856393049,4.86715299336972,4.88282546287141,18.2242149780339,TRUE,NA
"b",-7.6,-0.0650063382390949,4.05669437233177,4.86445756562062,4.87973366236341,18.2042258240113,TRUE,NA
"b",-7.59,-0.0650900269989042,4.054088178076,4.86176032573563,4.87663988772537,18.1842367116147,TRUE,NA
"b",-7.58,-0.0651739292670306,4.05147997595965,4.85906127074738,4.87354413521568,18.1642476410561,TRUE,NA
"b",-7.57,-0.0652580458534753,4.04886976075597,4.856360397678,4.87044640108123,18.1442586125486,TRUE,NA
"b",-7.56,-0.0653423775722941,4.0462575272149,4.85365770353933,4.86734668155708,18.1242696263068,TRUE,NA
"b",-7.55,-0.0654269252416322,4.0436432700629,4.85095318533255,4.8642449728667,18.1042806825466,TRUE,NA
"b",-7.54,-0.0655116896837519,4.04102698400282,4.84824684004821,4.86114127122181,18.0842917814852,TRUE,NA
"b",-7.53,-0.0655966717250526,4.03840866371378,4.84553866466617,4.85803557282231,18.0643029233414,TRUE,NA
"b",-7.52,-0.0656818721961018,4.03578830385103,4.84282865615546,4.85492787385629,18.0443141083352,TRUE,NA
"b",-7.51,-0.0657672919316553,4.03316589904583,4.84011681147423,4.85181817049991,18.024325336688,TRUE,NA
"b",-7.5,-0.0658529317706917,4.03054144390527,4.83740312756966,4.84870645891739,18.0043366086228,TRUE,NA
"b",-7.49,-0.0659387925564308,4.02791493301217,4.83468760137786,4.84559273526096,17.9843479243638,TRUE,NA
"b",-7.48,-0.0660248751352045,4.02528636157029,4.83197023221976,4.84247703612667,17.9643592841368,TRUE,NA
"b",-7.47,-0.0661111803656177,4.02265573220794,4.82925980067557,4.84058426879584,17.9443706881689,TRUE,NA
"b",-7.46,-0.0662131348911916,4.02004432030225,4.82653473784164,4.83723256646171,17.9243821369268,TRUE,NA
"b",-7.45,-0.0662844621808484,4.01738823146328,4.82381442517648,4.83424854082371,17.9043936299266,TRUE,NA
"b",-7.44,-0.0663714404988245,4.01475135911314,4.82108905408904,4.83107744073919,17.8844051681139,TRUE,NA
"b",-7.43,-0.0664586449134576,4.01211239799693,4.81836184313326,4.82790417740831,17.8644167514837,TRUE,NA
"b",-7.42,-0.0665460762984386,4.00947134252485,4.81563278957587,4.82472874644914,17.8444283802707,TRUE,NA
"b",-7.41,-0.066633735531916,4.00682818708176,4.81290189067632,4.82155114346538,17.8244400547109,TRUE,NA
"b",-7.4,-0.0667216234965332,4.00418292602706,4.81016914368668,4.81837136404629,17.804451775042,TRUE,NA
"b",-7.39,-0.0668097410794502,4.00153555369451,4.80743454585159,4.81518940376665,17.7844635415031,TRUE,NA
"b",-7.38,-0.0668980891723758,3.9988860643921,4.8046980944082,4.81200525818666,17.7644753543349,TRUE,NA
"b",-7.37,-0.0669866686716013,3.99623445240192,4.80195978658612,4.80881892285187,17.7444872137797,TRUE,NA
"b",-7.36,-0.0670754804780154,3.99358071198,4.79921961960736,4.80563039329318,17.7244991200814,TRUE,NA
"b",-7.35,-0.0671645254971487,3.99092483735616,4.79647759068626,4.80243966502669,17.7045110734853,TRUE,NA
"b",-7.34,-0.0672538046391983,3.9882668227339,4.79373369702942,4.79924673355371,17.6845230742384,TRUE,NA
"b",-7.33,-0.067343318819053,3.98560666229019,4.7909879358357,4.79605159436062,17.6645351225896,TRUE,NA
"b",-7.32,-0.0674330689563301,3.98294435017539,4.78824030429608,4.79285424291887,17.6445472187889,TRUE,NA
"b",-7.31,-0.0675230559753989,3.98027988051306,4.78549079959363,4.78965467468489,17.6245593630883,TRUE,NA
"b",-7.3,-0.0676132808054143,3.97761324739983,4.78273941890349,4.78645288509999,17.6045715557413,TRUE,NA
"b",-7.29,-0.0677037443803506,3.97494444490525,4.77998615939275,4.78324886959034,17.5845837970031,TRUE,NA
"b",-7.28,-0.0677944476390285,3.97227346707161,4.77723101822039,4.78004262356689,17.5645960871307,TRUE,NA
"b",-7.27,-0.0678853915251516,3.96960030791385,4.77447399253727,4.77683414242528,17.5446084263825,TRUE,NA
"b",-7.26,-0.0679765769873234,3.96692496141935,4.771715079486,4.77362342154578,17.5246208150189,TRUE,NA
"b",-7.25,-0.0680680049791018,3.96424742154781,4.7689542762009,4.77041045629325,17.5046332533018,TRUE,NA
"b",-7.24,-0.0681596764590102,3.96156768223107,4.76619157980798,4.76719524201703,17.484645741495,TRUE,NA
"b",-7.23,-0.0682515923905782,3.95888573737302,4.76342698742478,4.76397777405089,17.4646582798639,TRUE,NA
"b",-7.22,-0.0683437537423765,3.95620158084935,4.76066049616039,4.76075804771297,17.4446708686756,TRUE,NA
"b",-7.21,-0.0684361614880473,3.95351520650748,4.75789210299465,4.75753605830567,17.4246835081992,TRUE,NA
"b",-7.2,-0.0685288166063367,3.95082660816636,4.75512180396017,4.75431180111563,17.4046961987055,TRUE,NA
"b",-7.19,-0.068621720081124,3.94813577961632,4.75234959463569,4.75108527141363,17.3847089404669,TRUE,NA
"b",-7.18,-0.0687148729014574,3.94544271461894,4.74957547058011,4.74785646445451,17.3647217337579,TRUE,NA
"b",-7.17,-0.0688082760616005,3.94274740690685,4.7467994273349,4.74462537547713,17.3447345788546,TRUE,NA
"b",-7.16,-0.0689019305610454,3.9400498501836,4.74402146042402,4.74139199970427,17.324747476035,TRUE,NA
"b",-7.15,-0.0689958374045557,3.93735003812349,4.74124156535378,4.73815633234255,17.3047604255792,TRUE,NA
"b",-7.14,-0.0690899976022084,3.93464796437142,4.73845973761281,4.73491836858239,17.2847734277687,TRUE,NA
"b",-7.13,-0.0691844121694175,3.93194362254272,4.73567597267191,4.73167810359792,17.2647864828872,TRUE,NA
"b",-7.12,-0.0692790821269699,3.92923700622301,4.73289026598398,4.72843553254688,17.2447995912204,TRUE,NA
"b",-7.11,-0.0693740085010726,3.92652810896799,4.73010261298394,4.7251906505706,17.2248127530555,TRUE,NA
"b",-7.1,-0.0694691923233744,3.92381692430334,4.72731300908859,4.72194345279388,17.2048259686821,TRUE,NA
"b",-7.09,-0.0695646346310095,3.92110344572451,4.72452144969654,4.71869393432491,17.1848392383913,TRUE,NA
"b",-7.08,-0.0696603364666267,3.91838766669658,4.72172793018811,4.71544209025524,17.1648525624766,TRUE,NA
"b",-7.07,-0.0697562988784361,3.91566958065409,4.71893244592526,4.71218791565967,17.1448659412332,TRUE,NA
"b",-7.06,-0.0698525229202388,3.91294918100087,4.71613499225141,4.70893140559617,17.1248793749583,TRUE,NA
"b",-7.05,-0.0699490096514602,3.91022646110988,4.71333556449144,4.70567255510581,17.1048928639512,TRUE,NA
"b",-7.04,-0.0700457601371995,3.90750141432305,4.7105341579515,4.70241135921271,17.0849064085132,TRUE,NA
"b",-7.03,-0.0701427754482557,3.90477403395109,4.70773076791898,4.6991478129239,17.0649200089476,TRUE,NA
"b",-7.02,-0.0702400566611677,3.90204431327335,4.70492538966237,4.69588191122932,17.0449336655598,TRUE,NA
"b",-7.01,-0.0703376048582577,3.89931224553765,4.70211801843116,4.69261364910165,17.0249473786572,TRUE,NA
"b",-7,-0.0704354211276663,3.89657782396007,4.69930864945574,4.68934302149632,17.0049611485494,TRUE,NA
"b",-6.99,-0.0705335065633898,3.89384104172484,4.69649727794732,4.68607002335137,16.9849749755481,TRUE,NA
"b",-6.98,-0.0706318622653208,3.89110189198413,4.69368389909777,4.68279464958741,16.9649888599671,TRUE,NA
"b",-6.97,-0.070730489339286,3.88836036785789,4.69086850807959,4.67951689510748,16.9450028021222,TRUE,NA
"b",-6.96,-0.0708293888970903,3.88561646243369,4.68805110004573,4.67623675479705,16.9250168023315,TRUE,NA
"b",-6.95,-0.0709285620565539,3.88287016876653,4.68523167012953,4.67295422352388,16.9050308609154,TRUE,NA
"b",-6.94,-0.071028009941553,3.88012147987866,4.6824102134446,4.66966929613794,16.8850449781963,TRUE,NA
"b",-6.93,-0.071127733682049,3.87737038875945,4.67958672508471,4.66638196747135,16.8650591544987,TRUE,NA
"b",-6.92,-0.0712277344141588,3.87461688836517,4.67676120012368,4.66309223233831,16.8450733901498,TRUE,NA
"b",-6.91,-0.0713280132801633,3.87186097161883,4.67393363361527,4.65980008553496,16.8250876854785,TRUE,NA
"b",-6.9,-0.0714285714285734,3.86910263141003,4.67110402059309,4.65650552183935,16.8051020408163,TRUE,NA
"b",-6.89,-0.0715294100141487,3.86634186059473,4.66827235607044,4.65320853601134,16.785116456497,TRUE,NA
"b",-6.88,-0.0716305301979638,3.86357865199512,4.66543863504028,4.64990912279249,16.7651309328564,TRUE,NA
"b",-6.87,-0.0717319331474427,3.86081299839944,4.66260285247501,4.64660727690601,16.7451454702331,TRUE,NA
"b",-6.86,-0.0718336200363879,3.85804489256178,4.65976500332646,4.64330299305668,16.7251600689675,TRUE,NA
"b",-6.85,-0.071935592045044,3.85527432720192,4.6569250825257,4.63999626593069,16.7051747294029,TRUE,NA
"b",-6.84,-0.0720378503601271,3.85250129500512,4.65408308498299,4.63668709019567,16.6851894518845,TRUE,NA
"b",-6.83,-0.0721403961748767,3.84972578862199,4.65123900558758,4.63337546050048,16.6652042367603,TRUE,NA
"b",-6.82,-0.0722432306890974,3.84694780066828,4.6483928392077,4.63006137147522,16.6452190843804,TRUE,NA
"b",-6.81,-0.0723463551091998,3.8441673237247,4.64554458069035,4.62674481773109,16.6252339950976,TRUE,NA
"b",-6.8,-0.0724497706482577,3.84138435033674,4.64269422486123,4.62342579386031,16.605248969267,TRUE,NA
"b",-6.79,-0.0725534785260357,3.8385988730145,4.63984176652461,4.62010429443604,16.5852640072462,TRUE,NA
"b",-6.78,-0.0726574799690535,3.83581088423249,4.63698720046322,4.61678031401228,16.5652791093955,TRUE,NA
"b",-6.77,-0.0727617762106138,3.83302037642946,4.63413052143811,4.61345384712379,16.5452942760773,TRUE,NA
"b",-6.76,-0.0728663684908624,3.8302273420082,4.63127172418853,4.61012488828597,16.525309507657,TRUE,NA
"b",-6.75,-0.0729712580568368,3.8274317733354,4.62841080343185,4.60679343199481,16.5053248045024,TRUE,NA
"b",-6.74,-0.0730764461624974,3.82463366274139,4.62554775386338,4.60345947272679,16.4853401669837,TRUE,NA
"b",-6.73,-0.0731819340687913,3.82183300252004,4.62268257015627,4.60012300493874,16.4653555954741,TRUE,NA
"b",-6.72,-0.0732877230436959,3.8190297849285,4.6198152469614,4.59678402306783,16.4453710903489,TRUE,NA
"b",-6.71,-0.0733938143622649,3.81622400218707,4.61694577890724,4.59344252153137,16.4253866519866,TRUE,NA
"b",-6.7,-0.0735002093066736,3.81341564647898,4.61407416059971,4.59009849472683,16.4054022807681,TRUE,NA
"b",-6.69,-0.0736069091662797,3.81060470995022,4.6112003866221,4.58675193703166,16.385417977077,TRUE,NA
"b",-6.68,-0.0737139152376584,3.80779118470933,4.60832445153488,4.58340284280323,16.3654337412997,TRUE,NA
"b",-6.67,-0.0738212288246743,3.80497506282723,4.60544634987562,4.58005120637873,16.3454495738252,TRUE,NA
"b",-6.66,-0.0739288512385032,3.80215633633704,4.60256607615883,4.57669702207507,16.3254654750454,TRUE,NA
"b",-6.65,-0.0740367837977009,3.79933499723387,4.59968362487585,4.57334028418879,16.3054814453551,TRUE,NA
"b",-6.64,-0.0741450278282632,3.79651103747464,4.59679899049472,4.56998098699595,16.2854974851517,TRUE,NA
"b",-6.63,-0.0742535846636505,3.79368444897789,4.59391216746003,4.56661912475203,16.2655135948354,TRUE,NA
"b",-6.62,-0.0743624556448658,3.79085522362358,4.59102315019277,4.56325469169188,16.2455297748095,TRUE,NA
"b",-6.61,-0.0744716421204918,3.78802335325292,4.58813193309027,4.55988768202953,16.2255460254801,TRUE,NA
"b",-6.6,-0.0745811454467521,3.78518882966814,4.58523851052598,4.55651808995817,16.2055623472561,TRUE,NA
"b",-6.59,-0.0746909669875593,3.78235164463235,4.58234287684938,4.55314590965002,16.1855787405495,TRUE,NA
"b",-6.58,-0.0748011081145786,3.7795117898693,4.57944502638583,4.54977113525621,16.1655952057752,TRUE,NA
"b",-6.57,-0.0749115702072632,3.77666925706321,4.57654495343644,4.54639376090673,16.1456117433509,TRUE,NA
"b",-6.56,-0.0750223546529339,3.77382403785857,4.57364265227793,4.54301378071027,16.1256283536977,TRUE,NA
"b",-6.55,-0.075133462846812,3.77097612385995,4.57073811716248,4.53963118875413,16.1056450372394,TRUE,NA
"b",-6.54,-0.0752448961920897,3.76812550663182,4.56783134231758,4.53624597910418,16.085661794403,TRUE,NA
"b",-6.53,-0.0753566560999794,3.7652721776983,4.56492232194594,4.53285814580464,16.0656786256186,TRUE,NA
"b",-6.52,-0.0754687439897775,3.76241612854304,4.56201105022528,4.52946768287809,16.0456955313194,TRUE,NA
"b",-6.51,-0.0755811612889097,3.75955735060897,4.55909752130822,4.5260745843253,16.0257125119418,TRUE,NA
"b",-6.5,-0.0756939094329987,3.75669583529811,4.55618172932216,4.52267884412512,16.0057295679253,TRUE,NA
"b",-6.49,-0.0758069898659216,3.7538315739714,4.55326366836906,4.51928045623441,15.9857466997125,TRUE,NA
"b",-6.48,-0.0759204040398625,3.75096455794848,4.55034333252539,4.51587941458792,15.9657639077496,TRUE,NA
"b",-6.47,-0.0760341534153802,3.7480947785075,4.54742071584189,4.51247571309815,15.9457811924856,TRUE,NA
"b",-6.46,-0.0761482394614563,3.74522222688492,4.54449581234348,4.50906934565531,15.9257985543731,TRUE,NA
"b",-6.45,-0.0762626636555709,3.74234689427531,4.5415686160291,4.50566030612712,15.9058159938678,TRUE,NA
"b",-6.44,-0.0763774274837477,3.73946877183116,4.53863912087155,4.50224858835878,15.885833511429,TRUE,NA
"b",-6.43,-0.0764925324406239,3.73658785066266,4.53570732081731,4.49883418617284,15.8658511075192,TRUE,NA
"b",-6.42,-0.0766079800295131,3.73370412183752,4.53277320978647,4.49541709336903,15.8458687826042,TRUE,NA
"b",-6.41,-0.0767237717624622,3.73081757638078,4.52983678167247,4.49199730372425,15.8258865371535,TRUE,NA
"b",-6.4,-0.0768399091603148,3.72792820527457,4.52689803034203,4.48857481099237,15.8059043716398,TRUE,NA
"b",-6.39,-0.0769563937527811,3.72503599945794,4.52395694963495,4.48514960890415,15.7859222865394,TRUE,NA
"b",-6.38,-0.0770732270784924,3.72214094982667,4.52101353336395,4.48172169116714,15.7659402823323,TRUE,NA
"b",-6.37,-0.0771904106850746,3.71924304723303,4.51806777531456,4.47829105146554,15.7459583595017,TRUE,NA
"b",-6.36,-0.0773079461292047,3.7163422824856,4.51511966924487,4.47485768346012,15.7259765185347,TRUE,NA
"b",-6.35,-0.0774258349766809,3.71343864634907,4.51216920888548,4.47142158078804,15.7059947599218,TRUE,NA
"b",-6.34,-0.0775440788024917,3.71053212954405,4.50921638793924,4.46798273706281,15.6860130841573,TRUE,NA
"b",-6.33,-0.0776626791908765,3.70762272274682,4.50626120008116,4.46454114587412,15.6660314917391,TRUE,NA
"b",-6.32,-0.077781637735393,3.70471041658919,4.50330363895817,4.46109680078774,15.6460499831688,TRUE,NA
"b",-6.31,-0.0779009560389882,3.70179520165825,4.50034369818904,4.45764969534541,15.6260685589518,TRUE,NA
"b",-6.3,-0.0780206357140726,3.69887706849617,4.49738137136416,4.45419982306468,15.6060872195972,TRUE,NA
"b",-6.29,-0.0781406783825712,3.69595600760002,4.49441665204537,4.45074717743887,15.5861059656181,TRUE,NA
"b",-6.28,-0.0782610856760127,3.69303200942156,4.4914495337658,4.44729175193685,15.5661247975312,TRUE,NA
"b",-6.27,-0.078381859235588,3.69010506436701,4.48848001002974,4.44383354000301,15.5461437158572,TRUE,NA
"b",-6.26,-0.078503000712224,3.68717516279688,4.48550807431238,4.44037253505705,15.5261627211208,TRUE,NA
"b",-6.25,-0.0786245117666576,3.68424229502573,4.48253372005973,4.43690873049395,15.5061818138505,TRUE,NA
"b",-6.24,-0.0787463940695015,3.68130645132199,4.47955694068838,4.43344211968378,15.4862009945789,TRUE,NA
"b",-6.23,-0.078868649301323,3.67836762190776,4.47657772958537,4.42997269597157,15.4662202638426,TRUE,NA
"b",-6.22,-0.0789912791527183,3.67542579695856,4.47359608010796,4.42650045267724,15.4462396221822,TRUE,NA
"b",-6.21,-0.0791142853243767,3.67248096660319,4.47061198558352,4.42302538309543,15.4262590701424,TRUE,NA
"b",-6.2,-0.0792376695271669,3.66953312092344,4.46762543930928,4.4195474804954,15.4062786082721,TRUE,NA
"b",-6.19,-0.0793614334822051,3.66658224995399,4.46463643455222,4.41606673812086,15.3862982371243,TRUE,NA
"b",-6.18,-0.07948557892093,3.66362834368209,4.46164496454882,4.4125831491899,15.3663179572564,TRUE,NA
"b",-6.17,-0.0796101075851862,3.66067139204743,4.45865102250493,4.40909670689481,15.3463377692297,TRUE,NA
"b",-6.16,-0.0797350212272977,3.65771138494191,4.45565460159556,4.40560740440199,15.3263576736101,TRUE,NA
"b",-6.15,-0.0798603216101388,3.65474831220942,4.45265569496468,4.40211523485177,15.3063776709677,TRUE,NA
"b",-6.14,-0.0799860105072298,3.65178216364565,4.44965429572508,4.39862019135834,15.2863977618769,TRUE,NA
"b",-6.13,-0.0801120897027948,3.64881292899787,4.44665039695812,4.39512226700958,15.2664179469165,TRUE,NA
"b",-6.12,-0.0802385609918615,3.64584059796472,4.44364399171361,4.39162145486691,15.24643822667,TRUE,NA
"b",-6.11,-0.0803654261803282,3.64286516019602,4.44063507300954,4.3881177479652,15.2264586017251,TRUE,NA
"b",-6.1,-0.080492687085052,3.63988660529253,4.43762363383196,4.38461113931262,15.2064790726742,TRUE,NA
"b",-6.09,-0.0806203455339298,3.63690492280577,4.43460966713473,4.38110162189049,15.186499640114,TRUE,NA
"b",-6.08,-0.0807484033659769,3.63392010223779,4.43159316583936,4.37758918865313,15.1665203046462,TRUE,NA
"b",-6.07,-0.0808768624314196,3.63093213304099,4.4285741228348,4.3740738325278,15.1465410668768,TRUE,NA
"b",-6.06,-0.0810057245917663,3.62794100461786,4.42555253097723,4.37055554641444,15.1265619274166,TRUE,NA
"b",-6.05,-0.0811349917199121,3.62494670632081,4.42252838308989,4.36703432318566,15.1065828868814,TRUE,NA
"b",-6.04,-0.0812646657002001,3.62194922745195,4.41950167196283,4.36351015568649,15.0866039458914,TRUE,NA
"b",-6.03,-0.0813947484285291,3.61894855726289,4.41647239035276,4.35998303673432,15.0666251050717,TRUE,NA
"b",-6.02,-0.0815252418124334,3.61594468495449,4.41344053098282,4.35645295911871,15.0466463650526,TRUE,NA
"b",-6.01,-0.0816561477711635,3.61293759967671,4.41040608654237,4.35291991560126,15.0266677264688,TRUE,NA
"b",-6,-0.081787468235791,3.60992729052833,4.40736904968677,4.34938389891549,15.0066891899604,TRUE,NA
"b",-5.99,-0.0819192051492807,3.6069137465568,4.40432941303722,4.34584490176666,14.9867107561723,TRUE,NA
"b",-5.98,-0.0820513604665963,3.603896956758,4.40128716918049,4.34230291683164,14.9667324257544,TRUE,NA
"b",-5.97,-0.0821839361547813,3.60087691007601,4.39824231066875,4.33875793675878,14.9467541993619,TRUE,NA
"b",-5.96,-0.0823169341930617,3.59785359540296,4.39519483001933,4.33520995416774,14.9267760776549,TRUE,NA
"b",-5.95,-0.0824503565729247,3.59482700157873,4.39214471971451,4.33165896164934,14.906798061299,TRUE,NA
"b",-5.94,-0.0825842052982241,3.59179711739081,4.38909197220134,4.32810495176545,14.8868201509647,TRUE,NA
"b",-5.93,-0.0827184823852758,3.58876393157407,4.38603657989133,4.32454791704878,14.8668423473281,TRUE,NA
"b",-5.92,-0.0828531898629444,3.58572743281053,4.38297853516035,4.32098785000278,14.8468646510705,TRUE,NA
"b",-5.91,-0.0829883297727427,3.58268760972915,4.37991783034828,4.31742474310147,14.8268870628785,TRUE,NA
"b",-5.9,-0.0831239041689404,3.57964445090564,4.37685445775892,4.31385858878928,14.8069095834443,TRUE,NA
"b",-5.89,-0.0832599151186418,3.57659794486222,4.37378840965963,4.31028937948093,14.7869322134656,TRUE,NA
"b",-5.88,-0.0833963647019076,3.57354808006742,4.3707196782812,4.30671710756121,14.7669549536455,TRUE,NA
"b",-5.87,-0.0835332550118316,3.57049484493587,4.3676482558176,4.30314176538491,14.7469778046929,TRUE,NA
"b",-5.86,-0.0836705881546643,3.56743822782807,4.3645741344257,4.29956334527658,14.7270007673221,TRUE,NA
"b",-5.85,-0.0838083662498958,3.56437821705021,4.3614973062251,4.29598183953044,14.7070238422535,TRUE,NA
"b",-5.84,-0.0839465914303752,3.5613148008539,4.35841776329787,4.29239724041019,14.6870470302128,TRUE,NA
"b",-5.83,-0.084085265842401,3.55824796743601,4.3553354976883,4.28880954014883,14.6670703319318,TRUE,NA
"b",-5.82,-0.0842243916458332,3.55517770493843,4.35225050140268,4.28521873094856,14.6470937481481,TRUE,NA
"b",-5.81,-0.084363971014195,3.55210400144786,4.34916276640906,4.28162480498056,14.6271172796053,TRUE,NA
"b",-5.8,-0.0845040061347849,3.5490268449956,4.34607228463699,4.27802775438487,14.6071409270528,TRUE,NA
"b",-5.79,-0.0846444992087786,3.54594622355732,4.3429790479773,4.2744275712702,14.5871646912463,TRUE,NA
"b",-5.78,-0.084785452451341,3.54286212505285,4.33988304828185,4.27082424771376,14.5671885729474,TRUE,NA
"b",-5.77,-0.0849268680917373,3.53977453734599,4.33678427736325,4.26721777576114,14.5472125729239,TRUE,NA
"b",-5.76,-0.0850687483734383,3.53668344824424,4.33368272699466,4.2636081474261,14.5272366919498,TRUE,NA
"b",-5.75,-0.0852110955542353,3.53358884549866,4.33057838890951,4.2599953546904,14.5072609308056,TRUE,NA
"b",-5.74,-0.0853539119063591,3.53049071680357,4.32747125480125,4.25637938950368,14.4872852902777,TRUE,NA
"b",-5.73,-0.0854971997165804,3.5273890497964,4.32436131632309,4.25276024378323,14.4673097711594,TRUE,NA
"b",-5.72,-0.0856409612863335,3.52428383205743,4.32124856508775,4.24913790941385,14.44733437425,TRUE,NA
"b",-5.71,-0.085785198931835,3.52117505110961,4.31813299266722,4.24551237824772,14.4273591003558,TRUE,NA
"b",-5.7,-0.0859299149841965,3.51806269441831,4.31501459059243,4.24188364210413,14.4073839502892,TRUE,NA
"b",-5.69,-0.0860751117895381,3.51494674939112,4.31189335035309,4.23825169276938,14.3874089248696,TRUE,NA
"b",-5.68,-0.0862207917091195,3.51182720337763,4.30876926339733,4.23461652199661,14.3674340249229,TRUE,NA
"b",-5.67,-0.0863669571194477,3.5087040436692,4.3056423211315,4.23097812150557,14.3474592512821,TRUE,NA
"b",-5.66,-0.0865136104124074,3.50557725749877,4.30251251491984,4.22733648298249,14.3274846047866,TRUE,NA
"b",-5.65,-0.0866607539953801,3.50244683204061,4.29937983608426,4.22369159807988,14.307510086283,TRUE,NA
"b",-5.64,-0.0868083902913708,3.49931275441012,4.29624427590404,4.22004345841636,14.287535696625,TRUE,NA
"b",-5.63,-0.0869565217391305,3.4961750116636,4.29310582561557,4.21639205557648,14.267561436673,TRUE,NA
"b",-5.62,-0.0871051507932803,3.49303359079804,4.28996447641204,4.21273738111054,14.2475873072947,TRUE,NA
"b",-5.61,-0.0872542799244412,3.4898884787509,4.28682021944319,4.20907942653439,14.2276133093651,TRUE,NA
"b",-5.6,-0.0874039116193719,3.48673966239987,4.28367304581503,4.20541818332926,14.2076394437664,TRUE,NA
"b",-5.59,-0.0875540483810762,3.48358712856269,4.28052294658952,4.20175364294159,14.1876657113879,TRUE,NA
"b",-5.58,-0.0877046927289573,3.48043086399688,4.27736991278432,4.19808579678283,14.1676921131267,TRUE,NA
"b",-5.57,-0.087855847198936,3.47727085539955,4.27421393537248,4.19441463622923,14.147718649887,TRUE,NA
"b",-5.56,-0.0880075143435924,3.47410708940717,4.27105500528215,4.19074015262169,14.1277453225809,TRUE,NA
"b",-5.55,-0.0881596967322945,3.47093955259537,4.26789311339629,4.18706233726557,14.1077721321279,TRUE,NA
"b",-5.54,-0.0883123969513408,3.46776823147865,4.26472825055239,4.18338118143045,14.0877990794553,TRUE,NA
"b",-5.53,-0.0884656176040867,3.46459311251024,4.26156040754212,4.17969667635001,14.0678261654981,TRUE,NA
"b",-5.52,-0.0886193613110966,3.46141418208183,4.25838957511109,4.17600881322176,14.0478533911992,TRUE,NA
"b",-5.51,-0.0887736307102807,3.45823142652336,4.2552157439585,4.17231758320692,14.0278807575095,TRUE,NA
"b",-5.5,-0.088928428457029,3.45504483210276,4.25203890473686,4.16862297743017,14.0079082653878,TRUE,NA
"b",-5.49,-0.0890837572243599,3.4518543850258,4.24885904805166,4.16492498697949,13.9879359158012,TRUE,NA
"b",-5.48,-0.0892396197030634,3.44866007143579,4.24567616446109,4.16122360290593,13.9679637097247,TRUE,NA
"b",-5.47,-0.0893960186018547,3.44546187741338,4.24249024447569,4.15751881622343,13.9479916481419,TRUE,NA
"b",-5.46,-0.0895529566475019,3.44225978897637,4.23930127855806,4.15381061790862,13.9280197320443,TRUE,NA
"b",-5.45,-0.0897104365849942,3.43905379207941,4.23610925712252,4.15009899890062,13.9080479624323,TRUE,NA
"b",-5.44,-0.0898684611776841,3.43584387261384,4.23291417053482,4.14638395010082,13.8880763403144,TRUE,NA
"b",-5.43,-0.0900270332074322,3.43263001640742,4.22971600911176,4.1426654623727,13.8681048667081,TRUE,NA
"b",-5.42,-0.0901861554747765,3.42941220922411,4.22651476312094,4.1389435265416,13.8481335426393,TRUE,NA
"b",-5.41,-0.0903458307990691,3.42619043676386,4.22331042278037,4.13521813339454,13.8281623691428,TRUE,NA
"b",-5.4,-0.0905060620186423,3.42296468466234,4.22010297825813,4.13148927367999,13.8081913472621,TRUE,NA
"b",-5.39,-0.0906668519909683,3.41973493849076,4.2168924196721,4.12775693810766,13.78822047805,TRUE,NA
"b",-5.38,-0.0908282035928037,3.41650118375558,4.21367873708957,4.12402111734832,13.7682497625679,TRUE,NA
"b",-5.37,-0.0909901197203665,3.41326340589833,4.21046192052691,4.12028180203354,13.7482792018867,TRUE,NA
"b",-5.36,-0.0911526032894936,3.41002159029535,4.20724195994922,4.11653898275551,13.7283087970865,TRUE,NA
"b",-5.35,-0.0913156572357981,3.40677572225756,4.20401884527001,4.11279265006685,13.7083385492564,TRUE,NA
"b",-5.34,-0.0914792845148408,3.4035257870302,4.20079256635082,4.10904279448031,13.6883684594953,TRUE,NA
"b",-5.33,-0.0916434881022928,3.40027176979265,4.19756311300089,4.10528940646864,13.6683985289116,TRUE,NA
"b",-5.32,-0.0918082709941153,3.39701365565814,4.19433047497678,4.10153247646433,13.6484287586229,TRUE,NA
"b",-5.31,-0.091973636206708,3.39375142967356,4.19109464198206,4.09777199485938,13.6284591497571,TRUE,NA
"b",-5.3,-0.0921395867771046,3.39048507681915,4.18785560366689,4.09400795200512,13.6084897034515,TRUE,NA
"b",-5.29,-0.092306125763135,3.38721458200835,4.18461334962768,4.09024033821194,13.5885204208534,TRUE,NA
"b",-5.28,-0.0924732562435992,3.38393993008748,4.18136786940675,4.08646914374911,13.5685513031203,TRUE,NA
"b",-5.27,-0.0926409813184486,3.38066110583555,4.17811915249192,4.0826943588445,13.5485823514196,TRUE,NA
"b",-5.26,-0.0928093041089656,3.37737809396398,4.17486718831616,4.07891597368442,13.5286135669292,TRUE,NA
"b",-5.25,-0.0929782277579375,3.3740908791164,4.17161196625719,4.07513397841333,13.508644950837,TRUE,NA
"b",-5.24,-0.0931477554298504,3.37079944586837,4.16835347563714,4.07134836313365,13.4886765043416,TRUE,NA
"b",-5.23,-0.093317890311061,3.36750377872712,4.16509170572213,4.06755911790552,13.4687082286521,TRUE,NA
"b",-5.22,-0.0934886356099943,3.36420386213135,4.1618266457219,4.06376623274654,13.4487401249882,TRUE,NA
"b",-5.21,-0.0936599945573227,3.36089968045095,4.15855828478943,4.05996969763158,13.4287721945805,TRUE,NA
"b",-5.2,-0.0938319704061629,3.35759121798676,4.15528661202051,4.05616950249251,13.4088044386703,TRUE,NA
"b",-5.19,-0.0940045664322631,3.35427845897031,4.1520116164534,4.052365637218,13.3888368585101,TRUE,NA
"b",-5.18,-0.0941777859341973,3.35096138756356,4.14873328706839,4.04855809165321,13.3688694553635,TRUE,NA
"b",-5.17,-0.0943516322335619,3.34763998785867,4.1454516127874,4.04474685559965,13.3489022305051,TRUE,NA
"b",-5.16,-0.0945261086751785,3.34431424387775,4.1421665824736,4.04093191881484,13.3289351852213,TRUE,NA
"b",-5.15,-0.0947012186272856,3.34098413957254,4.13887818493096,4.03711327101214,13.3089683208095,TRUE,NA
"b",-5.14,-0.0948769654817424,3.33764965882424,4.13558640890388,4.03329090186046,13.289001638579,TRUE,NA
"b",-5.13,-0.0950533526542388,3.33431078544318,4.13229124307674,4.02946480098404,13.2690351398508,TRUE,NA
"b",-5.12,-0.0952303835844939,3.3309675031686,4.12899267607351,4.0256349579622,13.2490688259576,TRUE,NA
"b",-5.11,-0.0954080617364679,3.32761979566835,4.1256906964573,4.02180136232907,13.2291026982443,TRUE,NA
"b",-5.1,-0.0955863905985722,3.32426764653867,4.12238529272993,4.01796400357336,13.2091367580677,TRUE,NA
"b",-5.09,-0.0957653736838794,3.3209110393039,4.11907645333152,4.01412287113809,13.1891710067968,TRUE,NA
"b",-5.08,-0.0959450145303429,3.31754995741618,4.11576416664006,4.01027795442036,13.1692054458132,TRUE,NA
"b",-5.07,-0.0961253167010054,3.31418438425524,4.11244842097093,4.00642924277108,13.1492400765109,TRUE,NA
"b",-5.06,-0.0963062837842293,3.31081430312808,4.10912920457651,4.0025767254947,13.1292749002963,TRUE,NA
"b",-5.05,-0.0964879193939088,3.30743969726875,4.10580650564569,3.99872039184898,13.109309918589,TRUE,NA
"b",-5.04,-0.0966702271696936,3.30406054983799,4.10248031230346,3.99486023104471,13.089345132821,TRUE,NA
"b",-5.03,-0.0968532107772191,3.30067684392303,4.09915061261041,3.99099623224545,13.0693805444379,TRUE,NA
"b",-5.02,-0.0970368739083372,3.29728856253728,4.09581739456231,3.98712838456726,13.0494161548979,TRUE,NA
"b",-5.01,-0.0972212202813364,3.29389568862004,4.09248064608964,3.98325667707847,13.029451965673,TRUE,NA
"b",-5,-0.0974062536411862,3.29049820503622,4.0891403550571,3.97938109879937,13.0094879782484,TRUE,NA
"b",-4.99,-0.0975919777597646,3.28709609457608,4.08579650926317,3.97550163870195,12.9895241941231,TRUE,NA
"b",-4.98,-0.0977783964360955,3.28368933995491,4.08244909643963,3.97161828570964,12.9695606148096,TRUE,NA
"b",-4.97,-0.0979655134966013,3.28027792381273,4.07909810425106,3.96773102869706,12.9495972418347,TRUE,NA
"b",-4.96,-0.0981533327953288,3.27686182871404,4.07574352029439,3.9638398564897,12.9296340767388,TRUE,NA
"b",-4.95,-0.0983418582142055,3.27344103714749,4.07238533209839,3.95994475786367,12.909671121077,TRUE,NA
"b",-4.94,-0.0985310936632834,3.2700155315256,4.06902352712317,3.95604572154543,12.8897083764185,TRUE,NA
"b",-4.93,-0.0987210430809954,3.26658529418443,4.06565809275973,3.95214273621148,12.869745844347,TRUE,NA
"b",-4.92,-0.0989117104343957,3.26315030738332,4.0622890163294,3.94823579048814,12.8497835264611,TRUE,NA
"b",-4.91,-0.0991030997194288,3.25971055330456,4.05891628508339,3.94432487295119,12.829821424374,TRUE,NA
"b",-4.9,-0.0992952149611846,3.25626601405308,4.05553988620223,3.94040997212565,12.8098595397142,TRUE,NA
"b",-4.89,-0.0994880602141565,3.25281667165615,4.05215980679531,3.93649107648546,12.7898978741252,TRUE,NA
"b",-4.88,-0.0996816395625069,3.24936250806304,4.04877603390032,3.9325681744532,12.7699364292659,TRUE,NA
"b",-4.87,-0.0998759571203321,3.24590350514474,4.04538855448274,3.92864125439981,12.7499752068107,TRUE,NA
"b",-4.86,-0.10007101703194,3.24243964469363,4.04199735543533,3.9247103046443,12.7300142084498,TRUE,NA
"b",-4.85,-0.100266823472114,3.23897090842313,4.03860242357757,3.92077531345344,12.7100534358892,TRUE,NA
"b",-4.84,-0.100463380646388,3.23549727796741,4.03520374565514,3.91683626904146,12.6900928908509,TRUE,NA
"b",-4.83,-0.100660692791336,3.23201873488104,4.0318013083394,3.91289315956982,12.6701325750732,TRUE,NA
"b",-4.82,-0.100858764174841,3.22853526063868,4.02839509822677,3.9089459731468,12.6501724903109,TRUE,NA
"b",-4.81,-0.101057599096384,3.2250468366347,4.02498510183827,3.90499469782731,12.6302126383351,TRUE,NA
"b",-4.8,-0.101257201887334,3.22155344418289,4.02157130561891,3.90103932161252,12.610253020934,TRUE,NA
"b",-4.79,-0.101457576911231,3.2180550645161,4.01815369593714,3.89707983244957,12.5902936399127,TRUE,NA
"b",-4.78,-0.101658728564098,3.2145516787859,4.01473225908428,3.8931162182313,12.5703344970933,TRUE,NA
"b",-4.77,-0.10186066127471,3.21104326806222,4.01130698127395,3.88914846679588,12.5503755943153,TRUE,NA
"b",-4.76,-0.102063379504917,3.20752981333299,4.00787784864152,3.88517656592656,12.530416933436,TRUE,NA
"b",-4.75,-0.102266887749937,3.20401129550381,4.00444484724348,3.88120050335133,12.5104585163301,TRUE,NA
"b",-4.74,-0.102471190538664,3.2004876953976,4.00100796305689,3.87722026674261,12.4905003448904,TRUE,NA
"b",-4.73,-0.102676292433982,3.19695899375419,3.99756718197877,3.87323584371693,12.470542421028,TRUE,NA
"b",-4.72,-0.102882198033071,3.19342517122998,3.9941224898255,3.86924722183464,12.4505847466721,TRUE,NA
"b",-4.71,-0.10308891196773,3.18988620839759,3.99067387233225,3.86525438859957,12.4306273237707,TRUE,NA
"b",-4.7,-0.103296438904695,3.18634208574544,3.98722131515231,3.8612573314587,12.4106701542904,TRUE,NA
"b",-4.69,-0.103504783545962,3.18279278367741,3.98376480385655,3.85725603780187,12.3907132402169,TRUE,NA
"b",-4.68,-0.103713950629109,3.17923828251244,3.98030432393272,3.85325049496141,12.3707565835551,TRUE,NA
"b",-4.67,-0.103923944927643,3.17567856248415,3.97683986078491,3.84924069021187,12.3508001863293,TRUE,NA
"b",-4.66,-0.104134771251314,3.17211360374043,3.97337139973283,3.84522661076964,12.3308440505836,TRUE,NA
"b",-4.65,-0.104346434446467,3.16854338634307,3.96989892601124,3.84120824379268,12.3108881783817,TRUE,NA
"b",-4.64,-0.104558939396379,3.16496789026737,3.96642242476929,3.83718557638011,12.2909325718077,TRUE,NA
"b",-4.63,-0.104772291021604,3.16138709540167,3.96294188106985,3.83315859557195,12.2709772329659,TRUE,NA
"b",-4.62,-0.104986494280323,3.15780098154702,3.95945727988888,3.82912728834873,12.2510221639813,TRUE,NA
"b",-4.61,-0.105201554168698,3.15420952841674,3.95596860611474,3.82509164163119,12.2310673669995,TRUE,NA
"b",-4.6,-0.105417475721226,3.15061271563596,3.95247584454757,3.82105164227993,12.2111128441874,TRUE,NA
"b",-4.59,-0.105634264011108,3.14701052274126,3.94897897989856,3.81700727709506,12.1911585977332,TRUE,NA
"b",-4.58,-0.1058519241506,3.14340292918022,3.94547799678931,3.81295853281585,12.1712046298464,TRUE,NA
"b",-4.57,-0.1060704612914,3.13978991431095,3.94197287975115,3.80890539612041,12.1512509427586,TRUE,NA
"b",-4.56,-0.106289880625,3.13617145740172,3.9384636132244,3.80484785362533,12.1312975387233,TRUE,NA
"b",-4.55,-0.106510187383089,3.13254753763045,3.93495018155771,3.80078589188533,12.1113444200164,TRUE,NA
"b",-4.54,-0.106731386837912,3.12891813408433,3.93143256900736,3.79671949739289,12.0913915889363,TRUE,NA
"b",-4.53,-0.106953484302663,3.1252832257593,3.92791075973651,3.79264865657793,12.0714390478045,TRUE,NA
"b",-4.52,-0.107176485131884,3.12164279155964,3.92438473781453,3.78857335580746,12.0514867989652,TRUE,NA
"b",-4.51,-0.107400394721844,3.11799681029748,3.92085448721623,3.78449358138515,12.0315348447864,TRUE,NA
"b",-4.5,-0.107625218510953,3.11434526069234,3.91731999182116,3.78040931955107,12.0115831876595,TRUE,NA
"b",-4.49,-0.107850961980155,3.11068812137068,3.91378123541286,3.77632055648126,11.99163183,TRUE,NA
"b",-4.48,-0.108077630653344,3.10702537086535,3.9102382016781,3.7722272782874,11.9716807742476,TRUE,NA
"b",-4.47,-0.108305230097766,3.10335698761518,3.90669087420614,3.76812947101641,11.9517300228665,TRUE,NA
"b",-4.46,-0.108533765924447,3.09968294996445,3.90313923648798,3.76402712065014,11.9317795783457,TRUE,NA
"b",-4.45,-0.108763243788614,3.0960032361624,3.89958327191559,3.75992021310494,11.9118294431994,TRUE,NA
"b",-4.44,-0.108993669390112,3.09231782436272,3.8960229637811,3.75580873423131,11.8918796199671,TRUE,NA
"b",-4.43,-0.109225048473845,3.08862669262305,3.89245829527606,3.75169266981355,11.8719301112141,TRUE,NA
"b",-4.42,-0.109457386830215,3.08492981890446,3.88888924949065,3.74757200556936,11.8519809195317,TRUE,NA
"b",-4.41,-0.109690690295549,3.08122718107093,3.88531580941284,3.74344672714946,11.8320320475375,TRUE,NA
"b",-4.4,-0.109924964752563,3.07751875688879,3.88173795792765,3.73931682013722,11.8120834978759,TRUE,NA
"b",-4.39,-0.110160216130806,3.07380452402626,3.87815567781627,3.73518227004828,11.792135273218,TRUE,NA
"b",-4.38,-0.110396450407114,3.07008446005283,3.8745689517553,3.73104306233016,11.7721873762625,TRUE,NA
"b",-4.37,-0.110633673606076,3.06635854243874,3.87097776231586,3.72689918236187,11.7522398097356,TRUE,NA
"b",-4.36,-0.1108718918005,3.06262674855445,3.86738209196284,3.72275061545355,11.7322925763914,TRUE,NA
"b",-4.35,-0.111111111111892,3.05888905567006,3.86378192305396,3.71859734684603,11.7123456790125,TRUE,NA
"b",-4.34,-0.111351337710921,3.0551454409547,3.860177237839,3.71443936171048,11.69239912041,TRUE,NA
"b",-4.33,-0.111592577817919,3.05139588147604,3.85656801845887,3.71027664514801,11.672452903424,TRUE,NA
"b",-4.32,-0.111834837703357,3.04764035419963,3.85295424694481,3.70610918218925,11.6525070309241,TRUE,NA
"b",-4.31,-0.112078123688348,3.04387883598836,3.84933590521746,3.70193695779399,11.6325615058095,TRUE,NA
"b",-4.3,-0.112322442145146,3.04011130360184,3.845712975086,3.69775995685073,11.6126163310094,TRUE,NA
"b",-4.29,-0.112567799497653,3.03633773369579,3.84208543824726,3.69357816417633,11.5926715094837,TRUE,NA
"b",-4.28,-0.112814202221926,3.03255810282145,3.8384532762848,3.68939156451558,11.572727044223,TRUE,NA
"b",-4.27,-0.113061656846709,3.02877238742495,3.83481647066802,3.68520014254077,11.5527829382489,TRUE,NA
"b",-4.26,-0.113310169953946,3.02498056384669,3.83117500275122,3.68100388285133,11.532839194615,TRUE,NA
"b",-4.25,-0.11355974817931,3.02118260832068,3.82752885377268,3.67680276997341,11.5128958164065,TRUE,NA
"b",-4.24,-0.113810398212755,3.01737849697393,3.82387800485375,3.67259678835941,11.4929528067413,TRUE,NA
"b",-4.23,-0.114062126799043,3.0135682058258,3.82022243699784,3.66838592238765,11.4730101687699,TRUE,NA
"b",-4.22,-0.114314940738306,3.0097517107873,3.81656213108952,3.66417015636189,11.453067905676,TRUE,NA
"b",-4.21,-0.114568846886592,3.00592898766049,3.81289706789355,3.65994947451096,11.4331260206769,TRUE,NA
"b",-4.2,-0.114823852156438,3.00210001213773,3.80922722805387,3.65572386098828,11.413184517024,TRUE,NA
"b",-4.19,-0.115079963517432,2.99826475980108,3.80555259209265,3.65149329987149,11.3932433980032,TRUE,NA
"b",-4.18,-0.11533718799679,2.99442320612153,3.80187314040929,3.64725777516202,11.373302666935,TRUE,NA
"b",-4.17,-0.115595532679946,2.99057532645836,3.7981888532794,3.64301727078463,11.3533623271756,TRUE,NA
"b",-4.16,-0.115855004711134,2.9867210960584,3.79449971085381,3.63877177058701,11.3334223821166,TRUE,NA
"b",-4.15,-0.116115611293988,2.98286049005534,3.79080569315752,3.63452125833934,11.3134828351862,TRUE,NA
"b",-4.14,-0.116377359692149,2.97899348346895,3.78710678008871,3.63026571773386,11.2935436898489,TRUE,NA
"b",-4.13,-0.116640257229874,2.97512005120444,3.78340295141764,3.62600513238445,11.2736049496066,TRUE,NA
"b",-4.12,-0.11690431129265,2.97124016805161,3.77969418678565,3.62173948582616,11.2536666179988,TRUE,NA
"b",-4.11,-0.117169529327832,2.96735380868419,3.77598046570406,3.61746876151479,11.2337286986029,TRUE,NA
"b",-4.1,-0.117435918845266,2.96346094765901,3.77226176755312,3.61319294282646,11.213791195035,TRUE,NA
"b",-4.09,-0.117703487417933,2.95956155941528,3.76853807158089,3.60891201305717,11.1938541109503,TRUE,NA
"b",-4.08,-0.117972242682605,2.95565561827377,3.7648093569022,3.60462595542232,11.1739174500436,TRUE,NA
"b",-4.07,-0.118242192340492,2.95174309843607,3.76107560249748,3.6003347530563,11.1539812160495,TRUE,NA
"b",-4.06,-0.11851334415791,2.94782397398373,3.75733678721171,3.59603838901205,11.1340454127435,TRUE,NA
"b",-4.05,-0.11878570596696,2.9438982188775,3.75359288975323,3.59173684626056,11.1141100439421,TRUE,NA
"b",-4.04,-0.119059285666203,2.93996580695649,3.74984388869263,3.58743010769047,11.0941751135033,TRUE,NA
"b",-4.03,-0.119334091221347,2.93602671193737,3.7460897624616,3.5831181561076,11.0742406253276,TRUE,NA
"b",-4.02,-0.119610130665955,2.93208090741348,3.74233048935178,3.57880097423449,11.0543065833579,TRUE,NA
"b",-4.01,-0.11988741210214,2.92812836685403,3.73856604751354,3.57447854470993,11.0343729915805,TRUE,NA
"b",-4,-0.12016594370129,2.92416906360323,3.73479641495484,3.57015085008855,11.0144398540256,TRUE,NA
"b",-3.99,-0.120445733704781,2.9202029708794,3.73102156954003,3.56581787284031,10.9945071747677,TRUE,NA
"b",-3.98,-0.120726790424721,2.91623006177413,3.72724148898861,3.56147959535005,10.9745749579263,TRUE,NA
"b",-3.97,-0.121009122244684,2.91225030925136,3.72345615087403,3.55713599991704,10.9546432076664,TRUE,NA
"b",-3.96,-0.121292737620464,2.9082636861465,3.71966553262246,3.55278706875453,10.9347119281995,TRUE,NA
"b",-3.95,-0.121577645080831,2.90427016516549,3.71586961151154,3.54843278398922,10.9147811237834,TRUE,NA
"b",-3.94,-0.121863853228309,2.90026971888393,3.7120683646691,3.54407312766086,10.8948507987237,TRUE,NA
"b",-3.93,-0.122151370739947,2.8962623197461,3.70826176907195,3.53970808172175,10.8749209573736,TRUE,NA
"b",-3.92,-0.122440206368107,2.89224794006405,3.7044498015445,3.53533762803628,10.8549916041355,TRUE,NA
"b",-3.91,-0.122730368941272,2.88822655201663,3.70063243875757,3.53096174838042,10.8350627434605,TRUE,NA
"b",-3.9,-0.123021867364843,2.88419812764852,3.696809657227,3.52658042444131,10.8151343798499,TRUE,NA
"b",-3.89,-0.123314710621965,2.88016263886928,3.69298143331237,3.52219363781673,10.7952065178558,TRUE,NA
"b",-3.88,-0.123608907774354,2.87612005745234,3.68914774321565,3.51780137001464,10.7752791620812,TRUE,NA
"b",-3.87,-0.123904467963135,2.87207035503399,3.68530856297984,3.51340360245271,10.7553523171812,TRUE,NA
"b",-3.86,-0.12420140040969,2.86801350311242,3.68146386848764,3.50900031645784,10.7354259878637,TRUE,NA
"b",-3.85,-0.124499714416522,2.86394947304666,3.67761363546003,3.50459149326567,10.7155001788898,TRUE,NA
"b",-3.84,-0.124799419368122,2.85987823605552,3.67375783945492,3.50017711402007,10.6955748950746,TRUE,NA
"b",-3.83,-0.12510052473186,2.85579976321661,3.66989645586573,3.49575715977274,10.6756501412882,TRUE,NA
"b",-3.82,-0.125403040058867,2.85171402546525,3.66602945991994,3.49133161148264,10.655725922456,TRUE,NA
"b",-3.81,-0.125706974984942,2.84762099359338,3.66215682667773,3.48690045001552,10.6358022435599,TRUE,NA
"b",-3.8,-0.126012339231475,2.84352063824851,3.65827853103044,3.4824636561435,10.6158791096386,TRUE,NA
"b",-3.79,-0.12631914260637,2.83941292993262,3.6543945476992,3.47802121054447,10.5959565257888,TRUE,NA
"b",-3.78,-0.12662739500498,2.83529783900103,3.65050485123338,3.47357309380172,10.5760344971658,TRUE,NA
"b",-3.77,-0.12693710641107,2.83117533566132,3.64660941600914,3.46911928640334,10.556113028984,TRUE,NA
"b",-3.76,-0.127248286897767,2.82704538997217,3.64270821622791,3.46465976874183,10.5361921265184,TRUE,NA
"b",-3.75,-0.127560946628547,2.82290797184223,3.63880122591485,3.46019452111353,10.5162717951048,TRUE,NA
"b",-3.74,-0.127875095858217,2.81876305102894,3.63488841891736,3.45572352371816,10.4963520401407,TRUE,NA
"b",-3.73,-0.12819074493392,2.81461059713738,3.63096976890347,3.45124675665835,10.4764328670867,TRUE,NA
"b",-3.72,-0.128507904296147,2.81045057961912,3.62704524936031,3.44676419993908,10.4565142814666,TRUE,NA
"b",-3.71,-0.128826584479765,2.80628296777094,3.62311483359251,3.44227583346727,10.4365962888687,TRUE,NA
"b",-3.7,-0.129146796115055,2.80210773073369,3.61917849472059,3.43778163705122,10.4166788949468,TRUE,NA
"b",-3.69,-0.129468549928775,2.79792483749106,3.61523620567937,3.43328159040014,10.3967621054207,TRUE,NA
"b",-3.68,-0.129791856745212,2.79373425686832,3.61128793921631,3.42877567312366,10.3768459260774,TRUE,NA
"b",-3.67,-0.130116727487278,2.78953595753107,3.60733366788985,3.42426386473133,10.356930362772,TRUE,NA
"b",-3.66,-0.130443173177601,2.78532990798401,3.60337336406779,3.4197461446321,10.3370154214286,TRUE,NA
"b",-3.65,-0.130771204939633,2.78111607656962,3.59940699992554,3.41522249213388,10.3171011080414,TRUE,NA
"b",-3.64,-0.131100833998775,2.77689443146692,3.5954345474445,3.41069288644298,10.2971874286752,TRUE,NA
"b",-3.63,-0.131432071683519,2.7726649406901,3.59145597841024,3.40615730666366,10.277274389467,TRUE,NA
"b",-3.62,-0.131764929426598,2.76842757208729,3.58747126441086,3.40161573179762,10.2573619966268,TRUE,NA
"b",-3.61,-0.132099418766166,2.76418229333911,3.58348037683515,3.3970681407435,10.2374502564384,TRUE,NA
"b",-3.6,-0.132435551346965,2.75992907195745,3.5794832868709,3.39251451229637,10.2175391752606,TRUE,NA
"b",-3.59,-0.132773338921543,2.755667875284,3.57547996550303,3.38795482514728,10.1976287595284,TRUE,NA
"b",-3.58,-0.133112793351462,2.75139867048896,3.57147038351186,3.38338905788272,10.1777190157538,TRUE,NA
"b",-3.57,-0.133453926608535,2.74712142456959,3.56745451147119,3.37881718898417,10.1578099505272,TRUE,NA
"b",-3.56,-0.133796750776068,2.74283610434883,3.56343231974656,3.37423919682755,10.1379015705182,TRUE,NA
"b",-3.55,-0.134141278050137,2.73854267647387,3.55940377849327,3.36965505968278,10.1179938824769,TRUE,NA
"b",-3.54,-0.134487520740864,2.73424110741475,3.55536885765461,3.36506475571326,10.098086893235,TRUE,NA
"b",-3.53,-0.134835491273716,2.72993136346284,3.55132752695986,3.36046826297541,10.078180609707,TRUE,NA
"b",-3.52,-0.135185202190832,2.72561341072946,3.54727975592243,3.35586555941813,10.0582750388914,TRUE,NA
"b",-3.51,-0.135536666152346,2.72128721514433,3.54322551383788,3.35125662288236,10.0383701878717,TRUE,NA
"b",-3.5,-0.135889895937751,2.71695274245412,3.53916476978198,3.34664143110058,10.018466063818,TRUE,NA
"b",-3.49,-0.136244904447267,2.71260995822092,3.5350974926087,3.3420199616963,9.99856267398784,TRUE,NA
"b",-3.48,-0.136601704703232,2.70825882782071,3.53102365094826,3.33739219218364,9.97866002572783,TRUE,NA
"b",-3.47,-0.136960309851516,2.70389931644183,3.52694321320504,3.33275809996676,9.95875812647462,TRUE,NA
"b",-3.46,-0.137320733162942,2.69953138908343,3.52285614755556,3.32811766233947,9.93885698375641,TRUE,NA
"b",-3.45,-0.137682988034744,2.69515501055387,3.51876242194644,3.32347085648468,9.91895660519417,TRUE,NA
"b",-3.44,-0.13804708799203,2.69077014546917,3.51466200409229,3.31881765947398,9.89905699850308,TRUE,NA
"b",-3.43,-0.138413046689274,2.68637675825137,3.51055486147358,3.31415804826714,9.87915817149381,TRUE,NA
"b",-3.42,-0.138780877911829,2.68197481312692,3.50644096133455,3.30949199971164,9.85926013207397,TRUE,NA
"b",-3.41,-0.139150595577445,2.67756427412506,3.50232027068105,3.30481949054221,9.83936288824956,TRUE,NA
"b",-3.4,-0.139522213737842,2.67314510507615,3.49819275627834,3.30014049738037,9.81946644812631,TRUE,NA
"b",-3.39,-0.139895746580268,2.66871726961001,3.49405838464892,3.29545499673397,9.79957081991125,TRUE,NA
"b",-3.38,-0.1402712084291,2.66428073115421,3.48991712207028,3.2907629649967,9.77967601191416,TRUE,NA
"b",-3.37,-0.140648613747465,2.65983545293243,3.48576893457271,3.28606437844769,9.75978203254908,TRUE,NA
"b",-3.36,-0.141027977138881,2.65538139796266,3.48161378793699,3.28135921325103,9.73988889033588,TRUE,NA
"b",-3.35,-0.141409313348921,2.65091852905554,3.4774516476921,3.27664744545531,9.71999659390182,TRUE,NA
"b",-3.34,-0.141792637266903,2.64644680881254,3.47328247911296,3.27192905099321,9.7001051519831,TRUE,NA
"b",-3.33,-0.142177963927605,2.64196619962425,3.46910624721803,3.26720400568102,9.6802145734266,TRUE,NA
"b",-3.32,-0.142565308512995,2.63747666366857,3.46492291676699,3.26247228521828,9.66032486719141,TRUE,NA
"b",-3.31,-0.142954686354012,2.63297816290891,3.46073245225835,3.25773386518725,9.64043604235057,TRUE,NA
"b",-3.3,-0.143346112932332,2.62847065909235,3.45653481792704,3.25298872105258,9.62054810809281,TRUE,NA
"b",-3.29,-0.143739603882201,2.62395411374785,3.45232997774197,3.24823682816082,9.60066107372421,TRUE,NA
"b",-3.28,-0.144135174992264,2.61942848818435,3.44811789540359,3.24347816174005,9.58077494867005,TRUE,NA
"b",-3.27,-0.144532842207445,2.61489374348893,3.44389853434139,3.23871269689947,9.56088974247656,TRUE,NA
"b",-3.26,-0.144932621630835,2.61034984052491,3.43967185771142,3.23394040862898,9.54100546481278,TRUE,NA
"b",-3.25,-0.145334529525616,2.60579673992995,3.43543782839371,3.2291612717988,9.52112212547243,TRUE,NA
"b",-3.24,-0.145738582317022,2.60123440211411,3.43119640898975,3.22437526115905,9.50123973437577,TRUE,NA
"b",-3.23,-0.146144796594313,2.59666278725793,3.42694756181992,3.21958235133942,9.48135830157159,TRUE,NA
"b",-3.22,-0.146553189112794,2.59208185531048,3.42269124892081,3.21478251684875,9.46147783723913,TRUE,NA
"b",-3.21,-0.146963776795855,2.58749156598734,3.41842743204266,3.20997573207471,9.4415983516901,TRUE,NA
"b",-3.2,-0.147376576737042,2.58289187876867,3.41415607264665,3.20516197128337,9.42171985537073,TRUE,NA
"b",-3.19,-0.147791606202174,2.57828275289714,3.40987713190222,3.20034120861892,9.40184235886382,TRUE,NA
"b",-3.18,-0.148208882631469,2.57366414737594,3.40559057068436,3.19551341810328,9.38196587289087,TRUE,NA
"b",-3.17,-0.148628423641724,2.56903602096671,3.40129634957085,3.19067857363578,9.36209040831422,TRUE,NA
"b",-3.16,-0.14905024702852,2.56439833218751,3.39699442883949,3.18583664899285,9.34221597613926,TRUE,NA
"b",-3.15,-0.149474370768464,2.5597510393107,3.39268476846531,3.18098761782768,9.32234258751662,TRUE,NA
"b",-3.14,-0.149900813021455,2.55509410036085,3.38836732811774,3.17613145366993,9.3024702537445,TRUE,NA
"b",-3.13,-0.150329592133018,2.55042747311263,3.38404206715773,3.1712681299254,9.28259898627088,TRUE,NA
"b",-3.12,-0.150760726636632,2.54575111508869,3.37970894463487,3.16639761987581,9.26272879669601,TRUE,NA
"b",-3.11,-0.151194235256129,2.54106498355747,3.37536791928452,3.16151989667845,9.24285969677469,TRUE,NA
"b",-3.1,-0.151630136908127,2.53636903553105,3.37101894952479,3.156634933366,9.22299169841878,TRUE,NA
"b",-3.09,-0.152068450704484,2.53166322776296,3.36666199345362,3.15174270284617,9.20312481369966,TRUE,NA
"b",-3.08,-0.152509195954812,2.52694751674597,3.36229700884577,3.14684317790158,9.18325905485078,TRUE,NA
"b",-3.07,-0.152952392169032,2.52222185870986,3.35792395314978,3.14193633118945,9.16339443427023,TRUE,NA
"b",-3.06,-0.153398059059959,2.51748620961919,3.35354278348489,3.1370221352414,9.14353096452336,TRUE,NA
"b",-3.05,-0.153846216545945,2.51274052517103,3.34915345663798,3.1321005624633,9.1236686583455,TRUE,NA
"b",-3.04,-0.154296884753561,2.50798476079266,3.34475592906043,3.127171585135,9.10380752864465,TRUE,NA
"b",-3.03,-0.154750084020321,2.50321887163933,3.34035015686496,3.12223517541026,9.0839475885043,TRUE,NA
"b",-3.02,-0.155205834897467,2.49844281259186,3.33593609582245,3.11729130531651,9.06408885118622,TRUE,NA
"b",-3.01,-0.155664158152788,2.49365653825442,3.33151370135876,3.11233994675475,9.04423133013341,TRUE,NA
"b",-3,-0.156125074773497,2.48886000295206,3.32708292855141,3.10738107149941,9.02437503897303,TRUE,NA
"b",-2.99,-0.156588605969165,2.48405316072842,3.32264373212637,3.10241465119829,9.00451999151936,TRUE,NA
"b",-2.98,-0.157054773174694,2.47923596534333,3.31819606645473,3.09744065737238,8.98466620177695,TRUE,NA
"b",-2.97,-0.157523598053358,2.4744083702704,3.31373988554933,3.0924590614159,8.96481368394367,TRUE,NA
"b",-2.96,-0.157995102499894,2.4695703286946,3.30927514306145,3.08746983459615,8.94496245241395,TRUE,NA
"b",-2.95,-0.158469308643652,2.4647217935098,3.30480179227733,3.08247294805355,8.925112521782,TRUE,NA
"b",-2.94,-0.158946238851806,2.45986271731637,3.30031978611481,3.07746837280159,8.90526390684514,TRUE,NA
"b",-2.93,-0.159425915732622,2.45499305241868,3.29582907711979,3.07245607972685,8.88541662260718,TRUE,NA
"b",-2.92,-0.1599083621388,2.45011275082258,3.2913296174628,3.06743603958902,8.86557068428191,TRUE,NA
"b",-2.91,-0.160393601170866,2.44522176423295,3.28682135893541,3.06240822302099,8.84572610729656,TRUE,NA
"b",-2.9,-0.160881656180646,2.44032004405115,3.28230425294668,3.05737260052887,8.82588290729542,TRUE,NA
"b",-2.89,-0.161372550774802,2.43540754137248,3.27777825051958,3.05232914249214,8.80604110014357,TRUE,NA
"b",-2.88,-0.161866308818441,2.43048420698364,3.27324330228736,3.04727781916375,8.78620070193051,TRUE,NA
"b",-2.87,-0.162362954438797,2.42554999136016,3.26869935848985,3.04221860067027,8.7663617289741,TRUE,NA
"b",-2.86,-0.162862512028997,2.42060484466379,3.26414636896979,3.03715145701208,8.74652419782439,TRUE,NA
"b",-2.85,-0.163365006251892,2.41564871673995,3.25958428316914,3.03207635806358,8.72668812526768,TRUE,NA
"b",-2.84,-0.163870462043987,2.41068155711506,3.25501305012522,3.02699327357339,8.70685352833051,TRUE,NA
"b",-2.83,-0.164378904619441,2.40570331499395,3.25043261846702,3.02190217316467,8.68702042428388,TRUE,NA
"b",-2.82,-0.164890359474167,2.40071393925719,3.24584293641131,3.01680302633535,8.66718883064752,TRUE,NA
"b",-2.81,-0.16540485239001,2.39571337845847,3.2412439517588,3.01169580245849,8.64735876519416,TRUE,NA
"b",-2.8,-0.165922409439033,2.39070158082186,3.23663561189025,3.00658047078265,8.62753024595406,TRUE,NA
"b",-2.79,-0.166443056987889,2.38567849423921,3.23201786376256,3.00145700043225,8.60770329121947,TRUE,NA
"b",-2.78,-0.166966821702298,2.3806440662674,3.22739065390476,2.99632536040801,8.58787791954937,TRUE,NA
"b",-2.77,-0.167493730551634,2.37559824412562,3.22275392841411,2.99118551958742,8.5680541497741,TRUE,NA
"b",-2.76,-0.168023810813605,2.3705409746927,3.21810763295198,2.98603744672524,8.54823200100032,TRUE,NA
"b",-2.75,-0.16855709007907,2.36547220450433,3.21345171273988,2.98088111045401,8.52841149261592,TRUE,NA
"b",-2.74,-0.169093596256948,2.36039187975035,3.20878611255533,2.97571647928466,8.5085926442951,TRUE,NA
"b",-2.73,-0.169633357579261,2.35529994627196,3.20411077672778,2.97054352160713,8.48877547600361,TRUE,NA
"b",-2.72,-0.170176402606304,2.350196349559,3.19942564913443,2.965362205691,8.46896000800402,TRUE,NA
"b",-2.71,-0.170722760231938,2.34508103474716,3.19473067319606,2.96017249968625,8.44914626086121,TRUE,NA
"b",-2.7,-0.171272459689027,2.33995394661517,3.19002579187286,2.95497437162396,8.42933425544793,TRUE,NA
"b",-2.69,-0.171825530555009,2.33481502958208,3.18531094766016,2.94976778941712,8.40952401295051,TRUE,NA
"b",-2.68,-0.172382002757622,2.3296642277044,3.18058608258418,2.94455272086152,8.38971555487473,TRUE,NA
"b",-2.67,-0.172941906580768,2.32450148467334,3.17585113819774,2.9393291336366,8.36990890305179,TRUE,NA
"b",-2.66,-0.173505272670553,2.31932674381202,3.17110605557591,2.93409699530642,8.35010407964448,TRUE,NA
"b",-2.65,-0.174072132041478,2.3141399480726,3.16635077531173,2.92885627332069,8.33030110715346,TRUE,NA
"b",-2.64,-0.174642516082815,2.30894104003354,3.16158523751178,2.92360693501579,8.31050000842374,TRUE,NA
"b",-2.63,-0.175216456565141,2.30372996189676,3.15680938179177,2.91834894761591,8.29070080665124,TRUE,NA
"b",-2.62,-0.175793985647078,2.29850665548481,3.15202314727218,2.91308227823425,8.27090352538969,TRUE,NA
"b",-2.61,-0.176375135882222,2.2932710622381,3.14722647257378,2.90780689387424,8.25110818855747,TRUE,NA
"b",-2.6,-0.176959940226258,2.28802312321206,3.14241929581312,2.90252276143085,8.23131482044488,TRUE,NA
"b",-2.59,-0.177548432044306,2.28276277907433,3.13760155459811,2.89722984769198,8.21152344572139,TRUE,NA
"b",-2.58,-0.178140645118472,2.277489970102,3.13277318602346,2.89192811933987,8.19173408944322,TRUE,NA
"b",-2.57,-0.178736613655626,2.27220463617877,3.12793412666616,2.88661754295266,8.17194677706108,TRUE,NA
"b",-2.56,-0.179336372295426,2.26690671679219,3.12308431258093,2.88129808500597,8.15216153442808,TRUE,NA
"b",-2.55,-0.179939956118576,2.26159615103088,3.11822367929568,2.87596971187451,8.13237838780796,TRUE,NA
"b",-2.54,-0.180547400655354,2.25627287758175,3.11335216180688,2.87063238983392,8.1125973638834,TRUE,NA
"b",-2.53,-0.181158741894393,2.25093683472727,3.108469694575,2.86528608506252,8.09281848976476,TRUE,NA
"b",-2.52,-0.181774016291751,2.24558796034271,3.10357621151989,2.85993076364327,8.07304179299883,TRUE,NA
"b",-2.51,-0.182393260780276,2.24022619189344,3.09867164601619,2.85456639156574,8.05326730157806,TRUE,NA
"b",-2.5,-0.183016512779255,2.23485146643224,3.09375593088868,2.84919293472822,8.03349504394988,TRUE,NA
"b",-2.49,-0.183643810204392,2.22946372059656,3.08882899840764,2.84381035893993,8.01372504902638,TRUE,NA
"b",-2.48,-0.184275191478117,2.22406289060595,3.08389078028428,2.83841862992327,7.9939573461943,TRUE,NA
"b",-2.47,-0.184910695540225,2.21864891225938,3.07894120766602,2.8330177133162,7.97419196532517,TRUE,NA
"b",-2.46,-0.185550361858885,2.21322172093265,3.07398021113195,2.82760757467481,7.95442893678596,TRUE,NA
"b",-2.45,-0.186194230442005,2.20778125157583,3.06900772068812,2.82218817947583,7.93466829144989,TRUE,NA
"b",-2.44,-0.186842341849,2.20232743871073,3.06402366576299,2.8167594931194,7.91491006070762,TRUE,NA
"b",-2.43,-0.18749473720295,2.19686021642839,3.05902797520278,2.81132148093189,7.8951542764788,TRUE,NA
"b",-2.42,-0.188151458203184,2.19137951838669,3.05402057726688,2.80587410816889,7.87540097122398,TRUE,NA
"b",-2.41,-0.188812547138301,2.18588527780784,3.0490013996233,2.80041734001822,7.85565017795685,TRUE,NA
"b",-2.4,-0.189478046899649,2.18037742747613,3.04397036934409,2.79495114160321,7.8359019302569,TRUE,NA
"b",-2.39,-0.190148000995262,2.17485589973556,3.03892741290079,2.78947547798604,7.8161562622825,TRUE,NA
"b",-2.38,-0.190822453564314,2.16932062648761,3.03387245615998,2.7839903141712,7.7964132087843,TRUE,NA
"b",-2.37,-0.19150144939207,2.16377153918906,3.02880542437877,2.77849561510915,7.77667280511927,TRUE,NA
"b",-2.36,-0.192185033925376,2.15820856884986,3.02372624220036,2.7729913457001,7.7569350872649,TRUE,NA
"b",-2.35,-0.192873253288708,2.15263164603107,3.01863483364969,2.76747747079797,7.73720009183417,TRUE,NA
"b",-2.34,-0.193566154300793,2.14704070084293,3.01353112212908,2.76195395521449,7.7174678560908,TRUE,NA
"b",-2.33,-0.194263784491843,2.1414356629429,3.00841503041391,2.75642076372347,7.69773841796509,TRUE,NA
"b",-2.32,-0.194966192121398,2.13581646153388,3.00328648064844,2.75087786106525,7.67801181607032,TRUE,NA
"b",-2.31,-0.195673426196838,2.13018302536248,2.99814539434161,2.74532521195136,7.65828808971961,TRUE,NA
"b",-2.3,-0.196385536492558,2.12453528271742,2.99299169236297,2.73976278106933,7.63856727894347,TRUE,NA
"b",-2.29,-0.197102573569854,2.11887316142798,2.98782529493864,2.7341905330877,7.61884942450786,TRUE,NA
"b",-2.28,-0.19782458879753,2.11319658886259,2.9826461216474,2.72860843266125,7.59913456793291,TRUE,NA
"b",-2.27,-0.198551634373279,2.10750549192756,2.97745409141682,2.72301644443644,7.5794227515123,TRUE,NA
"b",-2.26,-0.199283763345831,2.10179979706589,2.97224912251954,2.71741453305706,7.55971401833327,TRUE,NA
"b",-2.25,-0.200021029637937,2.09607943025621,2.96703113256966,2.71180266317012,7.54000841229742,TRUE,NA
"b",-2.24,-0.200763488070187,2.09034431701193,2.96180003851916,2.70618079943194,7.5203059781421,TRUE,NA
"b",-2.23,-0.201511194385717,2.08459438238042,2.95655575665459,2.70054890651451,7.50060676146276,TRUE,NA
"b",-2.22,-0.202264205275823,2.07882955094248,2.95129820259374,2.69490694911216,7.48091080873586,TRUE,NA
"b",-2.21,-0.203022578406522,2.07304974681182,2.94602729128256,2.68925489194835,7.46121816734283,TRUE,NA
"b",-2.2,-0.203786372446093,2.06725489363489,2.94074293699222,2.68359269978289,7.44152888559474,TRUE,NA
"b",-2.19,-0.20455564709363,2.06144491459071,2.9354450533163,2.67792033741935,7.4218430127579,TRUE,NA
"b",-2.18,-0.205330463108649,2.05561973239108,2.93013355316817,2.67223776971277,7.40216059908041,TRUE,NA
"b",-2.17,-0.206110882341777,2.04977926928079,2.92480834877858,2.66654496157773,7.3824816958197,TRUE,NA
"b",-2.16,-0.206896967766571,2.04392344703826,2.91946935169344,2.66084187799666,7.362806355271,TRUE,NA
"b",-2.15,-0.207688783512492,2.03805218697621,2.91411647277179,2.65512848402855,7.3431346307969,TRUE,NA
"b",-2.14,-0.208486394899087,2.03216540994273,2.90874962218406,2.64940474481795,7.32346657685802,TRUE,NA
"b",-2.13,-0.209289868471407,2.02626303632248,2.90336870941049,2.64367062560433,7.30380224904478,TRUE,NA
"b",-2.12,-0.210099272036706,2.02034498603824,2.89797364323988,2.63792609173188,7.28414170411036,TRUE,NA
"b",-2.11,-0.210914674702459,2.01441117855268,2.89256433176859,2.63217110865954,7.26448500000484,TRUE,NA
"b",-2.1,-0.211736146915752,2.00846153287047,2.8871406823998,2.62640564197159,7.24483219591072,TRUE,NA
"b",-2.09,-0.212563760504059,2.00249596754064,2.88170260184311,2.62062965738854,7.22518335227963,TRUE,NA
"b",-2.08,-0.213397588717479,1.99651440065932,2.8762499961145,2.61484312077847,7.20553853087043,TRUE,NA
"b",-2.07,-0.214237706272454,1.9905167498728,2.8707827705365,2.60904599816883,7.18589779478888,TRUE,NA
"b",-2.06,-0.215084189397024,1.98450293238092,2.86530082973891,2.60323825575871,7.16626120852857,TRUE,NA
"b",-2.05,-0.215937115877641,1.97847286494089,2.85980407765974,2.5974198599315,7.14662883801356,TRUE,NA
"b",-2.04,-0.216796565107616,1.97242646387141,2.85429241754664,2.59159077726814,7.12700075064246,TRUE,NA
"b",-2.03,-0.217662618137215,1.9663636450573,2.84876575195875,2.58575097456083,7.10737701533435,TRUE,NA
"b",-2.02,-0.218535357725453,1.96028432395451,2.84322398276896,2.57990041882726,7.08775770257619,TRUE,NA
"b",-2.01,-0.219414868393637,1.95418841559557,2.83766701116667,2.57403907732539,7.06814288447219,TRUE,NA
"b",-2,-0.220301236480696,1.94807583459552,2.83209473766106,2.56816691756884,7.04853263479492,TRUE,NA
"b",-1.99,-0.22119455020032,1.94194649515835,2.82650706208484,2.56228390734278,7.02892702903832,TRUE,NA
"b",-1.98,-0.222094899699987,1.93580031108395,2.82090388359858,2.5563900147205,7.00932614447275,TRUE,NA
"b",-1.97,-0.223002377121875,1.92963719577556,2.81528510069561,2.55048520808059,6.989730060202,TRUE,NA
"b",-1.96,-0.223917076665725,1.92345706224784,2.80965061120754,2.54456945612471,6.97013885722253,TRUE,NA
"b",-1.95,-0.224839094653688,1.91725982313548,2.80400031231037,2.53864272789614,6.95055261848469,TRUE,NA
"b",-1.94,-0.225768529597172,1.91104539070245,2.79833410053131,2.53270499279893,6.93097142895647,TRUE,NA
"b",-1.93,-0.226705482265754,1.90481367685188,2.79265187175625,2.52675622061783,6.91139537568935,TRUE,NA
"b",-1.92,-0.227650055758147,1.8985645931366,2.78695352123803,2.52079638153888,6.89182454788668,TRUE,NA
"b",-1.91,-0.228602355575303,1.89229805077038,2.7812389436054,2.51482544617092,6.87225903697458,TRUE,NA
"b",-1.9,-0.229562489695626,1.88601396063993,2.7755080328728,2.50884338556771,6.85269893667525,TRUE,NA
"b",-1.89,-0.230530568652351,1.87971223331756,2.769760682451,2.50285017125101,6.83314434308318,TRUE,NA
"b",-1.88,-0.231506705613104,1.87339277907475,2.7639967851586,2.49684577523443,6.81359535474383,TRUE,NA
"b",-1.87,-0.232491016461639,1.86705550789642,2.75821623323438,2.4908301700482,6.79405207273537,TRUE,NA
"b",-1.86,-0.233483619881806,1.86070032949616,2.75241891835072,2.48480332876483,6.77451460075311,TRUE,NA
"b",-1.85,-0.234484637443713,1.85432715333221,2.74660473162786,2.47876522502565,6.75498304519711,TRUE,NA
"b",-1.84,-0.235494193692113,1.84793588862451,2.74077356364935,2.4727158330684,6.7354575152627,TRUE,NA
"b",-1.83,-0.236512416237011,1.84152644437259,2.7349253044784,2.46665512775576,6.71593812303427,TRUE,NA
"b",-1.82,-0.237539435846478,1.8350987293745,2.72905984367552,2.46058308460486,6.69642498358226,TRUE,NA
"b",-1.81,-0.238575386541665,1.82865265224672,2.7231770703172,2.45449967981795,6.6769182150635,TRUE,NA
"b",-1.8,-0.239620405693998,1.82218812144524,2.71727687301583,2.44840489031402,6.65741793882496,TRUE,NA
"b",-1.79,-0.240674634124522,1.8157050452876,2.71135913994092,2.44229869376164,6.63792427951097,TRUE,NA
"b",-1.78,-0.241738216205368,1.80920333197617,2.70542375884154,2.4361810686129,6.61843736517416,TRUE,NA
"b",-1.77,-0.242811299963306,1.80268288962262,2.69947061707022,2.43005199413852,6.59895732738987,TRUE,NA
"b",-1.76,-0.243894037185321,1.79614362627352,2.69349960160812,2.42391145046417,6.57948430137455,TRUE,NA
"b",-1.75,-0.244986583526169,1.78958544993731,2.68751059909181,2.41775941860806,6.56001842610782,TRUE,NA
"b",-1.74,-0.246089098617843,1.78300826861251,2.6815034958414,2.41159588051976,6.54055984445854,TRUE,NA
"b",-1.73,-0.247201746180857,1.77641199031733,2.67547817789034,2.4054208191204,6.52110870331487,TRUE,NA
"b",-1.72,-0.248324694137288,1.76979652312061,2.66943453101679,2.3992342183441,6.50166515371838,TRUE,NA
"b",-1.71,-0.249458114725456,1.76316177517428,2.66337244077664,2.39303606318087,6.48222935100238,TRUE,NA
"b",-1.7,-0.250602184616139,1.75650765474718,2.65729179253831,2.38682633972088,6.46280145493438,TRUE,NA
"b",-1.69,-0.2517570850302,1.74983407026058,2.65119247151924,2.38060503520017,6.44338162986291,TRUE,NA
"b",-1.68,-0.252923001857498,1.74314093032507,2.64507436282429,2.37437213804778,6.42397004486861,TRUE,NA
"b",-1.67,-0.254100125776925,1.73642814377925,2.63893735148597,2.3681276379345,6.40456687391985,TRUE,NA
"b",-1.66,-0.255288652377408,1.72969561972992,2.63278132250668,2.36187152582304,6.38517229603267,TRUE,NA
"b",-1.65,-0.256488782279711,1.72294326759409,2.62660616090286,2.35560379401979,6.36578649543533,TRUE,NA
"b",-1.64,-0.257700721258829,1.71617099714272,2.62041175175128,2.34932443622821,6.34640966173732,TRUE,NA
"b",-1.63,-0.258924680366782,1.70937871854615,2.6141979802374,2.34303344760379,6.32704199010304,TRUE,NA
"b",-1.62,-0.260160876055564,1.70256634242153,2.6079647317059,2.33673082481072,6.30768368143,TRUE,NA
"b",-1.61,-0.261409530300041,1.69573377988198,2.60171189171344,2.33041656608015,6.28833494253169,TRUE,NA
"b",-1.6,-0.262670870720503,1.68888094258777,2.59543934608367,2.32409067127021,6.26899598632506,TRUE,NA
"b",-1.59,-0.263945130704618,1.68200774279943,2.58914698096467,2.31775314192777,6.24966703202268,TRUE,NA
"b",-1.58,-0.265232549528498,1.67511409343285,2.58283468288858,2.31140398135186,6.23034830532938,TRUE,NA
"b",-1.57,-0.266533372476533,1.66819990811644,2.57650233883391,2.30504319465893,6.21104003864371,TRUE,NA
"b",-1.56,-0.26784785095972,1.66126510125036,2.57014983629009,2.29867078884988,6.19174247126374,TRUE,NA
"b",-1.55,-0.269176242632072,1.65430958806789,2.56377706332475,2.29228677287885,6.17245584959752,TRUE,NA
"b",-1.54,-0.270518811504792,1.6473332846989,2.55738390865344,2.28589115772384,6.15318042737796,TRUE,NA
"b",-1.53,-0.27187582805779,1.64033610823559,2.55097026171204,2.27948395645919,6.13391646588211,TRUE,NA
"b",-1.52,-0.273247569348157,1.63331797680032,2.54453601273181,2.27306518432979,6.11466423415467,TRUE,NA
"b",-1.51,-0.274634319115153,1.6262788096158,2.53808105281717,2.26663485882723,6.09542400923584,TRUE,NA
"b",-1.5,NA,NA,NA,NA,NA,FALSE,"Degenerate case |a_{i,1}| ~= 0 detected; the cubic fallback is not implemented."
"b",-1.49,-0.277454013048953,1.61213705082822,2.52510856945368,2.25373962937183,6.05698072935697,TRUE,NA
"b",-1.48,-0.278887558992315,1.60503430383523,2.51859083331728,2.24727477234595,6.03777827056069,TRUE,NA
"b",-1.47,-0.280337317143656,1.59791021046962,2.51205196104689,2.2407984559661,6.0185890113833,TRUE,NA
"b",-1.46,-0.281803606073955,1.59076469658774,2.50549184937548,2.23431071016261,5.99941327239629,TRUE,NA
"b",-1.45,-0.283286751566988,1.58359768961532,2.49891039643416,2.22781156760731,5.98025138361337,TRUE,NA
"b",-1.44,-0.284787086686441,1.57640911863378,2.49230750184948,2.22130106380229,5.96110368474335,TRUE,NA
"b",-1.43,-0.286304951835489,1.56919891446887,2.48568306684376,2.21477923717019,5.94197052544552,TRUE,NA
"b",-1.42,-0.287840694808224,1.56196700978166,2.47903699433819,2.20824612914645,5.92285226558768,TRUE,NA
"b",-1.41,-0.289394670832374,1.55471333916188,2.47236918905885,2.20170178427293,5.90374927550618,TRUE,NA
"b",-1.4,-0.290967242602672,1.54743783922347,2.46567955764556,2.19514625029335,5.8846619362678,TRUE,NA
"b",-1.39,-0.292558780304293,1.54014044870253,2.45896800876356,2.18857957825015,5.86559063993314,TRUE,NA
"b",-1.38,-0.294169661625708,1.53282110855743,2.45223445321798,2.18200182258284,5.84653578982098,TRUE,NA
"b",-1.37,-0.295800271760348,1.52547976207116,2.44547880407106,2.17541304122778,5.8274978007735,TRUE,NA
"b",-1.36,-0.297451003396441,1.51811635495584,2.43870097676211,2.16881329571935,5.80847709942155,TRUE,NA
"b",-1.35,-0.299122256694375,1.5107308354594,2.43190088923014,2.16220265129225,5.78947412444993,TRUE,NA
"b",-1.34,-0.300814439250981,1.50332315447425,2.42507846203908,2.15558117698511,5.77048932686188,TRUE,NA
"b",-1.33,-0.302527966050093,1.49589326564799,2.41823361850554,2.14894894574508,5.7515231702424,TRUE,NA
"b",-1.32,-0.304263259398763,1.48844112549606,2.41136628482902,2.1423060345334,5.73257613101996,TRUE,NA
"b",-1.31,-0.306020748848541,1.4809666935162,2.40447639022457,2.13565252443191,5.71364869872582,TRUE,NA
"b",-1.3,-0.307800871101197,1.47346993230471,2.39756386705763,2.12898850075015,5.69474137625066,TRUE,NA
"b",-1.29,-0.309604069898338,1.46595080767437,2.3906286509811,2.12231405313322,5.67585468009761,TRUE,NA
"b",-1.28,-0.311430795894332,1.45840928877391,2.38367068107446,2.11562927566998,5.65698914063138,TRUE,NA
"b",-1.27,-0.31328150651203,1.4508453482089,2.37668989998484,2.10893426700167,5.63814530232245,TRUE,NA
"b",-1.26,-0.315156665780769,1.44325896216404,2.36968625406982,2.10222913043067,5.61932372398605,TRUE,NA
"b",-1.25,-0.317056744156179,1.43565011052661,2.36265969354197,2.09551397402925,5.60052497901492,TRUE,NA
"b",-1.24,-0.318982218321371,1.42801877701094,2.35561017261482,2.08878891074816,5.58174965560522,TRUE,NA
"b",-1.23,-0.320933570969097,1.42036494928389,2.34853764965016,2.08205405852494,5.56299835697498,TRUE,NA
"b",-1.22,-0.322911290564534,1.41268861909096,2.34144208730653,2.0753095403916,5.54427170157405,TRUE,NA
"b",-1.21,-0.324915871088382,1.40498978238313,2.33432345268857,2.06855548458164,5.52557032328512,TRUE,NA
"b",-1.2,-0.326947811760039,1.39726843944399,2.3271817174973,2.06179202463615,5.50689487161468,TRUE,NA
"b",-1.19,-0.329007616740631,1.38952459501722,2.32001685818074,2.05501929950873,5.48824601187335,TRUE,NA
"b",-1.18,-0.331095794815792,1.38175825843402,2.31282885608501,2.04823745366904,5.4696244253447,TRUE,NA
"b",-1.17,-0.333212859058089,1.37396944374045,2.30561769760552,2.04144663720482,5.45103080944166,TRUE,NA
"b",-1.16,-0.335359326469115,1.36615816982444,2.29838337433798,2.03464700592205,5.43246587784982,TRUE,NA
"b",-1.15,-0.337535717601305,1.35832446054212,2.29112588322898,2.027838721443,5.41393036065662,TRUE,NA
"b",-1.14,-0.339742556159599,1.35046834484353,2.28384522672612,2.02102195130209,5.39542500446586,TRUE,NA
"b",-1.13,-0.341980368583203,1.34258985689712,2.27654141292701,2.01419686903905,5.3769505724963,TRUE,NA
"b",-1.12,-0.344249683607708,1.33468903621323,2.26921445572729,2.00736365428937,5.35850784466401,TRUE,NA
"b",-1.11,-0.346551031807972,1.32676592776588,2.26186437496712,2.00052249287157,5.34009761764717,TRUE,NA
"b",-1.1,-0.348884945122201,1.318820582113,2.25449119657594,1.99367357687121,5.32172070493291,TRUE,NA
"b",-1.09,-0.351251956357794,1.31085305551459,2.2470949527152,1.98681710472125,5.30337793684517,TRUE,NA
"b",-1.08,-0.353652598679578,1.30286341004868,2.23967568191886,1.97995328127845,5.28507016055281,TRUE,NA
"b",-1.07,-0.356087405081135,1.29485171372487,2.23223342923123,1.97308231789572,5.26679824005741,TRUE,NA
"b",-1.06,-0.358556907840038,1.28681804059516,2.22476824634189,1.96620443248992,5.2485630561598,TRUE,NA
"b",-1.05,-0.361061637957882,1.27876247086162,2.2172801917174,1.95931984960501,5.23036550640482,TRUE,NA
"b",-1.04,-0.363602124586078,1.27068509098105,2.20976933072956,1.9524288004702,5.2122065050035,TRUE,NA
"b",-1.03,-0.366178894438459,1.26258599376604,2.20223573577984,1.94553152305276,5.19408698273217,TRUE,NA
"b",-1.02,-0.368792471191838,1.25446527848231,2.19467948641966,1.93862826210541,5.17600788680777,TRUE,NA
"b",-1.01,-0.371443374875728,1.24632305094194,2.18710066946624,1.93171926920778,5.15797018073906,TRUE,NA
"b",-1,-0.374132121252504,1.23815942359251,2.17949937911383,1.92480480280184,5.13997484415289,TRUE,NA
"b",-0.989999999999998,-0.376859221189365,1.2299745156017,2.17187571703988,1.91788512822105,5.12202287259544,TRUE,NA
"b",-0.98,-0.379625180023506,1.22176845293699,2.16422979250593,1.91096051771281,5.10411527730787,TRUE,NA
"b",-0.969999999999999,-0.382430496921989,1.21354136844066,2.15656172245295,1.90403125045418,5.08625308497598,TRUE,NA
"b",-0.960000000000001,-0.385275664237827,1.20529340189935,2.14887163159076,1.89709761256043,5.06843733745389,TRUE,NA
"b",-0.949999999999999,-0.388161166863891,1.19702470010827,2.14115965248144,1.8901598970863,5.05066909146112,TRUE,NA
"b",-0.940000000000001,-0.391087481586208,1.18873541692984,2.1334259256164,1.88321840401984,5.03294941825343,TRUE,NA
"b",-0.93,-0.394055076438374,1.18042571334634,2.12567059948668,1.87627344026831,5.01527940326684,TRUE,NA
"b",-0.919999999999998,-0.397064410058684,1.1720957575067,2.11789383064661,1.86932531963629,4.99766014573524,TRUE,NA
"b",-0.91,-0.400115931051746,1.16374572476684,2.11009578377024,1.86237436279562,4.9800927582814,TRUE,NA
"b",-0.899999999999999,-0.403210077356244,1.15537579772389,2.10227663170059,1.85542089724699,4.96257836648162,TRUE,NA
"b",-0.890000000000001,-0.406347275620587,1.14698616624356,2.09443655549147,1.84846525727309,4.94511810840427,TRUE,NA
"b",-0.879999999999999,-0.409527940588131,1.13857702748109,2.08657574444154,1.84150778388318,4.92771313412235,TRUE,NA
"b",-0.870000000000001,-0.412752474493678,1.13014858589516,2.07869439612065,1.83454882474887,4.91036460520065,TRUE,NA
"b",-0.859999999999999,-0.416021266472945,1.12170105325481,2.07079271638829,1.82758873413101,4.89307369415775,TRUE,NA
"b",-0.849999999999998,-0.41933469198656,1.11323464863961,2.0628709194037,1.82062787279764,4.87584158390346,TRUE,NA
"b",-0.84,-0.422693112260288,1.10474959843237,2.05492922762812,1.81366660793302,4.85866946715229,TRUE,NA
"b",-0.829999999999998,-0.426096873742979,1.09624613630468,2.0469678718186,1.80670531303726,4.84155854581354,TRUE,NA
"b",-0.82,-0.429546307583744,1.08772450319522,2.03898709101321,1.7997443678171,4.82451003035883,TRUE,NA
"b",-0.809999999999999,-0.433041729129786,1.07918494728083,2.03098713250842,1.79278415806722,4.80752513916772,TRUE,NA
"b",-0.800000000000001,-0.436583437446265,1.07062772394012,2.02296825182734,1.78582507554263,4.7906050978524,TRUE,NA
"b",-0.789999999999999,-0.440171714859527,1.06205309570954,2.01493071267977,1.77886751782158,4.77375113856238,TRUE,NA
"b",-0.780000000000001,-0.443806826524782,1.05346133223253,2.00687478691405,1.77191188815953,4.75696449927001,TRUE,NA
"b",-0.77,-0.447489020019514,1.04485271020084,1.99880075445982,1.76495859533389,4.74024642303803,TRUE,NA
"b",-0.759999999999998,-0.451218524963502,1.03622751328895,1.99070890326275,1.7580080534796,4.72359815727024,TRUE,NA
"b",-0.75,-0.454995552666511,1.02758603208091,1.98259952921105,1.75106068191594,4.70702095294631,TRUE,NA
"b",-0.739999999999998,-0.458820295804327,1.01892856399043,1.97447293605316,1.74411690496442,4.69051606384198,TRUE,NA
"b",-0.73,-0.462692928124108,1.01025541317314,1.96632943530702,1.73717715175775,4.67408474573607,TRUE,NA
"b",-0.719999999999999,-0.466613604179387,1.00156689043261,1.95816934616281,1.73024185604016,4.65772825560529,TRUE,NA
"b",-0.710000000000001,-0.470582459095441,0.992863313118994,1.94999299537503,1.72331145595979,4.64144785080833,TRUE,NA
"b",-0.699999999999999,-0.47459960836532,0.984145005021372,1.94180071714979,1.71638639385203,4.62524478826053,TRUE,NA
"b",-0.690000000000001,-0.478665147677052,0.975412296252329,1.93359285302108,1.70946711601528,4.60912032360071,TRUE,NA
"b",-0.68,-0.482779152771722,0.966665523127988,1.92536975172175,1.70255407247883,4.59307571035099,TRUE,NA
"b",-0.669999999999998,-0.486941679333222,0.957905028039435,1.91713176904784,1.69564771676279,4.57711219907187,TRUE,NA
"b",-0.66,-0.491152762908939,0.949131159319843,1.90887926771315,1.68874850563064,4.5612310365131,TRUE,NA
"b",-0.649999999999999,-0.495412418861604,0.940344271105312,1.90061261719645,1.68185689883553,4.54543346476232,TRUE,NA
"b",-0.640000000000001,-0.499720642352421,0.931544723188047,1.89233219358638,1.67497335885795,4.52972072039313,TRUE,NA
"b",-0.629999999999999,-0.504077408354091,0.922732880867444,1.88403837941656,1.66809835063884,4.51409403361299,TRUE,NA
"b",-0.620000000000001,-0.508482671694902,0.913909114791258,1.87573156349391,1.66123234130504,4.498554627414,TRUE,NA
"b",-0.609999999999999,-0.512936367131432,0.905073800796773,1.86741214071965,1.6543757998887,4.48310371672601,TRUE,NA
"b",-0.599999999999998,-0.517438409451366,0.896227319741991,1.85908051190944,1.64752919704279,4.46774250757557,TRUE,NA
"b",-0.59,-0.521988693602972,0.887370057340023,1.85073708360921,1.64069300475107,4.45247219624935,TRUE,NA
"b",-0.579999999999998,-0.526587094855714,0.87850240397339,1.84238226789034,1.6338676960277,4.43729396846859,TRUE,NA
"b",-0.57,-0.531233468983126,0.869624754524593,1.8340164821567,1.62705374462426,4.42220899856784,TRUE,NA
"b",-0.559999999999999,-0.535927652475815,0.860737508184012,1.8256401489508,1.62025162471716,4.40721844868825,TRUE,NA
"b",-0.550000000000001,-0.540669462774429,0.8518410682766,1.81725369572936,1.61346181061344,4.39232346797679,TRUE,NA
"b",-0.539999999999999,-0.545458698534333,0.8429358420512,1.80885755465713,1.60668477642218,4.37752519180677,TRUE,NA
"b",-0.530000000000001,-0.550295139908518,0.834022240488946,1.8004521624201,1.5999209957412,4.36282474100694,TRUE,NA
"b",-0.52,-0.555178548840286,0.825100678155818,1.79203796006267,1.59317094140721,4.34822322109241,TRUE,NA
"b",-0.509999999999998,-0.560108669395747,0.816171572974282,1.78361539163267,1.58643508493706,4.33372172153227,TRUE,NA
"b",-0.5,NA,NA,NA,NA,NA,FALSE,"Degenerate case |a_{i,1}| ~= 0 detected; the cubic fallback is not implemented."
"b",-0.489999999999998,-0.570107934536655,0.798292420608582,1.76674695858472,1.57300784522658,4.30502305702165,TRUE,NA
"b",-0.48,-0.575176481111277,0.789343224084286,1.75830200317261,1.5663173959591,4.29082798442355,TRUE,NA
"b",-0.469999999999999,-0.580290544019241,0.780388185778198,1.74985049753727,1.55964301388311,4.27673711547814,TRUE,NA
"b",-0.460000000000001,-0.585449783621222,0.771427736800793,1.74139290410834,1.55298515963904,4.26275144914214,TRUE,NA
"b",-0.449999999999999,-0.590653844590621,0.762462310896031,1.73292968771404,1.5463442913345,4.24887196412968,TRUE,NA
"b",-0.440000000000001,-0.595902356532093,0.753492343564074,1.72446131508509,1.53972086365045,4.2350996185205,TRUE,NA
"b",-0.43,-0.601194934389118,0.744518272007692,1.71598825536535,1.53311532760276,4.22143534913514,TRUE,NA
"b",-0.419999999999998,-0.606531178920073,0.735540534866798,1.70751097953664,1.52652813014384,4.20788007100218,TRUE,NA
"b",-0.41,-0.611910677158702,0.72655957204011,1.69902996030992,1.51995971391178,4.19443467682084,TRUE,NA
"b",-0.399999999999999,-0.61733300289307,0.717575824469555,1.69054567186055,1.51341051690915,4.18110003646099,TRUE,NA
"b",-0.390000000000001,-0.62279771715479,0.708589733914006,1.68205858957061,1.50688097218297,4.16787699649323,TRUE,NA
"b",-0.379999999999999,-0.628304368705418,0.699601742752569,1.67356918980762,1.50037150754271,4.15476637973432,TRUE,NA
"b",-0.370000000000001,-0.633852494535369,0.690612293762707,1.66507794967426,1.49388254525208,4.14176898482873,TRUE,NA
"b",-0.359999999999999,-0.639441620362502,0.681621829912861,1.65658534676734,1.48741450173993,4.12888558585183,TRUE,NA
"b",-0.349999999999998,-0.645071261134242,0.672630794153576,1.64809185894497,1.48096778731725,4.11611693194133,TRUE,NA
"b",-0.34,-0.650740921532665,0.663639629206258,1.6395979640847,1.47454280589402,4.10346374695719,TRUE,NA
"b",-0.329999999999998,-0.656450096478718,0.65464877735909,1.63110413984603,1.46813995470916,4.09092672916693,TRUE,NA
"b",-0.32,-0.662198271637254,0.645658680261885,1.62261086344145,1.46175962406442,4.07850655095938,TRUE,NA
"b",-0.309999999999999,-0.667984923921769,0.636669778721293,1.61411861139753,1.45540219706408,4.06620385858678,TRUE,NA
"b",-0.300000000000001,-0.673809521996198,0.627682512501904,1.6056278593296,1.44906804936721,4.05401927193276,TRUE,NA
"b",-0.289999999999999,-0.679671526775607,0.618697320125631,1.59713908170874,1.44275754894331,4.04195338430949,TRUE,NA
"b",-0.280000000000001,-0.685570391922416,0.609714638677366,1.58865275164021,1.43647105584125,4.03000676228067,TRUE,NA
"b",-0.27,-0.691505564339626,0.600734903610665,1.58016934063775,1.43020892196416,4.01817994551267,TRUE,NA
"b",-0.259999999999998,-0.697476484659356,0.591758548556716,1.57168931840417,1.42397149085457,4.00647344665278,TRUE,NA
"b",-0.25,-0.703482587725729,0.58278600513765,1.56321315261421,1.41775909749069,3.9948877512333,TRUE,NA
"b",-0.239999999999998,-0.709523303072607,0.573817702781357,1.55474130870116,1.41157206809168,3.98342331760307,TRUE,NA
"b",-0.23,-0.715598055394677,0.564854068540525,1.54627424964614,1.40541071993371,3.97208057688465,TRUE,NA
"b",-0.219999999999999,-0.721706265011739,0.555895526915198,1.5378124357717,1.39927536117732,3.9608599329572,TRUE,NA
"b",-0.210000000000001,-0.727847348325991,0.546942499678126,1.52935632453867,1.39316629070558,3.94976176246518,TRUE,NA
"b",-0.199999999999999,-0.734020718271215,0.53799540570493,1.52090637034761,1.38708379797361,3.93878641485139,TRUE,NA
"b",-0.190000000000001,-0.740225784754096,0.529054660807435,1.51246302434366,1.38102816287001,3.92793421241482,TRUE,NA
"b",-0.18,-0.746461955087077,0.520120677570982,1.50402673422655,1.37499965558993,3.91720545039243,TRUE,NA
"b",-0.169999999999998,-0.752728634412174,0.511193865196391,1.49559794406413,1.36899853652017,3.90660039706402,TRUE,NA
"b",-0.16,-0.759025226115978,0.50227462934534,1.48717709411092,1.36302505613642,3.89611929388041,TRUE,NA
"b",-0.149999999999999,-0.76535113223489,0.493363371991067,1.47876462063149,1.35707945491316,3.88576235561323,TRUE,NA
"b",-0.140000000000001,-0.771705753851098,0.484460491272448,1.4703609557283,1.35116196324539,3.8755297705269,TRUE,NA
"b",-0.129999999999999,-0.778088491478373,0.475566381353483,1.46196652717479,1.34527280138336,3.86542170057109,TRUE,NA
"b",-0.120000000000001,-0.784498745438005,0.466681432286857,1.45358175825323,1.33941217937952,3.85543828159381,TRUE,NA
"b",-0.109999999999999,-0.790935916224516,0.457806029882278,1.4452070675978,1.33358029704806,3.84557962357392,TRUE,NA
"b",-0.0999999999999979,-0.797399404860896,0.448940555579868,1.4368428690434,1.32777734393707,3.83584581087251,TRUE,NA
"b",-0.0899999999999999,-0.803888613243548,0.440085386327954,1.42848957147884,1.32200349931303,3.82623690250264,TRUE,NA
"b",-0.0799999999999983,-0.810402944476552,0.431240894466101,1.42014757870656,1.3162589321579,3.81675293241627,TRUE,NA
"b",-0.0700000000000003,-0.816941803195386,0.422407447612857,1.41181728930693,1.31054380117819,3.80739390980813,TRUE,NA
"b",-0.0599999999999987,-0.823504595879943,0.413585408558606,1.40349909650875,1.30485825482648,3.79815981943539,TRUE,NA
"b",-0.0500000000000007,-0.83009073115682,0.404775135163463,1.39519338806514,1.29920243133487,3.78905062195247,TRUE,NA
"b",-0.0399999999999991,-0.83669962009098,0.395976980260112,1.3869005461351,1.29357645876006,3.78006625426039,TRUE,NA
"b",-0.0300000000000011,-0.843330676466626,0.387191291561846,1.37862094717101,1.28798045504024,3.77120662986967,TRUE,NA
"b",-0.0199999999999996,-0.84998331705745,0.378418411575667,1.37035496181157,1.28241452806322,3.76247163927599,TRUE,NA
"b",-0.00999999999999801,-0.856656961886243,0.369658677520448,1.36210295478097,1.27687877574556,3.75386115034817,TRUE,NA
"b",0,-0.863351034473867,0.360912421250349,1.35386528479363,1.2713732861227,3.74537500872711,TRUE,NA
"b",0.0100000000000016,-0.87006496207781,0.352179969183166,1.3456423044648,1.26589813744923,3.73701303823547,TRUE,NA
"b",0.0199999999999996,-0.876798175920193,0.343461642233996,1.3374343602274,1.26045339830957,3.72877504129699,TRUE,NA
"b",0.0300000000000011,-0.883550111405567,0.334757755753747,1.32924179225392,1.2550391277382,3.7206607993648,TRUE,NA
"b",0.0399999999999991,-0.890320208328362,0.326068619472941,1.32106493438514,1.24965537534937,3.71267007335788,TRUE,NA
"b",0.0500000000000007,-0.897107911070303,0.317394537450409,1.31290411406403,1.2443021814757,3.70480260410494,TRUE,NA
"b",0.0599999999999987,-0.903912668787809,0.308735808027022,1.30475965227565,1.23897957731539,3.69705811279512,TRUE,NA
"b",0.0700000000000003,-0.910733935589549,0.300092723784377,1.29663186349297,1.23368758508751,3.68943630143445,TRUE,NA
"b",0.0800000000000018,-0.917571170704285,0.291465571508395,1.28852105562821,1.22842621819499,3.68193685330765,TRUE,NA
"b",0.0899999999999999,-0.92442383863919,0.282854632157741,1.28042752999011,1.22319548139479,3.67455943344444,TRUE,NA
"b",0.100000000000001,-0.931291409328754,0.274260180837047,1.27235158124665,1.21799537097481,3.66730368908956,TRUE,NA
"b",0.109999999999999,-0.938173358274495,0.265682486774822,1.26429349739344,1.21282587493714,3.66016925017607,TRUE,NA
"b",0.120000000000001,-0.945069166675607,0.257121813306037,1.25625355972767,1.20768697318701,3.65315572980095,TRUE,NA
"b",0.129999999999999,-0.951978321550745,0.248578417859271,1.24823204282747,1.2025786377271,3.64626272470261,TRUE,NA
"b",0.140000000000001,-0.958900315851164,0.240052551948278,1.24022921453654,1.19750083285663,3.63948981573949,TRUE,NA
"b",0.150000000000002,-0.965834648565329,0.231544461168012,1.23224533595417,1.19245351537482,3.63283656836934,TRUE,NA
"b",0.16,-0.97278082481527,0.223054385194887,1.22428066143038,1.18743663478809,3.62630253312831,TRUE,NA
"b",0.170000000000002,-0.979738355944817,0.214582557791302,1.21633543856618,1.18245013352074,3.61988724610948,TRUE,NA
"b",0.18,-0.986706759599984,0.206129206814133,1.20840990821867,1.17749394712837,3.61359022944034,TRUE,NA
"b",0.190000000000001,-0.993685559801614,0.197694554227367,1.20050430451123,1.17256800451375,3.60741099175828,TRUE,NA
"b",0.199999999999999,-1.00067428701061,0.189278816118455,1.19261885484812,1.16767222814462,3.60134902868423,TRUE,NA
"b",0.210000000000001,-1.00767247818584,0.180882202718551,1.18475377993405,1.16280653427289,3.59540382329324,TRUE,NA
"b",0.219999999999999,-1.01467967683504,0.1725049184263,1.176909293798,1.15797083315489,3.58957484658211,TRUE,NA
"b",0.23,-1.02169543305882,0.164147161835213,1.16908560382144,1.15316502927217,3.58386155793329,TRUE,NA
"b",0.240000000000002,-1.02871930358807,0.155809125764402,1.16128291077092,1.14838902155241,3.57826340557476,TRUE,NA
"b",0.25,-1.03575085181496,0.147490997292615,1.15350140883453,1.14364270359013,3.57277982703547,TRUE,NA
"b",0.260000000000002,-1.04278964781773,0.1391929577954,1.14574128566249,1.1389259638666,3.56741024959586,TRUE,NA
"b",0.27,-1.0498352683794,0.130915182985354,1.13800272241148,1.1342386859688,3.5621540907333,TRUE,NA
"b",0.280000000000001,-1.05688729700092,0.122657842955154,1.13028589379258,1.12958074880686,3.55701075856194,TRUE,NA
"b",0.289999999999999,-1.06394532390846,0.114421102223508,1.12259096481544,1.12495202682982,3.55197965226673,TRUE,NA
"b",0.300000000000001,-1.07099938234974,0.106250956670532,1.1145609417272,1.11824611773469,3.54701018529154,TRUE,NA
"b",0.309999999999999,-1.07808890683224,0.0979882479898135,1.10723587886321,1.1109032344948,3.54227569103473,TRUE,NA
"b",0.32,-1.08517215683066,0.0897955620038031,1.09958053604107,1.10457713240739,3.5375986099605,TRUE,NA
"b",0.330000000000002,-1.09226288289178,0.0816182896674387,1.09193930221182,1.09826793561898,3.53303820534305,TRUE,NA
"b",0.34,-1.09936075645468,0.0734565359613393,1.08431226157174,1.09197575413239,3.52859407283261,TRUE,NA
"b",0.350000000000001,-1.10646545383461,0.0653104029494906,1.07669949558377,1.08570069652092,3.52426580052943,TRUE,NA
"b",0.359999999999999,-1.11357665619442,0.0571799898185947,1.0691010830239,1.07944286997778,3.52005296922116,TRUE,NA
"b",0.370000000000001,-1.12069404951456,0.0490653929168428,1.06151710002663,1.0732023803671,3.51595515261734,TRUE,NA
"b",0.379999999999999,-1.12781732456038,0.0409667057944376,1.05394762013248,1.06697933227275,3.51197191757854,TRUE,NA
"b",0.390000000000001,-1.13494617684862,0.0328840192427287,1.04639271433344,1.06077382904986,3.5081028243433,TRUE,NA
"b",0.400000000000002,-1.14208030661154,0.0248174213348209,1.03885245112012,1.05458597287456,3.5043474267499,TRUE,NA
"b",0.41,-1.14921941875985,0.0167669974657321,1.03132689652811,1.0484158647947,3.50070527245473,TRUE,NA
"b",0.420000000000002,-1.15636322284415,0.00873283039290307,1.02381611418464,1.04226360478032,3.4971759031465,TRUE,NA
"b",0.43,-1.16351143301492,0.000715000276847455,1.01632016535512,1.03612929177427,3.49375885475644,TRUE,NA
"b",0.440000000000001,-1.17066376798142,-0.00728641527816265,1.00883910898967,1.03001302374268,3.49045365766444,TRUE,NA
"b",0.449999999999999,-1.17781995096922,-0.0152713411832466,1.00137300176958,1.02391489772562,3.48725983690113,TRUE,NA
"b",0.460000000000001,-1.18497970967683,-0.0232397048240864,0.993921898153638,1.01783500988749,3.48417691234578,TRUE,NA
"b",0.469999999999999,-1.19214277623123,-0.031191436020032,0.986485850424309,1.01177345556749,3.4812043989203,TRUE,NA
"b",0.48,-1.19930888714246,-0.0391264669831992,0.979064908733829,1.00573032933001,3.47834180677888,TRUE,NA
"b",0.490000000000002,-1.20647778325743,-0.0470447322775893,0.971659121150107,0.999705725014795,3.47558864149375,TRUE,NA
"b",0.5,-1.21364920971288,-0.0549461687782458,0.964268533702384,0.993699735787081,3.4729444042367,TRUE,NA
"b",0.510000000000002,-1.22082291588771,-0.0628307156304868,0.956893190426705,0.987712454187584,3.47040859195657,TRUE,NA
"b",0.52,-1.22799865535456,-0.0706983142091644,0.94953313341121,0.981743972182269,3.4679806975526,TRUE,NA
"b",0.530000000000001,-1.23517618583079,-0.0785489080778596,0.94218840284137,0.975794381211519,3.46566021004348,TRUE,NA
"b",0.539999999999999,-1.24235526912952,-0.0863824429493132,0.934859037043436,0.969863772241543,3.46344661473387,TRUE,NA
"b",0.550000000000001,-1.24953567110891,-0.0941988666435636,0.927545072530945,0.963952235810419,3.46133939337358,TRUE,NA
"b",0.559999999999999,-1.25671716162239,-0.101998129048784,0.920246544047362,0.958059862079299,3.45933802431624,TRUE,NA
"b",0.57,-1.26389951446786,-0.109780182080954,0.912963484610291,0.952186740880531,3.45744198267209,TRUE,NA
"b",0.580000000000002,-1.27108250733669,-0.117544979643971,0.905695925554948,0.946332961766106,3.45565074045732,TRUE,NA
"b",0.59,-1.27826592176249,-0.125292477589967,0.898443896577305,0.940498614055839,3.45396376673931,TRUE,NA
"b",0.600000000000001,-1.28544954306972,-0.133022633679842,0.891207425776832,0.934683786885214,3.45238052777815,TRUE,NA
"b",0.609999999999999,-1.29263316032203,-0.140735407543976,0.883986539698947,0.928888569252968,3.45090048716411,TRUE,NA
"b",0.620000000000001,-1.2998165662706,-0.148430760643235,0.876781263376982,0.923113050068274,3.4495231059515,TRUE,NA
"b",0.629999999999999,-1.30699955730234,-0.156108656230145,0.869591620373869,0.917357318197642,3.44824784278851,TRUE,NA
"b",0.640000000000001,-1.31418193338804,-0.163769059310402,0.862417632823306,0.911621462511398,3.44707415404351,TRUE,NA
"b",0.650000000000002,-1.32136349803054,-0.171411936604563,0.855259321470626,0.905905571929822,3.4460014939275,TRUE,NA
"b",0.66,-1.32854405821295,-0.179037256510075,0.848116705713171,0.900209735468863,3.44502931461293,TRUE,NA
"b",0.670000000000002,-1.33572342434689,-0.186644989063557,0.840989803640258,0.894534042285442,3.44415706634897,TRUE,NA
"b",0.68,-1.34290141022084,-0.194235105903381,0.833878632072713,0.888878581722329,3.44338419757313,TRUE,NA
"b",0.690000000000001,-1.35007783294866,-0.201807580232557,0.826783206601962,0.883243443352551,3.44271015501936,TRUE,NA
"b",0.699999999999999,-1.35725251291818,-0.209362386781912,0.819703541628684,0.877628717023351,3.44213438382272,TRUE,NA
"b",0.710000000000001,-1.36442527374004,-0.216899501773617,0.812639650400971,0.872034492899629,3.44165632762059,TRUE,NA
"b",0.719999999999999,-1.37159594219672,-0.224418902884992,0.805591545052095,0.866460861506898,3.4412754286505,TRUE,NA
"b",0.73,-1.37876434819176,-0.231920569212683,0.798559236637715,0.860907913773691,3.44099112784464,TRUE,NA
"b",0.740000000000002,-1.3859303246993,-0.239404481237154,0.79154273517272,0.855375741073421,3.44080286492111,TRUE,NA
"b",0.75,-1.39309370771386,-0.246870620787512,0.78454204966751,0.849864435265677,3.44071007847194,TRUE,NA
"b",0.760000000000002,-1.40025433620036,-0.254318971006714,0.777557188163836,0.844374088736891,3.44071220604791,TRUE,NA
"b",0.77,-1.40741205204458,-0.261749516317078,0.770588157770172,0.838904794440419,3.44080868424034,TRUE,NA
"b",0.780000000000001,-1.41456670000382,-0.269162242386201,0.763634964696564,0.833456645935942,3.4409989487597,TRUE,NA
"b",0.789999999999999,-1.421718127658,-0.276557136093197,0.756697614289018,0.82802973742822,3.44128243451136,TRUE,NA
"b",0.800000000000001,-1.42886618536106,-0.283934185495342,0.749776111063376,0.82262416380512,3.44165857566827,TRUE,NA
"b",0.809999999999999,-1.43601072619282,-0.291293379795041,0.742870458738728,0.817240020674924,3.44212680574083,TRUE,NA
"b",0.82,-1.44315160591113,-0.298634709307223,0.735980660270286,0.811877404402867,3.44268655764386,TRUE,NA
"b",0.830000000000002,-1.4502886829045,-0.305958165427071,0.729106717881799,0.806536412146883,3.44333726376086,TRUE,NA
"b",0.84,-1.45742181814515,-0.313263740598153,0.72224863309744,0.801217141892529,3.44407835600551,TRUE,NA
"b",0.850000000000001,-1.46455087514244,-0.320551428280949,0.715406406773197,0.795919692487027,3.4449092658805,TRUE,NA
"b",0.859999999999999,-1.47167571989681,-0.327821222921733,0.708580039127765,0.79064416367242,3.4458294245338,TRUE,NA
"b",0.870000000000001,-1.4787962208541,-0.335073119921885,0.701769529772931,0.785390656117779,3.44683826281235,TRUE,NA
"b",0.879999999999999,-1.48591224886036,-0.342307115607569,0.69497487774344,0.780159271450428,3.44793521131326,TRUE,NA
"b",0.890000000000001,-1.49302367711721,-0.349523207199821,0.688196081526374,0.774950112286139,3.44911970043259,TRUE,NA
"b",0.900000000000002,-1.50013038113752,-0.35672139278503,0.681433139089998,0.769763282258269,3.4503911604118,TRUE,NA
"b",0.91,-1.50723223870171,-0.363901671285831,0.674686047912103,0.764598886045758,3.45174902138177,TRUE,NA
"b",0.920000000000002,-1.51432912981451,-0.371064042432399,0.667954805007846,0.759457029399968,3.45319271340478,TRUE,NA
"b",0.93,-1.52142093666218,-0.378208506734138,0.661239406957064,0.754337819170309,3.45472166651403,TRUE,NA
"b",0.940000000000001,-1.52850754357028,-0.385335065451812,0.65453984993105,0.749241363328558,3.45633531075126,TRUE,NA
"b",0.949999999999999,-1.53558883696196,-0.392443720570044,0.647856129718885,0.744167770991886,3.45803307620219,TRUE,NA
"b",0.960000000000001,-1.54266470531673,-0.399534474770288,0.641188241753155,0.739117152444436,3.45981439302994,TRUE,NA
"b",0.969999999999999,-1.54973503912977,-0.406607331404145,0.63453618113524,0.734089619157505,3.46167869150655,TRUE,NA
"b",0.98,-1.55679973087182,-0.413662294467192,0.627899942659982,0.729085283808128,3.46362540204256,TRUE,NA
"b",0.990000000000002,-1.5638586749495,-0.420699368573148,0.621279520839933,0.724104260296138,3.46565395521481,TRUE,NA
"b",1,-1.57091176766629,-0.427718558928514,0.614674909929014,0.719146663759508,3.46776378179243,TRUE,NA
"b",1.01,-1.57795890718394,-0.434719871307643,0.60808610394566,0.714212610587974,3.46995431276112,TRUE,NA
"b",1.02,-1.58499999348449,-0.441703312028232,0.601513096695413,0.709302218434825,3.47222497934584,TRUE,NA
"b",1.03,-1.59203492833287,-0.448668887927243,0.594955881793033,0.7044156062268,3.47457521303183,TRUE,NA
"b",1.04,-1.59906361523993,-0.455616606337279,0.588414452684079,0.699552894171994,3.47700444558422,TRUE,NA
"b",1.05,-1.60608595942622,-0.462546475063405,0.581888802665815,0.694714203765677,3.47951210906604,TRUE,NA
"b",1.06,-1.61310186778609,-0.469458502360389,0.575378924907784,0.689899657793941,3.48209763585497,TRUE,NA
"b",1.07,-1.62011124885225,-0.476352696909893,0.568884812472442,0.685109380332135,3.48476045865763,TRUE,NA
"b",1.08,-1.62711401276247,-0.483229067800849,0.562406458331475,0.680343496756012,3.487500010528,TRUE,NA
"b",1.09,-1.63411007122335,-0.490087624504668,0.555943855389321,0.675602133719687,3.49031572487357,TRUE,NA
"b",1.1,-1.64109933747834,-0.496928376856695,0.54949699649822,0.670885419162295,3.49320703547183,TRUE,NA
"b",1.11,-1.6480817262744,-0.503751335035129,0.5430658744768,0.666193482296032,3.49617337647962,TRUE,NA
"b",1.12,-1.65505715382966,-0.510556509541073,0.536650482127152,0.661526453594677,3.49921418244277,TRUE,NA
"b",1.13,-1.66202553780166,-0.517343911179055,0.530250812251441,0.656884464779137,3.50232888830489,TRUE,NA
"b",1.14,-1.66898679725615,-0.524113551038055,0.523866857667896,0.652267648800007,3.50551692941535,TRUE,NA
"b",1.15,-1.67594085263653,-0.530865440472919,0.517498611226205,0.64767613981695,3.50877774153606,TRUE,NA
"b",1.16,-1.68288762573381,-0.53759959108642,0.511146065822398,0.643110073174809,3.51211076084799,TRUE,NA
"b",1.17,-1.68982703965721,-0.544316014711725,0.504809214413083,0.638569585376295,3.51551542395664,TRUE,NA
"b",1.18,-1.69675901880533,-0.551014723395392,0.498488050028963,0.634054814051022,3.51899116789723,TRUE,NA
"b",1.19,-1.703683488838,-0.557695729380886,0.492182565788,0.629565897921126,3.52253743013921,TRUE,NA
"b",1.2,-1.71060037664852,-0.564359045092645,0.485892754907818,0.625102976762712,3.52615364859007,TRUE,NA
"b",1.21,-1.71750961033683,-0.571004683120659,0.479618610717248,0.620666191363595,3.52983926159937,TRUE,NA
"b",1.22,-1.72441111918297,-0.577632656205517,0.473360126667991,0.616255683476913,3.53359370796189,TRUE,NA
"b",1.23,-1.73130483362136,-0.584242977224215,0.467117296344503,0.611871595770264,3.53741642692066,TRUE,NA
"b",1.24,-1.73819068521559,-0.59083565917626,0.460890113474422,0.607514071770736,3.54130685817038,TRUE,NA
"b",1.25,-1.74506860663395,-0.597410715170431,0.45467857193742,0.603183255805303,3.54526444185931,TRUE,NA
"b",1.26,-1.75193853162536,-0.603968158412379,0.448482665773812,0.5988792929363,3.54928861859376,TRUE,NA
"b",1.27,-1.75880039499622,-0.610508002192336,0.442302389192384,0.594602328892444,3.5533788294389,TRUE,NA
"b",1.28,-1.7656541325877,-0.617030259873641,0.436137736578043,0.590352509994752,3.55753451592407,TRUE,NA
"b",1.29,-1.77249968125362,-0.623534944882205,0.429988702497358,0.586129983077003,3.56175512004421,TRUE,NA
"b",1.3,-1.77933697883923,-0.630022070695902,0.423855281705046,0.581934895401464,3.56604008426467,TRUE,NA
"b",1.31,-1.78616596416035,-0.636491650835144,0.417737469149075,0.577767394568893,3.57038885152479,TRUE,NA
"b",1.32,-1.79298657698329,-0.642943698853969,0.411635259974312,0.573627628422968,3.574800865242,TRUE,NA
"b",1.33,-1.79979875800547,-0.649378228331609,0.405548649526578,0.569515744949122,3.57927556931746,TRUE,NA
"b",1.34,-1.80660244883653,-0.655795252864916,0.399477633355784,0.565431892167814,3.58381240814201,TRUE,NA
"b",1.35,-1.81339759198043,-0.662194786061079,0.393422207217125,0.561376218021442,3.58841082660058,TRUE,NA
"b",1.36,-1.82018413081797,-0.668576841531675,0.387382367072465,0.557348870255478,3.59307027008162,TRUE,NA
"b",1.37,-1.82696200958952,-0.674941432887055,0.381358109092272,0.553349996293331,3.59779018448362,TRUE,NA
"b",1.38,-1.83373117337968,-0.681288573730961,0.375349429653429,0.549379743105412,3.6025700162256,TRUE,NA
"b",1.39,-1.84049156810177,-0.687618277656172,0.369356325339746,0.545438257071786,3.60740921225466,TRUE,NA
"b",1.4,-1.84724314048259,-0.693930558242647,0.363378792936067,0.541525683836355,3.61230722006039,TRUE,NA
"b",1.41,-1.85398583804819,-0.700225429053149,0.357416829431628,0.537642168158405,3.61726348768355,TRUE,NA
"b",1.42,-1.86071960911253,-0.70650290362869,0.351470432017951,0.533787853758044,3.62227746373402,TRUE,NA
"b",1.43,-1.86744440276115,-0.712762995497487,0.345539598064516,0.529962883142893,3.62734859740191,TRUE,NA
"b",1.44,-1.87416016884404,-0.719005718158466,0.339624325147553,0.526167397453415,3.63247633848957,TRUE,NA
"b",1.45,-1.88086685795863,-0.725231085097161,0.333724611010753,0.522401536270785,3.6376601373648,TRUE,NA
"b",1.46,-1.88756442144926,-0.731439109770089,0.327840453575593,0.518665437447914,3.64289944511857,TRUE,NA
"b",1.47,-1.89425281137489,-0.737629805643881,0.321971850934475,0.514959236902186,3.64819371342033,TRUE,NA
"b",1.48,-1.90093198051705,-0.743803186117523,0.31611880143681,0.5112830684697,3.65354239453064,TRUE,NA
"b",1.49,-1.9076018825046,-0.749959264613693,0.310281302947571,0.507637063539007,3.65894494177128,TRUE,NA
"b",1.5,NA,NA,NA,NA,NA,FALSE,"Degenerate case |a_{i,1}| ~= 0 detected; the cubic fallback is not implemented."
"b",1.51,-1.92091370177032,-0.762219569580121,0.298652955891218,0.50043605757807,3.66990945070395,TRUE,NA
"b",1.52,-1.92755553019056,-0.768323822516467,0.292862103266974,0.496881306003849,3.67547032209916,TRUE,NA
"b",1.53,-1.93418791207946,-0.774410827327632,0.287086797381315,0.49335721640247,3.6810828792534,TRUE,NA
"b",1.54,-1.94081080469202,-0.78048059727675,0.281327036719944,0.489863905490093,3.68674657959905,TRUE,NA
"b",1.55,-1.94742416566518,-0.786533145846416,0.275582820298078,0.486401486237283,3.69246088105115,TRUE,NA
"b",1.56,-1.95402795332759,-0.792568486521866,0.269854147225891,0.48297006774982,3.69822524237866,TRUE,NA
"b",1.57,-1.96062212665919,-0.798586632880002,0.264141016588003,0.479569754952501,3.70403912354572,TRUE,NA
"b",1.58,-1.9672066453304,-0.80458759851541,0.258443427541454,0.476200648420368,3.70990198542691,TRUE,NA
"b",1.59,-1.97378146967342,-0.810571397106446,0.252761379218353,0.472862844073704,3.71581329002697,TRUE,NA
"b",1.6,-1.98034656068857,-0.816538042412116,0.247094870729756,0.469556432938267,3.7217725004327,TRUE,NA
"b",1.61,-1.98690188004739,-0.822487548280254,0.241443901157006,0.466281500895207,3.7277790809357,TRUE,NA
"b",1.62,-1.99344739008845,-0.828419928671494,0.235808469509449,0.463038128410105,3.7338324970505,TRUE,NA
"b",1.63,-1.99998305382183,-0.834335197666034,0.230188574721554,0.459826390282934,3.73993221557463,TRUE,NA
"b",1.64,-2.00650883493113,-0.840233369483032,0.22458421561653,0.456646355382469,3.74607770465684,TRUE,NA
"b",1.65,-2.01302469777519,-0.846114458496235,0.218995390887592,0.453498086386664,3.75226843385299,TRUE,NA
"b",1.66,-2.01953060739278,-0.851978479249969,0.213422099072643,0.450381639524268,3.75850387419541,TRUE,NA
"b",1.67,-2.02602652950495,-0.857825446478004,0.207864338531429,0.44729706431621,3.76478349825791,TRUE,NA
"b",1.68,-2.03251243052087,-0.863655375121144,0.20232210741529,0.444244403319686,3.77110678022177,TRUE,NA
"b",1.69,-2.03898827754269,-0.869468280345978,0.1967954036441,0.441223691877184,3.77747319595665,TRUE,NA
"b",1.7,-2.04545403837062,-0.875264177565008,0.191284224877696,0.438234957867318,3.78388222308639,TRUE,NA
"b",1.71,-2.05190968150987,-0.881043082455762,0.185788568489251,0.435278221463269,3.79033334107424,TRUE,NA
"b",1.72,-2.05835517617641,-0.886805010982671,0.180308431535756,0.432353494893988,3.79682603129246,TRUE,NA
"b",1.73,-2.06479049230463,-0.892549979417338,0.174843810729606,0.429460782215203,3.80335977711166,TRUE,NA
"b",1.74,-2.07121560055473,-0.898278004359683,0.169394702411432,0.42660007908758,3.80993406398153,TRUE,NA
"b",1.75,-2.07763047232052,-0.903989102760659,0.163961102518128,0.423771372562151,3.81654837951497,TRUE,NA
"b",1.76,-2.08403507973756,-0.909683291944217,0.158543006554821,0.420974640877564,3.82320221357663,TRUE,NA
"b",1.77,-2.09042939569192,-0.915360589629622,0.153140409564699,0.418209853266845,3.8298950583729,TRUE,NA
"b",1.78,-2.09681339382888,-0.921021013954526,0.147753306098656,0.415476969776542,3.83662640854026,TRUE,NA
"b",1.79,-2.10318704856204,-0.926664583497854,0.142381690185483,0.412775941098164,3.84339576123911,TRUE,NA
"b",1.8,-2.10955033508269,-0.932291317302885,0.137025555301397,0.410106708413553,3.85020261624759,TRUE,NA
"b",1.81,-2.11590322936909,-0.937901234900661,0.131684894340208,0.407469203254637,3.85704647605449,TRUE,NA
"b",1.82,-2.12224570819619,-0.943494356332895,0.126359699583298,0.404863347378829,3.86392684595711,TRUE,NA
"b",1.83,-2.12857774914527,-0.949070702175462,0.121049962669409,0.402289052660462,3.87084323415625,TRUE,NA
"b",1.84,-2.13489933061359,-0.954630293561186,0.115755674565628,0.399746220999775,3.87779515185428,TRUE,NA
"b",1.85,-2.14121043182409,-0.960173152203027,0.110476825537676,0.397234744249143,3.88478211335233,TRUE,NA
"b",1.86,-2.14751103283504,-0.965699300416322,0.105213405121844,0.394754504158804,3.89180363614821,TRUE,NA
"b",1.87,-2.15380111454955,-0.971208761141615,0.0999654020957437,0.39230537234064,3.89885924103485,TRUE,NA
"b",1.88,-2.16008065872494,-0.976701557966289,0.0947328044514995,0.389887210252872,3.90594845219751,TRUE,NA
"b",1.89,-2.16634964798195,-0.982177715146251,0.0895155993681886,0.387499869204272,3.91307079731148,TRUE,NA
"b",1.9,-2.17260806581373,-0.987637257626921,0.084313773185652,0.385143190379369,3.92022580763888,TRUE,NA
"b",1.91,-2.17885589659447,-0.993080211063692,0.0791273113790558,0.382817004884657,3.92741301812445,TRUE,NA
"b",1.92,-2.18509312558772,-0.998506601841902,0.0739561985340729,0.38052113381592,3.93463196749069,TRUE,NA
"b",1.93,-2.19131973895445,-1.00391645709572,0.0688004183235917,0.378255388347183,3.9418821983314,TRUE,NA
"b",1.94,-2.19753572376055,-1.00930980472676,0.0636599534847111,0.376019569840755,3.94916325720381,TRUE,NA
"b",1.95,-2.20374106798387,-1.01468667342156,0.0585347857973704,0.373813469978899,3.9564746947187,TRUE,NA
"b",1.96,-2.20993576052099,-1.02004709266821,0.0534248960640047,0.371636870916626,3.96381606562951,TRUE,NA
"b",1.97,-2.21611979119314,-1.02539109277223,0.048330264090205,0.369489545455317,3.97118692891792,TRUE,NA
"b",1.98,-2.22229315075173,-1.03071870487127,0.0432508686671598,0.367371257237152,3.97858684787807,TRUE,NA
"b",1.99,-2.22845583088331,-1.03602996094882,0.0381866875548724,0.365281760959373,3.98601539019778,TRUE,NA
"b",2,-2.23460782421442,-1.0413248938481,0.0331376974658073,0.363220802598163,3.99347212804029,TRUE,NA
"b",2.01,-2.24074912431235,-1.04660353727893,0.0281038740564055,0.3611881197029,4.00095663810656,TRUE,NA
"b",2.02,-2.24687972569242,-1.05186592583511,0.0230851919069186,0.359183441602785,4.0084685017276,TRUE,NA
"b",2.03,-2.2529996238171,-1.05711209499892,0.0180816245161481,0.35720648973928,4.01600730491997,TRUE,NA
"b",2.04,-2.25910881509823,-1.06234208115022,0.0130931442907303,0.355256977958974,4.02357263845448,TRUE,NA
"b",2.05,-2.26520729689764,-1.06755592157323,0.00811972253761284,0.353334612833297,4.03116409791826,TRUE,NA
"b",2.06,-2.27129506752701,-1.07275365446189,0.00316132945814696,0.351439093992637,4.03878128377242,TRUE,NA
"b",2.07,-2.27737212624694,-1.07793531892407,-0.00178206585655505,0.349570114473097,4.04642380140643,TRUE,NA
"b",2.08,-2.28343847326521,-1.08310095498436,-0.00671049542819757,0.347727361075511,4.05409126118763,TRUE,NA
"b",2.09,-2.2894941097342,-1.08825060358567,-0.011623992392644,0.345910514734812,4.06178327850753,TRUE,NA
"b",2.1,-2.2955390377476,-1.09338430658937,-0.0165225909994076,0.344119250898735,4.06949947382308,TRUE,NA
"b",2.11,-2.30157326033611,-1.09850210677426,-0.0214063266096352,0.342353239914578,4.07723947269407,TRUE,NA
"b",2.12,-2.30759678146253,-1.10360404783417,-0.0262752356925686,0.340612147422494,4.08500290581612,TRUE,NA
"b",2.13,-2.3136096060159,-1.10869017437425,-0.0311293558202059,0.338895634754042,4.09278940904891,TRUE,NA
"b",2.14,-2.3196117398049,-1.113760531906,-0.03596872566068,0.337203359334612,4.10059862344061,TRUE,NA
"b",2.15,-2.32560318955045,-1.11881516684107,-0.0407933849699573,0.335534975088383,4.10843019524711,TRUE,NA
"b",2.16,-2.33158396287752,-1.12385412648377,-0.045603374582061,0.333890132844451,4.11628377594752,TRUE,NA
"b",2.17,-2.33755406830619,-1.12887745902244,-0.0503987363979392,0.332268480742699,4.12415902225466,TRUE,NA
"b",2.18,-2.34351351524195,-1.13388521351955,-0.0551795133728361,0.330669664638233,4.13205559612152,TRUE,NA
"b",2.19,-2.34946231396534,-1.13887743990077,-0.0599457495023339,0.329093328503117,4.13997316474323,TRUE,NA
"b",2.2,-2.35540047562083,-1.14385418894283,-0.0646974898071162,0.327539114824031,4.14791140055472,TRUE,NA
"b",2.21,-2.36132801220504,-1.1488155122604,-0.0694347803164623,0.326006664994861,4.15586998122405,TRUE,NA
"b",2.22,-2.36724493655434,-1.15376146229192,-0.0741576680505232,0.324495619702966,4.16384858964202,TRUE,NA
"b",2.23,-2.37315126233185,-1.15869209228446,-0.078866201001504,0.323005619308157,4.17184691390711,TRUE,NA
"b",2.24,-2.3790470040138,-1.16360745627763,-0.0835604281137334,0.321536304213348,4.17986464730687,TRUE,NA
"b",2.25,-2.3849321768754,-1.16850760908668,-0.0882403992627621,0.320087315225944,4.18790148829545,TRUE,NA
"b",2.26,-2.39080679697617,-1.17339260628473,-0.092906165233517,0.318658293909173,4.19595714046729,TRUE,NA
"b",2.27,-2.39667088114478,-1.17826250418422,-0.0975577776974819,0.31724888292254,4.20403131252716,TRUE,NA
"b",2.28,-2.40252444696348,-1.18311735981771,-0.102195289189246,0.315858726350692,4.21212371825701,TRUE,NA
"b",2.29,-2.40836751275203,-1.18795723091798,-0.106818753082157,0.314487470020128,4.22023407647928,TRUE,NA
"b",2.3,-2.41420009755139,-1.19278217589751,-0.111428223563395,0.313134761803155,4.22836211101702,TRUE,NA
"b",2.31,-2.42002222110693,-1.19759225382746,-0.116023755608374,0.311800251908677,4.23650755065125,TRUE,NA
"b",2.32,-2.42583390385146,-1.20238752441613,-0.12060540495469,0.310483593159339,4.24467012907518,TRUE,NA
"b",2.33,-2.43163516688791,-1.20716804798699,-0.125173228075498,0.309184441254804,4.252849584846,TRUE,NA
"b",2.34,-2.43742603197184,-1.2119338854564,-0.129727282152709,0.307902455020776,4.26104566133399,TRUE,NA
"b",2.35,-2.44320652149368,-1.21668509831082,-0.134267625049517,0.30663729664392,4.26925810666921,TRUE,NA
"b",2.36,-2.44897665846078,-1.22142174858384,-0.138794315282798,0.30538863189241,4.27748667368561,TRUE,NA
"b",2.37,-2.45473646647947,-1.22614389883305,-0.1433074119954,0.30415613032176,4.28573111986397,TRUE,NA
"b",2.38,-2.46048596973699,-1.23085161211677,-0.14780697492828,0.302939465466215,4.29399120727241,TRUE,NA
"b",2.39,-2.4662251929833,-1.23554495197049,-0.152293064392448,0.301738315015976,4.3022667025053,TRUE,NA
"b",2.4,-2.47195416151287,-1.24022398238342,-0.156765741240944,0.300552360980145,4.31055737662053,TRUE,NA
"b",2.41,-2.47767290114646,-1.24488876777483,-0.161225066840772,0.299381289835672,4.31886300507527,TRUE,NA
"b",2.42,-2.48338143821302,-1.24953937297054,-0.165671103044958,0.298224792662494,4.32718336766067,TRUE,NA
"b",2.43,-2.48907979953147,-1.25417586317943,-0.17010391216477,0.297082565265162,4.33551824843537,TRUE,NA
"b",2.44,-2.49476801239279,-1.25879830396999,-0.174523556941994,0.295954308281285,4.34386743565798,TRUE,NA
"b",2.45,-2.50044610454198,-1.26340676124712,-0.178930100521539,0.294839727277107,4.35223072171888,TRUE,NA
"b",2.46,-2.50611410416035,-1.268001301229,-0.18332360642426,0.29373853283062,4.36060790307117,TRUE,NA
"b",2.47,-2.51177203984785,-1.27258199042422,-0.187704138520029,0.292650440602631,4.36899878016116,TRUE,NA
"b",2.48,-2.51741994060561,-1.27714889560912,-0.192071761001235,0.29157517139617,4.37740315735845,TRUE,NA
"b",2.49,-2.52305783581866,-1.28170208380542,-0.196426538356555,0.29051245120473,4.38582084288563,TRUE,NA
"b",2.5,-2.5286857552389,-1.28624162225814,-0.200768535345169,0.28946201124976,4.39425164874782,TRUE,NA
"b",2.51,-2.53430372896826,-1.2907675784138,-0.205097816971433,0.28842358800791,4.4026953906621,TRUE,NA
"b",2.52,-2.53991178744212,-1.29528001989906,-0.209414448459902,0.287396923228516,4.41115188798711,TRUE,NA
"b",2.53,-2.545509961413,-1.2997790144996,-0.213718495230963,0.286381763941776,4.4196209636525,TRUE,NA
"b",2.54,-2.5510982819345,-1.3042646301395,-0.218010022876844,0.285377862458135,4.42810244408884,TRUE,NA
"b",2.55,-2.55667678034555,-1.30873693486092,-0.222289097138217,0.284384976359385,4.43659615915777,TRUE,NA
"b",2.56,-2.56224548825494,-1.31319599680433,-0.226555783881298,0.283402868481915,4.44510194208249,TRUE,NA
"b",2.57,-2.56780443752617,-1.31764188418899,-0.230810149075524,0.282431306892644,4.45361962937874,TRUE,NA
"b",2.58,-2.57335366026256,-1.32207466529407,-0.235052258771747,0.281470064858095,4.46214906078639,TRUE,NA
"b",2.59,-2.57889318879278,-1.32649440844005,-0.239282179081021,0.28051892080708,4.47069007920147,TRUE,NA
"b",2.6,-2.5844230556566,-1.33090118197075,-0.243499976153981,0.279577658287446,4.47924253060908,TRUE,NA
"b",2.61,-2.58994329359103,-1.33529505423566,-0.247705716160788,0.278646065917358,4.48780626401684,TRUE,NA
"b",2.62,-2.59545393551679,-1.33967609357286,-0.251899465271665,0.277723937331537,4.49638113138928,TRUE,NA
"b",2.63,-2.60095501452509,-1.34404436829243,-0.256081289638029,0.276811071122856,4.5049669875829,TRUE,NA
"b",2.64,-2.60644656386478,-1.34839994666025,-0.260251255374218,0.275907270779752,4.51356369028219,TRUE,NA
"b",2.65,-2.61192861692982,-1.35274289688236,-0.264409428539813,0.275012344619813,4.52217109993657,TRUE,NA
"b",2.66,-2.61740120724709,-1.3570732870898,-0.268555875122545,0.27412610571993,4.53078907969821,TRUE,NA
"b",2.67,-2.62286436846459,-1.36139118532388,-0.272690661021813,0.273248371843377,4.53941749536082,TRUE,NA
"b",2.68,-2.62831813433988,-1.36569665952203,-0.27681385203277,0.272378965364154,4.54805621529953,TRUE,NA
"b",2.69,-2.63376253872896,-1.36998977750406,-0.280925513830993,0.271517713188971,4.55670511041168,TRUE,NA
"b",2.7,-2.63919761557543,-1.37427060695887,-0.285025711957747,0.270664446677127,4.56536405405869,TRUE,NA
"b",2.71,-2.6446233989,-1.37853921543174,-0.289114511805798,0.269819001558616,4.57403292200904,TRUE,NA
"b",2.72,-2.65003992279032,-1.38279567031203,-0.293191978605809,0.268981217850752,4.5827115923822,TRUE,NA
"b",2.73,-2.65544722139118,-1.3870400388213,-0.297258177413279,0.268150939773554,4.59139994559377,TRUE,NA
"b",2.74,-2.66084532889493,-1.39127238800196,-0.301313173096037,0.267328015664178,4.60009786430164,TRUE,NA
"b",2.75,-2.66623427953237,-1.39549278470635,-0.30535703032225,0.266512297890576,4.60880523335316,TRUE,NA
"b",2.76,-2.67161410756381,-1.39970129558626,-0.309389813549011,0.265703642764673,4.61752193973363,TRUE,NA
"b",2.77,-2.67698484727052,-1.40389798708289,-0.313411587011377,0.26490191045522,4.62624787251563,TRUE,NA
"b",2.78,-2.68234653294647,-1.40808292541721,-0.317422414711964,0.264106964900531,4.63498292280962,TRUE,NA
"b",2.79,-2.68769919889036,-1.41225617658081,-0.321422360411024,0.263318673721271,4.64372698371553,TRUE,NA
"b",2.8,-2.69304287939793,-1.41641780632708,-0.32541148761699,0.262536908133492,4.65247995027552,TRUE,NA
"b",2.81,-2.69837760875457,-1.42056788016285,-0.329389859577512,0.261761542862039,4.66124171942769,TRUE,NA
"b",2.82,-2.70370342122826,-1.42470646334044,-0.333357539270947,0.260992456054468,4.67001218996102,TRUE,NA
"b",2.83,-2.70902035106265,-1.42883362085,-0.337314589398303,0.26022952919562,4.67879126247123,TRUE,NA
"b",2.84,-2.71432843247056,-1.43294941741234,-0.341261072375603,0.259472647022969,4.68757883931775,TRUE,NA
"b",2.85,-2.71962769962767,-1.43705391747207,-0.345197050326704,0.258721697442826,4.69637482458173,TRUE,NA
"b",2.86,-2.72491818666642,-1.44114718519108,-0.34912258507649,0.257976571447533,4.70517912402503,TRUE,NA
"b",2.87,-2.73019992767026,-1.44522928444242,-0.353037738144498,0.257237163033685,4.71399164505032,TRUE,NA
"b",2.88,-2.73547295666807,-1.44930027880445,-0.356942570738922,0.256503369121525,4.72281229666201,TRUE,NA
"b",2.89,-2.74073730762885,-1.45336023155542,-0.360837143750978,0.255775089475513,4.73164098942827,TRUE,NA
"b",2.9,-2.7459930144566,-1.45740920566825,-0.364721517749654,0.255052226626159,4.74047763544408,TRUE,NA
"b",2.91,-2.75124011098547,-1.46144726380569,-0.368595752976815,0.254334685793196,4.74932214829499,TRUE,NA
"b",2.92,-2.75647863097511,-1.4654744683158,-0.37245990934262,0.253622374810107,4.75817444302209,TRUE,NA
"b",2.93,-2.76170860810622,-1.46949088122763,-0.376314046421296,0.252915204050042,4.76703443608765,TRUE,NA
"b",2.94,-2.7669300759763,-1.47349656424731,-0.380158223447223,0.252213086353191,4.77590204534185,TRUE,NA
"b",2.95,-2.77214306809561,-1.47749157875425,-0.383992499311312,0.251515936955626,4.78477718999022,TRUE,NA
"b",2.96,-2.77734761788336,-1.48147598579779,-0.387816932557705,0.250823673419603,4.79365979056204,TRUE,NA
"b",2.97,-2.78254375866399,-1.48544984609394,-0.391631581380731,0.250136215565387,4.80254976887957,TRUE,NA
"b",2.98,-2.78773152366371,-1.48941322002247,-0.395436503622152,0.249453485404605,4.81144704802803,TRUE,NA
"b",2.99,-2.7929109460072,-1.49336616762418,-0.399231756768673,0.248775407075088,4.82035155232651,TRUE,NA
"b",3,-2.79808205871447,-1.49730874859844,-0.403017397949695,0.248101906777273,4.82926320729946,TRUE,NA
"b",3.01,-2.80324489469785,-1.50124102230094,-0.40679348393533,0.247432912712116,4.83818193964922,TRUE,NA
"b",3.02,-2.80839948675921,-1.50516304774158,-0.410560071134624,0.246768355020546,4.84710767722905,TRUE,NA
"b",3.03,-2.81354586758726,-1.50907488358274,-0.414317215594025,0.246108165724403,4.85604034901701,TRUE,NA
"b",3.04,-2.81868406975504,-1.51297658813752,-0.418064972996058,0.245452278668941,4.86497988509051,TRUE,NA
"b",3.05,-2.82381412571755,-1.51686821936836,-0.421803398658215,0.24480062946677,4.87392621660163,TRUE,NA
"b",3.06,-2.82893606780947,-1.52074983488574,-0.425532547532016,0.244153155443337,4.88287927575297,TRUE,NA
"b",3.07,-2.83404992824309,-1.5246214919471,-0.429252474202296,0.243509795583829,4.89183899577433,TRUE,NA
"b",3.08,-2.83915573910629,-1.52848324745588,-0.432963232886641,0.242870490481564,4.90080531089986,TRUE,NA
"b",3.09,-2.8442535323607,-1.53233515796078,-0.436664877435012,0.24223518228779,4.90977815634598,TRUE,NA
"b",3.1,-2.84934333983993,-1.53617727965512,-0.440357461329545,0.241603814662913,4.91875746828983,TRUE,NA
"b",3.11,-2.85442519324796,-1.54000966837642,-0.444041037684464,0.240976332729096,4.9277431838483,TRUE,NA
"b",3.12,-2.85949912415759,-1.54383237960602,-0.447715659246202,0.240352683024243,4.93673524105768,TRUE,NA
"b",3.13,-2.86456516400905,-1.54764546846892,-0.451381378393621,0.239732813457309,4.94573357885385,TRUE,NA
"b",3.14,-2.86962334410865,-1.55144898973374,-0.455038247138396,0.239116673264941,4.954738137053,TRUE,NA
"b",3.15,-2.8746736956276,-1.55524299781276,-0.458686317125501,0.238504212969394,4.96374885633289,TRUE,NA
"b",3.16,-2.87971624960081,-1.5590275467621,-0.462325639633839,0.237895384337736,4.97276567821463,TRUE,NA
"b",3.17,-2.88475103692594,-1.56280269028206,-0.465956265576998,0.237290140342262,4.98178854504494,TRUE,NA
"b",3.18,-2.88977808836236,-1.56656848171749,-0.46957824550408,0.236688435122146,4.99081739997891,TRUE,NA
"b",3.19,-2.89479743453036,-1.5703249740583,-0.473191629600669,0.236090223946261,4.99985218696321,TRUE,NA
"b",3.2,-2.89980910591027,-1.57407221994012,-0.476796467689886,0.235495463177163,5.00889285071979,TRUE,NA
"b",3.21,-2.90481313284182,-1.57781027164493,-0.480392809233553,0.234904110236203,5.01793933673,TRUE,NA
"b",3.22,-2.90980954552346,-1.58153918110192,-0.483980703333404,0.234316123569739,5.0269915912191,TRUE,NA
"b",3.23,-2.91479837401177,-1.58525899988834,-0.487560198732448,0.233731462616423,5.03604956114131,TRUE,NA
"b",3.24,-2.91977964822098,-1.58896977923044,-0.491131343816338,0.233150087775533,5.04511319416511,TRUE,NA
"b",3.25,-2.92475339792253,-1.59267157000455,-0.494694186614874,0.232571960376334,5.05418243865905,TRUE,NA
"b",3.26,-2.92971965274465,-1.59636442273816,-0.498248774803549,0.231997042648414,5.06325724367789,TRUE,NA
"b",3.27,-2.93467844217206,-1.6000483876111,-0.501795155705151,0.231425297693,5.07233755894912,TRUE,NA
"b",3.28,-2.93962979554572,-1.60372351445682,-0.505333376291468,0.230856689455206,5.08142333485984,TRUE,NA
"b",3.29,-2.94457374206256,-1.60738985276364,-0.508863483184998,0.230291182697199,5.09051452244397,TRUE,NA
"b",3.3,-2.94951031077536,-1.61104745167616,-0.512385522660764,0.229728742972245,5.09961107336986,TRUE,NA
"b",3.31,-2.95443953059263,-1.61469635999666,-0.515899540648139,0.229169336599621,5.10871293992811,TRUE,NA
"b",3.32,-2.95936143027853,-1.61833662618657,-0.519405582732755,0.228612930640366,5.11782007501986,TRUE,NA
"b",3.33,-2.96427603845282,-1.62196829836802,-0.522903694158427,0.228059492873833,5.12693243214524,TRUE,NA
"b",3.34,-2.96918338359094,-1.62559142432538,-0.526393919829125,0.227508991775039,5.13604996539224,TRUE,NA
"b",3.35,-2.97408349402401,-1.62920605150688,-0.529876304311013,0.226961396492781,5.14517262942576,TRUE,NA
"b",3.36,-2.97897639793895,-1.63281222702629,-0.533350891834469,0.226416676828477,5.15430037947703,TRUE,NA
"b",3.37,-2.98386212337863,-1.63640999766458,-0.536817726296196,0.225874803215734,5.16343317133332,TRUE,NA
"b",3.38,-2.98874069824199,-1.63999940987164,-0.540276851261318,0.225335746700624,5.17257096132773,TRUE,NA
"b",3.39,-2.9936121502843,-1.64358050976809,-0.543728309965525,0.224799478922609,5.18171370632949,TRUE,NA
"b",3.4,-2.99847650711735,-1.64715334314703,-0.547172145317244,0.224265972096135,5.19086136373432,TRUE,NA
"b",3.41,-3.00333379620972,-1.65071795547589,-0.550608399899828,0.223735198992853,5.20001389145516,TRUE,NA
"b",3.42,-3.0081840448871,-1.65427439189826,-0.554037115973759,0.223207132924455,5.20917124791298,TRUE,NA
"b",3.43,-3.01302728033257,-1.6578226972358,-0.557458335478883,0.222681747726085,5.218333392028,TRUE,NA
"b",3.44,-3.01786352958699,-1.66136291599007,-0.560872100036651,0.22215901774035,5.22750028321095,TRUE,NA
"b",3.45,-3.02269281954932,-1.66489509234453,-0.56427845095238,0.221638917801862,5.2366718813547,TRUE,NA
"b",3.46,-3.02751517697704,-1.66841927016644,-0.567677429217528,0.221121423222321,5.245848146826,TRUE,NA
"b",3.47,-3.03233062848656,-1.67193549300879,-0.571069075511969,0.220606509776119,5.25502904045742,TRUE,NA
"b",3.48,-3.03713920055368,-1.67544380411236,-0.574453430206297,0.220094153686441,5.26421452353953,TRUE,NA
"b",3.49,-3.04194091951398,-1.67894424640761,-0.577830533364116,0.21958433161185,5.27340455781327,TRUE,NA
"b",3.5,-3.04673581156337,-1.68243686251675,-0.581200424744358,0.219077020633333,5.28259910546243,TRUE,NA
"b",3.51,-3.05152390275853,-1.68592169475571,-0.584563143803587,0.218572198241815,5.29179812910638,TRUE,NA
"b",3.52,-3.05630521901744,-1.68939878513622,-0.587918729698314,0.218069842326088,5.30100159179297,TRUE,NA
"b",3.53,-3.0610797861199,-1.69286817536779,-0.591267221287327,0.217569931161167,5.31020945699156,TRUE,NA
"b",3.54,-3.06584762970805,-1.69632990685977,-0.594608657133987,0.217072443397071,5.31942168858615,TRUE,NA
"b",3.55,-3.07060877528694,-1.6997840207234,-0.597943075508576,0.216577358047956,5.3286382508689,TRUE,NA
"b",3.56,-3.07536324822512,-1.7032305577739,-0.601270514390592,0.216084654481672,5.3378591085335,TRUE,NA
"b",3.57,-3.08011107375516,-1.70666955853245,-0.604591011471081,0.215594312409651,5.34708422666891,TRUE,NA
"b",3.58,-3.08485227697428,-1.71010106322834,-0.607904604154937,0.215106311877164,5.35631357075312,TRUE,NA
"b",3.59,-3.08958688284492,-1.71352511180097,-0.611211329563212,0.214620633253916,5.36554710664713,TRUE,NA
"b",3.6,-3.0943149161954,-1.71694174390196,-0.614511224535439,0.21413725722496,5.37478480058903,TRUE,NA
"b",3.61,-3.09903640172045,-1.7203509988972,-0.617804325631901,0.213656164781943,5.38402661918817,TRUE,NA
"b",3.62,-3.10375136398195,-1.72375291586892,-0.621090669135949,0.213177337214643,5.39327252941955,TRUE,NA
"b",3.63,-3.10845982740947,-1.72714753361775,-0.624370291056263,0.21270075610281,5.40252249861821,TRUE,NA
"b",3.64,-3.11316181630094,-1.73053489066483,-0.627643227129155,0.212226403308283,5.41177649447391,TRUE,NA
"b",3.65,-3.11785735482334,-1.7339150252538,-0.630909512820809,0.211754260967385,5.42103448502572,TRUE,NA
"b",3.66,-3.12254646701329,-1.73728797535294,-0.634169183329561,0.211284311483586,5.43029643865691,TRUE,NA
"b",3.67,-3.12722917677776,-1.74065377865716,-0.63742227358814,0.210816537520408,5.43956232408984,TRUE,NA
"b",3.68,-3.13190550789471,-1.7440124725901,-0.640668818265903,0.210350921994588,5.44883211038098,TRUE,NA
"b",3.69,-3.13657548401379,-1.74736409430616,-0.643908851771075,0.209887448069471,5.45810576691605,TRUE,NA
"b",3.7,-3.14123912865696,-1.75070868069256,-0.647142408252949,0.209426099148631,5.46738326340525,TRUE,NA
"b",3.71,-3.14589646521923,-1.75404626837135,-0.65036952160411,0.208966858869708,5.4766645698786,TRUE,NA
"b",3.72,-3.15054751696933,-1.75737689370145,-0.653590225462608,0.208509711098469,5.48594965668132,TRUE,NA
"b",3.73,-3.15519230705035,-1.7607005927807,-0.656804553214158,0.208054639923059,5.49523849446943,TRUE,NA
"b",3.74,-3.15983085848049,-1.76401740144784,-0.660012537994289,0.20760162964845,5.50453105420528,TRUE,NA
"b",3.75,-3.16446319415371,-1.76732735528455,-0.663214212690513,0.20715066479109,5.51382730715327,TRUE,NA
"b",3.76,-3.16908933684046,-1.77063048961745,-0.666409609944463,0.206701730073718,5.52312722487564,TRUE,NA
"b",3.77,-3.17370930918832,-1.77392683952005,-0.669598762154007,0.206254810420372,5.53243077922833,TRUE,NA
"b",3.78,-3.17832313372275,-1.77721643981479,-0.672781701475383,0.205809890951551,5.54173794235693,TRUE,NA
"b",3.79,-3.18293083284776,-1.78049932507498,-0.67595845982528,0.205366956979547,5.55104868669267,TRUE,NA
"b",3.8,-3.18753242884662,-1.78377552962679,-0.679129068882931,0.204925994003936,5.56036298494856,TRUE,NA
"b",3.81,-3.19212794388254,-1.78704508755118,-0.682293560092181,0.204486987707208,5.56968081011553,TRUE,NA
"b",3.82,-3.19671739999941,-1.79030803268586,-0.68545196466354,0.204049923950563,5.57900213545871,TRUE,NA
"b",3.83,-3.20130081912243,-1.79356439862723,-0.688604313576225,0.203614788769826,5.5883269345137,TRUE,NA
"b",3.84,-3.2058782230589,-1.79681421873229,-0.691750637580185,0.203181568371509,5.59765518108301,TRUE,NA
"b",3.85,-3.21044963349882,-1.80005752612056,-0.694890967198107,0.202750249129,5.60698684923246,TRUE,NA
"b",3.86,-3.21501507201568,-1.803294353676,-0.698025332727415,0.20232081757888,5.61632191328772,TRUE,NA
"b",3.87,-3.21957456006708,-1.80652473404889,-0.701153764242245,0.20189326041735,5.62566034783091,TRUE,NA
"b",3.88,-3.2241281189955,-1.80974869965767,-0.704276291595407,0.201467564496791,5.63500212769719,TRUE,NA
"b",3.89,-3.22867577002891,-1.81296628269088,-0.707392944420339,0.201043716822418,5.64434722797152,TRUE,NA
"b",3.9,-3.23321753428155,-1.81617751510898,-0.710503752133026,0.200621704549055,5.6536956239854,TRUE,NA
"b",3.91,-3.23775343275455,-1.8193824286462,-0.71360874393393,0.200201514978005,5.66304729131364,TRUE,NA
"b",3.92,-3.24228348633669,-1.82258105481237,-0.71670794880988,0.199783135554027,5.67240220577133,TRUE,NA
"b",3.93,-3.24680771580501,-1.82577342489472,-0.719801395535959,0.199366553862399,5.68176034341069,TRUE,NA
"b",3.94,-3.25132614182557,-1.82895956995976,-0.722889112677377,0.198951757626089,5.69112168051809,TRUE,NA
"b",3.95,-3.25583878495409,-1.832139520855,-0.725971128591312,0.198538734702997,5.70048619361107,TRUE,NA
"b",3.96,-3.26034566563665,-1.83531330821077,-0.729047471428758,0.198127473083293,5.70985385943544,TRUE,NA
"b",3.97,-3.26484680421036,-1.83848096244199,-0.732118169136338,0.197717960886844,5.71922465496239,TRUE,NA
"b",3.98,-3.26934222090407,-1.84164251374993,-0.735183249458117,0.197310186360698,5.7285985573857,TRUE,NA
"b",3.99,-3.27383193583898,-1.84479799212394,-0.738242739937379,0.196904137876676,5.73797554411895,TRUE,NA
"b",4,-3.27831596902938,-1.84794742734323,-0.741296667918412,0.196499803929009,5.74735559279281,TRUE,NA
"b",4.01,-3.28279434038329,-1.85109084897852,-0.744345060548258,0.196097173132061,5.75673868125234,TRUE,NA
"b",4.02,-3.28726706970313,-1.85422828639382,-0.747387944778455,0.19569623421812,5.76612478755441,TRUE,NA
"b",4.03,-3.29173417668639,-1.8573597687481,-0.750425347366772,0.195296976035251,5.77551388996503,TRUE,NA
"b",4.04,-3.29619568092628,-1.86048532499693,-0.7534572948789,0.194899387545216,5.78490596695683,TRUE,NA
"b",4.05,-3.30065160191239,-1.86360498389423,-0.756483813690175,0.194503457821444,5.79430099720663,TRUE,NA
"b",4.06,-3.30510195903138,-1.86671877399389,-0.759504929987228,0.194109176047087,5.80369895959282,TRUE,NA
"b",4.07,-3.30954677156757,-1.86982672365138,-0.76252066976967,0.193716531513093,5.81309983319307,TRUE,NA
"b",4.08,-3.31398605870364,-1.87292886102545,-0.765531058851729,0.193325513616376,5.82250359728186,TRUE,NA
"b",4.09,-3.31841983952127,-1.8760252140797,-0.768536122863888,0.192936111858004,5.83191023132813,TRUE,NA
"b",4.1,-3.32284813300175,-1.87911581058421,-0.771535887254506,0.192548315841457,5.84131971499303,TRUE,NA
"b",4.11,-3.32727095802668,-1.88220067811713,-0.774530377291414,0.192162115270932,5.85073202812754,TRUE,NA
"b",4.12,-3.33168833337852,-1.88527984406624,-0.777519618063508,0.191777499949687,5.86014715077033,TRUE,NA
"b",4.13,-3.33610027774131,-1.88835333563058,-0.78050363448232,0.191394459778438,5.86956506314545,TRUE,NA
"b",4.14,-3.34050680970125,-1.89142117982191,-0.783482451283574,0.191012984753802,5.87898574566022,TRUE,NA
"b",4.15,-3.34490794774733,-1.89448340346635,-0.786456093028739,0.19063306496677,5.88840917890306,TRUE,NA
"b",4.16,-3.34930371027197,-1.89754003320584,-0.789424584106544,0.190254690601231,5.89783534364137,TRUE,NA
"b",4.17,-3.35369411557162,-1.90059109549972,-0.792387948734503,0.189877851932535,5.9072642208195,TRUE,NA
"b",4.18,-3.35807918184739,-1.90363661662617,-0.795346210960408,0.189502539326095,5.91669579155661,TRUE,NA
"b",4.19,-3.36245892720565,-1.90667662268374,-0.798299394663825,0.189128743236014,5.92613003714474,TRUE,NA
"b",4.2,-3.36683336965864,-1.90971113959285,-0.801247523557548,0.188756454203758,5.93556693904678,TRUE,NA
"b",4.21,-3.37120252712511,-1.91274019309721,-0.804190621189074,0.188385662856868,5.94500647889451,TRUE,NA
"b",4.22,-3.37556641743084,-1.9157638087653,-0.807128710942031,0.188016359907687,5.95444863848666,TRUE,NA
"b",4.23,-3.37992505830932,-1.91878201199184,-0.810061816037621,0.187648536152137,5.96389339978704,TRUE,NA
"b",4.24,-3.3842784674023,-1.92179482799917,-0.812989959536026,0.187282182468512,5.97334074492265,TRUE,NA
"b",4.25,-3.38862666226039,-1.9248022818387,-0.815913164337811,0.186917289816316,5.98279065618179,TRUE,NA
"b",4.26,-3.39296966034365,-1.92780439839233,-0.818831453185315,0.186553849235112,5.9922431160123,TRUE,NA
"b",4.27,-3.39730747902217,-1.93080120237379,-0.821744848664023,0.186191851843407,6.00169810701976,TRUE,NA
"b",4.28,-3.40164013557664,-1.93379271833011,-0.824653373203932,0.185831288837572,6.01115561196564,TRUE,NA
"b",4.29,-3.40596764719893,-1.93677897064289,-0.827557049080886,0.185472151490776,6.02061561376564,TRUE,NA
"b",4.3,-3.4102900309927,-1.93975998352976,-0.830455898417936,0.185114431151938,6.03007809548796,TRUE,NA
"b",4.31,-3.41460730397388,-1.94273578104565,-0.83334994318663,0.18475811924473,6.03954304035155,TRUE,NA
"b",4.32,-3.41891948307132,-1.94570638708415,-0.836239205208349,0.184403207266575,6.04901043172446,TRUE,NA
"b",4.33,-3.42322658512732,-1.94867182537886,-0.839123706155591,0.184049686787678,6.05848025312223,TRUE,NA
"b",4.34,-3.42752862689816,-1.95163211950467,-0.842003467553249,0.183697549450089,6.06795248820619,TRUE,NA
"b",4.35,-3.43182562505471,-1.95458729287907,-0.8448785107799,0.183346786966762,6.07742712078193,TRUE,NA
"b",4.36,-3.43611759618291,-1.95753736876346,-0.847748857069043,0.182997391120663,6.08690413479767,TRUE,NA
"b",4.37,-3.4404045567844,-1.96048237026439,-0.850614527510366,0.182649353763878,6.09638351434268,TRUE,NA
"b",4.38,-3.44468652327697,-1.96342232033487,-0.853475543050959,0.182302666816744,6.1058652436458,TRUE,NA
"b",4.39,-3.44896351199517,-1.96635724177559,-0.85633192449655,0.181957322267003,6.11534930707387,TRUE,NA
"b",4.4,-3.45323553919081,-1.96928715723617,-0.859183692512711,0.181613312168972,6.12483568913024,TRUE,NA
"b",4.41,-3.4575026210335,-1.97221208921644,-0.862030867626057,0.181270628642722,6.13432437445331,TRUE,NA
"b",4.42,-3.46176477361118,-1.97513206006759,-0.864873470225433,0.180929263873287,6.14381534781506,TRUE,NA
"b",4.43,-3.46602201293064,-1.97804709199344,-0.867711520563085,0.180589210109882,6.15330859411959,TRUE,NA
"b",4.44,-3.47027435491805,-1.98095720705162,-0.870545038755828,0.180250459665134,6.16280409840172,TRUE,NA
"b",4.45,-3.47452181541946,-1.98386242715475,-0.873374044786191,0.179913004914336,6.17230184582559,TRUE,NA
"b",4.46,-3.47876441020134,-1.98676277407165,-0.876198558503569,0.179576838294701,6.18180182168327,TRUE,NA
"b",4.47,-3.48300215495104,-1.98965826942847,-0.879018599625344,0.179241952304652,6.19130401139338,TRUE,NA
"b",4.48,-3.48723506527735,-1.99254893470988,-0.881834187738,0.178908339503107,6.20080840049976,TRUE,NA
"b",4.49,-3.491463156711,-1.99543479126022,-0.884645342298241,0.178575992508787,6.21031497467012,TRUE,NA
"b",4.5,-3.49568644470509,-1.99831586028461,-0.887452082634079,0.178244903999529,6.21982371969477,TRUE,NA
"b",4.51,-3.4999049446357,-2.0011921628501,-0.890254427945924,0.177915066711624,6.22933462148526,TRUE,NA
"b",4.52,-3.50411867180227,-2.0040637198868,-0.893052397307655,0.177586473439152,6.23884766607314,TRUE,NA
"b",4.53,-3.50832764142816,-2.00693055218895,-0.895846009667693,0.177259117033341,6.24836283960871,TRUE,NA
"b",4.54,-3.51253186866111,-2.00979268041606,-0.898635283850043,0.176932990401936,6.25788012835972,TRUE,NA
"b",4.55,-3.51673136857372,-2.01265012509396,-0.901420238555349,0.17660808650857,6.2673995187102,TRUE,NA
"b",4.56,-3.52092615616394,-2.01550290661591,-0.904200892361918,0.176284398372155,6.27692099715918,TRUE,NA
"b",4.57,-3.52511624635553,-2.01835104524365,-0.906977263726755,0.175961919066279,6.28644455031956,TRUE,NA
"b",4.58,-3.52930165399857,-2.02119456110849,-0.909749370986567,0.175640641718617,6.29597016491685,TRUE,NA
"b",4.59,-3.53348239386986,-2.02403347421228,-0.912517232358769,0.175320559510351,6.30549782778809,TRUE,NA
"b",4.6,-3.53765848067345,-2.02686780442857,-0.915280865942481,0.175001665675592,6.31502752588059,TRUE,NA
"b",4.61,-3.54182992904106,-2.02969757150353,-0.918040289719505,0.174683953500825,6.32455924625085,TRUE,NA
"b",4.62,-3.54599675353258,-2.03252279505702,-0.920795521555311,0.174367416324354,6.33409297606345,TRUE,NA
"b",4.63,-3.55015896863648,-2.03534349458364,-0.923546579199992,0.174052047535755,6.3436287025899,TRUE,NA
"b",4.64,-3.55431658877029,-2.03815968945365,-0.926293480289225,0.173737840575344,6.35316641320754,TRUE,NA
"b",4.65,-3.55846962828104,-2.04097139891402,-0.929036242345212,0.173424788933648,6.36270609539846,TRUE,NA
"b",4.66,-3.56261810144571,-2.0437786420894,-0.931774882777622,0.17311288615089,6.37224773674845,TRUE,NA
"b",4.67,-3.56676202247166,-2.04658143798312,-0.934509418884526,0.172802125816471,6.38179132494594,TRUE,NA
"b",4.68,-3.57090140549708,-2.04937980547811,-0.937239867853294,0.172492501568478,6.39133684778088,TRUE,NA
"b",4.69,-3.57503626459145,-2.05217376333788,-0.939966246761533,0.172184007093176,6.40088429314382,TRUE,NA
"b",4.7,-3.57916661375591,-2.0549633302075,-0.942688572577965,0.171876636124531,6.41043364902482,TRUE,NA
"b",4.71,-3.58329246692377,-2.0577485246145,-0.945406862163334,0.171570382443726,6.41998490351244,TRUE,NA
"b",4.72,-3.58741383796084,-2.06052936496982,-0.948121132271283,0.171265239878688,6.42953804479277,TRUE,NA
"b",4.73,-3.59153074066596,-2.06330586956874,-0.950831399549236,0.170961202303614,6.43909306114844,TRUE,NA
"b",4.74,-3.59564318877135,-2.06607805659177,-0.953537680539255,0.170658263638527,6.44864994095763,TRUE,NA
"b",4.75,-3.59975119594303,-2.06884594410559,-0.956239991678908,0.170356417848812,6.45820867269311,TRUE,NA
"b",4.76,-3.60385477578128,-2.07160955006395,-0.958938349302118,0.170055658944764,6.46776924492136,TRUE,NA
"b",4.77,-3.607953941821,-2.07436889230851,-0.961632769639998,0.169755980981164,6.47733164630151,TRUE,NA
"b",4.78,-3.61204870753215,-2.07712398856981,-0.964323268821694,0.169457378056832,6.48689586558451,TRUE,NA
"b",4.79,-3.61613908632015,-2.07987485646806,-0.967009862875206,0.169159844314202,6.4964618916122,TRUE,NA
"b",4.8,-3.62022509152629,-2.08262151351406,-0.969692567728208,0.168863373938901,6.50602971331635,TRUE,NA
"b",4.81,-3.62430673642808,-2.08536397711003,-0.972371399208857,0.168567961159334,6.51559931971783,TRUE,NA
"b",4.82,-3.62838403423974,-2.0881022645505,-0.975046373046596,0.168273600246265,6.5251706999257,TRUE,NA
"b",4.83,-3.6324569981125,-2.0908363930231,-0.977717504872952,0.167980285512421,6.53474384313635,TRUE,NA
"b",4.84,-3.63652564113506,-2.09356637960946,-0.980384810222318,0.167688011312089,6.5443187386326,TRUE,NA
"b",4.85,-3.64058997633392,-2.09629224128598,-0.983048304532735,0.167396772040717,6.55389537578289,TRUE,NA
"b",4.86,-3.64465001667383,-2.09901399492468,-0.985708003146667,0.167106562134531,6.56347374404043,TRUE,NA
"b",4.87,-3.64870577505812,-2.10173165729403,-0.98836392131176,0.166817376070146,6.57305383294236,TRUE,NA
"b",4.88,-3.65275726432911,-2.10444524505973,-0.991016074181608,0.166529208364185,6.5826356321089,TRUE,NA
"b",4.89,-3.65680449726845,-2.1071547747855,-0.993664476816494,0.16624205357291,6.59221913124262,TRUE,NA
"b",4.9,-3.66084748659756,-2.10986026293391,-0.996309144184141,0.165955906291849,6.60180432012751,TRUE,NA
"b",4.91,-3.66488624497793,-2.11256172586715,-0.998950091160444,0.165670761155426,6.61139118862831,TRUE,NA
"b",4.92,-3.66892078501155,-2.11525917984779,-1.0015873325302,0.165386612836609,6.62097972668966,TRUE,NA
"b",4.93,-3.67295111924124,-2.11795264103957,-1.00422088298784,0.16510345604655,6.6305699243353,TRUE,NA
"b",4.94,-3.676977260151,-2.12064212550817,-1.00685075713811,0.164821285534225,6.6401617716674,TRUE,NA
"b",4.95,-3.68099922016642,-2.12332764922194,-1.00947696949685,0.164540096086104,6.64975525886568,TRUE,NA
"b",4.96,-3.68501701165502,-2.12600922805268,-1.0120995344916,0.164259882525789,6.65935037618676,TRUE,NA
"b",4.97,-3.68903064692657,-2.12868687777637,-1.01471846646239,0.16398063971369,6.66894711396335,TRUE,NA
"b",4.98,-3.6930401382335,-2.13136061407391,-1.01733377966236,0.163702362546676,6.67854546260359,TRUE,NA
"b",4.99,-3.69704549777121,-2.13403045253184,-1.01994548825848,0.16342504595776,6.68814541259021,TRUE,NA
"b",5,-3.70104673767842,-2.13669640864309,-1.02255360633222,0.163148684915755,6.69774695447996,TRUE,NA
"b",5.01,-3.70504387003756,-2.13935849780768,-1.02515814788019,0.162873274424963,6.70735007890279,TRUE,NA
"b",5.02,-3.70903690687506,-2.14201673533341,-1.02775912681486,0.162598809524853,6.71695477656118,TRUE,NA
"b",5.03,-3.71302586016171,-2.14467113643662,-1.03035655696517,0.162325285289739,6.72656103822949,TRUE,NA
"b",5.04,-3.71701074181302,-2.14732171624283,-1.03295045207719,0.162052696828477,6.73616885475321,TRUE,NA
"b",5.05,-3.72099156368951,-2.14996848978748,-1.03554082581479,0.161781039284149,6.74577821704835,TRUE,NA
"b",5.06,-3.72496833759709,-2.15261147201657,-1.03812769176023,0.161510307833762,6.7553891161007,TRUE,NA
"b",5.07,-3.72894107528737,-2.15525067778739,-1.04071106341487,0.161240497687949,6.76500154296523,TRUE,NA
"b",5.08,-3.732909788458,-2.15788612186917,-1.04329095419971,0.160971604090663,6.77461548876541,TRUE,NA
"b",5.09,-3.73687448875296,-2.16051781894371,-1.04586737745606,0.160703622318891,6.78423094469255,TRUE,NA
"b",5.1,-3.74083518776293,-2.16314578360613,-1.04844034644618,0.160436547682359,6.79384790200521,TRUE,NA
"b",5.11,-3.74479189702561,-2.16577003036544,-1.05100987435381,0.160170375523244,6.8034663520285,TRUE,NA
"b",5.12,-3.74874462802598,-2.16839057364524,-1.05357597428486,0.159905101215887,6.81308628615352,TRUE,NA
"b",5.13,-3.7526933921967,-2.17100742778434,-1.05613865926796,0.159640720166516,6.82270769583668,TRUE,NA
"b",5.14,-3.75663820091838,-2.17362060703743,-1.05869794225505,0.159377227812968,6.83233057259915,TRUE,NA
"b",5.15,-3.76057906551988,-2.17623012557567,-1.061253836122,0.159114619624406,6.84195490802621,TRUE,NA
"b",5.16,-3.76451599727864,-2.17883599748735,-1.06380635366917,0.158852891101056,6.85158069376666,TRUE,NA
"b",5.17,-3.76844900742101,-2.18143823677851,-1.06635550762199,0.15859203777393,6.86120792153226,TRUE,NA
"b",5.18,-3.77237810712251,-2.18403685737353,-1.06890131063153,0.158332055204566,6.87083658309711,TRUE,NA
"b",5.19,-3.77630330750818,-2.18663187311578,-1.07144377527508,0.158072938984758,6.88046667029709,TRUE,NA
"b",5.2,-3.78022461965283,-2.1892232977682,-1.07398291405669,0.157814684736302,6.89009817502925,TRUE,NA
"b",5.21,-3.78414205458139,-2.19181114501391,-1.07651873940774,0.157557288110733,6.89973108925133,TRUE,NA
"b",5.22,-3.78805562326918,-2.19439542845678,-1.07905126368749,0.157300744789072,6.9093654049811,TRUE,NA
"b",5.23,-3.7919653366422,-2.19697616162207,-1.08158049918363,0.157045050481572,6.91900111429589,TRUE,NA
"b",5.24,-3.79587120557746,-2.19955335795697,-1.0841064581128,0.156790200927471,6.92863820933199,TRUE,NA
"b",5.25,-3.79977324090323,-2.2021270308312,-1.08662915262115,0.156536191894744,6.9382766822841,TRUE,NA
"b",5.26,-3.80367145339933,-2.20469719353759,-1.08914859478487,0.156283019179856,6.94791652540488,TRUE,NA
"b",5.27,-3.80756585379746,-2.20726385929262,-1.09166479661069,0.156030678607525,6.95755773100429,TRUE,NA
"b",5.28,-3.81145645278144,-2.20982704123703,-1.09417777003645,0.155779166030477,6.96720029144918,TRUE,NA
"b",5.29,-3.81534326098752,-2.21238675243632,-1.09668752693155,0.155528477329213,6.97684419916272,TRUE,NA
"b",5.3,-3.81922628900462,-2.21494300588138,-1.09919407909753,0.155278608411773,6.9864894466239,TRUE,NA
"b",5.31,-3.82310554737469,-2.21749581448896,-1.10169743826853,0.155029555213507,6.996136026367,TRUE,NA
"b",5.32,-3.82698104659289,-2.22004519110229,-1.10419761611183,0.154781313696844,7.0057839309811,TRUE,NA
"b",5.33,-3.83085279710794,-2.22259114849156,-1.10669462422831,0.154533879851056,7.01543315310964,TRUE,NA
"b",5.34,-3.83472080932236,-2.22513369935448,-1.10918847415298,0.154287249692052,7.0250836854498,TRUE,NA
"b",5.35,-3.83858509359273,-2.22767285631682,-1.11167917735543,0.15404141926214,7.03473552075216,TRUE,NA
"b",5.36,-3.84244566022998,-2.23020863193292,-1.11416674524035,0.15379638462981,7.04438865182012,TRUE,NA
"b",5.37,-3.84630251949968,-2.23274103868624,-1.11665118914803,0.153552141889519,7.05404307150948,TRUE,NA
"b",5.38,-3.85015568162224,-2.23527008898983,-1.11913252035474,0.153308687161475,7.06369877272791,TRUE,NA
"b",5.39,-3.85400515677323,-2.23779579518687,-1.12161075007333,0.153066016591423,7.07335574843455,TRUE,NA
"b",5.4,-3.85785095508362,-2.2403181695512,-1.12408588945361,0.15282412635043,7.08301399163952,TRUE,NA
"b",5.41,-3.86169308664005,-2.24283722428778,-1.12655794958283,0.15258301263468,7.09267349540344,TRUE,NA
"b",5.42,-3.86553156148506,-2.24535297153321,-1.12902694148618,0.15234267166527,7.10233425283702,TRUE,NA
"b",5.43,-3.86936638961739,-2.24786542335625,-1.13149287612718,0.152103099687995,7.1119962571006,TRUE,NA
"b",5.44,-3.8731975809922,-2.25037459175826,-1.13395576440819,0.151864292973152,7.12165950140373,TRUE,NA
"b",5.45,-3.87702514552134,-2.25288048867373,-1.13641561717084,0.151626247815338,7.13132397900465,TRUE,NA
"b",5.46,-3.88084909307359,-2.25538312597075,-1.13887244519646,0.151388960533251,7.14098968320998,TRUE,NA
"b",5.47,-3.88466943347491,-2.25788251545146,-1.14132625920652,0.151152427469496,7.15065660737419,TRUE,NA
"b",5.48,-3.88848617650871,-2.26037866885258,-1.1437770698631,0.15091664499038,7.16032474489923,TRUE,NA
"b",5.49,-3.89229933191606,-2.26287159784583,-1.14622488776927,0.15068160948573,7.16999408923412,TRUE,NA
"b",5.5,-3.89610890939596,-2.26536131403842,-1.14866972346956,0.150447317368698,7.17966463387446,TRUE,NA
"b",5.51,-3.89991491860556,-2.26784782897352,-1.15111158745037,0.15021376507557,7.18933637236213,TRUE,NA
"b",5.52,-3.90371736916044,-2.27033115413069,-1.15355049014038,0.149980949065578,7.19900929828481,TRUE,NA
"b",5.53,-3.9075162706348,-2.27281130092637,-1.155986441911,0.14974886582072,7.20868340527559,TRUE,NA
"b",5.54,-3.91131163256173,-2.27528828071428,-1.15841945307674,0.149517511845569,7.21835868701258,TRUE,NA
"b",5.55,-3.91510346443343,-2.27776210478593,-1.16084953389565,0.149286883667099,7.22803513721853,TRUE,NA
"b",5.56,-3.91889177570146,-2.28023278437103,-1.16327669456972,0.149056977834494,7.23771274966042,TRUE,NA
"b",5.57,-3.92267657577695,-2.2827003306379,-1.16570094524527,0.148827790918979,7.24739151814907,TRUE,NA
"b",5.58,-3.92645787403086,-2.28516475469397,-1.16812229601338,0.148599319513644,7.25707143653879,TRUE,NA
"b",5.59,-3.93023567979416,-2.28762606758616,-1.17054075691024,0.148371560233258,7.26675249872699,TRUE,NA
"b",5.6,-3.93401000235814,-2.29008428030133,-1.1729563379176,0.148144509714109,7.27643469865377,TRUE,NA
"b",5.61,-3.93778085097453,-2.29253940376669,-1.17536904896308,0.147918164613821,7.28611803030161,TRUE,NA
"b",5.62,-3.94154823485583,-2.29499144885026,-1.17777889992066,0.147692521611192,7.29580248769497,TRUE,NA
"b",5.63,-3.94531216317543,-2.29744042636121,-1.18018590061095,0.147467577406023,7.30548806489992,TRUE,NA
"b",5.64,-3.94907264506794,-2.29988634705038,-1.18259006080167,0.147243328718953,7.31517475602382,TRUE,NA
"b",5.65,-3.95282968962932,-2.30232922161058,-1.18499139020795,0.147019772291287,7.3248625552149,TRUE,NA
"b",5.66,-3.95658330591713,-2.30476906067708,-1.18738989849273,0.146796904884844,7.33455145666199,TRUE,NA
"b",5.67,-3.96033350295076,-2.30720587482798,-1.18978559526716,0.146574723281782,7.34424145459413,TRUE,NA
"b",5.68,-3.96408028971164,-2.3096396745846,-1.1921784900909,0.146353224284447,7.35393254328019,TRUE,NA
"b",5.69,-3.96782367514343,-2.31207047041189,-1.19456859247256,0.146132404715213,7.36362471702861,TRUE,NA
"b",5.7,-3.97156366815227,-2.31449827271885,-1.19695591186999,0.145912261416321,7.37331797018701,TRUE,NA
"b",5.71,-3.97530027760696,-2.31692309185885,-1.19934045769066,0.145692791249723,7.38301229714184,TRUE,NA
"b",5.72,-3.97903351233917,-2.31934493813009,-1.20172223929206,0.145473991096933,7.39270769231811,TRUE,NA
"b",5.73,-3.98276338114369,-2.32176382177594,-1.20410126598198,0.145255857858868,7.40240415017903,TRUE,NA
"b",5.74,-3.98648989277858,-2.32417975298535,-1.20647754701889,0.145038388455699,7.41210166522566,TRUE,NA
"b",5.75,-3.9902130559654,-2.32659274189319,-1.20885109161229,0.144821579826701,7.42180023199663,TRUE,NA
"b",5.76,-3.99393287938943,-2.32900279858065,-1.21122190892306,0.144605428930104,7.43149984506783,TRUE,NA
"b",5.77,-3.99764937169984,-2.33140993307562,-1.21359000806375,0.144389932742948,7.44120049905203,TRUE,NA
"b",5.78,-4.00136254150992,-2.33381415535302,-1.21595539809898,0.14417508826093,7.45090218859866,TRUE,NA
"b",5.79,-4.00507239739727,-2.33621547533521,-1.21831808804574,0.143960892498267,7.46060490839342,TRUE,NA
"b",5.8,-4.00877894790398,-2.33861390289233,-1.22067808687371,0.143747342487551,7.47030865315803,TRUE,NA
"b",5.81,-4.01248220153685,-2.34100944784263,-1.22303540350561,0.143534435279603,7.48001341764991,TRUE,NA
"b",5.82,-4.01618216676758,-2.34340211995289,-1.22539004681752,0.143322167943339,7.48971919666187,TRUE,NA
"b",5.83,-4.01987885203297,-2.34579192893873,-1.22774202563919,0.143110537565622,7.49942598502185,TRUE,NA
"b",5.84,-4.0235722657351,-2.34817888446495,-1.23009134875438,0.142899541251134,7.50913377759257,TRUE,NA
"b",5.85,-4.02726241624151,-2.35056299614591,-1.23243802490115,0.142689176122235,7.51884256927131,TRUE,NA
"b",5.86,-4.03094931188543,-2.35294427354586,-1.2347820627722,0.142479439318823,7.52855235498953,TRUE,NA
"b",5.87,-4.03463296096594,-2.35532272617927,-1.23712347101518,0.142270327998203,7.53826312971271,TRUE,NA
"b",5.88,-4.03831337174817,-2.3576983635112,-1.23946225823295,0.14206183933496,7.54797488843996,TRUE,NA
"b",5.89,-4.04199055246346,-2.3600711949576,-1.24179843298397,0.141853970520819,7.55768762620378,TRUE,NA
"b",5.9,-4.04566451130959,-2.36244122988566,-1.24413200378254,0.141646718764517,7.5674013380698,TRUE,NA
"b",5.91,-4.04933525645094,-2.36480847761413,-1.24646297909911,0.141440081291677,7.57711601913648,TRUE,NA
"b",5.92,-4.05300279601865,-2.36717294741367,-1.24879136736061,0.141234055344672,7.58683166453488,TRUE,NA
"b",5.93,-4.05666713811084,-2.36953464850717,-1.25111717695071,0.141028638182508,7.59654826942831,TRUE,NA
"b",5.94,-4.06032829079279,-2.37189359007004,-1.25344041621014,0.140823827080691,7.60626582901218,TRUE,NA
"b",5.95,-4.06398626209707,-2.37424978123057,-1.25576109343696,0.140619619331102,7.61598433851366,TRUE,NA
"b",5.96,-4.06764106002379,-2.37660323107023,-1.25807921688686,0.140416012241884,7.62570379319138,TRUE,NA
"b",5.97,-4.07129269254071,-2.37895394862398,-1.26039479477346,0.140213003137299,7.63542418833532,TRUE,NA
"b",5.98,-4.07494116758346,-2.38130194288058,-1.26270783526856,0.140010589357632,7.64514551926639,TRUE,NA
"b",5.99,-4.0785864930557,-2.38364722278294,-1.26501834650245,0.139808768259047,7.65486778133629,TRUE,NA
"b",6,-4.08222867682927,-2.38598979722835,-1.26732633656418,0.139607537213487,7.6645909699272,TRUE,NA
"b",6.01,-4.08586772674443,-2.38832967506887,-1.26963181350186,0.139406893608542,7.67431508045158,TRUE,NA
"b",6.02,-4.08950365060993,-2.39066686511155,-1.27193478532287,0.139206834847339,7.68404010835185,TRUE,NA
"b",6.03,-4.09313645620328,-2.3930013761188,-1.2742352599942,0.139007358348426,7.69376604910026,TRUE,NA
"b",6.04,-4.09676615127085,-2.39533321680864,-1.27653324544272,0.138808461545657,7.70349289819852,TRUE,NA
"b",6.05,-4.10039274352808,-2.39766239585504,-1.27882874955537,0.138610141888072,7.71322065117766,TRUE,NA
"b",6.06,-4.10401624065961,-2.39998892188815,-1.28112178017953,0.138412396839795,7.72294930359775,TRUE,NA
"b",6.07,-4.10763665031947,-2.40231280349464,-1.28341234512321,0.138215223879907,7.7326788510477,TRUE,NA
"b",6.08,-4.11125398013125,-2.40463404921798,-1.28570045215535,0.138018620502355,7.74240928914495,TRUE,NA
"b",6.09,-4.11486823768823,-2.40695266755871,-1.28798610900604,0.137822584215824,7.75214061353535,TRUE,NA
"b",6.1,-4.11847943055358,-2.40926866697472,-1.29026932336684,0.137627112543638,7.76187281989284,TRUE,NA
"b",6.11,-4.12208756626049,-2.41158205588157,-1.29255010289097,0.137432203023649,7.77160590391928,TRUE,NA
"b",6.12,-4.12569265231237,-2.41389284265272,-1.29482845519361,0.137237853208127,7.78133986134422,TRUE,NA
"b",6.13,-4.12929469618296,-2.41620103561984,-1.29710438785211,0.137044060663663,7.79107468792464,TRUE,NA
"b",6.14,-4.13289370531651,-2.41850664307305,-1.2993779084063,0.136850822971058,7.80081037944477,TRUE,NA
"b",6.15,-4.13648968712796,-2.42080967326124,-1.30164902435867,0.136658137725215,7.81054693171588,TRUE,NA
"b",6.16,-4.14008264900305,-2.4231101343923,-1.30391774317465,0.136466002535037,7.82028434057604,TRUE,NA
"b",6.17,-4.14367259829852,-2.42540803463341,-1.30618407228286,0.136274415023337,7.8300226018899,TRUE,NA
"b",6.18,-4.14725954234222,-2.42770338211128,-1.30844801907532,0.136083372826722,7.83976171154851,TRUE,NA
"b",6.19,-4.15084348843331,-2.42999618491245,-1.31070959090774,0.135892873595496,7.84950166546911,TRUE,NA
"b",6.2,-4.15442444384237,-2.43228645108352,-1.3129687950997,0.135702914993562,7.85924245959487,TRUE,NA
"b",6.21,-4.15800241581157,-2.43457418863143,-1.31522563893492,0.135513494698323,7.86898408989479,TRUE,NA
"b",6.22,-4.16157741155483,-2.43685940552371,-1.31748012966148,0.13532461040059,7.87872655236335,TRUE,NA
"b",6.23,-4.16514943825795,-2.43914210968872,-1.31973227449209,0.135136259804466,7.88846984302047,TRUE,NA
"b",6.24,-4.16871850307877,-2.44142230901593,-1.32198208060425,0.134948440627277,7.89821395791118,TRUE,NA
"b",6.25,-4.17228461314729,-2.44370001135617,-1.32422955514052,0.13476115059945,7.90795889310551,TRUE,NA
"b",6.26,-4.17584777556586,-2.44597522452185,-1.32647470520877,0.134574387464439,7.91770464469824,TRUE,NA
"b",6.27,-4.1794079974093,-2.44824795628722,-1.32871753788235,0.13438814897862,7.92745120880873,TRUE,NA
"b",6.28,-4.18296528572505,-2.45051821438865,-1.33095806020036,0.134202432911199,7.93719858158074,TRUE,NA
"b",6.29,-4.18651964753329,-2.45278600652482,-1.33319627916783,0.134017237044121,7.94694675918221,TRUE,NA
"b",6.3,-4.19007108982714,-2.455051340357,-1.33543220175597,0.133832559171982,7.9566957378051,TRUE,NA
"b",6.31,-4.19361961957272,-2.45731422350927,-1.33766583490239,0.13364839710194,7.96644551366516,TRUE,NA
"b",6.32,-4.19716524370936,-2.45957466356877,-1.33989718551129,0.133464748653611,7.97619608300181,TRUE,NA
"b",6.33,-4.20070796914973,-2.46183266808593,-1.34212626045369,0.133281611658995,7.98594744207793,TRUE,NA
"b",6.34,-4.20424780277991,-2.4640882445747,-1.34435306656764,0.133098983962384,7.99569958717963,TRUE,NA
"b",6.35,-4.20778475145964,-2.46634140051279,-1.34657761065844,0.132916863420271,8.00545251461616,TRUE,NA
"b",6.36,-4.21131882202235,-2.46859214334189,-1.34879989949881,0.132735247901265,8.01520622071964,TRUE,NA
"b",6.37,-4.21485002127538,-2.47084048046794,-1.35101993982918,0.132554135286007,8.02496070184497,TRUE,NA
"b",6.38,-4.21837835600005,-2.47308641926128,-1.35323773835779,0.132373523467084,8.03471595436958,TRUE,NA
"b",6.39,-4.22190383295183,-2.47532996705695,-1.35545330176099,0.132193410348938,8.0444719746933,TRUE,NA
"b",6.4,-4.22542645886049,-2.47757113115486,-1.35766663668338,0.132013793847794,8.05422875923819,TRUE,NA
"b",6.41,-4.22894624043016,-2.47980991882006,-1.35987774973802,0.131834671891567,8.06398630444835,TRUE,NA
"b",6.42,-4.23246318433957,-2.48204633728291,-1.36208664750666,0.131656042419786,8.07374460678974,TRUE,NA
"b",6.43,-4.23597729724206,-2.48428039373934,-1.36429333653993,0.131477903383504,8.08350366275008,TRUE,NA
"b",6.44,-4.23948858576582,-2.48651209535105,-1.3664978233575,0.131300252745228,8.0932634688386,TRUE,NA
"b",6.45,-4.24299705651394,-2.48874144924571,-1.3687001144483,0.131123088478832,8.10302402158591,TRUE,NA
"b",6.46,-4.24650271606459,-2.49096846251721,-1.37090021627075,0.130946408569474,8.11278531754387,TRUE,NA
"b",6.47,-4.25000557097111,-2.49319314222584,-1.37309813525287,0.130770211013527,8.12254735328539,TRUE,NA
"b",6.48,-4.25350562776216,-2.49541549539851,-1.37529387779255,0.130594493818492,8.13231012540427,TRUE,NA
"b",6.49,-4.25700289294183,-2.49763552902896,-1.37748745025768,0.130419255002924,8.14207363051504,TRUE,NA
"b",6.5,-4.26049737298979,-2.49985325007797,-1.37967885898639,0.130244492596353,8.15183786525286,TRUE,NA
"b",6.51,-4.2639890743614,-2.50206866547356,-1.38186811028719,0.130070204639209,8.1616028262733,TRUE,NA
"b",6.52,-4.2674780034878,-2.50428178211119,-1.38405521043917,0.129896389182752,8.17136851025218,TRUE,NA
"b",6.53,-4.27096416677611,-2.50649260685398,-1.38624016569221,0.129723044288983,8.18113491388547,TRUE,NA
"b",6.54,-4.27444757060947,-2.5087011465329,-1.38842298226711,0.12955016803058,8.19090203388913,TRUE,NA
"b",6.55,-4.27792822134722,-2.51090740794695,-1.39060366635583,0.129377758490826,8.2006698669989,TRUE,NA
"b",6.56,-4.28140612532498,-2.5131113978634,-1.39278222412161,0.129205813763527,8.21043840997023,TRUE,NA
"b",6.57,-4.28488128885482,-2.51531312301795,-1.3949586616992,0.129034331952942,8.22020765957809,TRUE,NA
"b",6.58,-4.28835371822532,-2.51751259011493,-1.39713298519498,0.12886331117372,8.22997761261681,TRUE,NA
"b",6.59,-4.29182341970171,-2.51970980582752,-1.39930520068721,0.128692749550816,8.2397482659,TRUE,NA
"b",6.6,-4.29529039952602,-2.52190477679792,-1.40147531422613,0.128522645219425,8.24951961626033,TRUE,NA
"b",6.61,-4.29875466391715,-2.52409750963751,-1.40364333183417,0.128352996324917,8.25929166054942,TRUE,NA
"b",6.62,-4.30221621907103,-2.52628801092712,-1.40580925950612,0.128183801022757,8.26906439563774,TRUE,NA
"b",6.63,-4.30567507116067,-2.52847628721715,-1.40797310320929,0.128015057478446,8.2788378184144,TRUE,NA
"b",6.64,-4.30913122633636,-2.53066234502776,-1.41013486888368,0.127846763867445,8.28861192578703,TRUE,NA
"b",6.65,-4.31258469072571,-2.5328461908491,-1.41229456244217,0.12767891837511,8.29838671468171,TRUE,NA
"b",6.66,-4.31603547043381,-2.53502783114145,-1.41445218977064,0.127511519196628,8.30816218204273,TRUE,NA
"b",6.67,-4.31948357154331,-2.5372072723354,-1.41660775672816,0.127344564536943,8.31793832483252,TRUE,NA
"b",6.68,-4.32292900011457,-2.53938452083208,-1.41876126914719,0.127178052610695,8.32771514003152,TRUE,NA
"b",6.69,-4.32637176218573,-2.54155958300329,-1.42091273283366,0.12701198164215,8.33749262463803,TRUE,NA
"b",6.7,-4.32981186377285,-2.54373246519168,-1.42306215356721,0.126846349865141,8.34727077566804,TRUE,NA
"b",6.71,-4.33324931086999,-2.54590317371098,-1.42520953710131,0.126681155522999,8.3570495901552,TRUE,NA
"b",6.72,-4.33668410944937,-2.5480717148461,-1.42735488916341,0.126516396868487,8.36682906515058,TRUE,NA
"b",6.73,-4.34011626546141,-2.55023809485335,-1.42949821545514,0.126352072163741,8.37660919772263,TRUE,NA
"b",6.74,-4.3435457848349,-2.55240231996061,-1.43163952165242,0.126188179680203,8.38638998495699,TRUE,NA
"b",6.75,-4.34697267347708,-2.5545643963675,-1.43377881340563,0.126024717698562,8.3961714239564,TRUE,NA
"b",6.76,-4.35039693727373,-2.55672433024554,-1.4359160963398,0.125861684508686,8.40595351184059,TRUE,NA
"b",6.77,-4.35381858208931,-2.55888212773832,-1.43805137605469,0.12569907840957,8.41573624574607,TRUE,NA
"b",6.78,-4.35723761376703,-2.56103779496167,-1.44018465812501,0.125536897709266,8.42551962282615,TRUE,NA
"b",6.79,-4.360654038129,-2.56319133800384,-1.44231594810054,0.125375140724822,8.4353036402507,TRUE,NA
"b",6.8,-4.36406786097628,-2.56534276292565,-1.44444525150629,0.125213805782233,8.44508829520606,TRUE,NA
"b",6.81,-4.36747908808903,-2.56749207576065,-1.44657257384262,0.125052891216367,8.45487358489495,TRUE,NA
"b",6.82,-4.37088772522658,-2.56963928251531,-1.44869792058542,0.124892395370915,8.46465950653633,TRUE,NA
"b",6.83,-4.37429377812754,-2.57178438916914,-1.45082129718625,0.124732316598329,8.47444605736527,TRUE,NA
"b",6.84,-4.37769725250992,-2.57392740167488,-1.45294270907248,0.124572653259768,8.48423323463288,TRUE,NA
"b",6.85,-4.38109815407121,-2.57606832595868,-1.45506216164743,0.124413403725033,8.49402103560613,TRUE,NA
"b",6.86,-4.38449648848849,-2.57820716792019,-1.45717966029051,0.124254566372512,8.5038094575678,TRUE,NA
"b",6.87,-4.3878922614185,-2.58034393343278,-1.45929521035738,0.124096139589128,8.51359849781631,TRUE,NA
"b",6.88,-4.39128547849781,-2.58247862834368,-1.46140881718008,0.12393812177028,8.52338815366566,TRUE,NA
"b",6.89,-4.39467614534283,-2.5846112584741,-1.46352048606716,0.123780511319782,8.53317842244528,TRUE,NA
"b",6.9,-4.39806426754999,-2.58674182961945,-1.46563022230383,0.123623306649816,8.54296930149993,TRUE,NA
"b",6.91,-4.40144985069575,-2.58887034754943,-1.46773803115211,0.123466506180869,8.55276078818961,TRUE,NA
"b",6.92,-4.4048329003368,-2.59099681800822,-1.46984391785094,0.123310108341685,8.56255287988943,TRUE,NA
"b",6.93,-4.40821342201005,-2.5931212467146,-1.47194788761633,0.123154111569206,8.57234557398947,TRUE,NA
"b",6.94,-4.4115914212328,-2.59524363936213,-1.4740499456415,0.12299851430852,8.5821388678948,TRUE,NA
"b",6.95,-4.41496690350282,-2.59736400161928,-1.476150097097,0.122843315012809,8.5919327590252,TRUE,NA
"b",6.96,-4.4183398742984,-2.59948233912958,-1.47824834713086,0.122688512143294,8.60172724481517,TRUE,NA
"b",6.97,-4.42171033907852,-2.60159865751177,-1.4803447008687,0.122534104169182,8.61152232271383,TRUE,NA
"b",6.98,-4.42507830328287,-2.60371296235995,-1.48243916341388,0.122380089567617,8.62131799018473,TRUE,NA
"b",6.99,-4.42844377233198,-2.60582525924369,-1.48453173984762,0.122226466823627,8.63111424470585,TRUE,NA
"b",7,-4.43180675162731,-2.60793555370823,-1.48662243522914,0.12207323443007,8.6409110837694,TRUE,NA
"b",7.01,-4.43516724655135,-2.61004385127458,-1.48871125459578,0.121920390887585,8.65070850488183,TRUE,NA
"b",7.02,-4.43852526246767,-2.61215015743966,-1.49079820296312,0.121767934704546,8.66050650556363,TRUE,NA
"b",7.03,-4.44188080472105,-2.61425447767647,-1.49288328532511,0.121615864397002,8.67030508334929,TRUE,NA
"b",7.04,-4.44523387863757,-2.61635681743419,-1.49496650665422,0.121464178488638,8.68010423578717,TRUE,NA
"b",7.05,-4.44858448952467,-2.61845718213837,-1.49704787190152,0.121312875510717,8.68990396043944,TRUE,NA
"b",7.06,-4.45193264267127,-2.62055557719101,-1.49912738599685,0.121161954002035,8.69970425488193,TRUE,NA
"b",7.07,-4.45527834334783,-2.62265200797073,-1.5012050538489,0.121011412508876,8.70950511670411,TRUE,NA
"b",7.08,-4.45862159680646,-2.62474647983289,-1.50328088034536,0.120861249584956,8.71930654350889,TRUE,NA
"b",7.09,-4.46196240828099,-2.62683899810975,-1.50535487035304,0.120711463791381,8.72910853291264,TRUE,NA
"b",7.1,-4.46530078298709,-2.62892956811055,-1.50742702871798,0.120562053696597,8.73891108254503,TRUE,NA
"b",7.11,-4.46863672612229,-2.63101819512171,-1.50949736026557,0.120413017876347,8.74871419004893,TRUE,NA
"b",7.12,-4.47197024286616,-2.63310488440691,-1.51156586980066,0.120264354913615,8.75851785308036,TRUE,NA
"b",7.13,-4.47530133838029,-2.63518964120724,-1.51363256210771,0.120116063398588,8.76832206930839,TRUE,NA
"b",7.14,-4.47863001780847,-2.63727247074132,-1.51569744195088,0.119968141928613,8.778126836415,TRUE,NA
"b",7.15,-4.48195628627669,-2.63935337820546,-1.51776051407413,0.119820589108139,8.78793215209507,TRUE,NA
"b",7.16,-4.4852801488933,-2.64143236877373,-1.51982178320139,0.11967340354868,8.79773801405623,TRUE,NA
"b",7.17,-4.48860161074904,-2.64350944759814,-1.52188125403662,0.119526583868775,8.8075444200188,TRUE,NA
"b",7.18,-4.49192067691714,-2.64558461980874,-1.52393893126394,0.119380128693929,8.81735136771568,TRUE,NA
"b",7.19,-4.49523735245341,-2.64765789051374,-1.52599481954777,0.119234036656582,8.8271588548923,TRUE,NA
"b",7.2,-4.49855164239631,-2.64972926479967,-1.52804892353288,0.11908830639606,8.8369668793065,TRUE,NA
"b",7.21,-4.50186355176704,-2.65179874773144,-1.53010124784458,0.118942936558529,8.84677543872847,TRUE,NA
"b",7.22,-4.5051730855696,-2.65386634435254,-1.53215179708877,0.118797925796954,8.85658453094065,TRUE,NA
"b",7.23,-4.50848024879091,-2.6559320596851,-1.53420057585208,0.118653272771061,8.86639415373765,TRUE,NA
"b",7.24,-4.51178504640084,-2.65799589873001,-1.53624758870195,0.118508976147285,8.87620430492617,TRUE,NA
"b",7.25,-4.51508748335234,-2.66005786646711,-1.53829284018677,0.118365034598737,8.88601498232489,TRUE,NA
"b",7.26,-4.51838756458147,-2.66211796785522,-1.54033633483599,0.118221446805152,8.89582618376445,TRUE,NA
"b",7.27,-4.52168529500753,-2.66417620783232,-1.54237807716017,0.118078211452857,8.90563790708733,TRUE,NA
"b",7.28,-4.5249806795331,-2.66623259131562,-1.54441807165116,0.117935327234723,8.91545015014775,TRUE,NA
"b",7.29,-4.5282737230441,-2.66828712320174,-1.54645632278216,0.117792792850131,8.9252629108116,TRUE,NA
"b",7.3,-4.53156443040993,-2.67033980836676,-1.54849283500784,0.117650607004925,8.93507618695642,TRUE,NA
"b",7.31,-4.5348528064835,-2.67239065166637,-1.55052761276443,0.117508768411366,8.94488997647126,TRUE,NA
"b",7.32,-4.53813885610132,-2.67443965793597,-1.55256066046983,0.117367275788114,8.95470427725659,TRUE,NA
"b",7.33,-4.54142258408357,-2.6764868319908,-1.55459198252374,0.117226127860163,8.96451908722427,TRUE,NA
"b",7.34,-4.54470399523418,-2.67853217862604,-1.5566215833077,0.117085323358815,8.97433440429745,TRUE,NA
"b",7.35,-4.54798309434089,-2.68057570261692,-1.55864946718526,0.116944861021637,8.98415022641052,TRUE,NA
"b",7.36,-4.55125988617537,-2.68261740871884,-1.56067563850201,0.116804739592426,8.99396655150897,TRUE,NA
"b",7.37,-4.55453437549322,-2.68465730166747,-1.56270010158576,0.116664957821163,9.0037833775494,TRUE,NA
"b",7.38,-4.55780656703413,-2.68669538617887,-1.56472286074656,0.116525514463987,9.01360070249937,TRUE,NA
"b",7.39,-4.56107646552187,-2.68873166694959,-1.56674392027684,0.116386408283139,9.02341852433738,TRUE,NA
"b",7.4,-4.56434407566441,-2.69076614865677,-1.56876328445151,0.116247638046944,9.03323684105276,TRUE,NA
"b",7.41,-4.56760940215401,-2.69279883595829,-1.57078095752804,0.116109202529756,9.04305565064565,TRUE,NA
"b",7.42,-4.57087244966723,-2.69482973349281,-1.57279694374657,0.115971100511936,9.05287495112685,TRUE,NA
"b",7.43,-4.57413322286506,-2.69685884587994,-1.57481124732998,0.115833330779802,9.06269474051782,TRUE,NA
"b",7.44,-4.57739172639295,-2.69888617772029,-1.57682387248402,0.115695892125601,9.07251501685057,TRUE,NA
"b",7.45,-4.58064796488091,-2.70091173359561,-1.57883482339739,0.115558783347468,9.08233577816761,TRUE,NA
"b",7.46,-4.58390194294358,-2.7029355180689,-1.58084410424181,0.115422003249398,9.09215702252186,TRUE,NA
"b",7.47,-4.58715366518026,-2.70495753568447,-1.58285171917215,0.115285550641192,9.10197874797661,TRUE,NA
"b",7.48,-4.59040313617502,-2.70697779096809,-1.5848576723265,0.115149424338447,9.11180095260541,TRUE,NA
"b",7.49,-4.59365036049677,-2.70899628842706,-1.58686196782627,0.1150136231625,9.12162363449204,TRUE,NA
"b",7.5,-4.5968953426993,-2.71101303255031,-1.58886460977628,0.114878145940396,9.13144679173045,TRUE,NA
"b",7.51,-4.60013808732137,-2.71302802780855,-1.59086560226484,0.114742991504865,9.14127042242464,TRUE,NA
"b",7.52,-4.60337859888676,-2.71504127865428,-1.59286494936385,0.114608158694278,9.15109452468861,TRUE,NA
"b",7.53,-4.60661688190438,-2.71705278952199,-1.59486265512889,0.114473646352611,9.16091909664638,TRUE,NA
"b",7.54,-4.60985294086827,-2.71906256482816,-1.59685872359931,0.114339453329417,9.17074413643179,TRUE,NA
"b",7.55,-4.61308678025772,-2.72107060897145,-1.5988531587983,0.11420557847979,9.18056964218853,TRUE,NA
"b",7.56,-4.61631840453733,-2.72307692633272,-1.60084596473299,0.114072020664329,9.19039561207004,TRUE,NA
"b",7.57,-4.61954781815704,-2.72508152127517,-1.60283714539457,0.113938778749107,9.20022204423945,TRUE,NA
"b",7.58,-4.62277502555225,-2.72708439814442,-1.60482670475831,0.113805851605641,9.21004893686952,TRUE,NA
"b",7.59,-4.62600003114382,-2.72908556126863,-1.60681464678368,0.113673238110851,9.21987628814258,TRUE,NA
"b",7.6,-4.62922283933821,-2.73108501495854,-1.60880097541444,0.113540937147039,9.22970409625046,TRUE,NA
"b",7.61,-4.63244345452748,-2.73308276350762,-1.61078569457874,0.113408947601844,9.23953235939442,TRUE,NA
"b",7.62,-4.63566188108939,-2.73507881119213,-1.61276880818915,0.113277268368217,9.24936107578514,TRUE,NA
"b",7.63,-4.63887812338744,-2.73707316227123,-1.6147503201428,0.113145898344391,9.25919024364257,TRUE,NA
"b",7.64,-4.64209218577098,-2.73906582098705,-1.61673023432141,0.113014836433842,9.26901986119596,TRUE,NA
"b",7.65,-4.64530407257521,-2.74105679156482,-1.61870855459143,0.112884081545268,9.27884992668375,TRUE,NA
"b",7.66,-4.64851378812127,-2.74304607821292,-1.62068528480409,0.112753632592545,9.28868043835349,TRUE,NA
"b",7.67,-4.65172133671632,-2.74503368512298,-1.62266042879546,0.112623488494707,9.29851139446186,TRUE,NA
"b",7.68,-4.6549267226536,-2.74701961646998,-1.62463399038657,0.112493648175913,9.30834279327453,TRUE,NA
"b",7.69,-4.65812995021244,-2.74900387641235,-1.62660597338348,0.11236411056541,9.31817463306614,TRUE,NA
"b",7.7,-4.6613310236584,-2.75098646909202,-1.62857638157734,0.112234874597511,9.32800691212025,TRUE,NA
"b",7.71,-4.66452994724327,-2.75296739863454,-1.63054521874449,0.112105939211557,9.33783962872925,TRUE,NA
"b",7.72,-4.66772672520515,-2.75494666914916,-1.63251248864654,0.111977303351897,9.34767278119435,TRUE,NA
"b",7.73,-4.67092136176852,-2.7569242847289,-1.63447819503041,0.11184896596785,9.35750636782547,TRUE,NA
"b",7.74,-4.6741138611443,-2.75890024945068,-1.63644234162846,0.111720926013674,9.36734038694125,TRUE,NA
"b",7.75,-4.67730422752988,-2.76087456737534,-1.63840493215855,0.111593182448551,9.37717483686888,TRUE,NA
"b",7.76,-4.68049246510923,-2.76284724254778,-1.64036597032409,0.11146573423654,9.38700971594421,TRUE,NA
"b",7.77,-4.6836785780529,-2.76481827899702,-1.64232545981414,0.111338580346557,9.39684502251156,TRUE,NA
"b",7.78,-4.68686257051812,-2.76678768073629,-1.6442834043035,0.111211719752351,9.40668075492371,TRUE,NA
"b",7.79,-4.69004444664887,-2.76875545176309,-1.64623980745273,0.111085151432464,9.41651691154185,TRUE,NA
"b",7.8,-4.69322421057588,-2.77072159605933,-1.6481946729083,0.110958874370213,9.42635349073555,TRUE,NA
"b",7.81,-4.69640186641675,-2.77268611759135,-1.6501480043026,0.110832887553655,9.43619049088266,TRUE,NA
"b",7.82,-4.69957741827596,-2.77464902031002,-1.65209980525403,0.110707189975567,9.44602791036926,TRUE,NA
"b",7.83,-4.70275087024496,-2.77661030815087,-1.65405007936712,0.110581780633407,9.45586574758969,TRUE,NA
"b",7.84,-4.70592222640222,-2.77856998503408,-1.65599883023253,0.110456658529301,9.46570400094636,TRUE,NA
"b",7.85,-4.70909149081326,-2.78052805486463,-1.65794606142715,0.11033182267,9.47554266884983,TRUE,NA
"b",7.86,-4.71225866753075,-2.78248452153236,-1.65989177651421,0.110207272066867,9.48538174971867,TRUE,NA
"b",7.87,-4.71542376059453,-2.78443938891205,-1.66183597904329,0.110083005735843,9.49522124197945,TRUE,NA
"b",7.88,-4.71858677403168,-2.78639266086347,-1.66377867255043,0.109959022697417,9.5050611440667,TRUE,NA
"b",7.89,-4.72174771185658,-2.78834434123153,-1.66571986055819,0.109835321976609,9.51490145442282,TRUE,NA
"b",7.9,-4.72490657807095,-2.79029443384626,-1.66765954657571,0.10971190260294,9.52474217149808,TRUE,NA
"b",7.91,-4.72806337666391,-2.79224294252297,-1.6695977340988,0.109588763610397,9.5345832937505,TRUE,NA
"b",7.92,-4.73121811161205,-2.79418987106229,-1.67153442660999,0.109465904037424,9.54442481964589,TRUE,NA
"b",7.93,-4.73437078687947,-2.79613522325023,-1.67346962757861,0.109343322926879,9.55426674765773,TRUE,NA
"b",7.94,-4.73752140641783,-2.79807900285831,-1.67540334046085,0.109221019326024,9.56410907626715,TRUE,NA
"b",7.95,-4.74066997416641,-2.80002121364356,-1.67733556869983,0.109098992286484,9.57395180396289,TRUE,NA
"b",7.96,-4.74381649405216,-2.80196185934867,-1.67926631572567,0.108977240864236,9.58379492924124,TRUE,NA
"b",7.97,-4.74696096998975,-2.80390094370201,-1.68119558495556,0.108855764119576,9.593638450606,TRUE,NA
"b",7.98,-4.75010340588165,-2.80583847041772,-1.68312337979381,0.108734561117096,9.60348236656843,TRUE,NA
"b",7.99,-4.75324380561814,-2.80777444319581,-1.68504970363193,0.108613630925657,9.6133266756472,TRUE,NA
"b",8,-4.75638217307739,-2.80970886572218,-1.68697455984871,0.10849297261837,9.62317137636834,TRUE,NA
"b",8.01,-4.75951851212549,-2.81164174166872,-1.68889795181023,0.108372585272568,9.63301646726523,TRUE,NA
"b",8.02,-4.76265282661654,-2.81357307469341,-1.69081988287,0.108252467969783,9.64286194687847,TRUE,NA
"b",8.03,-4.76578512039265,-2.81550286844035,-1.69274035636897,0.108132619795717,9.65270781375597,TRUE,NA
"b",8.04,-4.76891539728404,-2.81743112653982,-1.69465937563561,0.108013039840228,9.66255406645277,TRUE,NA
"b",8.05,-4.77204366110905,-2.8193578526084,-1.69657694398597,0.107893727197296,9.67240070353107,TRUE,NA
"b",8.06,-4.77516991567423,-2.82128305024902,-1.69849306472374,0.107774680965009,9.68224772356018,TRUE,NA
"b",8.07,-4.77829416477434,-2.82320672305101,-1.70040774114035,0.107655900245529,9.69209512511644,TRUE,NA
"b",8.08,-4.78141641219244,-2.82512887459018,-1.70232097651496,0.107537384145082,9.70194290678323,TRUE,NA
"b",8.09,-4.78453666169995,-2.82704950842889,-1.70423277411459,0.107419131773921,9.7117910671509,TRUE,NA
"b",8.1,-4.78765491705665,-2.82896862811613,-1.70614313719415,0.107301142246316,9.72163960481669,TRUE,NA
"b",8.11,-4.79077118201076,-2.83088623718758,-1.7080520689965,0.107183414680519,9.73148851838475,TRUE,NA
"b",8.12,-4.793885460299,-2.83280233916567,-1.70995957275251,0.10706594819875,9.7413378064661,TRUE,NA
"b",8.13,-4.7969977556466,-2.83471693755963,-1.71186565168114,0.106948741927175,9.75118746767852,TRUE,NA
"b",8.14,-4.8001080717674,-2.83663003586561,-1.71377030898947,0.106831794995878,9.76103750064654,TRUE,NA
"b",8.15,-4.80321641236385,-2.83854163756669,-1.7156735478728,0.106715106538839,9.77088790400146,TRUE,NA
"b",8.16,-4.80632278112709,-2.84045174613299,-1.71757537151465,0.106598675693923,9.78073867638122,TRUE,NA
"b",8.17,-4.80942718173697,-2.84236036502169,-1.71947578308689,0.106482501602842,9.7905898164304,TRUE,NA
"b",8.18,-4.81252961786213,-2.84426749767715,-1.72137478574972,0.106366583411145,9.80044132280018,TRUE,NA
"b",8.19,-4.81563009316002,-2.84617314753091,-1.72327238265182,0.106250920268194,9.81029319414831,TRUE,NA
"b",8.2,-4.81872861127695,-2.84807731800182,-1.72516857693031,0.106135511327137,9.82014542913903,TRUE,NA
"b",8.21,-4.82182517584816,-2.84998001249604,-1.72706337171088,0.106020355744895,9.82999802644309,TRUE,NA
"b",8.22,-4.82491979049784,-2.85188123440716,-1.72895677010781,0.105905452682137,9.83985098473765,TRUE,NA
"b",8.23,-4.82801245883918,-2.85378098711623,-1.73084877522406,0.105790801303259,9.84970430270629,TRUE,NA
"b",8.24,-4.83110318447443,-2.85567927399182,-1.73273939015128,0.105676400776363,9.85955797903893,TRUE,NA
"b",8.25,-4.83419197099493,-2.85757609839011,-1.73462861796989,0.105562250273234,9.86941201243184,TRUE,NA
"b",8.26,-4.83727882198118,-2.85947146365491,-1.73651646174916,0.105448348969329,9.87926640158757,TRUE,NA
"b",8.27,-4.84036374100283,-2.86136537311776,-1.73840292454721,0.105334696043747,9.88912114521488,TRUE,NA
"b",8.28,-4.8434467316188,-2.86325783009798,-1.74028800941111,0.105221290679206,9.89897624202878,TRUE,NA
"b",8.29,-4.84652779737726,-2.86514883790271,-1.74217171937694,0.105108132062036,9.90883169075045,TRUE,NA
"b",8.3,-4.84960694181572,-2.86703839982701,-1.74405405746979,0.104995219382147,9.91868749010721,TRUE,NA
"b",8.31,-4.85268416846105,-2.86892651915387,-1.74593502670387,0.104882551833017,9.92854363883245,TRUE,NA
"b",8.32,-4.85575948082951,-2.87081319915432,-1.74781463008253,0.10477012861167,9.93840013566563,TRUE,NA
"b",8.33,-4.85883288242684,-2.87269844308743,-1.74969287059833,0.104657948918651,9.94825697935227,TRUE,NA
"b",8.34,-4.86190437674826,-2.87458225420045,-1.7515697512331,0.104546011958012,9.95811416864385,TRUE,NA
"b",8.35,-4.86497396727853,-2.87646463572879,-1.75344527495796,0.104434316937295,9.96797170229781,TRUE,NA
"b",8.36,-4.86804165749201,-2.8783455908961,-1.75531944473341,0.104322863067507,9.9778295790775,TRUE,NA
"b",8.37,-4.87110745085265,-2.88022512291438,-1.75719226350934,0.104211649563103,9.98768779775221,TRUE,NA
"b",8.38,-4.87417135081411,-2.88210323498395,-1.75906373422514,0.10410067564197,9.99754635709699,TRUE,NA
"b",8.39,-4.87723336081972,-2.88397993029358,-1.76093385980969,0.103989940525404,10.0074052558928,TRUE,NA
"b",8.4,-4.88029348430259,-2.8858552120205,-1.76280264318146,0.103879443438091,10.0172644929263,TRUE,NA
"b",8.41,-4.88335172468562,-2.88772908333048,-1.76467008724852,0.103769183608094,10.02712406699,TRUE,NA
"b",8.42,-4.88640808538153,-2.8896015473779,-1.76653619490861,0.103659160266831,10.0369839768819,TRUE,NA
"b",8.43,-4.88946256979292,-2.89147260730575,-1.76840096904921,0.103549372649054,10.046844221406,TRUE,NA
"b",8.44,-4.89251518131234,-2.89334226624574,-1.77026441254754,0.103439819992833,10.0567047993717,TRUE,NA
"b",8.45,-4.89556592332227,-2.89521052731835,-1.77212652827067,0.103330501539544,10.0665657095942,TRUE,NA
"b",8.46,-4.89861479919518,-2.89707739363284,-1.77398731907552,0.103221416533842,10.076426950894,TRUE,NA
"b",8.47,-4.90166181229361,-2.89894286828735,-1.77584678780892,0.103112564223645,10.0862885220974,TRUE,NA
"b",8.48,-4.90470696597016,-2.90080695436894,-1.77770493730769,0.10300394386012,10.0961504220362,TRUE,NA
"b",8.49,-4.90775026356758,-2.90266965495364,-1.77956177039863,0.102895554697659,10.1060126495476,TRUE,NA
"b",8.5,-4.91079170841874,-2.90453097310651,-1.78141728989862,0.102787395993876,10.1158752034742,TRUE,NA
"b",8.51,-4.91383130384674,-2.90639091188167,-1.78327149861467,0.102679467009569,10.1257380826641,TRUE,NA
"b",8.52,-4.91686905316492,-2.9082494743224,-1.7851243993439,0.102571767008718,10.1356012859709,TRUE,NA
"b",8.53,-4.91990495967689,-2.91010666346114,-1.78697599487366,0.102464295258463,10.1454648122533,TRUE,NA
"b",8.54,-4.9229390266766,-2.91196248231957,-1.78882628798157,0.102357051029083,10.1553286603755,TRUE,NA
"b",8.55,-4.92597125744832,-2.91381693390866,-1.7906752814355,0.102250033593991,10.1651928292069,TRUE,NA
"b",8.56,-4.92900165526675,-2.91567002122871,-1.79252297799371,0.102143242229702,10.1750573176224,TRUE,NA
"b",8.57,-4.93203022339703,-2.91752174726943,-1.79436938040481,0.102036676215824,10.1849221245017,TRUE,NA
"b",8.58,-4.93505696509475,-2.91937211500995,-1.79621449140788,0.101930334835047,10.1947872487301,TRUE,NA
"b",8.59,-4.93808188360602,-2.92122112741889,-1.79805831373244,0.101824217373115,10.2046526891979,TRUE,NA
"b",8.6,-4.94110498216751,-2.92306878745442,-1.79990085009859,0.101718323118815,10.2145184448006,TRUE,NA
"b",8.61,-4.94412626400649,-2.9249150980643,-1.80174210321694,0.101612651363962,10.2243845144387,TRUE,NA
"b",8.62,-4.94714573234082,-2.92676006218593,-1.80358207578877,0.101507201403383,10.2342508970179,TRUE,NA
"b",8.63,-4.95016339037905,-2.92860368274639,-1.80542077050597,0.101401972534895,10.2441175914489,TRUE,NA
"b",8.64,-4.95317924132042,-2.9304459626625,-1.80725819005118,0.101296964059301,10.2539845966475,TRUE,NA
"b",8.65,-4.95619328835493,-2.93228690484088,-1.80909433709775,0.10119217528036,10.2638519115344,TRUE,NA
"b",8.66,-4.95920553466332,-2.93412651217797,-1.81092921430984,0.10108760550478,10.2737195350353,TRUE,NA
"b",8.67,-4.96221598341717,-2.9359647875601,-1.81276282434245,0.100983254042201,10.2835874660808,TRUE,NA
"b",8.68,-4.9652246377789,-2.93780173386353,-1.81459516984143,0.100879120205177,10.2934557036065,TRUE,NA
"b",8.69,-4.9682315009018,-2.9396373539545,-1.81642625344359,0.100775203309166,10.3033242465529,TRUE,NA
"b",8.7,-4.9712365759301,-2.94147165068928,-1.81825607777666,0.100671502672504,10.3131930938652,TRUE,NA
"b",8.71,-4.97423986599898,-2.9433046269142,-1.82008464545941,0.100568017616403,10.3230622444936,TRUE,NA
"b",8.72,-4.97724137423462,-2.94513628546573,-1.82191195910164,0.100464747464924,10.3329316973929,TRUE,NA
"b",8.73,-4.98024110375421,-2.94696662917047,-1.82373802130424,0.100361691544976,10.3428014515229,TRUE,NA
"b",8.74,-4.98323905766601,-2.94879566084528,-1.82556283465925,0.100258849186281,10.352671505848,TRUE,NA
"b",8.75,-4.9862352390694,-2.95062338329725,-1.82738640174984,0.100156219721378,10.3625418593374,TRUE,NA
"b",8.76,-4.98922965105485,-2.95244979932376,-1.82920872515044,0.1000538024856,10.3724125109649,TRUE,NA
"b",8.77,-4.99222229670405,-2.95427491171258,-1.83102980742671,0.0999515968170557,10.382283459709,TRUE,NA
"b",8.78,-4.99521317908985,-2.95609872324183,-1.8328496511356,0.0998496020566244,10.3921547045529,TRUE,NA
"b",8.79,-4.99820230127637,-2.95792123668011,-1.8346682588254,0.0997478175479332,10.4020262444844,TRUE,NA
"b",8.8,-5.00118966631898,-2.95974245478647,-1.8364856330358,0.0996462426373443,10.4118980784958,TRUE,NA
"b",8.81,-5.00417527726437,-2.9615623803105,-1.83830177629786,0.0995448766739466,10.4217702055839,TRUE,NA
"b",8.82,-5.00715913715057,-2.96338101599237,-1.84011669113412,0.0994437190095332,10.4316426247504,TRUE,NA
"b",8.83,-5.01014124900696,-2.96519836456286,-1.84193038005863,0.0993427689985942,10.441515335001,TRUE,NA
"b",8.84,-5.01312161585437,-2.96701442874341,-1.84374284557694,0.0992420259982927,10.4513883353463,TRUE,NA
"b",8.85,-5.01610024070505,-2.96882921124615,-1.8455540901862,0.0991414893684648,10.4612616248012,TRUE,NA
"b",8.86,-5.01907712656271,-2.97064271477397,-1.84736411637515,0.0990411584715947,10.4711352023849,TRUE,NA
"b",8.87,-5.0220522764226,-2.97245494202056,-1.84917292662419,0.0989410326728053,10.4810090671214,TRUE,NA
"b",8.88,-5.02502569327148,-2.97426589567041,-1.85098052340542,0.0988411113398446,10.4908832180385,TRUE,NA
"b",8.89,-5.02799738008772,-2.9760755783989,-1.85278690918264,0.0987413938430697,10.5007576541689,TRUE,NA
"b",8.9,-5.03096733984126,-2.97788399287233,-1.85459208641144,0.0986418795554376,10.5106323745494,TRUE,NA
"b",8.91,-5.03393557549371,-2.97969114174795,-1.85639605753919,0.0985425678524838,10.5205073782211,TRUE,NA
"b",8.92,-5.03690208999832,-2.98149702767402,-1.85819882500511,0.0984434581123201,10.5303826642295,TRUE,NA
"b",8.93,-5.03986688630009,-2.98330165328981,-1.86000039124031,0.0983445497156121,10.5402582316241,TRUE,NA
"b",8.94,-5.04282996733571,-2.98510502122571,-1.86180075866779,0.0982458420455692,10.550134079459,TRUE,NA
"b",8.95,-5.04579133603366,-2.9869071341032,-1.86359992970252,0.0981473344879329,10.5600102067923,TRUE,NA
"b",8.96,-5.04875099531422,-2.98870799453495,-1.86539790675143,0.0980490264309601,10.5698866126863,TRUE,NA
"b",8.97,-5.0517089480895,-2.99050760512482,-1.8671946922135,0.097950917265416,10.5797632962075,TRUE,NA
"b",8.98,-5.05466519726348,-2.9923059684679,-1.86899028847977,0.097853006384554,10.5896402564266,TRUE,NA
"b",8.99,-5.05761974573202,-2.99410308715058,-1.87078469793336,0.0977552931841084,10.5995174924183,TRUE,NA
"b",9,-5.06057259638291,-2.99589896375057,-1.87257792294952,0.0976577770622784,10.6093950032616,TRUE,NA
"b",9.01,-5.0635237520959,-2.99769360083694,-1.87436996589568,0.0975604574197217,10.6192727880394,TRUE,NA
"b",9.02,-5.06647321574274,-2.99948700097017,-1.87616082913148,0.0974633336595296,10.6291508458386,TRUE,NA
"b",9.03,-5.06942099018718,-3.00127916670217,-1.87795051500877,0.0973664051872269,10.6390291757504,TRUE,NA
"b",9.04,-5.07236707828502,-3.00307010057634,-1.87973902587169,0.0972696714107544,10.6489077768697,TRUE,NA
"b",9.05,-5.07531148288415,-3.00485980512757,-1.88152636405669,0.0971731317404556,10.6587866482957,TRUE,NA
"b",9.06,-5.07825420682456,-3.00664828288235,-1.88331253189255,0.097076785589064,10.6686657891313,TRUE,NA
"b",9.07,-5.08119525293838,-3.00843553635873,-1.88509753170045,0.0969806323716971,10.6785451984835,TRUE,NA
"b",9.08,-5.08413462404992,-3.01022156806641,-1.88688136579394,0.0968846715058369,10.6884248754632,TRUE,NA
"b",9.09,-5.08707232297568,-3.01200638050676,-1.88866403647906,0.09678890241132,10.6983048191851,TRUE,NA
"b",9.1,-5.09000835252439,-3.01378997617284,-1.8904455460543,0.0966933245103272,10.708185028768,TRUE,NA
"b",9.11,-5.09294271549704,-3.01557235754948,-1.89222589681066,0.0965979372273735,10.7180655033343,TRUE,NA
"b",9.12,-5.09587541468691,-3.01735352711328,-1.8940050910317,0.0965027399892886,10.7279462420105,TRUE,NA
"b",9.13,-5.0988064528796,-3.01913348733265,-1.89578313099356,0.0964077322252126,10.7378272439266,TRUE,NA
"b",9.14,-5.10173583285304,-3.02091224066788,-1.89756001896498,0.096312913366583,10.7477085082167,TRUE,NA
"b",9.15,-5.10466355737756,-3.02268978957113,-1.89933575720735,0.0962182828471203,10.7575900340185,TRUE,NA
"b",9.16,-5.10758962921588,-3.0244661364865,-1.90111034797473,0.0961238401028197,10.7674718204736,TRUE,NA
"b",9.17,-5.11051405112315,-3.02624128385004,-1.90288379351391,0.0960295845719359,10.7773538667271,TRUE,NA
"b",9.18,-5.11343682584699,-3.02801523408983,-1.9046560960644,0.0959355156949755,10.7872361719282,TRUE,NA
"b",9.19,-5.11635795612751,-3.02978798962596,-1.90642725785849,0.0958416329146821,10.7971187352293,TRUE,NA
"b",9.2,-5.11927744469733,-3.0315595528706,-1.90819728112129,0.0957479356760307,10.8070015557868,TRUE,NA
"b",9.21,-5.12219529428163,-3.03332992622803,-1.90996616807073,0.0956544234262098,10.8168846327609,TRUE,NA
"b",9.22,-5.12511150759815,-3.03509911209467,-1.91173392091762,0.0955610956146136,10.8267679653149,TRUE,NA
"b",9.23,-5.12802608735723,-3.03686711285911,-1.91350054186566,0.0954679516928336,10.8366515526163,TRUE,NA
"b",9.24,-5.13093903626187,-3.03863393090216,-1.91526603311151,0.0953749911146398,10.8465353938358,TRUE,NA
"b",9.25,-5.13385035700769,-3.04039956859688,-1.91703039684475,0.0952822133359796,10.8564194881479,TRUE,NA
"b",9.26,-5.13676005228301,-3.04216402830859,-1.918793635248,0.0951896178149578,10.8663038347306,TRUE,NA
"b",9.27,-5.13966812476888,-3.04392731239496,-1.92055575049688,0.0950972040118345,10.8761884327653,TRUE,NA
"b",9.28,-5.14257457713907,-3.04568942320597,-1.92231674476006,0.0950049713890051,10.886073281437,TRUE,NA
"b",9.29,-5.14547941206011,-3.04745036308401,-1.92407662019931,0.0949129194109992,10.8959583799344,TRUE,NA
"b",9.3,-5.14838263219135,-3.04921013436388,-1.92583537896952,0.0948210475444595,10.9058437274495,TRUE,NA
"b",9.31,-5.15128424018494,-3.05096873937281,-1.9275930232187,0.0947293552581452,10.9157293231777,TRUE,NA
"b",9.32,-5.15418423868588,-3.05272618043053,-1.92934955508808,0.0946378420229057,10.9256151663179,TRUE,NA
"b",9.33,-5.15708263033206,-3.0544824598493,-1.93110497671206,0.0945465073116831,10.9355012560726,TRUE,NA
"b",9.34,-5.15997941775425,-3.05623757993389,-1.93285929021828,0.0944553505994925,10.9453875916475,TRUE,NA
"b",9.35,-5.16287460357616,-3.05799154298169,-1.93461249772766,0.0943643713634201,10.9552741722516,TRUE,NA
"b",9.36,-5.16576819041445,-3.05974435128267,-1.93636460135441,0.0942735690826058,10.9651609970977,TRUE,NA
"b",9.37,-5.16866018087875,-3.06149600711947,-1.93811560320605,0.0941829432382355,10.9750480654015,TRUE,NA
"b",9.38,-5.17155057757172,-3.0632465127674,-1.93986550538348,0.094092493313537,10.9849353763823,TRUE,NA
"b",9.39,-5.17443938308902,-3.06499587049447,-1.94161430998095,0.0940022187937553,10.9948229292627,TRUE,NA
"b",9.4,-5.17732660001939,-3.06674408256145,-1.94336201908614,0.0939121191661627,11.0047107232683,TRUE,NA
"b",9.41,-5.18021223094465,-3.06849115122187,-1.94510863478016,0.0938221939200292,11.0145987576285,TRUE,NA
"b",9.42,-5.18309627843971,-3.07023707872206,-1.94685415913759,0.0937324425466235,11.0244870315756,TRUE,NA
"b",9.43,-5.18597874507264,-3.0719818673012,-1.94859859422651,0.0936428645392047,11.0343755443452,TRUE,NA
"b",9.44,-5.18885963340465,-3.07372551919132,-1.95034194210851,0.0935534593930067,11.0442642951762,TRUE,NA
"b",9.45,-5.19173894599013,-3.07546803661738,-1.95208420483874,0.0934642266052297,11.0541532833107,TRUE,NA
"b",9.46,-5.1946166853767,-3.07720942179722,-1.95382538446593,0.0933751656750328,11.064042507994,TRUE,NA
"b",9.47,-5.1974928541052,-3.07894967694168,-1.95556548303241,0.0932862761035231,11.0739319684746,TRUE,NA
"b",9.48,-5.20036745470972,-3.08068880425457,-1.95730450257415,0.0931975573937498,11.0838216640041,TRUE,NA
"b",9.49,-5.20324048971766,-3.08242680593273,-1.95904244512077,0.093109009050683,11.0937115938373,TRUE,NA
"b",9.5,-5.2061119616497,-3.08416368416604,-1.96077931269559,0.0930206305812233,11.1036017572321,TRUE,NA
"b",9.51,-5.20898187301987,-3.08589944113746,-1.96251510731564,0.0929324214941718,11.1134921534496,TRUE,NA
"b",9.52,-5.21185022633554,-3.08763407902307,-1.96424983099169,0.0928443813002398,11.1233827817538,TRUE,NA
"b",9.53,-5.21471702409749,-3.08936759999207,-1.96598348572828,0.0927565095120215,11.1332736414121,TRUE,NA
"b",9.54,-5.21758226879986,-3.09110000620685,-1.96771607352374,0.0926688056440041,11.1431647316947,TRUE,NA
"b",9.55,-5.22044596293027,-3.092831299823,-1.96944759637024,0.0925812692125376,11.1530560518749,TRUE,NA
"b",9.56,-5.22330810896976,-3.0945614829893,-1.97117805625378,0.0924938997358473,11.1629476012292,TRUE,NA
"b",9.57,-5.22616870939284,-3.09629055784782,-1.97290745515422,0.0924066967340056,11.1728393790368,TRUE,NA
"b",9.58,-5.22902776666756,-3.09801852653392,-1.97463579504536,0.0923196597289362,11.1827313845803,TRUE,NA
"b",9.59,-5.23188528325545,-3.09974539117624,-1.97636307789489,0.0922327882443992,11.192623617145,TRUE,NA
"b",9.6,-5.23474126161162,-3.10147115389679,-1.97808930566446,0.0921460818059838,11.2025160760192,TRUE,NA
"b",9.61,-5.23759570418472,-3.10319581681094,-1.97981448030971,0.0920595399410975,11.2124087604943,TRUE,NA
"b",9.62,-5.24044861341703,-3.10491938202745,-1.98153860378027,0.0919731621789612,11.2223016698645,TRUE,NA
"b",9.63,-5.24329999174442,-3.10664185164854,-1.98326167801981,0.0918869480505986,11.232194803427,TRUE,NA
"b",9.64,-5.2461498415964,-3.10836322776983,-1.98498370496602,0.0918008970888256,11.2420881604819,TRUE,NA
"b",9.65,-5.24899816539617,-3.11008351248047,-1.98670468655071,0.0917150088282455,11.2519817403323,TRUE,NA
"b",9.66,-5.25184496556058,-3.11180270786311,-1.98842462469977,0.0916292828052332,11.2618755422839,TRUE,NA
"b",9.67,-5.25469024450021,-3.11352081599391,-1.99014352133321,0.0915437185579386,11.2717695656456,TRUE,NA
"b",9.68,-5.25753400461936,-3.11523783894261,-1.99186137836522,0.0914583156262685,11.2816638097289,TRUE,NA
"b",9.69,-5.26037624831611,-3.11695377877257,-1.99357819770414,0.0913730735518792,11.2915582738483,TRUE,NA
"b",9.7,-5.26321697798228,-3.11866863754073,-1.99529398125252,0.0912879918781724,11.3014529573209,TRUE,NA
"b",9.71,-5.26605619600352,-3.12038241729768,-1.99700873090713,0.0912030701502835,11.311347859467,TRUE,NA
"b",9.72,-5.26889390475926,-3.12209512008771,-1.99872244855901,0.0911183079150741,11.3212429796093,TRUE,NA
"b",9.73,-5.27173010662283,-3.12380674794878,-2.00043513609344,0.0910337047211258,11.3311383170735,TRUE,NA
"b",9.74,-5.27456480396137,-3.12551730291259,-2.00214679539003,0.0909492601187267,11.341033871188,TRUE,NA
"b",9.75,-5.27739799913593,-3.12722678700458,-2.00385742832269,0.0908649736598686,11.3509296412839,TRUE,NA
"b",9.76,-5.28022969450148,-3.12893520224398,-2.00556703675967,0.0907808448982381,11.3608256266952,TRUE,NA
"b",9.77,-5.2830598924069,-3.13064255064382,-2.00727562256362,0.0906968733892075,11.3707218267584,TRUE,NA
"b",9.78,-5.28588859519504,-3.13234883421096,-2.00898318759154,0.0906130586898235,11.380618240813,TRUE,NA
"b",9.79,-5.2887158052027,-3.13405405494612,-2.01068973369487,0.0905294003588057,11.3905148682008,TRUE,NA
"b",9.8,-5.29154152476069,-3.13575821484389,-2.01239526271948,0.0904458979565366,11.4004117082667,TRUE,NA
"b",9.81,-5.29436575619384,-3.13746131589277,-2.01409977650571,0.0903625510450485,11.410308760358,TRUE,NA
"b",9.82,-5.29718850182101,-3.13916336007519,-2.01580327688837,0.0902793591880249,11.4202060238247,TRUE,NA
"b",9.83,-5.30000976395512,-3.14086434936756,-2.01750576569679,0.0901963219507822,11.4301034980195,TRUE,NA
"b",9.84,-5.30282954490315,-3.14256428574024,-2.0192072447548,0.090113438900274,11.4400011822978,TRUE,NA
"b",9.85,-5.30564784696623,-3.14426317115762,-2.02090771588083,0.0900307096050712,11.4498990760173,TRUE,NA
"b",9.86,-5.30846467243955,-3.14596100757811,-2.02260718088784,0.0899481336353629,11.4597971785388,TRUE,NA
"b",9.87,-5.3112800236125,-3.14765779695418,-2.02430564158341,0.0898657105629481,11.4696954892251,TRUE,NA
"b",9.88,-5.31409390276858,-3.14935354123239,-2.02600309976972,0.0897834399612205,11.4795940074421,TRUE,NA
"b",9.89,-5.3169063121855,-3.1510482423534,-2.02769955724362,0.0897013214051707,11.489492732558,TRUE,NA
"b",9.9,-5.31971725413519,-3.15274190225199,-2.02939501579659,0.0896193544713757,11.4993916639436,TRUE,NA
"b",9.91,-5.32252673088376,-3.1544345228571,-2.03108947721481,0.0895375387379853,11.5092908009722,TRUE,NA
"b",9.92,-5.32533474469161,-3.15612610609187,-2.03278294327918,0.089455873784726,11.5191901430196,TRUE,NA
"b",9.93,-5.32814129781337,-3.15781665387362,-2.03447541576529,0.0893743591928815,11.5290896894643,TRUE,NA
"b",9.94,-5.33094639249797,-3.15950616811389,-2.03616689644351,0.0892929945452976,11.5389894396871,TRUE,NA
"b",9.95,-5.33375003098865,-3.16119465071849,-2.03785738707898,0.0892117794263609,11.5488893930714,TRUE,NA
"b",9.96,-5.33655221552296,-3.1628821035875,-2.03954688943161,0.0891307134220085,11.558789549003,TRUE,NA
"b",9.97,-5.3393529483328,-3.16456852861529,-2.04123540525614,0.0890497961197072,11.5686899068701,TRUE,NA
"b",9.98,-5.34215223164444,-3.16625392769055,-2.04292293630215,0.0889690271084476,11.5785904660636,TRUE,NA
"b",9.99,-5.34495006767852,-3.16793830269633,-2.04460948431406,0.088888405978746,11.5884912259766,TRUE,NA
"b",10,-5.34774645865011,-3.16962165551002,-2.04629505103117,0.088807932322629,11.5983921860047,TRUE,NA
"b",10.01,-5.35054140676866,-3.17130398800341,-2.04797963818767,0.0887276057336304,11.608293345546,TRUE,NA
"b",10.02,-5.35333491423811,-3.17298530204273,-2.0496632475127,0.0886474258067818,11.6181947040007,TRUE,NA
"b",10.03,-5.35612698325683,-3.1746655994886,-2.05134588073028,0.0885673921386081,11.6280962607718,TRUE,NA
"b",10.04,-5.35891761601767,-3.17634488219613,-2.05302753955944,0.0884875043271145,11.6379980152645,TRUE,NA
"b",10.05,-5.361706814708,-3.17802315201491,-2.05470822571418,0.0884077619717929,11.6478999668862,TRUE,NA
"b",10.06,-5.3644945815097,-3.179700410789,-2.05638794090346,0.0883281646736038,11.6578021150469,TRUE,NA
"b",10.07,-5.36728091859919,-3.18137666035704,-2.05806668683131,0.0882487120349653,11.6677044591589,TRUE,NA
"b",10.08,-5.37006582814742,-3.18305190255217,-2.05974446519677,0.0881694036597622,11.6776069986367,TRUE,NA
"b",10.09,-5.37284931231997,-3.18472613920212,-2.06142127769394,0.0880902391533285,11.6875097328971,TRUE,NA
"b",10.1,-5.37563137327696,-3.18639937212922,-2.06309712601201,0.0880112181224395,11.6974126613595,TRUE,NA
"b",10.11,-5.37841201317315,-3.18807160315038,-2.06477201183525,0.0879323401753118,11.7073157834453,TRUE,NA
"b",10.12,-5.38119123415794,-3.18974283407719,-2.06644593684308,0.0878536049215914,11.7172190985782,TRUE,NA
"b",10.13,-5.38396903837536,-3.19141306671587,-2.06811890271002,0.0877750119723499,11.7271226061845,TRUE,NA
"b",10.14,-5.38674542796411,-3.19308230286731,-2.06979091110577,0.087696560940079,11.7370263056923,TRUE,NA
"b",10.15,-5.3895204050576,-3.19475054432713,-2.07146196369519,0.0876182514386783,11.7469301965322,TRUE,NA
"b",10.16,-5.39229397178391,-3.19641779288564,-2.07313206213837,0.0875400830834554,11.7568342781371,TRUE,NA
"b",10.17,-5.39506613026588,-3.19808405032791,-2.07480120809056,0.0874620554911174,11.766738549942,TRUE,NA
"b",10.18,-5.39783688262105,-3.19974931843378,-2.0764694032023,0.0873841682797583,11.7766430113841,TRUE,NA
"b",10.19,-5.40060623096177,-3.20141359897784,-2.07813664911934,0.087306421068869,11.786547661903,TRUE,NA
"b",10.2,-5.40337417739511,-3.20307689372954,-2.07980294748272,0.0872288134793093,11.7964525009403,TRUE,NA
"b",10.21,-5.40614072402299,-3.2047392044531,-2.08146829992877,0.0871513451333197,11.8063575279398,TRUE,NA
"b",10.22,-5.40890587294211,-3.20640053290762,-2.08313270808912,0.0870740156545033,11.8162627423476,TRUE,NA
"b",10.23,-5.41166962624401,-3.20806088084706,-2.08479617359074,0.0869968246678274,11.8261681436119,TRUE,NA
"b",10.24,-5.41443198601506,-3.20972025002027,-2.08645869805594,0.0869197717996162,11.836073731183,TRUE,NA
"b",10.25,-5.41719295433654,-3.211378642171,-2.08812028310239,0.086842856677535,11.8459795045134,TRUE,NA
"b",10.26,-5.41995253328456,-3.21303605903793,-2.08978093034315,0.0867660789306002,11.8558854630577,TRUE,NA
"b",10.27,-5.42271072493018,-3.21469250235469,-2.09144064138667,0.086689438189159,11.8657916062728,TRUE,NA
"b",10.28,-5.42546753133933,-3.21634797384989,-2.09309941783683,0.0866129340848953,11.8756979336173,TRUE,NA
"b",10.29,-5.42822295457292,-3.21800247524711,-2.09475726129293,0.0865365662508109,11.8856044445524,TRUE,NA
"b",10.3,-5.43097699668678,-3.21965600826494,-2.09641417334975,0.0864603343212309,11.895511138541,TRUE,NA
"b",10.31,-5.43372965973173,-3.22130857461702,-2.09807015559752,0.0863842379317896,11.9054180150483,TRUE,NA
"b",10.32,-5.43648094575356,-3.22296017601201,-2.09972520962198,0.0863082767194303,11.9153250735415,TRUE,NA
"b",10.33,-5.43923085679308,-3.22461081415365,-2.10137933700435,0.0862324503223992,11.9252323134899,TRUE,NA
"b",10.34,-5.4419793948861,-3.22626049074077,-2.1030325393214,0.0861567583802323,11.9351397343649,TRUE,NA
"b",10.35,-5.44472656206349,-3.2279092074673,-2.10468481814545,0.0860812005337577,11.9450473356397,TRUE,NA
"b",10.36,-5.44747236035115,-3.22955696602229,-2.10633617504434,0.0860057764250897,11.9549551167897,TRUE,NA
"b",10.37,-5.45021679177008,-3.23120376808996,-2.10798661158152,0.0859304856976126,11.9648630772925,TRUE,NA
"b",10.38,-5.45295985833634,-3.23284961534966,-2.10963612931604,0.085855327995993,11.9747712166275,TRUE,NA
"b",10.39,-5.45570156206111,-3.23449450947594,-2.11128472980254,0.0857803029661537,11.984679534276,TRUE,NA
"b",10.4,-5.45844190495067,-3.23613845213855,-2.1129324145913,0.0857054102552843,11.9945880297215,TRUE,NA
"b",10.41,-5.46118088900647,-3.23778144500246,-2.11457918522824,0.0856306495118297,12.0044967024495,TRUE,NA
"b",10.42,-5.46391851622508,-3.23942348972788,-2.11622504325495,0.0855560203854795,12.0144055519473,TRUE,NA
"b",10.43,-5.46665478859826,-3.24106458797027,-2.11786999020871,0.0854815225271719,12.0243145777042,TRUE,NA
"b",10.44,-5.46938970811294,-3.24270474138038,-2.11951402762246,0.0854071555890803,12.0342237792117,TRUE,NA
"b",10.45,-5.47212327675127,-3.24434395160424,-2.12115715702489,0.0853329192246131,12.044133155963,TRUE,NA
"b",10.46,-5.47485549649059,-3.24598222028321,-2.12279937994042,0.0852588130884002,12.0540427074532,TRUE,NA
"b",10.47,-5.47758636930351,-3.24761954905396,-2.12444069788917,0.0851848368363033,12.0639524331796,TRUE,NA
"b",10.48,-5.48031589715785,-3.24925593954852,-2.12608111238708,0.0851109901253952,12.0738623326411,TRUE,NA
"b",10.49,-5.48304408201673,-3.25089139339429,-2.12772062494584,0.0850372726139561,12.0837724053386,TRUE,NA
"b",10.5,-5.48577092583852,-3.25252591221405,-2.12935923707293,0.0849636839614778,12.0936826507752,TRUE,NA
"b",10.51,-5.48849643057691,-3.25415949762599,-2.13099695027166,0.0848902238286491,12.1035930684555,TRUE,NA
"b",10.52,-5.49122059818089,-3.25579215124371,-2.13263376604114,0.0848168918773564,12.1135036578861,TRUE,NA
"b",10.53,-5.49394343059478,-3.25742387467627,-2.13426968587637,0.084743687770672,12.1234144185756,TRUE,NA
"b",10.54,-5.49666492975825,-3.25905466952815,-2.13590471126815,0.0846706111728555,12.1333253500343,TRUE,NA
"b",10.55,-5.49938509760632,-3.26068453739935,-2.1375388437032,0.0845976617493456,12.1432364517744,TRUE,NA
"b",10.56,-5.50210393606938,-3.26231347988531,-2.13917208466411,0.0845248391667575,12.1531477233101,TRUE,NA
"b",10.57,-5.50482144707322,-3.26394149857703,-2.14080443562939,0.0844521430928671,12.1630591641573,TRUE,NA
"b",10.58,-5.50753763253903,-3.265568595061,-2.14243589807345,0.0843795731966224,12.1729707738336,TRUE,NA
"b",10.59,-5.51025249438343,-3.26719477091926,-2.14406647346667,0.084307129148129,12.1828825518588,TRUE,NA
"b",10.6,-5.51296603451845,-3.26882002772943,-2.14569616327535,0.0842348106186392,12.192794497754,TRUE,NA
"b",10.61,-5.51567825485159,-3.27044436706469,-2.14732496896178,0.0841626172805618,12.2027066110426,TRUE,NA
"b",10.62,-5.51838915728581,-3.27206779049381,-2.14895289198424,0.0840905488074468,12.2126188912496,TRUE,NA
"b",10.63,-5.52109874371955,-3.27369029958118,-2.15057993379697,0.0840186048739806,12.2225313379016,TRUE,NA
"b",10.64,-5.52380701604674,-3.27531189588682,-2.15220609585027,0.0839467851559856,12.2324439505272,TRUE,NA
"b",10.65,-5.52651397615683,-3.27693258096639,-2.15383137959045,0.083875089330411,12.2423567286568,TRUE,NA
"b",10.66,-5.52921962593479,-3.27855235637121,-2.15545578645986,0.0838035170753266,12.2522696718224,TRUE,NA
"b",10.67,-5.53192396726111,-3.2801712236483,-2.15707931789692,0.0837320680699292,12.2621827795579,TRUE,NA
"b",10.68,-5.53462700201187,-3.28178918434033,-2.15870197533611,0.0836607419945268,12.2720960513989,TRUE,NA
"b",10.69,-5.53732873205868,-3.28340623998572,-2.16032376020801,0.0835895385305276,12.2820094868826,TRUE,NA
"b",10.7,-5.54002915926876,-3.28502239211861,-2.16194467393931,0.0835184573604542,12.2919230855482,TRUE,NA
"b",10.71,-5.54272828550492,-3.28663764226886,-2.1635647179528,0.0834474981679243,12.3018368469363,TRUE,NA
"b",10.72,-5.54542611262557,-3.28825199196212,-2.16518389366743,0.0833766606376516,12.3117507705896,TRUE,NA
"b",10.73,-5.54812264248476,-3.2898654427198,-2.16680220249826,0.0833059444554398,12.3216648560521,TRUE,NA
"b",10.74,-5.55081787693217,-3.29147799605911,-2.16841964585655,0.0832353493081768,12.3315791028698,TRUE,NA
"b",10.75,-5.55351181781314,-3.29308965349305,-2.1700362251497,0.0831648748838285,12.3414935105902,TRUE,NA
"b",10.76,-5.55620446696868,-3.29470041653046,-2.17165194178135,0.0830945208714424,12.3514080787627,TRUE,NA
"b",10.77,-5.55889582623547,-3.29631028667602,-2.17326679715129,0.0830242869611295,12.3613228069381,TRUE,NA
"b",10.78,-5.5615858974459,-3.29791926543026,-2.17488079265557,0.0829541728440746,12.3712376946691,TRUE,NA
"b",10.79,-5.56427468242806,-3.29952735428958,-2.17649392968645,0.0828841782125225,12.3811527415099,TRUE,NA
"b",10.8,-5.56696218300578,-3.30113455474626,-2.17810620963246,0.0828143027597701,12.3910679470165,TRUE,NA
"b",10.81,-5.56964840099861,-3.3027408682885,-2.17971763387836,0.0827445461801757,12.4009833107463,TRUE,NA
"b",10.82,-5.57233333822185,-3.3043462964004,-2.18132820380521,0.0826749081691371,12.4108988322587,TRUE,NA
"b",10.83,-5.57501699648659,-3.305950840562,-2.18293792079036,0.0826053884231026,12.4208145111143,TRUE,NA
"b",10.84,-5.57769937759967,-3.30755450224928,-2.18454678620744,0.0825359866395563,12.4307303468757,TRUE,NA
"b",10.85,-5.58038048336375,-3.30915728293419,-2.18615480142643,0.0824667025170136,12.440646339107,TRUE,NA
"b",10.86,-5.58306031557727,-3.31075918408467,-2.18776196781361,0.0823975357550308,12.4505624873737,TRUE,NA
"b",10.87,-5.58573887603451,-3.31236020716462,-2.18936828673163,0.0823284860541817,12.4604787912432,TRUE,NA
"b",10.88,-5.58841616652557,-3.31396035363399,-2.19097375953947,0.0822595531160619,12.4703952502843,TRUE,NA
"b",10.89,-5.59109218883641,-3.31555962494872,-2.19257838759251,0.0821907366432852,12.4803118640675,TRUE,NA
"b",10.9,-5.59376694474884,-3.3171580225608,-2.19418217224249,0.0821220363394795,12.4902286321648,TRUE,NA
"b",10.91,-5.59644043604054,-3.31875554791826,-2.19578511483756,0.0820534519092835,12.5001455541496,TRUE,NA
"b",10.92,-5.59911266448509,-3.32035220246523,-2.19738721672228,0.0819849830583324,12.5100626295973,TRUE,NA
"b",10.93,-5.60178363185196,-3.3219479876419,-2.19898847923764,0.0819166294932678,12.5199798580846,TRUE,NA
"b",10.94,-5.60445333990654,-3.32354290488454,-2.20058890372105,0.0818483909217251,12.5298972391896,TRUE,NA
"b",10.95,-5.60712179041013,-3.32513695562556,-2.20218849150639,0.0817802670523329,12.5398147724921,TRUE,NA
"b",10.96,-5.60978898511999,-3.32673014129349,-2.203787243924,0.0817122575947002,12.5497324575736,TRUE,NA
"b",10.97,-5.61245492578932,-3.32832246331298,-2.20538516230068,0.0816443622594267,12.5596502940168,TRUE,NA
"b",10.98,-5.61511961416729,-3.32991392310486,-2.20698224795974,0.0815765807580897,12.5695682814061,TRUE,NA
"b",10.99,-5.61778305199903,-3.3315045220861,-2.20857850222099,0.0815089128032356,12.5794864193275,TRUE,NA
"b",11,-5.62044524102569,-3.33309426166989,-2.21017392640073,0.0814413581083882,12.5894047073683,TRUE,NA
"b",11.01,-5.62310618298441,-3.33468314326559,-2.21176852181184,0.0813739163880354,12.5993231451175,TRUE,NA
"b",11.02,-5.62576587960834,-3.33627116827876,-2.21336228976368,0.0813065873576235,12.6092417321653,TRUE,NA
"b",11.03,-5.62842433262666,-3.33785833811122,-2.2149552315622,0.0812393707335612,12.6191604681038,TRUE,NA
"b",11.04,-5.63108154376459,-3.339444654161,-2.21654734850991,0.0811722662332124,12.6290793525262,TRUE,NA
"b",11.05,-5.63373751474343,-3.3410301178224,-2.2181386419059,0.0811052735748872,12.6389983850275,TRUE,NA
"b",11.06,-5.6363922472805,-3.34261473048596,-2.21972911304584,0.0810383924778479,12.6489175652037,TRUE,NA
"b",11.07,-5.63904574308924,-3.34419849353853,-2.22131876322202,0.0809716226622896,12.6588368926529,TRUE,NA
"b",11.08,-5.64169800387916,-3.34578140836325,-2.22290759372333,0.0809049638493553,12.6687563669741,TRUE,NA
"b",11.09,-5.64434903135588,-3.34736347633954,-2.22449560583529,0.0808384157611175,12.678675987768,TRUE,NA
"b",11.1,-5.64699882722113,-3.34894469884316,-2.22608280084006,0.0807719781205782,12.6885957546368,TRUE,NA
"b",11.11,-5.64964739317277,-3.35052507724622,-2.22766918001647,0.0807056506516677,12.6985156671839,TRUE,NA
"b",11.12,-5.65229473090481,-3.35210461291714,-2.22925474463999,0.0806394330792415,12.7084357250143,TRUE,NA
"b",11.13,-5.6549408421074,-3.35368330722073,-2.23083949598279,0.0805733251290652,12.7183559277344,TRUE,NA
"b",11.14,-5.65758572846686,-3.35526116151817,-2.23242343531369,0.0805073265278327,12.7282762749519,TRUE,NA
"b",11.15,-5.66022939166569,-3.35683817716701,-2.23400656389826,0.0804414370031354,12.7381967662762,TRUE,NA
"b",11.16,-5.66287183338257,-3.35841435552121,-2.23558888299875,0.0803756562834792,12.7481174013177,TRUE,NA
"b",11.17,-5.66551305529239,-3.35998969793116,-2.23717039387414,0.0803099840982733,12.7580381796885,TRUE,NA
"b",11.18,-5.66815305906625,-3.36156420574366,-2.23875109778015,0.0802444201778227,12.767959101002,TRUE,NA
"b",11.19,-5.67079184637146,-3.36313788030195,-2.24033099596925,0.0801789642533328,12.777880164873,TRUE,NA
"b",11.2,-5.67342941887159,-3.36471072294571,-2.24191008969065,0.0801136160569018,12.7878013709176,TRUE,NA
"b",11.21,-5.67606577822643,-3.36628273501111,-2.24348838019036,0.0800483753215095,12.7977227187532,TRUE,NA
"b",11.22,-5.67870092609207,-3.3678539178308,-2.24506586871115,0.0799832417810271,12.8076442079989,TRUE,NA
"b",11.23,-5.68133486412083,-3.36942427273388,-2.2466425564926,0.0799182151702054,12.8175658382749,TRUE,NA
"b",11.24,-5.68396759396134,-3.370993801046,-2.24821844477107,0.0798532952246722,12.8274876092027,TRUE,NA
"b",11.25,-5.68659911725851,-3.37256250408931,-2.24979353477978,0.079788481680926,12.8374095204053,TRUE,NA
"b",11.26,-5.68922943565356,-3.37413038318248,-2.25136782774873,0.0797237742763439,12.8473315715069,TRUE,NA
"b",11.27,-5.69185855078403,-3.37569743964073,-2.2529413249048,0.0796591727491576,12.8572537621333,TRUE,NA
"b",11.28,-5.69448646428379,-3.37726367477582,-2.25451402747169,0.0795946768384739,12.8671760919113,TRUE,NA
"b",11.29,-5.69711317778305,-3.3788290898961,-2.25608593666998,0.0795302862842497,12.8770985604692,TRUE,NA
"b",11.3,-5.69973869290836,-3.38039368630648,-2.25765705371711,0.0794660008273036,12.8870211674367,TRUE,NA
"b",11.31,-5.70236301128265,-3.38195746530846,-2.25922737982743,0.0794018202093079,12.8969439124445,TRUE,NA
"b",11.32,-5.70498613452522,-3.38352042820016,-2.26079691621215,0.0793377441727743,12.906866795125,TRUE,NA
"b",11.33,-5.70760806425175,-3.38508257627629,-2.26236566407942,0.0792737724610677,12.9167898151116,TRUE,NA
"b",11.34,-5.71022880207431,-3.38664391082821,-2.26393362463427,0.0792099048183972,12.926712972039,TRUE,NA
"b",11.35,-5.71284834960141,-3.38820443314391,-2.2655007990787,0.0791461409898013,12.9366362655436,TRUE,NA
"b",11.36,-5.71546670843794,-3.38976414450803,-2.26706718861162,0.0790824807211625,12.9465596952624,TRUE,NA
"b",11.37,-5.71808388018525,-3.39132304620186,-2.26863279442889,0.0790189237591901,12.9564832608343,TRUE,NA
"b",11.38,-5.7206998664411,-3.3928811395034,-2.27019761772336,0.0789554698514219,12.9664069618992,TRUE,NA
"b",11.39,-5.72331466879973,-3.3944384256873,-2.27176165968481,0.0788921187462184,12.9763307980982,TRUE,NA
"b",11.4,-5.72592828885184,-3.39599490602493,-2.27332492150003,0.0788288701927686,12.9862547690738,TRUE,NA
"b",11.41,-5.72854072818459,-3.39755058178436,-2.2748874043528,0.0787657239410717,12.9961788744696,TRUE,NA
"b",11.42,-5.73115198838163,-3.3991054542304,-2.27644910942389,0.0787026797419448,13.0061031139307,TRUE,NA
"b",11.43,-5.73376207102311,-3.40065952462456,-2.27801003789109,0.0786397373470185,13.0160274871032,TRUE,NA
"b",11.44,-5.73637097768568,-3.40221279422513,-2.27957019092923,0.0785768965087286,13.0259519936346,TRUE,NA
"b",11.45,-5.73897870994252,-3.40376526428714,-2.28112956971015,0.0785141569803134,13.0358766331735,TRUE,NA
"b",11.46,-5.74158526936332,-3.40531693606238,-2.28268817540274,0.0784515185158199,13.0458014053698,TRUE,NA
"b",11.47,-5.74419065751431,-3.40686781079945,-2.28424600917297,0.0783889808700859,13.0557263098747,TRUE,NA
"b",11.48,-5.74679487595828,-3.4084178897437,-2.28580307218383,0.0783265437987488,13.0656513463404,TRUE,NA
"b",11.49,-5.74939792625459,-3.40996717413732,-2.28735936559544,0.0782642070582336,13.0755765144205,TRUE,NA
"b",11.5,-5.75199980995913,-3.41151566521929,-2.28891489056497,0.0782019704057593,13.0855018137699,TRUE,NA
"b",11.51,-5.75460052862441,-3.41306336422542,-2.29046964824668,0.0781398335993257,13.0954272440443,TRUE,NA
"b",11.52,-5.7572000837995,-3.41461027238836,-2.29202363979197,0.0780777963977162,13.105352804901,TRUE,NA
"b",11.53,-5.75979847703011,-3.4161563909376,-2.29357686634933,0.0780158585604944,13.1152784959983,TRUE,NA
"b",11.54,-5.76239570985851,-3.41770172109951,-2.29512932906438,0.0779540198479971,13.1252043169958,TRUE,NA
"b",11.55,-5.76499178382365,-3.4192462640973,-2.29668102907989,0.0778922800213322,13.1351302675541,TRUE,NA
"b",11.56,-5.76758670046105,-3.42079002115107,-2.29823196753576,0.0778306388423866,13.1450563473352,TRUE,NA
"b",11.57,-5.77018046130293,-3.42233299347783,-2.29978214556906,0.077769096073804,13.154982556002,TRUE,NA
"b",11.58,-5.77277306787812,-3.42387518229145,-2.30133156431401,0.0777076514789923,13.1649088932189,TRUE,NA
"b",11.59,-5.77536452171213,-3.42541658880277,-2.30288022490201,0.0776463048221268,13.1748353586511,TRUE,NA
"b",11.6,-5.77795482432714,-3.4269572142195,-2.30442812846168,0.0775850558681292,13.1847619519653,TRUE,NA
"b",11.61,-5.78054397724203,-3.42849705974632,-2.30597527611878,0.0775239043826863,13.194688672829,TRUE,NA
"b",11.62,-5.78313198197233,-3.43003612658483,-2.3075216689963,0.0774628501322283,13.2046155209113,TRUE,NA
"b",11.63,-5.78571884003033,-3.43157441593361,-2.30906730821447,0.0774018928839353,13.2145424958819,TRUE,NA
"b",11.64,-5.78830455292498,-3.4331119289882,-2.31061219489069,0.0773410324057373,13.224469597412,TRUE,NA
"b",11.65,-5.79088912216198,-3.43464866694109,-2.31215633013965,0.0772802684662977,13.2343968251739,TRUE,NA
"b",11.66,-5.79347254924376,-3.43618463098179,-2.31369971507325,0.0772196008350279,13.2443241788409,TRUE,NA
"b",11.67,-5.79605483566948,-3.43771982229681,-2.31524235080064,0.0771590292820687,13.2542516580876,TRUE,NA
"b",11.68,-5.79863598293507,-3.43925424206963,-2.31678423842825,0.0770985535782991,13.2641792625894,TRUE,NA
"b",11.69,-5.80121599253322,-3.44078789148079,-2.31832537905978,0.0770381734953225,13.2741069920232,TRUE,NA
"b",11.7,-5.80379486595337,-3.44232077170784,-2.31986577379619,0.0769778888054766,13.2840348460667,TRUE,NA
"b",11.71,-5.80637260468176,-3.44385288392536,-2.32140542373576,0.0769176992818226,13.2939628243989,TRUE,NA
"b",11.72,-5.80894921020143,-3.44538422930501,-2.32294432997405,0.0768576046981355,13.3038909266998,TRUE,NA
"b",11.73,-5.81152468399218,-3.44691480901548,-2.32448249360393,0.0767976048289181,13.3138191526504,TRUE,NA
"b",11.74,-5.81409902753068,-3.44844462422254,-2.3260199157156,0.076737699449382,13.3237475019331,TRUE,NA
"b",11.75,-5.81667224229036,-3.44997367608905,-2.32755659739657,0.0766778883354613,13.3336759742311,TRUE,NA
"b",11.76,-5.81924432974152,-3.45150196577494,-2.3290925397317,0.0766181712637879,13.3436045692288,TRUE,NA
"b",11.77,-5.82181529135127,-3.45302949443725,-2.33062774380319,0.0765585480117132,13.3535332866115,TRUE,NA
"b",11.78,-5.82438512858361,-3.45455626323013,-2.33216221069059,0.0764990183572807,13.3634621260659,TRUE,NA
"b",11.79,-5.82695384289934,-3.45608227330486,-2.33369594147082,0.0764395820792498,13.3733910872794,TRUE,NA
"b",11.8,-5.82952143575618,-3.45760752580984,-2.33522893721817,0.076380238957066,13.3833201699408,TRUE,NA
"b",11.81,-5.83208790860869,-3.45913202189059,-2.33676119900432,0.0763209887708798,13.3932493737396,TRUE,NA
"b",11.82,-5.83465326290832,-3.46065576268982,-2.33829272789831,0.0762618313015277,13.4031786983668,TRUE,NA
"b",11.83,-5.83721750010345,-3.46217874934736,-2.33982352496662,0.0762027663305473,13.4131081435139,TRUE,NA
"b",11.84,-5.83978062163931,-3.46370098300024,-2.34135359127311,0.0761437936401514,13.423037708874,TRUE,NA
"b",11.85,-5.84234262895807,-3.46522246478265,-2.34288292787906,0.0760849130132493,13.4329673941407,TRUE,NA
"b",11.86,-5.84490352349884,-3.46674319582598,-2.34441153584318,0.0760261242334255,13.4428971990092,TRUE,NA
"b",11.87,-5.84746330669763,-3.4682631772588,-2.34593941622162,0.0759674270849473,13.4528271231752,TRUE,NA
"b",11.88,-5.85002197998741,-3.4697824102069,-2.34746657006796,0.0759088213527606,13.4627571663358,TRUE,NA
"b",11.89,-5.85257954479808,-3.47130089579329,-2.34899299843323,0.0758503068224838,13.4726873281889,TRUE,NA
"b",11.9,-5.85513600255653,-3.4728186351382,-2.35051870236593,0.0757918832804059,13.4826176084336,TRUE,NA
"b",11.91,-5.85769135468657,-3.47433562935909,-2.35204368291202,0.0757335505134886,13.4925480067698,TRUE,NA
"b",11.92,-5.86024560260904,-3.47585187957068,-2.35356794111495,0.075675308309358,13.5024785228986,TRUE,NA
"b",11.93,-5.86279874774173,-3.47736738688493,-2.35509147801564,0.0756171564563037,13.512409156522,TRUE,NA
"b",11.94,-5.86535079149943,-3.47888215241107,-2.35661429465251,0.0755590947432787,13.522339907343,TRUE,NA
"b",11.95,-5.86790173529395,-3.4803961772556,-2.35813639206148,0.0755011229598925,13.5322707750657,TRUE,NA
"b",11.96,-5.87045158053408,-3.48190946252232,-2.35965777127597,0.0754432408964139,13.542201759395,TRUE,NA
"b",11.97,-5.87300032862565,-3.48342200931228,-2.36117843332694,0.0753854483437633,13.552132860037,TRUE,NA
"b",11.98,-5.87554798097154,-3.48493381872388,-2.36269837924287,0.0753277450935124,13.5620640766987,TRUE,NA
"b",11.99,-5.87809453897162,-3.48644489185279,-2.36421761004977,0.0752701309378803,13.5719954090879,TRUE,NA
"b",12,-5.88064000402284,-3.48795522979202,-2.36573612677118,0.0752126056697371,13.5819268569138,TRUE,NA
"b",12.01,-5.88318437751921,-3.48946483363191,-2.36725393042822,0.0751551690825876,13.591858419886,TRUE,NA
"b",12.02,-5.88572766085177,-3.49097370446012,-2.36877102203956,0.0750978209705875,13.6017900977157,TRUE,NA
"b",12.03,-5.88826985540867,-3.49248184336166,-2.37028740262142,0.0750405611285232,13.6117218901144,TRUE,NA
"b",12.04,-5.89081096257512,-3.4939892514189,-2.37180307318761,0.0749833893518219,13.6216537967952,TRUE,NA
"b",12.05,-5.89335098373343,-3.49549592971158,-2.37331803474954,0.0749263054365441,13.6315858174718,TRUE,NA
"b",12.06,-5.89588992026299,-3.4970018793168,-2.37483228831617,0.0748693091793786,13.6415179518587,TRUE,NA
"b",12.07,-5.89842777354032,-3.49850710130905,-2.3763458348941,0.0748124003776471,13.6514501996718,TRUE,NA
"b",12.08,-5.90096454493904,-3.50001159676019,-2.37785867548752,0.07475557882929,13.6613825606275,TRUE,NA
"b",12.09,-5.90350023582989,-3.50151536673952,-2.37937081109825,0.0746988443328789,13.6713150344436,TRUE,NA
"b",12.1,-5.90603484758076,-3.50301841231369,-2.38088224272569,0.0746421966876056,13.6812476208383,TRUE,NA
"b",12.11,-5.90856838155666,-3.50452073454681,-2.38239297136693,0.0745856356932788,13.6911803195311,TRUE,NA
"b",12.12,-5.91110083911976,-3.50602233450041,-2.38390299801667,0.074529161150326,13.7011131302423,TRUE,NA
"b",12.13,-5.91363222162939,-3.50752321323343,-2.38541232366725,0.0744727728597847,13.7110460526933,TRUE,NA
"b",12.14,-5.91616253044202,-3.50902337180227,-2.38692094930867,0.0744164706233108,13.7209790866061,TRUE,NA
"b",12.15,-5.91869176691133,-3.51052281126078,-2.38842887592861,0.0743602542431647,13.7309122317039,TRUE,NA
"b",12.16,-5.92121993238815,-3.51202153266025,-2.3899361045124,0.0743041235222131,13.7408454877107,TRUE,NA
"b",12.17,-5.92374702822052,-3.51351953704947,-2.39144263604305,0.0742480782639325,13.7507788543514,TRUE,NA
"b",12.18,-5.92627305575366,-3.51501682547468,-2.39294847150126,0.0741921182724004,13.7607123313518,TRUE,NA
"b",12.19,-5.92879801633001,-3.5165133989796,-2.39445361186542,0.074136243352291,13.7706459184386,TRUE,NA
"b",12.2,-5.93132191128921,-3.51800925860547,-2.39595805811164,0.0740804533088784,13.7805796153395,TRUE,NA
"b",12.21,-5.93384474196814,-3.51950440539099,-2.3974618112137,0.0740247479480334,13.7905134217829,TRUE,NA
"b",12.22,-5.93636650970089,-3.52099884037241,-2.39896487214313,0.0739691270762228,13.8004473374984,TRUE,NA
"b",12.23,-5.93888721581881,-3.52249256458348,-2.40046724186916,0.0739135905004966,13.810381362216,TRUE,NA
"b",12.24,-5.94140686165046,-3.52398557905545,-2.40196892135876,0.0738581380284979,13.8203154956672,TRUE,NA
"b",12.25,-5.94392544852169,-3.52547788481715,-2.40346991157664,0.0738027694684589,13.8302497375838,TRUE,NA
"b",12.26,-5.9464429777556,-3.52696948289491,-2.40497021348526,0.073747484629195,13.8401840876989,TRUE,NA
"b",12.27,-5.94895945067254,-3.52846037431264,-2.40646982804481,0.0736922833200961,13.8501185457462,TRUE,NA
"b",12.28,-5.95147486859017,-3.52995056009179,-2.40796875621326,0.0736371653511445,13.8600531114603,TRUE,NA
"b",12.29,-5.9539892328234,-3.53144004125138,-2.40946699894635,0.0735821305328908,13.869987784577,TRUE,NA
"b",12.3,-5.95650254468446,-3.53292881880799,-2.41096455719757,0.0735271786764646,13.8799225648324,TRUE,NA
"b",12.31,-5.95901480548287,-3.53441689377582,-2.41246143191822,0.0734723095935705,13.889857451964,TRUE,NA
"b",12.32,-5.96152601652545,-3.53590426716662,-2.41395762405737,0.0734175230964764,13.8997924457098,TRUE,NA
"b",12.33,-5.96403617911635,-3.53739093998975,-2.41545313456189,0.0733628189980293,13.9097275458088,TRUE,NA
"b",12.34,-5.96654529455704,-3.53887691325218,-2.41694796437646,0.0733081971116354,13.9196627520007,TRUE,NA
"b",12.35,-5.96905336414631,-3.54036218795849,-2.41844211444356,0.0732536572512701,13.9295980640263,TRUE,NA
"b",12.36,-5.97156038918029,-3.54184676511087,-2.4199355857035,0.073199199231468,13.9395334816271,TRUE,NA
"b",12.37,-5.97406637095248,-3.54333064570916,-2.4214283790944,0.0731448228673277,13.9494690045453,TRUE,NA
"b",12.38,-5.9765713107537,-3.54481383075083,-2.42292049555222,0.0730905279745007,13.9594046325242,TRUE,NA
"b",12.39,-5.97907520987216,-3.54629632123097,-2.42441193601074,0.0730363143691988,13.9693403653078,TRUE,NA
"b",12.4,-5.98157806959341,-3.54777811814236,-2.42590270140162,0.0729821818681873,13.9792762026408,TRUE,NA
"b",12.41,-5.9840798912004,-3.5492592224754,-2.42739279265435,0.0729281302887821,13.989212144269,TRUE,NA
"b",12.42,-5.98658067597346,-3.55073963521819,-2.42888221069627,0.0728741594488485,13.9991481899388,TRUE,NA
"b",12.43,-5.98908042519029,-3.55221935735649,-2.43037095645261,0.0728202691668014,14.0090843393975,TRUE,NA
"b",12.44,-5.99157914012602,-3.55369838987373,-2.43185903084644,0.0727664592616026,14.0190205923932,TRUE,NA
"b",12.45,-5.99407682205316,-3.55517673375106,-2.43334643479875,0.0727127295527525,14.0289569486749,TRUE,NA
"b",12.46,-5.99657347224165,-3.55665438996729,-2.43483316922839,0.072659079860296,14.0388934079923,TRUE,NA
"b",12.47,-5.99906909195883,-3.55813135949897,-2.43631923505209,0.07260551000482,14.0488299700958,TRUE,NA
"b",12.48,-6.0015636824695,-3.55960764332033,-2.43780463318452,0.0725520198074445,14.0587666347369,TRUE,NA
"b",12.49,-6.00405724503586,-3.56108324240335,-2.43928936453823,0.0724986090898256,14.0687034016676,TRUE,NA
"b",12.5,-6.00654978091757,-3.56255815771771,-2.44077343002368,0.0724452776741566,14.0786402706409,TRUE,NA
"b",12.51,-6.00904129137174,-3.56403239023083,-2.44225683054926,0.0723920253831598,14.0885772414105,TRUE,NA
"b",12.52,-6.01153177765293,-3.56550594090788,-2.44373956702128,0.0723388520400872,14.098514313731,TRUE,NA
"b",12.53,-6.01402124101317,-3.56697881071178,-2.44522164034399,0.0722857574687166,14.1084514873575,TRUE,NA
"b",12.54,-6.01650968270195,-3.5684510006032,-2.44670305141958,0.0722327414933543,14.1183887620463,TRUE,NA
"b",12.55,-6.01899710396625,-3.56992251154056,-2.44818380114817,0.0721798039388273,14.1283261375541,TRUE,NA
"b",12.56,-6.02148350605053,-3.57139334448007,-2.44966389042785,0.0721269446304871,14.1382636136385,TRUE,NA
"b",12.57,-6.02396889019673,-3.57286350037571,-2.45114332015466,0.072074163394205,14.1482011900581,TRUE,NA
"b",12.58,-6.02645325764432,-3.57433298017924,-2.45262209122262,0.0720214600563662,14.1581388665718,TRUE,NA
"b",12.59,-6.02893660963025,-3.57580178484023,-2.45410020452369,0.0719688344438731,14.1680766429398,TRUE,NA
"b",12.6,-6.03141894738897,-3.57726991530601,-2.45557766094785,0.0719162863841465,14.1780145189227,TRUE,NA
"b",12.61,-6.0339002721525,-3.57873737252176,-2.45705446138303,0.0718638157051141,14.1879524942819,TRUE,NA
"b",12.62,-6.03638058515032,-3.58020415743043,-2.45853060671516,0.0718114222352155,14.1978905687798,TRUE,NA
"b",12.63,-6.03885988760952,-3.58167027097283,-2.46000609782819,0.0717591058033973,14.2078287421792,TRUE,NA
"b",12.64,-6.04133818075465,-3.58313571408757,-2.46148093560404,0.0717068662391145,14.2177670142439,TRUE,NA
"b",12.65,-6.04381546580787,-3.5846004877111,-2.46295512092266,0.0716547033723254,14.2277053847384,TRUE,NA
"b",12.66,-6.04629174398887,-3.58606459277772,-2.46442865466201,0.07160261703349,14.2376438534279,TRUE,NA
"b",12.67,-6.04876701651489,-3.58752803021955,-2.46590153769807,0.0715506070535716,14.2475824200784,TRUE,NA
"b",12.68,-6.05124128460075,-3.5889908009666,-2.46737377090487,0.0714986732640286,14.2575210844566,TRUE,NA
"b",12.69,-6.05371454945886,-3.59045290594671,-2.46884535515444,0.0714468154968193,14.2674598463299,TRUE,NA
"b",12.7,-6.05618681229918,-3.59191434608561,-2.47031629131687,0.0713950335843974,14.2773987054665,TRUE,NA
"b",12.71,-6.05865807432928,-3.59337512230689,-2.4717865802603,0.0713433273597084,14.2873376616354,TRUE,NA
"b",12.72,-6.06112833675432,-3.59483523553202,-2.47325622285092,0.0712916966561887,14.2972767146062,TRUE,NA
"b",12.73,-6.06359760077705,-3.59629468668037,-2.47472521995297,0.0712401413077663,14.3072158641492,TRUE,NA
"b",12.74,-6.06606586759784,-3.5977534766692,-2.47619357242878,0.0711886611488537,14.3171551100355,TRUE,NA
"b",12.75,-6.06853313841467,-3.59921160641367,-2.47766128113872,0.0711372560143566,14.327094452037,TRUE,NA
"b",12.76,-6.07099941442315,-3.60066907682683,-2.47912834694125,0.0710859257396588,14.3370338899262,TRUE,NA
"b",12.77,-6.0734646968165,-3.60212588881968,-2.48059477069293,0.0710346701606279,14.3469734234763,TRUE,NA
"b",12.78,-6.07592898678558,-3.60358204330111,-2.48206055324839,0.0709834891136127,14.3569130524613,TRUE,NA
"b",12.79,-6.07839228551891,-3.60503754117795,-2.48352569546035,0.070932382435442,14.3668527766558,TRUE,NA
"b",12.8,-6.08085459420263,-3.60649238335498,-2.48499019817965,0.0708813499634182,14.3767925958352,TRUE,NA
"b",12.81,-6.08331591402055,-3.60794657073487,-2.48645406225523,0.0708303915353254,14.3867325097756,TRUE,NA
"b",12.82,-6.08577624615413,-3.6094001042183,-2.48791728853414,0.0707795069894162,14.3966725182538,TRUE,NA
"b",12.83,-6.0882355917825,-3.61085298470385,-2.48937987786154,0.0707286961644176,14.4066126210472,TRUE,NA
"b",12.84,-6.09069395208247,-3.6123052130881,-2.49084183108074,0.0706779588995254,14.416552817934,TRUE,NA
"b",12.85,-6.09315132822852,-3.61375679026558,-2.49230314903316,0.0706272950344071,14.426493108693,TRUE,NA
"b",12.86,-6.09560772139283,-3.61520771712877,-2.49376383255837,0.0705767044091927,14.4364334931039,TRUE,NA
"b",12.87,-6.09806313274524,-3.61665799456817,-2.49522388249405,0.0705261868644818,14.4463739709467,TRUE,NA
"b",12.88,-6.10051756345333,-3.61810762347225,-2.49668329967608,0.0704757422413302,14.4563145420026,TRUE,NA
"b",12.89,-6.10297101468236,-3.61955660472744,-2.49814208493844,0.0704253703812685,14.466255206053,TRUE,NA
"b",12.9,-6.10542348759529,-3.62100493921822,-2.49960023911331,0.0703750711262732,14.4761959628802,TRUE,NA
"b",12.91,-6.10787498335283,-3.62245262782703,-2.50105776303102,0.0703248443187876,14.4861368122673,TRUE,NA
"b",12.92,-6.11032550311338,-3.62389967143435,-2.50251465752005,0.0702746898017113,14.4960777539978,TRUE,NA
"b",12.93,-6.1127750480331,-3.62534607091867,-2.5039709234071,0.0702246074183934,14.506018787856,TRUE,NA
"b",12.94,-6.11522361926585,-3.62679182715648,-2.50542656151701,0.0701745970126439,14.515959913627,TRUE,NA
"b",12.95,-6.11767121796327,-3.62823694102233,-2.50688157267283,0.0701246584287207,14.5259011310962,TRUE,NA
"b",12.96,-6.12011784527473,-3.62968141338878,-2.50833595769579,0.0700747915113316,14.5358424400502,TRUE,NA
"b",12.97,-6.12256350234734,-3.63112524512644,-2.50978971740533,0.0700249961056341,14.5457838402757,TRUE,NA
"b",12.98,-6.125008190326,-3.63256843710398,-2.51124285261909,0.0699752720572344,14.5557253315605,TRUE,NA
"b",12.99,-6.12745191035334,-3.6340109901881,-2.51269536415292,0.0699256192121762,14.5656669136928,TRUE,NA
"b",13,-6.12989466356981,-3.63545290524358,-2.51414725282088,0.069876037416956,14.5756085864616,TRUE,NA
"b",13.01,-6.13233645111358,-3.63689418313325,-2.51559851943525,0.0698265265185132,14.5855503496563,TRUE,NA
"b",13.02,-6.13477727412066,-3.63833482471801,-2.51704916480655,0.0697770863642178,14.5954922030673,TRUE,NA
"b",13.03,-6.13721713372482,-3.63977483085684,-2.5184991897435,0.0697277168018862,14.6054341464855,TRUE,NA
"b",13.04,-6.13965603105763,-3.64121420240682,-2.51994859505309,0.0696784176797696,14.6153761797023,TRUE,NA
"b",13.05,-6.14209396724846,-3.6426529402231,-2.52139738154054,0.069629188846557,14.6253183025099,TRUE,NA
"b",13.06,-6.1445309434245,-3.64409104515892,-2.5228455500093,0.0695800301513718,14.6352605147011,TRUE,NA
"b",13.07,-6.14696696071073,-3.64552851806563,-2.52429310126111,0.0695309414437668,14.6452028160694,TRUE,NA
"b",13.08,-6.14940202022999,-3.64696535979269,-2.52574003609592,0.0694819225737273,14.6551452064087,TRUE,NA
"b",13.09,-6.15183612310292,-3.64840157118767,-2.52718635531199,0.069432973391669,14.6650876855139,TRUE,NA
"b",13.1,-6.15426927044797,-3.64983715309625,-2.52863205970581,0.0693840937484373,14.6750302531802,TRUE,NA
"b",13.11,-6.15670146338148,-3.65127210636224,-2.53007715007217,0.0693352834952985,14.6849729092036,TRUE,NA
"b",13.12,-6.15913270301759,-3.65270643182758,-2.53152162720413,0.0692865424839479,14.6949156533807,TRUE,NA
"b",13.13,-6.1615629904683,-3.65414013033235,-2.53296549189303,0.0692378705665044,14.7048584855087,TRUE,NA
"b",13.14,-6.16399232684348,-3.65557320271475,-2.5344087449285,0.0691892675955117,14.7148014053853,TRUE,NA
"b",13.15,-6.16642071325085,-3.65700564981114,-2.53585138709846,0.0691407334239238,14.7247444128091,TRUE,NA
"b",13.16,-6.16884815079599,-3.65843747245605,-2.53729341918915,0.0690922679051242,14.7346875075791,TRUE,NA
"b",13.17,-6.17127464058235,-3.65986867148213,-2.53873484198509,0.0690438708929073,14.7446306894949,TRUE,NA
"b",13.18,-6.17370018371129,-3.66129924772023,-2.54017565626912,0.0689955422414905,14.7545739583568,TRUE,NA
"b",13.19,-6.176124781282,-3.66272920199935,-2.5416158628224,0.0689472818054946,14.7645173139657,TRUE,NA
"b",13.2,-6.17854843439162,-3.66415853514667,-2.5430554624244,0.0688990894399626,14.7744607561231,TRUE,NA
"b",13.21,-6.18097114413512,-3.66558724798753,-2.54449445585292,0.0688509650003479,14.784404284631,TRUE,NA
"b",13.22,-6.18339291160543,-3.66701534134549,-2.54593284388409,0.0688029083425081,14.7943478992923,TRUE,NA
"b",13.23,-6.18581373789335,-3.66844281604228,-2.54737062729237,0.0687549193227177,14.8042915999101,TRUE,NA
"b",13.24,-6.1882336240876,-3.66986967289783,-2.54880780685057,0.0687069977976495,14.8142353862883,TRUE,NA
"b",13.25,-6.19065257127481,-3.67129591273028,-2.55024438332984,0.0686591436243904,14.8241792582314,TRUE,NA
"b",13.26,-6.19307058053956,-3.67272153635596,-2.55168035749966,0.0686113566604263,14.8341232155446,TRUE,NA
"b",13.27,-6.19548765296432,-3.67414654458944,-2.55311573012791,0.068563636763646,14.8440672580333,TRUE,NA
"b",13.28,-6.19790378962952,-3.67557093824347,-2.55455050198078,0.0685159837923428,14.854011385504,TRUE,NA
"b",13.29,-6.20031899161353,-3.67699471812905,-2.55598467382286,0.0684683976052063,14.8639555977634,TRUE,NA
"b",13.3,-6.20273325999264,-3.67841788505542,-2.55741824641709,0.0684208780613287,14.8738998946189,TRUE,NA
"b",13.31,-6.20514659584112,-3.67984043983003,-2.5588512205248,0.0683734250201966,14.8838442758786,TRUE,NA
"b",13.32,-6.20755900023117,-3.68126238325858,-2.56028359690568,0.0683260383416888,14.893788741351,TRUE,NA
"b",13.33,-6.20997047423297,-3.68268371614501,-2.56171537631781,0.0682787178860886,14.9037332908452,TRUE,NA
"b",13.34,-6.21238101891465,-3.68410443929152,-2.56314655951767,0.0682314635140631,14.9136779241711,TRUE,NA
"b",13.35,-6.21479063534234,-3.68552455349856,-2.56457714726013,0.0681842750866721,14.9236226411388,TRUE,NA
"b",13.36,-6.2171993245801,-3.68694405956483,-2.56600714029844,0.068137152465372,14.9335674415592,TRUE,NA
"b",13.37,-6.21960708769001,-3.68836295828732,-2.56743653938427,0.0680900955120012,14.9435123252439,TRUE,NA
"b",13.38,-6.22201392573214,-3.68978125046127,-2.56886534526771,0.0680431040887872,14.9534572920047,TRUE,NA
"b",13.39,-6.22441983976453,-3.69119893688021,-2.57029355869722,0.0679961780583462,14.9634023416543,TRUE,NA
"b",13.4,-6.22682483084322,-3.69261601833594,-2.57172118041973,0.0679493172836758,14.9733474740057,TRUE,NA
"b",13.41,-6.22922890002228,-3.69403249561856,-2.57314821118055,0.0679025216281572,14.9832926888727,TRUE,NA
"b",13.42,-6.23163204835375,-3.69544836951645,-2.57457465172344,0.0678557909555586,14.9932379860695,TRUE,NA
"b",13.43,-6.23403427688771,-3.6968636408163,-2.57600050279057,0.0678091251300224,15.0031833654109,TRUE,NA
"b",13.44,-6.23643558667227,-3.69827831030307,-2.57742576512258,0.0677625240160737,15.0131288267123,TRUE,NA
"b",13.45,-6.23883597875353,-3.69969237876008,-2.57885043945851,0.0677159874786151,15.0230743697895,TRUE,NA
"b",13.46,-6.24123545417564,-3.70110584696892,-2.58027452653587,0.067669515382927,15.0330199944589,TRUE,NA
"b",13.47,-6.24363401398078,-3.7025187157095,-2.58169802709061,0.0676231075946636,15.0429657005377,TRUE,NA
"b",13.48,-6.24603165920918,-3.70393098576008,-2.58312094185714,0.0675767639798543,15.0529114878433,TRUE,NA
"b",13.49,-6.2484283908991,-3.70534265789722,-2.58454327156833,0.0675304844048985,15.0628573561939,TRUE,NA
"b",13.5,-6.25082421008685,-3.70675373289581,-2.5859650169555,0.0674842687365738,15.0728033054079,TRUE,NA
"b",13.51,-6.25321911780682,-3.70816421152912,-2.58738617874845,0.0674381168420193,15.0827493353047,TRUE,NA
"b",13.52,-6.25561311509143,-3.7095740945687,-2.58880675767546,0.0673920285887499,15.0926954457039,TRUE,NA
"b",13.53,-6.25800620297117,-3.71098338278448,-2.59022675446325,0.0673460038446452,15.1026416364257,TRUE,NA
"b",13.54,-6.26039838247463,-3.71239207694476,-2.59164616983706,0.06730004247795,15.1125879072909,TRUE,NA
"b",13.55,-6.26278965462843,-3.71380017781616,-2.5930650045206,0.0672541443572778,15.1225342581209,TRUE,NA
"b",13.56,-6.2651800204573,-3.71520768616368,-2.59448325923607,0.0672083093516056,15.1324806887374,TRUE,NA
"b",13.57,-6.26756948098406,-3.71661460275069,-2.59590093470416,0.0671625373302653,15.1424271989628,TRUE,NA
"b",13.58,-6.26995803722959,-3.71802092833891,-2.59731803164407,0.0671168281629626,15.1523737886199,TRUE,NA
"b",13.59,-6.2723456902129,-3.71942666368846,-2.59873455077349,0.0670711817197516,15.1623204575323,TRUE,NA
"b",13.6,-6.27473244095107,-3.72083180955784,-2.60015049280863,0.0670255978710532,15.1722672055237,TRUE,NA
"b",13.61,-6.2771182904593,-3.72223636670391,-2.60156585846421,0.066980076487642,15.1822140324187,TRUE,NA
"b",13.62,-6.27950323975092,-3.72364033588195,-2.60298064845344,0.0669346174406527,15.1921609380422,TRUE,NA
"b",13.63,-6.28188728983733,-3.72504371784561,-2.60439486348809,0.0668892206015697,15.2021079222198,TRUE,NA
"b",13.64,-6.28427044172808,-3.72644651334697,-2.60580850427842,0.0668438858422316,15.2120549847773,TRUE,NA
"b",13.65,-6.28665269643085,-3.72784872313649,-2.60722157153326,0.0667986130348361,15.2220021255412,TRUE,NA
"b",13.66,-6.28903405495142,-3.72925034796304,-2.60863406595992,0.0667534020519271,15.2319493443387,TRUE,NA
"b",13.67,-6.29141451829374,-3.73065138857391,-2.61004598826429,0.0667082527664,15.2418966409972,TRUE,NA
"b",13.68,-6.29379408745987,-3.73205184571481,-2.61145733915078,0.0666631650514971,15.2518440153448,TRUE,NA
"b",13.69,-6.29617276345002,-3.73345172012987,-2.61286811932235,0.0666181387808162,15.2617914672099,TRUE,NA
"b",13.7,-6.29855054726257,-3.73485101256165,-2.61427832948052,0.0665731738282895,15.2717389964217,TRUE,NA
"b",13.71,-6.30092743989403,-3.73624972375115,-2.61568797032535,0.0665282700682051,15.2816866028095,TRUE,NA
"b",13.72,-6.30330344233907,-3.73764785443778,-2.61709704255547,0.0664834273751902,15.2916342862036,TRUE,NA
"b",13.73,-6.30567855559054,-3.73904540535942,-2.61850554686807,0.0664386456242156,15.3015820464344,TRUE,NA
"b",13.74,-6.30805278063944,-3.74044237725238,-2.61991348395888,0.066393924690598,15.3115298833329,TRUE,NA
"b",13.75,-6.31042611847494,-3.74183877085142,-2.62132085452225,0.0663492644499883,15.3214777967307,TRUE,NA
"b",13.76,-6.31279857008441,-3.74323458688978,-2.62272765925107,0.0663046647783831,15.3314257864597,TRUE,NA
"b",13.77,-6.31517013645337,-3.74462982609912,-2.62413389883681,0.0662601255521111,15.3413738523525,TRUE,NA
"b",13.78,-6.31754081856557,-3.7460244892096,-2.62553957396954,0.0662156466478447,15.3513219942421,TRUE,NA
"b",13.79,-6.3199106174029,-3.74741857694981,-2.6269446853379,0.0661712279425886,15.3612702119619,TRUE,NA
"b",13.8,-6.32227953394548,-3.74881209004686,-2.62834923362913,0.0661268693136834,15.3712185053458,TRUE,NA
"b",13.81,-6.32464756917162,-3.75020502922629,-2.62975321952907,0.0660825706388026,15.3811668742285,TRUE,NA
"b",13.82,-6.32701472405783,-3.75159739521216,-2.63115664372214,0.0660383317959559,15.3911153184446,TRUE,NA
"b",13.83,-6.32938099957885,-3.75298918872699,-2.63255950689139,0.0659941526634791,15.4010638378297,TRUE,NA
"b",13.84,-6.3317463967076,-3.75438041049181,-2.63396180971845,0.0659500331200418,15.4110124322197,TRUE,NA
"b",13.85,-6.33411091641525,-3.75577106122613,-2.63536355288358,0.0659059730446434,15.4209611014508,TRUE,NA
"b",13.86,-6.33647455967117,-3.75716114164795,-2.63676473706565,0.0658619723166107,15.43090984536,TRUE,NA
"b",13.87,-6.33883732744298,-3.75855065247381,-2.63816536294214,0.0658180308155951,15.4408586637845,TRUE,NA
"b",13.88,-6.34119922069651,-3.75993959441872,-2.63956543118916,0.0657741484215779,15.450807556562,TRUE,NA
"b",13.89,-6.34356024039584,-3.76132796819623,-2.64096494248146,0.065730325014862,15.4607565235309,TRUE,NA
"b",13.9,-6.34592038750329,-3.76271577451838,-2.64236389749239,0.0656865604760752,15.4707055645299,TRUE,NA
"b",13.91,-6.34827966297942,-3.76410301409575,-2.64376229689397,0.0656428546861707,15.4806546793981,TRUE,NA
"b",13.92,-6.35063806778304,-3.76548968763744,-2.64516014135682,0.0655992075264202,15.4906038679751,TRUE,NA
"b",13.93,-6.35299560287122,-3.76687579585108,-2.64655743155024,0.0655556188784137,15.5005531301011,TRUE,NA
"b",13.94,-6.35535226919929,-3.76826133944282,-2.64795416814214,0.0655120886240677,15.5105024656165,TRUE,NA
"b",13.95,-6.35770806772083,-3.76964631911738,-2.64935035179912,0.0654686166456089,15.5204518743626,TRUE,NA
"b",13.96,-6.36006299938771,-3.77103073557798,-2.6507459831864,0.0654252028255864,15.5304013561806,TRUE,NA
"b",13.97,-6.36241706515005,-3.77241458952643,-2.65214106296788,0.0653818470468632,15.5403509109126,TRUE,NA
"b",13.98,-6.36477026595626,-3.77379788166304,-2.65353559180609,0.0653385491926199,15.5503005384009,TRUE,NA
"b",13.99,-6.36712260275303,-3.77518061268672,-2.65492957036227,0.0652953091463475,15.5602502384885,TRUE,NA
"b",14,-6.36947407648531,-3.7765627832949,-2.65632299929629,0.0652521267918544,15.5702000110184,TRUE,NA
"b",14.01,-6.37182468809638,-3.77794439418361,-2.65771587926672,0.0652090020132574,15.5801498558346,TRUE,NA
"b",14.02,-6.3741744385278,-3.77932544604743,-2.65910821093077,0.0651659346949853,15.5900997727811,TRUE,NA
"b",14.03,-6.3765233287194,-3.78070593957949,-2.66049999494438,0.0651229247217757,15.6000497617027,TRUE,NA
"b",14.04,-6.37887135960935,-3.78208587547153,-2.66189123196214,0.065079971978677,15.6099998224444,TRUE,NA
"b",14.05,-6.3812185321341,-3.78346525441384,-2.66328192263733,0.0650370763510448,15.6199499548517,TRUE,NA
"b",14.06,-6.38356484722843,-3.78484407709532,-2.66467206762193,0.0649942377245418,15.6299001587705,TRUE,NA
"b",14.07,-6.38591030582543,-3.78622234420342,-2.66606166756661,0.0649514559851321,15.6398504340474,TRUE,NA
"b",14.08,-6.38825490885649,-3.78760005642423,-2.66745072312074,0.0649087310190892,15.6498007805291,TRUE,NA
"b",14.09,-6.39059865725136,-3.78897721444238,-2.66883923493239,0.0648660627129929,15.6597511980629,TRUE,NA
"b",14.1,-6.39294155193808,-3.79035381894114,-2.67022720364834,0.064823450953718,15.6697016864965,TRUE,NA
"b",14.11,-6.39528359384304,-3.79172987060237,-2.67161462991408,0.0647808956284472,15.679652245678,TRUE,NA
"b",14.12,-6.39762478389098,-3.79310537010653,-2.6730015143738,0.0647383966246573,15.6896028754561,TRUE,NA
"b",14.13,-6.39996512300494,-3.7944803181327,-2.67438785767041,0.0646959538301348,15.6995535756797,TRUE,NA
"b",14.14,-6.40230461210635,-3.79585471535857,-2.67577366044557,0.0646535671329511,15.7095043461982,TRUE,NA
"b",14.15,-6.40464325211496,-3.79722856246044,-2.67715892333962,0.0646112364214901,15.7194551868616,TRUE,NA
"b",14.16,-6.40698104394887,-3.79860186011326,-2.67854364699166,0.0645689615844232,15.7294060975201,TRUE,NA
"b",14.17,-6.40931798852456,-3.79997460899057,-2.6799278320395,0.0645267425107181,15.7393570780245,TRUE,NA
"b",14.18,-6.41165408675685,-3.80134680976457,-2.68131147911968,0.0644845790896387,15.7493081282258,TRUE,NA
"b",14.19,-6.41398933955893,-3.80271846310608,-2.68269458886751,0.064442471210743,15.7592592479757,TRUE,NA
"b",14.2,-6.41632374784237,-3.80408956968455,-2.68407716191702,0.0644004187638814,15.769210437126,TRUE,NA
"b",14.21,-6.4186573125171,-3.80546013016809,-2.68545919890097,0.0643584216391964,15.7791616955292,TRUE,NA
"b",14.22,-6.42099003449143,-3.80683014522345,-2.68684070045089,0.0643164797271178,15.7891130230382,TRUE,NA
"b",14.23,-6.42332191467204,-3.80819961551602,-2.68822166719707,0.064274592918371,15.7990644195061,TRUE,NA
"b",14.24,-6.42565295396402,-3.80956854170985,-2.68960209976852,0.064232761103967,15.8090158847866,TRUE,NA
"b",14.25,-6.42798315327084,-3.81093692446764,-2.69098199879304,0.0641909841752053,15.8189674187337,TRUE,NA
"b",14.26,-6.43031251349434,-3.81230476445077,-2.69236136489718,0.064149262023669,15.8289190212019,TRUE,NA
"b",14.27,-6.43264103553479,-3.81367206231926,-2.69374019870625,0.0641075945412339,15.838870692046,TRUE,NA
"b",14.28,-6.43496872029084,-3.81503881873181,-2.69511850084434,0.0640659816200571,15.8488224311215,TRUE,NA
"b",14.29,-6.43729556865955,-3.81640503434579,-2.69649627193432,0.0640244231525768,15.8587742382838,TRUE,NA
"b",14.3,-6.43962158153639,-3.81777070981726,-2.69787351259781,0.0639829190315213,15.8687261133893,TRUE,NA
"b",14.31,-6.44194675981525,-3.81913584580093,-2.69925022345522,0.0639414691498943,15.8786780562942,TRUE,NA
"b",14.32,-6.44427110438842,-3.82050044295021,-2.70062640512575,0.0639000734009874,15.8886300668556,TRUE,NA
"b",14.33,-6.44659461614663,-3.8218645019172,-2.70200205822737,0.063858731678367,15.8985821449307,TRUE,NA
"b",14.34,-6.44891729597902,-3.82322802335268,-2.70337718337687,0.0638174438758803,15.9085342903773,TRUE,NA
"b",14.35,-6.45123914477315,-3.82459100790613,-2.7047517811898,0.0637762098876555,15.9184865030534,TRUE,NA
"b",14.36,-6.45356016341504,-3.82595345622574,-2.70612585228051,0.0637350296080959,15.9284387828176,TRUE,NA
"b",14.37,-6.45588035278913,-3.82731536895836,-2.70749939726217,0.0636939029318833,15.9383911295287,TRUE,NA
"b",14.38,-6.45819971377829,-3.82867674674959,-2.70887241674673,0.0636528297539725,15.948343543046,TRUE,NA
"b",14.39,-6.46051824726386,-3.83003759024372,-2.71024491134495,0.0636118099695966,15.9582960232292,TRUE,NA
"b",14.4,-6.46283595412559,-3.83139790008375,-2.71161688166641,0.0635708434742632,15.9682485699384,TRUE,NA
"b",14.41,-6.46515283524172,-3.83275767691139,-2.71298832831949,0.0635299301637473,15.9782011830341,TRUE,NA
"b",14.42,-6.46746889148893,-3.83411692136709,-2.71435925191139,0.0634890699341031,15.988153862377,TRUE,NA
"b",14.43,-6.46978412374234,-3.83547563409,-2.71572965304814,0.063448262681649,15.9981066078285,TRUE,NA
"b",14.44,-6.47209853287557,-3.836833815718,-2.71709953233456,0.0634075083029813,16.0080594192501,TRUE,NA
"b",14.45,-6.47441211976067,-3.83819146688772,-2.71846889037432,0.0633668066949609,16.0180122965038,TRUE,NA
"b",14.46,-6.47672488526818,-3.83954858823449,-2.71983772776991,0.0633261577547222,16.0279652394522,TRUE,NA
"b",14.47,-6.47903683026712,-3.84090518039241,-2.72120604512267,0.0632855613796588,16.0379182479578,TRUE,NA
"b",14.48,-6.48134795562497,-3.8422612439943,-2.72257384303275,0.0632450174674384,16.0478713218839,TRUE,NA
"b",14.49,-6.48365826220769,-3.84361677967171,-2.72394112209913,0.063204525915995,16.057824461094,TRUE,NA
"b",14.5,-6.48596775087975,-3.84497178805498,-2.72530788291967,0.0631640866235217,16.0677776654521,TRUE,NA
"b",14.51,-6.48827642250408,-3.84632626977317,-2.72667412609104,0.0631236994884832,16.0777309348223,TRUE,NA
"b",14.52,-6.49058427794212,-3.84768022545408,-2.72803985220876,0.0630833644096032,16.0876842690695,TRUE,NA
"b",14.53,-6.49289131805381,-3.8490336557243,-2.72940506186722,0.0630430812858691,16.0976376680585,TRUE,NA
"b",14.54,-6.49519754369757,-3.85038656120917,-2.73076975565965,0.0630028500165296,16.1075911316549,TRUE,NA
"b",14.55,-6.49750295573033,-3.85173894253279,-2.73213393417813,0.0629626705010944,16.1175446597244,TRUE,NA
"b",14.56,-6.49980755500754,-3.85309080031802,-2.7334975980136,0.0629225426393392,16.1274982521331,TRUE,NA
"b",14.57,-6.50211134238315,-3.8544421351865,-2.73486074775589,0.0628824663312848,16.1374519087476,TRUE,NA
"b",14.58,-6.50441431870963,-3.85579294775865,-2.73622338399365,0.0628424414772257,16.1474056294348,TRUE,NA
"b",14.59,-6.50671648483796,-3.85714323865365,-2.73758550731445,0.0628024679777033,16.157359414062,TRUE,NA
"b",14.6,-6.50901784161763,-3.85849300848948,-2.73894711830468,0.0627625457335239,16.1673132624967,TRUE,NA
"b",14.61,-6.5113183898967,-3.8598422578829,-2.74030821754964,0.0627226746457423,16.1772671746069,TRUE,NA
"b",14.62,-6.5136181305217,-3.86119098744944,-2.74166880563349,0.062682854615673,16.187221150261,TRUE,NA
"b",14.63,-6.51591706433774,-3.86253919780344,-2.74302888313929,0.0626430855448818,16.1971751893277,TRUE,NA
"b",14.64,-6.51821519218844,-3.86388688955803,-2.74438845064897,0.0626033673351918,16.2071292916761,TRUE,NA
"b",14.65,-6.52051251491596,-3.86523406332513,-2.74574750874333,0.0625636998886727,16.2170834571756,TRUE,NA
"b",14.66,-6.52280903336101,-3.86658071971546,-2.7471060580021,0.0625240831076561,16.227037685696,TRUE,NA
"b",14.67,-6.52510474836285,-3.86792685933857,-2.74846409900387,0.0624845168947128,16.2369919771074,TRUE,NA
"b",14.68,-6.52739966075928,-3.86927248280278,-2.74982163232613,0.0624450011526707,16.2469463312803,TRUE,NA
"b",14.69,-6.52969377138665,-3.87061759071524,-2.75117865854529,0.0624055357846061,16.2569007480857,TRUE,NA
"b",14.7,-6.53198708107989,-3.87196218368192,-2.75253517823663,0.0623661206938433,16.2668552273946,TRUE,NA
"b",14.71,-6.53427959067246,-3.87330626230758,-2.75389119197436,0.0623267557839533,16.2768097690787,TRUE,NA
"b",14.72,-6.5365713009964,-3.87464982719583,-2.75524670033158,0.0622874409587575,16.2867643730098,TRUE,NA
"b",14.73,-6.53886221288232,-3.87599287894909,-2.75660170388032,0.0622481761223188,16.2967190390602,TRUE,NA
"b",14.74,-6.54115232715938,-3.8773354181686,-2.7579562031915,0.062208961178948,16.3066737671026,TRUE,NA
"b",14.75,-6.54344164465535,-3.87867744545445,-2.75931019883497,0.0621697960332028,16.3166285570099,TRUE,NA
"b",14.76,-6.54573016619653,-3.88001896140553,-2.7606636913795,0.0621306805898807,16.3265834086553,TRUE,NA
"b",14.77,-6.54801789260785,-3.88135996661959,-2.76201668139277,0.0620916147540238,16.3365383219126,TRUE,NA
"b",14.78,-6.55030482471279,-3.88270046169323,-2.7633691694414,0.0620525984309168,16.3464932966556,TRUE,NA
"b",14.79,-6.55259096333342,-3.88404044722185,-2.76472115609093,0.0620136315260877,16.3564483327588,TRUE,NA
"b",14.8,-6.55487630929043,-3.88537992379975,-2.76607264190583,0.0619747139452977,16.3664034300969,TRUE,NA
"b",14.81,-6.55716086340306,-3.88671889202002,-2.7674236274495,0.0619358455945602,16.3763585885447,TRUE,NA
"b",14.82,-6.55944462648918,-3.88805735247466,-2.76877411328427,0.0618970263801168,16.3863138079777,TRUE,NA
"b",14.83,-6.56172759936525,-3.88939530575447,-2.77012409997144,0.0618582562084531,16.3962690882716,TRUE,NA
"b",14.84,-6.56400978284634,-3.89073275244914,-2.77147358807122,0.0618195349862916,16.4062244293024,TRUE,NA
"b",14.85,-6.56629117774611,-3.89206969314723,-2.77282257814277,0.0617808626205902,16.4161798309464,TRUE,NA
"b",14.86,-6.56857178487686,-3.89340612843612,-2.77417107074421,0.0617422390185451,16.4261352930804,TRUE,NA
"b",14.87,-6.57085160504948,-3.8947420589021,-2.77551906643259,0.0617036640875868,16.4360908155813,TRUE,NA
"b",14.88,-6.57313063907349,-3.89607748513032,-2.77686656576393,0.0616651377353792,16.4460463983266,TRUE,NA
"b",14.89,-6.57540888775701,-3.89741240770477,-2.77821356929321,0.0616266598698223,16.4560020411939,TRUE,NA
"b",14.9,-6.57768635190682,-3.89874682720837,-2.77956007757434,0.0615882303990496,16.4659577440612,TRUE,NA
"b",14.91,-6.5799630323283,-3.90008074422288,-2.78090609116022,0.0615498492314246,16.475913506807,TRUE,NA
"b",14.92,-6.58223892982546,-3.90141415932894,-2.7822516106027,0.061511516275544,16.4858693293098,TRUE,NA
"b",14.93,-6.58451404520096,-3.90274707310611,-2.7835966364526,0.0614732314402331,16.4958252114487,TRUE,NA
"b",14.94,-6.58678837925608,-3.9040794861328,-2.78494116925971,0.0614349946345545,16.5057811531029,TRUE,NA
"b",14.95,-6.58906193279076,-3.90541139898632,-2.78628520957278,0.061396805767794,16.5157371541523,TRUE,NA
"b",14.96,-6.59133470660356,-3.9067428122429,-2.78762875793956,0.0613586647494637,16.5256932144766,TRUE,NA
"b",14.97,-6.59360670149171,-3.90807372647762,-2.78897181490676,0.0613205714893104,16.5356493339563,TRUE,NA
"b",14.98,-6.59587791825107,-3.90940414226451,-2.79031438102005,0.0612825258973082,16.545605512472,TRUE,NA
"b",14.99,-6.59814835767616,-3.91073406017646,-2.79165645682413,0.0612445278836526,16.5555617499046,TRUE,NA
"b",15,-6.60041802056016,-3.91206348078529,-2.79299804286265,0.0612065773587664,16.5655180461353,TRUE,NA
"b",15.01,-6.6026869076949,-3.91339240466172,-2.79433913967826,0.0611686742333006,16.5754744010457,TRUE,NA
"b",15.02,-6.6049550198709,-3.91472083237537,-2.79567974781259,0.0611308184181296,16.5854308145178,TRUE,NA
"b",15.03,-6.6072223578773,-3.91604876449481,-2.79701986780627,0.061093009824349,16.5953872864337,TRUE,NA
"b",15.04,-6.60948892250194,-3.91737620158748,-2.79835950019894,0.0610552483632811,16.6053438166759,TRUE,NA
"b",15.05,-6.61175471453134,-3.91870314421978,-2.79969864552922,0.061017533946468,16.6153004051274,TRUE,NA
"b",15.06,-6.61401973475066,-3.920029592957,-2.80103730433473,0.0609798664856753,16.6252570516712,TRUE,NA
"b",15.07,-6.61628398394376,-3.92135554836338,-2.8023754771521,0.0609422458928885,16.6352137561908,TRUE,NA
"b",15.08,-6.6185474628932,-3.92268101100208,-2.80371316451697,0.0609046720803135,16.64517051857,TRUE,NA
"b",15.09,-6.62081017238018,-3.92400598143518,-2.80505036696399,0.0608671449603762,16.6551273386928,TRUE,NA
"b",15.1,-6.62307211318462,-3.92533046022371,-2.8063870850268,0.060829664445722,16.6650842164437,TRUE,NA
"b",15.11,-6.62533328608512,-3.92665444792762,-2.80772331923808,0.0607922304492137,16.6750411517074,TRUE,NA
"b",15.12,-6.62759369185897,-3.92797794510583,-2.80905907012952,0.0607548428839277,16.6849981443689,TRUE,NA
"b",15.13,-6.62985333128218,-3.92930095231616,-2.81039433823182,0.0607175016631678,16.6949551943134,TRUE,NA
"b",15.14,-6.63211220512942,-3.93062347011541,-2.8117291240747,0.0606802067004426,16.7049123014266,TRUE,NA
"b",15.15,-6.63437031417409,-3.93194549905932,-2.81306342818692,0.0606429579094834,16.7148694655944,TRUE,NA
"b",15.16,-6.63662765918829,-3.93326703970256,-2.81439725109626,0.0606057552042341,16.7248266867031,TRUE,NA
"b",15.17,-6.63888424094283,-3.93458809259877,-2.81573059332951,0.0605685984988531,16.734783964639,TRUE,NA
"b",15.18,-6.64114006020723,-3.93590865830055,-2.81706345541252,0.0605314877077103,16.7447412992892,TRUE,NA
"b",15.19,-6.64339511774971,-3.93722873735945,-2.81839583787016,0.0604944227453919,16.7546986905407,TRUE,NA
"b",15.2,-6.64564941433724,-3.93854833032599,-2.81972774122633,0.0604574035266952,16.7646561382809,TRUE,NA
"b",15.21,-6.64790295073548,-3.93986743774965,-2.82105916600399,0.0604204299666251,16.7746136423975,TRUE,NA
"b",15.22,-6.65015572770883,-3.94118606017886,-2.82239011272512,0.0603835019804051,16.7845712027786,TRUE,NA
"b",15.23,-6.65240774602042,-3.94250419816105,-2.82372058191076,0.0603466194834623,16.7945288193124,TRUE,NA
"b",15.24,-6.65465900643208,-3.94382185224261,-2.82505057408098,0.060309782391434,16.8044864918876,TRUE,NA
"b",15.25,-6.65690950970442,-3.94513902296889,-2.82638008975491,0.0602729906201716,16.8144442203931,TRUE,NA
"b",15.26,-6.65915925659674,-3.94645571088423,-2.82770912945074,0.0602362440857287,16.824402004718,TRUE,NA
"b",15.27,-6.66140824786711,-3.94777191653196,-2.82903769368568,0.0601995427043698,16.8343598447519,TRUE,NA
"b",15.28,-6.66365648427232,-3.94908764045438,-2.83036578297604,0.0601628863925674,16.8443177403845,TRUE,NA
"b",15.29,-6.66590396656792,-3.95040288319278,-2.83169339783715,0.0601262750669966,16.8542756915059,TRUE,NA
"b",15.3,-6.66815069550819,-3.95171764528743,-2.83302053878344,0.06008970864454,16.8642336980064,TRUE,NA
"b",15.31,-6.67039667184619,-3.95303192727761,-2.83434720632836,0.0600531870422878,16.8741917597767,TRUE,NA
"b",15.32,-6.67264189633369,-3.95434572970157,-2.83567340098446,0.0600167101775284,16.8841498767076,TRUE,NA
"b",15.33,-6.67488636972125,-3.95565905309657,-2.83699912326334,0.0599802779677607,16.8941080486905,TRUE,NA
"b",15.34,-6.67713009275818,-3.95697189799886,-2.83832437367568,0.0599438903306821,16.9040662756168,TRUE,NA
"b",15.35,-6.67937306619254,-3.95828426494371,-2.83964915273122,0.0599075471842019,16.9140245573783,TRUE,NA
"b",15.36,-6.68161529077117,-3.95959615446537,-2.8409734609388,0.0598712484464134,16.9239828938671,TRUE,NA
"b",15.37,-6.68385676723967,-3.96090756709711,-2.84229729880631,0.0598349940356266,16.9339412849755,TRUE,NA
"b",15.38,-6.6860974963424,-3.96221850337121,-2.84362066684073,0.0597987838703484,16.9438997305961,TRUE,NA
"b",15.39,-6.68833747882251,-3.96352896381895,-2.84494356554812,0.0597626178692821,16.9538582306219,TRUE,NA
"b",15.4,-6.69057671542192,-3.96483894897064,-2.84626599543364,0.0597264959513368,16.9638167849459,TRUE,NA
"b",15.41,-6.69281520688132,-3.9661484593556,-2.84758795700152,0.0596904180356144,16.9737753934619,TRUE,NA
"b",15.42,-6.69505295394019,-3.96745749550215,-2.84890945075509,0.0596543840414139,16.9837340560633,TRUE,NA
"b",15.43,-6.6972899573368,-3.96876605793766,-2.85023047719675,0.059618393888242,16.9936927726443,TRUE,NA
"b",15.44,-6.69952621780818,-3.97007414718852,-2.85155103682803,0.059582447495794,17.0036515430992,TRUE,NA
"b",15.45,-6.70176173609019,-3.97138176378013,-2.85287113014952,0.0595465447839598,17.0136103673226,TRUE,NA
"b",15.46,-6.70399651291744,-3.97268890823693,-2.85419075766092,0.05951068567283,17.0235692452092,TRUE,NA
"b",15.47,-6.70623054902337,-3.9739955810824,-2.85550991986105,0.0594748700826937,17.0335281766543,TRUE,NA
"b",15.48,-6.7084638451402,-3.97530178283903,-2.85682861724781,0.0594390979340247,17.0434871615532,TRUE,NA
"b",15.49,-6.71069640199894,-3.97660751402836,-2.85814685031822,0.0594033691474971,17.0534461998015,TRUE,NA
"b",15.5,-6.71292822032943,-3.97791277517098,-2.85946461956838,0.0593676836439845,17.0634052912953,TRUE,NA
"b",15.51,-6.7151593008603,-3.97921756678651,-2.86078192549354,0.0593320413445371,17.0733644359306,TRUE,NA
"b",15.52,-6.717389644319,-3.98052188939362,-2.86209876858804,0.0592964421704076,17.0833236336041,TRUE,NA
"b",15.53,-6.71961925143177,-3.98182574351001,-2.86341514934532,0.0592608860430466,17.0932828842124,TRUE,NA
"b",15.54,-6.72184812292368,-3.98312912965245,-2.86473106825797,0.0592253728840837,17.1032421876525,TRUE,NA
"b",15.55,-6.72407625951861,-3.98443204833674,-2.86604652581768,0.0591899026153402,17.1132015438218,TRUE,NA
"b",15.56,-6.72630366193928,-3.98573450007776,-2.86736152251524,0.0591544751588411,17.1231609526177,TRUE,NA
"b",15.57,-6.7285303309072,-3.98703648538943,-2.86867605884061,0.059119090436782,17.1331204139381,TRUE,NA
"b",15.58,-6.73075626714272,-3.98833800478472,-2.86999013528284,0.0590837483715609,17.143079927681,TRUE,NA
"b",15.59,-6.73298147136503,-3.98963905877568,-2.87130375233011,0.0590484488857581,17.1530394937447,TRUE,NA
"b",15.6,-6.73520594429213,-3.99093964787341,-2.87261691046975,0.0590131919021402,17.162999112028,TRUE,NA
"b",15.61,-6.73742968664086,-3.99223977258807,-2.87392961018819,0.0589779773436665,17.1729587824295,TRUE,NA
"b",15.62,-6.7396526991269,-3.99353943342892,-2.87524185197104,0.0589428051334751,17.1829185048485,TRUE,NA
"b",15.63,-6.74187498246477,-3.99483863090426,-2.87655363630299,0.0589076751948996,17.1928782791843,TRUE,NA
"b",15.64,-6.74409653736781,-3.99613736552146,-2.87786496366792,0.0588725874514524,17.2028381053365,TRUE,NA
"b",15.65,-6.74631736454823,-3.99743563778699,-2.87917583454881,0.0588375418268297,17.212797983205,TRUE,NA
"b",15.66,-6.74853746471708,-3.99873344820637,-2.8804862494278,0.0588025382449175,17.2227579126901,TRUE,NA
"b",15.67,-6.75075683858425,-4.00003079728422,-2.88179620878619,0.0587675766297799,17.232717893692,TRUE,NA
"b",15.68,-6.75297548685847,-4.00132768552424,-2.8831057131044,0.0587326569056659,17.2426779261114,TRUE,NA
"b",15.69,-6.75519341024736,-4.00262411342921,-2.884414762862,0.058697778997014,17.2526380098493,TRUE,NA
"b",15.7,-6.75741060945736,-4.00392008150098,-2.88572335853774,0.0586629428284313,17.2625981448069,TRUE,NA
"b",15.71,-6.75962708519379,-4.00521559024052,-2.8870315006095,0.0586281483247157,17.2725583308855,TRUE,NA
"b",15.72,-6.76184283816082,-4.00651064014788,-2.88833918955431,0.0585933954108464,17.2825185679868,TRUE,NA
"b",15.73,-6.7640578690615,-4.00780523172219,-2.88964642584837,0.0585586840119783,17.2924788560128,TRUE,NA
"b",15.74,-6.76627217859772,-4.00909936546168,-2.89095320996704,0.0585240140534502,17.3024391948656,TRUE,NA
"b",15.75,-6.76848576747027,-4.0103930418637,-2.89225954238483,0.058489385460776,17.3123995844476,TRUE,NA
"b",15.76,-6.77069863637879,-4.01168626142468,-2.89356542357543,0.0584547981596524,17.3223600246616,TRUE,NA
"b",15.77,-6.7729107860218,-4.01297902464015,-2.89487085401168,0.0584202520759511,17.3323205154104,TRUE,NA
"b",15.78,-6.7751222170967,-4.01427133200476,-2.8961758341656,0.058385747135727,17.3422810565972,TRUE,NA
"b",15.79,-6.77733293029976,-4.01556318401225,-2.89748036450837,0.0583512832652033,17.3522416481255,TRUE,NA
"b",15.8,-6.77954292632615,-4.0168545811555,-2.89878444551035,0.0583168603907884,17.3622022898989,TRUE,NA
"b",15.81,-6.7817522058699,-4.01814552392645,-2.90008807764105,0.0582824784390628,17.3721629818212,TRUE,NA
"b",15.82,-6.78396076962395,-4.0194360128162,-2.90139126136921,0.0582481373367791,17.3821237237967,TRUE,NA
"b",15.83,-6.78616861828011,-4.02072604831495,-2.90269399716268,0.0582138370108778,17.3920845157298,TRUE,NA
"b",15.84,-6.7883757525291,-4.02201563091202,-2.90399628548854,0.058179577388457,17.4020453575251,TRUE,NA
"b",15.85,-6.79058217306052,-4.02330476109584,-2.90529812681304,0.0581453583967981,17.4120062490874,TRUE,NA
"b",15.86,-6.79278788056288,-4.02459343935398,-2.9065995216016,0.0581111799633582,17.4219671903219,TRUE,NA
"b",15.87,-6.79499287572356,-4.02588166617312,-2.90790047031883,0.0580770420157606,17.4319281811339,TRUE,NA
"b",15.88,-6.79719715922888,-4.02716944203908,-2.90920097342855,0.0580429444818025,17.4418892214292,TRUE,NA
"b",15.89,-6.79940073176404,-4.0284567674368,-2.91050103139373,0.0580088872894615,17.4518503111134,TRUE,NA
"b",15.9,-6.80160359401315,-4.02974364285035,-2.91180064467657,0.0579748703668743,17.4618114500926,TRUE,NA
"b",15.91,-6.80380574665924,-4.03103006876295,-2.91309981373845,0.0579408936423578,17.4717726382733,TRUE,NA
"b",15.92,-6.80600719038423,-4.03231604565692,-2.91439853903994,0.057906957044394,17.4817338755618,TRUE,NA
"b",15.93,-6.80820792586898,-4.03360157401376,-2.91569682104082,0.0578730605016364,17.4916951618651,TRUE,NA
"b",15.94,-6.81040795379324,-4.03488665431409,-2.91699466020004,0.0578392039429092,17.5016564970902,TRUE,NA
"b",15.95,-6.8126072748357,-4.03617128703767,-2.9182920569758,0.0578053872972006,17.5116178811443,TRUE,NA
"b",15.96,-6.81480588967395,-4.03745547266339,-2.91958901182546,0.0577716104936785,17.5215793139348,TRUE,NA
"b",15.97,-6.81700379898453,-4.03873921166933,-2.92088552520561,0.057737873461666,17.5315407953695,TRUE,NA
"b",15.98,-6.81920100344289,-4.04002250453268,-2.92218159757204,0.057704176130656,17.5415023253565,TRUE,NA
"b",15.99,-6.8213975037234,-4.0413053517298,-2.92347722937975,0.0576705184303181,17.5514639038038,TRUE,NA
"b",16,-6.82359330049937,-4.04258775373618,-2.92477242108295,0.0576369002904746,17.5614255306199,TRUE,NA
"b",16.01,-6.82578839444305,-4.04386971102649,-2.92606717313507,0.0576033216411247,17.5713872057134,TRUE,NA
"b",16.02,-6.82798278622561,-4.04515122407455,-2.92736148598874,0.057569782412429,17.5813489289932,TRUE,NA
"b",16.03,-6.83017647651716,-4.04643229335333,-2.92865536009583,0.0575362825347101,17.5913107003684,TRUE,NA
"b",16.04,-6.83236946598677,-4.04771291933497,-2.92994879590741,0.0575028219384581,17.6012725197484,TRUE,NA
"b",16.05,-6.83456175530243,-4.04899310249076,-2.93124179387377,0.0574694005543286,17.6112343870427,TRUE,NA
"b",16.06,-6.83675334513108,-4.05027284329118,-2.93253435444444,0.0574360183131377,17.621196302161,TRUE,NA
"b",16.07,-6.83894423613861,-4.05155214220586,-2.93382647806816,0.0574026751458625,17.6311582650135,TRUE,NA
"b",16.08,-6.84113442898986,-4.05283099970359,-2.93511816519291,0.0573693709836496,17.6411202755104,TRUE,NA
"b",16.09,-6.84332392434861,-4.05410941625235,-2.93640941626587,0.0573361057578028,17.651082333562,TRUE,NA
"b",16.1,-6.84551272287761,-4.05538739231928,-2.93770023173349,0.0573028793997894,17.6610444390792,TRUE,NA
"b",16.11,-6.84770082523855,-4.05666492837071,-2.93899061204142,0.0572696918412348,17.6710065919727,TRUE,NA
"b",16.12,-6.8498882320921,-4.05794202487214,-2.94028055763457,0.0572365430139259,17.6809687921538,TRUE,NA
"b",16.13,-6.85207494409787,-4.05921868228824,-2.94157006895706,0.0572034328498132,17.6909310395338,TRUE,NA
"b",16.14,-6.85426096191444,-4.06049490108287,-2.94285914645226,0.0571703612810026,17.7008933340243,TRUE,NA
"b",16.15,-6.85644628619936,-4.06177068171908,-2.94414779056278,0.0571373282397643,17.710855675537,TRUE,NA
"b",16.16,-6.85863091760914,-4.06304602465909,-2.94543600173047,0.0571043336585175,17.720818063984,TRUE,NA
"b",16.17,-6.86081485679927,-4.06432093036432,-2.94672378039643,0.0570713774698524,17.7307804992776,TRUE,NA
"b",16.18,-6.86299810442419,-4.06559539929537,-2.94801112700099,0.0570384596065114,17.74074298133,TRUE,NA
"b",16.19,-6.86518066113734,-4.06686943191205,-2.94929804198375,0.0570055800013849,17.7507055100542,TRUE,NA
"b",16.2,-6.86736252759113,-4.06814302867333,-2.95058452578353,0.0569727385875396,17.7606680853628,TRUE,NA
"b",16.21,-6.86954370443693,-4.06941619003741,-2.95187057883842,0.056939935298181,17.770630707169,TRUE,NA
"b",16.22,-6.87172419232511,-4.07068891646166,-2.95315620158576,0.0569071700666779,17.7805933753863,TRUE,NA
"b",16.23,-6.87390399190503,-4.07196120840267,-2.95444139446214,0.05687444282656,17.7905560899279,TRUE,NA
"b",16.24,-6.87608310382501,-4.07323306631622,-2.95572615790339,0.0568417535114998,17.8005188507078,TRUE,NA
"b",16.25,-6.87826152873238,-4.0745044906573,-2.95701049234464,0.0568091020553316,17.8104816576398,TRUE,NA
"b",16.26,-6.88043926727344,-4.07577548188009,-2.95829439822024,0.0567764883920461,17.8204445106382,TRUE,NA
"b",16.27,-6.8826163200935,-4.07704604043799,-2.95957787596382,0.0567439124557829,17.8304074096174,TRUE,NA
"b",16.28,-6.88479268783685,-4.07831616678361,-2.96086092600826,0.0567113741808383,17.8403703544918,TRUE,NA
"b",16.29,-6.8869683711468,-4.07958586136876,-2.96214354878572,0.0566788735016557,17.8503333451764,TRUE,NA
"b",16.3,-6.88914337066563,-4.08085512464449,-2.96342574472762,0.0566464103528368,17.8602963815862,TRUE,NA
"b",16.31,-6.89131768703463,-4.08212395706102,-2.96470751426463,0.0566139846691351,17.8702594636363,TRUE,NA
"b",16.32,-6.8934913208941,-4.08339235906782,-2.96598885782673,0.0565815963854526,17.8802225912422,TRUE,NA
"b",16.33,-6.89566427288333,-4.08466033111357,-2.96726977584314,0.0565492454368428,17.8901857643196,TRUE,NA
"b",16.34,-6.89783654364065,-4.08592787364617,-2.96855026874235,0.0565169317585115,17.9001489827844,TRUE,NA
"b",16.35,-6.90000813380336,-4.08719498711275,-2.96983033695216,0.0564846552858098,17.9101122465525,TRUE,NA
"b",16.36,-6.90217904400778,-4.08846167195963,-2.9711099808996,0.0564524159542517,17.9200755555402,TRUE,NA
"b",16.37,-6.90434927488927,-4.0897279286324,-2.97238920101101,0.0564202136994822,17.930038909664,TRUE,NA
"b",16.38,-6.90651882708218,-4.09099375757586,-2.97366799771201,0.0563880484573103,17.9400023088406,TRUE,NA
"b",16.39,-6.90868770121988,-4.09225915923404,-2.97494637142749,0.0563559201636821,17.9499657529869,TRUE,NA
"b",16.4,-6.91085589793478,-4.09352413405019,-2.97622432258163,0.0563238287547012,17.9599292420199,TRUE,NA
"b",16.41,-6.91302341785828,-4.09478868246681,-2.97750185159789,0.0562917741666107,17.969892775857,TRUE,NA
"b",16.42,-6.91519026162083,-4.09605280492564,-2.97877895889901,0.0562597563358072,17.9798563544155,TRUE,NA
"b",16.43,-6.91735642985189,-4.09731650186762,-2.98005564490705,0.0562277751988312,17.9898199776133,TRUE,NA
"b",16.44,-6.91952192317997,-4.09857977373298,-2.98133191004332,0.0561958306923689,17.9997836453683,TRUE,NA
"b",16.45,-6.92168674223259,-4.09984262096115,-2.98260775472846,0.0561639227532549,18.0097473575984,TRUE,NA
"b",16.46,-6.9238508876363,-4.10110504399082,-2.98388317938237,0.0561320513184649,18.019711114222,TRUE,NA
"b",16.47,-6.9260143600167,-4.10236704325993,-2.98515818442427,0.0561002163251265,18.0296749151576,TRUE,NA
"b",16.48,-6.92817715999843,-4.10362861920565,-2.98643277027266,0.0560684177105015,18.0396387603239,TRUE,NA
"b",16.49,-6.93033928820515,-4.10488977226442,-2.98770693734535,0.056036655412008,18.0496026496398,TRUE,NA
"b",16.5,-6.93250074525956,-4.10615050287189,-2.98898068605944,0.0560049293671998,18.0595665830243,TRUE,NA
"b",16.51,-6.93466153178343,-4.10741081146301,-2.99025401683135,0.0559732395137766,18.0695305603968,TRUE,NA
"b",16.52,-6.93682164839754,-4.10867069847196,-2.99152693007679,0.0559415857895784,18.0794945816768,TRUE,NA
"b",16.53,-6.93898109572175,-4.10993016433217,-2.99279942621077,0.0559099681325943,18.0894586467839,TRUE,NA
"b",16.54,-6.94113987437495,-4.11118920947633,-2.99407150564762,0.0558783864809502,18.0994227556379,TRUE,NA
"b",16.55,-6.94329798497508,-4.11244783433639,-2.99534316880098,0.0558468407729151,18.109386908159,TRUE,NA
"b",16.56,-6.94545542813914,-4.11370603934358,-2.99661441608377,0.0558153309468938,18.1193511042675,TRUE,NA
"b",16.57,-6.94761220448318,-4.11496382492835,-2.99788524790827,0.0557838569414448,18.1293153438837,TRUE,NA
"b",16.58,-6.94976831462232,-4.11622119152045,-2.99915566468603,0.0557524186952572,18.1392796269283,TRUE,NA
"b",16.59,-6.95192375917071,-4.11747813954888,-3.00042566682795,0.0557210161471611,18.1492439533222,TRUE,NA
"b",16.6,-6.9540785387416,-4.11873466944191,-3.00169525474422,0.055689649236129,18.1592083229865,TRUE,NA
"b",16.61,-6.95623265394727,-4.11999078162709,-3.00296442884435,0.0556583179012744,18.1691727358422,TRUE,NA
"b",16.62,-6.95838610539908,-4.12124647653122,-3.00423318953719,0.0556270220818407,18.1791371918109,TRUE,NA
"b",16.63,-6.96053889370745,-4.12250175458039,-3.00550153723089,0.0555957617172211,18.1891016908142,TRUE,NA
"b",16.64,-6.96269101948189,-4.12375661619996,-3.00676947233294,0.0555645367469406,18.1990662327738,TRUE,NA
"b",16.65,-6.96484248333096,-4.12501106181455,-3.00803699525015,0.0555333471106634,18.2090308176117,TRUE,NA
"b",16.66,-6.96699328586229,-4.12626509184808,-3.00930410638864,0.0555021927481913,18.2189954452502,TRUE,NA
"b",16.67,-6.96914342768259,-4.12751870672375,-3.01057080615387,0.0554710735994632,18.2289601156115,TRUE,NA
"b",16.68,-6.97129290939767,-4.12877190686402,-3.01183709495064,0.0554399896045528,18.2389248286182,TRUE,NA
"b",16.69,-6.97344173161238,-4.13002469269065,-3.01310297318306,0.0554089407036731,18.2488895841931,TRUE,NA
"b",16.7,-6.97558989493068,-4.13127706462468,-3.01436844125459,0.055377926837167,18.258854382259,TRUE,NA
"b",16.71,-6.9777373999556,-4.13252902308643,-3.01563349956801,0.0553469479455213,18.2688192227391,TRUE,NA
"b",16.72,-6.97988424728926,-4.13378056849553,-3.01689814852545,0.055316003969347,18.2787841055567,TRUE,NA
"b",16.73,-6.98203043753286,-4.13503170127086,-3.01816238852836,0.0552850948494079,18.2887490306352,TRUE,NA
"b",16.74,-6.98417597128669,-4.13628242183064,-3.01942621997754,0.055254220526578,18.2987139978984,TRUE,NA
"b",16.75,-6.98632084915014,-4.13753273059234,-3.02068964327313,0.0552233809418858,18.30867900727,TRUE,NA
"b",16.76,-6.98846507172169,-4.13878262797274,-3.0219526588146,0.055192576036478,18.318644058674,TRUE,NA
"b",16.77,-6.9906086395989,-4.14003211438794,-3.02321526700078,0.0551618057516476,18.3286091520348,TRUE,NA
"b",16.78,-6.99275155337844,-4.14128119025329,-3.02447746822983,0.0551310700288097,18.3385742872766,TRUE,NA
"b",16.79,-6.99489381365607,-4.14252985598349,-3.02573926289927,0.0551003688095175,18.348539464324,TRUE,NA
"b",16.8,-6.99703542102667,-4.1437781119925,-3.02700065140595,0.0550697020354578,18.3585046831018,TRUE,NA
"b",16.81,-6.99917637608419,-4.1450259586936,-3.02826163414608,0.0550390696484415,18.368469943535,TRUE,NA
"b",16.82,-7.00131667942171,-4.14627339649939,-3.02952221151523,0.0550084715904164,18.3784352455486,TRUE,NA
"b",16.83,-7.0034563316314,-4.14752042582175,-3.0307823839083,0.0549779078034618,18.3884005890679,TRUE,NA
"b",16.84,-7.00559533330455,-4.14876704707188,-3.03204215171956,0.0549473782297829,18.3983659740185,TRUE,NA
"b",16.85,-7.00773368503155,-4.15001326066029,-3.03330151534263,0.0549168828117228,18.4083314003258,TRUE,NA
"b",16.86,-7.0098713874019,-4.15125906699679,-3.03456047517049,0.0548864214917426,18.4182968679159,TRUE,NA
"b",16.87,-7.01200844100423,-4.15250446649052,-3.03581903159547,0.0548559942124474,18.4282623767146,TRUE,NA
"b",16.88,-7.01414484642627,-4.15374945954993,-3.03707718500927,0.0548256009165584,18.4382279266481,TRUE,NA
"b",16.89,-7.01628060425486,-4.15499404658277,-3.03833493580293,0.0547952415469313,18.4481935176429,TRUE,NA
"b",16.9,-7.01841571507597,-4.15623822799612,-3.03959228436688,0.0547649160465493,18.4581591496254,TRUE,NA
"b",16.91,-7.02055017947471,-4.15748200419638,-3.04084923109091,0.0547346243585265,18.4681248225223,TRUE,NA
"b",16.92,-7.02268399803526,-4.15872537558927,-3.04210577636414,0.0547043664261011,18.4780905362605,TRUE,NA
"b",16.93,-7.02481717134098,-4.15996834257983,-3.04336192057511,0.0546741421926376,18.4880562907671,TRUE,NA
"b",16.94,-7.02694969997433,-4.16121090557242,-3.04461766411169,0.0546439516016282,18.4980220859693,TRUE,NA
"b",16.95,-7.02908158451689,-4.16245306497073,-3.04587300736113,0.0546137945966976,18.5079879217944,TRUE,NA
"b",16.96,-7.03121282554939,-4.16369482117779,-3.04712795071006,0.054583671121585,18.5179537981702,TRUE,NA
"b",16.97,-7.03334342365167,-4.16493617459592,-3.04838249454446,0.054553581120163,18.5279197150242,TRUE,NA
"b",16.98,-7.03547337940273,-4.16617712562681,-3.04963663924972,0.0545235245364371,18.5378856722844,TRUE,NA
"b",16.99,-7.03760269338067,-4.16741767467146,-3.05089038521057,0.0544935013145205,18.5478516698789,TRUE,NA
"b",17,-7.03973136616277,-4.16865782213021,-3.05214373281113,0.054463511398664,18.557817707736,TRUE,NA
"b",17.01,-7.04185939832542,-4.16989756840274,-3.05339668243491,0.0544335547332357,18.567783785784,TRUE,NA
"b",17.02,-7.04398679044414,-4.17113691388805,-3.05464923446478,0.0544036312627352,18.5777499039516,TRUE,NA
"b",17.03,-7.04611354309363,-4.17237585898449,-3.05590138928301,0.0543737409317808,18.5877160621675,TRUE,NA
"b",17.04,-7.04823965684771,-4.17361440408975,-3.05715314727123,0.0543438836851129,18.5976822603607,TRUE,NA
"b",17.05,-7.05036513227934,-4.17485254960085,-3.05840450881048,0.0543140594675968,18.6076484984602,TRUE,NA
"b",17.06,-7.05248996996064,-4.17609029591417,-3.05965547428116,0.0542842682242242,18.6176147763954,TRUE,NA
"b",17.07,-7.05461417046287,-4.17732764342541,-3.06090604406307,0.0542545099001037,18.6275810940956,TRUE,NA
"b",17.08,-7.05673773435646,-4.17856459252964,-3.0621562185354,0.0542247844404704,18.6375474514904,TRUE,NA
"b",17.09,-7.05886066221098,-4.17980114362125,-3.06340599807673,0.0541950917906746,18.6475138485096,TRUE,NA
"b",17.1,-7.06098295459515,-4.18103729709402,-3.06465538306502,0.0541654318961911,18.6574802850832,TRUE,NA
"b",17.11,-7.06310461207685,-4.18227305334102,-3.06590437387763,0.0541358047026232,18.6674467611412,TRUE,NA
"b",17.12,-7.06522563522312,-4.18350841275473,-3.06715297089132,0.0541062101556822,18.677413276614,TRUE,NA
"b",17.13,-7.06734602460017,-4.18474337572694,-3.06840117448222,0.0540766482012103,18.6873798314318,TRUE,NA
"b",17.14,-7.06946578077335,-4.18597794264883,-3.0696489850259,0.0540471187851628,18.6973464255253,TRUE,NA
"b",17.15,-7.07158490430718,-4.1872121139109,-3.07089640289727,0.0540176218536148,18.7073130588252,TRUE,NA
"b",17.16,-7.07370339576537,-4.18844588990303,-3.07214342847069,0.0539881573527659,18.7172797312625,TRUE,NA
"b",17.17,-7.07582125571077,-4.18967927101445,-3.0733900621199,0.0539587252289317,18.7272464427683,TRUE,NA
"b",17.18,-7.07793848470539,-4.19091225763376,-3.07463630421804,0.0539293254285438,18.7372131932737,TRUE,NA
"b",17.19,-7.08005508331045,-4.19214485014891,-3.07588215513765,0.0538999578981603,18.7471799827101,TRUE,NA
"b",17.2,-7.0821710520863,-4.19337704894723,-3.07712761525069,0.0538706225844452,18.7571468110092,TRUE,NA
"b",17.21,-7.08428639159249,-4.19460885441538,-3.07837268492851,0.0538413194341931,18.7671136781026,TRUE,NA
"b",17.22,-7.08640110238774,-4.19584026693942,-3.07961736454186,0.053812048394307,18.7770805839222,TRUE,NA
"b",17.23,-7.08851518502994,-4.19707128690476,-3.08086165446094,0.0537828094118051,18.7870475284,TRUE,NA
"b",17.24,-7.09062864007616,-4.19830191469619,-3.0821055550553,0.0537536024338348,18.7970145114683,TRUE,NA
"b",17.25,-7.09274146808266,-4.19953215069787,-3.08334906669395,0.0537244274076478,18.8069815330593,TRUE,NA
"b",17.26,-7.09485366960487,-4.20076199529331,-3.08459218974529,0.053695284280618,18.8169485931056,TRUE,NA
"b",17.27,-7.09696524519741,-4.20199144886543,-3.08583492457714,0.0536661730002308,18.8269156915399,TRUE,NA
"b",17.28,-7.09907619541409,-4.20322051179649,-3.08707727155674,0.05363709351409,18.836882828295,TRUE,NA
"b",17.29,-7.1011865208079,-4.20444918446814,-3.08831923105071,0.053608045769912,18.8468500033038,TRUE,NA
"b",17.3,-7.10329622193102,-4.20567746726142,-3.08956080342515,0.053579029715535,18.8568172164994,TRUE,NA
"b",17.31,-7.10540529933482,-4.20690536055672,-3.09080198904552,0.0535500452989028,18.8667844678153,TRUE,NA
"b",17.32,-7.10751375356986,-4.20813286473383,-3.09204278827675,0.0535210924680811,18.8767517571848,TRUE,NA
"b",17.33,-7.10962158518592,-4.20935998017193,-3.09328320148314,0.0534921711712375,18.8867190845415,TRUE,NA
"b",17.34,-7.11172879473192,-4.21058670724956,-3.09452322902847,0.0534632813566676,18.8966864498192,TRUE,NA
"b",17.35,-7.11383538275604,-4.21181304634466,-3.09576287127589,0.0534344229727743,18.9066538529517,TRUE,NA
"b",17.36,-7.11594134980561,-4.21303899783455,-3.097002128588,0.0534055959680684,18.9166212938733,TRUE,NA
"b",17.37,-7.11804669642718,-4.21426456209594,-3.09824100132685,0.0533768002911801,18.9265887725179,TRUE,NA
"b",17.38,-7.12015142316651,-4.21548973950493,-3.09947948985386,0.0533480358908509,18.9365562888201,TRUE,NA
"b",17.39,-7.12225553056856,-4.216714530437,-3.10071759452994,0.0533193027159333,18.9465238427144,TRUE,NA
"b",17.4,-7.12435901917747,-4.21793893526703,-3.10195531571539,0.0532906007153882,18.9564914341353,TRUE,NA
"b",17.41,-7.12646188953662,-4.2191629543693,-3.10319265376997,0.0532619298382917,18.9664590630178,TRUE,NA
"b",17.42,-7.12856414218858,-4.22038658811747,-3.10442960905283,0.053233290033833,18.9764267292968,TRUE,NA
"b",17.43,-7.13066577767514,-4.2216098368846,-3.10566618192261,0.053204681251307,18.9863944329074,TRUE,NA
"b",17.44,-7.1327667965373,-4.22283270104315,-3.10690237273734,0.0531761034401192,18.9963621737849,TRUE,NA
"b",17.45,-7.13486719931526,-4.22405518096497,-3.10813818185451,0.0531475565497947,19.0063299518647,TRUE,NA
"b",17.46,-7.13696698654845,-4.22527727702132,-3.10937360963105,0.0531190405299524,19.0162977670824,TRUE,NA
"b",17.47,-7.13906615877551,-4.22649898958286,-3.11060865642331,0.0530905553303365,19.0262656193737,TRUE,NA
"b",17.48,-7.14116471653431,-4.22772031901965,-3.1118433225871,0.0530621009007888,19.0362335086745,TRUE,NA
"b",17.49,-7.14326266036191,-4.22894126570114,-3.11307760847766,0.0530336771912667,19.0462014349208,TRUE,NA
"b",17.5,-7.14535999079463,-4.23016182999621,-3.11431151444967,0.0530052841518369,19.0561693980486,TRUE,NA
"b",17.51,-7.14745670836798,-4.23138201227312,-3.11554504085727,0.0529769217326708,19.0661373979945,TRUE,NA
"b",17.52,-7.14955281361672,-4.23260181289957,-3.11677818805403,0.0529485898840445,19.0761054346947,TRUE,NA
"b",17.53,-7.15164830707481,-4.23382123224263,-3.11801095639298,0.0529202885563524,19.0860735080859,TRUE,NA
"b",17.54,-7.15374318927545,-4.23504027066881,-3.11924334622658,0.0528920177000893,19.0960416181049,TRUE,NA
"b",17.55,-7.15583746075108,-4.23625892854402,-3.12047535790676,0.0528637772658591,19.1060097646885,TRUE,NA
"b",17.56,-7.15793112203336,-4.23747720623359,-3.12170699178488,0.0528355672043679,19.1159779477738,TRUE,NA
"b",17.57,-7.16002417365318,-4.23869510410225,-3.12293824821176,0.0528073874664363,19.1259461672979,TRUE,NA
"b",17.58,-7.16211661614066,-4.23991262251416,-3.12416912753769,0.0527792380029863,19.1359144231981,TRUE,NA
"b",17.59,-7.16420845002517,-4.24112976183289,-3.12539963011237,0.0527511187650473,19.145882715412,TRUE,NA
"b",17.6,-7.1662996758353,-4.24234652242143,-3.12662975628501,0.0527230297037562,19.1558510438772,TRUE,NA
"b",17.61,-7.1683902940989,-4.24356290464219,-3.12785950640423,0.052694970770351,19.1658194085313,TRUE,NA
"b",17.62,-7.17048030534303,-4.24477890885699,-3.12908888081813,0.0526669419161792,19.1757878093123,TRUE,NA
"b",17.63,-7.17256971009403,-4.24599453542709,-3.13031787987426,0.0526389430926901,19.1857562461583,TRUE,NA
"b",17.64,-7.17465850887743,-4.24720978471316,-3.13154650391965,0.05261097425144,19.1957247190073,TRUE,NA
"b",17.65,-7.17674670221806,-4.2484246570753,-3.13277475330076,0.0525830353440888,19.2056932277978,TRUE,NA
"b",17.66,-7.17883429063996,-4.24963915287303,-3.13400262836353,0.0525551263223996,19.2156617724681,TRUE,NA
"b",17.67,-7.18092127466643,-4.25085327246531,-3.13523012945336,0.052527247138241,19.2256303529569,TRUE,NA
"b",17.68,-7.18300765482001,-4.25206701621052,-3.13645725691512,0.0524993977435839,19.2355989692029,TRUE,NA
"b",17.69,-7.18509343162251,-4.25328038446646,-3.13768401109313,0.0524715780905014,19.245567621145,TRUE,NA
"b",17.7,-7.18717860559498,-4.25449337759038,-3.1389103923312,0.052443788131173,19.2555363087222,TRUE,NA
"b",17.71,-7.18926317725771,-4.25570599593896,-3.14013640097259,0.0524160278178769,19.2655050318736,TRUE,NA
"b",17.72,-7.19134714713027,-4.25691823986828,-3.14136203736004,0.0523882971029934,19.2754737905386,TRUE,NA
"b",17.73,-7.19343051573146,-4.25813010973391,-3.14258730183574,0.0523605959390112,19.2854425846566,TRUE,NA
"b",17.74,-7.19551328357937,-4.25934160589081,-3.14381219474137,0.0523329242785158,19.2954114141671,TRUE,NA
"b",17.75,-7.19759545119132,-4.26055272869339,-3.14503671641809,0.0523052820741956,19.3053802790099,TRUE,NA
"b",17.76,-7.1996770190839,-4.26176347849552,-3.14626086720651,0.0522776692788369,19.3153491791248,TRUE,NA
"b",17.77,-7.20175798777297,-4.26297385565048,-3.14748464744674,0.0522500858453334,19.3253181144518,TRUE,NA
"b",17.78,-7.20383835777365,-4.264183860511,-3.14870805747833,0.0522225317266738,19.3352870849309,TRUE,NA
"b",17.79,-7.20591812960032,-4.26539349342926,-3.14993109764035,0.0521950068759534,19.3452560905025,TRUE,NA
"b",17.8,-7.20799730376663,-4.26660275475688,-3.15115376827133,0.0521675112463589,19.355225131107,TRUE,NA
"b",17.81,-7.21007588078549,-4.26781164484492,-3.15237606970927,0.0521400447911882,19.3651942066847,TRUE,NA
"b",17.82,-7.21215386116911,-4.26902016404389,-3.15359800229165,0.0521126074638243,19.3751633171765,TRUE,NA
"b",17.83,-7.21423124542893,-4.27022831270374,-3.15481956635545,0.0520851992177676,19.385132462523,TRUE,NA
"b",17.84,-7.21630803407569,-4.27143609117388,-3.15604076223713,0.0520578200066018,19.3951016426653,TRUE,NA
"b",17.85,-7.21838422761939,-4.27264349980316,-3.15726159027261,0.0520304697840208,19.4050708575443,TRUE,NA
"b",17.86,-7.22045982656931,-4.27385053893989,-3.15848205079731,0.0520031485038066,19.4150401071013,TRUE,NA
"b",17.87,-7.22253483143401,-4.27505720893182,-3.15970214414616,0.0519758561198502,19.4250093912776,TRUE,NA
"b",17.88,-7.22460924272134,-4.27626351012616,-3.16092187065353,0.0519485925861325,19.4349787100146,TRUE,NA
"b",17.89,-7.22668306093839,-4.27746944286956,-3.16214123065332,0.0519213578567399,19.4449480632538,TRUE,NA
"b",17.9,-7.22875628659157,-4.27867500750816,-3.16336022447889,0.0518941518858487,19.4549174509371,TRUE,NA
"b",17.91,-7.23082892018656,-4.27988020438753,-3.16457885246311,0.0518669746277345,19.4648868730063,TRUE,NA
"b",17.92,-7.23290096222832,-4.2810850338527,-3.16579711493833,0.0518398260367734,19.4748563294034,TRUE,NA
"b",17.93,-7.2349724132211,-4.28228949624815,-3.16701501223641,0.0518127060674356,19.4848258200703,TRUE,NA
"b",17.94,-7.23704327366843,-4.28349359191785,-3.16823254468867,0.0517856146742899,19.4947953449495,TRUE,NA
"b",17.95,-7.23911354407315,-4.2846973212052,-3.16944971262595,0.0517585518119983,19.5047649039833,TRUE,NA
"b",17.96,-7.24118322493735,-4.28590068445309,-3.1706665163786,0.0517315174353223,19.514734497114,TRUE,NA
"b",17.97,-7.24325231676244,-4.28710368200384,-3.17188295627642,0.0517045114991159,19.5247041242845,TRUE,NA
"b",17.98,-7.24532082004913,-4.28830631419927,-3.17309903264876,0.0516775339583324,19.5346737854374,TRUE,NA
"b",17.99,-7.2473887352974,-4.28950858138065,-3.17431474582444,0.0516505847680158,19.5446434805156,TRUE,NA
"b",18,-7.24945606300653,-4.2907104838887,-3.17553009613177,0.0516236638833103,19.5546132094622,TRUE,NA
"b",18.01,-7.25152280367511,-4.29191202206365,-3.1767450838986,0.0515967712594483,19.5645829722202,TRUE,NA
"b",18.02,-7.25358895780102,-4.29311319624516,-3.17795970945224,0.0515699068517641,19.5745527687329,TRUE,NA
"b",18.03,-7.25565452588143,-4.29431400677239,-3.17917397311954,0.0515430706156828,19.5845225989437,TRUE,NA
"b",18.04,-7.25771950841283,-4.29551445398394,-3.18038787522683,0.0515162625067189,19.5944924627962,TRUE,NA
"b",18.05,-7.25978390589099,-4.29671453821791,-3.18160141609995,0.0514894824804903,19.6044623602339,TRUE,NA
"b",18.06,-7.26184771881101,-4.29791425981186,-3.18281459606425,0.0514627304927018,19.6144322912007,TRUE,NA
"b",18.07,-7.26391094766727,-4.29911361910284,-3.18402741544458,0.0514360064991521,19.6244022556404,TRUE,NA
"b",18.08,-7.26597359295346,-4.30031261642736,-3.18523987456532,0.0514093104557372,19.634372253497,TRUE,NA
"b",18.09,-7.2680356551626,-4.30151125212142,-3.18645197375035,0.0513826423184351,19.6443422847148,TRUE,NA
"b",18.1,-7.27009713478698,-4.30270952652048,-3.18766371332303,0.0513560020433346,19.6543123492379,TRUE,NA
"b",18.11,-7.27215803231824,-4.3039074399595,-3.18887509360628,0.0513293895866012,19.6642824470107,TRUE,NA
"b",18.12,-7.27421834824731,-4.30510499277292,-3.1900861149225,0.0513028049044939,19.6742525779778,TRUE,NA
"b",18.13,-7.27627808306444,-4.30630218529465,-3.19129677759363,0.0512762479533695,19.6842227420839,TRUE,NA
"b",18.14,-7.27833723725918,-4.30749901785808,-3.19250708194109,0.0512497186896788,19.6941929392735,TRUE,NA
"b",18.15,-7.28039581132041,-4.3086954907961,-3.19371702828584,0.0512232170699543,19.7041631694918,TRUE,NA
"b",18.16,-7.28245380573633,-4.30989160444108,-3.19492661694836,0.0511967430508209,19.7141334326836,TRUE,NA
"b",18.17,-7.28451122099445,-4.31108735912488,-3.19613584824864,0.0511702965890048,19.724103728794,TRUE,NA
"b",18.18,-7.2865680575816,-4.31228275517883,-3.19734472250619,0.0511438776413131,19.7340740577684,TRUE,NA
"b",18.19,-7.28862431598392,-4.31347779293377,-3.19855324004003,0.0511174861646468,19.7440444195521,TRUE,NA
"b",18.2,-7.29067999668691,-4.31467247272001,-3.19976140116871,0.0510911221159969,19.7540148140906,TRUE,NA
"b",18.21,-7.29273510017534,-4.31586679486737,-3.20096920621031,0.0510647854524402,19.7639852413295,TRUE,NA
"b",18.22,-7.29478962693335,-4.31706075970515,-3.20217665548243,0.0510384761311533,19.7739557012144,TRUE,NA
"b",18.23,-7.29684357744439,-4.31825436756215,-3.20338374930218,0.0510121941093855,19.7839261936915,TRUE,NA
"b",18.24,-7.29889695219123,-4.31944761876666,-3.20459048798621,0.0509859393444945,19.7938967187064,TRUE,NA
"b",18.25,-7.30094975165597,-4.32064051364646,-3.20579687185068,0.0509597117939187,19.8038672762054,TRUE,NA
"b",18.26,-7.30300197632005,-4.32183305252883,-3.2070029012113,0.0509335114151801,19.8138378661346,TRUE,NA
"b",18.27,-7.30505362666424,-4.32302523574057,-3.2082085763833,0.0509073381658904,19.8238084884404,TRUE,NA
"b",18.28,-7.30710470316864,-4.32421706360793,-3.20941389768142,0.0508811920037626,19.8337791430692,TRUE,NA
"b",18.29,-7.30915520631267,-4.32540853645671,-3.21061886541995,0.0508550728865806,19.8437498299677,TRUE,NA
"b",18.3,-7.31120513657511,-4.32659965461217,-3.2118234799127,0.0508289807722271,19.8537205490823,TRUE,NA
"b",18.31,-7.31325449443407,-4.3277904183991,-3.21302774147303,0.0508029156186671,19.8636913003601,TRUE,NA
"b",18.32,-7.31530328036697,-4.32898082814178,-3.21423165041382,0.0507768773839565,19.8736620837478,TRUE,NA
"b",18.33,-7.31735149485062,-4.330170884164,-3.21543520704747,0.0507508660262346,19.8836328991925,TRUE,NA
"b",18.34,-7.31939913836112,-4.33136058678905,-3.21663841168594,0.050724881503732,19.8936037466414,TRUE,NA
"b",18.35,-7.32144621137394,-4.33254993633972,-3.21784126464072,0.050698923774763,19.9035746260417,TRUE,NA
"b",18.36,-7.32349271436388,-4.33373893313832,-3.21904376622282,0.0506729927977254,19.9135455373409,TRUE,NA
"b",18.37,-7.32553864780511,-4.33492757750666,-3.22024591674281,0.0506470885311137,19.9235164804863,TRUE,NA
"b",18.38,-7.32758401217111,-4.33611586976606,-3.22144771651079,0.0506212109334951,19.9334874554256,TRUE,NA
"b",18.39,-7.32962880793472,-4.33730381023735,-3.22264916583639,0.0505953599635331,19.9434584621066,TRUE,NA
"b",18.4,-7.33167303556814,-4.33849139924088,-3.22385026502879,0.0505695355799727,19.953429500477,TRUE,NA
"b",18.41,-7.33371669554291,-4.3396786370965,-3.22505101439672,0.0505437377416422,19.9634005704848,TRUE,NA
"b",18.42,-7.33575978832992,-4.34086552412357,-3.22625141424843,0.0505179664074582,19.9733716720782,TRUE,NA
"b",18.43,-7.3378023143994,-4.34205206064098,-3.22745146489174,0.0504922215364196,19.9833428052052,TRUE,NA
"b",18.44,-7.33984427422096,-4.34323824696712,-3.228651166634,0.0504665030876152,19.9933139698142,TRUE,NA
"b",18.45,-7.34188566826354,-4.34442408341992,-3.2298505197821,0.0504408110202164,20.0032851658535,TRUE,NA
"b",18.46,-7.34392649699544,-4.34560957031679,-3.23104952464249,0.0504151452934689,20.0132563932717,TRUE,NA
"b",18.47,-7.34596676088433,-4.34679470797469,-3.23224818152116,0.0503895058667165,20.0232276520175,TRUE,NA
"b",18.48,-7.34800646039723,-4.34797949671008,-3.23344649072364,0.0503638926993801,20.0331989420395,TRUE,NA
"b",18.49,-7.35004559600052,-4.34916393683896,-3.23464445255504,0.050338305750965,20.0431702632866,TRUE,NA
"b",18.5,-7.35208416815992,-4.35034802867684,-3.23584206731998,0.050312744981059,20.0531416157078,TRUE,NA
"b",18.51,-7.35412217734055,-4.35153177253874,-3.23703933532265,0.0502872103493379,20.0631129992521,TRUE,NA
"b",18.52,-7.35615962400687,-4.35271516873922,-3.2382362568668,0.0502617018155522,20.0730844138689,TRUE,NA
"b",18.53,-7.35819650862269,-4.35389821759237,-3.23943283225573,0.0502362193395403,20.0830558595072,TRUE,NA
"b",18.54,-7.36023283165123,-4.35508091941179,-3.24062906179228,0.0502107628812247,20.0930273361166,TRUE,NA
"b",18.55,-7.36226859355502,-4.35626327451061,-3.24182494577885,0.0501853324006039,20.1029988436466,TRUE,NA
"b",18.56,-7.364303794796,-4.35744528320149,-3.2430204845174,0.0501599278577691,20.1129703820467,TRUE,NA
"b",18.57,-7.36633843583546,-4.35862694579661,-3.24421567830946,0.0501345492128795,20.1229419512669,TRUE,NA
"b",18.58,-7.36837251713407,-4.35980826260771,-3.24541052745608,0.0501091964261908,20.1329135512567,TRUE,NA
"b",18.59,-7.37040603915187,-4.36098923394601,-3.24660503225792,0.0500838694580272,20.1428851819663,TRUE,NA
"b",18.6,-7.37243900234825,-4.36216986012231,-3.24779919301515,0.0500585682688008,20.1528568433457,TRUE,NA
"b",18.61,-7.37447140718201,-4.36335014144691,-3.24899301002753,0.0500332928190064,20.1628285353451,TRUE,NA
"b",18.62,-7.37650325411131,-4.36453007822966,-3.25018648359437,0.0500080430692158,20.1728002579147,TRUE,NA
"b",18.63,-7.37853454359366,-4.36570967077994,-3.25137961401455,0.0499828189800793,20.1827720110049,TRUE,NA
"b",18.64,-7.38056527608599,-4.36688891940666,-3.25257240158651,0.0499576205123358,20.1927437945663,TRUE,NA
"b",18.65,-7.38259545204458,-4.36806782441828,-3.25376484660824,0.0499324476267944,20.2027156085494,TRUE,NA
"b",18.66,-7.38462507192511,-4.36924638612277,-3.25495694937731,0.0499073002843557,20.2126874529049,TRUE,NA
"b",18.67,-7.38665413618261,-4.37042460482767,-3.25614871019086,0.049882178445988,20.2226593275836,TRUE,NA
"b",18.68,-7.38868264527152,-4.37160248084004,-3.25734012934559,0.0498570820727506,20.2326312325365,TRUE,NA
"b",18.69,-7.39071059964565,-4.37278001446649,-3.25853120713776,0.04983201112577,20.2426031677146,TRUE,NA
"b",18.7,-7.39273799975821,-4.37395720601317,-3.2597219438632,0.0498069655662645,20.252575133069,TRUE,NA
"b",18.71,-7.39476484606177,-4.37513405578575,-3.26091233981733,0.0497819453555248,20.2625471285509,TRUE,NA
"b",18.72,-7.3967911390083,-4.37631056408948,-3.2621023952951,0.0497569504549205,20.2725191541118,TRUE,NA
"b",18.73,-7.39881687904917,-4.37748673122912,-3.26329211059109,0.0497319808258956,20.282491209703,TRUE,NA
"b",18.74,-7.40084206663512,-4.37866255750901,-3.26448148599938,0.0497070364299868,20.292463295276,TRUE,NA
"b",18.75,-7.40286670221628,-4.37983804323299,-3.26567052181369,0.0496821172287936,20.3024354107826,TRUE,NA
"b",18.76,-7.40489078624219,-4.3810131887045,-3.26685921832726,0.0496572231840009,20.3124075561744,TRUE,NA
"b",18.77,-7.40691431916175,-4.38218799422648,-3.26804757583294,0.04963235425737,20.3223797314034,TRUE,NA
"b",18.78,-7.4089373014233,-4.38336246010145,-3.26923559462315,0.0496075104107394,20.3323519364216,TRUE,NA
"b",18.79,-7.41095973347452,-4.38453658663147,-3.27042327498986,0.0495826916060018,20.3423241711808,TRUE,NA
"b",18.8,-7.41298161576255,-4.38571037411814,-3.27161061722466,0.0495578978052107,20.3522964356335,TRUE,NA
"b",18.81,-7.41500294873385,-4.38688382286263,-3.27279762161867,0.0495331289703538,20.3622687297317,TRUE,NA
"b",18.82,-7.41702373283435,-4.38805693316566,-3.27398428846264,0.0495083850637128,20.372241053428,TRUE,NA
"b",18.83,-7.41904396850934,-4.38922970532748,-3.27517061804686,0.0494836660473723,20.3822134066748,TRUE,NA
"b",18.84,-7.42106365620347,-4.39040213964786,-3.27635661066115,0.0494589718834684,20.3921857894241,TRUE,NA
"b",18.85,-7.42308279636098,-4.39157423642637,-3.27754226659518,0.0494343025351673,20.4021582016303,TRUE,NA
"b",18.86,-7.4251013894252,-4.3927459959617,-3.27872758613774,0.0494096579638654,20.412130643244,TRUE,NA
"b",18.87,-7.42711943583913,-4.39391741855247,-3.27991256957761,0.0493850381327059,20.4221031142194,TRUE,NA
"b",18.88,-7.42913693604507,-4.3950885044967,-3.28109721720297,0.0493604430041659,20.4320756145091,TRUE,NA
"b",18.89,-7.43115389048473,-4.39625925409201,-3.28228152930162,0.0493358725409214,20.4420481440663,TRUE,NA
"b",18.9,-7.43317029959923,-4.39742966763554,-3.28346550616094,0.0493113267057304,20.4520207028441,TRUE,NA
"b",18.91,-7.43518616382911,-4.39859974542404,-3.28464914806791,0.0492868054614215,20.4619932907958,TRUE,NA
"b",18.92,-7.43720148361431,-4.3997694877538,-3.28583245530909,0.0492623087709578,20.4719659078749,TRUE,NA
"b",18.93,-7.43921625939416,-4.40093889492062,-3.28701542817059,0.04923783659709,20.4819385540344,TRUE,NA
"b",18.94,-7.44123049160746,-4.40210796722,-3.28819806693821,0.0492133889032198,20.4919112292286,TRUE,NA
"b",18.95,-7.44324418069236,-4.40327670494685,-3.28938037189723,0.0491889656522408,20.5018839334107,TRUE,NA
"b",18.96,-7.44525732708646,-4.40444510839573,-3.29056234333258,0.0491645668074172,20.5118566665346,TRUE,NA
"b",18.97,-7.44726993122675,-4.40561317786077,-3.29174398152876,0.0491401923320254,20.5218294285542,TRUE,NA
"b",18.98,-7.44928199354967,-4.40678091363562,-3.29292528676987,0.0491158421894164,20.5318022194234,TRUE,NA
"b",18.99,-7.45129351449104,-4.40794831601353,-3.29410625933961,0.0490915163430152,20.5417750390962,TRUE,NA
"b",19,-7.45330449448612,-4.40911538528733,-3.29528689952127,0.0490672147563176,20.551747887527,TRUE,NA
"b",19.01,-7.45531493396958,-4.41028212174938,-3.29646720759771,0.0490429373928967,20.5617207646699,TRUE,NA
"b",19.02,-7.45732483337552,-4.41144852569164,-3.29764718385143,0.0490186842163984,20.5716936704793,TRUE,NA
"b",19.03,-7.45933419313745,-4.41261459740565,-3.2988268285645,0.0489944551905337,20.5816666049096,TRUE,NA
"b",19.04,-7.46134301368831,-4.41378033718249,-3.30000614201858,0.0489702502790985,20.5916395679154,TRUE,NA
"b",19.05,-7.46335129546047,-4.41494574531283,-3.30118512449494,0.0489460694459511,20.6016125594514,TRUE,NA
"b",19.06,-7.46535903888569,-4.41611082208693,-3.30236377627445,0.0489219126550271,20.6115855794723,TRUE,NA
"b",19.07,-7.4673662443952,-4.41727556779458,-3.30354209763757,0.0488977798703365,20.6215586279329,TRUE,NA
"b",19.08,-7.46937291241963,-4.4184399827252,-3.30472008886439,0.0488736710559552,20.6315317047881,TRUE,NA
"b",19.09,-7.47137904338905,-4.41960406716776,-3.30589775023455,0.048849586176031,20.6415048099931,TRUE,NA
"b",19.1,-7.47338463773295,-4.42076782141079,-3.30707508202733,0.0488255251947907,20.6514779435029,TRUE,NA
"b",19.11,-7.47538969588026,-4.42193124574243,-3.30825208452161,0.0488014880765268,20.6614511052727,TRUE,NA
"b",19.12,-7.47739421825932,-4.42309434045038,-3.30942875799586,0.0487774747856031,20.6714242952579,TRUE,NA
"b",19.13,-7.47939820529793,-4.42425710582194,-3.31060510272817,0.0487534852864533,20.6813975134139,TRUE,NA
"b",19.14,-7.4814016574233,-4.42541954214396,-3.31178111899621,0.0487295195435857,20.6913707596961,TRUE,NA
"b",19.15,-7.48340457506209,-4.42658164970289,-3.31295680707728,0.0487055775215799,20.7013440340602,TRUE,NA
"b",19.16,-7.48540695864038,-4.42774342878478,-3.31413216724828,0.0486816591850827,20.7113173364618,TRUE,NA
"b",19.17,-7.4874088085837,-4.42890487967522,-3.31530719978571,0.0486577644988104,20.7212906668568,TRUE,NA
"b",19.18,-7.48941012531701,-4.43006600265943,-3.3164819049657,0.0486338934275521,20.731264025201,TRUE,NA
"b",19.19,-7.49141090926471,-4.43122679802218,-3.31765628306395,0.0486100459361696,20.7412374114503,TRUE,NA
"b",19.2,-7.49341116085064,-4.43238726604785,-3.31883033435582,0.0485862219895887,20.7512108255609,TRUE,NA
"b",19.21,-7.49541088049807,-4.43354740702038,-3.32000405911623,0.0485624215528082,20.7611842674889,TRUE,NA
"b",19.22,-7.49741006862973,-4.43470722122334,-3.32117745761975,0.0485386445908942,20.7711577371905,TRUE,NA
"b",19.23,-7.49940872566778,-4.43586670893985,-3.32235053014054,0.0485148910689839,20.7811312346221,TRUE,NA
"b",19.24,-7.50140685203383,-4.43702587045263,-3.32352327695239,0.0484911609522811,20.79110475974,TRUE,NA
"b",19.25,-7.50340444814891,-4.43818470604399,-3.32469569832868,0.0484674542060679,20.8010783125009,TRUE,NA
"b",19.26,-7.50540151443354,-4.43934321599585,-3.32586779454244,0.0484437707956813,20.8110518928613,TRUE,NA
"b",19.27,-7.50739805130765,-4.44050140058969,-3.32703956586627,0.0484201106865356,20.8210255007779,TRUE,NA
"b",19.28,-7.50939405919063,-4.44165926010661,-3.32821101257243,0.0483964738441145,20.8309991362075,TRUE,NA
"b",19.29,-7.51138953850132,-4.44281679482728,-3.32938213493276,0.0483728602339628,20.840972799107,TRUE,NA
"b",19.3,-7.513384489658,-4.44397400503198,-3.33055293321875,0.0483492698216974,20.8509464894334,TRUE,NA
"b",19.31,-7.51537891307841,-4.44513089100058,-3.33172340770147,0.0483257025730097,20.8609202071437,TRUE,NA
"b",19.32,-7.51737280917975,-4.44628745301255,-3.33289355865166,0.0483021584536472,20.870893952195,TRUE,NA
"b",19.33,-7.51936617837865,-4.44744369134696,-3.33406338633963,0.0482786374294317,20.8808677245447,TRUE,NA
"b",19.34,-7.5213590210912,-4.44859960628246,-3.33523289103534,0.048255139466252,20.89084152415,TRUE,NA
"b",19.35,-7.52335133773296,-4.44975519809731,-3.33640207300837,0.0482316645300633,20.9008153509683,TRUE,NA
"b",19.36,-7.52534312871893,-4.45091046706938,-3.33757093252791,0.0482082125868857,20.9107892049572,TRUE,NA
"b",19.37,-7.52733439446357,-4.45206541347611,-3.33873946986277,0.0481847836028138,20.9207630860742,TRUE,NA
"b",19.38,-7.5293251353808,-4.45322003759459,-3.3399076852814,0.0481613775439991,20.9307369942771,TRUE,NA
"b",19.39,-7.531315351884,-4.45437433970145,-3.34107557905186,0.0481379943766669,20.9407109295236,TRUE,NA
"b",19.4,-7.533305044386,-4.45552832007296,-3.34224315144184,0.0481146340671081,20.9506848917715,TRUE,NA
"b",19.41,-7.53529421329911,-4.45668197898502,-3.34341040271869,0.0480912965816636,20.960658880979,TRUE,NA
"b",19.42,-7.53728285903506,-4.45783531671305,-3.34457733314931,0.0480679818867822,20.9706328971038,TRUE,NA
"b",19.43,-7.5392709820051,-4.45898833353216,-3.34574394300028,0.0480446899489371,20.9806069401041,TRUE,NA
"b",19.44,-7.54125858261989,-4.46014102971701,-3.3469102325378,0.0480214207346821,20.9905810099382,TRUE,NA
"b",19.45,-7.5432456612896,-4.4612934055419,-3.34807620202771,0.0479981742106341,21.0005551065644,TRUE,NA
"b",19.46,-7.54523221842383,-4.46244546128072,-3.34924185173545,0.0479749503434812,21.010529229941,TRUE,NA
"b",19.47,-7.54721825443166,-4.46359719720698,-3.35040718192611,0.0479517490999726,21.0205033800264,TRUE,NA
"b",19.48,-7.54920376972163,-4.46474861359378,-3.35157219286441,0.0479285704469277,21.0304775567793,TRUE,NA
"b",19.49,-7.55118876470178,-4.46589971071384,-3.3527368848147,0.0479054143512201,21.0404517601583,TRUE,NA
"b",19.5,-7.55317323977956,-4.4670504888395,-3.35390125804097,0.0478822807797972,21.0504259901221,TRUE,NA
"b",19.51,-7.55515719536195,-4.4682009482427,-3.35506531280681,0.0478591696996693,21.0604002466295,TRUE,NA
"b",19.52,-7.55714063185537,-4.46935108919499,-3.35622904937549,0.0478360810779126,21.0703745296394,TRUE,NA
"b",19.53,-7.55912354966571,-4.47050091196753,-3.35739246800989,0.0478130148816591,21.0803488391108,TRUE,NA
"b",19.54,-7.56110594919835,-4.47165041683111,-3.35855556897252,0.0477899710781173,21.0903231750027,TRUE,NA
"b",19.55,-7.56308783085813,-4.47279960405613,-3.35971835252553,0.0477669496345552,21.1002975372743,TRUE,NA
"b",19.56,-7.56506919504936,-4.47394847391258,-3.36088081893072,0.0477439505182993,21.1102719258847,TRUE,NA
"b",19.57,-7.56705004217585,-4.4750970266701,-3.36204296844951,0.0477209736967499,21.1202463407935,TRUE,NA
"b",19.58,-7.56903037264086,-4.47624526259792,-3.36320480134298,0.0476980191373562,21.1302207819598,TRUE,NA
"b",19.59,-7.57101018684715,-4.4773931819649,-3.36436631787181,0.0476750868076499,21.1401952493433,TRUE,NA
"b",19.6,-7.57298948519694,-4.47854078503952,-3.36552751829637,0.0476521766752089,21.1501697429034,TRUE,NA
"b",19.61,-7.57496826809194,-4.47968807208987,-3.36668840287662,0.0476292887076832,21.1601442625998,TRUE,NA
"b",19.62,-7.57694653593333,-4.48083504338364,-3.36784897187217,0.0476064228728132,21.170118808392,TRUE,NA
"b",19.63,-7.57892428912181,-4.48198169918824,-3.36900922554237,0.0475835791382897,21.1800933802406,TRUE,NA
"b",19.64,-7.58090152805743,-4.48312803977042,-3.3701691641459,0.0475607574721257,21.1900679781034,TRUE,NA
"b",19.65,-7.58287825314006,-4.48427406539717,-3.37132878794175,0.0475379578419091,21.2000426019444,TRUE,NA
"b",19.66,-7.58485446476859,-4.48541977633431,-3.37248809718771,0.0475151802158829,21.21001725172,TRUE,NA
"b",19.67,-7.5868301633417,-4.48656517284777,-3.37364709214175,0.0474924245619777,21.2199919273915,TRUE,NA
"b",19.68,-7.58880534925749,-4.48771025520302,-3.37480577306136,0.0474696908482803,21.2299666289191,TRUE,NA
"b",19.69,-7.59078002291353,-4.48885502366512,-3.37596414020368,0.0474469790429328,21.2399413562632,TRUE,NA
"b",19.7,-7.59275418470688,-4.48999947849872,-3.37712219382542,0.0474242891141872,21.2499161093838,TRUE,NA
"b",19.71,-7.59472783503413,-4.49114361996826,-3.37827993418312,0.0474016210302226,21.2598908882422,TRUE,NA
"b",19.72,-7.59670097429129,-4.49228744833759,-3.37943736153276,0.047378974759444,21.2698656927983,TRUE,NA
"b",19.73,-7.59867360287391,-4.49343096387031,-3.38059447613008,0.0473563502702339,21.2798405230128,TRUE,NA
"b",19.74,-7.60064572117702,-4.49457416682964,-3.38175127823047,0.0473337475310318,21.2898153788465,TRUE,NA
"b",19.75,-7.60261732959513,-4.4957170574784,-3.38290776808892,0.0473111665103589,21.2997902602602,TRUE,NA
"b",19.76,-7.60458842852226,-4.49685963607907,-3.38406394596012,0.0472886071767933,21.3097651672147,TRUE,NA
"b",19.77,-7.60655901835194,-4.49800190289375,-3.38521981209839,0.0472660694989857,21.3197400996712,TRUE,NA
"b",19.78,-7.60852909947713,-4.49914385818414,-3.38637536675768,0.0472435534456119,21.3297150575903,TRUE,NA
"b",19.79,-7.61049867229036,-4.5002855022116,-3.38753061019162,0.0472210589854392,21.3396900409333,TRUE,NA
"b",19.8,-7.61246773718362,-4.50142683523714,-3.38868554265349,0.047198586087287,21.3496650496615,TRUE,NA
"b",19.81,-7.6144362945484,-4.50256785752138,-3.38984016439623,0.0471761347200346,21.359640083736,TRUE,NA
"b",19.82,-7.61640434477571,-4.50370856932457,-3.39099447567241,0.0471537048526214,21.3696151431182,TRUE,NA
"b",19.83,-7.61837188825602,-4.50484897090661,-3.39214847673428,0.0471312964540438,21.3795902277696,TRUE,NA
"b",19.84,-7.62033892537934,-4.50598906252702,-3.39330216783373,0.0471089094933657,21.3895653376516,TRUE,NA
"b",19.85,-7.62230545653517,-4.50712884444498,-3.39445554922231,0.0470865439396952,21.3995404727258,TRUE,NA
"b",19.86,-7.62427148211249,-4.50826831691929,-3.39560862115125,0.047064199762219,21.4095156329538,TRUE,NA
"b",19.87,-7.62623700249982,-4.50940748020838,-3.39676138387139,0.0470418769301686,21.4194908182975,TRUE,NA
"b",19.88,-7.62820201808515,-4.51054633457032,-3.39791383763325,0.04701957541283,21.4294660287184,TRUE,NA
"b",19.89,-7.63016652925601,-4.51168488026285,-3.39906598268705,0.0469972951795867,21.4394412641787,TRUE,NA
"b",19.9,-7.6321305363994,-4.51282311754333,-3.40021781928262,0.046975036199834,21.4494165246402,TRUE,NA
"b",19.91,-7.63409403990186,-4.51396104666874,-3.40136934766945,0.046952798443046,21.4593918100651,TRUE,NA
"b",19.92,-7.63605704014941,-4.51509866789573,-3.40252056809673,0.0469305818787529,21.4693671204154,TRUE,NA
"b",19.93,-7.6380195375276,-4.51623598148058,-3.40367148081326,0.0469083864765469,21.4793424556533,TRUE,NA
"b",19.94,-7.63998153242147,-4.51737298767921,-3.40482208606756,0.0468862122060711,21.4893178157411,TRUE,NA
"b",19.95,-7.64194302521558,-4.5185096867472,-3.40597238410775,0.0468640590370342,21.4992932006411,TRUE,NA
"b",19.96,-7.64390401629401,-4.51964607893974,-3.40712237518168,0.0468419269391998,21.5092686103157,TRUE,NA
"b",19.97,-7.64586450604035,-4.52078216451171,-3.4082720595368,0.0468198158823867,21.5192440447276,TRUE,NA
"b",19.98,-7.64782449483767,-4.52191794371759,-3.40942143742027,0.0467977258364778,21.5292195038391,TRUE,NA
"b",19.99,-7.64978398306861,-4.52305341681154,-3.4105705090789,0.046775656771409,21.5391949876131,TRUE,NA
"b",20,-7.65174297111528,-4.52418858404736,-3.41171927475917,0.0467536086571725,21.5491704960121,TRUE,NA
