"sweep_param","sweep_value","xL","xk","xl","xU","gamma","converged","error_msg"
"sigma",0.1,-0.91220523499602,-0.0328820941131288,0.980790186934208,0.857109732757241,2.03211839075414,TRUE,NA
"sigma",0.11,-0.907384676272666,-0.0346270270748844,0.981500877634662,0.858332063304456,2.04334695073445,TRUE,NA
"sigma",0.12,-0.902650944509497,-0.0361936378553108,0.982327665134761,0.859678456902104,2.05477872762389,TRUE,NA
"sigma",0.13,-0.898006887563725,-0.0375766169994595,0.983271537485712,0.861147130682224,2.06641637011188,TRUE,NA
"sigma",0.14,-0.893455356443825,-0.0387708644944971,0.98433341526652,0.862736346180612,2.07826247395816,TRUE,NA
"sigma",0.15,-0.888999188962819,-0.039771514666781,0.98551413943829,0.864444403243445,2.09031955797654,TRUE,NA
"sigma",0.16,-0.884641192316819,-0.0405739623764048,0.986814458553884,0.866269633394162,2.10259003914371,TRUE,NA
"sigma",0.17,-0.880384124736794,-0.0411738902420971,0.988235015509963,0.868210392771956,2.11507620708856,TRUE,NA
"sigma",0.18,-0.876230676396439,-0.0415672965743511,0.989776334051529,0.870265054763104,2.12778019825816,TRUE,NA
"sigma",0.19,-0.8721834497957,-0.041750523642585,0.991438805263791,0.872432002453737,2.14070397009753,TRUE,NA
"sigma",0.2,-0.868244939874034,-0.0417202858552376,0.993222674303253,0.874709621038416,2.15384927561686,TRUE,NA
"sigma",0.21,-0.864417514136189,-0.0414736973837702,0.995128027640951,0.877096290329897,2.16721763874539,TRUE,NA
"sigma",0.22,-0.860703393105579,-0.041008298742326,0.997154781087756,0.879590377504762,2.18081033090346,TRUE,NA
"sigma",0.23,-0.857104631434259,-0.0403220817987165,0.999302668886305,0.882190230233179,2.19462834922606,TRUE,NA
"sigma",0.24,-0.853623100011356,-0.0394135126868763,1.00157123414444,0.884894170333231,2.208672396873,TRUE,NA
"sigma",0.25,-0.850260469417956,-0.0382815521109606,1.00395982086424,0.88770048807605,2.22294286585484,TRUE,NA
"sigma",0.26,-0.847018195059739,-0.0369256725541638,1.00646756781287,0.89060743727251,2.23743982276225,TRUE,NA
"sigma",0.27,-0.843897504298429,-0.0353458720227805,1.0090934044328,0.89361323124051,2.25216299776111,TRUE,NA
"sigma",0.28,-0.840899385866218,-0.0335426841171825,1.01183604896655,0.896716039749568,2.26711177715018,TRUE,NA
"sigma",0.29,-0.838024581814246,-0.0315171844978738,1.01469400892067,0.899913987013305,2.28228519972494,TRUE,NA
"sigma",0.3,-0.835273582204273,-0.0292709941195424,1.01766558395024,0.903205150777274,2.29768195712835,TRUE,NA
"sigma",0.31,-0.832646622699737,-0.0268062798171036,1.02074887120351,0.90658756254066,2.31330039829327,TRUE,NA
"sigma",0.32,-0.830143685163587,-0.0241257528448194,1.02394177311563,0.910059208916624,2.32913853801697,TRUE,NA
"sigma",0.33,-0.827764501305428,-0.0212326656769478,1.02724200758234,0.913618034116216,2.34519406962142,TRUE,NA
"sigma",0.34,-0.825508559340873,-0.0181308068280257,1.03064712039427,0.917261943521649,2.36146438154503,TRUE,NA
"sigma",0.35,-0.823375113545315,-0.0148244928327821,1.03415449972739,0.920988808272322,2.37794657760575,TRUE,NA
"sigma",0.36,-0.82136319648379,-0.0113185560022599,1.03776139241792,0.924796470766826,2.39463750053806,TRUE,NA
"sigma",0.37,-0.819471633603163,-0.00761832635971005,1.04146492168568,0.928682750957476,2.41153375828023,TRUE,NA
"sigma",0.38,-0.817699059786622,-0.00372960632331776,1.04526210589346,0.932645453299828,2.42863175237592,TRUE,NA
"sigma",0.39,-0.816043937420042,0.000341362756486219,1.04914987788401,0.936682374190645,2.44592770780001,TRUE,NA
"sigma",0.4,-0.814504575461963,0.00458794240969163,1.05312510445123,0.940791309774966,2.46341770344848,TRUE,NA
"sigma",0.41,-0.813079149020692,0.0090031465809074,1.05718460549525,0.944970063986927,2.48109770257221,TRUE,NA
"sigma",0.42,-0.811765718960724,0.0135796975571764,1.06132517243212,0.949216456741675,2.49896358247988,TRUE,NA
"sigma",0.43,-0.810562251130592,0.0183100863985958,1.06554358548681,0.953528332167944,2.51701116295789,TRUE,NA
"sigma",0.44,-0.809466634825971,0.0231866357911515,1.0698366296138,0.957903566902024,2.53523623289661,TRUE,NA
"sigma",0.45,-0.808476700211219,0.0282015631331937,1.07420110883002,0.96234007839531,2.55363457478442,TRUE,NA
"sigma",0.46,-0.807590234556277,0.0333470416953036,1.07863385870183,0.966835833133036,2.57220198695066,TRUE,NA
"sigma",0.47,-0.806804996993131,0.0386152584820695,1.08313175724876,0.971388855011903,2.59093430317309,TRUE,NA
"sigma",0.48,-0.806118732002528,0.0439984668629093,1.08769173351377,0.975997233324176,2.60982741008536,TRUE,NA
"sigma",0.49,-0.805529181903853,0.0494890324451513,1.0923107735247,0.980659129584806,2.62887726289869,TRUE,NA
"sigma",0.5,NA,NA,NA,NA,NA,FALSE,"Degenerate case |a_{i,1}| ~= 0 detected; the cubic fallback is not implemented."
"sigma",0.51,-0.804631239466307,0.0607625112331386,1.10171432275425,0.990136548016136,2.66743143152509,TRUE,NA
"sigma",0.52,-0.804318404944508,0.066531058491027,1.10649313939733,0.994948831696438,2.68692809653248,TRUE,NA
"sigma",0.53,-0.80409341656747,0.0723782780499712,1.11131963702942,0.999808170690799,2.70656622256715,TRUE,NA
"sigma",0.54,-0.803954134562282,0.0782975849546972,1.11619114676947,1.00471320457501,2.72634225047979,TRUE,NA
"sigma",0.55,-0.803898461923181,0.0842826560878528,1.12110506850146,1.00966268404343,2.74625273708246,TRUE,NA
"sigma",0.56,-0.803924347808681,0.0903274371259845,1.12605887004361,1.01465547507593,2.76629435699961,TRUE,NA
"sigma",0.57,-0.804029790559582,0.0964261447769079,1.13105008494045,1.01969056094192,2.78646390410816,TRUE,NA
"sigma",0.58,-0.804212840140933,0.102573265518926,1.13607630968162,1.02476704262096,2.80675829224755,TRUE,NA
"sigma",0.59,-0.804471599908372,0.108763551777152,1.14113520073079,1.02988413779113,2.82717455505914,TRUE,NA
"sigma",0.6,-0.804804227868365,0.114992015910417,1.14622447133076,1.03504117812431,2.8477098451948,TRUE,NA
"sigma",0.61,-0.805208937406421,0.121253922641991,1.15134188838186,1.04023760511606,2.86836143287918,TRUE,NA
"sigma",0.62,-0.805683997596803,0.127544780267453,1.15648526939521,1.04547296433899,2.88912670398357,TRUE,NA
"sigma",0.63,-0.806227733111863,0.133860331070839,1.16165247963793,1.05074689829375,2.9100031576387,TRUE,NA
"sigma",0.64,-0.806838523787741,0.14019654124186,1.16684142955228,1.05605913795581,2.93098840346798,TRUE,NA
"sigma",0.65,-0.807514803878895,0.146549590575513,1.17205007249418,1.06140949319413,2.95208015848357,TRUE,NA
"sigma",0.66,-0.808255061045619,0.152915862155196,1.17727640283061,1.06679784224596,2.97327624370586,TRUE,NA
"sigma",0.67,-0.809057835102275,0.159291932205573,1.18251845442095,1.07222412046072,2.99457458054038,TRUE,NA
"sigma",0.68,-0.809921716563801,0.16567456023721,1.18777429949168,1.07768830853662,3.01597318696166,TRUE,NA
"sigma",0.69,-0.810845345021092,0.172060679581815,1.19304204789643,1.08319042047209,3.03747017354238,TRUE,NA
"sigma",0.7,-0.811827407372859,0.178447388390579,1.19831984675226,1.08873049146713,3.05906373936174,TRUE,NA
"sigma",0.71,-0.81286663594528,0.184831941132446,1.20360588041766,1.09430856598686,3.080752167833,TRUE,NA
"sigma",0.72,-0.813961806523765,0.191211740620229,1.208898370795,1.099924686198,3.10253382247943,TRUE,NA
"sigma",0.73,-0.815111736325573,0.197584330563158,1.21419557790257,1.1055788809623,3.12440714269569,TRUE,NA
"sigma",0.74,-0.816315281934825,0.203947388643041,1.219495800686,1.11127115555628,3.14637063952034,TRUE,NA
"sigma",0.75,-0.817571337224374,0.210298720091087,1.22479737801989,1.11700148225623,3.16842289145085,TRUE,NA
"sigma",0.76,-0.818878831284735,0.216636251739976,1.23009868985425,1.12276979190337,3.19056254032626,TRUE,NA
"sigma",0.77,-0.820236726379089,0.222958026518963,1.23539815845907,1.12857596653678,3.21278828730109,TRUE,NA
"sigma",0.78,-0.821644015941803,0.22926219835539,1.24069424972583,1.13441983315179,3.23509888893298,TRUE,NA
"sigma",0.79,-0.823099722635195,0.235547027445712,1.24598547448137,1.14030115861664,3.25749315340214,TRUE,NA
"sigma",0.8,-0.824602896477693,0.241810875857609,1.2512703897781,1.1462196457529,3.2799699368794,TRUE,NA
"sigma",0.81,-0.826152613054022,0.248052203426376,1.25654760012411,1.15217493056372,3.30252814005599,TRUE,NA
"sigma",0.82,-0.827747971816598,0.25426956390758,1.26181575862144,1.1581665805702,3.32516670484759,TRUE,NA
"sigma",0.83,-0.829388094485613,0.260461601359666,1.26707356799891,1.16419409419885,3.34788461127554,TRUE,NA
"sigma",0.84,-0.831072123549022,0.266627046711649,1.27231978148782,1.17025690115458,3.37068087454131,TRUE,NA
"sigma",0.85,-0.832799220871434,0.272764714504624,1.27755320356303,1.17635436368644,3.39355454228506,TRUE,NA
"sigma",0.86,-0.834568566408022,0.278873499771513,1.28277269050933,1.18248577866246,3.41650469203729,TRUE,NA
"sigma",0.87,-0.836379357026162,0.284952375036458,1.28797715081345,1.18865038035119,3.43953042886042,TRUE,NA
"sigma",0.88,-0.838230805432001,0.291000387416725,1.2931655453789,1.19484734381165,3.46263088317607,TRUE,NA
"sigma",0.89,-0.840122139200086,0.297016655810123,1.29833688755992,1.2010757887888,3.48580520877499,TRUE,NA
"sigma",0.9,-0.842052599901747,0.303000368156769,1.30349024301942,1.20733478401679,3.50905258100212,TRUE,NA
"sigma",0.91,-0.844021442328181,0.308950778764342,1.30862472941384,1.21362335183329,3.53237219511054,TRUE,NA
"sigma",0.92,-0.84602793380281,0.314867205689832,1.31373951591389,1.21994047301515,3.55576326477542,TRUE,NA
"sigma",0.93,-0.848071353577451,0.320749028171875,1.31883382256944,1.22628509175143,3.57922502075943,TRUE,NA
"sigma",0.94,-0.850150992306212,0.326595684110122,1.32390691952958,1.23265612067701,3.60275670971996,TRUE,NA
"sigma",0.95,-0.852266151590988,0.332406667589284,1.32895812612994,1.23905244589826,3.62635759314841,TRUE,NA
"sigma",0.96,-0.854416143592317,0.338181526446775,1.33398680985917,1.24547293195039,3.65002694643184,TRUE,NA
"sigma",0.97,-0.856600290699195,0.343919859884268,1.33899238521853,1.25191642663385,3.6737640580266,TRUE,NA
"sigma",0.98,-0.858817925251995,0.349621316123341,1.34397431248698,1.25838176568604,3.69756822873477,TRUE,NA
"sigma",0.99,-0.861068389312206,0.355285590107291,1.34893209640538,1.26486777725166,3.72143877107333,TRUE,NA
"sigma",1,-0.863351034473637,0.360912421250108,1.35386528479262,1.27137328612285,3.74537500872729,TRUE,NA
"sigma",1.01,-0.865665221709388,0.366501591235276,1.35877346710597,1.27789711772701,3.76937627607774,TRUE,NA
"sigma",1.02,-0.868010321249751,0.372052921865973,1.36365627295782,1.28443810184613,3.79344191779665,TRUE,NA
"sigma",1.03,-0.870385712486147,0.377566272969205,1.36851337059975,1.29099507605773,3.81757128850055,TRUE,NA
"sigma",1.04,-0.872790783896922,0.383041540355529,1.37334446538464,1.29756688889171,3.84176375245592,TRUE,NA
"sigma",1.05,-0.87522493299089,0.388478653836592,1.37814929821635,1.30415240270233,3.86601868332941,TRUE,NA
"sigma",1.06,-0.877687566265089,0.393877575302007,1.38292764399629,1.31075049625806,3.89033546397682,TRUE,NA
"sigma",1.07,-0.880178099173585,0.39923829685689,1.38767931007398,1.31736006705485,3.9147134862653,TRUE,NA
"sigma",1.08,-0.882695956104341,0.404560839021498,1.39240413470997,1.3239800333616,3.93915215092341,TRUE,NA
"sigma",1.09,-0.88524057036171,0.409845248993642,1.3971019855567,1.33060933600792,3.96365086741477,TRUE,NA
"sigma",1.1,-0.887811384152286,0.415091598974607,1.40177275816331,1.33724693992641,3.98820905383083,TRUE,NA
"sigma",1.11,-0.890407848572267,0.420299984558818,1.40641637450923,1.34389183546259,4.01282613679951,TRUE,NA
"sigma",1.12,-0.893029423594662,0.42547052318733,1.41103278157045,1.3505430394664,4.03750155140621,TRUE,NA
"sigma",1.13,-0.895675578054954,0.430603352665014,1.41562194992253,1.35719959617999,4.06223474112446,TRUE,NA
"sigma",1.14,-0.898345789634145,0.435698629740837,1.42018387238272,1.36386057793627,4.08702515775377,TRUE,NA
"sigma",1.15,-0.901039544838217,0.440756528750657,1.4247185626938,1.37052508568316,4.11187226136262,TRUE,NA
"sigma",1.16,-0.903756338973287,0.445777240321596,1.42922605425134,1.37719224934786,4.13677552023475,TRUE,NA
"sigma",1.17,-0.90649567611591,0.450760970136944,1.43370639887586,1.38386122805555,4.16173441081718,TRUE,NA
"sigma",1.18,-0.909257069078078,0.455707937760394,1.43815966563064,1.390531210216,4.18674841766878,TRUE,NA
"sigma",1.19,-0.912040039366706,0.460618375518133,1.4425859396859,1.39720141349138,4.21181703340834,TRUE,NA
"sigma",1.2,-0.914844117137391,0.465492527437383,1.44698532122942,1.40387108465773,4.2369397586612,TRUE,NA
"sigma",1.21,-0.917668841142368,0.470330648239824,1.45135792442372,1.41053949937191,4.26211610200387,TRUE,NA
"sigma",1.22,-0.920513758672759,0.475133002388092,1.45570387640911,1.41720596185513,4.28734557990614,TRUE,NA
"sigma",1.23,-0.923378425495125,0.47989986318377,1.46002331635256,1.42386980450346,4.31262771667013,TRUE,NA
"sigma",1.24,-0.926262405782511,0.484631511915002,1.46431639454124,1.43053038743496,4.33796204436627,TRUE,NA
"sigma",1.25,-0.92916527204018,0.489328237051966,1.46858327151999,1.43718709798232,4.36334810276576,TRUE,NA
"sigma",1.26,-0.932086605026308,0.493990333488264,1.47282411727175,1.44383935013929,4.38878543926971,TRUE,NA
"sigma",1.27,-0.93502599366782,0.498618101826597,1.47703911043963,1.45048658396836,4.41427360883473,TRUE,NA
"sigma",1.28,-0.937983034971773,0.503211847706653,1.48122843758969,1.45712826497656,4.43981217389509,TRUE,NA
"sigma",1.29,-0.940957333932508,0.507771881173585,1.48539229251284,1.46376388346566,4.46540070428159,TRUE,NA
"sigma",1.3,-0.943948503434931,0.512298516085168,1.4895308755647,1.47039295386238,4.49103877713726,TRUE,NA
"sigma",1.31,-0.946956164154264,0.516792069555875,1.49364439304201,1.47701501403366,4.51672597682996,TRUE,NA
"sigma",1.32,-0.949979944452535,0.521252861436223,1.49773305659421,1.48362962459162,4.54246189486224,TRUE,NA
"sigma",1.33,-0.953019480272203,0.525681213825587,1.50179708266874,1.49023636819216,4.56824612977849,TRUE,NA
"sigma",1.34,-0.956074415027193,0.530077450616912,1.50583669198877,1.49683484883095,4.59407828706977,TRUE,NA
"sigma",1.35,-0.959144399491678,0.534441897071677,1.50985210906178,1.5034246911399,4.61995797907643,TRUE,NA
"sigma",1.36,-0.962229091686901,0.538774879423596,1.51384356171786,1.51000553968686,4.64588482488877,TRUE,NA
"sigma",1.37,-0.965328156766342,0.543076724509526,1.51781128067614,1.51657705828119,4.67185845024607,TRUE,NA
"sigma",1.38,-0.968441266899501,0.547347759426172,1.52175549842037,1.5231389292871,4.69787848743407,TRUE,NA
"sigma",1.39,-0.971568101154592,0.551588311211142,1.52567643491355,1.5296908529468,4.72394457518129,TRUE,NA
"sigma",1.4,-0.974648722016112,0.555799696145564,1.53170083891871,1.53624520016306,4.75005557633303,TRUE,NA
"sigma",1.41,-0.977870089739407,0.559958653445883,1.53342090131867,1.53919010054834,4.77622991240696,TRUE,NA
"sigma",1.42,-0.981041629747636,0.564096432795443,1.53725504715086,1.54472049808817,4.8024426792979,TRUE,NA
"sigma",1.43,-0.984226980675127,0.568201789497827,1.54106237149629,1.55025011458969,4.82870274948888,TRUE,NA
"sigma",1.44,-0.987425838523026,0.572275074391663,1.54484314729387,1.55577875264978,4.8550097865829,TRUE,NA
"sigma",1.45,-0.990637904653632,0.576316639397957,1.54859765015322,1.56130621941367,4.88136345813654,TRUE,NA
"sigma",1.46,-0.993862885744244,0.580326837154465,1.55232615790457,1.566832326587,4.90776343565988,TRUE,NA
"sigma",1.47,-0.99710049373884,0.584306020670143,1.5560289501738,1.57235689044076,4.93420939461424,TRUE,NA
"sigma",1.48,-1.0003504457973,0.588254543000072,1.55970630798308,1.57787973180831,4.96070101440686,TRUE,NA
"sigma",1.49,-1.00361246424258,0.592172756939463,1.56335851337547,1.58340067607569,4.98723797838308,TRUE,NA
"sigma",1.5,-1.00688627650558,0.596061014737028,1.56698584906378,1.58891955316437,5.01381997381528,TRUE,NA
"sigma",1.51,-1.0101716150688,0.599919667824631,1.57058859809943,1.59443619751007,5.04044669189071,TRUE,NA
"sigma",1.52,-1.01346821740752,0.603749066566067,1.57416704356557,1.59995044803337,5.06711782769518,TRUE,NA
"sigma",1.53,-1.01677582592989,0.607549560021238,1.57772146828902,1.60546214810649,5.09383308019542,TRUE,NA
"sigma",1.54,-1.02009418791541,0.611321495726511,1.58125215457243,1.61097114551485,5.1205921522188,TRUE,NA
"sigma",1.55,-1.02342305545217,0.615065219490185,1.58475938394506,1.61647729241407,5.14739475043105,TRUE,NA
"sigma",1.56,-1.0267621853729,0.618781075202556,1.58824343693158,1.62198044528288,5.17424058531173,TRUE,NA
"sigma",1.57,-1.03011133919003,0.622469404659777,1.59170459283792,1.62748046487234,5.20112937112789,TRUE,NA
"sigma",1.58,-1.03347028302985,0.626130547401017,1.59514312955331,1.63297721615153,5.22806082590581,TRUE,NA
"sigma",1.59,-1.03683878756587,0.629764840558195,1.59855932336779,1.63847056825025,5.25503467140107,TRUE,NA
"sigma",1.6,-1.04021662795157,0.633372618717778,1.60195344880437,1.64396039439895,5.28205063306694,TRUE,NA
"sigma",1.61,-1.04360358375263,0.636954213793982,1.60532577846505,1.64944657186617,5.30910844002134,TRUE,NA
"sigma",1.62,-1.04699943887869,0.640509954912856,1.60867658289002,1.6549289818938,5.33620782501229,TRUE,NA
"sigma",1.63,-1.05040398151484,0.644040168306684,1.61200613042931,1.66040750963055,5.36334852438224,TRUE,NA
"sigma",1.64,-1.05381700405292,0.647545177218168,1.61531468712613,1.6658820440636,5.39053027803106,TRUE,NA
"sigma",1.65,-1.05723830302258,0.651025301813898,1.61860251661138,1.67135247794905,5.41775282937807,TRUE,NA
"sigma",1.66,-1.0606676790224,0.654480859106947,1.62186988000909,1.67681870774036,5.44501592532274,TRUE,NA
"sigma",1.67,-1.06410493665151,0.65791216288591,1.62511703584917,1.68228063351934,5.47231931620609,TRUE,NA
"sigma",1.68,-1.0675498844401,0.661319523655662,1.62834423999465,1.68773815891932,5.49966275576805,TRUE,NA
"sigma",1.69,-1.07100233478156,0.664703248581471,1.63155174557223,1.69319119105504,5.52704600110755,TRUE,NA
"sigma",1.7,-1.07446210386418,0.668063641442193,1.63473980291377,1.69863964044839,5.55446881264022,TRUE,NA
"sigma",1.71,-1.07792901160323,0.671401002589626,1.63790865950498,1.70408342095464,5.58193095405591,TRUE,NA
"sigma",1.72,-1.08140288157367,0.674715628914005,1.64105855994113,1.70952244968861,5.60943219227582,TRUE,NA
"sigma",1.73,-1.08488354094311,0.678007813815334,1.64418974588956,1.71495664695097,5.63697229740925,TRUE,NA
"sigma",1.74,-1.08837082040545,0.681277847180169,1.6473024560585,1.72038593615458,5.66455104271002,TRUE,NA
"sigma",1.75,-1.09186455411501,0.684526015363497,1.65039692617164,1.7258102437513,5.69216820453276,TRUE,NA
"sigma",1.76,-1.0953645796213,0.687752601175429,1.65347338894824,1.73122949915906,5.71982356228893,TRUE,NA
"sigma",1.77,-1.09887073780442,0.690957883872354,1.65653207408829,1.73664363468956,5.74751689840282,TRUE,NA
"sigma",1.78,-1.1023828728112,0.694142139152293,1.65957320826236,1.74205258547646,5.77524799826747,TRUE,NA
"sigma",1.79,-1.10590083199202,0.697305639154148,1.66259701510592,1.74745628940438,5.80301665020064,TRUE,NA
"sigma",1.8,-1.10942446583841,0.700448652460593,1.66560371521758,1.75285468703855,5.83082264540082,TRUE,NA
"sigma",1.81,-1.11295362792138,0.703571444104363,1.66859352616124,1.7582477215553,5.85866577790336,TRUE,NA
"sigma",1.82,-1.11648817483067,0.706674275577668,1.67156666247161,1.76363533867351,5.88654584453671,TRUE,NA
"sigma",1.83,-1.12002796611468,0.709757404844542,1.67452333566294,1.7690174865869,5.91446264487897,TRUE,NA
"sigma",1.84,-1.12357286422134,0.712821086355884,1.67746375424074,1.77439411589737,5.94241598121455,TRUE,NA
"sigma",1.85,-1.12712273443985,0.715865571067011,1.68038812371619,1.77976517954934,5.97040565849116,TRUE,NA
"sigma",1.86,-1.13067744484319,0.718891106457488,1.68329664662298,1.78513063276511,5.99843148427712,TRUE,NA
"sigma",1.87,-1.13423686623164,0.721897936553105,1.68618952253651,1.79049043298145,6.02649326871896,TRUE,NA
"sigma",1.88,-1.1378008720771,0.724886301949786,1.68906694809506,1.7958445397871,6.0545908244994,TRUE,NA
"sigma",1.89,-1.14136933846837,0.727856439839292,1.69192911702293,1.80119291486161,6.08272396679573,TRUE,NA
"sigma",1.9,-1.1449421440573,0.730808584036537,1.69477622015521,1.80653552191521,6.11089251323852,TRUE,NA
"sigma",1.91,-1.14851917000585,0.733742965008404,1.69760844546412,1.81187232662992,6.13909628387092,TRUE,NA
"sigma",1.92,-1.15210029993409,0.736659809903907,1.70042597808678,1.81720329660181,6.16733510110821,TRUE,NA
"sigma",1.93,-1.15568541986907,0.739559342585551,1.70322900035414,1.82252840128443,6.19560878969795,TRUE,NA
"sigma",1.94,-1.15927441819467,0.742441783661816,1.70601769182105,1.82784761193351,6.22391717668059,TRUE,NA
"sigma",1.95,-1.16286718560224,0.745307350520602,1.70879222929734,1.83316090155281,6.25226009135048,TRUE,NA
"sigma",1.96,-1.16646361504229,0.748156257363561,1.71155278687973,1.83846824484111,6.28063736521752,TRUE,NA
"sigma",1.97,-1.17006360167694,0.75098871524119,1.71429953598448,1.84376961814054,6.30904883196922,TRUE,NA
"sigma",1.98,-1.17366704283341,0.753804932088623,1.71703264538072,1.84906499938594,6.33749432743331,TRUE,NA
"sigma",1.99,-1.17727383795823,0.756605112761991,1.71975228122434,1.85435436805551,6.3659736895409,TRUE,NA
"sigma",2,-1.18088388857252,0.759389459075308,1.72245860709228,1.85963770512258,6.39448675829016,TRUE,NA
"sigma",2.01,-1.18449709822799,0.76215816983778,1.72515178401732,1.8649149930086,6.42303337571053,TRUE,NA
"sigma",2.02,-1.18811337246386,0.764911440891472,1.72783197052302,1.87018621553717,6.45161338582746,TRUE,NA
"sigma",2.03,-1.1917326187647,0.767649465149266,1.73049932265907,1.87545135788936,6.48022663462777,TRUE,NA
"sigma",2.04,-1.19535474651899,0.770372432633051,1.73315399403668,1.88071040656003,6.50887297002548,TRUE,NA
"sigma",2.05,-1.19897966697863,0.77308053051207,1.73579613586412,1.88596334931532,6.53755224182818,TRUE,NA
"sigma",2.06,-1.20260729321922,0.775773943141397,1.73842589698234,1.89121017515124,6.56626430170405,TRUE,NA
"sigma",2.07,-1.20623754010116,0.778452852100462,1.74104342390059,1.8964508742533,6.59500900314931,TRUE,NA
"sigma",2.08,-1.2098703242316,0.781117436231596,1.74364886083192,1.90168543795725,6.62378620145628,TRUE,NA
"sigma",2.09,-1.21350556392709,0.783767871678558,1.74624234972872,1.9069138587108,6.652595753682,TRUE,NA
"sigma",2.1,-1.2171431791771,0.786404331924972,1.74882403031802,1.91213613003645,6.68143751861733,TRUE,NA
"sigma",2.11,-1.22078309160826,0.789026987832687,1.75139404013667,1.91735224649525,6.71031135675663,TRUE,NA
"sigma",2.12,-1.22442522444941,0.791636007679959,1.75395251456637,1.92256220365161,6.739217130268,TRUE,NA
"sigma",2.13,-1.22806950249731,0.794231557199498,1.75649958686834,1.92776599803901,6.76815470296399,TRUE,NA
"sigma",2.14,-1.23171585208313,0.796813799616283,1.7590353882179,1.93296362712673,6.79712394027287,TRUE,NA
"sigma",2.15,-1.23536420103969,0.799382895685169,1.76156004773866,1.93815508928749,6.82612470921044,TRUE,NA
"sigma",2.16,-1.23901447866936,0.801939003728222,1.7640736925364,1.94334038376595,6.85515687835231,TRUE,NA
"sigma",2.17,-1.24266661571266,0.80448227967179,1.76657644773271,1.94851951064818,6.88422031780675,TRUE,NA
"sigma",2.18,-1.24632054431754,0.807012877083275,1.76906843649821,1.95369247083196,6.91331489918797,TRUE,NA
"sigma",2.19,-1.24997619800937,0.809530947207581,1.77154978008547,1.95885926599793,6.94244049558997,TRUE,NA
"sigma",2.2,-1.25363351166154,0.812036639003242,1.77402059786148,1.96401989858159,6.97159698156085,TRUE,NA
"sigma",2.21,-1.25729242146671,0.814530099178191,1.77648100733985,1.96917437174607,7.00078423307762,TRUE,NA
"sigma",2.22,-1.2609528649087,0.817011472225164,1.77893112421246,1.97432268935579,7.03000212752145,TRUE,NA
"sigma",2.23,-1.26461478073501,0.819480900456752,1.7813710623809,1.97946485595078,7.05925054365345,TRUE,NA
"sigma",2.24,-1.26827810892993,0.821938524040042,1.78380093398728,1.98460087672183,7.08852936159088,TRUE,NA
"sigma",2.25,-1.27194279068826,0.82438448103087,1.7862208494448,1.98973075748637,7.11783846278384,TRUE,NA
"sigma",2.26,-1.27560876838958,0.826818907407686,1.78863091746779,1.99485450466502,7.14717772999239,TRUE,NA
"sigma",2.27,-1.27927598557313,0.829241937104988,1.79103124510134,1.99997212525894,7.1765470472641,TRUE,NA
"sigma",2.28,-1.28294438691322,0.83165370204635,1.79342193775051,2.00508362682771,7.20594629991214,TRUE,NA
"sigma",2.29,-1.28661391819521,0.834054332177027,1.79580309920909,2.01018901746808,7.23537537449362,TRUE,NA
"sigma",2.3,-1.29028452629199,0.836443955496124,1.79817483168792,2.01528830579314,7.26483415878856,TRUE,NA
"sigma",2.31,-1.29395615914106,0.838822698088353,1.80053723584277,2.02038150091233,7.29432254177908,TRUE,NA
"sigma",2.32,-1.29762876572199,0.841190684155337,1.80289041080178,2.0254686124119,7.32384041362917,TRUE,NA
"sigma",2.33,-1.30130229603453,0.843548036046487,1.80523445419244,2.03054965033608,7.35338766566473,TRUE,NA
"sigma",2.34,-1.30497670107711,0.845894874289445,1.80756946216814,2.03562462516878,7.3829641903541,TRUE,NA
"sigma",2.35,-1.30865193282587,0.848231317620091,1.80989552943433,2.04069354781587,7.41256988128888,TRUE,NA
"sigma",2.36,-1.31232794421412,0.850557483012092,1.81221274927412,2.04575642958796,7.44220463316525,TRUE,NA
"sigma",2.37,-1.31600468911229,0.852873485706043,1.81452121357358,2.05081328218383,7.47186834176554,TRUE,NA
"sigma",2.38,-1.31968212230835,0.855179439238155,1.81682101284652,2.05586411767426,7.50156090394027,TRUE,NA
"sigma",2.39,-1.32336019948852,0.857475455467618,1.81911223625763,2.06090894849093,7.53128221759135,TRUE,NA
"sigma",2.4,-1.32703887721882,0.859761644607977,1.82139497165139,2.06594778739312,7.56103218165121,TRUE,NA
"sigma",2.41,-1.33071811292638,0.862038115249151,1.8236693055681,2.07098064748064,7.59081069607132,TRUE,NA
"sigma",2.42,-1.33439786488173,0.864304974388007,1.82593532327206,2.07600754216107,7.62061766180187,TRUE,NA
"sigma",2.43,-1.33807809218128,0.866562327453963,1.82819310877291,2.08102848514066,7.65045298077644,TRUE,NA
"sigma",2.44,-1.34175875473019,0.868810278335113,1.83044274484801,2.08604349041114,7.68031655589602,TRUE,NA
"sigma",2.45,-1.34543981322559,0.871048929403903,1.83268431306425,2.09105257223678,7.71020829101341,TRUE,NA
"sigma",2.46,-1.34912122914029,0.873278381542401,1.83491789379955,2.09605574514195,7.74012809091787,TRUE,NA
"sigma",2.47,-1.35280296470672,0.875498734167156,1.83714356626394,2.10105302389909,7.77007586132012,TRUE,NA
"sigma",2.48,-1.35648498290131,0.877710085253645,1.83936140852027,2.106044423517,7.80005150883759,TRUE,NA
"sigma",2.49,-1.36016724742923,0.879912531360309,1.84157149750449,2.11102995922961,7.83005494098001,TRUE,NA
"sigma",2.5,-1.36384972270941,0.882106167652193,1.8437739090456,2.11600964648501,7.8600860661353,TRUE,NA
"sigma",2.51,-1.36753237385991,0.884291087924198,1.84596871788521,2.12098350093491,7.89014479355566,TRUE,NA
"sigma",2.52,-1.37121516668366,0.886467384623922,1.84815599769669,2.1259515384244,7.92023103334404,TRUE,NA
"sigma",2.53,-1.3748980676545,0.88863514887413,1.85033582110406,2.13091377498208,7.95034469644077,TRUE,NA
"sigma",2.54,-1.37858104390344,0.890794470494827,1.85250825970039,2.13587022681049,7.98048569461059,TRUE,NA
"sigma",2.55,-1.38226406320541,0.892945438024978,1.85467338406597,2.14082091027689,8.01065394042979,TRUE,NA
"sigma",2.56,-1.38594709396609,0.895088138743824,1.85683126378608,2.14576584190427,8.04084934727369,TRUE,NA
"sigma",2.57,-1.38963010520921,0.897222658691848,1.85898196746838,2.15070503836275,8.07107182930439,TRUE,NA
"sigma",2.58,-1.39331306656403,0.899349082691377,1.86112556276004,2.1556385164612,8.10132130145868,TRUE,NA
"sigma",2.59,-1.39699594825313,0.901467494366832,1.86326211636455,2.16056629313918,8.13159767943625,TRUE,NA
"sigma",2.6,-1.40067872108044,0.903577976164597,1.86539169405808,2.16548838545911,8.16190087968812,TRUE,NA
"sigma",2.61,-1.4043613564196,0.905680609372585,1.8675143607057,2.17040481059876,8.19223081940527,TRUE,NA
"sigma",2.62,-1.4080438262025,0.907775474139429,1.86963018027716,2.17531558584392,8.22258741650753,TRUE,NA
"sigma",2.63,-1.41172610290812,0.909862649493337,1.87173921586239,2.18022072858138,8.25297058963267,TRUE,NA
"sigma",2.64,-1.41540815955157,0.911942213360634,1.87384152968677,2.18512025629211,8.28338025812569,TRUE,NA
"sigma",2.65,-1.41908996967347,0.914014242583967,1.87593718312601,2.19001418654472,8.31381634202834,TRUE,NA
"sigma",2.66,-1.4227715073294,0.916078812940172,1.87802623672078,2.19490253698906,8.34427876206887,TRUE,NA
"sigma",2.67,-1.42645274707976,0.918135999157861,1.8801087501911,2.19978532535012,8.37476743965186,TRUE,NA
"sigma",2.68,-1.43013366397968,0.920185874934663,1.88218478245038,2.20466256942211,8.40528229684841,TRUE,NA
"sigma",2.69,-1.43381423356932,0.922228512954174,1.88425439161923,2.20953428706274,8.43582325638642,TRUE,NA
"sigma",2.7,-1.43749443186422,0.924263984902605,1.88631763503896,2.21440049618767,8.46639024164106,TRUE,NA
"sigma",2.71,-1.44117423534597,0.926292361485136,1.88837456928492,2.21926121476524,8.49698317662545,TRUE,NA
"sigma",2.72,-1.44485362095304,0.928313712441964,1.89042525017945,2.22411646081128,8.52760198598151,TRUE,NA
"sigma",2.73,-1.44853256607182,0.930328106564085,1.89246973280464,2.22896625238419,8.558246594971,TRUE,NA
"sigma",2.74,-1.45221104852783,0.932335611708785,1.8945080715149,2.23381060758012,8.58891692946668,TRUE,NA
"sigma",2.75,-1.45588904657715,0.934336294814841,1.89654031994916,2.23864954452836,8.6196129159437,TRUE,NA
"sigma",2.76,-1.45956653889803,0.936330221917484,1.89856653104294,2.24348308138691,8.65033448147113,TRUE,NA
"sigma",2.77,-1.46324350458263,0.938317458163048,1.90058675704015,2.24831123633815,8.6810815537036,TRUE,NA
"sigma",2.78,-1.46691992312903,0.940298067823402,1.90260104950463,2.25313402758473,8.71185406087323,TRUE,NA
"sigma",2.79,-1.47059577443334,0.942272114310099,1.90460945933154,2.25795147334555,8.74265193178153,TRUE,NA
"sigma",2.8,-1.47427103878198,0.944239660188265,1.90661203675845,2.26276359185195,8.77347509579161,TRUE,NA
"sigma",2.81,-1.47794569684415,0.946200767190268,1.90860883137628,2.26757040134397,8.80432348282045,TRUE,NA
"sigma",2.82,-1.48161972966448,0.948155496229109,1.91059989213999,2.27237192006677,8.83519702333135,TRUE,NA
"sigma",2.83,-1.48529311865577,0.9501039074116,1.91258526737905,2.27716816626724,8.86609564832648,TRUE,NA
"sigma",2.84,-1.48896584559195,0.952046060051287,1.91456500480781,2.28195915819061,8.89701928933962,TRUE,NA
"sigma",2.85,-1.49263789260113,0.953982012681155,1.9165391515355,2.28674491407734,8.92796787842902,TRUE,NA
"sigma",2.86,-1.49630924215887,0.955911823066098,1.9185077540762,2.29152545215997,8.95894134817032,TRUE,NA
"sigma",2.87,-1.49997987708152,0.957835548215164,1.92047085835853,2.29630079066023,8.98993963164975,TRUE,NA
"sigma",2.88,-1.50364978051973,0.959753244393591,1.92242850973518,2.30107094778613,9.02096266245728,TRUE,NA
"sigma",2.89,-1.5073189359521,0.961664967134622,1.92438075299223,2.30583594172928,9.05201037468002,TRUE,NA
"sigma",2.9,-1.51098732717898,0.963570771251104,1.92632763235837,2.31059579066223,9.08308270289572,TRUE,NA
"sigma",2.91,-1.51465493831634,0.965470710846884,1.92826919151383,2.31535051273591,9.11417958216631,TRUE,NA
"sigma",2.92,-1.51832175378983,0.967364839328003,1.93020547359925,2.32010012607725,9.14530094803166,TRUE,NA
"sigma",2.93,-1.52198775832895,0.969253209413703,1.93213652122429,2.32484464878682,9.17644673650339,TRUE,NA
"sigma",2.94,-1.52565293696128,0.971135873147198,1.93406237647616,2.32958409893657,9.20761688405881,TRUE,NA
"sigma",2.95,-1.52931727500696,0.973012881906302,1.93598308092791,2.33431849456766,9.23881132763493,TRUE,NA
"sigma",2.96,-1.53298075807314,0.974884286413839,1.93789867564662,2.33904785368844,9.27003000462269,TRUE,NA
"sigma",2.97,-1.53664337204861,0.976750136747866,1.93980920120142,2.34377219427241,9.30127285286113,TRUE,NA
"sigma",2.98,-1.5403051030986,0.978610482351739,1.94171469767133,2.34849153425633,9.33253981063178,TRUE,NA
"sigma",2.99,-1.54396593765956,0.980465372043972,1.94361520465302,2.35320589153839,9.36383081665315,TRUE,NA
"sigma",3,-1.54762586243414,0.982314854027939,1.94551076126832,2.35791528397647,9.3951458100752,TRUE,NA
"sigma",3.01,-1.55128486438626,0.984158975901394,1.94740140617172,2.36261972938641,9.42648473047408,TRUE,NA
"sigma",3.02,-1.55494293073624,0.985997784665839,1.94928717755761,2.36731924554047,9.45784751784679,TRUE,NA
"sigma",3.03,-1.55860004895609,0.987831326735705,1.95116811316745,2.37201385016571,9.48923411260608,TRUE,NA
"sigma",3.04,-1.56225620676481,0.989659647947386,1.95304425029682,2.3767035609426,9.52064445557532,TRUE,NA
"sigma",3.05,-1.56591139212389,0.991482793568105,1.95491562580227,2.38138839550352,9.55207848798354,TRUE,NA
"sigma",3.06,-1.56956559323284,0.993300808304637,1.95678227610809,2.38606837143147,9.5835361514605,TRUE,NA
"sigma",3.07,-1.57321879852478,0.995113736311863,1.95864423721299,2.39074350625875,9.6150173880319,TRUE,NA
"sigma",3.08,-1.5768709966622,0.996921621201186,1.96050154469657,2.39541381746574,9.64652214011459,TRUE,NA
"sigma",3.09,-1.58052217653276,0.998724506048787,1.96235423372574,2.40007932247974,9.67805035051198,TRUE,NA
"sigma",3.1,-1.58417232724514,1.00052243340376,1.964202339061,2.4047400386738,9.7096019624094,TRUE,NA
"sigma",3.11,-1.58782143812505,1.00231544529606,1.96604589506258,2.40939598336571,9.74117691936963,TRUE,NA
"sigma",3.12,-1.59146949871127,1.00410358324438,1.96788493569653,2.41404717381692,9.77277516532844,TRUE,NA
"sigma",3.13,-1.59511649875178,1.00588688826382,1.96971949454064,2.41869362723163,9.80439664459028,TRUE,NA
"sigma",3.14,-1.59876242819996,1.00766540087349,1.97154960479027,2.42333536075582,9.83604130182396,TRUE,NA
"sigma",3.15,-1.60240727721087,1.00943916110389,1.97337529926408,2.42797239147641,9.86770908205846,TRUE,NA
"sigma",3.16,-1.60605103613761,1.01120820850428,1.97519661040965,2.4326047364204,9.8993999306788,TRUE,NA
"sigma",3.17,-1.60969369552775,1.01297258214982,1.97701357030904,2.43723241255409,9.93111379342191,TRUE,NA
"sigma",3.18,-1.61333524611985,1.01473232064864,1.97882621068412,2.44185543678236,9.96285061637271,TRUE,NA
"sigma",3.19,-1.61697567883997,1.01648746214878,1.98063456290203,2.44647382594791,9.99461034596008,TRUE,NA
"sigma",3.2,-1.62061498479836,1.01823804434501,1.98243865798026,2.45108759683063,10.0263929289531,TRUE,NA
"sigma",3.21,-1.62425315528613,1.0199841044855,1.98423852659192,2.45569676614697,10.0581983124571,TRUE,NA
"sigma",3.22,-1.62789018177204,1.02172567937844,1.98603419907069,2.46030135054932,10.0900264439099,TRUE,NA
"sigma",3.23,-1.63152605589929,1.02346280539849,1.98782570541582,2.46490136662546,10.1218772710784,TRUE,NA
"sigma",3.24,-1.63516076948245,1.02519551849314,1.98961307529699,2.46949683089806,10.1537507420545,TRUE,NA
"sigma",3.25,-1.63879431450439,1.02692385418898,1.99139633805908,2.47408775982415,10.185646805252,TRUE,NA
"sigma",3.26,-1.64242668311329,1.02864784759781,1.99317552272687,2.47867416979467,10.2175654094026,TRUE,NA
"sigma",3.27,-1.64605786761972,1.03036753342273,1.99495065800968,2.48325607713405,10.2495065035529,TRUE,NA
"sigma",3.28,-1.64968786049375,1.03208294596402,1.99672177230584,2.48783349809979,10.2814700370605,TRUE,NA
"sigma",3.29,-1.65331665436213,1.03379411912504,1.99848889370722,2.49240644888212,10.3134559595913,TRUE,NA
"sigma",3.3,-1.65694424200554,1.03550108641793,2.00025205000353,2.49697494560361,10.3454642211154,TRUE,NA
"sigma",3.31,-1.66057061635586,1.03720388096923,2.00201126868668,2.50153900431887,10.3774947719045,TRUE,NA
"sigma",3.32,-1.66419577049351,1.0389025355255,2.00376657695498,2.50609864101428,10.4095475625286,TRUE,NA
"sigma",3.33,-1.66781969764485,1.04059708245869,2.00551800171727,2.51065387160766,10.4416225438522,TRUE,NA
"sigma",3.34,-1.67144239117963,1.04228755377157,2.00726556959704,2.5152047119481,10.4737196670324,TRUE,NA
"sigma",3.35,-1.67506384460844,1.04397398110296,2.00900930693642,2.51975117781569,10.5058388835145,TRUE,NA
"sigma",3.36,-1.67868405158027,1.04565639573294,2.01074923980009,2.52429328492133,10.53798014503,TRUE,NA
"sigma",3.37,-1.68230300588011,1.04733482858791,2.01248539397921,2.52883104890654,10.5701434035933,TRUE,NA
"sigma",3.38,-1.68592070142655,1.04900931024565,2.01421779499519,2.53336448534334,10.6023286114987,TRUE,NA
"sigma",3.39,-1.68953713226945,1.05067987094023,2.01594646810343,2.53789360973406,10.6345357213173,TRUE,NA
"sigma",3.4,-1.69315229258769,1.05234654056684,2.01767143829701,2.54241843751128,10.666764685895,TRUE,NA
"sigma",3.41,-1.69676617668691,1.05400934868658,2.0193927303103,2.54693898403767,10.6990154583488,TRUE,NA
"sigma",3.42,-1.70037877899728,1.05566832453113,2.02111036862251,2.55145526460595,10.7312879920643,TRUE,NA
"sigma",3.43,-1.70399009407142,1.0573234970074,2.02282437746121,2.55596729443881,10.7635822406936,TRUE,NA
"sigma",3.44,-1.70760011658221,1.05897489470199,2.02453478080571,2.56047508868886,10.7958981581516,TRUE,NA
"sigma",3.45,-1.71120884132075,1.06062254588575,2.0262416023905,2.5649786624386,10.8282356986143,TRUE,NA
"sigma",3.46,-1.7148162631943,1.06226647851808,2.02794486570852,2.56947803070041,10.8605948165157,TRUE,NA
"sigma",3.47,-1.7184223772243,1.06390672025129,2.02964459401448,2.57397320841654,10.8929754665453,TRUE,NA
"sigma",3.48,-1.72202717854441,1.06554329843484,2.03134081032799,2.57846421045912,10.9253776036457,TRUE,NA
"sigma",3.49,-1.72563066239855,1.06717624011952,2.03303353743683,2.58295105163018,10.9578011830101,TRUE,NA
"sigma",3.5,-1.72923282413903,1.06880557206154,2.03472279789994,2.58743374666173,10.9902461600799,TRUE,NA
"sigma",3.51,-1.7328336592247,1.07043132072659,2.03640861405055,2.59191231021576,11.0227124905421,TRUE,NA
"sigma",3.52,-1.73643316321911,1.07205351229381,2.03809100799917,2.59638675688433,11.0552001303272,TRUE,NA
"sigma",3.53,-1.74003133178873,1.0736721726597,2.03977000163653,2.60085710118963,11.0877090356065,TRUE,NA
"sigma",3.54,-1.74362816070119,1.07528732744198,2.04144561663649,2.6053233575841,11.1202391627903,TRUE,NA
"sigma",3.55,-1.74722364582356,1.07689900198335,2.04311787445891,2.60978554045051,11.152790468525,TRUE,NA
"sigma",3.56,-1.75081778312064,1.07850722135527,2.04478679635246,2.61424366410204,11.1853629096915,TRUE,NA
"sigma",3.57,-1.75441056865333,1.08011201036156,2.04645240335736,2.61869774278246,11.2179564434025,TRUE,NA
"sigma",3.58,-1.75800199857696,1.08171339354204,2.04811471630816,2.6231477906662,11.2505710270006,TRUE,NA
"sigma",3.59,-1.76159206913971,1.08331139517612,2.04977375583636,2.62759382185852,11.283206618056,TRUE,NA
"sigma",3.6,-1.76518077668104,1.08490603928621,2.05142954237307,2.63203585039565,11.3158631743643,TRUE,NA
"sigma",3.61,-1.7687681176301,1.08649734964123,2.05308209615163,2.63647389024497,11.3485406539448,TRUE,NA
"sigma",3.62,-1.7723540885043,1.08808534975996,2.05473143721009,2.6409079553051,11.3812390150379,TRUE,NA
"sigma",3.63,-1.77593868590772,1.0896700629144,2.05637758539381,2.64533805940617,11.4139582161037,TRUE,NA
"sigma",3.64,-1.77952190652971,1.09125151213299,2.05802056035785,2.64976421630992,11.4466982158192,TRUE,NA
"sigma",3.65,-1.78310374714345,1.0928297202039,2.05966038156946,2.65418643970992,11.479458973077,TRUE,NA
"sigma",3.66,-1.78668420460449,1.09440470967818,2.06129706831045,2.65860474323178,11.5122404469832,TRUE,NA
"sigma",3.67,-1.79026327584943,1.09597650287288,2.06293063967953,2.66301914043331,11.5450425968552,TRUE,NA
"sigma",3.68,-1.79384095789449,1.09754512187413,2.06456111459465,2.66742964480474,11.5778653822199,TRUE,NA
"sigma",3.69,-1.79741724783424,1.09911058854019,2.06618851179529,2.67183626976898,11.6107087628121,TRUE,NA
"sigma",3.7,-1.80099214284023,1.1006729245044,2.06781284984469,2.67623902868174,11.6435726985723,TRUE,NA
"sigma",3.71,-1.80456564015972,1.10223215117812,2.06943414713205,2.68063793483186,11.6764571496451,TRUE,NA
"sigma",3.72,-1.80813773711443,1.10378828975367,2.07105242187474,2.68503300144146,11.7093620763773,TRUE,NA
"sigma",3.73,-1.81170843109925,1.10534136120709,2.07266769212041,2.68942424166621,11.7422874393161,TRUE,NA
"sigma",3.74,-1.81527771958107,1.10689138630103,2.07427997574914,2.69381166859558,11.7752331992075,TRUE,NA
"sigma",3.75,-1.81884560009753,1.10843838558744,2.07588929047544,2.69819529525303,11.8081993169942,TRUE,NA
"sigma",3.76,-1.82241207025587,1.10998237941032,2.07749565385042,2.70257513459632,11.8411857538143,TRUE,NA
"sigma",3.77,-1.82597712773175,1.11152338790839,2.07909908326367,2.70695119951774,11.8741924709995,TRUE,NA
"sigma",3.78,-1.82954077026812,1.11306143101772,2.08069959594534,2.71132350284434,11.9072194300733,TRUE,NA
"sigma",3.79,-1.8331029956741,1.11459652847432,2.08229720896805,2.71569205733824,11.9402665927494,TRUE,NA
"sigma",3.8,-1.83666380182386,1.1161286998167,2.08389193924882,2.72005687569682,11.9733339209301,TRUE,NA
"sigma",3.81,-1.84022318665558,1.1176579643884,2.08548380355097,2.72441797055307,12.0064213767048,TRUE,NA
"sigma",3.82,-1.84378114817034,1.11918434134041,2.08707281848598,2.7287753544758,12.0395289223484,TRUE,NA
"sigma",3.83,-1.8473376844311,1.1207078496337,2.08865900051533,2.73312903996994,12.0726565203193,TRUE,NA
"sigma",3.84,-1.85089279356166,1.12222850804153,2.0902423659523,2.73747903947681,12.1058041332585,TRUE,NA
"sigma",3.85,-1.85444647374568,1.12374633515188,2.09182293096379,2.74182536537438,12.1389717239878,TRUE,NA
"sigma",3.86,-1.85799872322564,1.12526134936976,2.09340071157203,2.74616802997759,12.1721592555081,TRUE,NA
"sigma",3.87,-1.86154954030191,1.12677356891948,2.09497572365631,2.75050704553858,12.2053666909983,TRUE,NA
"sigma",3.88,-1.86509892333176,1.12828301184698,2.09654798295473,2.75484242424703,12.2385939938133,TRUE,NA
"sigma",3.89,-1.86864687072845,1.12978969602197,2.09811750506585,2.7591741782304,12.2718411274832,TRUE,NA
"sigma",3.9,-1.87219338096026,1.1312936391402,2.09968430545034,2.76350231955426,12.3051080557114,TRUE,NA
"sigma",3.91,-1.87573845254964,1.13279485872557,2.10124839943259,2.76782686022255,12.3383947423733,TRUE,NA
"sigma",3.92,-1.87928208407226,1.13429337213231,2.10280980220239,2.77214781217788,12.371701151515,TRUE,NA
"sigma",3.93,-1.88282427415614,1.135789196547,2.10436852881642,2.77646518730184,12.4050272473516,TRUE,NA
"sigma",3.94,-1.88636502148082,1.13728234899074,2.10592459419988,2.78077899741526,12.4383729942664,TRUE,NA
"sigma",3.95,-1.88990432477649,1.13877284632109,2.10747801314798,2.78508925427856,12.4717383568089,TRUE,NA
"sigma",3.96,-1.89344218282314,1.14026070523414,2.10902880032747,2.78939596959199,12.5051232996941,TRUE,NA
"sigma",3.97,-1.89697859444975,1.14174594226648,2.11057697027816,2.79369915499598,12.5385277878006,TRUE,NA
"sigma",3.98,-1.90051355853349,1.14322857379711,2.11212253741434,2.79799882207138,12.5719517861696,TRUE,NA
"sigma",3.99,-1.90404707399893,1.1447086160494,2.11366551602625,2.80229498233984,12.6053952600039,TRUE,NA
"sigma",4,-1.90757913981722,1.14618608509296,2.11520592028154,2.80658764726404,12.6388581746658,TRUE,NA
"sigma",4.01,-1.91110975500538,1.14766099684553,2.11674376422663,2.81087682824803,12.6723404956767,TRUE,NA
"sigma",4.02,-1.91463891862551,1.14913336707478,2.11827906178811,2.81516253663752,12.7058421887155,TRUE,NA
"sigma",4.03,-1.91816662978405,1.15060321140015,2.11981182677413,2.8194447837202,12.7393632196171,TRUE,NA
"sigma",4.04,-1.92169288763106,1.15207054529463,2.12134207287574,2.823723580726,12.7729035543718,TRUE,NA
"sigma",4.05,-1.92521769135949,1.15353538408651,2.12286981366819,2.82799893882746,12.8064631591236,TRUE,NA
"sigma",4.06,-1.92874104020449,1.15499774296112,2.12439506261228,2.83227086913997,12.8400420001691,TRUE,NA
"sigma",4.07,-1.93226293344271,1.15645763696253,2.12591783305564,2.83653938272212,12.8736400439566,TRUE,NA
"sigma",4.08,-1.9357833703916,1.15791508099526,2.12743813823398,2.84080449057599,12.9072572570847,TRUE,NA
"sigma",4.09,-1.93930235040878,1.15937008982591,2.12895599127239,2.84506620364743,12.940893606301,TRUE,NA
"sigma",4.1,-1.94281987289132,1.16082267808481,2.13047140518654,2.84932453282642,12.9745490585015,TRUE,NA
"sigma",4.11,-1.94633593727516,1.16227286026763,2.13198439288391,2.85357948894731,13.0082235807288,TRUE,NA
"sigma",4.12,-1.94985054303442,1.16372065073699,2.13349496716501,2.85783108278917,13.0419171401716,TRUE,NA
"sigma",4.13,-1.95336368968077,1.16516606372398,2.13500314072455,2.86207932507608,13.0756297041633,TRUE,NA
"sigma",4.14,-1.95687537676287,1.16660911332976,2.13650892615263,2.86632422647744,13.1093612401808,TRUE,NA
"sigma",4.15,-1.96038560386569,1.16804981352705,2.13801233593586,2.87056579760825,13.1431117158439,TRUE,NA
"sigma",4.16,-1.96389437060996,1.16948817816167,2.13951338245854,2.87480404902944,13.1768810989135,TRUE,NA
"sigma",4.17,-1.96740167665157,1.17092422095395,2.14101207800377,2.87903899124816,13.2106693572914,TRUE,NA
"sigma",4.18,-1.97090752168096,1.17235795550027,2.14250843475451,2.8832706347181,13.2444764590186,TRUE,NA
"sigma",4.19,-1.97441190542263,1.17378939527445,2.14400246479477,2.88749898983975,13.2783023722746,TRUE,NA
"sigma",4.2,-1.97791482763448,1.1752185536292,2.1454941801106,2.89172406696074,13.3121470653763,TRUE,NA
"sigma",4.21,-1.98141628810733,1.17664544379749,2.14698359259119,2.89594587637615,13.3460105067771,TRUE,NA
"sigma",4.22,-1.98491628666437,1.17807007889396,2.14847071402993,2.90016442832874,13.3798926650655,TRUE,NA
"sigma",4.23,-1.9884148231606,1.17949247191627,2.1499555561254,2.90437973300934,13.4137935089648,TRUE,NA
"sigma",4.24,-1.99191189748231,1.18091263574642,2.15143813048245,2.90859180055708,13.4477130073316,TRUE,NA
"sigma",4.25,-1.9954075095466,1.18233058315214,2.15291844861315,2.91280064105972,13.481651129155,TRUE,NA
"sigma",4.26,-1.99890165930081,1.18374632678811,2.15439652193784,2.91700626455395,13.5156078435555,TRUE,NA
"sigma",4.27,-2.0023943467221,1.18515987919731,2.15587236178605,2.92120868102566,13.5495831197846,TRUE,NA
"sigma",4.28,-2.00588557181688,1.18657125281229,2.15734597939752,2.92540790041025,13.5835769272231,TRUE,NA
"sigma",4.29,-2.00937533462038,1.18798045995638,2.15881738592312,2.92960393259293,13.6175892353808,TRUE,NA
"sigma",4.3,-2.01286363519616,1.18938751284496,2.1602865924258,2.93379678740901,13.6516200138951,TRUE,NA
"sigma",4.31,-2.01635047363561,1.19079242358667,2.16175360988153,2.93798647464418,13.6856692325305,TRUE,NA
"sigma",4.32,-2.01983585005755,1.19219520418463,2.1632184491802,2.94217300403481,13.7197368611777,TRUE,NA
"sigma",4.33,-2.02331976460772,1.19359586653759,2.16468112112656,2.94635638526825,13.7538228698522,TRUE,NA
"sigma",4.34,-2.02680221745837,1.19499442244114,2.16614163644104,2.95053662798311,13.7879272286942,TRUE,NA
"sigma",4.35,-2.03028320881036,1.19639088358331,2.16760000575445,2.95471374176636,13.8220499079757,TRUE,NA
"sigma",4.36,-2.03376273888247,1.1977852615679,2.16905623963397,2.95888773616638,13.8561908780652,TRUE,NA
"sigma",4.37,-2.03724080792644,1.19917756788222,2.17051034854611,2.96305862067405,13.8903501094792,TRUE,NA
"sigma",4.38,-2.04071741621616,1.20056781392053,2.17196234288291,2.96722640473587,13.9245275728464,TRUE,NA
"sigma",4.39,-2.04419256404993,1.20195601097951,2.17341223295645,2.97139109775103,13.9587232389155,TRUE,NA
"sigma",4.4,-2.04766625175,1.2033421702594,2.17486002899966,2.9755527090717,13.9929370785543,TRUE,NA
"sigma",4.41,-2.05113847966217,1.204726302865,2.1763057411671,2.97971124800328,14.0271690627493,TRUE,NA
"sigma",4.42,-2.05460924815545,1.20610841980676,2.17774937953582,2.98386672380471,14.0614191626043,TRUE,NA
"sigma",4.43,-2.05807855762159,1.2074885320018,2.17919095410613,2.98801914568875,14.0956873493402,TRUE,NA
"sigma",4.44,-2.06154640847478,1.20886665027494,2.18063047480236,2.99216852282222,14.1299735942937,TRUE,NA
"sigma",4.45,-2.06501280115124,1.21024278535969,2.18206795147366,2.99631486432632,14.164277868917,TRUE,NA
"sigma",4.46,-2.06847773610884,1.21161694789927,2.18350339389475,3.00045817927688,14.1986001447764,TRUE,NA
"sigma",4.47,-2.07194121382674,1.21298914844762,2.18493681176672,3.00459847670465,14.2329403935523,TRUE,NA
"sigma",4.48,-2.07540323480508,1.21435939747028,2.1863682147177,3.00873576559554,14.2672985870379,TRUE,NA
"sigma",4.49,-2.07886379956455,1.21572770534545,2.18779761230364,3.01287005489091,14.3016746971384,TRUE,NA
"sigma",4.5,-2.08232290864611,1.21709408236485,2.18922501400903,3.01700135348788,14.3360686958709,TRUE,NA
"sigma",4.51,-2.08578056261061,1.21845853873471,2.19065042924761,3.02112967023952,14.3704805553628,TRUE,NA
"sigma",4.52,-2.08923676203849,1.2198210845767,2.1920738673631,3.02525501395516,14.4049102478516,TRUE,NA
"sigma",4.53,-2.09269150752941,1.22118172992875,2.19349533762986,3.02937739340067,14.4393577456842,TRUE,NA
"sigma",4.54,-2.09614479970193,1.22254048474607,2.19491484925362,3.0334968172987,14.473823021316,TRUE,NA
"sigma",4.55,-2.09959663919324,1.22389735890192,2.19633241137213,3.03761329432893,14.5083060473101,TRUE,NA
"sigma",4.56,-2.10304702665878,1.22525236218857,2.19774803305585,3.04172683312837,14.5428067963369,TRUE,NA
"sigma",4.57,-2.10649596277196,1.22660550431812,2.19916172330862,3.0458374422916,14.5773252411732,TRUE,NA
"sigma",4.58,-2.10994344822387,1.22795679492335,2.20057349106829,3.04994513037101,14.6118613547014,TRUE,NA
"sigma",4.59,-2.11338948372294,1.22930624355859,2.20198334520742,3.05404990587708,14.6464151099093,TRUE,NA
"sigma",4.6,-2.11683406999468,1.23065385970052,2.20339129453384,3.05815177727864,14.6809864798889,TRUE,NA
"sigma",4.61,-2.12027720778137,1.231999652749,2.20479734779138,3.06225075300311,14.7155754378358,TRUE,NA
"sigma",4.62,-2.12371889784177,1.23334363202788,2.2062015136604,3.06634684143675,14.7501819570489,TRUE,NA
"sigma",4.63,-2.12715914095085,1.2346858067858,2.20760380075849,3.07044005092493,14.7848060109294,TRUE,NA
"sigma",4.64,-2.13059793789949,1.23602618619697,2.20900421764102,3.07453038977237,14.8194475729802,TRUE,NA
"sigma",4.65,-2.13403528949426,1.23736477936195,2.21040277280176,3.07861786624337,14.8541066168055,TRUE,NA
"sigma",4.66,-2.13747119655708,1.23870159530844,2.21179947467351,3.08270248856209,14.8887831161098,TRUE,NA
"sigma",4.67,-2.14090565992499,1.240036642992,2.21319433162861,3.08678426491277,14.9234770446975,TRUE,NA
"sigma",4.68,-2.14433868044988,1.24136993129685,2.21458735197962,3.09086320344001,14.9581883764722,TRUE,NA
"sigma",4.69,-2.14777025899826,1.24270146903654,2.21597854397981,3.09493931224896,14.9929170854362,TRUE,NA
"sigma",4.7,-2.15120039645095,1.24403126495476,2.21736791582376,3.0990125994056,15.0276631456894,TRUE,NA
"sigma",4.71,-2.15462909370289,1.24535932772599,2.21875547564794,3.10308307293697,15.0624265314297,TRUE,NA
"sigma",4.72,-2.15805635166285,1.24668566595627,2.22014123153122,3.10715074083141,15.0972072169511,TRUE,NA
"sigma",4.73,-2.16148217125321,1.24801028818387,2.22152519149546,3.11121561103878,15.1320051766443,TRUE,NA
"sigma",4.74,-2.16490655340973,1.24933320287998,2.222907363506,3.11527769147075,15.1668203849951,TRUE,NA
"sigma",4.75,-2.16832949908126,1.25065441844944,2.22428775547227,3.11933699000095,15.2016528165848,TRUE,NA
"sigma",4.76,-2.17175100922959,1.25197394323135,2.22566637524823,3.12339351446528,15.2365024460885,TRUE,NA
"sigma",4.77,-2.17517108482917,1.25329178549981,2.22704323063295,3.1274472726621,15.2713692482757,TRUE,NA
"sigma",4.78,-2.17858972686688,1.25460795346452,2.22841832937112,3.13149827235247,15.3062531980087,TRUE,NA
"sigma",4.79,-2.18200693634185,1.25592245527148,2.22979167915352,3.13554652126038,15.3411542702428,TRUE,NA
"sigma",4.8,-2.18542271426519,1.25723529900361,2.23116328761758,3.13959202707298,15.3760724400251,TRUE,NA
"sigma",4.81,-2.18883706165983,1.25854649268139,2.23253316234782,3.1436347974408,15.4110076824945,TRUE,NA
"sigma",4.82,-2.19224997956027,1.25985604426349,2.23390131087641,3.14767483997799,15.4459599728809,TRUE,NA
"sigma",4.83,-2.19566146901238,1.2611639616474,2.23526774068357,3.1517121622625,15.4809292865045,TRUE,NA
"sigma",4.84,-2.1990715310732,1.26247025267003,2.23663245919814,3.15574677183638,15.5159155987755,TRUE,NA
"sigma",4.85,-2.20248016681074,1.26377492510834,2.23799547379798,3.1597786762059,15.5509188851936,TRUE,NA
"sigma",4.86,-2.20588737730377,1.26507798667989,2.23935679181047,3.16380788284186,15.585939121347,TRUE,NA
"sigma",4.87,-2.20929316364165,1.2663794450435,2.240716420513,3.16783439917977,15.6209762829127,TRUE,NA
"sigma",4.88,-2.2126975269241,1.26767930779978,2.24207436713337,3.17185823262003,15.656030345655,TRUE,NA
"sigma",4.89,-2.21610046826104,1.26897758249173,2.24343063885031,3.17587939052822,15.6911012854257,TRUE,NA
"sigma",4.9,-2.21950198877238,1.27027427660532,2.24478524279387,3.17989788023526,15.7261890781635,TRUE,NA
"sigma",4.91,-2.22290208958786,1.27156939757003,2.24613818604589,3.18391370903763,15.761293699893,TRUE,NA
"sigma",4.92,-2.22630077184684,1.27286295275941,2.24748947564045,3.18792688419759,15.7964151267248,TRUE,NA
"sigma",4.93,-2.22969803669817,1.27415494949167,2.24883911856427,3.19193741294341,15.8315533348546,TRUE,NA
"sigma",4.94,-2.23309388529993,1.27544539503016,2.25018712175715,3.19594530246951,15.8667083005629,TRUE,NA
"sigma",4.95,-2.23648831881936,1.27673429658396,2.25153349211242,3.19995055993675,15.9018800002145,TRUE,NA
"sigma",4.96,-2.23988133843259,1.2780216613084,2.25287823647732,3.20395319247259,15.9370684102576,TRUE,NA
"sigma",4.97,-2.24327294532455,1.27930749630554,2.25422136165344,3.20795320717128,15.9722735072241,TRUE,NA
"sigma",4.98,-2.24666314068875,1.28059180862478,2.25556287439713,3.2119506110941,16.0074952677285,TRUE,NA
"sigma",4.99,-2.25005192572716,1.28187460526327,2.25690278141986,3.21594541126956,16.0427336684676,TRUE,NA
"sigma",5,-2.25343930165,1.28315589316649,2.25824108938868,3.21993761469355,16.0779886862199,TRUE,NA
"sigma",5.01,-2.25682526967562,1.28443567922871,2.2595778049266,3.22392722832961,16.1132602978455,TRUE,NA
"sigma",5.02,-2.26020983103035,1.28571397029351,2.26091293461294,3.22791425910906,16.1485484802853,TRUE,NA
"sigma",5.03,-2.26359298694829,1.28699077315425,2.26224648498376,3.23189871393125,16.1838532105606,TRUE,NA
"sigma",5.04,-2.26697473867123,1.28826609455458,2.26357846253224,3.23588059966372,16.2191744657726,TRUE,NA
"sigma",5.05,-2.27035508744845,1.28953994118886,2.26490887370903,3.2398599231424,16.2545122231022,TRUE,NA
"sigma",5.06,-2.27373403453659,1.2908123197027,2.26623772492265,3.24383669117184,16.2898664598092,TRUE,NA
"sigma",5.07,-2.27711158119951,1.2920832366934,2.26756502253986,3.24781091052534,16.3252371532321,TRUE,NA
"sigma",5.08,-2.28048772870813,1.29335269871039,2.26889077288601,3.25178258794517,16.3606242807875,TRUE,NA
"sigma",5.09,-2.28386247834031,1.2946207122557,2.2702149822454,3.25575173014278,16.3960278199699,TRUE,NA
"sigma",5.1,-2.28723583138071,1.29588728378443,2.27153765686166,3.25971834379893,16.431447748351,TRUE,NA
"sigma",5.11,-2.29060778912062,1.29715241970517,2.27285880293808,3.26368243556393,16.4668840435793,TRUE,NA
"sigma",5.12,-2.29397835285788,1.29841612638045,2.27417842663799,3.26764401205783,16.5023366833798,TRUE,NA
"sigma",5.13,-2.29734752389669,1.29967841012716,2.27549653408507,3.27160307987053,16.5378056455535,TRUE,NA
"sigma",5.14,-2.30071530354752,1.30093927721701,2.27681313136371,3.27555964556203,16.573290907977,TRUE,NA
"sigma",5.15,-2.30408169312697,1.30219873387694,2.27812822451935,3.27951371566262,16.6087924486021,TRUE,NA
"sigma",5.16,-2.30744669395764,1.30345678628952,2.27944181955883,3.28346529667299,16.6443102454553,TRUE,NA
"sigma",5.17,-2.310810307368,1.3047134405934,2.28075392245068,3.28741439506449,16.6798442766374,TRUE,NA
"sigma",5.18,-2.31417253469227,1.30596870288369,2.28206453912549,3.29136101727922,16.7153945203234,TRUE,NA
"sigma",5.19,-2.31753337727033,1.30722257921239,2.28337367547622,3.2953051697303,16.7509609547613,TRUE,NA
"sigma",5.2,-2.32089283644753,1.30847507558878,2.2846813373585,3.29924685880197,16.7865435582728,TRUE,NA
"sigma",5.21,-2.32425091357465,1.30972619797982,2.28598753059099,3.30318609084981,16.8221423092519,TRUE,NA
"sigma",5.22,-2.32760761000772,1.31097595231052,2.28729226095565,3.30712287220088,16.8577571861652,TRUE,NA
"sigma",5.23,-2.33096292710796,1.31222434446439,2.2885955341981,3.31105720915392,16.893388167551,TRUE,NA
"sigma",5.24,-2.33431686624161,1.31347138028374,2.28989735602785,3.31498910797951,16.9290352320194,TRUE,NA
"sigma",5.25,-2.33766942877988,1.31471706557012,2.29119773211871,3.3189185749202,16.9646983582514,TRUE,NA
"sigma",5.26,-2.34102061609879,1.31596140608469,2.292496668109,3.32284561619078,17.0003775249989,TRUE,NA
"sigma",5.27,-2.34437042957909,1.31720440754853,2.29379416960189,3.32677023797831,17.0360727110843,TRUE,NA
"sigma",5.28,-2.34771887060616,1.31844607564312,2.29509024216568,3.33069244644241,17.0717838953997,TRUE,NA
"sigma",5.29,-2.35106594056986,1.31968641601058,2.29638489133412,3.33461224771534,17.1075110569071,TRUE,NA
"sigma",5.3,-2.35441164086448,1.32092543425411,2.29767812260666,3.33852964790222,17.1432541746376,TRUE,NA
"sigma",5.31,-2.35775597288863,1.32216313593832,2.29896994144875,3.34244465308113,17.1790132276914,TRUE,NA
"sigma",5.32,-2.36109893804509,1.32339952658957,2.30026035329214,3.34635726930335,17.2147881952371,TRUE,NA
"sigma",5.33,-2.36444053774077,1.32463461169632,2.30154936353514,3.35026750259345,17.2505790565113,TRUE,NA
"sigma",5.34,-2.3677807733866,1.32586839670951,2.3028369775429,3.35417535894949,17.2863857908187,TRUE,NA
"sigma",5.35,-2.37111964639741,1.32710088704283,2.30412320064767,3.35808084434316,17.3222083775313,TRUE,NA
"sigma",5.36,-2.37445715819186,1.32833208807313,2.30540803814913,3.36198396471994,17.358046796088,TRUE,NA
"sigma",5.37,-2.37779331019231,1.32956200514068,2.30669149531458,3.36588472599926,17.3939010259948,TRUE,NA
"sigma",5.38,-2.38112810382481,1.33079064354957,2.30797357737925,3.36978313407466,17.4297710468238,TRUE,NA
"sigma",5.39,-2.3844615405189,1.33201800856796,2.30925428954656,3.37367919481393,17.4656568382133,TRUE,NA
"sigma",5.4,-2.38779362170761,1.33324410542848,2.31053363698836,3.37757291405927,17.5015583798671,TRUE,NA
"sigma",5.41,-2.39112434882734,1.33446893932847,2.31181162484521,3.38146429762743,17.5374756515545,TRUE,NA
"sigma",5.42,-2.39445372331775,1.33569251543035,2.31308825822664,3.38535335130988,17.5734086331098,TRUE,NA
"sigma",5.43,-2.3977817466217,1.33691483886191,2.31436354221136,3.38924008087296,17.6093573044318,TRUE,NA
"sigma",5.44,-2.4011084201852,1.33813591471661,2.31563748184757,3.393124492058,17.6453216454838,TRUE,NA
"sigma",5.45,-2.40443374545724,1.3393557480539,2.31691008215315,3.39700659058149,17.6813016362931,TRUE,NA
"sigma",5.46,-2.4077577238898,1.34057434389951,2.31818134811593,3.40088638213524,17.7172972569506,TRUE,NA
"sigma",5.47,-2.41108035693771,1.34179170724574,2.31945128469396,3.40476387238648,17.7533084876105,TRUE,NA
"sigma",5.48,-2.4144016460586,1.3430078430518,2.32071989681569,3.40863906697805,17.7893353084901,TRUE,NA
"sigma",5.49,-2.41772159271278,1.34422275624402,2.32198718938025,3.41251197152853,17.8253776998693,TRUE,NA
"sigma",5.5,-2.42104019836325,1.34543645171621,2.32325316725769,3.41638259163236,17.8614356420904,TRUE,NA
"sigma",5.51,-2.42435746447553,1.34664893432991,2.32451783528918,3.42025093286001,17.8975091155578,TRUE,NA
"sigma",5.52,-2.42767339251763,1.34786020891468,2.32578119828725,3.42411700075811,17.9335981007377,TRUE,NA
"sigma",5.53,-2.43098798395999,1.34907028026838,2.32704326103604,3.4279808008496,17.9697025781575,TRUE,NA
"sigma",5.54,-2.43430124027537,1.35027915315745,2.32830402829151,3.43184233863382,18.0058225284059,TRUE,NA
"sigma",5.55,-2.43761316293881,1.35148683231717,2.32956350478165,3.43570161958674,18.0419579321322,TRUE,NA
"sigma",5.56,-2.44092375342753,1.35269332245194,2.33082169520673,3.439558649161,18.0781087700465,TRUE,NA
"sigma",5.57,-2.44423301322092,1.35389862823554,2.3320786042395,3.44341343278609,18.1142750229187,TRUE,NA
"sigma",5.58,-2.44754094380037,1.35510275431141,2.3333342365254,3.44726597586851,18.1504566715789,TRUE,NA
"sigma",5.59,-2.45084754664932,1.35630570529289,2.33458859668281,3.45111628379186,18.1866536969167,TRUE,NA
"sigma",5.6,-2.4541528232531,1.35750748576348,2.33584168930321,3.45496436191698,18.2228660798809,TRUE,NA
"sigma",5.61,-2.45745677509892,1.35870810027714,2.33709351895143,3.4588102155821,18.2590938014793,TRUE,NA
"sigma",5.62,-2.46075940367578,1.35990755335847,2.33834409016586,3.46265385010296,18.2953368427785,TRUE,NA
"sigma",5.63,-2.46406071047441,1.36110584950301,2.33959340745862,3.46649527077296,18.3315951849034,TRUE,NA
"sigma",5.64,-2.46736069698723,1.3623029931775,2.34084147531582,3.47033448286324,18.3678688090371,TRUE,NA
"sigma",5.65,-2.47065936470824,1.36349898882008,2.34208829819769,3.47417149162287,18.4041576964203,TRUE,NA
"sigma",5.66,-2.47395671513302,1.36469384084056,2.34333388053886,3.47800630227892,18.4404618283515,TRUE,NA
"sigma",5.67,-2.47725274975862,1.36588755362065,2.34457822674848,3.48183892003664,18.4767811861864,TRUE,NA
"sigma",5.68,-2.48054747008353,1.36708013151423,2.3458213412105,3.48566935007954,18.5131157513376,TRUE,NA
"sigma",5.69,-2.4838408776076,1.36827157884752,2.34706322828379,3.48949759756956,18.5494655052743,TRUE,NA
"sigma",5.7,-2.48713297383202,1.36946189991939,2.34830389230236,3.49332366764712,18.5858304295223,TRUE,NA
"sigma",5.71,-2.49042376025922,1.37065109900153,2.34954333757557,3.49714756543135,18.6222105056635,TRUE,NA
"sigma",5.72,-2.49371323839283,1.37183918033872,2.35078156838832,3.50096929602013,18.6586057153355,TRUE,NA
"sigma",5.73,-2.49700140973765,1.37302614814901,2.35201858900116,3.50478886449022,18.6950160402317,TRUE,NA
"sigma",5.74,-2.50028827579956,1.37421200662401,2.35325440365061,3.50860627589742,18.7314414621006,TRUE,NA
"sigma",5.75,-2.50357383808549,1.37539675992904,2.35448901654922,3.51242153527666,18.767881962746,TRUE,NA
"sigma",5.76,-2.50685809810335,1.37658041220339,2.35572243188581,3.51623464764211,18.8043375240262,TRUE,NA
"sigma",5.77,-2.510141057362,1.37776296756053,2.35695465382567,3.52004561798734,18.8408081278543,TRUE,NA
"sigma",5.78,-2.51342271737118,1.37894443008833,2.35818568651066,3.5238544512854,18.8772937561974,TRUE,NA
"sigma",5.79,-2.51670307964148,1.38012480384926,2.35941553405949,3.52766115248894,18.9137943910768,TRUE,NA
"sigma",5.8,-2.51998214568426,1.38130409288061,2.36064420056782,3.53146572653035,18.9503100145673,TRUE,NA
"sigma",5.81,-2.52325991701164,1.38248230119468,2.36187169010844,3.53526817832183,18.9868406087975,TRUE,NA
"sigma",5.82,-2.52653639513642,1.38365943277901,2.36309800673148,3.53906851275556,19.0233861559488,TRUE,NA
"sigma",5.83,-2.52981158157205,1.38483549159659,2.36432315446455,3.54286673470378,19.059946638256,TRUE,NA
"sigma",5.84,-2.53308547783257,1.38601048158601,2.36554713731292,3.5466628490189,19.0965220380062,TRUE,NA
"sigma",5.85,-2.5363580854326,1.38718440666171,2.36676995925967,3.55045686053363,19.1331123375393,TRUE,NA
"sigma",5.86,-2.53962940588724,1.38835727071419,2.36799162426589,3.55424877406108,19.1697175192471,TRUE,NA
"sigma",5.87,-2.54289944071207,1.38952907761015,2.36921213627082,3.55803859439487,19.2063375655737,TRUE,NA
"sigma",5.88,-2.54616819142308,1.39069983119271,2.37043149919199,3.56182632630924,19.2429724590146,TRUE,NA
"sigma",5.89,-2.54943565953664,1.39186953528164,2.37164971692545,3.56561197455917,19.279622182117,TRUE,NA
"sigma",5.9,-2.55270184656947,1.39303819367347,2.37286679334584,3.56939554388046,19.3162867174792,TRUE,NA
"sigma",5.91,-2.55596675403857,1.39420581014175,2.37408273230663,3.57317703898988,19.3529660477504,TRUE,NA
"sigma",5.92,-2.55923038346118,1.39537238843721,2.37529753764021,3.57695646458523,19.3896601556308,TRUE,NA
"sigma",5.93,-2.56249273635478,1.39653793228795,2.3765112131581,3.5807338253455,19.426369023871,TRUE,NA
"sigma",5.94,-2.565753814237,1.39770244539959,2.37772376265108,3.58450912593091,19.4630926352717,TRUE,NA
"sigma",5.95,-2.56901361862562,1.3988659314555,2.37893518988932,3.58828237098306,19.4998309726839,TRUE,NA
"sigma",5.96,-2.5722721510385,1.40002839411696,2.38014549862255,3.59205356512503,19.5365840190082,TRUE,NA
"sigma",5.97,-2.57552941299356,1.40118983702331,2.38135469258025,3.59582271296147,19.573351757195,TRUE,NA
"sigma",5.98,-2.57878540600873,1.40235026379218,2.38256277547172,3.59958981907871,19.6101341702437,TRUE,NA
"sigma",5.99,-2.58204013160195,1.40350967801961,2.38376975098629,3.60335488804486,19.646931241203,TRUE,NA
"sigma",6,-2.58529359129106,1.40466808328027,2.38497562279341,3.6071179244099,19.6837429531707,TRUE,NA
"sigma",6.01,-2.58854578659386,1.40582548312757,2.38618039454286,3.61087893270581,19.7205692892929,TRUE,NA
"sigma",6.02,-2.59179671902798,1.40698188109389,2.38738406986485,3.61463791744663,19.7574102327642,TRUE,NA
"sigma",6.03,-2.59504639011091,1.40813728069073,2.38858665237016,3.6183948831286,19.7942657668277,TRUE,NA
"sigma",6.04,-2.59829480135994,1.40929168540885,2.38978814565029,3.62214983423022,19.8311358747742,TRUE,NA
"sigma",6.05,-2.60154195429214,1.41044509871844,2.39098855327761,3.62590277521237,19.8680205399422,TRUE,NA
"sigma",6.06,-2.6047878504243,1.41159752406934,2.39218787880547,3.62965371051842,19.9049197457181,TRUE,NA
"sigma",6.07,-2.60803249127294,1.4127489648911,2.39338612576837,3.63340264457427,19.9418334755354,TRUE,NA
"sigma",6.08,-2.61127587835422,1.41389942459322,2.39458329768207,3.63714958178853,19.9787617128747,TRUE,NA
"sigma",6.09,-2.61451801318397,1.41504890656529,2.39577939804372,3.64089452655254,20.0157044412635,TRUE,NA
"sigma",6.1,-2.61775889727761,1.41619741417711,2.39697443033203,3.64463748324049,20.0526616442762,TRUE,NA
"sigma",6.11,-2.62099853215015,1.4173449507789,2.39816839800735,3.64837845620955,20.0896333055333,TRUE,NA
"sigma",6.12,-2.62423691931615,1.41849151970141,2.39936130451184,3.65211744979989,20.126619408702,TRUE,NA
"sigma",6.13,-2.62747406028969,1.41963712425609,2.4005531532696,3.65585446833484,20.1636199374953,TRUE,NA
"sigma",6.14,-2.63070995658432,1.42078176773524,2.40174394768675,3.65958951612096,20.200634875672,TRUE,NA
"sigma",6.15,-2.63394460971307,1.42192545341213,2.40293369115161,3.66332259744809,20.2376642070367,TRUE,NA
"sigma",6.16,-2.63717802118841,1.42306818454122,2.40412238703482,3.66705371658953,20.2747079154393,TRUE,NA
"sigma",6.17,-2.64041019252218,1.42420996435822,2.40531003868942,3.67078287780202,20.3117659847752,TRUE,NA
"sigma",6.18,-2.64364112522564,1.42535079608029,2.40649664945104,3.67451008532594,20.3488383989844,TRUE,NA
"sigma",6.19,-2.64687082080936,1.42649068290617,2.40768222263795,3.6782353433853,20.3859251420521,TRUE,NA
"sigma",6.2,-2.65009928078325,1.42762962801629,2.40886676155124,3.68195865618791,20.4230261980081,TRUE,NA
"sigma",6.21,-2.65332650665653,1.42876763457298,2.41005026947493,3.6856800279254,20.4601415509263,TRUE,NA
"sigma",6.22,-2.65655249993767,1.42990470572055,2.41123274967606,3.68939946277336,20.4972711849252,TRUE,NA
"sigma",6.23,-2.65977726213438,1.43104084458543,2.41241420540483,3.6931169648914,20.5344150841672,TRUE,NA
"sigma",6.24,-2.66300079475362,1.43217605427636,2.41359463989473,3.69683253842325,20.5715732328586,TRUE,NA
"sigma",6.25,-2.66622309930151,1.43331033788444,2.41477405636261,3.70054618749681,20.6087456152491,TRUE,NA
"sigma",6.26,-2.66944417728336,1.43444369848335,2.41595245800885,3.70425791622428,20.6459322156322,TRUE,NA
"sigma",6.27,-2.67266403020364,1.43557613912943,2.41712984801745,3.70796772870222,20.6831330183445,TRUE,NA
"sigma",6.28,-2.6758826595659,1.43670766286183,2.41830622955612,3.71167562901164,20.7203480077657,TRUE,NA
"sigma",6.29,-2.67910006687284,1.43783827270262,2.41948160577645,3.7153816212181,20.7575771683182,TRUE,NA
"sigma",6.3,-2.6823162536262,1.43896797165697,2.42065597981396,3.71908570937172,20.7948204844675,TRUE,NA
"sigma",6.31,-2.68553122132679,1.44009676271321,2.42182935478824,3.72278789750739,20.8320779407212,TRUE,NA
"sigma",6.32,-2.68874497147446,1.441224648843,2.42300173380306,3.72648818964472,20.8693495216294,TRUE,NA
"sigma",6.33,-2.69195750556805,1.44235163300145,2.42417311994649,3.73018658978822,20.9066352117844,TRUE,NA
"sigma",6.34,-2.69516882510541,1.44347771812724,2.42534351629097,3.7338831019273,20.9439349958203,TRUE,NA
"sigma",6.35,-2.69837893158335,1.44460290714275,2.42651292589344,3.73757773003641,20.9812488584131,TRUE,NA
"sigma",6.36,-2.70158782649762,1.44572720295415,2.42768135179547,3.74127047807511,21.0185767842804,TRUE,NA
"sigma",6.37,-2.70479551134292,1.44685060845157,2.42884879702329,3.74496134998811,21.0559187581811,TRUE,NA
"sigma",6.38,-2.70800198761283,1.44797312650919,2.43001526458802,3.74865034970541,21.0932747649153,TRUE,NA
"sigma",6.39,-2.71120725679983,1.44909475998535,2.43118075748561,3.75233748114231,21.1306447893243,TRUE,NA
"sigma",6.4,-2.71441132039528,1.4502155117227,2.43234527869708,3.75602274819953,21.1680288162903,TRUE,NA
"sigma",6.41,-2.71761417988937,1.4513353845483,2.43350883118856,3.7597061547633,21.205426830736,TRUE,NA
"sigma",6.42,-2.72081583677112,1.45245438127372,2.4346714179114,3.76338770470538,21.2428388176248,TRUE,NA
"sigma",6.43,-2.72401629252838,1.45357250469519,2.43583304180227,3.76706740188319,21.2802647619604,TRUE,NA
"sigma",6.44,-2.72721554864779,1.45468975759365,2.43699370578325,3.77074525013987,21.3177046487865,TRUE,NA
"sigma",6.45,-2.73041360661474,1.45580614273496,2.43815341276195,3.77442125330432,21.3551584631872,TRUE,NA
"sigma",6.46,-2.73361046791341,1.45692166286991,2.43931216563157,3.77809541519134,21.3926261902861,TRUE,NA
"sigma",6.47,-2.73680613402671,1.45803632073441,2.44046996727104,3.78176773960165,21.4301078152465,TRUE,NA
"sigma",6.48,-2.74000060643626,1.45915011904953,2.44162682054509,3.78543823032198,21.4676033232714,TRUE,NA
"sigma",6.49,-2.74319388662242,1.46026306052168,2.44278272830436,3.78910689112515,21.5051126996029,TRUE,NA
"sigma",6.5,-2.74638597606421,1.46137514784266,2.44393769338545,3.79277372577013,21.5426359295225,TRUE,NA
"sigma",6.51,-2.74957687623933,1.46248638368979,2.44509171861108,3.79643873800212,21.5801729983503,TRUE,NA
"sigma",6.52,-2.75276658862416,1.46359677072603,2.44624480679014,3.80010193155262,21.6177238914458,TRUE,NA
"sigma",6.53,-2.75595511469369,1.46470631160002,2.44739696071778,3.8037633101395,21.6552885942066,TRUE,NA
"sigma",6.54,-2.75914245592157,1.4658150089463,2.44854818317552,3.80742287746708,21.6928670920692,TRUE,NA
"sigma",6.55,-2.76232861378004,1.46692286538529,2.44969847693134,3.81108063722617,21.7304593705083,TRUE,NA
"sigma",6.56,-2.76551358973996,1.46802988352346,2.45084784473973,3.8147365930942,21.7680654150367,TRUE,NA
"sigma",6.57,-2.76869738527074,1.46913606595343,2.45199628934183,3.81839074873519,21.8056852112054,TRUE,NA
"sigma",6.58,-2.7718800018404,1.47024141525405,2.45314381346551,3.82204310779994,21.8433187446031,TRUE,NA
"sigma",6.59,-2.77506144091549,1.47134593399048,2.45429041982541,3.825693673926,21.8809660008563,TRUE,NA
"sigma",6.6,-2.7782417039611,1.47244962471435,2.4554361111231,3.82934245073778,21.918626965629,TRUE,NA
"sigma",6.61,-2.78142079244085,1.47355248996381,2.45658089004708,3.83298944184662,21.9563016246226,TRUE,NA
"sigma",6.62,-2.7845987078169,1.47465453226363,2.45772475927295,3.83663465085085,21.9939899635759,TRUE,NA
"sigma",6.63,-2.78777545154987,1.4757557541253,2.45886772146344,3.84027808133585,22.0316919682644,TRUE,NA
"sigma",6.64,-2.79095102509889,1.47685615804713,2.4600097792685,3.84391973687412,22.0694076245009,TRUE,NA
"sigma",6.65,-2.79412542992158,1.47795574651435,2.4611509353254,3.84755962102535,22.1071369181348,TRUE,NA
"sigma",6.66,-2.79729866747399,1.47905452199919,2.46229119225881,3.85119773733649,22.1448798350521,TRUE,NA
"sigma",6.67,-2.80047073921065,1.48015248696097,2.46343055268086,3.85483408934178,22.1826363611754,TRUE,NA
"sigma",6.68,-2.80364164658452,1.48124964384621,2.46456901919125,3.85846868056289,22.2204064824635,TRUE,NA
"sigma",6.69,-2.80681139104698,1.4823459950887,2.46570659437731,3.86210151450889,22.2581901849115,TRUE,NA
"sigma",6.7,-2.80997997404783,1.4834415431096,2.4668432808141,3.86573259467638,22.2959874545502,TRUE,NA
"sigma",6.71,-2.81314739703529,1.48453629031752,2.46797908106443,3.86936192454954,22.3337982774468,TRUE,NA
"sigma",6.72,-2.81631366145594,1.48563023910864,2.46911399767905,3.87298950760016,22.3716226397038,TRUE,NA
"sigma",6.73,-2.81947876875478,1.48672339186675,2.4702480331966,3.87661534728776,22.4094605274593,TRUE,NA
"sigma",6.74,-2.82264272037515,1.48781575096337,2.47138119014379,3.88023944705959,22.4473119268872,TRUE,NA
"sigma",6.75,-2.82580551775878,1.48890731875782,2.47251347103542,3.88386181035074,22.4851768241964,TRUE,NA
"sigma",6.76,-2.82896716234573,1.48999809759733,2.47364487837446,3.88748244058419,22.5230552056309,TRUE,NA
"sigma",6.77,-2.83212765557442,1.49108808981708,2.47477541465214,3.89110134117083,22.5609470574699,TRUE,NA
"sigma",6.78,-2.83528699888157,1.49217729774032,2.47590508234804,3.89471851550959,22.5988523660273,TRUE,NA
"sigma",6.79,-2.83844519370225,1.49326572367846,2.47703388393012,3.89833396698744,22.6367711176518,TRUE,NA
"sigma",6.8,-2.84160224146983,1.4943533699311,2.47816182185482,3.90194769897949,22.6747032987268,TRUE,NA
"sigma",6.81,-2.84475814361599,1.49544023878619,2.47928889856715,3.90555971484902,22.7126488956699,TRUE,NA
"sigma",6.82,-2.84791290157069,1.49652633252003,2.48041511650073,3.90917001794757,22.7506078949332,TRUE,NA
"sigma",6.83,-2.85106651676219,1.49761165339742,2.48154047807787,3.91277861161495,22.7885802830029,TRUE,NA
"sigma",6.84,-2.85421899061701,1.49869620367167,2.48266498570964,3.91638549917937,22.8265660463992,TRUE,NA
"sigma",6.85,-2.85737032455995,1.49977998558476,2.48378864179598,3.91999068395741,22.8645651716763,TRUE,NA
"sigma",6.86,-2.86052052001406,1.50086300136734,2.4849114487257,3.92359416925416,22.9025776454219,TRUE,NA
"sigma",6.87,-2.86366957840064,1.50194525323886,2.48603340887659,3.92719595836323,22.9406034542577,TRUE,NA
"sigma",6.88,-2.86681750113922,1.50302674340763,2.48715452461551,3.93079605456681,22.9786425848386,TRUE,NA
"sigma",6.89,-2.86996428964761,1.50410747407088,2.48827479829842,3.93439446113574,23.0166950238529,TRUE,NA
"sigma",6.9,-2.87310994534178,1.50518744741488,2.48939423227044,3.93799118132957,23.0547607580223,TRUE,NA
"sigma",6.91,-2.87625446963597,1.50626666561496,2.49051282886597,3.94158621839659,23.0928397741013,TRUE,NA
"sigma",6.92,-2.87939786394261,1.50734513083562,2.4916305904087,3.94517957557392,23.1309320588777,TRUE,NA
"sigma",6.93,-2.88254012967232,1.50842284523059,2.49274751921173,3.94877125608751,23.1690375991718,TRUE,NA
"sigma",6.94,-2.88568126823395,1.50949981094292,2.49386361757759,3.95236126315228,23.2071563818368,TRUE,NA
"sigma",6.95,-2.88882128103452,1.51057603010503,2.4949788877983,3.95594959997209,23.2452883937584,TRUE,NA
"sigma",6.96,-2.89196016947922,1.51165150483878,2.49609333215551,3.95953626973983,23.2834336218547,TRUE,NA
"sigma",6.97,-2.89509793497144,1.51272623725559,2.49720695292047,3.9631212756375,23.3215920530763,TRUE,NA
"sigma",6.98,-2.89823457891271,1.51380022945644,2.49831975235414,3.96670462083621,23.3597636744058,TRUE,NA
"sigma",6.99,-2.90137010270276,1.51487348353198,2.49943173270727,3.97028630849627,23.3979484728579,TRUE,NA
"sigma",7,-2.90450450773945,1.5159460015626,2.50054289622042,3.97386634176722,23.4361464354793,TRUE,NA
"sigma",7.01,-2.90763779541879,1.51701778561849,2.50165324512406,3.97744472378792,23.4743575493483,TRUE,NA
"sigma",7.02,-2.91076996713494,1.51808883775971,2.5027627816386,3.98102145768655,23.5125818015752,TRUE,NA
"sigma",7.03,-2.9139010242802,1.51915916003625,2.50387150797448,3.9845965465807,23.5508191793017,TRUE,NA
"sigma",7.04,-2.91703096824501,1.52022875448813,2.5049794263322,3.98816999357741,23.5890696697009,TRUE,NA
"sigma",7.05,-2.9201598004179,1.52129762314543,2.50608653890243,3.99174180177321,23.6273332599772,TRUE,NA
"sigma",7.06,-2.92328752218557,1.52236576802834,2.50719284786601,3.99531197425419,23.6656099373664,TRUE,NA
"sigma",7.07,-2.92641413493281,1.5234331911473,2.50829835539404,3.99888051409604,23.7038996891351,TRUE,NA
"sigma",7.08,-2.92953964004253,1.52449989450299,2.50940306364795,4.00244742436411,23.742202502581,TRUE,NA
"sigma",7.09,-2.93266403889571,1.52556588008643,2.51050697477954,4.00601270811342,23.7805183650326,TRUE,NA
"sigma",7.1,-2.9357873328715,1.52663114987904,2.51161009093104,4.00957636838878,23.8188472638492,TRUE,NA
"sigma",7.11,-2.93890952334707,1.5276957058527,2.51271241423518,4.01313840822478,23.8571891864206,TRUE,NA
"sigma",7.12,-2.94203061169774,1.52875954996981,2.51381394681522,4.01669883064586,23.8955441201671,TRUE,NA
"sigma",7.13,-2.94515059929688,1.52982268418337,2.51491469078505,4.02025763866636,23.9339120525393,TRUE,NA
"sigma",7.14,-2.94826948751597,1.530885110437,2.5160146482492,4.02381483529056,23.9722929710182,TRUE,NA
"sigma",7.15,-2.95138727772453,1.53194683066506,2.51711382130293,4.02737042351274,24.0106868631147,TRUE,NA
"sigma",7.16,-2.95450397129018,1.53300784679266,2.51821221203228,4.03092440631723,24.04909371637,TRUE,NA
"sigma",7.17,-2.95761956957861,1.53406816073575,2.51930982251409,4.03447678667843,24.0875135183549,TRUE,NA
"sigma",7.18,-2.96073407395357,1.53512777440116,2.52040665481613,4.03802756756088,24.1259462566702,TRUE,NA
"sigma",7.19,-2.96384748577686,1.5361866896867,2.52150271099706,4.04157675191931,24.1643919189463,TRUE,NA
"sigma",7.2,-2.96695980640835,1.53724490848114,2.52259799310655,4.04512434269869,24.2028504928432,TRUE,NA
"sigma",7.21,-2.97007103720596,1.53830243266436,2.52369250318533,4.04867034283424,24.2413219660502,TRUE,NA
"sigma",7.22,-2.97318117952566,1.53935926410735,2.52478624326521,4.05221475525153,24.2798063262861,TRUE,NA
"sigma",7.23,-2.97629023472146,1.54041540467227,2.52587921536916,4.05575758286646,24.3183035612988,TRUE,NA
"sigma",7.24,-2.97939820414542,1.54147085621255,2.52697142151134,4.05929882858538,24.3568136588655,TRUE,NA
"sigma",7.25,-2.98250508914764,1.54252562057289,2.52806286369718,4.06283849530508,24.3953366067921,TRUE,NA
"sigma",7.26,-2.98561089107625,1.54357969958935,2.52915354392342,4.06637658591286,24.4338723929136,TRUE,NA
"sigma",7.27,-2.98871561127741,1.5446330950894,2.53024346417814,4.06991310328656,24.4724210050938,TRUE,NA
"sigma",7.28,-2.99181925109533,1.54568580889197,2.53133262644084,4.07344805029462,24.5109824312251,TRUE,NA
"sigma",7.29,-2.99492181187222,1.54673784280753,2.53242103268248,4.07698142979611,24.5495566592285,TRUE,NA
"sigma",7.3,-2.99802329494834,1.54778919863808,2.53350868486553,4.08051324464078,24.5881436770535,TRUE,NA
"sigma",7.31,-3.00112370166196,1.54883987817729,2.53459558494402,4.08404349766911,24.6267434726777,TRUE,NA
"sigma",7.32,-3.00422303334935,1.54988988321049,2.53568173486357,4.08757219171235,24.6653560341073,TRUE,NA
"sigma",7.33,-3.00732129134483,1.55093921551474,2.53676713656149,4.09109932959254,24.7039813493765,TRUE,NA
"sigma",7.34,-3.01041847698072,1.55198787685889,2.53785179196677,4.0946249141226,24.7426194065475,TRUE,NA
"sigma",7.35,-3.01351459158734,1.55303586900363,2.53893570300016,4.09814894810632,24.7812701937103,TRUE,NA
"sigma",7.36,-3.01660963649303,1.55408319370155,2.54001887157422,4.10167143433845,24.8199336989832,TRUE,NA
"sigma",7.37,-3.01970361302414,1.55512985269716,2.54110129959335,4.10519237560469,24.8586099105116,TRUE,NA
"sigma",7.38,-3.02279652250503,1.55617584772697,2.54218298895386,4.1087117746818,24.897298816469,TRUE,NA
"sigma",7.39,-3.02588836625804,1.55722118051954,2.54326394154399,4.11222963433758,24.9360004050563,TRUE,NA
"sigma",7.4,-3.02897914560352,1.55826585279553,2.54434415924398,4.11574595733093,24.9747146645016,TRUE,NA
"sigma",7.41,-3.03206886185984,1.55930986626773,2.5454236439261,4.11926074641191,25.0134415830606,TRUE,NA
"sigma",7.42,-3.03515751634335,1.56035322264111,2.5465023974547,4.12277400432175,25.0521811490161,TRUE,NA
"sigma",7.43,-3.03824511036838,1.56139592361292,2.54758042168628,4.12628573379292,25.0909333506779,TRUE,NA
"sigma",7.44,-3.04133164524729,1.56243797087266,2.54865771846947,4.12979593754917,25.1296981763831,TRUE,NA
"sigma",7.45,-3.0444171222904,1.56347936610219,2.54973428964517,4.13330461830552,25.1684756144955,TRUE,NA
"sigma",7.46,-3.04750154280603,1.56452011097576,2.5508101370465,4.13681177876836,25.2072656534057,TRUE,NA
"sigma",7.47,-3.0505849081005,1.56556020716004,2.55188526249892,4.14031742163547,25.2460682815311,TRUE,NA
"sigma",7.48,-3.05366721947812,1.56659965631419,2.5529596678202,4.14382154959606,25.2848834873158,TRUE,NA
"sigma",7.49,-3.05674847824116,1.5676384600899,2.55403335482056,4.14732416533078,25.3237112592302,TRUE,NA
"sigma",7.5,-3.0598286856899,1.56867662013142,2.5551063253026,4.15082527151181,25.3625515857714,TRUE,NA
"sigma",7.51,-3.0629078431226,1.56971413807565,2.55617858106143,4.15432487080285,25.4014044554625,TRUE,NA
"sigma",7.52,-3.06598595183551,1.57075101555211,2.5572501238847,4.15782296585921,25.4402698568533,TRUE,NA
"sigma",7.53,-3.06906301312283,1.57178725418309,2.5583209555526,4.1613195593278,25.4791477785192,TRUE,NA
"sigma",7.54,-3.07213902827679,1.57282285558358,2.55939107783792,4.1648146538472,25.518038209062,TRUE,NA
"sigma",7.55,-3.07521399858756,1.5738578213614,2.56046049250613,4.16830825204766,25.5569411371095,TRUE,NA
"sigma",7.56,-3.07828792534331,1.57489215311723,2.56152920131536,4.17180035655119,25.595856551315,TRUE,NA
"sigma",7.57,-3.08136080983019,1.5759258524446,2.56259720601651,4.17529096997156,25.6347844403579,TRUE,NA
"sigma",7.58,-3.08443265333232,1.57695892093001,2.5636645083532,4.17878009491436,25.6737247929432,TRUE,NA
"sigma",7.59,-3.08750345713179,1.57799136015292,2.56473111006192,4.18226773397699,25.7126775978014,TRUE,NA
"sigma",7.6,-3.0905732225087,1.57902317168581,2.56579701287198,4.18575388974878,25.7516428436884,TRUE,NA
"sigma",7.61,-3.09364195074109,1.58005435709422,2.56686221850558,4.18923856481094,25.7906205193857,TRUE,NA
"sigma",7.62,-3.096709643105,1.5810849179368,2.56792672867789,4.19272176173665,25.8296106137001,TRUE,NA
"sigma",7.63,-3.09977630087444,1.58211485576535,2.56899054509701,4.19620348309108,25.8686131154634,TRUE,NA
"sigma",7.64,-3.10284192532138,1.58314417212484,2.57005366946408,4.19968373143142,25.9076280135327,TRUE,NA
"sigma",7.65,-3.1059065177158,1.5841728685535,2.57111610347328,4.20316250930692,25.9466552967901,TRUE,NA
"sigma",7.66,-3.10897007932562,1.5852009465828,2.57217784881188,4.20663981925895,25.9856949541425,TRUE,NA
"sigma",7.67,-3.11203261141676,1.58622840773754,2.5732389071603,4.21011566382097,26.024746974522,TRUE,NA
"sigma",7.68,-3.11509411525309,1.58725525353587,2.57429928019209,4.21359004551866,26.063811346885,TRUE,NA
"sigma",7.69,-3.1181545920965,1.58828148548933,2.57535896957403,4.21706296686986,26.1028880602131,TRUE,NA
"sigma",7.7,-3.1212140432068,1.58930710510288,2.57641797696614,4.22053443038467,26.1419771035119,TRUE,NA
"sigma",7.71,-3.12427246984182,1.59033211387497,2.5774763040217,4.22400443856545,26.1810784658121,TRUE,NA
"sigma",7.72,-3.12732987325733,1.59135651329756,2.57853395238735,4.22747299390688,26.2201921361683,TRUE,NA
"sigma",7.73,-3.13038625470711,1.59238030485614,2.57959092370303,4.23094009889595,26.2593181036598,TRUE,NA
"sigma",7.74,-3.13344161544289,1.5934034900298,2.58064721960209,4.23440575601206,26.2984563573899,TRUE,NA
"sigma",7.75,-3.13649595671438,1.59442607029128,2.58170284171134,4.23786996772701,26.3376068864863,TRUE,NA
"sigma",7.76,-3.13954927976929,1.59544804710693,2.58275779165099,4.24133273650502,26.3767696801005,TRUE,NA
"sigma",7.77,-3.14260158585328,1.59646942193686,2.5838120710348,4.24479406480279,26.4159447274081,TRUE,NA
"sigma",7.78,-3.14565287620999,1.59749019623489,2.58486568147005,4.24825395506956,26.4551320176088,TRUE,NA
"sigma",7.79,-3.14870315208105,1.59851037144861,2.58591862455757,4.25171240974707,26.4943315399258,TRUE,NA
"sigma",7.8,-3.15175241470607,1.59952994901945,2.5869709018918,4.25516943126965,26.5335432836062,TRUE,NA
"sigma",7.81,-3.15480066532263,1.60054893038267,2.58802251506085,4.25862502206424,26.5727672379207,TRUE,NA
"sigma",7.82,-3.15784790516629,1.60156731696744,2.58907346564647,4.26207918455041,26.6120033921637,TRUE,NA
"sigma",7.83,-3.16089413547058,1.60258511019681,2.59012375522412,4.26553192114041,26.6512517356529,TRUE,NA
"sigma",7.84,-3.16393935746705,1.60360231148784,2.59117338536302,4.26898323423917,26.6905122577296,TRUE,NA
"sigma",7.85,-3.16698357238518,1.60461892225156,2.59222235762615,4.27243312624439,26.7297849477582,TRUE,NA
"sigma",7.86,-3.17002678145248,1.60563494389303,2.59327067357031,4.2758815995465,26.7690697951266,TRUE,NA
"sigma",7.87,-3.17306898589441,1.60665037781137,2.59431833474613,4.27932865652875,26.8083667892456,TRUE,NA
"sigma",7.88,-3.17611018693442,1.60766522539983,2.59536534269813,4.28277429956722,26.8476759195492,TRUE,NA
"sigma",7.89,-3.17915038579397,1.60867948804575,2.59641169896473,4.28621853103083,26.8869971754946,TRUE,NA
"sigma",7.9,-3.18218958369248,1.60969316713068,2.5974574050783,4.28966135328141,26.9263305465615,TRUE,NA
"sigma",7.91,-3.18522778184736,1.61070626403035,2.59850246256518,4.29310276867371,26.9656760222529,TRUE,NA
"sigma",7.92,-3.18826498147402,1.61171878011473,2.59954687294571,4.29654277955541,27.0050335920942,TRUE,NA
"sigma",7.93,-3.19130118378586,1.61273071674807,2.60059063773429,4.2999813882672,27.0444032456336,TRUE,NA
"sigma",7.94,-3.19433638999425,1.61374207528891,2.60163375843936,4.30341859714277,27.0837849724421,TRUE,NA
"sigma",7.95,-3.19737060130857,1.61475285709014,2.60267623656348,4.30685440850886,27.1231787621129,TRUE,NA
"sigma",7.96,-3.20040381893619,1.61576306349901,2.60371807360335,4.31028882468527,27.162584604262,TRUE,NA
"sigma",7.97,-3.20343604408249,1.61677269585719,2.60475927104983,4.31372184798491,27.2020024885274,TRUE,NA
"sigma",7.98,-3.2064672779508,1.61778175550076,2.60579983038798,4.31715348071383,27.2414324045698,TRUE,NA
"sigma",7.99,-3.20949752174249,1.61879024376028,2.60683975309706,4.32058372517124,27.2808743420718,TRUE,NA
"sigma",8,-3.21252677665692,1.61979816196082,2.60787904065062,4.32401258364952,27.3203282907383,TRUE,NA
"sigma",8.01,-3.21555504389143,1.62080551142195,2.60891769451649,4.32744005843429,27.3597942402962,TRUE,NA
"sigma",8.02,-3.21858232464139,1.62181229345783,2.60995571615682,4.33086615180441,27.3992721804946,TRUE,NA
"sigma",8.03,-3.22160862010014,1.62281850937721,2.61099310702809,4.33429086603204,27.4387621011041,TRUE,NA
"sigma",8.04,-3.22463393145905,1.62382416048345,2.61202986858119,4.33771420338262,27.4782639919177,TRUE,NA
"sigma",8.05,-3.22765825990748,1.62482924807458,2.61306600226139,4.34113616611493,27.5177778427496,TRUE,NA
"sigma",8.06,-3.23068160663281,1.6258337734433,2.61410150950841,4.34455675648111,27.5573036434362,TRUE,NA
"sigma",8.07,-3.23370397282041,1.62683773787704,2.61513639175643,4.34797597672671,27.5968413838351,TRUE,NA
"sigma",8.08,-3.23672535965368,1.62784114265798,2.61617065043413,4.35139382909069,27.6363910538259,TRUE,NA
"sigma",8.09,-3.23974576831403,1.62884398906305,2.61720428696472,4.35481031580544,27.6759526433093,TRUE,NA
"sigma",8.1,-3.24276519998086,1.62984627836402,2.61823730276596,4.35822543909686,27.7155261422075,TRUE,NA
"sigma",8.11,-3.24578365583161,1.63084801182747,2.61926969925018,4.36163920118432,27.7551115404642,TRUE,NA
"sigma",8.12,-3.24880113704172,1.63184919071485,2.62030147782434,4.36505160428074,27.7947088280442,TRUE,NA
"sigma",8.13,-3.25181764478467,1.63284981628251,2.62133263989001,4.36846265059257,27.8343179949335,TRUE,NA
"sigma",8.14,-3.25483318023193,1.63384988978171,2.62236318684346,4.37187234231989,27.8739390311393,TRUE,NA
"sigma",8.15,-3.25784774455302,1.63484941245869,2.62339312007563,4.37528068165635,27.9135719266898,TRUE,NA
"sigma",8.16,-3.26086133891547,1.63584838555463,2.62442244097219,4.37868767078926,27.9532166716342,TRUE,NA
"sigma",8.17,-3.26387396448484,1.63684681030574,2.62545115091355,4.38209331189958,27.9928732560426,TRUE,NA
"sigma",8.18,-3.26688562242471,1.63784468794327,2.62647925127491,4.38549760716197,28.0325416700059,TRUE,NA
"sigma",8.19,-3.2698963138967,1.63884201969352,2.62750674342626,4.38890055874482,28.0722219036358,TRUE,NA
"sigma",8.2,-3.27290604006045,1.63983880677789,2.62853362873243,4.39230216881023,28.1119139470648,TRUE,NA
"sigma",8.21,-3.27591480207365,1.64083505041289,2.62955990855309,4.39570243951411,28.1516177904459,TRUE,NA
"sigma",8.22,-3.27892260109201,1.6418307518102,2.63058558424282,4.39910137300614,28.1913334239526,TRUE,NA
"sigma",8.23,-3.28192943826928,1.64282591217663,2.63161065715108,4.40249897142981,28.2310608377792,TRUE,NA
"sigma",8.24,-3.28493531475726,1.64382053271423,2.63263512862229,4.40589523692251,28.27080002214,TRUE,NA
"sigma",8.25,-3.28794023170578,1.64481461462026,2.63365899999582,4.40929017161544,28.3105509672701,TRUE,NA
"sigma",8.26,-3.29094419026271,1.64580815908723,2.63468227260601,4.41268377763373,28.3503136634245,TRUE,NA
"sigma",8.27,-3.29394719157398,1.64680116730294,2.63570494778225,4.41607605709644,28.3900881008787,TRUE,NA
"sigma",8.28,-3.29694923678356,1.64779364045049,2.63672702684893,4.41946701211656,28.4298742699283,TRUE,NA
"sigma",8.29,-3.29995032703347,1.64878557970832,2.63774851112555,4.42285664480108,28.4696721608889,TRUE,NA
"sigma",8.3,-3.30295046346378,1.6497769862502,2.63876940192664,4.42624495725095,28.5094817640962,TRUE,NA
"sigma",8.31,-3.30594964721261,1.65076786124531,2.63978970056189,4.42963195156117,28.5493030699058,TRUE,NA
"sigma",8.32,-3.30894787941616,1.65175820585824,2.64080940833612,4.43301762982078,28.5891360686933,TRUE,NA
"sigma",8.33,-3.31194516120865,1.652748021249,2.64182852654929,4.4364019941129,28.628980750854,TRUE,NA
"sigma",8.34,-3.3149414937224,1.65373730857306,2.64284705649658,4.43978504651474,28.6688371068031,TRUE,NA
"sigma",8.35,-3.31793687808776,1.65472606898137,2.64386499946836,4.44316678909763,28.7087051269754,TRUE,NA
"sigma",8.36,-3.32093131543318,1.65571430362041,2.64488235675024,4.44654722392705,28.7485848018254,TRUE,NA
"sigma",8.37,-3.32392480688514,1.65670201363218,2.6458991296231,4.44992635306263,28.788476121827,TRUE,NA
"sigma",8.38,-3.32691735356821,1.65768920015422,2.6469153193631,4.45330417855823,28.8283790774739,TRUE,NA
"sigma",8.39,-3.32990895660504,1.65867586431968,2.64793092724171,4.45668070246189,28.8682936592791,TRUE,NA
"sigma",8.4,-3.33289961711634,1.65966200725729,2.64894595452571,4.46005592681591,28.9082198577749,TRUE,NA
"sigma",8.41,-3.3358893362209,1.66064763009144,2.64996040247728,4.46342985365685,28.9481576635129,TRUE,NA
"sigma",8.42,-3.33887811503559,1.66163273394215,2.65097427235393,4.46680248501554,28.9881070670642,TRUE,NA
"sigma",8.43,-3.34186595467537,1.66261731992512,2.65198756540861,4.47017382291715,29.028068059019,TRUE,NA
"sigma",8.44,-3.34485285625328,1.66360138915175,2.65300028288967,4.47354386938116,29.0680406299863,TRUE,NA
"sigma",8.45,-3.34783882088043,1.66458494272917,2.65401242604093,4.47691262642141,29.1080247705947,TRUE,NA
"sigma",8.46,-3.35082384966604,1.66556798176026,2.65502399610165,4.48028009604613,29.1480204714914,TRUE,NA
"sigma",8.47,-3.35380794371742,1.66655050734365,2.65603499430662,4.48364628025793,29.1880277233427,TRUE,NA
"sigma",8.48,-3.35679110413996,1.66753252057379,2.6570454218861,4.48701118105387,29.2280465168338,TRUE,NA
"sigma",8.49,-3.35977333203716,1.66851402254092,2.65805528006595,4.49037480042544,29.2680768426687,TRUE,NA
"sigma",8.5,-3.36275462851062,1.66949501433113,2.65906457006752,4.49373714035859,29.3081186915703,TRUE,NA
"sigma",8.51,-3.36573499466003,1.67047549702637,2.66007329310779,4.49709820283379,29.3481720542798,TRUE,NA
"sigma",8.52,-3.3687144315832,1.67145547170447,2.66108145039933,4.500457989826,29.3882369215575,TRUE,NA
"sigma",8.53,-3.37169294037602,1.67243493943916,2.66208904315034,4.50381650330472,29.4283132841821,TRUE,NA
"sigma",8.54,-3.37467052213251,1.6734139013001,2.66309607256466,4.50717374523401,29.4684011329507,TRUE,NA
"sigma",8.55,-3.37764717794481,1.6743923583529,2.66410253984179,4.51052971757251,29.5085004586791,TRUE,NA
"sigma",8.56,-3.38062290890315,1.67537031165913,2.66510844617695,4.51388442227345,29.5486112522014,TRUE,NA
"sigma",8.57,-3.3835977160959,1.67634776227636,2.66611379276103,4.5172378612847,29.58873350437,TRUE,NA
"sigma",8.58,-3.38657160060953,1.67732471125818,2.6671185807807,4.52059003654876,29.6288672060556,TRUE,NA
"sigma",8.59,-3.38954456352865,1.67830115965419,2.66812281141835,4.5239409500028,29.6690123481472,TRUE,NA
"sigma",8.6,-3.39251660593598,1.67927710851005,2.66912648585214,4.52729060357866,29.709168921552,TRUE,NA
"sigma",8.61,-3.39548772891238,1.68025255886751,2.67012960525606,4.53063899920293,29.7493369171952,TRUE,NA
"sigma",8.62,-3.39845793353682,1.68122751176441,2.67113217079987,4.53398613879687,29.78951632602,TRUE,NA
"sigma",8.63,-3.40142722088644,1.68220196823469,2.67213418364921,4.53733202427654,29.8297071389879,TRUE,NA
"sigma",8.64,-3.40439559203648,1.68317592930845,2.67313564496555,4.54067665755274,29.8699093470781,TRUE,NA
"sigma",8.65,-3.40736304806033,1.68414939601194,2.67413655590623,4.54402004053108,29.9101229412877,TRUE,NA
"sigma",8.66,-3.41032959002953,1.68512236936757,2.67513691762452,4.54736217511195,29.9503479126316,TRUE,NA
"sigma",8.67,-3.41329521901376,1.68609485039396,2.67613673126956,4.55070306319061,29.9905842521428,TRUE,NA
"sigma",8.68,-3.41625993608082,1.68706684010596,2.67713599798648,4.55404270665715,30.0308319508716,TRUE,NA
"sigma",8.69,-3.41922374229671,1.68803833951465,2.67813471891631,4.55738110739653,30.0710909998861,TRUE,NA
"sigma",8.7,-3.42218663872553,1.68900934962734,2.6791328951961,4.56071826728861,30.1113613902722,TRUE,NA
"sigma",8.71,-3.42514862642958,1.68997987144765,2.68013052795888,4.56405418820817,30.1516431131331,TRUE,NA
"sigma",8.72,-3.42810970646929,1.69094990597549,2.68112761833369,4.5673888720249,30.1919361595896,TRUE,NA
"sigma",8.73,-3.43106987990325,1.69191945420706,2.68212416744559,4.57072232060346,30.2322405207799,TRUE,NA
"sigma",8.74,-3.43402914778822,1.69288851713493,2.68312017641574,4.57405453580349,30.2725561878597,TRUE,NA
"sigma",8.75,-3.43698751117914,1.693857095748,2.68411564636131,4.57738551947959,30.312883152002,TRUE,NA
"sigma",8.76,-3.4399449711291,1.69482519103155,2.68511057839562,4.58071527348141,30.353221404397,TRUE,NA
"sigma",8.77,-3.44290152868936,1.69579280396723,2.68610497362805,4.58404379965359,30.3935709362522,TRUE,NA
"sigma",8.78,-3.44585718490936,1.69675993553314,2.68709883316414,4.58737109983585,30.4339317387921,TRUE,NA
"sigma",8.79,-3.44881194083673,1.69772658670376,2.68809215810556,4.59069717586297,30.4743038032587,TRUE,NA
"sigma",8.8,-3.45176579751726,1.69869275845007,2.68908494955016,4.59402202956482,30.5146871209106,TRUE,NA
"sigma",8.81,-3.45471875599494,1.69965845173947,2.69007720859196,4.59734566276637,30.5550816830238,TRUE,NA
"sigma",8.82,-3.45767081731192,1.70062366753585,2.69106893632119,4.60066807728772,30.5954874808911,TRUE,NA
"sigma",8.83,-3.46062198250857,1.70158840679963,2.69206013382429,4.60398927494413,30.6359045058222,TRUE,NA
"sigma",8.84,-3.46357225262344,1.70255267048771,2.69305080218395,4.60730925754599,30.6763327491436,TRUE,NA
"sigma",8.85,-3.46652162869326,1.70351645955355,2.69404094247911,4.61062802689892,30.7167722021988,TRUE,NA
"sigma",8.86,-3.46947011175298,1.70447977494716,2.69503055578498,4.61394558480369,30.7572228563478,TRUE,NA
"sigma",8.87,-3.47241770283573,1.70544261761512,2.69601964317306,4.61726193305633,30.7976847029676,TRUE,NA
"sigma",8.88,-3.47536440297287,1.7064049885006,2.69700820571117,4.62057707344808,30.8381577334516,TRUE,NA
"sigma",8.89,-3.47831021319393,1.70736688854338,2.69799624446345,4.62389100776546,30.8786419392098,TRUE,NA
"sigma",8.9,-3.48125513452668,1.70832831867985,2.69898376049038,4.62720373779025,30.919137311669,TRUE,NA
"sigma",8.91,-3.48419916799708,1.70928927984306,2.69997075484881,4.63051526529953,30.9596438422722,TRUE,NA
"sigma",8.92,-3.48714231462932,1.7102497729627,2.70095722859195,4.63382559206567,31.000161522479,TRUE,NA
"sigma",8.93,-3.49008457544581,1.71120979896516,2.70194318276942,4.6371347198564,31.0406903437654,TRUE,NA
"sigma",8.94,-3.49302595146716,1.71216935877349,2.70292861842726,4.64044265043478,31.0812302976237,TRUE,NA
"sigma",8.95,-3.49596644371222,1.71312845330747,2.70391353660791,4.64374938555924,31.1217813755625,TRUE,NA
"sigma",8.96,-3.49890605319807,1.7140870834836,2.70489793835029,4.64705492698358,31.1623435691067,TRUE,NA
"sigma",8.97,-3.50184478094,1.71504525021512,2.70588182468975,4.65035927645701,31.2029168697974,TRUE,NA
"sigma",8.98,-3.50478262795156,1.71600295441204,2.70686519665815,4.65366243572416,31.2435012691917,TRUE,NA
"sigma",8.99,-3.50771959524451,1.71696019698112,2.70784805528381,4.65696440652508,31.284096758863,TRUE,NA
"sigma",9,-3.51065568382887,1.71791697882593,2.7088304015916,4.6602651905953,31.3247033304006,TRUE,NA
"sigma",9.01,-3.51359089471288,1.71887330084684,2.70981223660288,4.66356478966577,31.3653209754099,TRUE,NA
"sigma",9.02,-3.51652522890303,1.71982916394104,2.71079356133559,4.66686320546298,31.4059496855121,TRUE,NA
"sigma",9.03,-3.51945868740408,1.72078456900256,2.7117743768042,4.67016043970889,31.4465894523447,TRUE,NA
"sigma",9.04,-3.522391271219,1.7217395169223,2.71275468401978,4.673456494121,31.4872402675605,TRUE,NA
"sigma",9.05,-3.52532298134906,1.72269400858799,2.71373448398997,4.67675137041232,31.5279021228285,TRUE,NA
"sigma",9.06,-3.52825381879375,1.7236480448843,2.71471377771904,4.68004507029144,31.5685750098333,TRUE,NA
"sigma",9.07,-3.53118378455082,1.72460162669275,2.71569256620786,4.68333759546251,31.6092589202753,TRUE,NA
"sigma",9.08,-3.53411287961631,1.72555475489181,2.71667085045397,4.68662894762527,31.6499538458705,TRUE,NA
"sigma",9.09,-3.53704110498451,1.72650743035687,2.71764863145152,4.68991912847506,31.6906597783506,TRUE,NA
"sigma",9.1,-3.53996846164796,1.72745965396025,2.71862591019138,4.69320813970285,31.7313767094629,TRUE,NA
"sigma",9.11,-3.54289495059751,1.72841142657127,2.71960268766107,4.69649598299523,31.7721046309699,TRUE,NA
"sigma",9.12,-3.54582057282224,1.72936274905619,2.72057896484483,4.69978266003445,31.8128435346501,TRUE,NA
"sigma",9.13,-3.54874532930955,1.73031362227829,2.7215547427236,4.70306817249845,31.8535934122969,TRUE,NA
"sigma",9.14,-3.55166922104509,1.73126404709783,2.72253002227505,4.70635252206082,31.8943542557196,TRUE,NA
"sigma",9.15,-3.5545922490128,1.73221402437211,2.72350480447363,4.70963571039088,31.9351260567425,TRUE,NA
"sigma",9.16,-3.55751441419492,1.73316355495547,2.72447909029051,4.71291773915364,31.9759088072053,TRUE,NA
"sigma",9.17,-3.56043571757197,1.73411263969927,2.72545288069365,4.71619861000988,32.0167024989628,TRUE,NA
"sigma",9.18,-3.56335616012275,1.73506127945198,2.72642617664781,4.71947832461611,32.0575071238854,TRUE,NA
"sigma",9.19,-3.56627574282438,1.73600947505911,2.72739897911455,4.72275688462459,32.0983226738582,TRUE,NA
"sigma",9.2,-3.56919446665225,1.73695722736328,2.72837128905223,4.72603429168338,32.1391491407817,TRUE,NA
"sigma",9.21,-3.57211233258008,1.73790453720422,2.72934310741607,4.72931054743634,32.1799865165713,TRUE,NA
"sigma",9.22,-3.57502934157989,1.73885140541878,2.73031443515814,4.73258565352313,32.2208347931577,TRUE,NA
"sigma",9.23,-3.57794549462198,1.73979783284094,2.73128527322734,4.73585961157925,32.2616939624863,TRUE,NA
"sigma",9.24,-3.58086079267498,1.74074382030184,2.73225562256948,4.73913242323601,32.3025640165175,TRUE,NA
"sigma",9.25,-3.58377523670586,1.74168936862977,2.73322548412725,4.74240409012064,32.3434449472267,TRUE,NA
"sigma",9.26,-3.58668882767985,1.74263447865021,2.73419485884025,4.74567461385618,32.3843367466041,TRUE,NA
"sigma",9.27,-3.58960156656054,1.74357915118583,2.73516374764499,4.74894399606159,32.4252394066545,TRUE,NA
"sigma",9.28,-3.59251345430984,1.74452338705648,2.73613215147492,4.75221223835173,32.4661529193978,TRUE,NA
"sigma",9.29,-3.59542449188797,1.74546718707928,2.73710007126043,4.75547934233739,32.5070772768685,TRUE,NA
"sigma",9.3,-3.59833468025349,1.74641055206852,2.73806750792887,4.75874530962527,32.5480124711156,TRUE,NA
"sigma",9.31,-3.60124402036329,1.74735348283579,2.73903446240458,4.76201014181803,32.588958494203,TRUE,NA
"sigma",9.32,-3.6041525131726,1.74829598018989,2.74000093560888,4.7652738405143,32.629915338209,TRUE,NA
"sigma",9.33,-3.60706015963497,1.74923804493693,2.74096692846008,4.76853640730869,32.6708829952265,TRUE,NA
"sigma",9.34,-3.60996696070231,1.75017967788028,2.74193244187352,4.77179784379177,32.7118614573629,TRUE,NA
"sigma",9.35,-3.61287291732487,1.75112087982062,2.74289747676156,4.77505815155017,32.7528507167401,TRUE,NA
"sigma",9.36,-3.61577803045124,1.75206165155594,2.74386203403361,4.77831733216651,32.7938507654945,TRUE,NA
"sigma",9.37,-3.61868230102836,1.75300199388154,2.74482611459612,4.78157538721944,32.8348615957766,TRUE,NA
"sigma",9.38,-3.62158573000154,1.75394190759007,2.74578971935263,4.78483231828369,32.8758831997514,TRUE,NA
"sigma",9.39,-3.62448831831443,1.75488139347152,2.74675284920373,4.78808812693002,32.9169155695984,TRUE,NA
"sigma",9.4,-3.62739006690903,1.75582045231325,2.74771550504714,4.7913428147253,32.9579586975109,TRUE,NA
"sigma",9.41,-3.63029097672573,1.75675908489999,2.74867768777766,4.79459638323247,32.9990125756969,TRUE,NA
"sigma",9.42,-3.63319104870327,1.75769729201384,2.74963939828722,4.79784883401061,33.0400771963782,TRUE,NA
"sigma",9.43,-3.63609028377875,1.75863507443433,2.75060063746489,4.80110016861488,33.0811525517909,TRUE,NA
"sigma",9.44,-3.63898868288766,1.75957243293838,2.75156140619687,4.80435038859661,33.1222386341851,TRUE,NA
"sigma",9.45,-3.64188624696385,1.76050936830034,2.75252170536653,4.80759949550327,33.1633354358251,TRUE,NA
"sigma",9.46,-3.64478297693956,1.76144588129198,2.75348153585439,4.81084749087848,33.204442948989,TRUE,NA
"sigma",9.47,-3.6476788737454,1.76238197268254,2.75444089853819,4.81409437626206,33.2455611659691,TRUE,NA
"sigma",9.48,-3.65057393831036,1.76331764323871,2.75539979429284,4.81734015319,33.2866900790714,TRUE,NA
"sigma",9.49,-3.65346817156184,1.76425289372465,2.75635822399045,4.82058482319452,33.327829680616,TRUE,NA
"sigma",9.5,-3.65636157442559,1.76518772490201,2.75731618850038,4.82382838780403,33.3689799629366,TRUE,NA
"sigma",9.51,-3.6592541478258,1.76612213752992,2.75827368868919,4.82707084854318,33.4101409183809,TRUE,NA
"sigma",9.52,-3.66214589268502,1.76705613236503,2.75923072542071,4.83031220693289,33.4513125393104,TRUE,NA
"sigma",9.53,-3.66503680992422,1.76798971016151,2.760187299556,4.83355246449031,33.4924948181001,TRUE,NA
"sigma",9.54,-3.66792690046275,1.76892287167105,2.76114341195343,4.83679162272887,33.5336877471389,TRUE,NA
"sigma",9.55,-3.67081616521838,1.76985561764289,2.76209906346861,4.84002968315831,33.5748913188292,TRUE,NA
"sigma",9.56,-3.6737046051073,1.77078794882381,2.76305425495445,4.84326664728462,33.6161055255872,TRUE,NA
"sigma",9.57,-3.67659222104409,1.77171986595818,2.76400898726119,4.84650251661014,33.6573303598425,TRUE,NA
"sigma",9.58,-3.67947901394174,1.77265136978792,2.76496326123635,4.84973729263353,33.6985658140383,TRUE,NA
"sigma",9.59,-3.68236498471168,1.77358246105256,2.76591707772481,4.85297097684978,33.7398118806313,TRUE,NA
"sigma",9.6,-3.68525013426374,1.77451314048919,2.76687043756878,4.85620357075023,33.7810685520915,TRUE,NA
"sigma",9.61,-3.6881344635062,1.77544340883257,2.7678233416078,4.85943507582259,33.8223358209027,TRUE,NA
"sigma",9.62,-3.69101797334572,1.77637326681502,2.76877579067879,4.86266549355095,33.8636136795618,TRUE,NA
"sigma",9.63,-3.69390066468744,1.77730271516652,2.76972778561605,4.86589482541578,33.9049021205789,TRUE,NA
"sigma",9.64,-3.6967825384349,1.7782317546147,2.77067932725126,4.86912307289396,33.9462011364778,TRUE,NA
"sigma",9.65,-3.69966359549007,1.77916038588483,2.77163041641349,4.87235023745879,33.9875107197951,TRUE,NA
"sigma",9.66,-3.7025438367534,1.78008860969985,2.77258105392923,4.87557632057998,34.0288308630812,TRUE,NA
"sigma",9.67,-3.70542326312373,1.78101642678036,2.77353124062236,4.8788013237237,34.0701615588991,TRUE,NA
"sigma",9.68,-3.70830187549838,1.78194383784468,2.77448097731424,4.88202524835256,34.1115027998254,TRUE,NA
"sigma",9.69,-3.71117967477311,1.78287084360878,2.77543026482362,4.88524809592564,34.1528545784496,TRUE,NA
"sigma",9.7,-3.71405666184211,1.78379744478637,2.77637910396674,4.88846986789849,34.1942168873744,TRUE,NA
"sigma",9.71,-3.71693283759805,1.78472364208887,2.77732749555728,4.89169056572317,34.2355897192153,TRUE,NA
"sigma",9.72,-3.71980820293204,1.78564943622542,2.77827544040641,4.89491019084823,34.2769730666011,TRUE,NA
"sigma",9.73,-3.72268275873365,1.78657482790291,2.77922293932276,4.89812874471872,34.3183669221734,TRUE,NA
"sigma",9.74,-3.72555650589093,1.78749981782597,2.7801699931125,4.90134622877625,34.3597712785869,TRUE,NA
"sigma",9.75,-3.72842944529038,1.78842440669699,2.78111660257926,4.90456264445894,34.4011861285089,TRUE,NA
"sigma",9.76,-3.73130157781695,1.78934859521613,2.78206276852421,4.90777799320148,34.4426114646199,TRUE,NA
"sigma",9.77,-3.73417290435411,1.79027238408133,2.78300849174605,4.91099227643511,34.484047279613,TRUE,NA
"sigma",9.78,-3.73704342578376,1.79119577398831,2.783953773041,4.91420549558764,34.5254935661942,TRUE,NA
"sigma",9.79,-3.7399131429863,1.79211876563059,2.78489861320286,4.91741765208349,34.5669503170823,TRUE,NA
"sigma",9.8,-3.7427820568406,1.79304135969953,2.78584301302296,4.92062874734367,34.6084175250085,TRUE,NA
"sigma",9.81,-3.74565016822401,1.79396355688427,2.7867869732902,4.92383878278578,34.6498951827171,TRUE,NA
"sigma",9.82,-3.74851747801238,1.79488535787178,2.78773049479109,4.92704775982407,34.6913832829649,TRUE,NA
"sigma",9.83,-3.75138398708005,1.79580676334691,2.7886735783097,4.9302556798694,34.7328818185212,TRUE,NA
"sigma",9.84,-3.75424969629983,1.7967277739923,2.78961622462771,4.9334625443293,34.774390782168,TRUE,NA
"sigma",9.85,-3.75711460654305,1.79764839048849,2.7905584345244,4.93666835460793,34.8159101666997,TRUE,NA
"sigma",9.86,-3.75997871867953,1.79856861351388,2.79150020877671,4.93987311210615,34.8574399649235,TRUE,NA
"sigma",9.87,-3.76284203357758,1.79948844374474,2.79244154815915,4.94307681822148,34.8989801696588,TRUE,NA
"sigma",9.88,-3.76570455210403,1.80040788185522,2.79338245344392,4.94627947434813,34.9405307737376,TRUE,NA
"sigma",9.89,-3.7685662751242,1.80132692851738,2.79432292540086,4.94948108187702,34.9820917700041,TRUE,NA
"sigma",9.9,-3.77142720350195,1.80224558440118,2.79526296479744,4.95268164219578,35.0236631513151,TRUE,NA
"sigma",9.91,-3.77428733809961,1.80316385017449,2.79620257239885,4.95588115668877,35.0652449105396,TRUE,NA
"sigma",9.92,-3.77714667977806,1.80408172650312,2.79714174896791,4.95907962673709,35.106837040559,TRUE,NA
"sigma",9.93,-3.7800052293967,1.8049992140508,2.79808049526518,4.96227705371857,35.148439534267,TRUE,NA
"sigma",9.94,-3.78286298781342,1.80591631347919,2.79901881204887,4.96547343900782,35.1900523845693,TRUE,NA
"sigma",9.95,-3.78571995588467,1.80683302544793,2.79995670007492,4.96866878397621,35.231675584384,TRUE,NA
"sigma",9.96,-3.7885761344654,1.80774935061461,2.80089416009702,4.97186308999189,35.2733091266414,TRUE,NA
"sigma",9.97,-3.79143152440911,1.80866528963478,2.80183119286653,4.9750563584198,35.3149530042838,TRUE,NA
"sigma",9.98,-3.79428612656782,1.80958084316198,2.80276779913259,4.97824859062171,35.3566072102656,TRUE,NA
"sigma",9.99,-3.79713994179211,1.81049601184772,2.80370397964207,4.98143978795616,35.3982717375535,TRUE,NA
"sigma",10,-3.79999297093106,1.81141079634154,2.80463973513961,4.98462995177854,35.439946579126,TRUE,NA
"sigma",10.01,-3.80284521483233,1.81232519729096,2.80557506636759,4.98781908344107,35.4816317279737,TRUE,NA
"sigma",10.02,-3.8056966743421,1.8132392153415,2.8065099740662,4.99100718429282,35.5233271770991,TRUE,NA
"sigma",10.03,-3.80854735030512,1.81415285113676,2.80744445897338,4.99419425567973,35.5650329195167,TRUE,NA
"sigma",10.04,-3.81139724356467,1.8150661053183,2.80837852182489,4.99738029894457,35.606748948253,TRUE,NA
"sigma",10.05,-3.8142463549626,1.81597897852577,2.80931216335427,5.00056531542702,35.6484752563461,TRUE,NA
"sigma",10.06,-3.81709468533931,1.81689147139685,2.8102453842929,5.00374930646363,35.6902118368462,TRUE,NA
"sigma",10.07,-3.81994223553375,1.81780358456729,2.81117818536995,5.00693227338787,35.7319586828152,TRUE,NA
"sigma",10.08,-3.82278900638346,1.81871531867088,2.81211056731245,5.01011421753011,35.7737157873268,TRUE,NA
"sigma",10.09,-3.8256349987245,1.81962667433951,2.81304253084523,5.01329514021762,35.8154831434664,TRUE,NA
"sigma",10.1,-3.82848021339156,1.82053765220315,2.81397407669101,5.01647504277463,35.8572607443313,TRUE,NA
"sigma",10.11,-3.83132465121785,1.82144825288984,2.81490520557034,5.0196539265223,35.8990485830302,TRUE,NA
"sigma",10.12,-3.83416831303518,1.82235847702575,2.81583591820165,5.02283179277874,35.9408466526836,TRUE,NA
"sigma",10.13,-3.83701119967393,1.82326832523514,2.81676621530123,5.02600864285901,35.9826549464237,TRUE,NA
"sigma",10.14,-3.83985331196305,1.82417779814037,2.81769609758325,5.02918447807516,36.0244734573942,TRUE,NA
"sigma",10.15,-3.84269465073009,1.82508689636196,2.8186255657598,5.0323592997362,36.0663021787502,TRUE,NA
"sigma",10.16,-3.84553521680117,1.82599562051853,2.81955462054083,5.03553310914816,36.1081411036586,TRUE,NA
"sigma",10.17,-3.84837501100103,1.82690397122687,2.82048326263424,5.03870590761405,36.1499902252977,TRUE,NA
"sigma",10.18,-3.85121403415295,1.82781194910189,2.82141149274581,5.0418776964339,36.1918495368572,TRUE,NA
"sigma",10.19,-3.85405228707885,1.82871955475667,2.82233931157928,5.04504847690475,36.2337190315383,TRUE,NA
"sigma",10.2,-3.85688977059923,1.82962678880246,2.82326671983628,5.04821825032069,36.2755987025535,TRUE,NA
"sigma",10.21,-3.85972648553318,1.83053365184867,2.82419371821644,5.05138701797284,36.3174885431269,TRUE,NA
"sigma",10.22,-3.86256243269841,1.83144014450289,2.82512030741728,5.05455478114937,36.3593885464936,TRUE,NA
"sigma",10.23,-3.86539761291123,1.83234626737091,2.82604648813433,5.05772154113551,36.4012987059004,TRUE,NA
"sigma",10.24,-3.86823202698655,1.83325202105671,2.82697226106106,5.06088729921357,36.4432190146051,TRUE,NA
"sigma",10.25,-3.87106567573791,1.83415740616246,2.82789762688892,5.06405205666292,36.4851494658768,TRUE,NA
"sigma",10.26,-3.87389855997744,1.83506242328855,2.82882258630735,5.06721581476006,36.5270900529959,TRUE,NA
"sigma",10.27,-3.87673068051591,1.83596707303361,2.82974714000378,5.07037857477854,36.5690407692539,TRUE,NA
"sigma",10.28,-3.8795620381627,1.83687135599446,2.83067128866363,5.07354033798904,36.6110016079537,TRUE,NA
"sigma",10.29,-3.8823926337258,1.83777527276617,2.83159503297034,5.07670110565939,36.6529725624089,TRUE,NA
"sigma",10.3,-3.88522246801185,1.83867882394206,2.83251837360536,5.07986087905449,36.6949536259447,TRUE,NA
"sigma",10.31,-3.8880515418261,1.83958201011369,2.83344131124818,5.08301965943642,36.7369447918969,TRUE,NA
"sigma",10.32,-3.89087985597244,1.84048483187087,2.83436384657629,5.08617744806438,36.7789460536127,TRUE,NA
"sigma",10.33,-3.8937074112534,1.84138728980168,2.83528598026526,5.08933424619476,36.8209574044502,TRUE,NA
"sigma",10.34,-3.89653420847012,1.84228938449248,2.83620771298867,5.09249005508108,36.8629788377784,TRUE,NA
"sigma",10.35,-3.8993602484224,1.8431911165279,2.83712904541819,5.09564487597406,36.9050103469774,TRUE,NA
"sigma",10.36,-3.90218553190869,1.84409248649084,2.83804997822352,5.09879871012159,36.9470519254381,TRUE,NA
"sigma",10.37,-3.90501005972607,1.84499349496252,2.83897051207246,5.10195155876876,36.9891035665624,TRUE,NA
"sigma",10.38,-3.90783383267027,1.84589414252244,2.83989064763087,5.10510342315786,37.031165263763,TRUE,NA
"sigma",10.39,-3.91065685153568,1.84679442974842,2.84081038556271,5.10825430452839,37.0732370104635,TRUE,NA
"sigma",10.4,-3.91347911711532,1.84769435721659,2.84172972653002,5.11140420411706,37.1153188000983,TRUE,NA
"sigma",10.41,-3.9163006302009,1.84859392550139,2.84264867119296,5.11455312315785,37.1574106261125,TRUE,NA
"sigma",10.42,-3.91912139158276,1.84949313517561,2.84356722020978,5.11770106288193,37.1995124819622,TRUE,NA
"sigma",10.43,-3.92194140204992,1.85039198681036,2.84448537423687,5.12084802451774,37.2416243611139,TRUE,NA
"sigma",10.44,-3.92476066239005,1.85129048097508,2.84540313392872,5.12399400929099,37.283746257045,TRUE,NA
"sigma",10.45,-3.9275791733895,1.8521886182376,2.84632049993797,5.12713901842463,37.3258781632435,TRUE,NA
"sigma",10.46,-3.93039693583328,1.85308639916407,2.84723747291539,5.13028305313889,37.3680200732082,TRUE,NA
"sigma",10.47,-3.93321395050508,1.85398382431901,2.8481540535099,5.13342611465131,37.4101719804483,TRUE,NA
"sigma",10.48,-3.93603021818726,1.85488089426532,2.84907024236856,5.13656820417668,37.4523338784838,TRUE,NA
"sigma",10.49,-3.93884573966085,1.85577760956428,2.84998604013663,5.13970932292712,37.494505760845,TRUE,NA
"sigma",10.5,-3.94166051570559,1.85667397077552,2.85090144745749,5.14284947211204,37.536687621073,TRUE,NA
"sigma",10.51,-3.94447454709987,1.85756997845711,2.85181646497273,5.1459886529382,37.5788794527193,TRUE,NA
"sigma",10.52,-3.94728783462079,1.85846563316547,2.85273109332211,5.14912686660966,37.6210812493458,TRUE,NA
"sigma",10.53,-3.95010037904412,1.85936093545545,2.85364533314358,5.1522641143278,37.663293004525,TRUE,NA
"sigma",10.54,-3.95291218114433,1.86025588588031,2.8545591850733,5.15540039729139,37.7055147118398,TRUE,NA
"sigma",10.55,-3.95572324169459,1.86115048499171,2.85547264974561,5.15853571669652,37.7477463648833,TRUE,NA
"sigma",10.56,-3.95853356146676,1.86204473333976,2.85638572779308,5.16167007373665,37.7899879572593,TRUE,NA
"sigma",10.57,-3.96134314123141,1.86293863147297,2.85729841984649,5.1648034696026,37.8322394825817,TRUE,NA
"sigma",10.58,-3.96415198175779,1.8638321799383,2.85821072653485,5.16793590548259,37.8745009344748,TRUE,NA
"sigma",10.59,-3.96696008381387,1.86472537928116,2.85912264848541,5.1710673825622,37.9167723065732,TRUE,NA
"sigma",10.6,-3.96976744816634,1.86561823004539,2.86003418632364,5.17419790202442,37.9590535925217,TRUE,NA
"sigma",10.61,-3.97257407558058,1.86651073277331,2.86094534067326,5.17732746504964,38.0013447859755,TRUE,NA
"sigma",10.62,-3.97537996682068,1.86740288800568,2.86185611215627,5.18045607281566,38.0436458805998,TRUE,NA
"sigma",10.63,-3.97818512264947,1.86829469628173,2.86276650139289,5.1835837264977,38.0859568700702,TRUE,NA
"sigma",10.64,-3.98098954382848,1.86918615813917,2.86367650900163,5.1867104272684,38.1282777480723,TRUE,NA
"sigma",10.65,-3.98379323111796,1.8700772741142,2.86458613559928,5.18983617629787,38.1706085083019,TRUE,NA
"sigma",10.66,-3.9865961852769,1.87096804474149,2.86549538180088,5.1929609747536,38.2129491444649,TRUE,NA
"sigma",10.67,-3.98939840706299,1.87185847055421,2.86640424821978,5.19608482380059,38.2552996502773,TRUE,NA
"sigma",10.68,-3.99219989723267,1.87274855208402,2.86731273546763,5.19920772460128,38.2976600194651,TRUE,NA
"sigma",10.69,-3.99500065654111,1.8736382898611,2.86822084415435,5.20232967831557,38.3400302457645,TRUE,NA
"sigma",10.7,-3.99780068574221,1.87452768441414,2.86912857488819,5.20545068610085,38.3824103229214,TRUE,NA
"sigma",10.71,-4.00059998558859,1.87541673627034,2.87003592827573,5.20857074911198,38.424800244692,TRUE,NA
"sigma",10.72,-4.00339855683165,1.87630544595541,2.87094290492181,5.21168986850133,38.4672000048423,TRUE,NA
"sigma",10.73,-4.00619640022149,1.87719381399362,2.87184950542965,5.21480804541875,38.5096095971482,TRUE,NA
"sigma",10.74,-4.00899351650698,1.87808184090775,2.87275573040078,5.21792528101161,38.5520290153956,TRUE,NA
"sigma",10.75,-4.01178990643573,1.87896952721913,2.87366158043509,5.22104157642478,38.5944582533802,TRUE,NA
"sigma",10.76,-4.0145855707541,1.87985687344763,2.87456705613078,5.2241569328007,38.6368973049076,TRUE,NA
"sigma",10.77,-4.0173805102072,1.88074388011169,2.87547215808442,5.22727135127927,38.6793461637932,TRUE,NA
"sigma",10.78,-4.0201747255389,1.88163054772829,2.87637688689095,5.23038483299799,38.7218048238623,TRUE,NA
"sigma",10.79,-4.02296821749182,1.88251687681299,2.87728124314365,5.23349737909187,38.7642732789498,TRUE,NA
"sigma",10.8,-4.02576098680734,1.8834028678799,2.8781852274342,5.2366089906935,38.8067515229006,TRUE,NA
"sigma",10.81,-4.02855303422562,1.88428852144172,2.87908884035262,5.23971966893301,38.849239549569,TRUE,NA
"sigma",10.82,-4.03134436048557,1.88517383800972,2.87999208248733,5.24282941493811,38.8917373528194,TRUE,NA
"sigma",10.83,-4.03413496632487,1.88605881809379,2.88089495442516,5.24593822983409,38.9342449265255,TRUE,NA
"sigma",10.84,-4.03692485247996,1.88694346220237,2.88179745675131,5.24904611474382,38.9767622645709,TRUE,NA
"sigma",10.85,-4.03971401968609,1.88782777084252,2.88269959004938,5.25215307078775,39.0192893608489,TRUE,NA
"sigma",10.86,-4.04250246867723,1.88871174451991,2.88360135490139,5.25525909908397,39.061826209262,TRUE,NA
"sigma",10.87,-4.04529020018618,1.88959538373879,2.88450275188777,5.25836420074812,39.1043728037229,TRUE,NA
"sigma",10.88,-4.04807721494448,1.89047868900206,2.88540378158735,5.2614683768935,39.1469291381532,TRUE,NA
"sigma",10.89,-4.05086351368249,1.89136166081123,2.88630444457743,5.26457162863103,39.1894952064846,TRUE,NA
"sigma",10.9,-4.05364909712933,1.89224429966642,2.88720474143368,5.26767395706922,39.232071002658,TRUE,NA
"sigma",10.91,-4.05643396601292,1.8931266060664,2.88810467273028,5.27077536331426,39.2746565206238,TRUE,NA
"sigma",10.92,-4.05921812105996,1.89400858050857,2.88900423903978,5.27387584846997,39.3172517543421,TRUE,NA
"sigma",10.93,-4.06200156299595,1.89489022348897,2.88990344093323,5.2769754136378,39.3598566977821,TRUE,NA
"sigma",10.94,-4.06478429254518,1.8957715355023,2.89080227898013,5.2800740599169,39.4024713449226,TRUE,NA
"sigma",10.95,-4.06756631043076,1.89665251704189,2.8917007537484,5.28317178840404,39.4450956897518,TRUE,NA
"sigma",10.96,-4.07034761737457,1.89753316859976,2.89259886580447,5.2862686001937,39.4877297262674,TRUE,NA
"sigma",10.97,-4.07312821409732,1.89841349066655,2.89349661571324,5.28936449637803,39.5303734484761,TRUE,NA
"sigma",10.98,-4.0759081013185,1.89929348373162,2.89439400403805,5.29245947804686,39.5730268503944,TRUE,NA
"sigma",10.99,-4.07868727975644,1.90017314828296,2.89529103134077,5.29555354628771,39.6156899260475,TRUE,NA
"sigma",11,-4.08146575012824,1.90105248480726,2.89618769818173,5.29864670218581,39.6583626694704,TRUE,NA
"sigma",11.01,-4.08424351314986,1.9019314937899,2.89708400511977,5.30173894682411,39.7010450747072,TRUE,NA
"sigma",11.02,-4.08702056953603,1.90281017571494,2.89797995271222,5.30483028128326,39.7437371358111,TRUE,NA
"sigma",11.03,-4.08979692000033,1.90368853106513,2.89887554151492,5.30792070664163,39.7864388468447,TRUE,NA
"sigma",11.04,-4.09257256525515,1.90456656032192,2.89977077208222,5.31101022397533,39.8291502018796,TRUE,NA
"sigma",11.05,-4.0953475060117,1.90544426396549,2.900665644967,5.3140988343582,39.8718711949968,TRUE,NA
"sigma",11.06,-4.09812174298002,1.9063216424747,2.90156016072065,5.31718653886182,39.9146018202862,TRUE,NA
"sigma",11.07,-4.10089527686899,1.90719869632714,2.90245431989308,5.32027333855555,39.9573420718469,TRUE,NA
"sigma",11.08,-4.10366810838629,1.90807542599911,2.90334812303276,5.32335923450645,40.0000919437872,TRUE,NA
"sigma",11.09,-4.10644023823845,1.90895183196565,2.90424157068669,5.32644422777941,40.0428514302244,TRUE,NA
"sigma",11.1,-4.10921166713084,1.9098279147005,2.9051346634004,5.32952831943703,40.0856205252848,TRUE,NA
"sigma",11.11,-4.11198239576767,1.91070367467618,2.90602740171797,5.33261151053973,40.1283992231038,TRUE,NA
"sigma",11.12,-4.11475242485198,1.91157911236392,2.90691978618207,5.33569380214569,40.1711875178258,TRUE,NA
"sigma",11.13,-4.11752175508565,1.91245422823368,2.90781181733389,5.3387751953109,40.2139854036041,TRUE,NA
"sigma",11.14,-4.12029038716941,1.91332902275421,2.9087034957132,5.34185569108914,40.2567928746012,TRUE,NA
"sigma",11.15,-4.12305832180284,1.91420349639299,2.90959482185836,5.34493529053199,40.2996099249882,TRUE,NA
"sigma",11.16,-4.12582555968438,1.91507764961626,2.91048579630628,5.34801399468884,40.3424365489454,TRUE,NA
"sigma",11.17,-4.12859210151129,1.91595148288902,2.91137641959247,5.35109180460689,40.385272740662,TRUE,NA
"sigma",11.18,-4.13135794797972,1.91682499667505,2.91226669225101,5.3541687213312,40.4281184943357,TRUE,NA
"sigma",11.19,-4.13412309978465,1.91769819143689,2.9131566148146,5.35724474590462,40.4709738041736,TRUE,NA
"sigma",11.2,-4.13688755761994,1.91857106763588,2.9140461878145,5.36031987936786,40.5138386643912,TRUE,NA
"sigma",11.21,-4.1396513221783,1.91944362573213,2.91493541178061,5.36339412275946,40.5567130692131,TRUE,NA
"sigma",11.22,-4.1424143941513,1.92031586618451,2.91582428724142,5.36646747711583,40.5995970128725,TRUE,NA
"sigma",11.23,-4.1451767742294,1.92118778945074,2.91671281472403,5.36953994347121,40.6424904896113,TRUE,NA
"sigma",11.24,-4.14793846310189,1.92205939598729,2.91760099475417,5.37261152285772,40.6853934936806,TRUE,NA
"sigma",11.25,-4.15069946145696,1.92293068624944,2.91848882785617,5.37568221630536,40.7283060193396,TRUE,NA
"sigma",11.26,-4.15345976998168,1.92380166069128,2.91937631455302,5.37875202484197,40.7712280608568,TRUE,NA
"sigma",11.27,-4.15621938936196,1.92467231976573,2.92026345536633,5.38182094949332,40.8141596125089,TRUE,NA
"sigma",11.28,-4.15897832028263,1.92554266392448,2.92115025081633,5.38488899128302,40.8571006685815,TRUE,NA
"sigma",11.29,-4.16173656342738,1.9264126936181,2.92203670142192,5.38795615123261,40.9000512233689,TRUE,NA
"sigma",11.3,-4.16449411947877,1.92728240929591,2.92292280770064,5.39102243036153,40.9430112711737,TRUE,NA
"sigma",11.31,-4.16725098911826,1.92815181140613,2.92380857016867,5.3940878296871,40.9859808063077,TRUE,NA
"sigma",11.32,-4.17000717302622,1.92902090039577,2.92469398934087,5.39715235022458,41.0289598230906,TRUE,NA
"sigma",11.33,-4.17276267188186,1.92988967671067,2.92557906573073,5.40021599298713,41.0719483158512,TRUE,NA
"sigma",11.34,-4.17551748636332,1.93075814079555,2.92646379985045,5.40327875898586,41.1149462789264,TRUE,NA
"sigma",11.35,-4.17827161714762,1.93162629309396,2.92734819221088,5.4063406492298,41.1579537066619,TRUE,NA
"sigma",11.36,-4.18102506491068,1.93249413404827,2.92823224332154,5.4094016647259,41.2009705934119,TRUE,NA
"sigma",11.37,-4.18377783032733,1.93336166409975,2.92911595369063,5.41246180647909,41.243996933539,TRUE,NA
"sigma",11.38,-4.18652991407128,1.9342288836885,2.92999932382508,5.41552107549223,41.2870327214142,TRUE,NA
"sigma",11.39,-4.18928131681515,1.93509579325349,2.93088235423044,5.41857947276612,41.330077951417,TRUE,NA
"sigma",11.4,-4.19203203923048,1.93596239323257,2.93176504541102,5.42163699929957,41.3731326179353,TRUE,NA
"sigma",11.41,-4.1947820819877,1.93682868406244,2.9326473978698,5.42469365608931,41.4161967153656,TRUE,NA
"sigma",11.42,-4.19753144575616,1.93769466617868,2.93352941210847,5.42774944413008,41.4592702381123,TRUE,NA
"sigma",11.43,-4.20028013120413,1.93856034001577,2.93441108862743,5.43080436441457,41.5023531805887,TRUE,NA
"sigma",11.44,-4.20302813899878,1.93942570600705,2.93529242792581,5.43385841793348,41.5454455372161,TRUE,NA
"sigma",11.45,-4.2057754698062,1.94029076458477,2.93617343050143,5.43691160567549,41.5885473024241,TRUE,NA
"sigma",11.46,-4.20852212429142,1.94115551618006,2.93705409685086,5.43996392862729,41.6316584706508,TRUE,NA
"sigma",11.47,-4.21126810311835,1.94201996122294,2.93793442746938,5.44301538777357,41.6747790363425,TRUE,NA
"sigma",11.48,-4.21401340694987,1.94288410014233,2.93881442285102,5.44606598409702,41.7179089939537,TRUE,NA
"sigma",11.49,-4.21675803644775,1.94374793336609,2.93969408348854,5.44911571857836,41.7610483379472,TRUE,NA
"sigma",11.5,-4.21950199227272,1.94461146132094,2.94057340987344,5.45216459219631,41.8041970627939,TRUE,NA
"sigma",11.51,-4.22224527508441,1.94547468443256,2.94145240249598,5.45521260592765,41.8473551629731,TRUE,NA
"sigma",11.52,-4.22498788554141,1.94633760312549,2.94233106184514,5.45825976074718,41.8905226329722,TRUE,NA
"sigma",11.53,-4.22772982430122,1.94720021782325,2.9432093884087,5.46130605762771,41.9336994672865,TRUE,NA
"sigma",11.54,-4.2304710920203,1.94806252894825,2.94408738267316,5.46435149754014,41.97688566042,TRUE,NA
"sigma",11.55,-4.23321168935405,1.94892453692183,2.94496504512381,5.46739608145341,42.0200812068842,TRUE,NA
"sigma",11.56,-4.23595161695678,1.94978624216429,2.94584237624469,5.47043981033448,42.0632861011992,TRUE,NA
"sigma",11.57,-4.23869087548177,1.95064764509482,2.94671937651863,5.47348268514842,42.1065003378929,TRUE,NA
"sigma",11.58,-4.24142946558126,1.9515087461316,2.94759604642723,5.47652470685834,42.1497239115014,TRUE,NA
"sigma",11.59,-4.2441673879064,1.95236954569171,2.94847238645088,5.47956587642542,42.1929568165687,TRUE,NA
"sigma",11.6,-4.24690464310732,1.95323004419123,2.94934839706873,5.48260619480894,42.236199047647,TRUE,NA
"sigma",11.61,-4.2496412318331,1.95409024204515,2.95022407875877,5.48564566296624,42.2794505992964,TRUE,NA
"sigma",11.62,-4.25237715473175,1.95495013966742,2.95109943199771,5.48868428185278,42.322711466085,TRUE,NA
"sigma",11.63,-4.25511241245028,1.95580973747098,2.95197445726115,5.49172205242207,42.3659816425889,TRUE,NA
"sigma",11.64,-4.25784700563462,1.95666903586769,2.95284915502342,5.49475897562578,42.4092611233922,TRUE,NA
"sigma",11.65,-4.26058093492968,1.95752803526841,2.95372352575769,5.49779505241364,42.4525499030868,TRUE,NA
"sigma",11.66,-4.26331420097934,1.95838673608297,2.95459756993594,5.50083028373349,42.4958479762726,TRUE,NA
"sigma",11.67,-4.26604680442642,1.95924513872016,2.95547128802895,5.50386467053133,42.5391553375573,TRUE,NA
"sigma",11.68,-4.26877874591273,1.96010324358776,2.95634468050635,5.50689821375124,42.5824719815568,TRUE,NA
"sigma",11.69,-4.27151002607905,1.96096105109253,2.95721774783657,5.50993091433545,42.6257979028944,TRUE,NA
"sigma",11.7,-4.27424064556513,1.96181856164021,2.95809049048686,5.51296277322431,42.6691330962015,TRUE,NA
"sigma",11.71,-4.27697060500968,1.96267577563553,2.95896290892333,5.51599379135633,42.7124775561173,TRUE,NA
"sigma",11.72,-4.2796999050504,1.96353269348223,2.95983500361091,5.51902396966814,42.7558312772889,TRUE,NA
"sigma",11.73,-4.28242854632397,1.96438931558303,2.96070677501339,5.52205330909452,42.7991942543709,TRUE,NA
"sigma",11.74,-4.28515652946605,1.96524564233966,2.96157822359336,5.52508181056843,42.842566482026,TRUE,NA
"sigma",11.75,-4.28788385511127,1.96610167415284,2.9624493498123,5.52810947502098,42.8859479549244,TRUE,NA
"sigma",11.76,-4.29061052389327,1.96695741142232,2.96332015413053,5.53113630338142,42.9293386677441,TRUE,NA
"sigma",11.77,-4.29333653644464,1.96781285454685,2.96419063700723,5.5341622965772,42.9727386151709,TRUE,NA
"sigma",11.78,-4.296061893397,1.96866800392419,2.96506079890044,5.53718745553394,43.0161477918983,TRUE,NA
"sigma",11.79,-4.29878659538093,1.96952285995113,2.96593064026705,5.54021178117543,43.0595661926272,TRUE,NA
"sigma",11.8,-4.30151064302603,1.97037742302348,2.96680016156283,5.54323527442366,43.1029938120667,TRUE,NA
"sigma",11.81,-4.30423403696086,1.97123169353606,2.96766936324243,5.5462579361988,43.1464306449329,TRUE,NA
"sigma",11.82,-4.30695677781303,1.97208567188274,2.96853824575938,5.54927976741922,43.18987668595,TRUE,NA
"sigma",11.83,-4.30967886620908,1.97293935845641,2.96940680956605,5.55230076900149,43.2333319298497,TRUE,NA
"sigma",11.84,-4.31240030277462,1.97379275364901,2.97027505511374,5.55532094186039,43.2767963713712,TRUE,NA
"sigma",11.85,-4.31512108813423,1.9746458578515,2.97114298285263,5.55834028690892,43.3202700052612,TRUE,NA
"sigma",11.86,-4.31784122291149,1.9754986714539,2.97201059323176,5.56135880505828,43.3637528262743,TRUE,NA
"sigma",11.87,-4.320560707729,1.97635119484526,2.97287788669911,5.5643764972179,43.4072448291722,TRUE,NA
"sigma",11.88,-4.32327954320837,1.9772034284137,2.97374486370153,5.56739336429544,43.4507460087244,TRUE,NA
"sigma",11.89,-4.32599772997022,1.97805537254638,2.97461152468477,5.57040940719678,43.494256359708,TRUE,NA
"sigma",11.9,-4.32871526863419,1.97890702762951,2.97547787009351,5.57342462682605,43.5377758769072,TRUE,NA
"sigma",11.91,-4.33143215981891,1.97975839404839,2.97634390037134,5.57643902408562,43.581304555114,TRUE,NA
"sigma",11.92,-4.33414840414206,1.98060947218734,2.97720961596072,5.5794525998761,43.6248423891277,TRUE,NA
"sigma",11.93,-4.33686400222034,1.98146026242978,2.97807501730309,5.58246535509636,43.6683893737551,TRUE,NA
"sigma",11.94,-4.33957895466945,1.9823107651582,2.97894010483878,5.58547729064352,43.7119455038105,TRUE,NA
"sigma",11.95,-4.34229326210412,1.98316098075413,2.97980487900704,5.58848840741296,43.7555107741153,TRUE,NA
"sigma",11.96,-4.34500692513812,1.98401090959822,2.98066934024606,5.59149870629834,43.7990851794987,TRUE,NA
"sigma",11.97,-4.34771994438423,1.98486055207016,2.98153348899296,5.59450818819157,43.8426687147969,TRUE,NA
"sigma",11.98,-4.35043232045428,1.98570990854874,2.98239732568381,5.59751685398286,43.8862613748537,TRUE,NA
"sigma",11.99,-4.35314405395911,1.98655897941186,2.98326085075359,5.60052470456068,43.92986315452,TRUE,NA
"sigma",12,-4.35585514550861,1.98740776503648,2.98412406463625,5.6035317408118,43.9734740486543,TRUE,NA
"sigma",12.01,-4.35856559571171,1.98825626579864,2.98498696776468,5.60653796362127,44.0170940521223,TRUE,NA
"sigma",12.02,-4.36127540517637,1.98910448207352,2.98584956057072,5.60954337387245,44.0607231597968,TRUE,NA
"sigma",12.03,-4.36398457450958,1.98995241423535,2.98671184348517,5.61254797244698,44.104361366558,TRUE,NA
"sigma",12.04,-4.36669310431739,1.99080006265751,2.98757381693776,5.61555176022482,44.1480086672935,TRUE,NA
"sigma",12.05,-4.36940099520489,1.99164742771246,2.98843548135723,5.61855473808424,44.1916650568979,TRUE,NA
"sigma",12.06,-4.37210824777621,1.99249450977175,2.98929683717125,5.62155690690182,44.2353305302732,TRUE,NA
"sigma",12.07,-4.37481486263452,1.99334130920608,2.99015788480647,5.62455826755245,44.2790050823284,TRUE,NA
"sigma",12.08,-4.37752084038208,1.99418782638524,2.9910186246885,5.62755882090936,44.3226887079799,TRUE,NA
"sigma",12.09,-4.38022618162015,1.99503406167814,2.99187905724195,5.6305585678441,44.3663814021511,TRUE,NA
"sigma",12.1,-4.38293088694908,1.99588001545282,2.99273918289038,5.63355750922656,44.4100831597727,TRUE,NA
"sigma",12.11,-4.38563495696826,1.99672568807644,2.99359900205637,5.63655564592494,44.4537939757824,TRUE,NA
"sigma",12.12,-4.38833839227614,1.99757107991528,2.99445851516143,5.63955297880583,44.4975138451252,TRUE,NA
"sigma",12.13,-4.39104119347024,1.99841619133476,2.99531772262612,5.64254950873413,44.541242762753,TRUE,NA
"sigma",12.14,-4.39374336114713,1.99926102269943,2.99617662486996,5.64554523657309,44.5849807236249,TRUE,NA
"sigma",12.15,-4.39644489590244,2.00010557437296,2.99703522231146,5.64854016318434,44.6287277227071,TRUE,NA
"sigma",12.16,-4.39914579833088,2.0009498467182,2.99789351536816,5.65153428942787,44.6724837549727,TRUE,NA
"sigma",12.17,-4.40184606902622,2.00179384009708,2.99875150445656,5.654527616162,44.7162488154021,TRUE,NA
"sigma",12.18,-4.4045457085813,2.00263755487074,2.99960918999221,5.65752014424345,44.7600228989825,TRUE,NA
"sigma",12.19,-4.40724471758804,2.00348099139943,3.00046657238964,5.66051187452732,44.8038060007081,TRUE,NA
"sigma",12.2,-4.40994309663742,2.00432415004254,3.0013236520624,5.66350280786705,44.8475981155805,TRUE,NA
"sigma",12.21,-4.41264084631949,2.00516703115865,3.00218042942307,5.66649294511451,44.8913992386076,TRUE,NA
"sigma",12.22,-4.4153379672234,2.00600963510548,3.00303690488323,5.66948228711993,44.9352093648049,TRUE,NA
"sigma",12.23,-4.41803445993737,2.00685196223989,3.00389307885348,5.67247083473193,44.9790284891945,TRUE,NA
"sigma",12.24,-4.42073032504868,2.00769401291794,3.00474895174348,5.67545858879754,45.0228566068055,TRUE,NA
"sigma",12.25,-4.42342556314373,2.00853578749483,3.00560452396188,5.67844555016218,45.0666937126739,TRUE,NA
"sigma",12.26,-4.42612017480798,2.00937728632492,3.00645979591637,5.68143171966968,45.1105398018427,TRUE,NA
"sigma",12.27,-4.42881416062598,2.01021850976178,3.00731476801371,5.68441709816228,45.1543948693617,TRUE,NA
"sigma",12.28,-4.43150752118137,2.0110594581581,3.00816944065965,5.68740168648063,45.1982589102875,TRUE,NA
"sigma",12.29,-4.43420025705688,2.01190013186579,3.00902381425902,5.6903854854638,45.2421319196838,TRUE,NA
"sigma",12.3,-4.43689236883435,2.01274053123591,3.00987788921566,5.69336849594927,45.2860138926209,TRUE,NA
"sigma",12.31,-4.43958385709467,2.01358065661875,3.01073166593251,5.69635071877298,45.329904824176,TRUE,NA
"sigma",12.32,-4.44227472241787,2.01442050836371,3.01158514481149,5.69933215476927,45.3738047094332,TRUE,NA
"sigma",12.33,-4.44496496538306,2.01526008681944,3.01243832625365,5.70231280477092,45.4177135434833,TRUE,NA
"sigma",12.34,-4.44765458656845,2.01609939233376,3.01329121065904,5.70529266960916,45.4616313214238,TRUE,NA
"sigma",12.35,-4.45034358655136,2.01693842525367,3.0141437984268,5.70827175011365,45.5055580383592,TRUE,NA
"sigma",12.36,-4.45303196590819,2.01777718592539,3.01499608995512,5.71125004711251,45.5494936894006,TRUE,NA
"sigma",12.37,-4.45571972521447,2.01861567469432,3.01584808564128,5.71422756143232,45.5934382696658,TRUE,NA
"sigma",12.38,-4.45840686504484,2.01945389190507,3.0166997858816,5.71720429389807,45.6373917742794,TRUE,NA
"sigma",12.39,-4.46109338597302,2.02029183790146,3.01755119107149,5.72018024533328,45.6813541983727,TRUE,NA
"sigma",12.4,-4.46377928857187,2.0211295130265,3.01840230160544,5.72315541655987,45.7253255370836,TRUE,NA
"sigma",12.41,-4.46646457341334,2.02196691762241,3.01925311787701,5.72612980839828,45.7693057855568,TRUE,NA
"sigma",12.42,-4.46914924106851,2.02280405203065,3.02010364027884,5.72910342166739,45.8132949389437,TRUE,NA
"sigma",12.43,-4.47183329210757,2.02364091659187,3.02095386920267,5.73207625718456,45.8572929924021,TRUE,NA
"sigma",12.44,-4.47451672709983,2.02447751164593,3.02180380503931,5.73504831576565,45.9012999410967,TRUE,NA
"sigma",12.45,-4.47719954661373,2.02531383753194,3.02265344817868,5.73801959822499,45.9453157801986,TRUE,NA
"sigma",12.46,-4.4798817512168,2.02614989458821,3.02350279900977,5.7409901053754,45.9893405048858,TRUE,NA
"sigma",12.47,-4.48256334147574,2.02698568315227,3.02435185792069,5.74395983802819,46.0333741103425,TRUE,NA
"sigma",12.48,-4.48524431795632,2.02782120356089,3.02520062529864,5.74692879699319,46.0774165917599,TRUE,NA
"sigma",12.49,-4.48792468122349,2.02865645615009,3.02604910152993,5.7498969830787,46.1214679443354,TRUE,NA
"sigma",12.5,-4.49060443184128,2.02949144125507,3.02689728699996,5.75286439709154,46.165528163273,TRUE,NA
"sigma",12.51,-4.49328357037291,2.03032615921033,3.02774518209326,5.75583103983705,46.2095972437835,TRUE,NA
"sigma",12.52,-4.49596209738067,2.03116061034955,3.02859278719346,5.75879691211906,46.253675181084,TRUE,NA
"sigma",12.53,-4.49864001342601,2.03199479500569,3.0294401026833,5.76176201473994,46.297761970398,TRUE,NA
"sigma",12.54,-4.50131731906955,2.03282871351093,3.03028712894464,5.76472634850056,46.3418576069559,TRUE,NA
"sigma",12.55,-4.50399401487098,2.03366236619671,3.03113386635848,5.76768991420034,46.385962085994,TRUE,NA
"sigma",12.56,-4.50667010138918,2.0344957533937,3.03198031530492,5.77065271263721,46.4300754027556,TRUE,NA
"sigma",12.57,-4.50934557918216,2.03532887543186,3.03282647616319,5.77361474460764,46.4741975524902,TRUE,NA
"sigma",12.58,-4.51202044880706,2.03616173264035,3.03367234931165,5.77657601090663,46.5183285304535,TRUE,NA
"sigma",12.59,-4.51469471082018,2.03699432534763,3.0345179351278,5.77953651232773,46.5624683319082,TRUE,NA
"sigma",12.6,-4.51736836577696,2.0378266538814,3.03536323398827,5.78249624966303,46.6066169521228,TRUE,NA
"sigma",12.61,-4.52004141423198,2.03865871856861,3.03620824626882,5.78545522370318,46.6507743863727,TRUE,NA
"sigma",12.62,-4.52271385673899,2.03949051973548,3.03705297234436,5.78841343523736,46.6949406299393,TRUE,NA
"sigma",12.63,-4.52538569385087,2.04032205770752,3.03789741258895,5.79137088505333,46.7391156781106,TRUE,NA
"sigma",12.64,-4.52805692611967,2.04115333280947,3.03874156737575,5.79432757393738,46.7832995261808,TRUE,NA
"sigma",12.65,-4.53072755409659,2.04198434536535,3.03958543707713,5.7972835026744,46.8274921694505,TRUE,NA
"sigma",12.66,-4.53339757833197,2.04281509569849,3.0404290220646,5.80023867204783,46.8716936032266,TRUE,NA
"sigma",12.67,-4.53606699937533,2.04364558413144,3.04127232270877,5.80319308283968,46.9159038228224,TRUE,NA
"sigma",12.68,-4.53873581777535,2.04447581098605,3.04211533937947,5.80614673583054,46.9601228235574,TRUE,NA
"sigma",12.69,-4.54140403407987,2.04530577658347,3.04295807244565,5.80909963179957,47.0043506007573,TRUE,NA
"sigma",12.7,-4.54407164883587,2.04613548124411,3.04380052227545,5.81205177152453,47.0485871497543,TRUE,NA
"sigma",12.71,-4.54673866258952,2.04696492528766,3.04464268923615,5.81500315578175,47.0928324658868,TRUE,NA
"sigma",12.72,-4.54940507588617,2.0477941090331,3.04548457369421,5.81795378534615,47.1370865444993,TRUE,NA
"sigma",12.73,-4.5520708892703,2.04862303279872,3.04632617601525,5.82090366099126,47.1813493809425,TRUE,NA
"sigma",12.74,-4.55473610328559,2.04945169690207,3.04716749656408,5.82385278348919,47.2256209705736,TRUE,NA
"sigma",12.75,-4.55740071847487,2.05028010166003,3.04800853570468,5.82680115361067,47.2699013087557,TRUE,NA
"sigma",12.76,-4.56006473538017,2.05110824738874,3.0488492938002,5.82974877212502,47.3141903908582,TRUE,NA
"sigma",12.77,-4.56272815454268,2.05193613440365,3.04968977121297,5.83269563980017,47.3584882122569,TRUE,NA
"sigma",12.78,-4.56539097650276,2.05276376301953,3.05052996830449,5.83564175740267,47.4027947683333,TRUE,NA
"sigma",12.79,-4.56805320179997,2.05359113355043,3.0513698854355,5.83858712569768,47.4471100544753,TRUE,NA
"sigma",12.8,-4.57071483097303,2.05441824630972,3.05220952296586,5.84153174544898,47.4914340660772,TRUE,NA
"sigma",12.81,-4.57337586455984,2.05524510161005,3.05304888125466,5.84447561741897,47.535766798539,TRUE,NA
"sigma",12.82,-4.57603630309752,2.05607169976342,3.05388796066018,5.84741874236869,47.5801082472669,TRUE,NA
"sigma",12.83,-4.57869614712232,2.05689804108111,3.05472676153989,5.85036112105779,47.6244584076733,TRUE,NA
"sigma",12.84,-4.58135539716973,2.05772412587372,3.05556528425045,5.85330275424458,47.6688172751767,TRUE,NA
"sigma",12.85,-4.5840140537744,2.05854995445119,3.05640352914775,5.85624364268598,47.7131848452017,TRUE,NA
"sigma",12.86,-4.58667211747017,2.05937552712276,3.05724149658684,5.85918378713757,47.7575611131787,TRUE,NA
"sigma",12.87,-4.58932958879007,2.06020084419697,3.05807918692202,5.86212318835357,47.8019460745445,TRUE,NA
"sigma",12.88,-4.59198646826635,2.06102590598172,3.05891660050677,5.86506184708684,47.8463397247417,TRUE,NA
"sigma",12.89,-4.59464275643042,2.06185071278421,3.05975373769378,5.86799976408891,47.8907420592189,TRUE,NA
"sigma",12.9,-4.5972984538129,2.06267526491099,3.06059059883498,5.87093694010993,47.9351530734309,TRUE,NA
"sigma",12.91,-4.59995356094363,2.06349956266791,3.06142718428148,5.87387337589876,47.9795727628385,TRUE,NA
"sigma",12.92,-4.60260807835163,2.06432360636019,3.06226349438366,5.87680907220287,48.0240011229081,TRUE,NA
"sigma",12.93,-4.6052620065651,2.06514739629232,3.06309952949105,5.87974402976842,48.0684381491125,TRUE,NA
"sigma",12.94,-4.60791534611149,2.06597093276821,3.06393528995246,5.88267824934026,48.1128838369302,TRUE,NA
"sigma",12.95,-4.61056809751742,2.06679421609104,3.06477077611591,5.88561173166187,48.1573381818459,TRUE,NA
"sigma",12.96,-4.61322026130874,2.06761724656336,3.06560598832864,5.88854447747544,48.2018011793499,TRUE,NA
"sigma",12.97,-4.61587183801048,2.06844002448706,3.06644092693713,5.89147648752181,48.2462728249387,TRUE,NA
"sigma",12.98,-4.61852282814691,2.06926255016336,3.06727559228709,5.89440776254053,48.2907531141145,TRUE,NA
"sigma",12.99,-4.62117323224149,2.07008482389285,3.06810998472345,5.89733830326982,48.3352420423857,TRUE,NA
"sigma",13,-4.6238230508169,2.07090684597544,3.06894410459041,5.90026811044659,48.3797396052661,TRUE,NA
"sigma",13.01,-4.62647228439504,2.07172861671043,3.06977795223139,5.90319718480645,48.4242457982759,TRUE,NA
"sigma",13.02,-4.62912093349702,2.07255013639643,3.07061152798905,5.90612552708371,48.4687606169407,TRUE,NA
"sigma",13.03,-4.63176899864316,2.07337140533143,3.0714448322053,5.90905313801135,48.5132840567923,TRUE,NA
"sigma",13.04,-4.63441648035302,2.07419242381276,3.0722778652213,5.9119800183211,48.5578161133681,TRUE,NA
"sigma",13.05,-4.63706337914537,2.07501319213713,3.07311062737745,5.91490616874335,48.6023567822115,TRUE,NA
"sigma",13.06,-4.63970969553818,2.0758337106006,3.07394311901342,5.91783159000723,48.6469060588714,TRUE,NA
"sigma",13.07,-4.64235543004869,2.07665397949858,3.07477534046812,5.92075628284057,48.691463938903,TRUE,NA
"sigma",13.08,-4.64500058319333,2.07747399912586,3.07560729207971,5.92368024796992,48.7360304178668,TRUE,NA
"sigma",13.09,-4.64764515548777,2.0782937697766,3.07643897418562,5.92660348612054,48.7806054913293,TRUE,NA
"sigma",13.1,-4.6502891474469,2.07911329174432,3.07727038712254,5.92952599801644,48.8251891548628,TRUE,NA
"sigma",13.11,-4.65293255958485,2.0799325653219,3.07810153122643,5.93244778438031,48.8697814040452,TRUE,NA
"sigma",13.12,-4.65557539241498,2.08075159080162,3.07893240683251,5.93536884593362,48.9143822344603,TRUE,NA
"sigma",13.13,-4.65821764644988,2.08157036847512,3.07976301427526,5.93828918339654,48.9589916416975,TRUE,NA
"sigma",13.14,-4.66085932220138,2.0823888986334,3.08059335388842,5.94120879748797,49.0036096213519,TRUE,NA
"sigma",13.15,-4.66350042018053,2.08320718156687,3.08142342600505,5.94412768892557,49.0482361690244,TRUE,NA
"sigma",13.16,-4.66614094089764,2.0840252175653,3.08225323095743,5.94704585842574,49.0928712803216,TRUE,NA
"sigma",13.17,-4.66878088486226,2.08484300691785,3.08308276907715,5.94996330670362,49.1375149508556,TRUE,NA
"sigma",13.18,-4.67142025258315,2.08566054991307,3.08391204069507,5.95288003447308,49.1821671762444,TRUE,NA
"sigma",13.19,-4.67405904456834,2.08647784683887,3.08474104614133,5.95579604244678,49.2268279521115,TRUE,NA
"sigma",13.2,-4.6766972613251,2.08729489798257,3.08556978574535,5.9587113313361,49.2714972740861,TRUE,NA
"sigma",13.21,-4.67933490335995,2.08811170363089,3.08639825983583,5.96162590185119,49.316175137803,TRUE,NA
"sigma",13.22,-4.68197197117863,2.08892826406991,3.08722646874079,5.96453975470097,49.3608615389027,TRUE,NA
"sigma",13.23,-4.68460846528616,2.08974457958514,3.08805441278751,5.9674528905931,49.4055564730312,TRUE,NA
"sigma",13.24,-4.6872443861868,2.09056065046147,3.08888209230256,5.97036531023405,49.4502599358401,TRUE,NA
"sigma",13.25,-4.68987973438405,2.09137647698317,3.08970950761183,5.97327701432901,49.4949719229867,TRUE,NA
"sigma",13.26,-4.69251451038068,2.09219205943393,3.09053665904048,5.97618800358197,49.5396924301337,TRUE,NA
"sigma",13.27,-4.6951487146787,2.09300739809684,3.09136354691298,5.9790982786957,49.5844214529495,TRUE,NA
"sigma",13.28,-4.69778234777939,2.09382249325439,3.09219017155311,5.98200784037175,49.6291589871081,TRUE,NA
"sigma",13.29,-4.70041541018328,2.09463734518847,3.09301653328393,5.98491668931042,49.6739050282888,TRUE,NA
"sigma",13.3,-4.70304790239015,2.0954519541804,3.09384263242783,5.98782482621085,49.7186595721768,TRUE,NA
"sigma",13.31,-4.70567982489905,2.09626632051086,3.09466846930648,5.99073225177091,49.7634226144623,TRUE,NA
"sigma",13.32,-4.7083111782083,2.09708044446,3.0954940442409,5.99363896668732,49.8081941508416,TRUE,NA
"sigma",13.33,-4.71094196281546,2.09789432630733,3.09631935755137,5.99654497165554,49.852974177016,TRUE,NA
"sigma",13.34,-4.71357217921739,2.09870796633181,3.09714440955753,5.99945026736987,49.8977626886926,TRUE,NA
"sigma",13.35,-4.71620182791017,2.09952136481181,3.09796920057831,6.0023548545234,49.9425596815837,TRUE,NA
"sigma",13.36,-4.71883090938919,2.1003345220251,3.09879373093195,6.005258733808,49.9873651514073,TRUE,NA
"sigma",13.37,-4.7214594241491,2.10114743824888,3.09961800093604,6.00816190591437,50.0321790938867,TRUE,NA
"sigma",13.38,-4.72408737268379,2.10196011375978,3.10044201090747,6.01106437153203,50.0770015047508,TRUE,NA
"sigma",13.39,-4.72671475548646,2.10277254883384,3.10126576116245,6.01396613134927,50.1218323797338,TRUE,NA
"sigma",13.4,-4.72934157304956,2.10358474374653,3.10208925201652,6.01686718605325,50.1666717145753,TRUE,NA
"sigma",13.41,-4.73196782586483,2.10439669877276,3.10291248378458,6.0197675363299,50.2115195050203,TRUE,NA
"sigma",13.42,-4.73459351442328,2.10520841418683,3.1037354567808,6.02266718286401,50.2563757468194,TRUE,NA
"sigma",13.43,-4.73721863921519,2.10601989026251,3.10455817131873,6.02556612633916,50.3012404357282,TRUE,NA
"sigma",13.44,-4.73984320073014,2.106831127273,3.10538062771125,6.0284643674378,50.3461135675081,TRUE,NA
"sigma",13.45,-4.74246719945696,2.10764212549089,3.10620282627053,6.03136190684117,50.3909951379255,TRUE,NA
"sigma",13.46,-4.74509063588379,2.10845288518826,3.10702476730813,6.03425874522935,50.4358851427524,TRUE,NA
"sigma",13.47,-4.74771351049804,2.10926340663659,3.10784645113493,6.03715488328127,50.4807835777661,TRUE,NA
"sigma",13.48,-4.75033582378642,2.11007369010682,3.10866787806115,6.04005032167471,50.525690438749,TRUE,NA
"sigma",13.49,-4.7529575762349,2.11088373586932,3.10948904839636,6.04294506108625,50.5706057214891,TRUE,NA
"sigma",13.5,-4.75557876832875,2.11169354419391,3.11030996244948,6.04583910219136,50.6155294217796,TRUE,NA
"sigma",13.51,-4.75819940055255,2.11250311534983,3.11113062052875,6.04873244566432,50.660461535419,TRUE,NA
"sigma",13.52,-4.76081947339013,2.1133124496058,3.1119510229418,6.0516250921783,50.7054020582111,TRUE,NA
"sigma",13.53,-4.76343898732465,2.11412154722996,3.11277116999557,6.05451704240528,50.7503509859649,TRUE,NA
"sigma",13.54,-4.76605794283854,2.11493040848993,3.1135910619964,6.05740829701613,50.7953083144948,TRUE,NA
"sigma",13.55,-4.76867634041354,2.11573903365273,3.11441069924994,6.06029885668056,50.8402740396202,TRUE,NA
"sigma",13.56,-4.77129418053066,2.11654742298488,3.11523008206124,6.06318872206714,50.8852481571662,TRUE,NA
"sigma",13.57,-4.77391146367025,2.11735557675233,3.11604921073466,6.06607789384333,50.9302306629626,TRUE,NA
"sigma",13.58,-4.77652819031192,2.11816349522049,3.11686808557396,6.06896637267543,50.9752215528449,TRUE,NA
"sigma",13.59,-4.7791443609346,2.11897117865424,3.11768670688226,6.07185415922862,51.0202208226534,TRUE,NA
"sigma",13.6,-4.78175997601651,2.1197786273179,3.11850507496202,6.07474125416695,51.0652284682338,TRUE,NA
"sigma",13.61,-4.7843750360352,2.12058584147525,3.11932319011509,6.07762765815335,51.1102444854371,TRUE,NA
"sigma",13.62,-4.78698954146748,2.12139282138954,3.12014105264269,6.08051337184962,51.1552688701194,TRUE,NA
"sigma",13.63,-4.7896034927895,2.1221995673235,3.12095866284539,6.08339839591646,51.2003016181418,TRUE,NA
"sigma",13.64,-4.79221689047672,2.12300607953929,3.12177602102316,6.08628273101343,51.2453427253707,TRUE,NA
"sigma",13.65,-4.79482973500388,2.12381235829857,3.12259312747531,6.08916637779899,51.2903921876778,TRUE,NA
"sigma",13.66,-4.79744202684505,2.12461840386244,3.12340998250057,6.09204933693049,51.3354500009395,TRUE,NA
"sigma",13.67,-4.80005376647362,2.12542421649149,3.12422658639699,6.09493160906417,51.380516161038,TRUE,NA
"sigma",13.68,-4.80266495436226,2.12622979644576,3.12504293946205,6.09781319485515,51.4255906638598,TRUE,NA
"sigma",13.69,-4.80527559098299,2.12703514398481,3.12585904199262,6.10069409495748,51.4706735052973,TRUE,NA
"sigma",13.7,-4.80788567680712,2.12784025936761,3.12667489428488,6.10357431002407,51.5157646812475,TRUE,NA
"sigma",13.71,-4.81049521230529,2.12864514285265,3.12749049663448,6.10645384070677,51.5608641876125,TRUE,NA
"sigma",13.72,-4.81310419794746,2.12944979469789,3.1283058493364,6.10933268765631,51.6059720202999,TRUE,NA
"sigma",13.73,-4.8157126342029,2.13025421516075,3.12912095268504,6.11221085152234,51.6510881752218,TRUE,NA
"sigma",13.74,-4.8183205215402,2.13105840449817,3.12993580697419,6.11508833295342,51.6962126482959,TRUE,NA
"sigma",13.75,-4.82092786042729,2.13186236296654,3.130750412497,6.11796513259701,51.7413454354444,TRUE,NA
"sigma",13.76,-4.82353465133139,2.13266609082173,3.13156476954604,6.12084125109951,51.786486532595,TRUE,NA
"sigma",13.77,-4.82614089471908,2.13346958831913,3.13237887841329,6.12371668910622,51.8316359356803,TRUE,NA
"sigma",13.78,-4.82874659105624,2.13427285571358,3.13319273939009,6.12659144726135,51.8767936406377,TRUE,NA
"sigma",13.79,-4.8313517408081,2.13507589325942,3.13400635276721,6.12946552620807,51.9219596434099,TRUE,NA
"sigma",13.8,-4.8339563444392,2.13587870121049,3.13481971883482,6.13233892658846,51.9671339399444,TRUE,NA
"sigma",13.81,-4.83656040241342,2.13668127982013,3.13563283788248,6.13521164904352,52.0123165261938,TRUE,NA
"sigma",13.82,-4.83916391519395,2.13748362934114,3.13644571019914,6.13808369421317,52.0575073981157,TRUE,NA
"sigma",13.83,-4.84176688324336,2.13828575002583,3.1372583360732,6.1409550627363,52.1027065516726,TRUE,NA
"sigma",13.84,-4.84436930702351,2.13908764212601,3.13807071579242,6.1438257552507,52.1479139828318,TRUE,NA
"sigma",13.85,-4.84697118699561,2.139889305893,3.13888284964402,6.14669577239315,52.193129687566,TRUE,NA
"sigma",13.86,-4.84957252362021,2.14069074157758,3.13969473791458,6.1495651147993,52.2383536618524,TRUE,NA
"sigma",13.87,-4.85217331735718,2.14149194943009,3.14050638089014,6.15243378310381,52.2835859016733,TRUE,NA
"sigma",13.88,-4.85477356866576,2.1422929297003,3.14131777885612,6.15530177794026,52.328826403016,TRUE,NA
"sigma",13.89,-4.85737327800451,2.14309368263755,3.14212893209738,6.15816909994116,52.3740751618726,TRUE,NA
"sigma",13.9,-4.85997244583133,2.14389420849064,3.14293984089818,6.161035749738,52.4193321742401,TRUE,NA
"sigma",13.91,-4.86257107260347,2.14469450750789,3.14375050554221,6.16390172796122,52.4645974361204,TRUE,NA
"sigma",13.92,-4.86516915877752,2.14549457993714,3.14456092631259,6.16676703524022,52.5098709435203,TRUE,NA
"sigma",13.93,-4.86776670480942,2.14629442602571,3.14537110349184,6.16963167220332,52.5551526924515,TRUE,NA
"sigma",13.94,-4.87036371115447,2.14709404602046,3.14618103736192,6.17249563947788,52.6004426789307,TRUE,NA
"sigma",13.95,-4.87296017826727,2.14789344016775,3.14699072820423,6.17535893769014,52.645740898979,TRUE,NA
"sigma",13.96,-4.87555610660183,2.14869260871347,3.14780017629958,6.17822156746537,52.6910473486228,TRUE,NA
"sigma",13.97,-4.87815149661147,2.14949155190297,3.14860938192821,6.18108352942777,52.7363620238931,TRUE,NA
"sigma",13.98,-4.88074634874889,2.15029026998118,3.14941834536978,6.18394482420053,52.7816849208259,TRUE,NA
"sigma",13.99,-4.8833406634661,2.15108876319252,3.15022706690344,6.18680545240581,52.8270160354619,TRUE,NA
"sigma",14,-4.88593444121451,2.15188703178092,3.15103554680769,6.18966541466475,52.8723553638466,TRUE,NA
"sigma",14.01,-4.88852768244487,2.15268507598986,3.15184378536054,6.19252471159746,52.9177029020302,TRUE,NA
"sigma",14.02,-4.89112038760728,2.15348289606231,3.1526517828394,6.19538334382306,52.963058646068,TRUE,NA
"sigma",14.03,-4.8937125571512,2.15428049224077,3.15345953952113,6.19824131195959,53.0084225920197,TRUE,NA
"sigma",14.04,-4.89630419152545,2.15507786476729,3.15426705568203,6.20109861662416,53.0537947359501,TRUE,NA
"sigma",14.05,-4.89889529117823,2.1558750138834,3.15507433159784,6.2039552584328,53.0991750739286,TRUE,NA
"sigma",14.06,-4.90148585655706,2.15667193983021,3.15588136754375,6.20681123800058,53.1445636020293,TRUE,NA
"sigma",14.07,-4.90407588810886,2.15746864284832,3.1566881637944,6.20966655594152,53.1899603163311,TRUE,NA
"sigma",14.08,-4.9066653862799,2.15826512317787,3.15749472062386,6.21252121286866,53.2353652129177,TRUE,NA
"sigma",14.09,-4.90925435151582,2.15906138105853,3.15830103830567,6.21537520939405,53.2807782878774,TRUE,NA
"sigma",14.1,-4.91184278426163,2.15985741672952,3.15910711711281,6.21822854612872,53.3261995373033,TRUE,NA
"sigma",14.11,-4.91443068496168,2.16065323042957,3.15991295731771,6.2210812236827,53.3716289572933,TRUE,NA
"sigma",14.12,-4.91701805405974,2.16144882239695,3.16071855919227,6.22393324266505,53.4170665439498,TRUE,NA
"sigma",14.13,-4.9196048919989,2.16224419286948,3.16152392300782,6.22678460368381,53.4625122933799,TRUE,NA
"sigma",14.14,-4.92219119922165,2.16303934208451,3.16232904903517,6.22963530734605,53.5079662016954,TRUE,NA
"sigma",14.15,-4.92477697616985,2.16383427027892,3.16313393754457,6.23248535425783,53.553428265013,TRUE,NA
"sigma",14.16,-4.92736222328473,2.16462897768914,3.16393858880575,6.23533474502426,53.5988984794538,TRUE,NA
"sigma",14.17,-4.92994694100689,2.16542346455116,3.1647430030879,6.23818348024944,53.6443768411435,TRUE,NA
"sigma",14.18,-4.93253112977632,2.16621773110048,3.16554718065964,6.24103156053648,53.6898633462128,TRUE,NA
"sigma",14.19,-4.93511479003237,2.16701177757215,3.1663511217891,6.24387898648755,53.7353579907966,TRUE,NA
"sigma",14.2,-4.93769792221379,2.16780560420079,3.16715482674384,6.24672575870381,53.7808607710348,TRUE,NA
"sigma",14.21,-4.94028052675869,2.16859921122055,3.16795829579093,6.24957187778546,53.8263716830715,TRUE,NA
"sigma",14.22,-4.94286260410458,2.16939259886512,3.16876152919684,6.25241734433172,53.8718907230559,TRUE,NA
"sigma",14.23,-4.94544415468834,2.17018576736775,3.1695645272276,6.25526215894085,53.9174178871414,TRUE,NA
"sigma",14.24,-4.94802517894623,2.17097871696125,3.17036729014863,6.25810632221014,53.9629531714863,TRUE,NA
"sigma",14.25,-4.95060567731391,2.17177144787797,3.17116981822488,6.26094983473592,54.008496572253,TRUE,NA
"sigma",14.26,-4.9531856502264,2.17256396034982,3.17197211172075,6.26379269711354,54.0540480856091,TRUE,NA
"sigma",14.27,-4.95576509811814,2.17335625460825,3.17277417090012,6.26663490993742,54.0996077077263,TRUE,NA
"sigma",14.28,-4.95834402142295,2.17414833088428,3.17357599602634,6.26947647380098,54.145175434781,TRUE,NA
"sigma",14.29,-4.96092242057401,2.17494018940849,3.17437758736227,6.27231738929673,54.1907512629543,TRUE,NA
"sigma",14.3,-4.96350029600393,2.17573183041101,3.17517894517021,6.27515765701619,54.2363351884315,TRUE,NA
"sigma",14.31,-4.96607764814469,2.17652325412152,3.17598006971198,6.27799727754995,54.2819272074027,TRUE,NA
"sigma",14.32,-4.96865447742768,2.17731446076929,3.17678096124885,6.28083625148764,54.3275273160624,TRUE,NA
"sigma",14.33,-4.97123078428364,2.17810545058313,3.17758162004161,6.28367457941795,54.3731355106097,TRUE,NA
"sigma",14.34,-4.97380656914277,2.17889622379141,3.17838204635051,6.28651226192862,54.4187517872482,TRUE,NA
"sigma",14.35,-4.97638183243463,2.17968678062209,3.17918224043529,6.28934929960646,54.4643761421858,TRUE,NA
"sigma",14.36,-4.97895657458816,2.18047712130266,3.17998220255519,6.29218569303731,54.5100085716351,TRUE,NA
"sigma",14.37,-4.98153079603175,2.18126724606021,3.18078193296895,6.29502144280611,54.5556490718131,TRUE,NA
"sigma",14.38,-4.98410449719315,2.18205715512138,3.18158143193478,6.29785654949684,54.6012976389413,TRUE,NA
"sigma",14.39,-4.98667767849951,2.18284684871238,3.18238069971039,6.30069101369254,54.6469542692456,TRUE,NA
"sigma",14.4,-4.98925034037741,2.18363632705899,3.183179736553,6.30352483597534,54.6926189589564,TRUE,NA
"sigma",14.41,-4.9918224832528,2.18442559038658,3.18397854271932,6.30635801692643,54.7382917043085,TRUE,NA
"sigma",14.42,-4.99439410755108,2.18521463892007,3.18477711846554,6.30919055712607,54.7839725015413,TRUE,NA
"sigma",14.43,-4.99696521369701,2.18600347288397,3.18557546404738,6.3120224571536,54.8296613468983,TRUE,NA
"sigma",14.44,-4.99953580211478,2.18679209250235,3.18637357972004,6.31485371758743,54.8753582366278,TRUE,NA
"sigma",14.45,-5.00210587322797,2.18758049799887,3.18717146573822,6.31768433900506,54.9210631669821,TRUE,NA
"sigma",14.46,-5.00467542745961,2.18836868959677,3.18796912235614,6.32051432198305,54.9667761342184,TRUE,NA
"sigma",14.47,-5.00724446523209,2.18915666751885,3.18876654982752,6.32334366709707,55.0124971345977,TRUE,NA
"sigma",14.48,-5.00981298696723,2.18994443198751,3.18956374840557,6.32617237492186,55.0582261643859,TRUE,NA
"sigma",14.49,-5.01238099308629,2.19073198322472,3.19036071834303,6.32900044603125,55.1039632198531,TRUE,NA
"sigma",14.5,-5.0149484840099,2.19151932145203,3.19115745989214,6.33182788099816,55.1497082972735,TRUE,NA
"sigma",14.51,-5.01751546015814,2.19230644689059,3.19195397330463,6.3346546803946,55.1954613929263,TRUE,NA
"sigma",14.52,-5.02008192195047,2.19309335976113,3.1927502588318,6.33748084479168,55.2412225030943,TRUE,NA
"sigma",14.53,-5.02264786980581,2.19388006028395,3.1935463167244,6.34030637475959,55.2869916240652,TRUE,NA
"sigma",14.54,-5.02521330414246,2.19466654867895,3.19434214723273,6.34313127086764,55.3327687521307,TRUE,NA
"sigma",14.55,-5.02777822537816,2.19545282516561,3.19513775060658,6.34595553368422,55.3785538835871,TRUE,NA
"sigma",14.56,-5.03034263393007,2.196238889963,3.19593312709529,6.34877916377682,55.4243470147349,TRUE,NA
"sigma",14.57,-5.03290653021476,2.19702474328981,3.1967282769477,6.35160216171207,55.4701481418787,TRUE,NA
"sigma",14.58,-5.03546991464823,2.19781038536427,3.19752320041216,6.35442452805566,55.5159572613278,TRUE,NA
"sigma",14.59,-5.0380327876459,2.19859581640424,3.19831789773657,6.35724626337242,55.5617743693955,TRUE,NA
"sigma",14.6,-5.04059514962263,2.19938103662717,3.19911236916832,6.36006736822628,55.6075994623995,TRUE,NA
"sigma",14.61,-5.04315700099267,2.20016604625009,3.19990661495435,6.36288784318026,55.6534325366617,TRUE,NA
"sigma",14.62,-5.04571834216974,2.20095084548963,3.2007006353411,6.36570768879653,55.6992735885085,TRUE,NA
"sigma",14.63,-5.04827917356696,2.20173543456203,3.20149443057455,6.36852690563636,55.7451226142703,TRUE,NA
"sigma",14.64,-5.05083949559689,2.20251981368312,3.20228800090024,6.37134549426014,55.7909796102818,TRUE,NA
"sigma",14.65,-5.05339930867151,2.20330398306832,3.20308134656316,6.37416345522738,55.8368445728821,TRUE,NA
"sigma",14.66,-5.05595861320225,2.20408794293266,3.20387446780791,6.3769807890967,55.8827174984144,TRUE,NA
"sigma",14.67,-5.05851740959995,2.20487169349078,3.20466736487858,6.37979749642586,55.9285983832261,TRUE,NA
"sigma",14.68,-5.06107569827489,2.20565523495691,3.20546003801881,6.38261357777175,55.974487223669,TRUE,NA
"sigma",14.69,-5.0636334796368,2.20643856754488,3.20625248747175,6.38542903369036,56.0203840160991,TRUE,NA
"sigma",14.7,-5.06619075409483,2.20722169146814,3.2070447134801,6.38824386473685,56.0662887568762,TRUE,NA
"sigma",14.71,-5.06874752205756,2.20800460693973,3.20783671628611,6.39105807146549,56.112201442365,TRUE,NA
"sigma",14.72,-5.07130378393303,2.20878731417231,3.20862849613156,6.39387165442967,56.1581220689338,TRUE,NA
"sigma",14.73,-5.0738595401287,2.20956981337814,3.20942005325775,6.39668461418194,56.2040506329553,TRUE,NA
"sigma",14.74,-5.07641479105147,2.21035210476909,3.21021138790553,6.39949695127397,56.2499871308065,TRUE,NA
"sigma",14.75,-5.07896953710771,2.21113418855664,3.21100250031531,6.4023086662566,56.2959315588684,TRUE,NA
"sigma",14.76,-5.08152377870318,2.21191606495189,3.21179339072703,6.40511975967977,56.3418839135262,TRUE,NA
"sigma",14.77,-5.08407751624312,2.21269773416554,3.21258405938016,6.40793023209259,56.3878441911692,TRUE,NA
"sigma",14.78,-5.08663075013222,2.2134791964079,3.21337450651374,6.41074008404331,56.433812388191,TRUE,NA
"sigma",14.79,-5.08918348077458,2.21426045188892,3.21416473236634,6.41354931607934,56.4797885009893,TRUE,NA
"sigma",14.8,-5.09173570857378,2.21504150081814,3.21495473717609,6.4163579287472,56.5257725259657,TRUE,NA
"sigma",14.81,-5.09428743393283,2.21582234340471,3.21574452118066,6.41916592259262,56.5717644595262,TRUE,NA
"sigma",14.82,-5.09683865725419,2.21660297985743,3.21653408461726,6.42197329816042,56.617764298081,TRUE,NA
"sigma",14.83,-5.09938937893976,2.21738341038469,3.21732342772268,6.42478005599463,56.663772038044,TRUE,NA
"sigma",14.84,-5.10193959939093,2.21816363519451,3.21811255073324,6.4275861966384,56.7097876758335,TRUE,NA
"sigma",14.85,-5.10448931900847,2.21894365449454,3.21890145388482,6.43039172063406,56.7558112078719,TRUE,NA
"sigma",14.86,-5.10703853819268,2.21972346849201,3.21969013741283,6.43319662852309,56.8018426305856,TRUE,NA
"sigma",14.87,-5.10958725734326,2.22050307739383,3.2204786015523,6.43600092084613,56.847881940405,TRUE,NA
"sigma",14.88,-5.11213547685939,2.22128248140651,3.22126684653776,6.43880459814301,56.8939291337647,TRUE,NA
"sigma",14.89,-5.11468319713969,2.22206168073617,3.22205487260333,6.44160766095269,56.9399842071034,TRUE,NA
"sigma",14.9,-5.11723041858224,2.22284067558856,3.22284267998264,6.4444101098133,56.9860471568637,TRUE,NA
"sigma",14.91,-5.11977714158459,2.22361946616909,3.22363026890897,6.44721194526219,57.0321179794924,TRUE,NA
"sigma",14.92,-5.12232336654374,2.22439805268275,3.22441763961507,6.45001316783582,57.0781966714403,TRUE,NA
"sigma",14.93,-5.12486909385614,2.22517643533417,3.22520479233331,6.45281377806987,57.1242832291622,TRUE,NA
"sigma",14.94,-5.12741432391771,2.22595461432765,3.2259917272956,6.45561377649916,57.1703776491168,TRUE,NA
"sigma",14.95,-5.12995905712383,2.22673258986706,3.22677844473342,6.45841316365771,57.2164799277671,TRUE,NA
"sigma",14.96,-5.13250329386935,2.22751036215595,3.22756494487784,6.46121194007873,57.26259006158,TRUE,NA
"sigma",14.97,-5.13504703454856,2.22828793139747,3.22835122795945,6.46401010629456,57.3087080470263,TRUE,NA
"sigma",14.98,-5.13759027955525,2.22906529779443,3.22913729420846,6.46680766283679,57.3548338805809,TRUE,NA
"sigma",14.99,-5.14013302928264,2.22984246154924,3.22992314385462,6.46960461023614,57.4009675587227,TRUE,NA
"sigma",15,-5.14267528412344,2.23061942286399,3.23070877712724,6.47240094902254,57.4471090779344,TRUE,NA
"sigma",15.01,-5.14521704446982,2.23139618194037,3.23149419425524,6.47519667972511,57.493258434703,TRUE,NA
"sigma",15.02,-5.14775831071341,2.23217273897972,3.23227939546709,6.47799180287217,57.5394156255193,TRUE,NA
"sigma",15.03,-5.15029908324532,2.23294909418302,3.23306438099084,6.48078631899121,57.5855806468779,TRUE,NA
"sigma",15.04,-5.15283936245613,2.2337252477509,3.23384915105412,6.48358022860892,57.6317534952776,TRUE,NA
"sigma",15.05,-5.15537914873589,2.23450119988359,3.23463370588411,6.48637353225117,57.6779341672212,TRUE,NA
"sigma",15.06,-5.15791844247412,2.23527695078101,3.23541804570761,6.48916623044308,57.724122659215,TRUE,NA
"sigma",15.07,-5.16045724405981,2.23605250064269,3.23620217075097,6.49195832370892,57.7703189677697,TRUE,NA
"sigma",15.08,-5.16299555388144,2.23682784966782,3.23698608124014,6.49474981257216,57.8165230893998,TRUE,NA
"sigma",15.09,-5.16553337232694,2.23760299805523,3.23776977740063,6.49754069755551,57.8627350206236,TRUE,NA
"sigma",15.1,-5.16807069978373,2.23837794600339,3.23855325945755,6.50033097918085,57.9089547579634,TRUE,NA
"sigma",15.11,-5.17060753663872,2.23915269371041,3.23933652763557,6.50312065796927,57.9551822979455,TRUE,NA
"sigma",15.12,-5.17314388327828,2.23992724137406,3.24011958215899,6.50590973444109,58.0014176370998,TRUE,NA
"sigma",15.13,-5.17567974008827,2.24070158919176,3.24090242325165,6.50869820911582,58.0476607719605,TRUE,NA
"sigma",15.14,-5.17821510745401,2.24147573736056,3.24168505113699,6.51148608251219,58.0939116990652,TRUE,NA
"sigma",15.15,-5.18074998576033,2.24224968607717,3.24246746603805,6.51427335514812,58.1401704149559,TRUE,NA
"sigma",15.16,-5.18328437539151,2.24302343553797,3.24324966817746,6.51706002754079,58.1864369161781,TRUE,NA
"sigma",15.17,-5.18581827673135,2.24379698593894,3.24403165777741,6.51984610020656,58.2327111992813,TRUE,NA
"sigma",15.18,-5.18835169016312,2.24457033747578,3.24481343505973,6.52263157366102,58.2789932608188,TRUE,NA
"sigma",15.19,-5.19088461606955,2.24534349034378,3.24559500024579,6.52541644841896,58.3252830973479,TRUE,NA
"sigma",15.2,-5.19341705483289,2.24611644473793,3.24637635355659,6.52820072499444,58.3715807054294,TRUE,NA
"sigma",15.21,-5.19594900683484,2.24688920085285,3.24715749521271,6.53098440390069,58.4178860816283,TRUE,NA
"sigma",15.22,-5.19848047245664,2.24766175888282,3.24793842543434,6.5337674856502,58.4641992225133,TRUE,NA
"sigma",15.23,-5.20101145207898,2.24843411902177,3.24871914444123,6.53654997075467,58.510520124657,TRUE,NA
"sigma",15.24,-5.20354194608203,2.24920628146332,3.24949965245277,6.53933185972503,58.5568487846355,TRUE,NA
"sigma",15.25,-5.20607195484549,2.24997824640071,3.25027994968793,6.54211315307144,58.6031851990291,TRUE,NA
"sigma",15.26,-5.20860147874853,2.25075001402685,3.25106003636527,6.54489385130331,58.6495293644217,TRUE,NA
"sigma",15.27,-5.21113051816981,2.25152158453433,3.25183991270299,6.54767395492925,58.695881277401,TRUE,NA
"sigma",15.28,-5.21365907348748,2.25229295811537,3.25261957891883,6.55045346445714,58.7422409345586,TRUE,NA
"sigma",15.29,-5.21618714507919,2.25306413496189,3.25339903523018,6.55323238039407,58.7886083324897,TRUE,NA
"sigma",15.3,-5.2187147333221,2.25383511526542,3.25417828185402,6.55601070324636,58.8349834677934,TRUE,NA
"sigma",15.31,-5.22124183859283,2.25460589921721,3.25495731900693,6.55878843351961,58.8813663370726,TRUE,NA
"sigma",15.32,-5.22376846126755,2.25537648700814,3.2557361469051,6.56156557171864,58.9277569369339,TRUE,NA
"sigma",15.33,-5.22629460172187,2.25614687882877,3.25651476576434,6.5643421183475,58.9741552639875,TRUE,NA
"sigma",15.34,-5.22882026033095,2.25691707486932,3.25729317580005,6.56711807390951,59.0205613148477,TRUE,NA
"sigma",15.35,-5.23134543746941,2.25768707531967,3.25807137722723,6.56989343890721,59.0669750861323,TRUE,NA
"sigma",15.36,-5.23387013351138,2.25845688036938,3.25884937026052,6.5726682138424,59.1133965744628,TRUE,NA
"sigma",15.37,-5.23639434883052,2.25922649020769,3.25962715511416,6.57544239921615,59.1598257764645,TRUE,NA
"sigma",15.38,-5.23891808379997,2.25999590502348,3.26040473200198,6.57821599552875,59.2062626887666,TRUE,NA
"sigma",15.39,-5.24144133879236,2.26076512500532,3.26118210113744,6.58098900327976,59.2527073080018,TRUE,NA
"sigma",15.4,-5.24396411417985,2.26153415034144,3.26195926273363,6.58376142296798,59.2991596308064,TRUE,NA
"sigma",15.41,-5.24648641033409,2.26230298121977,3.26273621700323,6.58653325509149,59.3456196538206,TRUE,NA
"sigma",15.42,-5.24900822762625,2.26307161782787,3.26351296415855,6.58930450014761,59.3920873736883,TRUE,NA
"sigma",15.43,-5.25152956642698,2.26384006035301,3.26428950441149,6.59207515863291,59.4385627870571,TRUE,NA
"sigma",15.44,-5.25405042710648,2.26460830898213,3.26506583797363,6.59484523104326,59.4850458905781,TRUE,NA
"sigma",15.45,-5.25657081003442,2.26537636390181,3.26584196505609,6.59761471787375,59.5315366809062,TRUE,NA
"sigma",15.46,-5.25909071558001,2.26614422529835,3.26661788586966,6.60038361961875,59.5780351547002,TRUE,NA
"sigma",15.47,-5.26161014411194,2.26691189335772,3.26739360062475,6.60315193677191,59.624541308622,TRUE,NA
"sigma",15.48,-5.26412909599844,2.26767936826554,3.26816910953137,6.60591966982612,59.6710551393376,TRUE,NA
"sigma",15.49,-5.26664757160723,2.26844665020715,3.26894441279917,6.60868681927356,59.7175766435166,TRUE,NA
"sigma",15.5,-5.26916557130555,2.26921373936754,3.26971951063743,6.61145338560567,59.7641058178321,TRUE,NA
"sigma",15.51,-5.27168309546018,2.26998063593138,3.27049440325502,6.61421936931318,59.810642658961,TRUE,NA
"sigma",15.52,-5.27420014443739,2.27074734008303,3.27126909086046,6.61698477088605,59.8571871635837,TRUE,NA
"sigma",15.53,-5.27671671860295,2.27151385200654,3.27204357366189,6.61974959081356,59.9037393283842,TRUE,NA
"sigma",15.54,-5.27923281832218,2.27228017188564,3.27281785186711,6.62251382958426,59.9502991500503,TRUE,NA
"sigma",15.55,-5.2817484439599,2.27304629990372,3.2735919256835,6.62527748768597,59.9968666252731,TRUE,NA
"sigma",15.56,-5.28426359588047,2.2738122362439,3.27436579531809,6.62804056560576,60.0434417507478,TRUE,NA
"sigma",15.57,-5.28677827444772,2.27457798108893,3.27513946097755,6.63080306383003,60.0900245231727,TRUE,NA
"sigma",15.58,-5.28929248002506,2.2753435346213,3.27591292286816,6.63356498284445,60.13661493925,TRUE,NA
"sigma",15.59,-5.29180621297539,2.27610889702314,3.27668618119585,6.63632632313396,60.1832129956853,TRUE,NA
"sigma",15.6,-5.29431947366114,2.27687406847632,3.27745923616618,6.63908708518278,60.2298186891879,TRUE,NA
"sigma",15.61,-5.29683226244424,2.27763904916234,3.27823208798434,6.64184726947444,60.2764320164705,TRUE,NA
"sigma",15.62,-5.2993445796862,2.27840383926243,3.27900473685516,6.64460687649176,60.3230529742498,TRUE,NA
"sigma",15.63,-5.30185642574799,2.27916843895749,3.27977718298309,6.64736590671682,60.3696815592455,TRUE,NA
"sigma",15.64,-5.30436780099014,2.27993284842813,3.28054942657224,6.65012436063101,60.4163177681813,TRUE,NA
"sigma",15.65,-5.3068787057727,2.28069706785463,3.28132146782634,6.65288223871503,60.4629615977841,TRUE,NA
"sigma",15.66,-5.30938914045527,2.28146109741699,3.28209330694879,6.65563954144885,60.5096130447846,TRUE,NA
"sigma",15.67,-5.31189910539693,2.28222493729487,3.28286494414257,6.65839626931175,60.556272105917,TRUE,NA
"sigma",15.68,-5.31440860095633,2.28298858766764,3.28363637961036,6.66115242278229,60.6029387779189,TRUE,NA
"sigma",15.69,-5.31691762749163,2.28375204871438,3.28440761355445,6.66390800233836,60.6496130575315,TRUE,NA
"sigma",15.7,-5.31942618536054,2.28451532061383,3.28517864617678,6.66666300845713,60.6962949414996,TRUE,NA
"sigma",15.71,-5.32193427492027,2.28527840354447,3.28594947767894,6.66941744161506,60.7429844265715,TRUE,NA
"sigma",15.72,-5.3244418965276,2.28604129768443,3.28672010826216,6.67217130228795,60.7896815094987,TRUE,NA
"sigma",15.73,-5.32694905053881,2.28680400321158,3.28749053812729,6.67492459095087,60.8363861870366,TRUE,NA
"sigma",15.74,-5.32945573730973,2.28756652030346,3.28826076747487,6.67767730807821,60.8830984559439,TRUE,NA
"sigma",15.75,-5.33196195719574,2.28832884913732,3.28903079650507,6.68042945414368,60.9298183129829,TRUE,NA
"sigma",15.76,-5.33446771055172,2.28909098989012,3.28980062541769,6.68318102962028,60.9765457549193,TRUE,NA
"sigma",15.77,-5.33697299773212,2.2898529427385,3.2905702544122,6.68593203498034,61.0232807785222,TRUE,NA
"sigma",15.78,-5.33947781909091,2.29061470785882,3.2913396836877,6.68868247069547,61.0700233805642,TRUE,NA
"sigma",15.79,-5.3419821749816,2.29137628542712,3.29210891344297,6.69143233723664,61.1167735578215,TRUE,NA
"sigma",15.8,-5.34448606575725,2.29213767561917,3.29287794387641,6.6941816350741,61.1635313070738,TRUE,NA
"sigma",15.81,-5.34698949177044,2.29289887861043,3.29364677518609,6.69693036467743,61.2102966251039,TRUE,NA
"sigma",15.82,-5.34949245337332,2.29365989457606,3.29441540756972,6.69967852651553,61.2570695086984,TRUE,NA
"sigma",15.83,-5.35199495091755,2.29442072369094,3.29518384122469,6.7024261210566,61.3038499546472,TRUE,NA
"sigma",15.84,-5.35449698475435,2.29518136612963,3.29595207634801,6.70517314876821,61.3506379597438,TRUE,NA
"sigma",15.85,-5.35699855523448,2.29594182206644,3.29672011313637,6.70791961011718,61.3974335207847,TRUE,NA
"sigma",15.86,-5.35949966270826,2.29670209167533,3.29748795178612,6.71066550556972,61.4442366345702,TRUE,NA
"sigma",15.87,-5.36200030752552,2.29746217513002,3.29825559249323,6.71341083559133,61.491047297904,TRUE,NA
"sigma",15.88,-5.36450049003566,2.29822207260391,3.29902303545338,6.71615560064684,61.5378655075931,TRUE,NA
"sigma",15.89,-5.36700021058763,2.29898178427012,3.29979028086187,6.71889980120042,61.5846912604479,TRUE,NA
"sigma",15.9,-5.36949946952991,2.29974131030147,3.30055732891367,6.72164343771556,61.6315245532823,TRUE,NA
"sigma",15.91,-5.37199826721055,2.30050065087051,3.30132417980344,6.72438651065509,61.6783653829135,TRUE,NA
"sigma",15.92,-5.37449660397713,2.30125980614949,3.30209083372545,6.72712902048116,61.725213746162,TRUE,NA
"sigma",15.93,-5.37699448017679,2.30201877631036,3.30285729087366,6.72987096765526,61.772069639852,TRUE,NA
"sigma",15.94,-5.37949189615621,2.30277756152481,3.3036235514417,6.73261235263822,61.8189330608106,TRUE,NA
"sigma",15.95,-5.38198885226164,2.30353616196422,3.30438961562286,6.7353531758902,61.8658040058689,TRUE,NA
"sigma",15.96,-5.38448534883887,2.3042945777997,3.30515548361008,6.73809343787069,61.9126824718607,TRUE,NA
"sigma",15.97,-5.38698138623324,2.30505280920207,3.30592115559597,6.74083313903854,61.9595684556236,TRUE,NA
"sigma",15.98,-5.38947696478965,2.30581085634186,3.30668663177284,6.74357227985192,62.0064619539985,TRUE,NA
"sigma",15.99,-5.39197208485255,2.30656871938932,3.3074519123326,6.74631086076834,62.0533629638295,TRUE,NA
"sigma",16,-5.39446674676597,2.30732639851443,3.30821699746691,6.7490488822447,62.1002714819641,TRUE,NA
"sigma",16.01,-5.39696095087344,2.30808389388686,3.30898188736702,6.75178634473717,62.1471875052531,TRUE,NA
"sigma",16.02,-5.39945469751811,2.30884120567604,3.30974658222392,6.75452324870133,62.1941110305507,TRUE,NA
"sigma",16.03,-5.40194798704265,2.30959833405108,3.31051108222822,6.75725959459207,62.2410420547144,TRUE,NA
"sigma",16.04,-5.40444081978931,2.31035527918082,3.31127538757022,6.75999538286365,62.2879805746052,TRUE,NA
"sigma",16.05,-5.40693319609986,2.31111204123384,3.3120394984399,6.76273061396965,62.334926587087,TRUE,NA
"sigma",16.06,-5.4094251163157,2.31186862037842,3.31280341502689,6.76546528836305,62.3818800890274,TRUE,NA
"sigma",16.07,-5.41191658077771,2.31262501678257,3.31356713752052,6.76819940649613,62.428841077297,TRUE,NA
"sigma",16.08,-5.41440758982639,2.31338123061402,3.31433066610978,6.77093296882056,62.47580954877,TRUE,NA
"sigma",16.09,-5.41689814380179,2.31413726204024,3.31509400098334,6.77366597578736,62.5227855003235,TRUE,NA
"sigma",16.1,-5.41938824304351,2.31489311122839,3.31585714232954,6.7763984278469,62.5697689288385,TRUE,NA
"sigma",16.11,-5.42187788789072,2.31564877834537,3.3166200903364,6.77913032544889,62.6167598311986,TRUE,NA
"sigma",16.12,-5.42436707868216,2.31640426355784,3.31738284519164,6.78186166904244,62.6637582042911,TRUE,NA
"sigma",16.13,-5.42685581575613,2.31715956703214,3.31814540708261,6.784592459076,62.7107640450064,TRUE,NA
"sigma",16.14,-5.4293440994505,2.31791468893435,3.31890777619639,6.78732269599736,62.7577773502382,TRUE,NA
"sigma",16.15,-5.4318319301027,2.31866962943027,3.3196699527197,6.7900523802537,62.8047981168836,TRUE,NA
"sigma",16.16,-5.43431930804975,2.31942438868547,3.32043193683899,6.79278151229157,62.8518263418426,TRUE,NA
"sigma",16.17,-5.4368062336282,2.32017896686519,3.32119372874032,6.79551009255687,62.8988620220188,TRUE,NA
"sigma",16.18,-5.43929270717422,2.32093336413444,3.32195532860949,6.79823812149487,62.9459051543189,TRUE,NA
"sigma",16.19,-5.4417787290235,2.32168758065793,3.32271673663198,6.80096559955021,62.9929557356529,TRUE,NA
"sigma",16.2,-5.44426429951133,2.32244161660014,3.32347795299292,6.80369252716689,63.0400137629339,TRUE,NA
"sigma",16.21,-5.44674941897257,2.32319547212524,3.32423897787716,6.80641890478831,63.0870792330783,TRUE,NA
"sigma",16.22,-5.44923408774164,2.32394914739716,3.32499981146922,6.80914473285721,63.1341521430057,TRUE,NA
"sigma",16.23,-5.45171830615255,2.32470264257956,3.32576045395331,6.81187001181573,63.1812324896391,TRUE,NA
"sigma",16.24,-5.45420207453886,2.3254559578358,3.3265209055133,6.81459474210536,63.2283202699043,TRUE,NA
"sigma",16.25,-5.45668539323375,2.32620909332904,3.32728116633281,6.81731892416698,63.2754154807308,TRUE,NA
"sigma",16.26,-5.45916826256991,2.3269620492221,3.32804123659509,6.82004255844084,63.3225181190509,TRUE,NA
"sigma",16.27,-5.46165068287967,2.32771482567759,3.3288011164831,6.82276564536659,63.3696281818002,TRUE,NA
"sigma",16.28,-5.4641326544949,2.32846742285782,3.32956080617949,6.82548818538323,63.4167456659178,TRUE,NA
"sigma",16.29,-5.46661417774706,2.32921984092487,3.33032030586661,6.82821017892916,63.4638705683454,TRUE,NA
"sigma",16.3,-5.46909525296718,2.32997208004052,3.33107961572648,6.83093162644216,63.5110028860284,TRUE,NA
"sigma",16.31,-5.47157588048587,2.33072414036633,3.33183873594085,6.83365252835938,63.558142615915,TRUE,NA
"sigma",16.32,-5.47405606063333,2.33147602206356,3.33259766669112,6.83637288511738,63.6052897549568,TRUE,NA
"sigma",16.33,-5.47653579373935,2.33222772529323,3.3333564081584,6.83909269715208,63.6524443001086,TRUE,NA
"sigma",16.34,-5.47901508013327,2.33297925021608,3.33411496052351,6.84181196489881,63.6996062483281,TRUE,NA
"sigma",16.35,-5.48149392014404,2.33373059699264,3.33487332396695,6.84453068879228,63.7467755965764,TRUE,NA
"sigma",16.36,-5.48397231410018,2.3344817657831,3.33563149866891,6.84724886926658,63.7939523418176,TRUE,NA
"sigma",16.37,-5.48645026232979,2.33523275674746,3.3363894848093,6.8499665067552,63.8411364810189,TRUE,NA
"sigma",16.38,-5.48892776516057,2.33598357004545,3.3371472825677,6.85268360169103,63.8883280111509,TRUE,NA
"sigma",16.39,-5.49140482291979,2.33673420583651,3.3379048921234,6.85540015450635,63.935526929187,TRUE,NA
"sigma",16.4,-5.49388143593432,2.33748466427983,3.3386623136554,6.8581161656328,63.982733232104,TRUE,NA
"sigma",16.41,-5.49635760453061,2.33823494553441,3.3394195473424,6.86083163550149,64.0299469168817,TRUE,NA
"sigma",16.42,-5.49883332903467,2.3389850497589,3.34017659336276,6.86354656454285,64.0771679805028,TRUE,NA
"sigma",16.43,-5.50130860977216,2.33973497711175,3.3409334518946,6.86626095318676,64.1243964199535,TRUE,NA
"sigma",16.44,-5.50378344706827,2.34048472775115,3.34169012311571,6.86897480186247,64.171632232223,TRUE,NA
"sigma",16.45,-5.50625784124782,2.341234301835,3.34244660720356,6.87168811099866,64.2188754143034,TRUE,NA
"sigma",16.46,-5.50873179263519,2.34198369952102,3.34320290433538,6.87440088102337,64.26612596319,TRUE,NA
"sigma",16.47,-5.51120530155437,2.34273292096661,3.34395901468807,6.87711311236411,64.3133838758812,TRUE,NA
"sigma",16.48,-5.51367836832893,2.34348196632894,3.34471493843823,6.8798248054477,64.3606491493786,TRUE,NA
"sigma",16.49,-5.51615099328204,2.34423083576494,3.34547067576216,6.88253596070045,64.4079217806867,TRUE,NA
"sigma",16.5,-5.51862317673646,2.34497952943127,3.34622622683591,6.88524657854805,64.4552017668132,TRUE,NA
"sigma",16.51,-5.52109491901456,2.34572804748436,3.34698159183519,6.88795665941558,64.5024891047687,TRUE,NA
"sigma",16.52,-5.52356622043828,2.34647639008037,3.34773677093543,6.89066620372754,64.5497837915671,TRUE,NA
"sigma",16.53,-5.52603708132915,2.34722455737523,3.34849176431178,6.89337521190785,64.5970858242251,TRUE,NA
"sigma",16.54,-5.52850750200833,2.34797254952461,3.34924657213908,6.89608368437984,64.6443951997627,TRUE,NA
"sigma",16.55,-5.53097748279656,2.34872036668394,3.35000119459192,6.89879162156625,64.6917119152028,TRUE,NA
"sigma",16.56,-5.53344702401416,2.34946800900838,3.35075563184454,6.90149902388921,64.7390359675715,TRUE,NA
"sigma",16.57,-5.53591612598108,2.35021547665287,3.35150988407093,6.90420589177031,64.7863673538976,TRUE,NA
"sigma",16.58,-5.53838478901683,2.3509627697721,3.35226395144479,6.90691222563051,64.8337060712133,TRUE,NA
"sigma",16.59,-5.54085301344056,2.35170988852052,3.35301783413953,6.90961802589024,64.8810521165536,TRUE,NA
"sigma",16.6,-5.543320799571,2.3524568330523,3.35377153232826,6.9123232929693,64.9284054869567,TRUE,NA
"sigma",16.61,-5.54578814772647,2.35320360352139,3.3545250461838,6.91502802728693,64.9757661794637,TRUE,NA
"sigma",16.62,-5.54825505822492,2.35395020008152,3.35527837587873,6.91773222926179,65.0231341911186,TRUE,NA
"sigma",16.63,-5.55072153138388,2.35469662288614,3.35603152158529,6.92043589931198,65.0705095189689,TRUE,NA
"sigma",16.64,-5.55318756752048,2.35544287208847,3.35678448347546,6.92313903785497,65.1178921600643,TRUE,NA
"sigma",16.65,-5.55565316695148,2.35618894784149,3.35753726172094,6.92584164530772,65.1652821114582,TRUE,NA
"sigma",16.66,-5.55811832999321,2.35693485029793,3.35828985649314,6.92854372208658,65.2126793702067,TRUE,NA
"sigma",16.67,-5.56058305696163,2.35768057961028,3.35904226796318,6.93124526860731,65.2600839333691,TRUE,NA
"sigma",16.68,-5.56304734817231,2.35842613593082,3.35979449630193,6.93394628528515,65.3074957980073,TRUE,NA
"sigma",16.69,-5.5655112039404,2.35917151941155,3.36054654167993,6.93664677253472,65.3549149611864,TRUE,NA
"sigma",16.7,-5.56797462458067,2.35991673020424,3.36129840426749,6.93934673077009,65.4023414199745,TRUE,NA
"sigma",16.71,-5.57043761040751,2.36066176846043,3.36205008423459,6.94204616040477,65.4497751714428,TRUE,NA
"sigma",16.72,-5.5729001617349,2.36140663433143,3.36280158175098,6.94474506185168,65.4972162126651,TRUE,NA
"sigma",16.73,-5.57536227887643,2.3621513279683,3.36355289698611,6.9474434355232,65.5446645407185,TRUE,NA
"sigma",16.74,-5.57782396214533,2.36289584952184,3.36430403010912,6.95014128183111,65.5921201526829,TRUE,NA
"sigma",16.75,-5.5802852118544,2.36364019914267,3.36505498128895,6.95283860118667,65.6395830456412,TRUE,NA
"sigma",16.76,-5.58274602831607,2.36438437698111,3.36580575069419,6.95553539400053,65.6870532166791,TRUE,NA
"sigma",16.77,-5.58520641184237,2.36512838318731,3.3665563384932,6.95823166068282,65.7345306628855,TRUE,NA
"sigma",16.78,-5.58766636274498,2.36587221791112,3.36730674485402,6.96092740164307,65.782015381352,TRUE,NA
"sigma",16.79,-5.59012588133514,2.36661588130222,3.36805696994447,6.96362261729029,65.8295073691732,TRUE,NA
"sigma",16.8,-5.59258496792374,2.36735937350998,3.36880701393205,6.96631730803289,65.8770066234468,TRUE,NA
"sigma",16.81,-5.59504362282127,2.36810269468361,3.36955687698403,6.96901147427876,65.9245131412733,TRUE,NA
"sigma",16.82,-5.59750184633785,2.36884584497206,3.37030655926737,6.97170511643521,65.9720269197558,TRUE,NA
"sigma",16.83,-5.59995963878319,2.36958882452401,3.37105606094875,6.97439823490899,66.019547956001,TRUE,NA
"sigma",16.84,-5.60241700046664,2.37033163348798,3.37180538219463,6.97709083010632,66.0670762471179,TRUE,NA
"sigma",16.85,-5.60487393169716,2.37107427201222,3.37255452317118,6.97978290243287,66.1146117902186,TRUE,NA
"sigma",16.86,-5.60733043278332,2.37181674024472,3.37330348404426,6.9824744522937,66.1621545824183,TRUE,NA
"sigma",16.87,-5.60978650403332,2.37255903833329,3.3740522649795,6.98516548009339,66.2097046208346,TRUE,NA
"sigma",16.88,-5.61224214575497,2.37330116642551,3.37480086614226,6.98785598623594,66.2572619025886,TRUE,NA
"sigma",16.89,-5.6146973582557,2.37404312466867,3.37554928769761,6.99054597112479,66.3048264248038,TRUE,NA
"sigma",16.9,-5.61715214184258,2.3747849132099,3.37629752981037,6.99323543516284,66.3523981846069,TRUE,NA
"sigma",16.91,-5.61960649682227,2.37552653219608,3.37704559264511,6.99592437875246,66.3999771791273,TRUE,NA
"sigma",16.92,-5.62206042350108,2.37626798177384,3.37779347636609,6.99861280229544,66.4475634054973,TRUE,NA
"sigma",16.93,-5.62451392218491,2.37700926208961,3.37854118113733,7.00130070619307,66.4951568608522,TRUE,NA
"sigma",16.94,-5.62696699317932,2.37775037328959,3.37928870712259,7.00398809084605,66.5427575423298,TRUE,NA
"sigma",16.95,-5.62941963678947,2.37849131551974,3.38003605448536,7.00667495665458,66.5903654470711,TRUE,NA
"sigma",16.96,-5.63187185332015,2.37923208892579,3.38078322338885,7.00936130401827,66.63798057222,TRUE,NA
"sigma",16.97,-5.63432364307577,2.37997269365329,3.38153021399604,7.01204713333625,66.6856029149229,TRUE,NA
"sigma",16.98,-5.63677500636038,2.38071312984751,3.38227702646961,7.01473244500705,66.7332324723293,TRUE,NA
"sigma",16.99,-5.63922594347764,2.38145339765352,3.383023660972,7.0174172394287,66.7808692415916,TRUE,NA
"sigma",17,-5.64167645473085,2.38219349721618,3.3837701176654,7.02010151699869,66.8285132198647,TRUE,NA
"sigma",17.01,-5.64412654042293,2.3829334286801,3.38451639671172,7.02278527811396,66.8761644043068,TRUE,NA
"sigma",17.02,-5.64657620085643,2.38367319218969,3.3852624982726,7.02546852317091,66.9238227920785,TRUE,NA
"sigma",17.03,-5.64902543633351,2.38441278788913,3.38600842250946,7.02815125256544,66.9714883803433,TRUE,NA
"sigma",17.04,-5.65147424715602,2.38515221592236,3.3867541695834,7.03083346669287,67.0191611662679,TRUE,NA
"sigma",17.05,-5.65392263362535,2.38589147643312,3.38749973965532,7.03351516594801,67.0668411470213,TRUE,NA
"sigma",17.06,-5.6563705960426,2.38663056956495,3.38824513288584,7.03619635072516,67.1145283197756,TRUE,NA
"sigma",17.07,-5.65881813470846,2.38736949546112,3.38899034943532,7.03887702141806,67.1622226817056,TRUE,NA
"sigma",17.08,-5.66126524992326,2.38810825426472,3.38973538946385,7.04155717841992,67.209924229989,TRUE,NA
"sigma",17.09,-5.66371194198697,2.38884684611861,3.39048025313132,7.04423682212345,67.2576329618061,TRUE,NA
"sigma",17.1,-5.66615821119919,2.38958527116541,3.39122494059727,7.0469159529208,67.3053488743403,TRUE,NA
"sigma",17.11,-5.66860405785914,2.39032352954756,3.39196945202109,7.04959457120362,67.3530719647774,TRUE,NA
"sigma",17.12,-5.67104948226569,2.39106162140727,3.39271378756184,7.05227267736303,67.4008022303062,TRUE,NA
"sigma",17.13,-5.67349448471734,2.39179954688651,3.39345794737835,7.0549502717896,67.4485396681184,TRUE,NA
"sigma",17.14,-5.67593906551224,2.39253730612705,3.3942019316292,7.05762735487342,67.4962842754082,TRUE,NA
"sigma",17.15,-5.67838322494814,2.39327489927045,3.39494574047272,7.06030392700401,67.5440360493728,TRUE,NA
"sigma",17.16,-5.68082696332248,2.39401232645806,3.39568937406698,7.06297998857043,67.5917949872119,TRUE,NA
"sigma",17.17,-5.68327028093228,2.39474958783098,3.39643283256981,7.06565553996115,67.6395610861283,TRUE,NA
"sigma",17.18,-5.68571317807423,2.39548668353014,3.39717611613878,7.06833058156418,67.6873343433272,TRUE,NA
"sigma",17.19,-5.68815565504467,2.39622361369623,3.3979192249312,7.07100511376697,67.7351147560169,TRUE,NA
"sigma",17.2,-5.69059771213954,2.39696037846972,3.39866215910415,7.07367913695648,67.782902321408,TRUE,NA
"sigma",17.21,-5.69303934965447,2.39769697799089,3.39940491881445,7.07635265151914,67.8306970367144,TRUE,NA
"sigma",17.22,-5.69548056788468,2.39843341239979,3.40014750421868,7.07902565784088,67.8784988991523,TRUE,NA
"sigma",17.23,-5.69792136712508,2.39916968183628,3.40088991547317,7.08169815630709,67.9263079059407,TRUE,NA
"sigma",17.24,-5.70036174767017,2.39990578643996,3.40163215273398,7.08437014730268,67.9741240543016,TRUE,NA
"sigma",17.25,-5.70280170981415,2.40064172635027,3.40237421615695,7.08704163121202,68.0219473414595,TRUE,NA
"sigma",17.26,-5.70524125385081,2.40137750170643,3.40311610589768,7.08971260841898,68.0697777646414,TRUE,NA
"sigma",17.27,-5.70768038007361,2.40211311264742,3.40385782211148,7.09238307930692,68.1176153210775,TRUE,NA
"sigma",17.28,-5.71011908877566,2.40284855931204,3.40459936495348,7.0950530442587,68.1654600080005,TRUE,NA
"sigma",17.29,-5.7125573802497,2.40358384183888,3.40534073457852,7.09772250365666,68.2133118226455,TRUE,NA
"sigma",17.3,-5.71499525478812,2.40431896036627,3.40608193114117,7.10039145788261,68.261170762251,TRUE,NA
"sigma",17.31,-5.71743271268296,2.40505391503244,3.40682295479586,7.10305990731791,68.3090368240575,TRUE,NA
"sigma",17.32,-5.7198697542259,2.40578870597528,3.40756380569664,7.10572785234337,68.3569100053085,TRUE,NA
"sigma",17.33,-5.72230637970827,2.40652333333257,3.40830448399742,7.10839529333931,68.4047903032502,TRUE,NA
"sigma",17.34,-5.72474258942106,2.40725779724186,3.40904498985185,7.11106223068556,68.4526777151316,TRUE,NA
"sigma",17.35,-5.72717838365489,2.40799209784045,3.40978532341329,7.11372866476142,68.500572238204,TRUE,NA
"sigma",17.36,-5.72961376270003,2.40872623526548,3.41052548483491,7.11639459594569,68.5484738697218,TRUE,NA
"sigma",17.37,-5.73204872684641,2.4094602096539,3.41126547426963,7.1190600246167,68.5963826069418,TRUE,NA
"sigma",17.38,-5.7344832763836,2.4101940211424,3.41200529187012,7.12172495115227,68.6442984471235,TRUE,NA
"sigma",17.39,-5.73691741160085,2.4109276698675,3.41274493778881,7.1243893759297,68.6922213875293,TRUE,NA
"sigma",17.4,-5.73935113278702,2.41166115596549,3.41348441217788,7.12705329932581,68.7401514254239,TRUE,NA
"sigma",17.41,-5.74178444023064,2.4123944795725,3.41422371518932,7.12971672171691,68.7880885580749,TRUE,NA
"sigma",17.42,-5.74421733421989,2.41312764082441,3.41496284697481,7.13237964347884,68.8360327827525,TRUE,NA
"sigma",17.43,-5.74664981504261,2.41386063985693,3.41570180768587,7.13504206498692,68.8839840967295,TRUE,NA
"sigma",17.44,-5.7490818829863,2.41459347680555,3.41644059747372,7.137703986616,68.9319424972816,TRUE,NA
"sigma",17.45,-5.75151353833809,2.41532615180556,3.41717921648938,7.1403654087404,68.9799079816866,TRUE,NA
"sigma",17.46,-5.75394478138479,2.41605866499206,3.41791766488364,7.14302633173398,69.0278805472255,TRUE,NA
"sigma",17.47,-5.75637561241284,2.41679101649993,3.41865594280701,7.1456867559701,69.0758601911815,TRUE,NA
"sigma",17.48,-5.75880603170836,2.41752320646386,3.41939405040981,7.14834668182164,69.1238469108408,TRUE,NA
"sigma",17.49,-5.76123603955711,2.41825523501834,3.42013198784211,7.15100610966096,69.171840703492,TRUE,NA
"sigma",17.5,-5.76366563624452,2.41898710229766,3.42086975525376,7.15366503985996,69.2198415664263,TRUE,NA
"sigma",17.51,-5.76609482205568,2.41971880843591,3.42160735279434,7.15632347279006,69.2678494969376,TRUE,NA
"sigma",17.52,-5.76852359727531,2.42045035356697,3.42234478061324,7.15898140882215,69.3158644923224,TRUE,NA
"sigma",17.53,-5.77095196218783,2.42118173782454,3.42308203885959,7.16163884832668,69.3638865498798,TRUE,NA
"sigma",17.54,-5.77337991707728,2.42191296134212,3.42381912768232,7.1642957916736,69.4119156669115,TRUE,NA
"sigma",17.55,-5.77580746222738,2.42264402425299,3.42455604723009,7.16695223923237,69.4599518407218,TRUE,NA
"sigma",17.56,-5.77823459792153,2.42337492669026,3.42529279765136,7.16960819137197,69.5079950686177,TRUE,NA
"sigma",17.57,-5.78066132444275,2.42410566878682,3.42602937909434,7.17226364846091,69.5560453479085,TRUE,NA
"sigma",17.58,-5.78308764207374,2.4248362506754,3.42676579170703,7.17491861086719,69.6041026759063,TRUE,NA
"sigma",17.59,-5.78551355109689,2.42556667248848,3.42750203563718,7.17757307895836,69.6521670499259,TRUE,NA
"sigma",17.6,-5.78793905179419,2.42629693435838,3.42823811103233,7.18022705310148,69.7002384672845,TRUE,NA
"sigma",17.61,-5.79036414444737,2.42702703641722,3.42897401803978,7.18288053366313,69.7483169253019,TRUE,NA
"sigma",17.62,-5.79278882933774,2.42775697879693,3.42970975680661,7.18553352100941,69.7964024213004,TRUE,NA
"sigma",17.63,-5.79521310674637,2.42848676162923,3.43044532747967,7.18818601550595,69.8444949526051,TRUE,NA
"sigma",17.64,-5.7976369769539,2.42921638504567,3.43118073020559,7.19083801751791,69.8925945165435,TRUE,NA
"sigma",17.65,-5.80006044024071,2.42994584917757,3.43191596513077,7.19348952740996,69.9407011104454,TRUE,NA
"sigma",17.66,-5.80248349688679,2.43067515415609,3.43265103240136,7.1961405455463,69.9888147316438,TRUE,NA
"sigma",17.67,-5.80490614717185,2.43140430011219,3.43338593216335,7.19879107229066,70.0369353774738,TRUE,NA
"sigma",17.68,-5.80732839137522,2.43213328717662,3.43412066456244,7.20144110800631,70.085063045273,TRUE,NA
"sigma",17.69,-5.80975022977593,2.43286211547996,3.43485522974413,7.20409065305602,70.1331977323817,TRUE,NA
"sigma",17.7,-5.81217166265266,2.43359078515259,3.4355896278537,7.20673970780213,70.1813394361428,TRUE,NA
"sigma",17.71,-5.81459269028376,2.4343192963247,3.43632385903622,7.20938827260646,70.2294881539016,TRUE,NA
"sigma",17.72,-5.81701331294728,2.43504764912629,3.4370579234365,7.21203634783041,70.2776438830061,TRUE,NA
"sigma",17.73,-5.81943353092089,2.43577584368716,3.43779182119916,7.21468393383488,70.3258066208066,TRUE,NA
"sigma",17.74,-5.82185334448196,2.43650388013694,3.4385255524686,7.21733103098032,70.373976364656,TRUE,NA
"sigma",17.75,-5.82427275390753,2.43723175860505,3.43925911738899,7.21997763962671,70.4221531119099,TRUE,NA
"sigma",17.76,-5.82669175947431,2.43795947922073,3.43999251610426,7.22262376013357,70.4703368599261,TRUE,NA
"sigma",17.77,-5.82911036145869,2.43868704211304,3.44072574875815,7.22526939285992,70.5185276060653,TRUE,NA
"sigma",17.78,-5.8315285601367,2.43941444741083,3.44145881549417,7.22791453816438,70.5667253476903,TRUE,NA
"sigma",17.79,-5.83394635578409,2.44014169524279,3.44219171645561,7.23055919640505,70.6149300821667,TRUE,NA
"sigma",17.8,-5.83636374867625,2.4408687857374,3.44292445178554,7.23320336793961,70.6631418068626,TRUE,NA
"sigma",17.81,-5.83878073908825,2.44159571902296,3.44365702162682,7.23584705312525,70.7113605191483,TRUE,NA
"sigma",17.82,-5.84119732729486,2.4423224952276,3.44438942612208,7.23849025231872,70.7595862163969,TRUE,NA
"sigma",17.83,-5.84361351357049,2.44304911447923,3.44512166541374,7.24113296587629,70.8078188959839,TRUE,NA
"sigma",17.84,-5.84602929818925,2.4437755769056,3.44585373964402,7.2437751941538,70.8560585552873,TRUE,NA
"sigma",17.85,-5.8484446814249,2.44450188263427,3.44658564895489,7.2464169375066,70.9043051916875,TRUE,NA
"sigma",17.86,-5.85085966355092,2.4452280317926,3.44731739348812,7.24905819628961,70.9525588025675,TRUE,NA
"sigma",17.87,-5.85327424484043,2.4459540245078,3.44804897338528,7.25169897085728,71.0008193853126,TRUE,NA
"sigma",17.88,-5.85568842556625,2.44667986090686,3.44878038878771,7.25433926156362,71.0490869373108,TRUE,NA
"sigma",17.89,-5.85810220600086,2.4474055411166,3.44951163983653,7.25697906876216,71.0973614559524,TRUE,NA
"sigma",17.9,-5.86051558641643,2.44813106526366,3.45024272667265,7.259618392806,71.1456429386301,TRUE,NA
"sigma",17.91,-5.86292856708482,2.44885643347448,3.45097364943678,7.26225723404777,71.1939313827396,TRUE,NA
"sigma",17.92,-5.86534114827755,2.44958164587535,3.45170440826942,7.26489559283969,71.2422267856781,TRUE,NA
"sigma",17.93,-5.86775333026582,2.45030670259236,3.45243500331083,7.26753346953346,71.2905291448459,TRUE,NA
"sigma",17.94,-5.87016511332055,2.4510316037514,3.45316543470108,7.2701708644804,71.3388384576459,TRUE,NA
"sigma",17.95,-5.87257649771229,2.45175634947821,3.45389570258002,7.27280777803133,71.387154721483,TRUE,NA
"sigma",17.96,-5.8749874837113,2.45248093989831,3.45462580708729,7.27544421053664,71.4354779337647,TRUE,NA
"sigma",17.97,-5.87739807158752,2.45320537513709,3.45535574836232,7.27808016234628,71.483808091901,TRUE,NA
"sigma",17.98,-5.87980826161058,2.45392965531973,3.45608552654435,7.28071563380975,71.5321451933043,TRUE,NA
"sigma",17.99,-5.88221805404978,2.45465378057122,3.45681514177237,7.2833506252761,71.5804892353894,TRUE,NA
"sigma",18,-5.8846274491741,2.4553777510164,3.45754459418519,7.28598513709394,71.6288402155735,TRUE,NA
"sigma",18.01,-5.88703644725222,2.4561015667799,3.45827388392141,7.28861916961141,71.6771981312763,TRUE,NA
"sigma",18.02,-5.88944504855252,2.45682522798618,3.4590030111194,7.29125272317625,71.7255629799201,TRUE,NA
"sigma",18.03,-5.89185325334303,2.45754873475955,3.45973197591736,7.29388579813574,71.7739347589291,TRUE,NA
"sigma",18.04,-5.89426106189148,2.4582720872241,3.46046077845325,7.29651839483671,71.8223134657303,TRUE,NA
"sigma",18.05,-5.8966684744653,2.45899528550377,3.46118941886484,7.29915051362555,71.8706990977532,TRUE,NA
"sigma",18.06,-5.89907549133159,2.45971832972233,3.46191789728968,7.30178215484822,71.9190916524293,TRUE,NA
"sigma",18.07,-5.90148211275715,2.46044122000332,3.46264621386512,7.30441331885022,71.9674911271928,TRUE,NA
"sigma",18.08,-5.90388833900847,2.46116395647016,3.4633743687283,7.30704400597665,72.0158975194804,TRUE,NA
"sigma",18.09,-5.90629417035171,2.46188653924608,3.46410236201618,7.30967421657213,72.0643108267309,TRUE,NA
"sigma",18.1,-5.90869960705274,2.46260896845413,3.46483019386549,7.31230395098087,72.1127310463855,TRUE,NA
"sigma",18.11,-5.91110464937713,2.46333124421717,3.46555786441276,7.31493320954664,72.1611581758881,TRUE,NA
"sigma",18.12,-5.9135092975901,2.4640533666579,3.46628537379431,7.31756199261275,72.2095922126848,TRUE,NA
"sigma",18.13,-5.91591355195658,2.46477533589886,3.46701272214629,7.32019030052213,72.2580331542238,TRUE,NA
"sigma",18.14,-5.91831741274122,2.46549715206238,3.46773990960459,7.32281813361723,72.3064809979562,TRUE,NA
"sigma",18.15,-5.92072088020833,2.46621881527063,3.46846693630494,7.32544549224005,72.3549357413352,TRUE,NA
"sigma",18.16,-5.92312395462192,2.46694032564564,3.46919380238288,7.32807237673223,72.4033973818162,TRUE,NA
"sigma",18.17,-5.92552663624568,2.46766168330921,3.4699205079737,7.33069878743491,72.4518659168573,TRUE,NA
"sigma",18.18,-5.92792892534304,2.46838288838301,3.47064705321252,7.33332472468885,72.5003413439189,TRUE,NA
"sigma",18.19,-5.93033082217707,2.46910394098852,3.47137343823426,7.33595018883432,72.5488236604635,TRUE,NA
"sigma",18.2,-5.93273232701055,2.46982484124705,3.47209966317363,7.33857518021123,72.5973128639563,TRUE,NA
"sigma",18.21,-5.93513344010598,2.47054558927973,3.47282572816515,7.34119969915901,72.6458089518645,TRUE,NA
"sigma",18.22,-5.93753416172553,2.47126618520755,3.47355163334313,7.3438237460167,72.6943119216579,TRUE,NA
"sigma",18.23,-5.93993449213107,2.47198662915128,3.47427737884168,7.34644732112288,72.7428217708086,TRUE,NA
"sigma",18.24,-5.94233443158417,2.47270692123154,3.47500296479472,7.34907042481571,72.791338496791,TRUE,NA
"sigma",18.25,-5.9447339803461,2.47342706156881,3.47572839133597,7.35169305743295,72.8398620970819,TRUE,NA
"sigma",18.26,-5.94713313867782,2.47414705028338,3.47645365859896,7.35431521931192,72.8883925691601,TRUE,NA
"sigma",18.27,-5.94953190684,2.47486688749533,3.477178766717,7.35693691078951,72.9369299105075,TRUE,NA
"sigma",18.28,-5.951930285093,2.47558657332463,3.47790371582321,7.35955813220219,72.9854741186075,TRUE,NA
"sigma",18.29,-5.95432827369689,2.47630610789105,3.47862850605054,7.36217888388603,73.0340251909464,TRUE,NA
"sigma",18.3,-5.95672587291139,2.4770254913142,3.47935313753172,7.36479916617663,73.0825831250122,TRUE,NA
"sigma",18.31,-5.959123082996,2.47774472371352,3.48007761039928,7.36741897940923,73.131147918296,TRUE,NA
"sigma",18.32,-5.96151990420987,2.47846380520828,3.48080192478556,7.3700383239186,73.1797195682907,TRUE,NA
"sigma",18.33,-5.96391633681186,2.47918273591758,3.48152608082271,7.37265720003911,73.2282980724916,TRUE,NA
"sigma",18.34,-5.96631238106052,2.47990151596037,3.4822500786427,7.37527560810473,73.2768834283963,TRUE,NA
"sigma",18.35,-5.96870803721413,2.48062014545539,3.48297391837726,7.37789354844896,73.3254756335048,TRUE,NA
"sigma",18.36,-5.97110330553065,2.48133862452127,3.48369760015798,7.38051102140495,73.3740746853193,TRUE,NA
"sigma",18.37,-5.97349818626776,2.48205695327646,3.48442112411624,7.38312802730541,73.4226805813444,TRUE,NA
"sigma",18.38,-5.97589267968282,2.48277513183918,3.48514449038318,7.38574456648259,73.471293319087,TRUE,NA
"sigma",18.39,-5.97828678603291,2.48349316032759,3.48586769908983,7.38836063926839,73.519912896056,TRUE,NA
"sigma",18.4,-5.98068050557482,2.48421103885959,3.48659075036696,7.39097624599426,73.5685393097629,TRUE,NA
"sigma",18.41,-5.98307383856501,2.48492876755298,3.48731364434518,7.39359138699125,73.6171725577213,TRUE,NA
"sigma",18.42,-5.98546678525971,2.48564634652535,3.4880363811549,7.39620606258997,73.6658126374475,TRUE,NA
"sigma",18.43,-5.9878593459148,2.48636377589418,3.48875896092636,7.39882027312068,73.7144595464594,TRUE,NA
"sigma",18.44,-5.99025152078587,2.48708105577673,3.48948138378958,7.40143401891317,73.7631132822776,TRUE,NA
"sigma",18.45,-5.99264331012824,2.4877981862901,3.49020364987438,7.40404730029683,73.8117738424249,TRUE,NA
"sigma",18.46,-5.99503471419693,2.48851516755128,3.49092575931044,7.40666011760067,73.8604412244265,TRUE,NA
"sigma",18.47,-5.99742573324667,2.48923199967704,3.4916477122272,7.40927247115327,73.9091154258096,TRUE,NA
"sigma",18.48,-5.99981636753188,2.48994868278403,3.49236950875397,7.4118843612828,73.9577964441037,TRUE,NA
"sigma",18.49,-6.00220661730671,2.4906652169887,3.4930911490198,7.41449578831703,74.0064842768407,TRUE,NA
"sigma",18.5,-6.00459648282501,2.49138160240737,3.4938126331536,7.41710675258332,74.0551789215546,TRUE,NA
"sigma",18.51,-6.00698596434033,2.49209783915617,3.49453396128408,7.41971725440861,74.1038803757819,TRUE,NA
"sigma",18.52,-6.00937506210595,2.4928139273511,3.49525513353976,7.42232729411948,74.1525886370611,TRUE,NA
"sigma",18.53,-6.01176377637485,2.49352986710797,3.49597615004897,7.42493687204206,74.201303702933,TRUE,NA
"sigma",18.54,-6.01415210739972,2.49424565854244,3.49669701093987,7.42754598850209,74.2500255709408,TRUE,NA
"sigma",18.55,-6.01654005543297,2.49496130177004,3.49741771634043,7.43015464382493,74.2987542386296,TRUE,NA
"sigma",18.56,-6.0189276207267,2.49567679690607,3.49813826637841,7.43276283833549,74.3474897035471,TRUE,NA
"sigma",18.57,-6.02131480353275,2.49639214406575,3.49885866118141,7.43537057235832,74.3962319632428,TRUE,NA
"sigma",18.58,-6.02370160410265,2.49710734336408,3.49957890087683,7.43797784621755,74.4449810152691,TRUE,NA
"sigma",18.59,-6.02608802268765,2.49782239491593,3.50029898559191,7.44058466023693,74.4937368571798,TRUE,NA
"sigma",18.6,-6.02847405953874,2.498537298836,3.50101891545367,7.44319101473978,74.5424994865317,TRUE,NA
"sigma",18.61,-6.03085971490657,2.49925205523885,3.50173869058898,7.44579691004904,74.5912689008832,TRUE,NA
"sigma",18.62,-6.03324498904155,2.49996666423886,3.50245831112449,7.44840234648726,74.6400450977952,TRUE,NA
"sigma",18.63,-6.0356298821938,2.50068112595026,3.50317777718672,7.45100732437657,74.688828074831,TRUE,NA
"sigma",18.64,-6.03801439461313,2.50139544048713,3.50389708890195,7.45361184403873,74.7376178295555,TRUE,NA
"sigma",18.65,-6.04039852654908,2.50210960796339,3.50461624639631,7.45621590579508,74.7864143595365,TRUE,NA
"sigma",18.66,-6.04278227825092,2.50282362849278,3.50533524979573,7.45881950996657,74.8352176623436,TRUE,NA
"sigma",18.67,-6.04516564996762,2.50353750218894,3.50605409922601,7.46142265687379,74.8840277355487,TRUE,NA
"sigma",18.68,-6.04754864194788,2.5042512291653,3.5067727948127,7.46402534683688,74.9328445767258,TRUE,NA
"sigma",18.69,-6.04993125444009,2.50496480953513,3.50749133668118,7.46662758017562,74.9816681834512,TRUE,NA
"sigma",18.7,-6.05231348769239,2.50567824341159,3.50820972495671,7.46922935720938,75.0304985533035,TRUE,NA
"sigma",18.71,-6.05469534195264,2.50639153090767,3.5089279597643,7.47183067825718,75.0793356838632,TRUE,NA
"sigma",18.72,-6.05707681746838,2.50710467213618,3.50964604122881,7.4744315436376,75.1281795727132,TRUE,NA
"sigma",18.73,-6.05945791448692,2.50781766720979,3.51036396947493,7.47703195366885,75.1770302174384,TRUE,NA
"sigma",18.74,-6.06183863325524,2.50853051624103,3.51108174462716,7.47963190866875,75.225887615626,TRUE,NA
"sigma",18.75,-6.06421897402009,2.50924321934227,3.51179936680982,7.48223140895475,75.2747517648655,TRUE,NA
"sigma",18.76,-6.06659893702791,2.5099557766257,3.51251683614704,7.48483045484387,75.3236226627483,TRUE,NA
"sigma",18.77,-6.06897852252485,2.51066818820339,3.51323415276281,7.48742904665276,75.3725003068681,TRUE,NA
"sigma",18.78,-6.07135773075682,2.51138045418724,3.51395131678091,7.49002718469772,75.4213846948209,TRUE,NA
"sigma",18.79,-6.07373656196944,2.512092574689,3.51466832832493,7.4926248692946,75.4702758242046,TRUE,NA
"sigma",18.8,-6.07611501640802,2.51280454982028,3.51538518751833,7.49522210075892,75.5191736926192,TRUE,NA
"sigma",18.81,-6.07849309431763,2.51351637969251,3.51610189448436,7.49781887940579,75.5680782976673,TRUE,NA
"sigma",18.82,-6.08087079594305,2.514228064417,3.5168184493461,7.50041520554991,75.6169896369533,TRUE,NA
"sigma",18.83,-6.08324812152878,2.51493960410489,3.51753485222646,7.50301107950565,75.6659077080837,TRUE,NA
"sigma",18.84,-6.08562507131907,2.51565099886718,3.51825110324818,7.50560650158698,75.7148325086675,TRUE,NA
"sigma",18.85,-6.08800164555785,2.51636224881469,3.51896720253381,7.50820147210747,75.7637640363153,TRUE,NA
"sigma",18.86,-6.09037784448881,2.51707335405813,3.51968315020572,7.5107959913803,75.8127022886403,TRUE,NA
"sigma",18.87,-6.09275366835535,2.51778431470804,3.52039894638614,7.51339005971832,75.8616472632579,TRUE,NA
"sigma",18.88,-6.09512911740061,2.51849513087481,3.52111459119709,7.51598367743395,75.910598957785,TRUE,NA
"sigma",18.89,-6.09750419186745,2.51920580266868,3.52183008476043,7.51857684483925,75.9595573698414,TRUE,NA
"sigma",18.9,-6.09987889199844,2.51991633019973,3.52254542719785,7.52116956224589,76.0085224970484,TRUE,NA
"sigma",18.91,-6.10225321803591,2.52062671357793,3.52326061863088,7.52376182996519,76.0574943370299,TRUE,NA
"sigma",18.92,-6.10462717022189,2.52133695291305,3.52397565918084,7.52635364830807,76.1064728874115,TRUE,NA
"sigma",18.93,-6.10700074879815,2.52204704831474,3.52469054896892,7.52894501758506,76.1554581458213,TRUE,NA
"sigma",18.94,-6.10937395400619,2.52275699989251,3.5254052881161,7.53153593810636,76.2044501098894,TRUE,NA
"sigma",18.95,-6.11174678608723,2.52346680775571,3.52611987674323,7.53412641018174,76.2534487772478,TRUE,NA
"sigma",18.96,-6.11411924528223,2.52417647201351,3.52683431497094,7.53671643412061,76.3024541455307,TRUE,NA
"sigma",18.97,-6.11649133183188,2.52488599277502,3.52754860291974,7.53930601023207,76.3514662123747,TRUE,NA
"sigma",18.98,-6.11886304597659,2.5255953701491,3.52826274070993,7.54189513882475,76.4004849754182,TRUE,NA
"sigma",18.99,-6.12123438795652,2.52630460424453,3.52897672846166,7.54448382020694,76.4495104323016,TRUE,NA
"sigma",19,-6.12360535801153,2.52701369516993,3.52969056629492,7.54707205468662,76.4985425806677,TRUE,NA
"sigma",19.01,-6.12597595638124,2.52772264303375,3.53040425432949,7.54965984257129,76.5475814181613,TRUE,NA
"sigma",19.02,-6.12834618330499,2.52843144794434,3.53111779268503,7.55224718416816,76.5966269424291,TRUE,NA
"sigma",19.03,-6.13071603902186,2.52914011000985,3.531831181481,7.55483407978406,76.6456791511201,TRUE,NA
"sigma",19.04,-6.13308552377066,2.52984862933834,3.53254442083671,7.55742052972541,76.6947380418854,TRUE,NA
"sigma",19.05,-6.13545463778991,2.53055700603766,3.53325751087127,7.5600065342983,76.743803612378,TRUE,NA
"sigma",19.06,-6.13782338131792,2.53126524021558,3.53397045170367,7.56259209380843,76.7928758602531,TRUE,NA
"sigma",19.07,-6.14019175459266,2.5319733319797,3.53468324345271,7.56517720856115,76.8419547831679,TRUE,NA
"sigma",19.08,-6.14255975785191,2.53268128143745,3.535395886237,7.56776187886143,76.8910403787819,TRUE,NA
"sigma",19.09,-6.14492739133312,2.53338908869617,3.53610838017503,7.57034610501387,76.9401326447562,TRUE,NA
"sigma",19.1,-6.14729465527352,2.53409675386301,3.53682072538508,7.57292988732272,76.9892315787546,TRUE,NA
"sigma",19.11,-6.14966154991005,2.53480427704498,3.53753292198527,7.57551322609185,77.0383371784423,TRUE,NA
"sigma",19.12,-6.15202807547941,2.53551165834898,3.53824497009362,7.57809612162478,77.0874494414872,TRUE,NA
"sigma",19.13,-6.15439423221802,2.53621889788174,3.53895686982787,7.58067857422464,77.1365683655586,TRUE,NA
"sigma",19.14,-6.15676002036203,2.53692599574986,3.53966862130569,7.58326058419423,77.1856939483284,TRUE,NA
"sigma",19.15,-6.15912544014734,2.53763295205977,3.54038022464456,7.58584215183596,77.2348261874703,TRUE,NA
"sigma",19.16,-6.16149049180959,2.53833976691781,3.54109167996176,7.58842327745189,77.2839650806602,TRUE,NA
"sigma",19.17,-6.16385517558415,2.53904644043014,3.54180298737447,7.59100396134374,77.3331106255758,TRUE,NA
"sigma",19.18,-6.16621949170614,2.53975297270278,3.54251414699965,7.59358420381282,77.382262819897,TRUE,NA
"sigma",19.19,-6.1685834404104,2.54045936384163,3.54322515895412,7.59616400516011,77.4314216613057,TRUE,NA
"sigma",19.2,-6.17094702193154,2.54116561395241,3.54393602335452,7.59874336568624,77.480587147486,TRUE,NA
"sigma",19.21,-6.17331023650387,2.54187172314076,3.54464674031738,7.60132228569145,77.5297592761237,TRUE,NA
"sigma",19.22,-6.17567308436147,2.54257769151211,3.54535730995899,7.60390076547565,77.578938044907,TRUE,NA
"sigma",19.23,-6.17803556573816,2.54328351917181,3.54606773239555,7.60647880533839,77.6281234515258,TRUE,NA
"sigma",19.24,-6.18039768086749,2.54398920622504,3.54677800774305,7.60905640557884,77.6773154936724,TRUE,NA
"sigma",19.25,-6.18275942998274,2.54469475277685,3.54748813611735,7.61163356649585,77.7265141690406,TRUE,NA
"sigma",19.26,-6.18512081331696,2.54540015893213,3.54819811763411,7.61421028838787,77.7757194753269,TRUE,NA
"sigma",19.27,-6.18748183110293,2.54610542479565,3.54890795240885,7.616786571553,77.824931410229,TRUE,NA
"sigma",19.28,-6.18984248357317,2.54681055047206,3.54961764055698,7.61936241628905,77.8741499714475,TRUE,NA
"sigma",19.29,-6.19220277095994,2.54751553606583,3.55032718219366,7.6219378228934,77.9233751566842,TRUE,NA
"sigma",19.3,-6.19456269349526,2.54822038168132,3.55103657743395,7.62451279166311,77.9726069636435,TRUE,NA
"sigma",19.31,-6.19692225141087,2.54892508742276,3.55174582639275,7.62708732289489,78.0218453900313,TRUE,NA
"sigma",19.32,-6.19928144493828,2.54962965339419,3.55245492918474,7.62966141688506,78.0710904335562,TRUE,NA
"sigma",19.33,-6.20164027430872,2.55033407969958,3.55316388592453,7.63223507392964,78.1203420919281,TRUE,NA
"sigma",19.34,-6.20399873975319,2.55103836644273,3.55387269672651,7.63480829432429,78.1696003628594,TRUE,NA
"sigma",19.35,-6.20635684150241,2.55174251372731,3.55458136170494,7.63738107836429,78.2188652440639,TRUE,NA
"sigma",19.36,-6.20871457978686,2.55244652165681,3.55528988097389,7.63995342634457,78.2681367332581,TRUE,NA
"sigma",19.37,-6.21107195483678,2.55315039033468,3.55599825464733,7.64252533855975,78.3174148281601,TRUE,NA
"sigma",19.38,-6.21342896688212,2.55385411986414,3.556706482839,7.64509681530407,78.36669952649,TRUE,NA
"sigma",19.39,-6.21578561615261,2.55455771034833,3.55741456566255,7.64766785687145,78.4159908259699,TRUE,NA
"sigma",19.4,-6.21814190287772,2.55526116189023,3.55812250323143,7.65023846355541,78.4652887243239,TRUE,NA
"sigma",19.41,-6.22049782728666,2.55596447459269,3.55883029565895,7.65280863564917,78.5145932192782,TRUE,NA
"sigma",19.42,-6.22285338960837,2.55666764855842,3.55953794305826,7.65537837344559,78.5639043085607,TRUE,NA
"sigma",19.43,-6.22520859007161,2.55737068389001,3.56024544554238,7.65794767723719,78.6132219899016,TRUE,NA
"sigma",19.44,-6.2275634289048,2.55807358068992,3.56095280322412,7.66051654731614,78.6625462610327,TRUE,NA
"sigma",19.45,-6.22991790633617,2.55877633906045,3.56166001621619,7.66308498397424,78.7118771196882,TRUE,NA
"sigma",19.46,-6.23227202259366,2.55947895910375,3.56236708463109,7.665652987503,78.7612145636039,TRUE,NA
"sigma",19.47,-6.234625777905,2.56018144092191,3.56307400858123,7.66822055819353,78.8105585905177,TRUE,NA
"sigma",19.48,-6.23697917249763,2.56088378461683,3.56378078817883,7.67078769633664,78.8599091981695,TRUE,NA
"sigma",19.49,-6.23933220659878,2.56158599029028,3.56448742353594,7.67335440222278,78.9092663843009,TRUE,NA
"sigma",19.5,-6.2416848804354,2.56228805804392,3.5651939147645,7.67592067614207,78.9586301466561,TRUE,NA
"sigma",19.51,-6.24403719423421,2.56298998797924,3.56590026197624,7.67848651838424,79.0080004829805,TRUE,NA
"sigma",19.52,-6.24638914822168,2.56369178019764,3.56660646528281,7.68105192923875,79.0573773910217,TRUE,NA
"sigma",19.53,-6.24874074262402,2.56439343480035,3.56731252479564,7.68361690899469,79.1067608685295,TRUE,NA
"sigma",19.54,-6.2510919776672,2.56509495188852,3.56801844062604,7.6861814579408,79.1561509132554,TRUE,NA
"sigma",19.55,-6.25344285357696,2.5657963315631,3.56872421288516,7.68874557636548,79.205547522953,TRUE,NA
"sigma",19.56,-6.25579337057876,2.56649757392497,3.56942984168402,7.69130926455682,79.2549506953774,TRUE,NA
"sigma",19.57,-6.25814352889785,2.56719867907483,3.57013532713345,7.69387252280254,79.3043604282863,TRUE,NA
"sigma",19.58,-6.26049332875921,2.5678996471133,3.57084066934416,7.69643535139004,79.3537767194388,TRUE,NA
"sigma",19.59,-6.26284277038758,2.56860047814081,3.5715458684267,7.69899775060639,79.4031995665962,TRUE,NA
"sigma",19.6,-6.26519185400746,2.56930117225772,3.57225092449146,7.7015597207383,79.4526289675216,TRUE,NA
"sigma",19.61,-6.2675405798431,2.57000172956422,3.57295583764869,7.70412126207217,79.5020649199801,TRUE,NA
"sigma",19.62,-6.2698889481185,2.57070215016036,3.57366060800849,7.70668237489405,79.5515074217387,TRUE,NA
"sigma",19.63,-6.27223695905744,2.57140243414612,3.57436523568081,7.70924305948965,79.6009564705663,TRUE,NA
"sigma",19.64,-6.27458461288345,2.57210258162128,3.57506972077544,7.71180331614438,79.6504120642339,TRUE,NA
"sigma",19.65,-6.27693190981977,2.57280259268554,3.57577406340204,7.71436314514326,79.6998742005139,TRUE,NA
"sigma",19.66,-6.27927885008947,2.57350246743845,3.57647826367011,7.71692254677104,79.7493428771812,TRUE,NA
"sigma",19.67,-6.28162543391534,2.57420220597943,3.57718232168899,7.71948152131209,79.7988180920122,TRUE,NA
"sigma",19.68,-6.28397166151992,2.57490180840778,3.5778862375679,7.72204006905047,79.8482998427856,TRUE,NA
"sigma",19.69,-6.28631753312552,2.57560127482267,3.57859001141589,7.72459819026992,79.8977881272816,TRUE,NA
"sigma",19.7,-6.28866304895423,2.57630060532316,3.57929364334189,7.72715588525382,79.9472829432825,TRUE,NA
"sigma",19.71,-6.29100820922785,2.57699980000812,3.57999713345462,7.72971315428523,79.9967842885723,TRUE,NA
"sigma",19.72,-6.29335301416798,2.57769885897637,3.58070048186271,7.73226999764691,80.0462921609374,TRUE,NA
"sigma",19.73,-6.29569746399598,2.57839778232656,3.58140368867465,7.73482641562125,80.0958065581656,TRUE,NA
"sigma",19.74,-6.29804155893294,2.57909657015721,3.58210675399875,7.73738240849033,80.1453274780467,TRUE,NA
"sigma",19.75,-6.30038529919974,2.57979522256675,3.58280967794317,7.73993797653589,80.1948549183724,TRUE,NA
"sigma",19.76,-6.302728685017,2.58049373965342,3.58351246061596,7.74249312003938,80.2443888769363,TRUE,NA
"sigma",19.77,-6.30507171660512,2.58119212151541,3.584215102125,7.74504783928188,80.2939293515341,TRUE,NA
"sigma",19.78,-6.30741439418426,2.58189036825073,3.58491760257802,7.74760213454417,80.343476339963,TRUE,NA
"sigma",19.79,-6.30975671797432,2.58258847995728,3.58561996208262,7.75015600610671,80.3930298400222,TRUE,NA
"sigma",19.8,-6.31209868819498,2.58328645673283,3.58632218074625,7.75270945424958,80.442589849513,TRUE,NA
"sigma",19.81,-6.31444030506569,2.58398429867504,3.58702425867621,7.75526247925262,80.4921563662383,TRUE,NA
"sigma",19.82,-6.31678156880566,2.58468200588143,3.58772619597967,7.75781508139529,80.541729388003,TRUE,NA
"sigma",19.83,-6.31912247963384,2.5853795784494,3.58842799276363,7.76036726095673,80.5913089126138,TRUE,NA
"sigma",19.84,-6.32146303776896,2.58607701647622,3.58912964913498,7.76291901821576,80.6408949378794,TRUE,NA
"sigma",19.85,-6.32380324342953,2.58677432005904,3.58983116520044,7.76547035345092,80.69048746161,TRUE,NA
"sigma",19.86,-6.3261430968338,2.5874714892949,3.59053254106659,7.76802126694036,80.7400864816181,TRUE,NA
"sigma",19.87,-6.32848259819981,2.58816852428068,3.59123377683989,7.77057175896195,80.789691995718,TRUE,NA
"sigma",19.88,-6.33082174774535,2.58886542511319,3.59193487262664,7.77312182979325,80.8393040017256,TRUE,NA
"sigma",19.89,-6.33316054568796,2.58956219188906,3.592635828533,7.77567147971147,80.8889224974588,TRUE,NA
"sigma",19.9,-6.33549899224497,2.59025882470482,3.59333664466496,7.77822070899349,80.9385474807372,TRUE,NA
"sigma",19.91,-6.33783708763347,2.5909553236569,3.59403732112843,7.78076951791592,80.9881789493825,TRUE,NA
"sigma",19.92,-6.34017483207032,2.59165168884157,3.59473785802912,7.78331790675502,81.0378169012181,TRUE,NA
"sigma",19.93,-6.34251222577214,2.592347920355,3.59543825547264,7.78586587578672,81.0874613340693,TRUE,NA
"sigma",19.94,-6.34484926895532,2.59304401829323,3.59613851356444,7.78841342528667,81.1371122457631,TRUE,NA
"sigma",19.95,-6.34718596183602,2.59373998275217,3.5968386324098,7.79096055553017,81.1867696341285,TRUE,NA
"sigma",19.96,-6.34952230463017,2.59443581382765,3.59753861211396,7.79350726679222,81.2364334969962,TRUE,NA
"sigma",19.97,-6.35185829755346,2.59513151161532,3.59823845278189,7.7960535593475,81.2861038321991,TRUE,NA
"sigma",19.98,-6.35419394082137,2.59582707621073,3.59893815451849,7.79859943347037,81.3357806375711,TRUE,NA
"sigma",19.99,-6.3565292346491,2.59652250770931,3.5996377174285,7.80114488943487,81.3854639109488,TRUE,NA
"sigma",20,-6.35886417925169,2.59721780620641,3.60033714161659,7.80368992751476,81.4351536501704,TRUE,NA
"sigma",20.01,-6.36119877484388,2.59791297179719,3.60103642718719,7.80623454798344,81.4848498530755,TRUE,NA
"sigma",20.02,-6.36353302164024,2.59860800457671,3.60173557424462,7.80877875111403,81.534552517506,TRUE,NA
"sigma",20.03,-6.36586691985508,2.59930290463996,3.60243458289312,7.81132253717931,81.5842616413054,TRUE,NA
"sigma",20.04,-6.36820046970247,2.59999767208174,3.60313345323672,7.81386590645179,81.6339772223189,TRUE,NA
"sigma",20.05,-6.37053367139627,2.60069230699677,3.60383218537933,7.8164088592036,81.6836992583938,TRUE,NA
"sigma",20.06,-6.37286652515012,2.60138680947965,3.60453077942477,7.81895139570664,81.7334277473791,TRUE,NA
"sigma",20.07,-6.37519903117742,2.60208117962484,3.60522923547665,7.82149351623243,81.7831626871256,TRUE,NA
"sigma",20.08,-6.37753118969132,2.60277541752668,3.60592755363848,7.82403522105222,81.8329040754858,TRUE,NA
"sigma",20.09,-6.37986300090479,2.60346952327945,3.60662573401365,7.82657651043695,81.8826519103141,TRUE,NA
"sigma",20.1,-6.38219446503054,2.60416349697723,3.60732377670538,7.82911738465722,81.9324061894667,TRUE,NA
"sigma",20.11,-6.38452558228106,2.60485733871401,3.60802168181678,7.83165784398334,81.9821669108014,TRUE,NA
"sigma",20.12,-6.38685635286862,2.6055510485837,3.60871944945081,7.83419788868535,82.0319340721784,TRUE,NA
"sigma",20.13,-6.38918677700525,2.60624462668003,3.60941707971028,7.8367375190329,82.0817076714589,TRUE,NA
"sigma",20.14,-6.39151685490277,2.60693807309666,3.61011457269788,7.83927673529539,82.1314877065063,TRUE,NA
"sigma",20.15,-6.39384658677275,2.6076313879271,3.61081192851618,7.84181553774191,82.1812741751858,TRUE,NA
"sigma",20.16,-6.3961759728266,2.60832457126479,3.61150914726762,7.84435392664124,82.2310670753644,TRUE,NA
"sigma",20.17,-6.39850501327542,2.60901762320299,3.61220622905445,7.84689190226184,82.2808664049108,TRUE,NA
"sigma",20.18,-6.40083370833013,2.60971054383487,3.61290317397881,7.84942946487187,82.3306721616955,TRUE,NA
"sigma",20.19,-6.40316205820142,2.61040333325351,3.61359998214276,7.85196661473919,82.3804843435904,TRUE,NA
"sigma",20.2,-6.40549006309977,2.61109599155184,3.61429665364814,7.85450335213137,82.4303029484701,TRUE,NA
"sigma",20.21,-6.40781772323541,2.61178851882267,3.61499318859673,7.85703967731564,82.4801279742101,TRUE,NA
"sigma",20.22,-6.41014503881838,2.61248091515873,3.61568958709013,7.85957559055896,82.5299594186881,TRUE,NA
"sigma",20.23,-6.41247201005846,2.61317318065259,3.61638584922982,7.86211109212798,82.5797972797833,TRUE,NA
"sigma",20.24,-6.41479863716523,2.61386531539674,3.61708197511715,7.86464618228904,82.629641555377,TRUE,NA
"sigma",20.25,-6.41712492034804,2.61455731948354,3.61777796485334,7.86718086130817,82.679492243352,TRUE,NA
"sigma",20.26,-6.41945085981604,2.61524919300524,3.61847381853947,7.86971512945112,82.729349341593,TRUE,NA
"sigma",20.27,-6.42177645577812,2.61594093605394,3.61916953627649,7.87224898698333,82.7792128479864,TRUE,NA
"sigma",20.28,-6.42410170844299,2.6166325487217,3.61986511816523,7.87478243416995,82.8290827604203,TRUE,NA
"sigma",20.29,-6.42642661801911,2.61732403110039,3.62056056430635,7.87731547127579,82.8789590767847,TRUE,NA
"sigma",20.3,-6.42875118471472,2.6180153832818,3.62125587480043,7.87984809856541,82.9288417949711,TRUE,NA
"sigma",20.31,-6.43107540873787,2.61870660535761,3.62195104974788,7.88238031630306,82.9787309128731,TRUE,NA
"sigma",20.32,-6.43339929029635,2.61939769741937,3.622646089249,7.88491212475266,83.0286264283858,TRUE,NA
"sigma",20.33,-6.43572282959777,2.62008865955852,3.62334099340395,7.88744352417786,83.0785283394061,TRUE,NA
"sigma",20.34,-6.43804602684949,2.62077949186641,3.62403576231276,7.88997451484203,83.1284366438328,TRUE,NA
"sigma",20.35,-6.44036888225866,2.62147019443424,3.62473039607534,7.8925050970082,83.1783513395659,TRUE,NA
"sigma",20.36,-6.44269139603223,2.62216076735311,3.62542489479146,7.89503527093913,83.2282724245079,TRUE,NA
"sigma",20.37,-6.4450135683769,2.62285121071402,3.62611925856074,7.89756503689728,83.2781998965626,TRUE,NA
"sigma",20.38,-6.44733539949918,2.62354152460784,3.62681348748271,7.9000943951448,83.3281337536354,TRUE,NA
"sigma",20.39,-6.44965688960535,2.62423170912535,3.62750758165674,7.90262334594358,83.3780739936339,TRUE,NA
"sigma",20.4,-6.45197803890147,2.62492176435719,3.62820154118212,7.90515188955518,83.428020614467,TRUE,NA
"sigma",20.41,-6.45429884759339,2.62561169039391,3.62889536615794,7.90768002624088,83.4779736140455,TRUE,NA
"sigma",20.42,-6.45661931588674,2.62630148732592,3.62958905668318,7.91020775626166,83.5279329902819,TRUE,NA
"sigma",20.43,-6.45893944398694,2.62699115524355,3.63028261285674,7.91273507987824,83.5778987410906,TRUE,NA
"sigma",20.44,-6.4612592320992,2.62768069423701,3.63097603477735,7.91526199735099,83.6278708643873,TRUE,NA
"sigma",20.45,-6.46357868042849,2.6283701043964,3.63166932254364,7.91778850894003,83.6778493580899,TRUE,NA
"sigma",20.46,-6.46589778917957,2.62905938581166,3.63236247625403,7.92031461490517,83.7278342201175,TRUE,NA
"sigma",20.47,-6.46821655855701,2.62974853857272,3.63305549600696,7.92284031550596,83.7778254483913,TRUE,NA
"sigma",20.48,-6.47053498876515,2.63043756276929,3.63374838190059,7.92536561100159,83.8278230408343,TRUE,NA
"sigma",20.49,-6.47285308000812,2.63112645849106,3.63444113403307,7.92789050165105,83.8778269953708,TRUE,NA
"sigma",20.5,-6.47517083248982,2.63181522582755,3.63513375250235,7.93041498771297,83.9278373099271,TRUE,NA
"sigma",20.51,-6.47748824641395,2.63250386486819,3.63582623740628,7.93293906944571,83.977853982431,TRUE,NA
"sigma",20.52,-6.47980532198401,2.63319237570231,3.6365185888426,7.93546274710736,84.0278770108124,TRUE,NA
"sigma",20.53,-6.48212205940325,2.6338807584191,3.63721080690888,7.93798602095571,84.0779063930025,TRUE,NA
"sigma",20.54,-6.48443845887476,2.63456901310768,3.63790289170261,7.94050889124825,84.1279421269342,TRUE,NA
"sigma",20.55,-6.48675452060135,2.63525713985703,3.63859484332112,7.9430313582422,84.1779842105422,TRUE,NA
"sigma",20.56,-6.48907024478569,2.63594513875604,3.63928666186165,7.94555342219447,84.2280326417631,TRUE,NA
"sigma",20.57,-6.49138563163018,2.63663300989348,3.63997834742129,7.94807508336172,84.278087418535,TRUE,NA
"sigma",20.58,-6.49370068133705,2.63732075335799,3.64066990009698,7.9505963420003,84.3281485387975,TRUE,NA
"sigma",20.59,-6.49601539410829,2.63800836923816,3.6413613199856,7.95311719836626,84.3782160004921,TRUE,NA
"sigma",20.6,-6.49832977014569,2.63869585762243,3.64205260718386,7.9556376527154,84.428289801562,TRUE,NA
"sigma",20.61,-6.50064380965085,2.63938321859912,3.64274376178836,7.9581577053032,84.478369939952,TRUE,NA
"sigma",20.62,-6.50295751282511,2.64007045225648,3.64343478389558,7.96067735638489,84.5284564136087,TRUE,NA
"sigma",20.63,-6.50527087986966,2.64075755868263,3.64412567360184,7.96319660621539,84.5785492204804,TRUE,NA
"sigma",20.64,-6.50758391098544,2.64144453796557,3.64481643100339,7.96571545504935,84.6286483585167,TRUE,NA
"sigma",20.65,-6.50989660637318,2.64213139019322,3.64550705619632,7.96823390314112,84.6787538256692,TRUE,NA
"sigma",20.66,-6.51220896623344,2.64281811545338,3.64619754927662,7.9707519507448,84.7288656198913,TRUE,NA
"sigma",20.67,-6.51452099076651,2.64350471383374,3.64688791034014,7.97326959811417,84.7789837391377,TRUE,NA
"sigma",20.68,-6.51683268017254,2.64419118542188,3.64757813948261,7.97578684550276,84.829108181365,TRUE,NA
"sigma",20.69,-6.51914403465143,2.64487753030529,3.64826823679966,7.97830369316381,84.8792389445315,TRUE,NA
"sigma",20.7,-6.52145505440286,2.64556374857135,3.64895820238676,7.98082014135026,84.9293760265968,TRUE,NA
"sigma",20.71,-6.52376573962635,2.64624984030731,3.64964803633928,7.98333619031479,84.9795194255228,TRUE,NA
"sigma",20.72,-6.52607609052117,2.64693580560034,3.65033773875248,7.9858518403098,85.0296691392722,TRUE,NA
"sigma",20.73,-6.52838610728641,2.64762164453748,3.65102730972145,7.98836709158739,85.0798251658103,TRUE,NA
"sigma",20.74,-6.53069579012093,2.6483073572057,3.65171674934123,7.99088194439942,85.1299875031035,TRUE,NA
"sigma",20.75,-6.53300513922342,2.64899294369183,3.6524060577067,7.99339639899743,85.1801561491198,TRUE,NA
"sigma",20.76,-6.53531415479232,2.64967840408262,3.65309523491261,7.99591045563271,85.2303311018291,TRUE,NA
"sigma",20.77,-6.5376228370259,2.6503637384647,3.65378428105359,7.99842411455626,85.2805123592027,TRUE,NA
"sigma",20.78,-6.5399311861222,2.65104894692458,3.65447319622419,8.00093737601881,85.3306999192138,TRUE,NA
"sigma",20.79,-6.54223920227907,2.6517340295487,3.65516198051878,8.00345024027079,85.3808937798373,TRUE,NA
"sigma",20.8,-6.54454688569415,2.65241898642338,3.65585063403165,8.00596270756239,85.4310939390492,TRUE,NA
"sigma",20.81,-6.54685423656489,2.65310381763482,3.65653915685696,8.0084747781435,85.4813003948278,TRUE,NA
"sigma",20.82,-6.5491612550885,2.65378852326915,3.65722754908877,8.01098645226376,85.5315131451526,TRUE,NA
"sigma",20.83,-6.55146794146203,2.65447310341235,3.65791581082098,8.01349773017249,85.5817321880049,TRUE,NA
"sigma",20.84,-6.55377429588229,2.65515755815033,3.65860394214739,8.01600861211876,85.6319575213676,TRUE,NA
"sigma",20.85,-6.55608031854592,2.65584188756891,3.6592919431617,8.0185190983514,85.6821891432253,TRUE,NA
"sigma",20.86,-6.55838600964931,2.65652609175375,3.65997981395748,8.02102918911889,85.732427051564,TRUE,NA
"sigma",20.87,-6.56069136938872,2.65721017079047,3.66066755462816,8.02353888466953,85.7826712443717,TRUE,NA
"sigma",20.88,-6.56299639796013,2.65789412476454,3.66135516526708,8.02604818525126,85.8329217196378,TRUE,NA
"sigma",20.89,-6.56530109555936,2.65857795376136,3.66204264596744,8.0285570911118,85.8831784753531,TRUE,NA
"sigma",20.9,-6.56760546238204,2.65926165786619,3.66272999682234,8.03106560249858,85.9334415095106,TRUE,NA
"sigma",20.91,-6.56990949862355,2.65994523716423,3.66341721792477,8.03357371965877,85.9837108201041,TRUE,NA
"sigma",20.92,-6.57221320447912,2.66062869174055,3.66410430936757,8.03608144283926,86.0339864051299,TRUE,NA
"sigma",20.93,-6.57451658014376,2.66131202168012,3.66479127124348,8.03858877228665,86.0842682625853,TRUE,NA
"sigma",20.94,-6.57681962581226,2.66199522706783,3.66547810364514,8.04109570824732,86.1345563904696,TRUE,NA
"sigma",20.95,-6.57912234167925,2.66267830798843,3.66616480666505,8.04360225096734,86.1848507867832,TRUE,NA
"sigma",20.96,-6.58142472793913,2.66336126452658,3.6668513803956,8.0461084006925,86.2351514495287,TRUE,NA
"sigma",20.97,-6.58372678478608,2.66404409676688,3.66753782492905,8.04861415766838,86.2854583767099,TRUE,NA
"sigma",20.98,-6.58602851241416,2.66472680479377,3.66822414035759,8.05111952214023,86.3357715663323,TRUE,NA
"sigma",20.99,-6.58832991101713,2.66540938869163,3.66891032677325,8.05362449435304,86.3860910164032,TRUE,NA
"sigma",21,-6.59063098078864,2.66609184854472,3.66959638426795,8.05612907455159,86.4364167249312,TRUE,NA
"sigma",21.01,-6.59293172192207,2.66677418443721,3.67028231293352,8.05863326298032,86.4867486899265,TRUE,NA
"sigma",21.02,-6.59523213461066,2.66745639645314,3.67096811286164,8.06113705988344,86.5370869094013,TRUE,NA
"sigma",21.03,-6.59753221904741,2.66813848467647,3.67165378414389,8.06364046550489,86.5874313813688,TRUE,NA
"sigma",21.04,-6.59983197542514,2.66882044919111,3.67233932687176,8.06614348008835,86.6377821038443,TRUE,NA
"sigma",21.05,-6.60213140393648,2.66950229008077,3.67302474113658,8.0686461038772,86.6881390748444,TRUE,NA
"sigma",21.06,-6.60443050477385,2.67018400742913,3.67371002702959,8.0711483371146,86.7385022923876,TRUE,NA
"sigma",21.07,-6.60672927812948,2.67086560131977,3.67439518464194,8.07365018004343,86.7888717544935,TRUE,NA
"sigma",21.08,-6.6090277241954,2.67154707183611,3.67508021406461,8.07615163290629,86.8392474591836,TRUE,NA
"sigma",21.09,-6.61132584316344,2.67222841906155,3.67576511538851,8.07865269594553,86.8896294044809,TRUE,NA
"sigma",21.1,-6.61362363522524,2.67290964307933,3.67644988870442,8.08115336940322,86.94001758841,TRUE,NA
"sigma",21.11,-6.61592110057224,2.67359074397262,3.677134534103,8.08365365352122,86.9904120089972,TRUE,NA
"sigma",21.12,-6.6182182393957,2.6742717218245,3.67781905167484,8.08615354854104,87.0408126642701,TRUE,NA
"sigma",21.13,-6.62051505188667,2.67495257671792,3.67850344151034,8.08865305470401,87.0912195522581,TRUE,NA
"sigma",21.14,-6.62281153823599,2.67563330873575,3.67918770369986,8.09115217225115,87.141632670992,TRUE,NA
"sigma",21.15,-6.62510769863435,2.67631391796076,3.67987183833362,8.09365090142323,87.1920520185044,TRUE,NA
"sigma",21.16,-6.62740353327221,2.67699440447563,3.6805558455017,8.09614924246078,87.2424775928292,TRUE,NA
"sigma",21.17,-6.62969904233984,2.67767476836292,3.68123972529412,8.09864719560402,87.2929093920019,TRUE,NA
"sigma",21.18,-6.63199422602732,2.67835500970512,3.68192347780075,8.10114476109297,87.3433474140598,TRUE,NA
"sigma",21.19,-6.63428908452454,2.67903512858459,3.68260710311137,8.10364193916734,87.3937916570417,TRUE,NA
"sigma",21.2,-6.63658361802121,2.67971512508362,3.68329060131562,8.1061387300666,87.4442421189876,TRUE,NA
"sigma",21.21,-6.63887782670681,2.68039499928439,3.68397397250306,8.10863513402997,87.4946987979395,TRUE,NA
"sigma",21.22,-6.64117171077066,2.68107475126899,3.68465721676312,8.11113115129641,87.5451616919407,TRUE,NA
"sigma",21.23,-6.64346527040188,2.6817543811194,3.68534033418514,8.1136267821046,87.5956307990361,TRUE,NA
"sigma",21.24,-6.6457585057894,2.68243388891752,3.68602332485833,8.11612202669298,87.6461061172724,TRUE,NA
"sigma",21.25,-6.64805141712195,2.68311327474514,3.68670618887177,8.11861688529975,87.6965876446974,TRUE,NA
"sigma",21.26,-6.65034400458806,2.68379253868396,3.68738892631449,8.1211113581628,87.7470753793606,TRUE,NA
"sigma",21.27,-6.6526362683761,2.68447168081558,3.68807153727534,8.12360544551982,87.7975693193132,TRUE,NA
"sigma",21.28,-6.65492820867421,2.68515070122151,3.68875402184312,8.1260991476082,87.8480694626079,TRUE,NA
"sigma",21.29,-6.65721982567038,2.68582959998314,3.68943638010647,8.12859246466511,87.898575807299,TRUE,NA
"sigma",21.3,-6.65951111955238,2.68650837718181,3.69011861215398,8.13108539692745,87.949088351442,TRUE,NA
"sigma",21.31,-6.66180209050781,2.68718703289872,3.69080071807406,8.13357794463185,87.9996070930944,TRUE,NA
"sigma",21.32,-6.66409273872405,2.687865567215,3.69148269795506,8.1360701080147,88.0501320303147,TRUE,NA
"sigma",21.33,-6.66638306438831,2.68854398021167,3.6921645518852,8.13856188731214,88.1006631611635,TRUE,NA
"sigma",21.34,-6.66867306768764,2.68922227196967,3.69284627995261,8.14105328276005,88.1512004837027,TRUE,NA
"sigma",21.35,-6.67096274880884,2.68990044256983,3.69352788224529,8.14354429459405,88.2017439959954,TRUE,NA
"sigma",21.36,-6.67325210793856,2.69057849209289,3.69420935885114,8.14603492304952,88.2522936961067,TRUE,NA
"sigma",21.37,-6.67554114526328,2.6912564206195,3.69489070985797,8.14852516836158,88.3028495821032,TRUE,NA
"sigma",21.38,-6.67782986096923,2.69193422823022,3.69557193535344,8.1510150307651,88.3534116520524,TRUE,NA
"sigma",21.39,-6.68011825524251,2.6926119150055,3.69625303542515,8.15350451049469,88.4039799040243,TRUE,NA
"sigma",21.4,-6.68240632826899,2.69328948102569,3.69693401016054,8.15599360778471,88.4545543360896,TRUE,NA
"sigma",21.41,-6.6846940802344,2.69396692637109,3.697614859647,8.15848232286929,88.5051349463211,TRUE,NA
"sigma",21.42,-6.68698151132424,2.69464425112184,3.69829558397177,8.16097065598228,88.5557217327925,TRUE,NA
"sigma",21.43,-6.68926862172386,2.69532145535806,3.69897618322203,8.1634586073573,88.6063146935795,TRUE,NA
"sigma",21.44,-6.69155541161837,2.69599853915969,3.69965665748476,8.16594617722771,88.6569138267594,TRUE,NA
"sigma",21.45,-6.69384188119275,2.69667550260667,3.70033700684694,8.16843336582663,88.7075191304102,TRUE,NA
"sigma",21.46,-6.69612803063175,2.69735234577876,3.70101723139538,8.17092017338689,88.7581306026124,TRUE,NA
"sigma",21.47,-6.69841386011998,2.69802906875571,3.70169733121681,8.17340660014115,88.8087482414476,TRUE,NA
"sigma",21.48,-6.70069936984182,2.69870567161712,3.70237730639785,8.17589264632176,88.8593720449987,TRUE,NA
"sigma",21.49,-6.70298455998148,2.6993821544425,3.703057157025,8.17837831216083,88.9100020113503,TRUE,NA
"sigma",21.5,-6.70526943072301,2.70005851731127,3.70373688318464,8.18086359789022,88.9606381385887,TRUE,NA
"sigma",21.51,-6.70755398225025,2.70073476030281,3.70441648496313,8.18334850374158,89.0112804248013,TRUE,NA
"sigma",21.52,-6.70983821474684,2.70141088349632,3.7050959624466,8.18583302994627,89.0619288680772,TRUE,NA
"sigma",21.53,-6.71212212839626,2.70208688697097,3.70577531572116,8.18831717673541,89.1125834665069,TRUE,NA
"sigma",21.54,-6.71440572338182,2.70276277080582,3.70645454487282,8.19080094433992,89.1632442181828,TRUE,NA
"sigma",21.55,-6.71668899988662,2.70343853507984,3.70713364998741,8.19328433299039,89.213911121198,TRUE,NA
"sigma",21.56,-6.71897195809356,2.70411417987191,3.70781263115075,8.19576734291724,89.2645841736478,TRUE,NA
"sigma",21.57,-6.72125459818542,2.7047897052608,3.70849148844846,8.19824997435062,89.3152633736288,TRUE,NA
"sigma",21.58,-6.72353692034473,2.70546511132523,3.70917022196614,8.20073222752041,89.3659487192388,TRUE,NA
"sigma",21.59,-6.72581892475387,2.70614039814378,3.70984883178925,8.20321410265628,89.4166402085775,TRUE,NA
"sigma",21.6,-6.72810061159504,2.70681556579496,3.71052731800312,8.20569559998765,89.4673378397457,TRUE,NA
"sigma",21.61,-6.73038198105025,2.7074906143572,3.71120568069302,8.20817671974367,89.518041610846,TRUE,NA
"sigma",21.62,-6.73266303330132,2.70816554390883,3.71188391994411,8.21065746215329,89.5687515199823,TRUE,NA
"sigma",21.63,-6.73494376852991,2.70884035452808,3.71256203584142,8.21313782744518,89.61946756526,TRUE,NA
"sigma",21.64,-6.73722418691747,2.70951504629309,3.71324002846987,8.21561781584778,89.670189744786,TRUE,NA
"sigma",21.65,-6.73950428864531,2.71018961928195,3.71391789791436,8.2180974275893,89.7209180566686,TRUE,NA
"sigma",21.66,-6.74178407389451,2.71086407357262,3.71459564425959,8.22057666289769,89.7716524990178,TRUE,NA
"sigma",21.67,-6.744063542846,2.71153840924294,3.71527326759017,8.22305552200065,89.8223930699447,TRUE,NA
"sigma",21.68,-6.74634269568051,2.71221262637073,3.71595076799068,8.22553400512569,89.873139767562,TRUE,NA
"sigma",21.69,-6.74862153257863,2.71288672503369,3.7166281455455,8.22801211250001,89.9238925899841,TRUE,NA
"sigma",21.7,-6.75090005372073,2.71356070530942,3.71730540033902,8.23048984435064,89.9746515353268,TRUE,NA
"sigma",21.71,-6.75317825928701,2.71423456727543,3.7179825324554,8.23296720090429,90.0254166017069,TRUE,NA
"sigma",21.72,-6.7554561494575,2.71490831100916,3.7186595419788,8.23544418238749,90.0761877872433,TRUE,NA
"sigma",21.73,-6.75773372441204,2.71558193658796,3.71933642899326,8.23792078902655,90.1269650900559,TRUE,NA
"sigma",21.74,-6.76001098433028,2.71625544408906,3.72001319358265,8.24039702104745,90.1777485082662,TRUE,NA
"sigma",21.75,-6.76228792939175,2.71692883358964,3.72068983583083,8.24287287867603,90.2285380399974,TRUE,NA
"sigma",21.76,-6.76456455977572,2.71760210516677,3.7213663558215,8.24534836213784,90.2793336833739,TRUE,NA
"sigma",21.77,-6.76684087566133,2.71827525889741,3.72204275363828,8.24782347165819,90.3301354365212,TRUE,NA
"sigma",21.78,-6.76911687722754,2.7189482948585,3.72271902936469,8.25029820746217,90.380943297567,TRUE,NA
"sigma",21.79,-6.77139256465314,2.71962121312683,3.72339518308415,8.25277256977463,90.43175726464,TRUE,NA
"sigma",21.8,-6.77366793811668,2.7202940137791,3.72407121487996,8.25524655882018,90.4825773358701,TRUE,NA
"sigma",21.81,-6.77594299779664,2.72096669689197,3.72474712483534,8.25772017482319,90.5334035093895,TRUE,NA
"sigma",21.82,-6.77821774387122,2.72163926254197,3.72542291303343,8.2601934180078,90.5842357833309,TRUE,NA
"sigma",21.83,-6.78049217651851,2.72231171080558,3.72609857955723,8.26266628859792,90.635074155829,TRUE,NA
"sigma",21.84,-6.7827662959164,2.72298404175915,3.72677412448966,8.26513878681721,90.6859186250196,TRUE,NA
"sigma",21.85,-6.78504010224259,2.72365625547894,3.72744954791351,8.2676109128891,90.7367691890403,TRUE,NA
"sigma",21.86,-6.78731359567463,2.72432835204119,3.72812484991152,8.27008266703679,90.7876258460298,TRUE,NA
"sigma",21.87,-6.78958677638989,2.72500033152198,3.72880003056633,8.27255404948325,90.8384885941287,TRUE,NA
"sigma",21.88,-6.79185964456555,2.72567219399736,3.72947508996043,8.27502506045122,90.8893574314783,TRUE,NA
"sigma",21.89,-6.79413220037863,2.72634393954321,3.73015002817625,8.27749570016316,90.9402323562219,TRUE,NA
"sigma",21.9,-6.79640444400595,2.72701556823541,3.73082484529609,8.27996596884135,90.991113366504,TRUE,NA
"sigma",21.91,-6.79867637562419,2.72768708014974,3.73149954140221,8.28243586670784,91.0420004604707,TRUE,NA
"sigma",21.92,-6.80094799540985,2.72835847536185,3.73217411657672,8.28490539398441,91.0928936362694,TRUE,NA
"sigma",21.93,-6.80321930353921,2.72902975394733,3.73284857090165,8.28737455089262,91.1437928920487,TRUE,NA
"sigma",21.94,-6.80549030018844,2.72970091598168,3.73352290445892,8.28984333765381,91.1946982259591,TRUE,NA
"sigma",21.95,-6.8077609855335,2.73037196154033,3.73419711733037,8.2923117544891,91.2456096361521,TRUE,NA
"sigma",21.96,-6.81003135975018,2.73104289069861,3.73487120959774,8.29477980161934,91.296527120781,TRUE,NA
"sigma",21.97,-6.8123014230141,2.73171370353174,3.73554518134264,8.29724747926517,91.3474506780002,TRUE,NA
"sigma",21.98,-6.81457117550073,2.73238440011492,3.73621903264665,8.29971478764701,91.3983803059655,TRUE,NA
"sigma",21.99,-6.81684061738532,2.73305498052318,3.73689276359118,8.30218172698504,91.4493160028344,TRUE,NA
"sigma",22,-6.81910974884297,2.73372544483153,3.73756637425757,8.3046482974992,91.5002577667654,TRUE,NA
"sigma",22.01,-6.82137857004863,2.73439579311488,3.7382398647271,8.30711449940922,91.5512055959189,TRUE,NA
"sigma",22.02,-6.82364708117706,2.73506602544804,3.7389132350809,8.30958033293459,91.6021594884563,TRUE,NA
"sigma",22.03,-6.82591528240281,2.73573614190575,3.73958648540004,8.31204579829458,91.6531194425404,TRUE,NA
"sigma",22.04,-6.82818317390035,2.73640614256265,3.74025961576545,8.31451089570821,91.704085456336,TRUE,NA
"sigma",22.05,-6.83045075584389,2.73707602749332,3.74093262625804,8.31697562539431,91.7550575280084,TRUE,NA
"sigma",22.06,-6.83271802840749,2.73774579677221,3.74160551695853,8.31943998757144,91.806035655725,TRUE,NA
"sigma",22.07,-6.83498499176509,2.73841545047377,3.74227828794763,8.32190398245797,91.8570198376541,TRUE,NA
"sigma",22.08,-6.83725164609039,2.73908498867225,3.74295093930587,8.32436761027199,91.9080100719659,TRUE,NA
"sigma",22.09,-6.83951799155698,2.73975441144191,3.74362347111377,8.32683087123144,91.9590063568318,TRUE,NA
"sigma",22.1,-6.84178402833823,2.74042371885689,3.7442958834517,8.32929376555396,92.0100086904242,TRUE,NA
"sigma",22.11,-6.84404975660736,2.74109291099126,3.74496817639996,8.33175629345703,92.0610170709174,TRUE,NA
"sigma",22.12,-6.84631517653744,2.741761987919,3.74564035003874,8.33421845515785,92.112031496487,TRUE,NA
"sigma",22.13,-6.84858028830132,2.74243094971396,3.74631240444812,8.3366802508734,92.1630519653096,TRUE,NA
"sigma",22.14,-6.85084509207176,2.74309979645,3.74698433970813,8.33914168082047,92.2140784755639,TRUE,NA
"sigma",22.15,-6.85310958802127,2.74376852820083,3.74765615589867,8.34160274521562,92.2651110254293,TRUE,NA
"sigma",22.16,-6.85537377632224,2.74443714504008,3.74832785309956,8.34406344427514,92.3161496130868,TRUE,NA
"sigma",22.17,-6.85763765714687,2.74510564704134,3.74899943139054,8.34652377821515,92.3671942367189,TRUE,NA
"sigma",22.18,-6.8599012306672,2.74577403427806,3.7496708908512,8.34898374725151,92.4182448945095,TRUE,NA
"sigma",22.19,-6.86216449705509,2.74644230682365,3.75034223156109,8.35144335159988,92.4693015846436,TRUE,NA
"sigma",22.2,-6.86442745648227,2.74711046475143,3.75101345359968,8.3539025914757,92.5203643053079,TRUE,NA
"sigma",22.21,-6.86669010912027,2.74777850813461,3.75168455704627,8.35636146709415,92.5714330546902,TRUE,NA
"sigma",22.22,-6.86895245514044,2.74844643704636,3.75235554198016,8.35881997867022,92.62250783098,TRUE,NA
"sigma",22.23,-6.87121449471399,2.74911425155974,3.75302640848046,8.36127812641867,92.6735886323677,TRUE,NA
"sigma",22.24,-6.87347622801196,2.74978195174773,3.75369715662629,8.36373591055406,92.7246754570457,TRUE,NA
"sigma",22.25,-6.87573765520522,2.75044953768323,3.7543677864966,8.36619333129068,92.7757683032071,TRUE,NA
"sigma",22.26,-6.87799877646446,2.75111700943907,3.75503829817025,8.36865038884264,92.8268671690468,TRUE,NA
"sigma",22.27,-6.88025959196022,2.75178436708799,3.75570869172607,8.37110708342381,92.8779720527608,TRUE,NA
"sigma",22.28,-6.88252010186288,2.75245161070265,3.75637896724274,8.37356341524786,92.9290829525468,TRUE,NA
"sigma",22.29,-6.88478030634264,2.7531187403556,3.75704912479886,8.37601938452822,92.9801998666036,TRUE,NA
"sigma",22.3,-6.88704020556952,2.75378575611937,3.75771916447294,8.37847499147808,93.0313227931312,TRUE,NA
"sigma",22.31,-6.88929979971342,2.75445265806637,3.75838908634342,8.38093023631047,93.0824517303315,TRUE,NA
"sigma",22.32,-6.89155908894404,2.75511944626894,3.75905889048862,8.38338511923818,93.1335866764073,TRUE,NA
"sigma",22.33,-6.89381807343092,2.75578612079931,3.75972857698677,8.38583964047373,93.1847276295629,TRUE,NA
"sigma",22.34,-6.89607675334343,2.75645268172966,3.76039814591602,8.38829380022947,93.2358745880038,TRUE,NA
"sigma",22.35,-6.89833512885079,2.75711912913208,3.76106759735442,8.39074759871754,93.2870275499371,TRUE,NA
"sigma",22.36,-6.90059320012206,2.7577854630786,3.76173693137994,8.39320103614983,93.3381865135709,TRUE,NA
"sigma",22.37,-6.90285096732613,2.75845168364113,3.76240614807045,8.39565411273804,93.3893514771155,TRUE,NA
"sigma",22.38,-6.90510843063171,2.75911779089154,3.76307524750374,8.39810682869362,93.4405224387813,TRUE,NA
"sigma",22.39,-6.90736559020735,2.75978378490159,3.76374422975749,8.40055918422785,93.4916993967807,TRUE,NA
"sigma",22.4,-6.90962244622149,2.76044966574297,3.76441309490929,8.40301117955175,93.5428823493279,TRUE,NA
"sigma",22.41,-6.91187899884232,2.76111543348731,3.76508184303668,8.40546281487615,93.5940712946377,TRUE,NA
"sigma",22.42,-6.91413524823793,2.76178108820612,3.76575047421706,8.40791409041164,93.6452662309264,TRUE,NA
"sigma",22.43,-6.91639119457621,2.76244662997085,3.76641898852774,8.41036500636862,93.6964671564115,TRUE,NA
"sigma",22.44,-6.91864683802493,2.7631120588529,3.767087386046,8.41281556295726,93.7476740693126,TRUE,NA
"sigma",22.45,-6.92090217875167,2.76377737492356,3.76775566684897,8.41526576038753,93.7988869678498,TRUE,NA
"sigma",22.46,-6.92315721692383,2.76444257825402,3.7684238310137,8.41771559886916,93.8501058502447,TRUE,NA
"sigma",22.47,-6.92541195270871,2.76510766891545,3.76909187861718,8.4201650786117,93.9013307147207,TRUE,NA
"sigma",22.48,-6.92766638627336,2.76577264697887,3.76975980973627,8.42261419982444,93.952561559502,TRUE,NA
"sigma",22.49,-6.92992051778475,2.7664375125153,3.77042762444779,8.42506296271651,94.0037983828142,TRUE,NA
"sigma",22.5,-6.93217434740966,2.76710226559561,3.77109532282842,8.4275113674968,94.0550411828847,TRUE,NA
"sigma",22.51,-6.9344278753147,2.76776690629064,3.77176290495478,8.42995941437396,94.1062899579415,TRUE,NA
"sigma",22.52,-6.93668110166631,2.76843143467112,3.7724303709034,8.43240710355647,94.1575447062145,TRUE,NA
"sigma",22.53,-6.93893402663079,2.76909585080773,3.7730977207507,8.43485443525257,94.2088054259347,TRUE,NA
"sigma",22.54,-6.9411866503743,2.76976015477104,3.77376495457305,8.43730140967033,94.2600721153345,TRUE,NA
"sigma",22.55,-6.94343897306278,2.77042434663157,3.77443207244668,8.43974802701754,94.3113447726472,TRUE,NA
"sigma",22.56,-6.94569099486207,2.77108842645977,3.7750990744478,8.44219428750184,94.3626233961082,TRUE,NA
"sigma",22.57,-6.94794271593782,2.77175239432597,3.77576596065249,8.44464019133063,94.4139079839536,TRUE,NA
"sigma",22.58,-6.95019413645553,2.77241625030044,3.7764327311367,8.4470857387111,94.4651985344209,TRUE,NA
"sigma",22.59,-6.95244525658053,2.77307999445339,3.77709938597637,8.44953092985024,94.5164950457492,TRUE,NA
"sigma",22.6,-6.954696076478,2.77374362685496,3.77776592524733,8.45197576495482,94.5677975161786,TRUE,NA
"sigma",22.61,-6.95694659631296,2.77440714757517,3.7784323490253,8.4544202442314,94.6191059439507,TRUE,NA
"sigma",22.62,-6.95919681625029,2.77507055668401,3.77909865738592,8.45686436788634,94.6704203273083,TRUE,NA
"sigma",22.63,-6.96144673645467,2.77573385425135,3.77976485040477,8.45930813612579,94.7217406644954,TRUE,NA
"sigma",22.64,-6.96369635709065,2.77639704034699,3.78043092815728,8.46175154915567,94.7730669537577,TRUE,NA
"sigma",22.65,-6.96594567832263,2.77706011504071,3.78109689071888,8.4641946071817,94.8243991933419,TRUE,NA
"sigma",22.66,-6.96819470031484,2.77772307840214,3.78176273816484,8.46663731040944,94.875737381496,TRUE,NA
"sigma",22.67,-6.97044342323134,2.77838593050088,3.78242847057037,8.46907965904416,94.9270815164692,TRUE,NA
"sigma",22.68,-6.97269184723605,2.77904867140645,3.78309408801063,8.47152165329098,94.9784315965123,TRUE,NA
"sigma",22.69,-6.97493997249275,2.77971130118824,3.78375959056062,8.47396329335479,95.0297876198772,TRUE,NA
"sigma",22.7,-6.97718779916501,2.78037381991564,3.78442497829531,8.47640457944027,95.0811495848173,TRUE,NA
"sigma",22.71,-6.9794353274163,2.78103622765791,3.78509025128956,8.47884551175192,95.1325174895868,TRUE,NA
"sigma",22.72,-6.98168255740992,2.78169852448428,3.78575540961815,8.481286090494,95.183891332442,TRUE,NA
"sigma",22.73,-6.98392948930898,2.78236071046384,3.78642045335576,8.48372631587058,95.2352711116397,TRUE,NA
"sigma",22.74,-6.98617612327645,2.78302278566569,3.78708538257704,8.48616618808553,95.2866568254381,TRUE,NA
"sigma",22.75,-6.98842245947517,2.78368475015875,3.78775019735647,8.48860570734249,95.3380484720972,TRUE,NA
"sigma",22.76,-6.99066849806782,2.78434660401198,3.78841489776852,8.49104487384493,95.389446049878,TRUE,NA
"sigma",22.77,-6.99291423921689,2.78500834729417,3.78907948388754,8.49348368779609,95.4408495570426,TRUE,NA
"sigma",22.78,-6.99515968308475,2.78566998007408,3.78974395578776,8.49592214939899,95.4922589918544,TRUE,NA
"sigma",22.79,-6.99740482983361,2.7863315024204,3.79040831354342,8.4983602588565,95.5436743525788,TRUE,NA
"sigma",22.8,-6.99964967962548,2.78699291440169,3.79107255722857,8.50079801637124,95.5950956374813,TRUE,NA
"sigma",22.81,-7.0018942326223,2.78765421608653,3.79173668691725,8.50323542214562,95.6465228448296,TRUE,NA
"sigma",22.82,-7.00413848898577,2.78831540754334,3.79240070268339,8.50567247638188,95.6979559728921,TRUE,NA
"sigma",22.83,-7.00638244887751,2.78897648884052,3.79306460460084,8.50810917928205,95.749395019939,TRUE,NA
"sigma",22.84,-7.00862611245894,2.78963746004635,3.79372839274333,8.51054553104793,95.8008399842415,TRUE,NA
"sigma",22.85,-7.01086947989132,2.79029832122906,3.79439206718457,8.51298153188115,95.8522908640718,TRUE,NA
"sigma",22.86,-7.0131125513358,2.79095907245683,3.79505562799814,8.51541718198312,95.9037476577039,TRUE,NA
"sigma",22.87,-7.01535532695334,2.79161971379772,3.79571907525755,8.51785248155504,95.9552103634127,TRUE,NA
"sigma",22.88,-7.01759780690475,2.79228024531974,3.79638240903624,8.52028743079793,96.0066789794746,TRUE,NA
"sigma",22.89,-7.01983999135073,2.79294066709083,3.79704562940752,8.52272202991259,96.0581535041671,TRUE,NA
"sigma",22.9,-7.02208188045176,2.79360097917884,3.79770873644468,8.52515627909965,96.1096339357689,TRUE,NA
"sigma",22.91,-7.02432347436819,2.79426118165154,3.79837173022086,8.52759017855945,96.1611202725602,TRUE,NA
"sigma",22.92,-7.02656477326027,2.79492127457668,3.79903461080919,8.53002372849227,96.2126125128223,TRUE,NA
"sigma",22.93,-7.02880577728804,2.79558125802188,3.79969737828267,8.53245692909808,96.2641106548379,TRUE,NA
"sigma",22.94,-7.0310464866114,2.79624113205471,3.80036003271421,8.53488978057668,96.3156146968907,TRUE,NA
"sigma",22.95,-7.03328690139011,2.79690089674265,3.80102257417668,8.53732228312768,96.3671246372658,TRUE,NA
"sigma",22.96,-7.03552702178377,2.79756055215314,3.80168500274282,8.53975443695048,96.4186404742498,TRUE,NA
"sigma",22.97,-7.03776684795185,2.79822009835349,3.80234731848529,8.54218624224429,96.4701622061302,TRUE,NA
"sigma",22.98,-7.04000638005361,2.79887953541102,3.80300952147675,8.54461769920812,96.5216898311957,TRUE,NA
"sigma",22.99,-7.04224561824823,2.7995388633929,3.80367161178966,8.54704880804076,96.5732233477366,TRUE,NA
"sigma",23,-7.04448456269472,2.80019808236629,3.80433358949648,8.54947956894085,96.6247627540444,TRUE,NA
"sigma",23.01,-7.04672321355191,2.80085719239821,3.80499545466956,8.55190998210677,96.6763080484115,TRUE,NA
"sigma",23.02,-7.0489615709785,2.80151619355567,3.80565720738114,8.55434004773674,96.7278592291317,TRUE,NA
"sigma",23.03,-7.05119963513304,2.80217508590556,3.80631884770343,8.55676976602878,96.7794162945005,TRUE,NA
"sigma",23.04,-7.05343740617395,2.80283386951472,3.80698037570854,8.5591991371807,96.8309792428141,TRUE,NA
"sigma",23.05,-7.05567488425946,2.80349254444995,3.80764179146849,8.56162816139012,96.8825480723698,TRUE,NA
"sigma",23.06,-7.05791206954767,2.80415111077791,3.80830309505523,8.56405683885448,96.934122781467,TRUE,NA
"sigma",23.07,-7.06014896219655,2.80480956856525,3.8089642865406,8.566485169771,96.9857033684052,TRUE,NA
"sigma",23.08,-7.06238556236389,2.8054679178785,3.8096253659964,8.5689131543367,97.0372898314862,TRUE,NA
"sigma",23.09,-7.06462187020736,2.80612615878416,3.81028633349433,8.57134079274843,97.0888821690123,TRUE,NA
"sigma",23.1,-7.06685788588445,2.80678429134863,3.81094718910601,8.57376808520282,97.1404803792873,TRUE,NA
"sigma",23.11,-7.06909360955251,2.80744231563824,3.81160793290297,8.57619503189632,97.1920844606163,TRUE,NA
"sigma",23.12,-7.07132904136879,2.80810023171929,3.81226856495669,8.57862163302518,97.2436944113056,TRUE,NA
"sigma",23.13,-7.0735641814903,2.80875803965792,3.81292908533851,8.58104788878544,97.2953102296627,TRUE,NA
"sigma",23.14,-7.07579903007399,2.80941573952031,3.81358949411977,8.58347379937297,97.3469319139961,TRUE,NA
"sigma",23.15,-7.07803358727662,2.81007333137248,3.81424979137167,8.58589936498344,97.398559462616,TRUE,NA
"sigma",23.16,-7.08026785325481,2.81073081528042,3.81490997716534,8.58832458581232,97.4501928738336,TRUE,NA
"sigma",23.17,-7.08250182816502,2.81138819131005,3.81557005157183,8.59074946205489,97.501832145961,TRUE,NA
"sigma",23.18,-7.0847355121636,2.81204545952723,3.8162300146622,8.59317399390623,97.5534772773122,TRUE,NA
"sigma",23.19,-7.08696890540671,2.81270261999768,3.81688986650724,8.59559818156123,97.6051282662019,TRUE,NA
"sigma",23.2,-7.08920200805039,2.81335967278714,3.81754960717783,8.59802202521459,97.6567851109458,TRUE,NA
"sigma",23.21,-7.09143482025053,2.81401661796124,3.81820923674469,8.60044552506081,97.7084478098619,TRUE,NA
"sigma",23.22,-7.09366734216286,2.81467345558552,3.8188687552785,8.6028686812942,97.7601163612681,TRUE,NA
"sigma",23.23,-7.09589957394298,2.8153301857255,3.81952816284982,8.60529149410891,97.8117907634843,TRUE,NA
"sigma",23.24,-7.09813151574635,2.81598680844658,3.82018745952918,8.60771396369885,97.8634710148316,TRUE,NA
"sigma",23.25,-7.10036316772824,2.8166433238141,3.82084664538698,8.61013609025775,97.915157113632,TRUE,NA
"sigma",23.26,-7.10259453004385,2.81729973189338,3.8215057204936,8.61255787397918,97.9668490582089,TRUE,NA
"sigma",23.27,-7.10482560284816,2.81795603274961,3.82216468491928,8.61497931505647,98.0185468468869,TRUE,NA
"sigma",23.28,-7.10705638629605,2.81861222644791,3.8228235387342,8.61740041368278,98.0702504779916,TRUE,NA
"sigma",23.29,-7.10928688054225,2.8192683130534,3.82348228200851,8.61982117005113,98.1219599498502,TRUE,NA
"sigma",23.3,-7.11151708574133,2.81992429263105,3.82414091481221,8.62224158435426,98.1736752607911,TRUE,NA
"sigma",23.31,-7.11374700204773,2.82058016524582,3.82479943721529,8.6246616567848,98.2253964091432,TRUE,NA
"sigma",23.32,-7.11597662961573,2.82123593096255,3.82545784928759,8.62708138753512,98.2771233932374,TRUE,NA
"sigma",23.33,-7.11820596859949,2.82189158984606,3.82611615109892,8.62950077679746,98.3288562114055,TRUE,NA
"sigma",23.34,-7.12043501915299,2.82254714196104,3.826774342719,8.63191982476383,98.3805948619803,TRUE,NA
"sigma",23.35,-7.12266378143011,2.8232025873722,3.82743242421751,8.63433853162608,98.4323393432964,TRUE,NA
"sigma",23.36,-7.12489225558455,2.8238579261441,3.82809039566397,8.63675689757586,98.4840896536889,TRUE,NA
"sigma",23.37,-7.1271204417699,2.82451315834126,3.82874825712789,8.63917492280462,98.5358457914947,TRUE,NA
"sigma",23.38,-7.12934834013958,2.82516828402816,3.82940600867869,8.64159260750365,98.5876077550512,TRUE,NA
"sigma",23.39,-7.13157595084687,2.82582330326916,3.8300636503857,8.64400995186402,98.6393755426976,TRUE,NA
"sigma",23.4,-7.13380327404492,2.82647821612859,3.83072118231817,8.64642695607663,98.6911491527741,TRUE,NA
"sigma",23.41,-7.13603030988672,2.82713302267069,3.83137860454529,8.64884362033219,98.742928583622,TRUE,NA
"sigma",23.42,-7.13825705852514,2.82778772295965,3.83203591713615,8.65125994482123,98.7947138335841,TRUE,NA
"sigma",23.43,-7.14048352011289,2.8284423170596,3.83269312015983,8.65367592973408,98.8465049010039,TRUE,NA
"sigma",23.44,-7.14270969480255,2.82909680503455,3.83335021368524,8.65609157526091,98.8983017842263,TRUE,NA
"sigma",23.45,-7.14493558274655,2.8297511869485,3.83400719778126,8.65850688159165,98.9501044815978,TRUE,NA
"sigma",23.46,-7.14716118409719,2.83040546286534,3.83466407251668,8.66092184891609,99.0019129914656,TRUE,NA
"sigma",23.47,-7.1493864990066,2.83105963284894,3.83532083796023,8.66333647742384,99.053727312178,TRUE,NA
"sigma",23.48,-7.1516115276268,2.83171369696306,3.83597749418059,8.66575076730429,99.1055474420847,TRUE,NA
"sigma",23.49,-7.15383627010966,2.83236765527143,3.83663404124632,8.66816471874667,99.1573733795367,TRUE,NA
"sigma",23.5,-7.15606072660691,2.83302150783766,3.8372904792259,8.67057833194,99.209205122886,TRUE,NA
"sigma",23.51,-7.15828489727012,2.83367525472537,3.83794680818777,8.67299160707316,99.2610426704857,TRUE,NA
"sigma",23.52,-7.16050878225076,2.834328895998,3.83860302820023,8.67540454433481,99.3128860206903,TRUE,NA
"sigma",23.53,-7.16273238170011,2.83498243171904,3.83925913933161,8.67781714391342,99.3647351718555,TRUE,NA
"sigma",23.54,-7.16495569576935,2.83563586195185,3.83991514165006,8.68022940599729,99.4165901223379,TRUE,NA
"sigma",23.55,-7.16717872460951,2.83628918675974,3.84057103522374,8.68264133077455,99.4684508704954,TRUE,NA
"sigma",23.56,-7.16940146837147,2.83694240620596,3.84122682012069,8.68505291843313,99.5203174146871,TRUE,NA
"sigma",23.57,-7.17162392720597,2.83759552035367,3.84188249640885,8.68746416916077,99.5721897532733,TRUE,NA
"sigma",23.58,-7.17384610126362,2.83824852926598,3.84253806415615,8.68987508314505,99.6240678846153,TRUE,NA
"sigma",23.59,-7.1760679906949,2.83890143300592,3.84319352343036,8.69228566057335,99.6759518070762,TRUE,NA
"sigma",23.6,-7.17828959565012,2.83955423163648,3.84384887429929,8.69469590163286,99.7278415190191,TRUE,NA
"sigma",23.61,-7.1805109162795,2.84020692522059,3.84450411683059,8.69710580651063,99.7797370188091,TRUE,NA
"sigma",23.62,-7.18273195273306,2.84085951382107,3.84515925109186,8.69951537539347,99.8316383048125,TRUE,NA
"sigma",23.63,-7.18495270516071,2.8415119975007,3.8458142771506,8.70192460846804,99.8835453753964,TRUE,NA
"sigma",23.64,-7.18717317371225,2.8421643763222,3.84646919507429,8.70433350592082,99.9354582289292,TRUE,NA
"sigma",23.65,-7.18939335853731,2.84281665034819,3.84712400493028,8.70674206793811,99.9873768637806,TRUE,NA
"sigma",23.66,-7.19161325978538,2.84346881964127,3.84777870678589,8.70915029470601,100.039301278321,TRUE,NA
"sigma",23.67,-7.19383287760584,2.84412088426397,3.84843330070836,8.71155818641047,100.091231470923,TRUE,NA
"sigma",23.68,-7.19605221214789,2.84477284427873,3.84908778676482,8.71396574323723,100.143167439959,TRUE,NA
"sigma",23.69,-7.19827126356063,2.84542469974793,3.84974216502238,8.71637296537187,100.195109183803,TRUE,NA
"sigma",23.7,-7.20049003199301,2.8460764507339,3.85039643554804,8.71877985299979,100.247056700831,TRUE,NA
"sigma",23.71,-7.20270851759384,2.84672809729887,3.8510505984087,8.72118640630618,100.299009989419,TRUE,NA
"sigma",23.72,-7.20492672051178,2.84737963950505,3.85170465367126,8.72359262547609,100.350969047945,TRUE,NA
"sigma",23.73,-7.2071446408954,2.84803107741456,3.8523586014025,8.72599851069437,100.402933874787,TRUE,NA
"sigma",23.74,-7.20936227889307,2.84868241108947,3.85301244166915,8.72840406214569,100.454904468327,TRUE,NA
"sigma",23.75,-7.21157963465309,2.84933364059176,3.85366617453784,8.73080928001456,100.506880826943,TRUE,NA
"sigma",23.76,-7.21379670832356,2.84998476598338,3.85431980007514,8.7332141644853,100.55886294902,TRUE,NA
"sigma",23.77,-7.21601350005249,2.85063578732619,3.85497331834756,8.73561871574204,100.61085083294,TRUE,NA
"sigma",23.78,-7.21823000998773,2.85128670468199,3.85562672942152,8.73802293396875,100.662844477088,TRUE,NA
"sigma",23.79,-7.22044623827701,2.8519375181125,3.85628003336335,8.74042681934921,100.714843879849,TRUE,NA
"sigma",23.8,-7.22266218506792,2.85258822767942,3.85693323023936,8.74283037206702,100.76684903961,TRUE,NA
"sigma",23.81,-7.2248778505079,2.85323883344435,3.85758632011577,8.74523359230564,100.81885995476,TRUE,NA
"sigma",23.82,-7.22709323474428,2.85388933546884,3.8582393030587,8.7476364802483,100.870876623687,TRUE,NA
"sigma",23.83,-7.22930833792422,2.85453973381437,3.85889217913421,8.75003903607809,100.922899044781,TRUE,NA
"sigma",23.84,-7.23152316019479,2.85519002854235,3.85954494840829,8.75244125997789,100.974927216434,TRUE,NA
"sigma",23.85,-7.23373770170291,2.85584021971416,3.86019761094692,8.75484315213046,101.026961137038,TRUE,NA
"sigma",23.86,-7.23595196259534,2.85649030739106,3.86085016681588,8.75724471271832,101.079000804988,TRUE,NA
"sigma",23.87,-7.23816594301873,2.85714029163429,3.86150261608097,8.75964594192385,101.131046218676,TRUE,NA
"sigma",23.88,-7.2403796431196,2.85779017250504,3.86215495880793,8.76204683992927,101.183097376501,TRUE,NA
"sigma",23.89,-7.24259306304431,2.85843995006436,3.86280719506236,8.76444740691657,101.235154276858,TRUE,NA
"sigma",23.9,-7.24480620293911,2.85908962437333,3.86345932490986,8.76684764306762,101.287216918145,TRUE,NA
"sigma",23.91,-7.24701906295011,2.85973919549291,3.86411134841589,8.76924754856408,101.339285298762,TRUE,NA
"sigma",23.92,-7.24923164322328,2.860388663484,3.86476326564588,8.77164712358745,101.39135941711,TRUE,NA
"sigma",23.93,-7.2514439439045,2.86103802840747,3.86541507666523,8.77404636831908,101.443439271589,TRUE,NA
"sigma",23.94,-7.25365596513943,2.86168729032411,3.86606678153918,8.7764452829401,101.495524860603,TRUE,NA
"sigma",23.95,-7.25586770707365,2.86233644929461,3.86671838033294,8.77884386763147,101.547616182554,TRUE,NA
"sigma",23.96,-7.25807916985265,2.86298550537965,3.86736987311167,8.78124212257403,101.599713235849,TRUE,NA
"sigma",23.97,-7.2602903536217,2.86363445863984,3.86802125994044,8.78364004794839,101.651816018892,TRUE,NA
"sigma",23.98,-7.26250125852601,2.86428330913571,3.86867254088427,8.78603764393501,101.703924530092,TRUE,NA
"sigma",23.99,-7.26471188471061,2.86493205692771,3.86932371600805,8.78843491071417,101.756038767856,TRUE,NA
"sigma",24,-7.26692223232041,2.86558070207628,3.86997478537667,8.79083184846599,101.808158730593,TRUE,NA
"sigma",24.01,-7.26913230150023,2.86622924464176,3.87062574905492,8.79322845737042,101.860284416714,TRUE,NA
"sigma",24.02,-7.27134209239468,2.86687768468444,3.87127660710754,8.79562473760722,101.912415824631,TRUE,NA
"sigma",24.03,-7.27355160514831,2.86752602226452,3.87192735959913,8.79802068935596,101.964552952756,TRUE,NA
"sigma",24.04,-7.27576083990548,2.86817425744221,3.87257800659434,8.8004163127961,102.016695799502,TRUE,NA
"sigma",24.05,-7.27796979681048,2.86882239027758,3.87322854815764,8.80281160810688,102.068844363286,TRUE,NA
"sigma",24.06,-7.28017847600743,2.86947042083065,3.87387898435348,8.80520657546737,102.120998642522,TRUE,NA
"sigma",24.07,-7.28238687764032,2.87011834916145,3.87452931524627,8.8076012150565,102.173158635628,TRUE,NA
"sigma",24.08,-7.28459500185303,2.87076617532986,3.87517954090027,8.809995527053,102.225324341022,TRUE,NA
"sigma",24.09,-7.28680284878928,2.87141389939573,3.87582966137971,8.81238951163544,102.277495757124,TRUE,NA
"sigma",24.1,-7.28901041859268,2.87206152141889,3.87647967674883,8.81478316898223,102.329672882353,TRUE,NA
"sigma",24.11,-7.29121771140672,2.87270904145903,3.87712958707166,8.81717649927159,102.381855715131,TRUE,NA
"sigma",24.12,-7.29342472737474,2.87335645957587,3.87777939241229,8.81956950268161,102.434044253881,TRUE,NA
"sigma",24.13,-7.29563146663993,2.87400377582896,3.87842909283461,8.82196217939012,102.486238497027,TRUE,NA
"sigma",24.14,-7.29783792934542,2.8746509902779,3.87907868840259,8.82435452957488,102.538438442993,TRUE,NA
"sigma",24.15,-7.30004411563413,2.87529810298215,3.87972817918,8.82674655341344,102.590644090205,TRUE,NA
"sigma",24.16,-7.30225002564894,2.87594511400116,3.88037756523064,8.82913825108319,102.64285543709,TRUE,NA
"sigma",24.17,-7.30445565953248,2.87659202339426,3.88102684661814,8.83152962276132,102.695072482076,TRUE,NA
"sigma",24.18,-7.30666101742737,2.87723883122081,3.88167602340621,8.83392066862492,102.747295223593,TRUE,NA
"sigma",24.19,-7.30886609947604,2.87788553754001,3.88232509565833,8.83631138885082,102.79952366007,TRUE,NA
"sigma",24.2,-7.31107090582079,2.87853214241107,3.88297406343803,8.83870178361576,102.851757789939,TRUE,NA
"sigma",24.21,-7.31327543660383,2.87917864589309,3.88362292680869,8.84109185309628,102.903997611633,TRUE,NA
"sigma",24.22,-7.31547969196718,2.87982504804515,3.88427168583367,8.84348159746874,102.956243123584,TRUE,NA
"sigma",24.23,-7.3176836720528,2.88047134892628,3.88492034057628,8.84587101690936,103.008494324228,TRUE,NA
"sigma",24.24,-7.31988737700248,2.88111754859539,3.88556889109972,8.84826011159419,103.060751212,TRUE,NA
"sigma",24.25,-7.32209080695789,2.88176364711137,3.88621733746714,8.8506488816991,103.113013785337,TRUE,NA
"sigma",24.26,-7.32429396206058,2.88240964453306,3.88686567974162,8.85303732739979,103.165282042677,TRUE,NA
"sigma",24.27,-7.32649684245197,2.8830555409192,3.88751391798617,8.85542544887181,103.217555982459,TRUE,NA
"sigma",24.28,-7.32869944827333,2.88370133632853,3.88816205226374,8.85781324629053,103.269835603122,TRUE,NA
"sigma",24.29,-7.33090177966585,2.88434703081965,3.8888100826372,8.86020071983114,103.322120903108,TRUE,NA
"sigma",24.3,-7.33310383677056,2.8849926244512,3.88945800916941,8.86258786966875,103.374411880859,TRUE,NA
"sigma",24.31,-7.33530561972835,2.88563811728166,3.89010583192307,8.86497469597817,103.426708534819,TRUE,NA
"sigma",24.32,-7.33750712868001,2.88628350936952,3.89075355096084,8.86736119893413,103.47901086343,TRUE,NA
"sigma",24.33,-7.33970836376622,2.88692880077318,3.89140116634541,8.86974737871121,103.53131886514,TRUE,NA
"sigma",24.34,-7.34190932512748,2.88757399155098,3.89204867813925,8.87213323548375,103.583632538394,TRUE,NA
"sigma",24.35,-7.34411001290421,2.88821908176125,3.8926960864049,8.87451876942601,103.63595188164,TRUE,NA
"sigma",24.36,-7.34631042723669,2.88886407146217,3.89334339120474,8.87690398071203,103.688276893327,TRUE,NA
"sigma",24.37,-7.34851056826507,2.88950896071195,3.89399059260115,8.87928886951569,103.740607571903,TRUE,NA
"sigma",24.38,-7.35071043612936,2.89015374956869,3.89463769065636,8.88167343601073,103.792943915821,TRUE,NA
"sigma",24.39,-7.35291003096948,2.8907984380904,3.89528468543262,8.8840576803707,103.845285923532,TRUE,NA
"sigma",24.4,-7.35510935292521,2.89144302633515,3.89593157699211,8.88644160276903,103.897633593488,TRUE,NA
"sigma",24.41,-7.35730840213619,2.89208751436084,3.89657836539688,8.88882520337893,103.949986924144,TRUE,NA
"sigma",24.42,-7.35950717874193,2.89273190222534,3.89722505070894,8.89120848237348,104.002345913954,TRUE,NA
"sigma",24.43,-7.36170568288185,2.89337618998649,3.89787163299028,8.89359143992559,104.054710561375,TRUE,NA
"sigma",24.44,-7.36390391469522,2.89402037770204,3.89851811230276,8.89597407620801,104.107080864864,TRUE,NA
"sigma",24.45,-7.3661018743212,2.89466446542969,3.89916448870823,8.89835639139334,104.159456822878,TRUE,NA
"sigma",24.46,-7.36829956189881,2.89530845322709,3.89981076226842,8.90073838565398,104.211838433878,TRUE,NA
"sigma",24.47,-7.37049697756695,2.89595234115182,3.90045693304504,8.90312005916222,104.264225696324,TRUE,NA
"sigma",24.48,-7.37269412146441,2.89659612926144,3.90110300109973,8.90550141209015,104.316618608676,TRUE,NA
"sigma",24.49,-7.37489099372983,2.89723981761337,3.90174896649402,8.9078824446097,104.369017169398,TRUE,NA
"sigma",24.5,-7.37708759450175,2.89788340626507,3.90239482928945,8.91026315689266,104.421421376952,TRUE,NA
"sigma",24.51,-7.37928392391857,2.89852689527388,3.90304058954745,8.91264354911066,104.473831229803,TRUE,NA
"sigma",24.52,-7.38147998211858,2.89917028469708,3.90368624732934,8.91502362143511,104.526246726417,TRUE,NA
"sigma",24.53,-7.38367576923993,2.89981357459193,3.90433180269649,8.91740337403736,104.578667865261,TRUE,NA
"sigma",24.54,-7.38587128542068,2.9004567650156,3.90497725571009,8.91978280708851,104.631094644802,TRUE,NA
"sigma",24.55,-7.38806653079873,2.90109985602522,3.90562260643134,8.92216192075955,104.683527063508,TRUE,NA
"sigma",24.56,-7.39026150551186,2.90174284767789,3.90626785492139,8.9245407152213,104.735965119851,TRUE,NA
"sigma",24.57,-7.39245620969776,2.90238574003057,3.90691300124122,8.9269191906444,104.788408812299,TRUE,NA
"sigma",24.58,-7.39465064349396,2.90302853314024,3.90755804545184,8.92929734719937,104.840858139326,TRUE,NA
"sigma",24.59,-7.39684480703791,2.90367122706377,3.90820298761417,8.93167518505653,104.893313099404,TRUE,NA
"sigma",24.6,-7.39903870046688,2.90431382185804,3.9088478277891,8.93405270438604,104.945773691007,TRUE,NA
"sigma",24.61,-7.40123232391807,2.90495631757983,3.90949256603739,8.93642990535798,104.99823991261,TRUE,NA
"sigma",24.62,-7.40342567752853,2.90559871428584,3.91013720241977,8.93880678814214,105.050711762689,TRUE,NA
"sigma",24.63,-7.40561876143519,2.90624101203273,3.91078173699691,8.94118335290827,105.103189239721,TRUE,NA
"sigma",24.64,-7.40781157577489,2.90688321087715,3.91142616982941,8.9435595998259,105.155672342184,TRUE,NA
"sigma",24.65,-7.41000412068429,2.90752531087563,3.91207050097783,8.94593552906441,105.208161068558,TRUE,NA
"sigma",24.66,-7.41219639629998,2.90816731208468,3.91271473050262,8.94831114079303,105.260655417323,TRUE,NA
"sigma",24.67,-7.41438840275842,2.90880921456075,3.91335885846421,8.95068643518084,105.313155386959,TRUE,NA
"sigma",24.68,-7.41658014019593,2.90945101836022,3.91400288492295,8.95306141239675,105.365660975949,TRUE,NA
"sigma",24.69,-7.41877160874869,2.91009272353939,3.9146468099391,8.95543607260949,105.418172182776,TRUE,NA
"sigma",24.7,-7.42096280855284,2.9107343301546,3.91529063357292,8.95781041598771,105.470689005925,TRUE,NA
"sigma",24.71,-7.42315373974431,2.911375838262,3.91593435588455,8.9601844426998,105.52321144388,TRUE,NA
"sigma",24.72,-7.42534440245897,2.91201724791777,3.91657797693407,8.96255815291407,105.575739495129,TRUE,NA
"sigma",24.73,-7.42753479683253,2.91265855917806,3.91722149678158,8.96493154679866,105.628273158158,TRUE,NA
"sigma",24.74,-7.42972492300062,2.91329977209888,3.917864915487,8.96730462452154,105.680812431457,TRUE,NA
"sigma",24.75,-7.4319147810987,2.91394088673624,3.91850823311027,8.96967738625051,105.733357313513,TRUE,NA
"sigma",24.76,-7.43410437126216,2.91458190314606,3.91915144971122,8.97204983215325,105.785907802819,TRUE,NA
"sigma",24.77,-7.43629369362622,2.91522282138423,3.91979456534962,8.97442196239725,105.838463897865,TRUE,NA
"sigma",24.78,-7.43848274832604,2.9158636415066,3.92043758008524,8.97679377714987,105.891025597144,TRUE,NA
"sigma",24.79,-7.44067153549661,2.91650436356892,3.9210804939777,8.9791652765783,105.94359289915,TRUE,NA
"sigma",24.8,-7.44286005527283,2.91714498762692,3.92172330708666,8.98153646084959,105.996165802376,TRUE,NA
"sigma",24.81,-7.44504830778945,2.91778551373624,3.92236601947158,8.98390733013062,106.048744305319,TRUE,NA
"sigma",24.82,-7.44723629318116,2.91842594195251,3.923008631192,8.98627788458814,106.101328406475,TRUE,NA
"sigma",24.83,-7.44942401158246,2.91906627233128,3.92365114230731,8.98864812438869,106.153918104341,TRUE,NA
"sigma",24.84,-7.45161146312777,2.91970650492802,3.92429355287686,8.99101804969872,106.206513397417,TRUE,NA
"sigma",24.85,-7.4537986479514,2.92034663979821,3.92493586295996,8.99338766068449,106.259114284202,TRUE,NA
"sigma",24.86,-7.4559855661875,2.9209866769972,3.92557807261582,8.99575695751213,106.311720763197,TRUE,NA
"sigma",24.87,-7.45817221797018,2.92162661658035,3.92622018190363,8.99812594034758,106.364332832902,TRUE,NA
"sigma",24.88,-7.46035860343333,2.92226645860293,3.92686219088248,9.00049460935667,106.416950491822,TRUE,NA
"sigma",24.89,-7.46254472271081,2.92290620312015,3.92750409961144,9.00286296470505,106.469573738459,TRUE,NA
"sigma",24.9,-7.46473057593629,2.92354585018717,3.92814590814948,9.0052310065582,106.522202571318,TRUE,NA
"sigma",24.91,-7.4669161632434,2.92418539985914,3.92878761655552,9.00759873508152,106.574836988906,TRUE,NA
"sigma",24.92,-7.46910148476558,2.9248248521911,3.92942922488846,9.00996615044016,106.627476989728,TRUE,NA
"sigma",24.93,-7.47128654063621,2.92546420723804,3.93007073320706,9.01233325279919,106.680122572292,TRUE,NA
"sigma",24.94,-7.47347133098849,2.92610346505493,3.9307121415701,9.0147000423235,106.732773735107,TRUE,NA
"sigma",24.95,-7.47565585595559,2.92674262569666,3.93135345003625,9.01706651917784,106.785430476683,TRUE,NA
"sigma",24.96,-7.47784011567047,2.92738168921806,3.93199465866412,9.01943268352678,106.838092795531,TRUE,NA
"sigma",24.97,-7.48002411026604,2.92802065567392,3.93263576751228,9.02179853553477,106.890760690161,TRUE,NA
"sigma",24.98,-7.48220783987505,2.928659525119,3.93327677663925,9.0241640753661,106.943434159088,TRUE,NA
"sigma",24.99,-7.48439130463018,2.92929829760796,3.93391768610345,9.02652930318491,106.996113200824,TRUE,NA
"sigma",25,-7.48657450466396,2.92993697319543,3.93455849596327,9.02889421915517,107.048797813885,TRUE,NA
"sigma",25.01,-7.48875744010879,2.93057555193598,3.93519920627704,9.03125882344074,107.101487996785,TRUE,NA
"sigma",25.02,-7.49094011109699,2.93121403388413,3.935839817103,9.03362311620528,107.154183748042,TRUE,NA
"sigma",25.03,-7.49312251776077,2.93185241909433,3.93648032849937,9.03598709761234,107.206885066174,TRUE,NA
"sigma",25.04,-7.49530466023217,2.93249070762102,3.93712074052429,9.03835076782529,107.259591949698,TRUE,NA
"sigma",25.05,-7.49748653864316,2.93312889951854,3.93776105323583,9.04071412700737,107.312304397135,TRUE,NA
"sigma",25.06,-7.49966815312559,2.93376699484121,3.93840126669206,9.04307717532168,107.365022407006,TRUE,NA
"sigma",25.07,-7.50184950381119,2.93440499364325,3.93904138095086,9.04543991293113,107.417745977832,TRUE,NA
"sigma",25.08,-7.50403059083156,2.93504289597889,3.9396813960702,9.04780233999853,107.470475108136,TRUE,NA
"sigma",25.09,-7.50621141431821,2.93568070190227,3.94032131210791,9.0501644566865,107.523209796441,TRUE,NA
"sigma",25.1,-7.50839197440251,2.93631841146748,3.94096112912178,9.05252626315753,107.575950041272,TRUE,NA
"sigma",25.11,-7.51057227121575,2.93695602472855,3.94160084716953,9.05488775957398,107.628695841155,TRUE,NA
"sigma",25.12,-7.51275230488907,2.93759354173949,3.94224046630882,9.05724894609802,107.681447194616,TRUE,NA
"sigma",25.13,-7.5149320755535,2.9382309625542,3.94287998659728,9.05960982289169,107.734204100183,TRUE,NA
"sigma",25.14,-7.51711158333998,2.9388682872266,3.94351940809244,9.06197039011689,107.786966556384,TRUE,NA
"sigma",25.15,-7.51929082837931,2.93950551581048,3.9441587308518,9.06433064793538,107.839734561749,TRUE,NA
"sigma",25.16,-7.52146981080221,2.94014264835963,3.94479795493278,9.06669059650875,107.892508114809,TRUE,NA
"sigma",25.17,-7.52364853073922,2.94077968492777,3.94543708039276,9.06905023599842,107.945287214095,TRUE,NA
"sigma",25.18,-7.52582698832086,2.94141662556859,3.94607610728906,9.07140956656575,107.998071858139,TRUE,NA
"sigma",25.19,-7.52800518367746,2.94205347033569,3.94671503567893,9.07376858837185,108.050862045475,TRUE,NA
"sigma",25.2,-7.53018311693926,2.94269021928265,3.9473538656196,9.07612730157777,108.103657774637,TRUE,NA
"sigma",25.21,-7.5323607882364,2.94332687246296,3.94799259716816,9.07848570634433,108.156459044162,TRUE,NA
"sigma",25.22,-7.53453819769889,2.9439634299301,3.94863123038173,9.08084380283227,108.209265852584,TRUE,NA
"sigma",25.23,-7.53671534545663,2.94459989173747,3.94926976531731,9.08320159120216,108.262078198442,TRUE,NA
"sigma",25.24,-7.53889223163943,2.94523625793844,3.94990820203189,9.08555907161444,108.314896080274,TRUE,NA
"sigma",25.25,-7.54106885637695,2.94587252858633,3.95054654058237,9.08791624422936,108.367719496618,TRUE,NA
"sigma",25.26,-7.54324521979876,2.94650870373435,3.95118478102559,9.09027310920706,108.420548446017,TRUE,NA
"sigma",25.27,-7.54542132203432,2.94714478343572,3.95182292341834,9.09262966670754,108.47338292701,TRUE,NA
"sigma",25.28,-7.54759716321295,2.94778076774361,3.95246096781736,9.09498591689062,108.52622293814,TRUE,NA
"sigma",25.29,-7.54977274346389,2.94841665671109,3.95309891427933,9.097341859916,108.579068477951,TRUE,NA
"sigma",25.3,-7.55194806291628,2.94905245039123,3.95373676286087,9.09969749594324,108.631919544985,TRUE,NA
"sigma",25.31,-7.5541231216991,2.94968814883703,3.95437451361856,9.10205282513176,108.684776137789,TRUE,NA
"sigma",25.32,-7.55629791994124,2.95032375210139,3.95501216660886,9.1044078476408,108.737638254908,TRUE,NA
"sigma",25.33,-7.5584724577715,2.95095926023726,3.95564972188827,9.10676256362947,108.79050589489,TRUE,NA
"sigma",25.34,-7.56064673531853,2.95159467329745,3.95628717951315,9.10911697325676,108.843379056283,TRUE,NA
"sigma",25.35,-7.5628207527109,2.95222999133474,3.95692453953982,9.11147107668149,108.896257737635,TRUE,NA
"sigma",25.36,-7.56499451007706,2.9528652144019,3.95756180202459,9.11382487406235,108.949141937496,TRUE,NA
"sigma",25.37,-7.56716800754534,2.9535003425516,3.95819896702367,9.11617836555788,109.002031654418,TRUE,NA
"sigma",25.38,-7.56934124524397,2.95413537583648,3.95883603459322,9.11853155132648,109.054926886952,TRUE,NA
"sigma",25.39,-7.57151422330107,2.95477031430913,3.95947300478933,9.12088443152639,109.10782763365,TRUE,NA
"sigma",25.4,-7.57368694184463,2.95540515802208,3.96010987766807,9.12323700631573,109.160733893068,TRUE,NA
"sigma",25.41,-7.57585940100255,2.95603990702781,3.96074665328542,9.12558927585247,109.213645663759,TRUE,NA
"sigma",25.42,-7.57803160090262,2.95667456137875,3.96138333169732,9.12794124029442,109.266562944279,TRUE,NA
"sigma",25.43,-7.5802035416725,2.95730912112733,3.96201991295967,9.13029289979929,109.319485733184,TRUE,NA
"sigma",25.44,-7.58237522343976,2.95794358632581,3.96265639712826,9.13264425452459,109.372414029033,TRUE,NA
"sigma",25.45,-7.58454664633187,2.95857795702654,3.96329278425889,9.13499530462775,109.425347830384,TRUE,NA
"sigma",25.46,-7.58671781047615,2.95921223328169,3.96392907440724,9.13734605026599,109.478287135796,TRUE,NA
"sigma",25.47,-7.58888871599984,2.9598464151435,3.96456526762899,9.13969649159645,109.53123194383,TRUE,NA
"sigma",25.48,-7.59105936303006,2.96048050266405,3.96520136397972,9.14204662877609,109.584182253047,TRUE,NA
"sigma",25.49,-7.59322975169383,2.96111449589545,3.96583736351498,9.14439646196174,109.637138062009,TRUE,NA
"sigma",25.5,-7.59539988211808,2.96174839488974,3.96647326629027,9.1467459913101,109.69009936928,TRUE,NA
"sigma",25.51,-7.59756975442957,2.96238219969887,3.96710907236101,9.14909521697771,109.743066173423,TRUE,NA
"sigma",25.52,-7.59973936875499,2.96301591037479,3.96774478178256,9.15144413912097,109.796038473005,TRUE,NA
"sigma",25.53,-7.60190872522094,2.96364952696937,3.96838039461027,9.15379275789615,109.84901626659,TRUE,NA
"sigma",25.54,-7.60407782395389,2.96428304953445,3.96901591089938,9.15614107345939,109.901999552747,TRUE,NA
"sigma",25.55,-7.60624666508016,2.96491647812182,3.96965133070514,9.15848908596666,109.954988330043,TRUE,NA
"sigma",25.56,-7.60841524872604,2.96554981278319,3.97028665408265,9.1608367955738,110.007982597047,TRUE,NA
"sigma",25.57,-7.61058357501768,2.96618305357027,3.97092188108705,9.16318420243653,110.060982352329,TRUE,NA
"sigma",25.58,-7.61275164408109,2.96681620053466,3.97155701177336,9.16553130671041,110.113987594459,TRUE,NA
"sigma",25.59,-7.6149194560422,2.96744925372794,3.97219204619656,9.16787810855084,110.16699832201,TRUE,NA
"sigma",25.6,-7.61708701102687,2.96808221320169,3.97282698441161,9.17022460811316,110.220014533554,TRUE,NA
"sigma",25.61,-7.61925430916075,2.96871507900734,3.97346182647336,9.17257080555246,110.273036227665,TRUE,NA
"sigma",25.62,-7.6214213505695,2.96934785119636,3.97409657243668,9.17491670102379,110.326063402917,TRUE,NA
"sigma",25.63,-7.62358813537859,2.96998052982014,3.9747312223563,9.177262294682,110.379096057885,TRUE,NA
"sigma",25.64,-7.6257546637134,2.97061311492998,3.97536577628693,9.1796075866818,110.432134191147,TRUE,NA
"sigma",25.65,-7.62792093569923,2.97124560657719,3.97600023428325,9.18195257717783,110.485177801279,TRUE,NA
"sigma",25.66,-7.63008695146126,2.971878004813,3.97663459639985,9.18429726632449,110.538226886859,TRUE,NA
"sigma",25.67,-7.63225271112454,2.97251030968862,3.9772688626913,9.18664165427612,110.591281446468,TRUE,NA
"sigma",25.68,-7.63441821481404,2.97314252125517,3.97790303321209,9.18898574118689,110.644341478684,TRUE,NA
"sigma",25.69,-7.63658346265461,2.97377463956373,3.97853710801663,9.19132952721083,110.69740698209,TRUE,NA
"sigma",25.7,-7.63874845477101,2.97440666466536,3.97917108715934,9.19367301250186,110.750477955267,TRUE,NA
"sigma",25.71,-7.64091319128786,2.97503859661106,3.97980497069454,9.19601619721372,110.803554396797,TRUE,NA
"sigma",25.72,-7.64307767232971,2.97567043545177,3.98043875867652,9.19835908150006,110.856636305265,TRUE,NA
"sigma",25.73,-7.64524189802099,2.97630218123837,3.9810724511595,9.20070166551436,110.909723679256,TRUE,NA
"sigma",25.74,-7.64740586848602,2.97693383402173,3.98170604819765,9.20304394940995,110.962816517355,TRUE,NA
"sigma",25.75,-7.64956958384901,2.97756539385264,3.98233954984507,9.20538593334007,111.015914818148,TRUE,NA
"sigma",25.76,-7.65173304423407,2.97819686078185,3.98297295615586,9.20772761745778,111.069018580224,TRUE,NA
"sigma",25.77,-7.65389624976521,2.97882823486006,3.98360626718399,9.21006900191602,111.12212780217,TRUE,NA
"sigma",25.78,-7.65605920056633,2.97945951613793,3.98423948298343,9.21241008686761,111.175242482577,TRUE,NA
"sigma",25.79,-7.65822189676122,2.98009070466606,3.9848726036081,9.2147508724652,111.228362620033,TRUE,NA
"sigma",25.8,-7.66038433847357,2.98072180049503,3.98550562911186,9.21709135886135,111.281488213131,TRUE,NA
"sigma",25.81,-7.66254652582696,2.98135280367532,3.98613855954844,9.21943154620842,111.334619260463,TRUE,NA
"sigma",25.82,-7.66470845894488,2.98198371425742,3.98677139497166,9.22177143465871,111.387755760621,TRUE,NA
"sigma",25.83,-7.66687013795069,2.98261453229172,3.98740413543514,9.22411102436429,111.4408977122,TRUE,NA
"sigma",25.84,-7.66903156296765,2.9832452578286,3.98803678099256,9.22645031547721,111.494045113794,TRUE,NA
"sigma",25.85,-7.67119273411895,2.98387589091837,3.98866933169748,9.22878930814928,111.547197964,TRUE,NA
"sigma",25.86,-7.67335365152762,2.98450643161131,3.98930178760345,9.23112800253226,111.600356261412,TRUE,NA
"sigma",25.87,-7.67551431531663,2.98513687995765,3.98993414876395,9.23346639877769,111.653520004631,TRUE,NA
"sigma",25.88,-7.67767472560884,2.98576723600755,3.99056641523236,9.23580449703706,111.706689192253,TRUE,NA
"sigma",25.89,-7.67983488252697,2.98639749981116,3.99119858706212,9.23814229746167,111.759863822878,TRUE,NA
"sigma",25.9,-7.68199478619368,2.98702767141853,3.99183066430648,9.24047980020268,111.813043895107,TRUE,NA
"sigma",25.91,-7.6841544367315,2.98765775087972,3.99246264701874,9.24281700541117,111.86622940754,TRUE,NA
"sigma",25.92,-7.68631383426286,2.9882877382447,3.99309453525212,9.24515391323804,111.919420358781,TRUE,NA
"sigma",25.93,-7.68847297891011,2.98891763356342,3.99372632905976,9.24749052383408,111.972616747431,TRUE,NA
"sigma",25.94,-7.69063187079544,2.98954743688576,3.99435802849478,9.24982683734991,112.025818572095,TRUE,NA
"sigma",25.95,-7.69279051004102,2.99017714826158,3.99498963361023,9.25216285393607,112.079025831377,TRUE,NA
"sigma",25.96,-7.69494889676883,2.99080676774067,3.99562114445913,9.25449857374294,112.132238523884,TRUE,NA
"sigma",25.97,-7.69710703110081,2.99143629537277,3.99625256109439,9.25683399692074,112.185456648222,TRUE,NA
"sigma",25.98,-7.69926491315876,2.9920657312076,3.99688388356896,9.2591691236196,112.238680202998,TRUE,NA
"sigma",25.99,-7.70142254306437,2.99269507529479,3.99751511193564,9.26150395398949,112.29190918682,TRUE,NA
"sigma",26,-7.7035799209393,2.99332432768401,3.99814624624727,9.26383848818029,112.345143598299,TRUE,NA
"sigma",26.01,-7.705737046905,2.99395348842476,3.99877728655655,9.26617272634167,112.398383436044,TRUE,NA
"sigma",26.02,-7.70789392108293,2.99458255756659,3.99940823291623,9.26850666862325,112.451628698667,TRUE,NA
"sigma",26.03,-7.71005054359433,2.99521153515895,4.00003908537888,9.27084031517445,112.504879384779,TRUE,NA
"sigma",26.04,-7.71220691456045,2.99584042125128,4.00066984399713,9.27317366614463,112.558135492994,TRUE,NA
"sigma",26.05,-7.71436303410233,2.99646921589294,4.00130050882348,9.27550672168292,112.611397021925,TRUE,NA
"sigma",26.06,-7.716518902341,2.99709791913328,4.00193107991048,9.27783948193843,112.664663970186,TRUE,NA
"sigma",26.07,-7.71867451939736,2.99772653102159,4.00256155731051,9.28017194706007,112.717936336394,TRUE,NA
"sigma",26.08,-7.72082988539217,2.99835505160709,4.00319194107598,9.28250411719663,112.771214119165,TRUE,NA
"sigma",26.09,-7.72298500044614,2.99898348093896,4.00382223125919,9.28483599249676,112.824497317116,TRUE,NA
"sigma",26.1,-7.72513986467984,2.99961181906636,4.00445242791244,9.287167573109,112.877785928866,TRUE,NA
"sigma",26.11,-7.72729447821373,3.00024006603839,4.00508253108794,9.28949885918174,112.931079953033,TRUE,NA
"sigma",26.12,-7.72944884116825,3.00086822190411,4.00571254083791,9.29182985086329,112.984379388237,TRUE,NA
"sigma",26.13,-7.73160295366367,3.00149628671252,4.00634245721442,9.29416054830175,113.037684233101,TRUE,NA
"sigma",26.14,-7.73375681582011,3.00212426051257,4.00697228026959,9.29649095164512,113.090994486244,TRUE,NA
"sigma",26.15,-7.73591042775771,3.00275214335322,4.00760201005543,9.29882106104131,113.144310146291,TRUE,NA
"sigma",26.16,-7.73806378959643,3.00337993528327,4.00823164662389,9.30115087663805,113.197631211864,TRUE,NA
"sigma",26.17,-7.74021690145616,3.00400763635159,4.00886119002692,9.30348039858298,113.250957681588,TRUE,NA
"sigma",26.18,-7.74236976345665,3.00463524660696,4.00949064031639,9.30580962702357,113.304289554088,TRUE,NA
"sigma",26.19,-7.74452237571759,3.00526276609809,4.0101199975441,9.30813856210718,113.357626827991,TRUE,NA
"sigma",26.2,-7.74667473835857,3.0058901948737,4.01074926176186,9.31046720398107,113.410969501923,TRUE,NA
"sigma",26.21,-7.74882685149904,3.00651753298238,4.01137843302135,9.31279555279228,113.464317574513,TRUE,NA
"sigma",26.22,-7.75097871525838,3.00714478047277,4.01200751137424,9.31512360868785,113.517671044389,TRUE,NA
"sigma",26.23,-7.75313032975589,3.00777193739341,4.01263649687219,9.31745137181459,113.571029910181,TRUE,NA
"sigma",26.24,-7.75528169511073,3.00839900379281,4.01326538956673,9.31977884231923,113.62439417052,TRUE,NA
"sigma",26.25,-7.75743281144196,3.00902597971942,4.01389418950942,9.32210602034833,113.677763824036,TRUE,NA
"sigma",26.26,-7.75958367886857,3.00965286522165,4.01452289675167,9.32443290604836,113.731138869364,TRUE,NA
"sigma",26.27,-7.76173429750944,3.01027966034788,4.01515151134495,9.32675949956567,113.784519305134,TRUE,NA
"sigma",26.28,-7.76388466748335,3.01090636514645,4.01578003334061,9.32908580104645,113.837905129983,TRUE,NA
"sigma",26.29,-7.76603478890896,3.01153297966559,4.01640846278994,9.33141181063676,113.891296342544,TRUE,NA
"sigma",26.3,-7.76818466190485,3.01215950395359,4.01703679974427,9.33373752848256,113.944692941454,TRUE,NA
"sigma",26.31,-7.77033428658954,3.01278593805864,4.0176650442548,9.33606295472969,113.998094925349,TRUE,NA
"sigma",26.32,-7.77248366308135,3.01341228202882,4.01829319637266,9.33838808952381,114.051502292866,TRUE,NA
"sigma",26.33,-7.77463279149859,3.01403853591229,4.018921256149,9.34071293301048,114.104915042645,TRUE,NA
"sigma",26.34,-7.77678167195946,3.0146646997571,4.0195492236349,9.34303748533517,114.158333173325,TRUE,NA
"sigma",26.35,-7.778930304582,3.01529077361124,4.02017709888136,9.34536174664317,114.211756683544,TRUE,NA
"sigma",26.36,-7.78107868948424,3.0159167575227,4.02080488193939,9.34768571707967,114.265185571946,TRUE,NA
"sigma",26.37,-7.78322682678403,3.01654265153939,4.02143257285987,9.35000939678972,114.318619837171,TRUE,NA
"sigma",26.38,-7.78537471659918,3.01716845570917,4.02206017169366,9.35233278591826,114.372059477862,TRUE,NA
"sigma",26.39,-7.78752235904737,3.0177941700799,4.02268767849163,9.35465588461009,114.425504492663,TRUE,NA
"sigma",26.4,-7.78966975424622,3.01841979469938,4.02331509330455,9.3569786930099,114.478954880218,TRUE,NA
"sigma",26.41,-7.79181690231318,3.0190453296153,4.02394241618312,9.3593012112622,114.532410639174,TRUE,NA
"sigma",26.42,-7.79396380336569,3.01967077487541,4.02456964717802,9.36162343951148,114.585871768175,TRUE,NA
"sigma",26.43,-7.79611045752102,3.02029613052735,4.02519678633989,9.363945377902,114.639338265869,TRUE,NA
"sigma",26.44,-7.79825686489638,3.02092139661874,4.02582383371931,9.36626702657794,114.692810130904,TRUE,NA
"sigma",26.45,-7.80040302560885,3.02154657319713,4.02645078936681,9.36858838568336,114.746287361928,TRUE,NA
"sigma",26.46,-7.80254893977549,3.02217166031006,4.02707765333286,9.37090945536219,114.799769957592,TRUE,NA
"sigma",26.47,-7.80469460751316,3.02279665800498,4.02770442566787,9.3732302357582,114.853257916545,TRUE,NA
"sigma",26.48,-7.80684002893869,3.02342156632937,4.02833110642229,9.3755507270151,114.90675123744,TRUE,NA
"sigma",26.49,-7.80898520416881,3.02404638533061,4.02895769564641,9.37787092927643,114.960249918927,TRUE,NA
"sigma",26.5,-7.8111301333201,3.02467111505604,4.02958419339053,9.38019084268562,115.013753959662,TRUE,NA
"sigma",26.51,-7.81327481650913,3.02529575555297,4.03021059970489,9.38251046738596,115.067263358296,TRUE,NA
"sigma",26.52,-7.81541925385227,3.02592030686864,4.03083691463965,9.38482980352063,115.120778113485,TRUE,NA
"sigma",26.53,-7.81756344546589,3.02654476905031,4.031463138245,9.38714885123269,115.174298223885,TRUE,NA
"sigma",26.54,-7.81970739146622,3.02716914214512,4.03208927057099,9.38946761066507,115.227823688151,TRUE,NA
"sigma",26.55,-7.82185109196937,3.02779342620021,4.0327153116677,9.39178608196057,115.281354504942,TRUE,NA
"sigma",26.56,-7.8239945470914,3.02841762126267,4.03334126158511,9.39410426526188,115.334890672916,TRUE,NA
"sigma",26.57,-7.82613775694824,3.02904172737954,4.03396712037319,9.39642216071155,115.388432190731,TRUE,NA
"sigma",26.58,-7.82828072165574,3.02966574459782,4.03459288808181,9.39873976845201,115.441979057047,TRUE,NA
"sigma",26.59,-7.83042344132964,3.03028967296445,4.03521856476081,9.40105708862557,115.495531270525,TRUE,NA
"sigma",26.6,-7.83256591608563,3.0309135125264,4.03584415046007,9.40337412137445,115.549088829826,TRUE,NA
"sigma",26.61,-7.83470814603923,3.0315372633305,4.03646964522929,9.40569086684069,115.602651733614,TRUE,NA
"sigma",26.62,-7.83685013130594,3.03216092542357,4.03709504911819,9.40800732516625,115.65621998055,TRUE,NA
"sigma",26.63,-7.8389918720011,3.03278449885242,4.03772036217646,9.41032349649293,115.709793569299,TRUE,NA
"sigma",26.64,-7.84113336824,3.03340798366377,4.03834558445366,9.41263938096244,115.763372498527,TRUE,NA
"sigma",26.65,-7.84327462013779,3.03403137990435,4.03897071599942,9.41495497871636,115.816956766898,TRUE,NA
"sigma",26.66,-7.84541562780959,3.03465468762078,4.03959575686322,9.41727028989614,115.870546373079,TRUE,NA
"sigma",26.67,-7.84755639137036,3.0352779068597,4.04022070709455,9.4195853146431,115.924141315738,TRUE,NA
"sigma",26.68,-7.84969691093502,3.03590103766767,4.04084556674283,9.42190005309848,115.977741593543,TRUE,NA
"sigma",26.69,-7.85183718661835,3.03652408009121,4.04147033585744,9.42421450540335,116.031347205163,TRUE,NA
"sigma",26.7,-7.85397721853505,3.03714703417682,4.04209501448772,9.42652867169867,116.084958149268,TRUE,NA
"sigma",26.71,-7.85611700679973,3.03776989997094,4.04271960268295,9.42884255212529,116.138574424528,TRUE,NA
"sigma",26.72,-7.85825655152691,3.03839267751996,4.04334410049235,9.43115614682395,116.192196029616,TRUE,NA
"sigma",26.73,-7.86039585283102,3.03901536687028,4.04396850796515,9.43346945593524,116.245822963203,TRUE,NA
"sigma",26.74,-7.86253491082639,3.03963796806815,4.04459282515045,9.43578247959965,116.299455223964,TRUE,NA
"sigma",26.75,-7.86467372562721,3.04026048115989,4.04521705209736,9.43809521795754,116.353092810571,TRUE,NA
"sigma",26.76,-7.86681229734765,3.04088290619171,4.04584118885496,9.44040767114914,116.4067357217,TRUE,NA
"sigma",26.77,-7.86895062610175,3.04150524320981,4.04646523547222,9.44271983931459,116.460383956027,TRUE,NA
"sigma",26.78,-7.87108871200347,3.04212749226034,4.04708919199812,9.44503172259389,116.514037512229,TRUE,NA
"sigma",26.79,-7.87322655516665,3.04274965338938,4.04771305848153,9.44734332112689,116.567696388981,TRUE,NA
"sigma",26.8,-7.87536415570507,3.04337172664303,4.04833683497137,9.44965463505339,116.621360584964,TRUE,NA
"sigma",26.81,-7.87750151373237,3.04399371206729,4.04896052151642,9.45196566451302,116.675030098856,TRUE,NA
"sigma",26.82,-7.87963862936215,3.04461560970814,4.04958411816548,9.45427640964528,116.728704929336,TRUE,NA
"sigma",26.83,-7.88177550270791,3.04523741961152,4.05020762496725,9.4565868705896,116.782385075086,TRUE,NA
"sigma",26.84,-7.883912133883,3.04585914182329,4.05083104197039,9.45889704748522,116.836070534788,TRUE,NA
"sigma",26.85,-7.88604852300074,3.04648077638936,4.05145436922356,9.46120694047135,116.889761307122,TRUE,NA
"sigma",26.86,-7.88818467017433,3.04710232335552,4.05207760677536,9.46351654968702,116.943457390773,TRUE,NA
"sigma",26.87,-7.89032057551688,3.04772378276755,4.05270075467432,9.46582587527115,116.997158784425,TRUE,NA
"sigma",26.88,-7.8924562391414,3.04834515467114,4.05332381296893,9.46813491736253,117.050865486762,TRUE,NA
"sigma",26.89,-7.89459166116084,3.04896643911201,4.05394678170763,9.47044367609987,117.10457749647,TRUE,NA
"sigma",26.9,-7.89672684168801,3.04958763613579,4.05456966093881,9.47275215162172,117.158294812236,TRUE,NA
"sigma",26.91,-7.89886178083566,3.0502087457881,4.05519245071086,9.47506034406655,117.212017432746,TRUE,NA
"sigma",26.92,-7.90099647871644,3.05082976811449,4.05581515107209,9.47736825357267,117.26574535669,TRUE,NA
"sigma",26.93,-7.90313093544291,3.05145070316049,4.05643776207074,9.47967588027831,117.319478582755,TRUE,NA
"sigma",26.94,-7.90526515112752,3.05207155097157,4.05706028375504,9.48198322432157,117.373217109631,TRUE,NA
"sigma",26.95,-7.90739912588266,3.05269231159315,4.05768271617316,9.4842902858404,117.42696093601,TRUE,NA
"sigma",26.96,-7.9095328598206,3.05331298507068,4.05830505937324,9.4865970649727,117.480710060582,TRUE,NA
"sigma",26.97,-7.91166635305354,3.05393357144949,4.05892731340337,9.48890356185618,117.534464482039,TRUE,NA
"sigma",26.98,-7.91379960569355,3.05455407077486,4.05954947831156,9.49120977662847,117.588224199076,TRUE,NA
"sigma",26.99,-7.91593261785268,3.05517448309211,4.06017155414583,9.49351570942709,117.641989210384,TRUE,NA
"sigma",27,-7.9180653896428,3.05579480844644,4.06079354095409,9.49582136038941,117.695759514659,TRUE,NA
"sigma",27.01,-7.92019792117577,3.0564150468831,4.0614154387843,9.49812672965275,117.749535110597,TRUE,NA
"sigma",27.02,-7.9223302125633,3.05703519844719,4.06203724768428,9.50043181735423,117.803315996893,TRUE,NA
"sigma",27.03,-7.92446226391704,3.0576552631838,4.06265896770181,9.50273662363087,117.857102172245,TRUE,NA
"sigma",27.04,-7.92659407534853,3.05827524113806,4.06328059888472,9.50504114861963,117.910893635351,TRUE,NA
"sigma",27.05,-7.92872564696925,3.05889513235497,4.06390214128071,9.50734539245731,117.964690384908,TRUE,NA
"sigma",27.06,-7.93085697889055,3.05951493687952,4.06452359493745,9.50964935528061,118.018492419617,TRUE,NA
"sigma",27.07,-7.93298807122371,3.06013465475665,4.06514495990257,9.51195303722608,118.072299738178,TRUE,NA
"sigma",27.08,-7.93511892407992,3.06075428603127,4.06576623622365,9.51425643843019,118.126112339291,TRUE,NA
"sigma",27.09,-7.93724953757028,3.06137383074826,4.06638742394826,9.51655955902929,118.17993022166,TRUE,NA
"sigma",27.1,-7.93937991180579,3.06199328895243,4.06700852312385,9.51886239915959,118.233753383985,TRUE,NA
"sigma",27.11,-7.94151004689737,3.0626126606886,4.06762953379796,9.52116495895723,118.287581824972,TRUE,NA
"sigma",27.12,-7.94363994295584,3.06323194600146,4.06825045601791,9.52346723855818,118.341415543324,TRUE,NA
"sigma",27.13,-7.94576960009196,3.06385114493577,4.0688712898311,9.52576923809834,118.395254537746,TRUE,NA
"sigma",27.14,-7.94789901841635,3.06447025753615,4.06949203528487,9.52807095771347,118.449098806944,TRUE,NA
"sigma",27.15,-7.95002819803956,3.06508928384725,4.07011269242644,9.53037239753919,118.502948349624,TRUE,NA
"sigma",27.16,-7.95215713907209,3.06570822391365,4.07073326130309,9.53267355771109,118.556803164495,TRUE,NA
"sigma",27.17,-7.95428584162428,3.0663270777799,4.07135374196201,9.53497443836456,118.610663250265,TRUE,NA
"sigma",27.18,-7.95641430580644,3.06694584549051,4.07197413445033,9.53727503963491,118.664528605641,TRUE,NA
"sigma",27.19,-7.95854253172877,3.06756452708992,4.07259443881514,9.53957536165734,118.718399229336,TRUE,NA
"sigma",27.2,-7.96067051950137,3.0681831226226,4.0732146551035,9.54187540456693,118.772275120058,TRUE,NA
"sigma",27.21,-7.96279826923427,3.06880163213288,4.07383478336243,9.54417516849864,118.82615627652,TRUE,NA
"sigma",27.22,-7.96492578103737,3.06942005566512,4.07445482363888,9.54647465358728,118.880042697434,TRUE,NA
"sigma",27.23,-7.96705305502054,3.07003839326367,4.0750747759798,9.54877385996766,118.933934381512,TRUE,NA
"sigma",27.24,-7.96918009129353,3.07065664497274,4.07569464043203,9.55107278777435,118.987831327469,TRUE,NA
"sigma",27.25,-7.97130688996598,3.07127481083658,4.07631441704243,9.55337143714187,119.041733534019,TRUE,NA
"sigma",27.26,-7.97343345114751,3.07189289089938,4.0769341058578,9.55566980820462,119.095640999878,TRUE,NA
"sigma",27.27,-7.97555977494757,3.07251088520528,4.07755370692488,9.55796790109689,119.149553723762,TRUE,NA
"sigma",27.28,-7.97768586147556,3.0731287937984,4.07817322029038,9.56026571595283,119.203471704387,TRUE,NA
"sigma",27.29,-7.97981171084083,3.07374661672278,4.07879264600095,9.56256325290651,119.257394940472,TRUE,NA
"sigma",27.3,-7.98193732315252,3.07436435402248,4.0794119841032,9.56486051209185,119.311323430735,TRUE,NA
"sigma",27.31,-7.98406269851985,3.07498200574148,4.08003123464375,9.56715749364272,119.365257173896,TRUE,NA
"sigma",27.32,-7.9861878370518,3.0755995719237,4.08065039766907,9.56945419769279,119.419196168674,TRUE,NA
"sigma",27.33,-7.98831273885736,3.07621705261311,4.08126947322568,9.5717506243757,119.473140413791,TRUE,NA
"sigma",27.34,-7.99043740404541,3.07683444785354,4.08188846136005,9.57404677382493,119.527089907968,TRUE,NA
"sigma",27.35,-7.9925618327247,3.07745175768883,4.08250736211853,9.57634264617385,119.581044649928,TRUE,NA
"sigma",27.36,-7.99468602500393,3.07806898216276,4.08312617554749,9.57863824155574,119.635004638393,TRUE,NA
"sigma",27.37,-7.99680998099173,3.07868612131914,4.0837449016933,9.58093356010377,119.688969872089,TRUE,NA
"sigma",27.38,-7.99893370079658,3.07930317520161,4.08436354060216,9.58322860195096,119.742940349739,TRUE,NA
"sigma",27.39,-8.00105718452694,3.07992014385388,4.08498209232033,9.58552336723023,119.79691607007,TRUE,NA
"sigma",27.4,-8.00318043229116,3.08053702731961,4.085600556894,9.58781785607444,119.850897031808,TRUE,NA
"sigma",27.41,-8.00530344419747,3.08115382564236,4.08621893436931,9.59011206861626,119.90488323368,TRUE,NA
"sigma",27.42,-8.00742622035406,3.08177053886573,4.08683722479238,9.59240600498833,119.958874674414,TRUE,NA
"sigma",27.43,-8.009548760869,3.08238716703319,4.08745542820922,9.5946996653231,120.012871352738,TRUE,NA
"sigma",27.44,-8.0116710658503,3.08300371018828,4.08807354466589,9.59699304975295,120.066873267383,TRUE,NA
"sigma",27.45,-8.01379313540586,3.08362016837439,4.08869157420834,9.59928615841017,120.120880417078,TRUE,NA
"sigma",27.46,-8.01591496964349,3.08423654163496,4.08930951688252,9.60157899142689,120.174892800555,TRUE,NA
"sigma",27.47,-8.01803656867095,3.08485283001334,4.08992737273429,9.60387154893515,120.228910416545,TRUE,NA
"sigma",27.48,-8.02015793259587,3.08546903355288,4.09054514180953,9.60616383106691,120.28293326378,TRUE,NA
"sigma",27.49,-8.02227906152583,3.08608515229685,4.09116282415403,9.60845583795397,120.336961340996,TRUE,NA
"sigma",27.5,-8.02439995556828,3.08670118628849,4.09178041981353,9.61074756972804,120.390994646924,TRUE,NA
"sigma",27.51,-8.02652061483064,3.08731713557106,4.09239792883379,9.61303902652074,120.445033180301,TRUE,NA
"sigma",27.52,-8.0286410394202,3.08793300018768,4.09301535126045,9.61533020846355,120.499076939862,TRUE,NA
"sigma",27.53,-8.03076122944417,3.08854878018151,4.09363268713915,9.61762111568784,120.553125924344,TRUE,NA
"sigma",27.54,-8.0328811850097,3.08916447559566,4.09424993651549,9.61991174832489,120.607180132483,TRUE,NA
"sigma",27.55,-8.03500090622382,3.08978008647317,4.09486709943502,9.62220210650588,120.661239563018,TRUE,NA
"sigma",27.56,-8.0371203931935,3.09039561285707,4.09548417594325,9.62449219036184,120.715304214687,TRUE,NA
"sigma",27.57,-8.03923964602562,3.09101105479034,4.09610116608566,9.62678200002373,120.76937408623,TRUE,NA
"sigma",27.58,-8.04135866482696,3.09162641231595,4.09671806990763,9.62907153562239,120.823449176388,TRUE,NA
"sigma",27.59,-8.04347744970423,3.09224168547679,4.09733488745461,9.63136079728854,120.877529483901,TRUE,NA
"sigma",27.6,-8.04559600076404,3.0928568743157,4.09795161877188,9.63364978515277,120.93161500751,TRUE,NA
"sigma",27.61,-8.04771431811294,3.09347197887556,4.09856826390476,9.63593849934562,120.98570574596,TRUE,NA
"sigma",27.62,-8.04983240185737,3.09408699919914,4.09918482289852,9.63822693999747,121.039801697993,TRUE,NA
"sigma",27.63,-8.0519502521037,3.0947019353292,4.09980129579836,9.64051510723863,121.093902862353,TRUE,NA
"sigma",27.64,-8.05406786895819,3.09531678730847,4.10041768264948,9.64280300119927,121.148009237785,TRUE,NA
"sigma",27.65,-8.05618525252703,3.09593155517961,4.10103398349697,9.64509062200945,121.202120823034,TRUE,NA
"sigma",27.66,-8.05830240291636,3.09654623898527,4.10165019838594,9.64737796979916,121.256237616848,TRUE,NA
"sigma",27.67,-8.0604193202322,3.09716083876808,4.10226632736147,9.64966504469825,121.310359617973,TRUE,NA
"sigma",27.68,-8.06253600458048,3.09777535457058,4.10288237046854,9.65195184683647,121.364486825157,TRUE,NA
"sigma",27.69,-8.06465245606704,3.09838978643533,4.10349832775215,9.65423837634346,121.418619237148,TRUE,NA
"sigma",27.7,-8.06676867479768,3.09900413440478,4.10411419925717,9.65652463334875,121.472756852697,TRUE,NA
"sigma",27.71,-8.06888466087805,3.09961839852141,4.10472998502852,9.65881061798177,121.526899670553,TRUE,NA
"sigma",27.72,-8.07100041441379,3.10023257882765,4.10534568511104,9.66109633037183,121.581047689468,TRUE,NA
"sigma",27.73,-8.0731159355104,3.10084667536587,4.10596129954953,9.66338177064817,121.635200908192,TRUE,NA
"sigma",27.74,-8.07523122427334,3.10146068817842,4.10657682838877,9.66566693893987,121.689359325479,TRUE,NA
"sigma",27.75,-8.07734628080793,3.1020746173076,4.10719227167346,9.66795183537593,121.743522940082,TRUE,NA
"sigma",27.76,-8.07946110521942,3.10268846279566,4.10780762944827,9.67023646008524,121.797691750754,TRUE,NA
"sigma",27.77,-8.08157569761304,3.10330222468489,4.1084229017579,9.6725208131966,121.85186575625,TRUE,NA
"sigma",27.78,-8.08369005809387,3.10391590301743,4.10903808864689,9.67480489483868,121.906044955326,TRUE,NA
"sigma",27.79,-8.08580418676693,3.10452949783547,4.10965319015981,9.67708870514004,121.960229346738,TRUE,NA
"sigma",27.8,-8.08791808373715,3.10514300918111,4.11026820634118,9.67937224422915,122.014418929243,TRUE,NA
"sigma",27.81,-8.09003174910937,3.10575643709646,4.11088313723549,9.68165551223438,122.068613701598,TRUE,NA
"sigma",27.82,-8.09214518298838,3.10636978162356,4.11149798288716,9.68393850928398,122.122813662562,TRUE,NA
"sigma",27.83,-8.09425838547884,3.1069830428044,4.1121127433406,9.68622123550607,122.177018810895,TRUE,NA
"sigma",27.84,-8.09637135668536,3.10759622068097,4.11272741864014,9.68850369102871,122.231229145355,TRUE,NA
"sigma",27.85,-8.09848409671244,3.10820931529521,4.11334200883012,9.69078587597983,122.285444664704,TRUE,NA
"sigma",27.86,-8.10059660566456,3.10882232668902,4.11395651395483,9.69306779048727,122.339665367704,TRUE,NA
"sigma",27.87,-8.10270888364604,3.10943525490429,4.11457093405849,9.69534943467877,122.393891253116,TRUE,NA
"sigma",27.88,-8.10482093076113,3.11004809998278,4.11518526918524,9.69763080868189,122.448122319704,TRUE,NA
"sigma",27.89,-8.10693274711405,3.11066086196635,4.11579951937932,9.6999119126242,122.50235856623,TRUE,NA
"sigma",27.9,-8.10904433280888,3.11127354089671,4.11641368468479,9.70219274663305,122.55659999146,TRUE,NA
"sigma",27.91,-8.11115568794969,3.11188613681563,4.11702776514576,9.70447331083583,122.610846594159,TRUE,NA
"sigma",27.92,-8.11326681264035,3.11249864976472,4.11764176080621,9.70675360535964,122.665098373091,TRUE,NA
"sigma",27.93,-8.11537770698476,3.11311107978567,4.11825567171018,9.70903363033162,122.719355327025,TRUE,NA
"sigma",27.94,-8.11748837108668,3.1137234269201,4.11886949790162,9.71131338587878,122.773617454728,TRUE,NA
"sigma",27.95,-8.11959880504982,3.11433569120956,4.11948323942443,9.71359287212797,122.827884754967,TRUE,NA
"sigma",27.96,-8.12170900897779,3.11494787269559,4.12009689632251,9.71587208920598,122.882157226511,TRUE,NA
"sigma",27.97,-8.12381898297409,3.11555997141968,4.12071046863964,9.71815103723947,122.93643486813,TRUE,NA
"sigma",27.98,-8.12592872714219,3.11617198742332,4.12132395641966,9.72042971635503,122.990717678595,TRUE,NA
"sigma",27.99,-8.12803824158547,3.11678392074794,4.12193735970635,9.72270812667913,123.045005656676,TRUE,NA
"sigma",28,-8.13014752640719,3.11739577143489,4.12255067854333,9.72498626833811,123.099298801145,TRUE,NA
"sigma",28.01,-8.13225658171055,3.11800753952558,4.12316391297439,9.72726414145826,123.153597110775,TRUE,NA
"sigma",28.02,-8.13436540759868,3.11861922506128,4.12377706304309,9.7295417461657,123.207900584338,TRUE,NA
"sigma",28.03,-8.13647400417464,3.1192308280833,4.12439012879304,9.7318190825865,123.26220922061,TRUE,NA
"sigma",28.04,-8.13858237154137,3.11984234863291,4.12500311026781,9.73409615084662,123.316523018364,TRUE,NA
"sigma",28.05,-8.14069050980175,3.12045378675128,4.12561600751093,9.73637295107189,123.370841976376,TRUE,NA
"sigma",28.06,-8.14279841905858,3.12106514247964,4.12622882056587,9.73864948338807,123.425166093423,TRUE,NA
"sigma",28.07,-8.14490609941457,3.12167641585907,4.12684154947604,9.74092574792076,123.479495368281,TRUE,NA
"sigma",28.08,-8.14701355097237,3.12228760693071,4.12745419428488,9.74320174479553,123.533829799728,TRUE,NA
"sigma",28.09,-8.14912077383451,3.12289871573562,4.12806675503573,9.74547747413781,123.588169386541,TRUE,NA
"sigma",28.1,-8.15122776810349,3.12350974231484,4.12867923177192,9.74775293607291,123.642514127501,TRUE,NA
"sigma",28.11,-8.1533345338817,3.1241206867094,4.12929162453676,9.7500281307261,123.696864021388,TRUE,NA
"sigma",28.12,-8.15544107127143,3.12473154896021,4.12990393337344,9.75230305822246,123.751219066981,TRUE,NA
"sigma",28.13,-8.15754738037493,3.12534232910821,4.1305161583252,9.75457771868702,123.805579263062,TRUE,NA
"sigma",28.14,-8.15965346129435,3.1259530271943,4.13112829943519,9.75685211224472,123.859944608413,TRUE,NA
"sigma",28.15,-8.16175931413178,3.12656364325935,4.13174035674656,9.75912623902037,123.914315101817,TRUE,NA
"sigma",28.16,-8.16386493898917,3.12717417734415,4.13235233030235,9.76140009913868,123.968690742057,TRUE,NA
"sigma",28.17,-8.16597033596849,3.12778462948954,4.13296422014569,9.76367369272428,124.023071527917,TRUE,NA
"sigma",28.18,-8.16807550517152,3.12839499973622,4.13357602631953,9.76594701990167,124.077457458183,TRUE,NA
"sigma",28.19,-8.17018044670004,3.12900528812492,4.13418774886686,9.76822008079528,124.13184853164,TRUE,NA
"sigma",28.2,-8.17228516065572,3.12961549469633,4.13479938783061,9.77049287552939,124.186244747074,TRUE,NA
"sigma",28.21,-8.17438964714014,3.13022561949108,4.13541094325367,9.77276540422823,124.240646103272,TRUE,NA
"sigma",28.22,-8.17649390625482,3.13083566254979,4.13602241517892,9.77503766701589,124.295052599022,TRUE,NA
"sigma",28.23,-8.1785979381012,3.13144562391305,4.13663380364915,9.7773096640164,124.349464233113,TRUE,NA
"sigma",28.24,-8.18070174278064,3.13205550362139,4.13724510870719,9.77958139535365,124.403881004334,TRUE,NA
"sigma",28.25,-8.1828053203944,3.1326653017153,4.13785633039571,9.78185286115145,124.458302911475,TRUE,NA
"sigma",28.26,-8.18490867104369,3.13327501823529,4.13846746875748,9.78412406153351,124.512729953326,TRUE,NA
"sigma",28.27,-8.1870117948296,3.13388465322176,4.13907852383513,9.78639499662341,124.567162128679,TRUE,NA
"sigma",28.28,-8.1891146918532,3.13449420671511,4.13968949567128,9.78866566654468,124.621599436326,TRUE,NA
"sigma",28.29,-8.19121736221544,3.13510367875572,4.14030038430854,9.79093607142068,124.67604187506,TRUE,NA
"sigma",28.3,-8.1933198060172,3.13571306938391,4.14091118978944,9.79320621137476,124.730489443674,TRUE,NA
"sigma",28.31,-8.19542202335927,3.13632237864,4.14152191215653,9.79547608653009,124.784942140962,TRUE,NA
"sigma",28.32,-8.1975240143424,3.13693160656424,4.14213255145225,9.79774569700979,124.83939996572,TRUE,NA
"sigma",28.33,-8.1996257790672,3.13754075319686,4.14274310771906,9.80001504293686,124.893862916744,TRUE,NA
"sigma",28.34,-8.20172731763425,3.13814981857804,4.14335358099934,9.80228412443418,124.948330992828,TRUE,NA
"sigma",28.35,-8.20382863014405,3.13875880274795,4.14396397133546,9.80455294162456,125.002804192771,TRUE,NA
"sigma",28.36,-8.20592971669701,3.13936770574673,4.14457427876973,9.80682149463073,125.057282515371,TRUE,NA
"sigma",28.37,-8.20803057739342,3.13997652761441,4.14518450334445,9.80908978357523,125.111765959426,TRUE,NA
"sigma",28.38,-8.21013121233357,3.14058526839112,4.14579464510189,9.81135780858063,125.166254523734,TRUE,NA
"sigma",28.39,-8.21223162161763,3.14119392811686,4.14640470408421,9.8136255697693,125.220748207097,TRUE,NA
"sigma",28.4,-8.2143318053457,3.14180250683158,4.14701468033362,9.81589306726354,125.275247008314,TRUE,NA
"sigma",28.41,-8.21643176361779,3.14241100457529,4.14762457389226,9.81816030118559,125.329750926187,TRUE,NA
"sigma",28.42,-8.21853149653384,3.14301942138786,4.1482343848022,9.82042727165751,125.384259959519,TRUE,NA
"sigma",28.43,-8.22063100419371,3.14362775730919,4.14884411310551,9.82269397880133,125.438774107111,TRUE,NA
"sigma",28.44,-8.2227302866972,3.14423601237914,4.14945375884423,9.82496042273897,125.493293367767,TRUE,NA
"sigma",28.45,-8.22482934414401,3.14484418663751,4.1500633220603,9.82722660359222,125.547817740292,TRUE,NA
"sigma",28.46,-8.22692817663376,3.14545228012408,4.15067280279571,9.8294925214828,125.602347223491,TRUE,NA
"sigma",28.47,-8.22902678426602,3.14606029287862,4.15128220109237,9.83175817653231,125.656881816168,TRUE,NA
"sigma",28.48,-8.23112516714025,3.14666822494083,4.15189151699213,9.8340235688623,125.71142151713,TRUE,NA
"sigma",28.49,-8.23322332535588,3.1472760763504,4.15250075053685,9.83628869859416,125.765966325184,TRUE,NA
"sigma",28.5,-8.23532125901219,3.14788384714696,4.15310990176831,9.83855356584921,125.820516239138,TRUE,NA
"sigma",28.51,-8.23741896820843,3.14849153737013,4.15371897072829,9.84081817074867,125.8750712578,TRUE,NA
"sigma",28.52,-8.2395164530438,3.14909914705949,4.15432795745849,9.84308251341368,125.92963137998,TRUE,NA
"sigma",28.53,-8.24161371361737,3.1497066762546,4.15493686200063,9.84534659396525,125.984196604486,TRUE,NA
"sigma",28.54,-8.24371075002814,3.15031412499492,4.15554568439633,9.8476104125243,126.03876693013,TRUE,NA
"sigma",28.55,-8.24580756237508,3.15092149331999,4.15615442468723,9.84987396921169,126.093342355722,TRUE,NA
"sigma",28.56,-8.24790415075703,3.15152878126922,4.15676308291489,9.85213726414812,126.147922880075,TRUE,NA
"sigma",28.57,-8.25000051527277,3.15213598888202,4.15737165912087,9.85440029745424,126.202508502001,TRUE,NA
"sigma",28.58,-8.25209665602102,3.15274311619779,4.15798015334665,9.85666306925062,126.257099220313,TRUE,NA
"sigma",28.59,-8.25419257310041,3.15335016325586,4.15858856563372,9.85892557965765,126.311695033826,TRUE,NA
"sigma",28.6,-8.25628826660947,3.15395713009551,4.15919689602348,9.86118782879568,126.366295941353,TRUE,NA
"sigma",28.61,-8.25838373664672,3.15456401675607,4.15980514455736,9.863449816785,126.420901941711,TRUE,NA
"sigma",28.62,-8.26047898331054,3.15517082327674,4.1604133112767,9.86571154374574,126.475513033715,TRUE,NA
"sigma",28.63,-8.26257400669924,3.15577754969674,4.16102139622279,9.86797300979792,126.530129216182,TRUE,NA
"sigma",28.64,-8.26466880691111,3.15638419605528,4.161629399437,9.87023421506155,126.584750487929,TRUE,NA
"sigma",28.65,-8.26676338404428,3.15699076239145,4.16223732096048,9.87249515965647,126.639376847775,TRUE,NA
"sigma",28.66,-8.26885773819689,3.1575972487444,4.16284516083451,9.87475584370244,126.694008294539,TRUE,NA
"sigma",28.67,-8.27095186946695,3.15820365515318,4.16345291910024,9.87701626731914,126.748644827039,TRUE,NA
"sigma",28.68,-8.2730457779524,3.15880998165685,4.16406059579877,9.87927643062613,126.803286444096,TRUE,NA
"sigma",28.69,-8.27513946375111,3.15941622829442,4.16466819097129,9.8815363337429,126.857933144531,TRUE,NA
"sigma",28.7,-8.27723292696089,3.16002239510486,4.16527570465879,9.88379597678884,126.912584927166,TRUE,NA
"sigma",28.71,-8.27932616767944,3.16062848212712,4.16588313690234,9.88605535988322,126.967241790822,TRUE,NA
"sigma",28.72,-8.28141918600444,3.1612344894001,4.16649048774292,9.88831448314523,127.021903734323,TRUE,NA
"sigma",28.73,-8.28351198203343,3.16184041696272,4.16709775722151,9.89057334669398,127.076570756491,TRUE,NA
"sigma",28.74,-8.28560455586391,3.16244626485376,4.16770494537899,9.89283195064844,127.131242856153,TRUE,NA
"sigma",28.75,-8.28769690759332,3.16305203311209,4.1683120522563,9.89509029512756,127.185920032132,TRUE,NA
"sigma",28.76,-8.28978903731897,3.16365772177645,4.16891907789422,9.8973483802501,127.240602283254,TRUE,NA
"sigma",28.77,-8.29188094513819,3.16426333088561,4.16952602233362,9.89960620613481,127.295289608346,TRUE,NA
"sigma",28.78,-8.29397263114813,3.16486886047828,4.17013288561527,9.9018637729003,127.349982006234,TRUE,NA
"sigma",28.79,-8.29606409544592,3.16547431059312,4.17073966777988,9.90412108066507,127.404679475747,TRUE,NA
"sigma",28.8,-8.29815533812858,3.1660796812688,4.17134636886819,9.90637812954757,127.459382015712,TRUE,NA
"sigma",28.81,-8.30024635929314,3.16668497254395,4.17195298892088,9.90863491966616,127.514089624959,TRUE,NA
"sigma",28.82,-8.30233715903648,3.16729018445715,4.17255952797857,9.91089145113905,127.568802302318,TRUE,NA
"sigma",28.83,-8.30442773745539,3.16789531704692,4.17316598608185,9.91314772408439,127.623520046619,TRUE,NA
"sigma",28.84,-8.30651809464665,3.16850037035181,4.17377236327131,9.91540373862022,127.678242856692,TRUE,NA
"sigma",28.85,-8.30860823070691,3.16910534441029,4.17437865958743,9.91765949486454,127.732970731371,TRUE,NA
"sigma",28.86,-8.31069814573282,3.16971023926083,4.17498487507077,9.91991499293517,127.787703669487,TRUE,NA
"sigma",28.87,-8.31278783982084,3.17031505494182,4.17559100976172,9.92217023294988,127.842441669873,TRUE,NA
"sigma",28.88,-8.31487731306748,3.1709197914917,4.17619706370077,9.92442521502639,127.897184731364,TRUE,NA
"sigma",28.89,-8.3169665655691,3.17152444894879,4.17680303692825,9.92667993928224,127.951932852794,TRUE,NA
"sigma",28.9,-8.31905559742198,3.17212902735142,4.17740892948459,9.92893440583494,128.006686032998,TRUE,NA
"sigma",28.91,-8.32114440872237,3.17273352673785,4.17801474140997,9.93118861480185,128.061444270812,TRUE,NA
"sigma",28.92,-8.32323299956645,3.17333794714642,4.17862047274479,9.93344256630032,128.116207565072,TRUE,NA
"sigma",28.93,-8.32532137005027,3.1739422886153,4.17922612352929,9.93569626044754,128.170975914616,TRUE,NA
"sigma",28.94,-8.32740952026987,3.17454655118271,4.17983169380364,9.93794969736061,128.225749318281,TRUE,NA
"sigma",28.95,-8.32949745032115,3.17515073488679,4.18043718360802,9.94020287715657,128.280527774907,TRUE,NA
"sigma",28.96,-8.33158516030002,3.17575483976567,4.18104259298257,9.94245579995233,128.335311283331,TRUE,NA
"sigma",28.97,-8.33367265030223,3.17635886585749,4.18164792196741,9.94470846586475,128.390099842395,TRUE,NA
"sigma",28.98,-8.33575992042351,3.17696281320028,4.18225317060261,9.94696087501055,128.444893450939,TRUE,NA
"sigma",28.99,-8.33784697075953,3.1775666818321,4.18285833892821,9.94921302750641,128.499692107804,TRUE,NA
"sigma",29,-8.33993380140582,3.17817047179093,4.18346342698419,9.95146492346886,128.554495811831,TRUE,NA
"sigma",29.01,-8.3420204124579,3.17877418311478,4.18406843481058,9.95371656301437,128.609304561864,TRUE,NA
"sigma",29.02,-8.3441068040112,3.17937781584157,4.18467336244723,9.95596794625934,128.664118356746,TRUE,NA
"sigma",29.03,-8.34619297616106,3.17998137000918,4.18527820993407,9.95821907332,128.71893719532,TRUE,NA
"sigma",29.04,-8.34827892900278,3.18058484565553,4.18588297731097,9.96046994431258,128.773761076432,TRUE,NA
"sigma",29.05,-8.35036466263153,3.18118824281842,4.18648766461774,9.96272055935316,128.828589998925,TRUE,NA
"sigma",29.06,-8.3524501771425,3.18179156153572,4.18709227189419,9.96497091855774,128.883423961648,TRUE,NA
"sigma",29.07,-8.35453547263071,3.18239480184518,4.18769679918009,9.96722102204227,128.938262963445,TRUE,NA
"sigma",29.08,-8.35662054919116,3.18299796378456,4.18830124651514,9.96947086992252,128.993107003164,TRUE,NA
"sigma",29.09,-8.35870540691877,3.18360104739156,4.18890561393902,9.97172046231423,129.047956079653,TRUE,NA
"sigma",29.1,-8.36079004590838,3.18420405270389,4.18950990149143,9.97396979933307,129.102810191761,TRUE,NA
"sigma",29.11,-8.36287446625477,3.18480697975921,4.19011410921196,9.97621888109457,129.157669338336,TRUE,NA
"sigma",29.12,-8.36495866805266,3.18540982859513,4.1907182371402,9.97846770771416,129.212533518229,TRUE,NA
"sigma",29.13,-8.36704265139664,3.18601259924922,4.19132228531567,9.98071627930723,129.267402730291,TRUE,NA
"sigma",29.14,-8.3691264163813,3.18661529175909,4.19192625377797,9.98296459598905,129.322276973371,TRUE,NA
"sigma",29.15,-8.3712099631011,3.18721790616226,4.19253014256653,9.9852126578748,129.377156246323,TRUE,NA
"sigma",29.16,-8.37329329165047,3.1878204424962,4.19313395172077,9.98746046507957,129.432040547999,TRUE,NA
"sigma",29.17,-8.37537640212376,3.18842290079839,4.19373768128018,9.98970801771836,129.486929877252,TRUE,NA
"sigma",29.18,-8.37745929461524,3.18902528110629,4.19434133128408,9.99195531590609,129.541824232935,TRUE,NA
"sigma",29.19,-8.37954196921907,3.18962758345729,4.19494490177185,9.99420235975755,129.596723613904,TRUE,NA
"sigma",29.2,-8.38162442602942,3.19022980788876,4.1955483927828,9.99644914938748,129.651628019013,TRUE,NA
"sigma",29.21,-8.38370666514034,3.19083195443806,4.19615180435621,9.99869568491053,129.706537447118,TRUE,NA
"sigma",29.22,-8.3857886866458,3.19143402314248,4.19675513653129,10.0009419664412,129.761451897077,TRUE,NA
"sigma",29.23,-8.38787049063972,3.19203601403929,4.19735838934728,10.0031879940941,129.816371367745,TRUE,NA
"sigma",29.24,-8.38995207721595,3.19263792716579,4.19796156284339,10.0054337679834,129.87129585798,TRUE,NA
"sigma",29.25,-8.39203344646825,3.19323976255916,4.1985646570587,10.0076792882234,129.926225366642,TRUE,NA
"sigma",29.26,-8.39411459849033,3.19384152025663,4.19916767203238,10.0099245549285,129.981159892589,TRUE,NA
"sigma",29.27,-8.39619553337582,3.19444320029528,4.19977060780346,10.0121695682125,130.03609943468,TRUE,NA
"sigma",29.28,-8.39827625121828,3.19504480271234,4.20037346441103,10.0144143281896,130.091043991777,TRUE,NA
"sigma",29.29,-8.40035675211118,3.19564632754484,4.20097624189404,10.0166588349737,130.14599356274,TRUE,NA
"sigma",29.3,-8.40243703614798,3.19624777482985,4.20157894029152,10.0189030886786,130.200948146431,TRUE,NA
"sigma",29.31,-8.40451710342196,3.19684914460441,4.20218155964239,10.021147089418,130.255907741712,TRUE,NA
"sigma",29.32,-8.40659695402647,3.19745043690553,4.20278409998555,10.0233908373057,130.310872347447,TRUE,NA
"sigma",29.33,-8.40867658805465,3.1980516517702,4.20338656135991,10.025634332455,130.365841962498,TRUE,NA
"sigma",29.34,-8.41075600559968,3.19865278923532,4.20398894380425,10.0278775749796,130.420816585731,TRUE,NA
"sigma",29.35,-8.41283520675462,3.19925384933785,4.20459124735746,10.0301205649928,130.47579621601,TRUE,NA
"sigma",29.36,-8.41491419161245,3.19985483211464,4.20519347205824,10.0323633026079,130.530780852201,TRUE,NA
"sigma",29.37,-8.41699296026609,3.20045573760255,4.20579561794537,10.0346057879381,130.585770493169,TRUE,NA
"sigma",29.38,-8.41907151280842,3.2010565658384,4.20639768505755,10.0368480210965,130.640765137782,TRUE,NA
"sigma",29.39,-8.4211498493322,3.20165731685899,4.20699967343346,10.0390900021961,130.695764784908,TRUE,NA
"sigma",29.4,-8.42322796993017,3.20225799070106,4.20760158311174,10.0413317313499,130.750769433414,TRUE,NA
"sigma",29.41,-8.42530587469495,3.20285858740137,4.20820341413102,10.0435732086708,130.805779082169,TRUE,NA
"sigma",29.42,-8.42738356371913,3.20345910699659,4.20880516652982,10.0458144342715,130.860793730043,TRUE,NA
"sigma",29.43,-8.42946103709521,3.20405954952342,4.20940684034675,10.0480554082646,130.915813375906,TRUE,NA
"sigma",29.44,-8.43153829491563,3.20465991501846,4.21000843562028,10.0502961307628,130.970838018629,TRUE,NA
"sigma",29.45,-8.43361533727275,3.20526020351836,4.21060995238889,10.0525366018785,131.025867657082,TRUE,NA
"sigma",29.46,-8.43569216425886,3.20586041505964,4.21121139069101,10.0547768217242,131.080902290138,TRUE,NA
"sigma",29.47,-8.43776877596622,3.20646054967893,4.21181275056512,10.0570167904122,131.135941916671,TRUE,NA
"sigma",29.48,-8.43984517248696,3.20706060741267,4.21241403204951,10.0592565080548,131.190986535552,TRUE,NA
"sigma",29.49,-8.44192135391317,3.20766058829741,4.2130152351826,10.0614959747639,131.246036145655,TRUE,NA
"sigma",29.5,-8.44399732033687,3.20826049236957,4.21361636000263,10.0637351906518,131.301090745856,TRUE,NA
"sigma",29.51,-8.44607307185002,3.20886031966561,4.21421740654797,10.0659741558305,131.35615033503,TRUE,NA
"sigma",29.52,-8.4481486085445,3.20946007022188,4.21481837485678,10.0682128704117,131.411214912052,TRUE,NA
"sigma",29.53,-8.45022393051212,3.21005974407478,4.21541926496732,10.0704513345072,131.4662844758,TRUE,NA
"sigma",29.54,-8.45229903784462,3.21065934126065,4.21602007691776,10.0726895482289,131.521359025149,TRUE,NA
"sigma",29.55,-8.45437393063369,3.21125886181581,4.21662081074627,10.0749275116883,131.576438558979,TRUE,NA
"sigma",29.56,-8.4564486089709,3.2118583057765,4.21722146649093,10.0771652249969,131.631523076166,TRUE,NA
"sigma",29.57,-8.45852307294784,3.21245767317902,4.21782204418987,10.0794026882663,131.686612575591,TRUE,NA
"sigma",29.58,-8.46059732265594,3.21305696405953,4.21842254388111,10.0816399016077,131.741707056133,TRUE,NA
"sigma",29.59,-8.46267135818659,3.21365617845427,4.21902296560267,10.0838768651324,131.796806516672,TRUE,NA
"sigma",29.6,-8.46474517963118,3.21425531639939,4.21962330939257,10.0861135789517,131.851910956089,TRUE,NA
"sigma",29.61,-8.46681878708092,3.214854377931,4.22022357528872,10.0883500431766,131.907020373266,TRUE,NA
"sigma",29.62,-8.46889218062702,3.21545336308522,4.22082376332908,10.0905862579181,131.962134767086,TRUE,NA
"sigma",29.63,-8.47096536036063,3.2160522718981,4.22142387355152,10.0928222232872,132.01725413643,TRUE,NA
"sigma",29.64,-8.47303832637277,3.2166511044057,4.22202390599391,10.0950579393948,132.072378480182,TRUE,NA
"sigma",29.65,-8.47511107875445,3.21724986064403,4.22262386069407,10.0972934063515,132.127507797227,TRUE,NA
"sigma",29.66,-8.4771836175966,3.21784854064908,4.22322373768977,10.0995286242681,132.182642086448,TRUE,NA
"sigma",29.67,-8.47925594299006,3.21844714445679,4.22382353701883,10.1017635932551,132.237781346732,TRUE,NA
"sigma",29.68,-8.48132805502564,3.21904567210309,4.22442325871896,10.1039983134231,132.292925576965,TRUE,NA
"sigma",29.69,-8.48339995379404,3.21964412362387,4.22502290282784,10.1062327848824,132.348074776033,TRUE,NA
"sigma",29.7,-8.4854716393859,3.220242499055,4.22562246938312,10.1084670077434,132.403228942823,TRUE,NA
"sigma",29.71,-8.48754311189183,3.22084079843231,4.22622195842246,10.1107009821164,132.458388076223,TRUE,NA
"sigma",29.72,-8.48961437140235,3.22143902179161,4.22682136998347,10.1129347081114,132.513552175122,TRUE,NA
"sigma",29.73,-8.49168541800788,3.22203716916867,4.2274207041037,10.1151681858386,132.568721238408,TRUE,NA
"sigma",29.74,-8.49375625179881,3.22263524059926,4.22801996082072,10.1174014154079,132.623895264971,TRUE,NA
"sigma",29.75,-8.49582687286548,3.22323323611908,4.228619140172,10.1196343969293,132.679074253703,TRUE,NA
"sigma",29.76,-8.49789728129811,3.22383115576382,4.22921824219504,10.1218671305126,132.734258203494,TRUE,NA
"sigma",29.77,-8.49996747718687,3.22442899956916,4.22981726692727,10.1240996162674,132.789447113235,TRUE,NA
"sigma",29.78,-8.50203746062192,3.22502676757071,4.2304162144061,10.1263318543035,132.844640981818,TRUE,NA
"sigma",29.79,-8.50410723169325,3.22562445980408,4.23101508466892,10.1285638447304,132.899839808137,TRUE,NA
"sigma",29.8,-8.50617679049088,3.22622207630485,4.23161387775309,10.1307955876576,132.955043591086,TRUE,NA
"sigma",29.81,-8.50824613710469,3.22681961710856,4.23221259369593,10.1330270831945,133.010252329557,TRUE,NA
"sigma",29.82,-8.51031527162455,3.22741708225073,4.23281123253468,10.1352583314504,133.065466022446,TRUE,NA
"sigma",29.83,-8.51238419414023,3.22801447176682,4.23340979430662,10.1374893325345,133.120684668649,TRUE,NA
"sigma",29.84,-8.51445290474144,3.22861178569233,4.23400827904899,10.139720086556,133.17590826706,TRUE,NA
"sigma",29.85,-8.5165214035178,3.22920902406266,4.23460668679895,10.1419505936239,133.231136816577,TRUE,NA
"sigma",29.86,-8.51858969055894,3.22980618691322,4.23520501759368,10.1441808538471,133.286370316097,TRUE,NA
"sigma",29.87,-8.52065776595433,3.2304032742794,4.23580327147033,10.1464108673347,133.341608764518,TRUE,NA
"sigma",29.88,-8.52272562979343,3.23100028619653,4.23640144846599,10.1486406341954,133.396852160738,TRUE,NA
"sigma",29.89,-8.52479328216561,3.23159722269991,4.23699954861769,10.1508701545378,133.452100503656,TRUE,NA
"sigma",29.9,-8.5268607231602,3.23219408382483,4.23759757196246,10.1530994284707,133.507353792172,TRUE,NA
"sigma",29.91,-8.52892795286642,3.23279086960654,4.23819551853735,10.1553284561025,133.562612025186,TRUE,NA
"sigma",29.92,-8.53099497137346,3.2333875800803,4.23879338837929,10.1575572375419,133.617875201599,TRUE,NA
"sigma",29.93,-8.53306177877045,3.23398421528131,4.23939118152528,10.1597857728971,133.673143320313,TRUE,NA
"sigma",29.94,-8.53512837514642,3.23458077524471,4.23998889801217,10.1620140622764,133.72841638023,TRUE,NA
"sigma",29.95,-8.53719476059037,3.23517726000567,4.24058653787691,10.1642421057881,133.783694380252,TRUE,NA
"sigma",29.96,-8.53926093519119,3.23577366959927,4.24118410115626,10.1664699035403,133.838977319282,TRUE,NA
"sigma",29.97,-8.54132689903775,3.23637000406062,4.24178158788707,10.1686974556411,133.894265196226,TRUE,NA
"sigma",29.98,-8.54339265221882,3.23696626342478,4.24237899810617,10.1709247621984,133.949558009986,TRUE,NA
"sigma",29.99,-8.54545819482313,3.23756244772678,4.24297633185026,10.1731518233202,134.00485575947,TRUE,NA
"sigma",30,-8.54752352693933,3.23815855700162,4.24357358915611,10.1753786391142,134.060158443582,TRUE,NA
"sigma",30.01,-8.54958864865601,3.23875459128428,4.2441707700604,10.1776052096881,134.115466061228,TRUE,NA
"sigma",30.02,-8.55165356006169,3.23935055060968,4.24476787459977,10.1798315351496,134.170778611316,TRUE,NA
"sigma",30.03,-8.55371826124483,3.23994643501275,4.24536490281087,10.1820576156063,134.226096092753,TRUE,NA
"sigma",30.04,-8.55578275229382,3.2405422445284,4.24596185473032,10.1842834511655,134.281418504449,TRUE,NA
"sigma",30.05,-8.55784703329696,3.24113797919145,4.24655873039467,10.1865090419348,134.33674584531,TRUE,NA
"sigma",30.06,-8.55991110434256,3.24173363903674,4.24715552984044,10.1887343880214,134.392078114247,TRUE,NA
"sigma",30.07,-8.5619749655188,3.24232922409913,4.24775225310419,10.1909594895326,134.447415310171,TRUE,NA
"sigma",30.08,-8.56403861691377,3.24292473441329,4.24834890022235,10.1931843465754,134.50275743199,TRUE,NA
"sigma",30.09,-8.56610205861559,3.24352017001408,4.24894547123143,10.1954089592571,134.558104478618,TRUE,NA
"sigma",30.1,-8.56816529071223,3.24411553093615,4.24954196616782,10.1976333276844,134.613456448966,TRUE,NA
"sigma",30.11,-8.57022831329164,3.24471081721422,4.25013838506788,10.1998574519644,134.668813341946,TRUE,NA
"sigma",30.12,-8.57229112644169,3.24530602888293,4.25073472796799,10.2020813322039,134.724175156471,TRUE,NA
"sigma",30.13,-8.57435373025016,3.24590116597697,4.25133099490449,10.2043049685095,134.779541891455,TRUE,NA
"sigma",30.14,-8.57641612480484,3.24649622853086,4.25192718591365,10.206528360988,134.834913545813,TRUE,NA
"sigma",30.15,-8.57847831019337,3.24709121657927,4.25252330103178,10.208751509746,134.890290118458,TRUE,NA
"sigma",30.16,-8.58054028650338,3.24768613015668,4.25311934029507,10.2109744148898,134.945671608308,TRUE,NA
"sigma",30.17,-8.58260205382241,3.24828096929766,4.25371530373974,10.213197076526,135.001058014277,TRUE,NA
"sigma",30.18,-8.58466361223796,3.2488757340367,4.254311191402,10.2154194947608,135.056449335282,TRUE,NA
"sigma",30.19,-8.58672496183743,3.24947042440827,4.25490700331797,10.2176416697006,135.111845570242,TRUE,NA
"sigma",30.2,-8.58878610270818,3.25006504044682,4.25550273952378,10.2198636014514,135.167246718073,TRUE,NA
"sigma",30.21,-8.5908470349375,3.25065958218671,4.25609840005546,10.2220852901194,135.222652777695,TRUE,NA
"sigma",30.22,-8.59290775861263,3.25125404966238,4.25669398494914,10.2243067358105,135.278063748025,TRUE,NA
"sigma",30.23,-8.59496827382072,3.25184844290819,4.25728949424083,10.2265279386307,135.333479627985,TRUE,NA
"sigma",30.24,-8.59702858064887,3.25244276195844,4.2578849279665,10.2287488986859,135.388900416494,TRUE,NA
"sigma",30.25,-8.59908867918414,3.25303700684747,4.25848028616212,10.2309696160817,135.444326112473,TRUE,NA
"sigma",30.26,-8.60114856951346,3.25363117760953,4.25907556886365,10.233190090924,135.499756714843,TRUE,NA
"sigma",30.27,-8.60320825172378,3.25422527427888,4.25967077610699,10.2354103233182,135.555192222528,TRUE,NA
"sigma",30.28,-8.60526772590189,3.25481929688971,4.26026590792798,10.2376303133699,135.610632634449,TRUE,NA
"sigma",30.29,-8.60732699213463,3.25541324547627,4.26086096436254,10.2398500611846,135.66607794953,TRUE,NA
"sigma",30.3,-8.60938605050869,3.2560071200727,4.26145594544642,10.2420695668676,135.721528166694,TRUE,NA
"sigma",30.31,-8.61144490111072,3.25660092071314,4.26205085121546,10.2442888305243,135.776983284866,TRUE,NA
"sigma",30.32,-8.61350354402731,3.25719464743169,4.26264568170537,10.2465078522596,135.832443302971,TRUE,NA
"sigma",30.33,-8.61556197934499,3.25778830026245,4.26324043695192,10.248726632179,135.887908219935,TRUE,NA
"sigma",30.34,-8.61762020715022,3.25838187923948,4.26383511699078,10.2509451703872,135.943378034684,TRUE,NA
"sigma",30.35,-8.61967822752942,3.25897538439679,4.2644297218576,10.2531634669894,135.998852746145,TRUE,NA
"sigma",30.36,-8.62173604056889,3.2595688157684,4.26502425158809,10.2553815220904,136.054332353245,TRUE,NA
"sigma",30.37,-8.62379364635495,3.2601621733883,4.26561870621781,10.2575993357951,136.109816854912,TRUE,NA
"sigma",30.38,-8.62585104497376,3.2607554572904,4.26621308578235,10.259816908208,136.165306250075,TRUE,NA
"sigma",30.39,-8.62790823651151,3.26134866750867,4.26680739031728,10.262034239434,136.220800537663,TRUE,NA
"sigma",30.4,-8.62996522105427,3.26194180407696,4.26740161985808,10.2642513295774,136.276299716606,TRUE,NA
"sigma",30.41,-8.63202199868803,3.26253486702916,4.26799577444027,10.2664681787429,136.331803785834,TRUE,NA
"sigma",30.42,-8.63407856949881,3.26312785639911,4.26858985409931,10.2686847870349,136.387312744279,TRUE,NA
"sigma",30.43,-8.63613493357247,3.26372077222062,4.26918385887066,10.2709011545576,136.442826590871,TRUE,NA
"sigma",30.44,-8.63819109099485,3.26431361452751,4.26977778878968,10.2731172814154,136.498345324543,TRUE,NA
"sigma",30.45,-8.64024704185171,3.26490638335348,4.27037164389177,10.2753331677123,136.553868944227,TRUE,NA
"sigma",30.46,-8.64230278622878,3.26549907873229,4.27096542421228,10.2775488135525,136.609397448858,TRUE,NA
"sigma",30.47,-8.64435832421169,3.26609170069766,4.27155912978651,10.27976421904,136.664930837368,TRUE,NA
"sigma",30.48,-8.64641365588603,3.26668424928327,4.27215276064976,10.2819793842787,136.720469108693,TRUE,NA
"sigma",30.49,-8.64846878133732,3.26727672452276,4.27274631683731,10.2841943093725,136.776012261766,TRUE,NA
"sigma",30.5,-8.65052370065103,3.26786912644976,4.27333979838434,10.2864089944252,136.831560295525,TRUE,NA
"sigma",30.51,-8.65257841391256,3.26846145509789,4.27393320532613,10.2886234395404,136.887113208905,TRUE,NA
"sigma",30.52,-8.6546329212072,3.26905371050067,4.27452653769775,10.2908376448218,136.942671000844,TRUE,NA
"sigma",30.53,-8.65668722262027,3.26964589269171,4.27511979553444,10.293051610373,136.998233670277,TRUE,NA
"sigma",30.54,-8.65874131823697,3.27023800170446,4.27571297887124,10.2952653362973,137.053801216144,TRUE,NA
"sigma",30.55,-8.66079520814245,3.27083003757246,4.27630608774325,10.2974788226981,137.109373637383,TRUE,NA
"sigma",30.56,-8.66284889242179,3.2714220003292,4.27689912218559,10.2996920696789,137.164950932934,TRUE,NA
"sigma",30.57,-8.66490237116001,3.27201389000806,4.27749208223322,10.3019050773428,137.220533101735,TRUE,NA
"sigma",30.58,-8.6669556444421,3.27260570664249,4.27808496792116,10.304117845793,137.276120142727,TRUE,NA
"sigma",30.59,-8.66900871235292,3.27319745026587,4.27867777928439,10.3063303751325,137.331712054851,TRUE,NA
"sigma",30.6,-8.67106157497736,3.27378912091156,4.27927051635783,10.3085426654643,137.387308837049,TRUE,NA
"sigma",30.61,-8.67311423240017,3.2743807186129,4.27986317917643,10.3107547168914,137.442910488262,TRUE,NA
"sigma",30.62,-8.67516668470606,3.27497224340319,4.28045576777502,10.3129665295166,137.498517007434,TRUE,NA
"sigma",30.63,-8.6772189319797,3.27556369531571,4.28104828218851,10.3151781034427,137.554128393507,TRUE,NA
"sigma",30.64,-8.67927097430569,3.27615507438371,4.28164072245169,10.3173894387723,137.609744645425,TRUE,NA
"sigma",30.65,-8.68132281176854,3.27674638064046,4.2822330885994,10.3196005356081,137.665365762133,TRUE,NA
"sigma",30.66,-8.68337444445274,3.27733761411909,4.28282538066637,10.3218113940526,137.720991742575,TRUE,NA
"sigma",30.67,-8.6854258724427,3.27792877485285,4.28341759868736,10.3240220142083,137.776622585697,TRUE,NA
"sigma",30.68,-8.68747709582277,3.27851986287485,4.28400974269707,10.3262323961775,137.832258290445,TRUE,NA
"sigma",30.69,-8.68952811467722,3.27911087821822,4.28460181273022,10.3284425400625,137.887898855766,TRUE,NA
"sigma",30.7,-8.69157892909031,3.27970182091605,4.28519380882143,10.3306524459656,137.943544280607,TRUE,NA
"sigma",30.71,-8.69362953914618,3.28029269100145,4.28578573100534,10.3328621139889,137.999194563915,TRUE,NA
"sigma",30.72,-8.69567994492895,3.28088348850741,4.28637757931655,10.3350715442346,138.05484970464,TRUE,NA
"sigma",30.73,-8.69773014652266,3.28147421346699,4.28696935378962,10.3372807368045,138.110509701729,TRUE,NA
"sigma",30.74,-8.6997801440113,3.28206486591317,4.28756105445912,10.3394896918006,138.166174554133,TRUE,NA
"sigma",30.75,-8.70182993747878,3.28265544587893,4.28815268135958,10.3416984093248,138.221844260802,TRUE,NA
"sigma",30.76,-8.70387952700898,3.28324595339718,4.28874423452541,10.3439068894788,138.277518820686,TRUE,NA
"sigma",30.77,-8.70592891268569,3.28383638850087,4.28933571399113,10.3461151323643,138.333198232737,TRUE,NA
"sigma",30.78,-8.70797809459265,3.28442675122289,4.28992711979119,10.3483231380829,138.388882495906,TRUE,NA
"sigma",30.79,-8.71002707281356,3.28501704159607,4.29051845195995,10.3505309067362,138.444571609145,TRUE,NA
"sigma",30.8,-8.71207584743204,3.28560725965328,4.29110971053179,10.3527384384257,138.500265571409,TRUE,NA
"sigma",30.81,-8.71412441853162,3.28619740542731,4.29170089554107,10.3549457332527,138.555964381649,TRUE,NA
"sigma",30.82,-8.71617278619583,3.28678747895097,4.29229200702212,10.3571527913184,138.611668038821,TRUE,NA
"sigma",30.83,-8.71822095050809,3.28737748025703,4.29288304500921,10.3593596127243,138.667376541878,TRUE,NA
"sigma",30.84,-8.72026891155181,3.28796740937816,4.29347400953659,10.3615661975714,138.723089889777,TRUE,NA
"sigma",30.85,-8.7223166694103,3.28855726634716,4.29406490063853,10.3637725459608,138.778808081473,TRUE,NA
"sigma",30.86,-8.72436422416679,3.28914705119665,4.29465571834922,10.3659786579935,138.834531115921,TRUE,NA
"sigma",30.87,-8.72641157590452,3.28973676395933,4.29524646270286,10.3681845337705,138.89025899208,TRUE,NA
"sigma",30.88,-8.7284587247066,3.29032640466777,4.29583713373355,10.3703901733926,138.945991708907,TRUE,NA
"sigma",30.89,-8.73050567065613,3.29091597335464,4.29642773147548,10.3725955769606,139.001729265359,TRUE,NA
"sigma",30.9,-8.73255241383614,3.2915054700525,4.2970182559627,10.3748007445752,139.057471660396,TRUE,NA
"sigma",30.91,-8.73459895432957,3.29209489479392,4.29760870722933,10.3770056763371,139.113218892975,TRUE,NA
"sigma",30.92,-8.73664529221932,3.29268424761139,4.29819908530935,10.3792103723467,139.168970962058,TRUE,NA
"sigma",30.93,-8.73869142758825,3.29327352853745,4.29878939023679,10.3814148327047,139.224727866604,TRUE,NA
"sigma",30.94,-8.74073736051914,3.29386273760456,4.29937962204565,10.3836190575113,139.280489605575,TRUE,NA
"sigma",30.95,-8.74278309109469,3.29445187484521,4.2999697807699,10.3858230468669,139.336256177931,TRUE,NA
"sigma",30.96,-8.74482861939762,3.2950409402918,4.30055986644346,10.3880268008719,139.392027582636,TRUE,NA
"sigma",30.97,-8.74687394551045,3.29562993397671,4.3011498791002,10.3902303196263,139.44780381865,TRUE,NA
"sigma",30.98,-8.74891906951578,3.29621885593235,4.30173981877403,10.3924336032303,139.503584884937,TRUE,NA
"sigma",30.99,-8.75096399149612,3.29680770619109,4.30232968549883,10.3946366517839,139.559370780462,TRUE,NA
"sigma",31,-8.75300871153386,3.29739648478524,4.30291947930837,10.3968394653871,139.615161504188,TRUE,NA
"sigma",31.01,-8.75505322971137,3.29798519174712,4.30350920023649,10.3990420441397,139.670957055079,TRUE,NA
"sigma",31.02,-8.75709754611095,3.29857382710894,4.30409884831688,10.4012443881417,139.726757432102,TRUE,NA
"sigma",31.03,-8.75914166081484,3.29916239090298,4.30468842358332,10.4034464974926,139.782562634222,TRUE,NA
"sigma",31.04,-8.7611855739053,3.29975088316153,4.30527792606956,10.4056483722922,139.838372660406,TRUE,NA
"sigma",31.05,-8.7632292854644,3.30033930391674,4.30586735580925,10.4078500126402,139.894187509621,TRUE,NA
"sigma",31.06,-8.76527279557422,3.30092765320079,4.30645671283607,10.4100514186359,139.950007180834,TRUE,NA
"sigma",31.07,-8.76731610431679,3.30151593104583,4.3070459971836,10.4122525903788,140.005831673013,TRUE,NA
"sigma",31.08,-8.76935921177406,3.30210413748399,4.3076352088855,10.4144535279683,140.061660985127,TRUE,NA
"sigma",31.09,-8.77140211802793,3.30269227254739,4.30822434797531,10.4166542315038,140.117495116145,TRUE,NA
"sigma",31.1,-8.77344482316023,3.30328033626808,4.3088134144866,10.4188547010844,140.173334065037,TRUE,NA
"sigma",31.11,-8.77548732725275,3.30386832867811,4.30940240845287,10.4210549368092,140.229177830774,TRUE,NA
"sigma",31.12,-8.77752963038721,3.30445624980954,4.30999132990766,10.4232549387774,140.285026412326,TRUE,NA
"sigma",31.13,-8.77957173264528,3.30504409969434,4.31058017888439,10.4254547070879,140.340879808664,TRUE,NA
"sigma",31.14,-8.78161363410858,3.30563187836453,4.31116895541655,10.4276542418398,140.396738018762,TRUE,NA
"sigma",31.15,-8.7836553348586,3.30621958585198,4.31175765953748,10.4298535431317,140.45260104159,TRUE,NA
"sigma",31.16,-8.78569683497687,3.30680722218868,4.31234629128063,10.4320526110626,140.508468876123,TRUE,NA
"sigma",31.17,-8.78773813454482,3.30739478740653,4.31293485067936,10.4342514457311,140.564341521333,TRUE,NA
"sigma",31.18,-8.78977923364384,3.3079822815374,4.31352333776697,10.4364500472359,140.620218976197,TRUE,NA
"sigma",31.19,-8.7918201323552,3.30856970461312,4.31411175257678,10.4386484156754,140.676101239686,TRUE,NA
"sigma",31.2,-8.79386083076019,3.30915705666556,4.3147000951421,10.4408465511484,140.731988310779,TRUE,NA
"sigma",31.21,-8.79590132894001,3.3097443377265,4.31528836549613,10.443044453753,140.787880188449,TRUE,NA
"sigma",31.22,-8.79794162697578,3.31033154782772,4.31587656367216,10.4452421235878,140.843776871673,TRUE,NA
"sigma",31.23,-8.79998172494861,3.31091868700098,4.31646468970335,10.4474395607509,140.899678359429,TRUE,NA
"sigma",31.24,-8.80202162293949,3.31150575527798,4.31705274362285,10.4496367653405,140.955584650695,TRUE,NA
"sigma",31.25,-8.80406132102942,3.31209275269047,4.31764072546386,10.4518337374549,141.011495744446,TRUE,NA
"sigma",31.26,-8.80610081929932,3.31267967927015,4.31822863525953,10.454030477192,141.067411639664,TRUE,NA
"sigma",31.27,-8.80814011783,3.31326653504856,4.3188164730428,10.4562269846498,141.123332335326,TRUE,NA
"sigma",31.28,-8.81017921670229,3.31385332005746,4.31940423884692,10.4584232599263,141.179257830413,TRUE,NA
"sigma",31.29,-8.8122181159969,3.31444003432838,4.31999193270481,10.4606193031192,141.235188123904,TRUE,NA
"sigma",31.3,-8.81425681579454,3.31502667789293,4.32057955464953,10.4628151143264,141.291123214781,TRUE,NA
"sigma",31.31,-8.81629531617583,3.31561325078271,4.32116710471409,10.4650106936456,141.347063102024,TRUE,NA
"sigma",31.32,-8.8183336172213,3.31619975302918,4.32175458293142,10.4672060411743,141.403007784615,TRUE,NA
"sigma",31.33,-8.82037171901152,3.31678618466388,4.32234198933445,10.4694011570101,141.458957261538,TRUE,NA
"sigma",31.34,-8.82240962162689,3.31737254571831,4.32292932395611,10.4715960412505,141.514911531775,TRUE,NA
"sigma",31.35,-8.82444732514781,3.31795883622389,4.32351658682927,10.4737906939929,141.570870594308,TRUE,NA
"sigma",31.36,-8.82648482965468,3.31854505621214,4.32410377798683,10.4759851153347,141.626834448124,TRUE,NA
"sigma",31.37,-8.82852213522768,3.31913120571438,4.32469089746155,10.4781793053731,141.682803092205,TRUE,NA
"sigma",31.38,-8.83055924194713,3.31971728476203,4.32527794528626,10.4803732642053,141.738776525538,TRUE,NA
"sigma",31.39,-8.83259614989313,3.32030329338646,4.32586492149373,10.4825669919284,141.794754747107,TRUE,NA
"sigma",31.4,-8.83463285914581,3.32088923161902,4.32645182611677,10.4847604886395,141.850737755899,TRUE,NA
"sigma",31.41,-8.83666936978525,3.32147509949102,4.32703865918804,10.4869537544355,141.906725550901,TRUE,NA
"sigma",31.42,-8.8387056818914,3.32206089703373,4.32762542074025,10.4891467894135,141.962718131099,TRUE,NA
"sigma",31.43,-8.84074179554425,3.32264662427845,4.32821211080608,10.4913395936701,142.018715495483,TRUE,NA
"sigma",31.44,-8.84277771082363,3.32323228125641,4.32879872941823,10.4935321673022,142.074717643039,TRUE,NA
"sigma",31.45,-8.84481342780943,3.3238178679988,4.32938527660924,10.4957245104065,142.130724572758,TRUE,NA
"sigma",31.46,-8.84684894658137,3.32440338453687,4.32997175241175,10.4979166230796,142.186736283628,TRUE,NA
"sigma",31.47,-8.84888426721918,3.32498883090177,4.33055815685833,10.500108505418,142.242752774639,TRUE,NA
"sigma",31.48,-8.85091938980255,3.32557420712464,4.3311444899815,10.5023001575183,142.298774044783,TRUE,NA
"sigma",31.49,-8.85295431441101,3.32615951323661,4.3317307518138,10.5044915794768,142.354800093049,TRUE,NA
"sigma",31.5,-8.85498904112419,3.32674474926876,4.33231694238772,10.5066827713899,142.410830918429,TRUE,NA
"sigma",31.51,-8.85702357002151,3.32732991525218,4.33290306173571,10.5088737333539,142.466866519917,TRUE,NA
"sigma",31.52,-8.85905790118246,3.32791501121796,4.33348910989025,10.5110644654649,142.522906896504,TRUE,NA
"sigma",31.53,-8.86109203468636,3.32850003719706,4.33407508688368,10.5132549678191,142.578952047182,TRUE,NA
"sigma",31.54,-8.86312597061257,3.32908499322052,4.33466099274846,10.5154452405126,142.635001970947,TRUE,NA
"sigma",31.55,-8.86515970904035,3.32966987931931,4.33524682751693,10.5176352836414,142.691056666793,TRUE,NA
"sigma",31.56,-8.86719325004891,3.33025469552441,4.33583259122141,10.5198250973013,142.747116133713,TRUE,NA
"sigma",31.57,-8.86922659371742,3.33083944186675,4.33641828389428,10.5220146815883,142.803180370704,TRUE,NA
"sigma",31.58,-8.87125974012493,3.3314241183772,4.33700390556772,10.524204036598,142.859249376761,TRUE,NA
"sigma",31.59,-8.87329268935053,3.33200872508669,4.33758945627409,10.5263931624263,142.915323150882,TRUE,NA
"sigma",31.6,-8.87532544147318,3.33259326202608,4.33817493604555,10.5285820591687,142.971401692061,TRUE,NA
"sigma",31.61,-8.87735799657182,3.33317772922616,4.33876034491435,10.5307707269209,143.027484999298,TRUE,NA
"sigma",31.62,-8.87939035472533,3.33376212671779,4.33934568291266,10.5329591657783,143.083573071589,TRUE,NA
"sigma",31.63,-8.88142251601252,3.33434645453177,4.33993095007268,10.5351473758364,143.139665907934,TRUE,NA
"sigma",31.64,-8.88345448051217,3.33493071269885,4.34051614642648,10.5373353571905,143.195763507332,TRUE,NA
"sigma",31.65,-8.88548624830299,3.33551490124978,4.34110127200621,10.5395231099359,143.251865868782,TRUE,NA
"sigma",31.66,-8.88751781946361,3.33609902021522,4.3416863268439,10.5417106341679,143.307972991283,TRUE,NA
"sigma",31.67,-8.88954919407264,3.33668306962597,4.3422713109717,10.5438979299816,143.364084873837,TRUE,NA
"sigma",31.68,-8.89158037220864,3.33726704951266,4.34285622442158,10.5460849974721,143.420201515446,TRUE,NA
"sigma",31.69,-8.89361135395007,3.33785095990592,4.34344106722553,10.5482718367343,143.47632291511,TRUE,NA
"sigma",31.7,-8.8956421393754,3.33843480083641,4.34402583941558,10.5504584478634,143.532449071832,TRUE,NA
"sigma",31.71,-8.89767272856298,3.3390185723347,4.34461054102365,10.5526448309541,143.588579984614,TRUE,NA
"sigma",31.72,-8.89970312159113,3.33960227443139,4.34519517208168,10.5548309861012,143.644715652459,TRUE,NA
"sigma",31.73,-8.90173331853813,3.34018590715706,4.34577973262159,10.5570169133995,143.700856074372,TRUE,NA
"sigma",31.74,-8.90376331948222,3.3407694705422,4.34636422267524,10.5592026129436,143.757001249357,TRUE,NA
"sigma",31.75,-8.90579312450151,3.34135296461736,4.34694864227453,10.5613880848283,143.813151176418,TRUE,NA
"sigma",31.76,-8.90782273367412,3.34193638941298,4.34753299145123,10.5635733291479,143.869305854562,TRUE,NA
"sigma",31.77,-8.90985214707813,3.34251974495959,4.34811727023719,10.565758345997,143.925465282793,TRUE,NA
"sigma",31.78,-8.91188136479151,3.34310303128758,4.34870147866416,10.5679431354699,143.981629460118,TRUE,NA
"sigma",31.79,-8.9139103868922,3.34368624842737,4.34928561676391,10.5701276976611,144.037798385545,TRUE,NA
"sigma",31.8,-8.91593921345805,3.34426939640939,4.34986968456817,10.5723120326647,144.093972058079,TRUE,NA
"sigma",31.81,-8.91796784456696,3.34485247526397,4.35045368210863,10.5744961405749,144.15015047673,TRUE,NA
"sigma",31.82,-8.91999628029666,3.34543548502149,4.35103760941702,10.5766800214859,144.206333640506,TRUE,NA
"sigma",31.83,-8.92202452072492,3.34601842571226,4.35162146652493,10.5788636754918,144.262521548417,TRUE,NA
"sigma",31.84,-8.92405256592935,3.34660129736659,4.35220525346402,10.5810471026864,144.31871419947,TRUE,NA
"sigma",31.85,-8.92608041598759,3.34718410001475,4.35278897026589,10.5832303031638,144.374911592677,TRUE,NA
"sigma",31.86,-8.9281080709772,3.34776683368701,4.35337261696214,10.5854132770178,144.431113727048,TRUE,NA
"sigma",31.87,-8.93013553097568,3.3483494984136,4.35395619358433,10.5875960243421,144.487320601594,TRUE,NA
"sigma",31.88,-8.93216279606049,3.34893209422471,4.35453970016395,10.5897785452305,144.543532215327,TRUE,NA
"sigma",31.89,-8.93418986630902,3.34951462115056,4.35512313673256,10.5919608397767,144.599748567259,TRUE,NA
"sigma",31.9,-8.93621674179862,3.35009707922132,4.35570650332161,10.5941429080742,144.655969656402,TRUE,NA
"sigma",31.91,-8.93824342260658,3.35067946846709,4.35628979996256,10.5963247502165,144.71219548177,TRUE,NA
"sigma",31.92,-8.94026990881009,3.35126178891802,4.35687302668683,10.5985063662971,144.768426042375,TRUE,NA
"sigma",31.93,-8.9422962004864,3.35184404060421,4.35745618352587,10.6006877564094,144.824661337234,TRUE,NA
"sigma",31.94,-8.94432229771261,3.3524262235557,4.35803927051101,10.6028689206466,144.880901365359,TRUE,NA
"sigma",31.95,-8.9463482005658,3.3530083378026,4.35862228767367,10.6050498591021,144.937146125767,TRUE,NA
"sigma",31.96,-8.94837390912299,3.35359038337488,4.35920523504511,10.6072305718689,144.993395617473,TRUE,NA
"sigma",31.97,-8.95039942346112,3.35417236030257,4.35978811265671,10.6094110590402,145.049649839493,TRUE,NA
"sigma",31.98,-8.95242474365713,3.35475426861566,4.36037092053975,10.6115913207091,145.105908790844,TRUE,NA
"sigma",31.99,-8.95444986978787,3.35533610834409,4.36095365872543,10.6137713569685,145.162172470544,TRUE,NA
"sigma",32,-8.95647480193015,3.3559178795178,4.36153632724501,10.6159511679113,145.21844087761,TRUE,NA
"sigma",32.01,-8.95849954016072,3.35649958216674,4.36211892612975,10.6181307536305,145.27471401106,TRUE,NA
"sigma",32.02,-8.96052408455628,3.35708121632076,4.36270145541079,10.6203101142186,145.330991869913,TRUE,NA
"sigma",32.03,-8.9625484351935,3.35766278200978,4.36328391511934,10.6224892497685,145.387274453189,TRUE,NA
"sigma",32.04,-8.96457259214892,3.35824427926359,4.36386630528648,10.6246681603728,145.443561759908,TRUE,NA
"sigma",32.05,-8.96659655549911,3.35882570811202,4.36444862594335,10.6268468461241,145.499853789089,TRUE,NA
"sigma",32.06,-8.96862032532056,3.35940706858492,4.36503087712105,10.6290253071148,145.556150539753,TRUE,NA
"sigma",32.07,-8.97064390168972,3.35998836071205,4.36561305885067,10.6312035434375,145.612452010923,TRUE,NA
"sigma",32.08,-8.97266728468294,3.36056958452313,4.36619517116315,10.6333815551844,145.668758201619,TRUE,NA
"sigma",32.09,-8.97469047437655,3.36115074004796,4.36677721408966,10.635559342448,145.725069110865,TRUE,NA
"sigma",32.1,-8.97671347084682,3.36173182731619,4.36735918766108,10.6377369053204,145.781384737683,TRUE,NA
"sigma",32.11,-8.97873627417001,3.36231284635757,4.36794109190841,10.6399142438938,145.837705081096,TRUE,NA
"sigma",32.12,-8.98075888442225,3.36289379720171,4.36852292686262,10.6420913582604,145.894030140129,TRUE,NA
"sigma",32.13,-8.98278130167964,3.36347467987828,4.3691046925546,10.6442682485121,145.950359913805,TRUE,NA
"sigma",32.14,-8.98480352601832,3.36405549441696,4.36968638901531,10.6464449147411,146.006694401151,TRUE,NA
"sigma",32.15,-8.9868255575142,3.36463624084722,4.37026801627549,10.648621357039,146.06303360119,TRUE,NA
"sigma",32.16,-8.98884739624331,3.36521691919875,4.37084957436612,10.6507975754979,146.11937751295,TRUE,NA
"sigma",32.17,-8.99086904228155,3.36579752950107,4.37143106331796,10.6529735702095,146.175726135457,TRUE,NA
"sigma",32.18,-8.99289049570475,3.36637807178374,4.37201248316186,10.6551493412655,146.232079467737,TRUE,NA
"sigma",32.19,-8.99491175658871,3.36695854607621,4.37259383392854,10.6573248887576,146.288437508818,TRUE,NA
"sigma",32.2,-8.99693282500918,3.36753895240804,4.3731751156488,10.6595002127773,146.344800257728,TRUE,NA
"sigma",32.21,-8.99895370104188,3.36811929080867,4.37375632835336,10.6616753134162,146.401167713496,TRUE,NA
"sigma",32.22,-9.00097438476241,3.36869956130754,4.37433747207294,10.6638501907657,146.457539875149,TRUE,NA
"sigma",32.23,-9.00299487624638,3.36927976393406,4.37491854683813,10.6660248449172,146.513916741719,TRUE,NA
"sigma",32.24,-9.00501517556937,3.36985989871767,4.37549955267972,10.668199275962,146.570298312235,TRUE,NA
"sigma",32.25,-9.00703528280679,3.37043996568774,4.37608048962829,10.6703734839914,146.626684585726,TRUE,NA
"sigma",32.26,-9.00905519803415,3.37101996487361,4.37666135771444,10.6725474690966,146.683075561226,TRUE,NA
"sigma",32.27,-9.01107492132677,3.37159989630463,4.37724215696876,10.6747212313687,146.739471237764,TRUE,NA
"sigma",32.28,-9.01309445276001,3.37217976001006,4.37782288742177,10.6768947708988,146.795871614373,TRUE,NA
"sigma",32.29,-9.01511379240914,3.3727595560193,4.37840354910413,10.6790680877778,146.852276690086,TRUE,NA
"sigma",32.3,-9.01713294034942,3.37333928436155,4.37898414204627,10.6812411820967,146.908686463935,TRUE,NA
"sigma",32.31,-9.01915189665597,3.37391894506607,4.3795646662787,10.6834140539464,146.965100934953,TRUE,NA
"sigma",32.32,-9.02117066140392,3.37449853816202,4.38014512183184,10.6855867034176,147.021520102175,TRUE,NA
"sigma",32.33,-9.0231892346684,3.37507806367875,4.38072550873625,10.6877591306011,147.077943964636,TRUE,NA
"sigma",32.34,-9.02520761652437,3.37565752164534,4.38130582702228,10.6899313355876,147.13437252137,TRUE,NA
"sigma",32.35,-9.02722580704683,3.37623691209097,4.3818860767203,10.6921033184677,147.190805771412,TRUE,NA
"sigma",32.36,-9.02924380631069,3.37681623504479,4.38246625786074,10.6942750793319,147.2472437138,TRUE,NA
"sigma",32.37,-9.03126161439076,3.37739549053587,4.38304637047393,10.6964466182706,147.303686347568,TRUE,NA
"sigma",32.38,-9.03327923136194,3.37797467859339,4.38362641459019,10.6986179353744,147.360133671755,TRUE,NA
"sigma",32.39,-9.03529665729895,3.37855379924639,4.38420639023989,10.7007890307336,147.416585685398,TRUE,NA
"sigma",32.4,-9.0373138922765,3.3791328525239,4.38478629745322,10.7029599044384,147.473042387534,TRUE,NA
"sigma",32.41,-9.03933093636924,3.37971183845496,4.38536613626049,10.7051305565791,147.529503777202,TRUE,NA
"sigma",32.42,-9.0413477896518,3.38029075706857,4.38594590669193,10.7073009872458,147.585969853442,TRUE,NA
"sigma",32.43,-9.04336445219874,3.38086960839374,4.38652560877773,10.7094711965287,147.642440615292,TRUE,NA
"sigma",32.44,-9.04538092408452,3.3814483924594,4.38710524254808,10.7116411845176,147.698916061792,TRUE,NA
"sigma",32.45,-9.04739720538363,3.38202710929456,4.38768480803319,10.7138109513028,147.755396191984,TRUE,NA
"sigma",32.46,-9.0494132961705,3.38260575892809,4.38826430526317,10.7159804969739,147.811881004908,TRUE,NA
"sigma",32.47,-9.05142919651941,3.3831843413889,4.38884373426813,10.7181498216209,147.868370499604,TRUE,NA
"sigma",32.48,-9.05344490650473,3.38376285670588,4.38942309507821,10.7203189253335,147.924864675117,TRUE,NA
"sigma",32.49,-9.05546042620067,3.38434130490789,4.39000238772342,10.7224878082015,147.981363530486,TRUE,NA
"sigma",32.5,-9.05747575568143,3.38491968602374,4.39058161223385,10.7246564703144,148.037867064757,TRUE,NA
"sigma",32.51,-9.0594908950212,3.38549800008228,4.39116076863953,10.7268249117619,148.094375276972,TRUE,NA
"sigma",32.52,-9.06150584429401,3.38607624711226,4.39173985697042,10.7289931326335,148.150888166175,TRUE,NA
"sigma",32.53,-9.06352060357396,3.38665442714252,4.39231887725656,10.7311611330187,148.20740573141,TRUE,NA
"sigma",32.54,-9.06553517293502,3.38723254020177,4.39289782952788,10.7333289130068,148.263927971722,TRUE,NA
"sigma",32.55,-9.06754955245112,3.38781058631871,4.39347671381429,10.7354964726871,148.320454886157,TRUE,NA
"sigma",32.56,-9.06956374219621,3.38838856552211,4.39405553014574,10.737663812149,148.37698647376,TRUE,NA
"sigma",32.57,-9.07157774224411,3.38896647784061,4.3946342785521,10.7398309314816,148.433522733579,TRUE,NA
"sigma",32.58,-9.07359155266861,3.38954432330292,4.39521295906328,10.7419978307741,148.490063664659,TRUE,NA
"sigma",32.59,-9.07560517354341,3.39012210193765,4.39579157170904,10.7441645101156,148.546609266048,TRUE,NA
"sigma",32.6,-9.07761860494224,3.39069981377341,4.39637011651924,10.746330969595,148.603159536794,TRUE,NA
"sigma",32.61,-9.07963184693875,3.39127745883883,4.39694859352369,10.7484972093013,148.659714475945,TRUE,NA
"sigma",32.62,-9.08164489960658,3.39185503716255,4.3975270027522,10.7506632293235,148.71627408255,TRUE,NA
"sigma",32.63,-9.08365776301915,3.39243254877301,4.39810534423443,10.7528290297503,148.772838355658,TRUE,NA
"sigma",32.64,-9.08567043725006,3.39300999369881,4.39868361800017,10.7549946106705,148.82940729432,TRUE,NA
"sigma",32.65,-9.08768292237269,3.39358737196848,4.39926182407911,10.7571599721727,148.885980897584,TRUE,NA
"sigma",32.66,-9.08969521846048,3.39416468361052,4.39983996250099,10.7593251143458,148.942559164503,TRUE,NA
"sigma",32.67,-9.0917073255867,3.39474192865334,4.40041803329534,10.7614900372781,148.999142094127,TRUE,NA
"sigma",32.68,-9.0937192438247,3.39531910712547,4.40099603649191,10.7636547410582,149.055729685508,TRUE,NA
"sigma",32.69,-9.09573097324773,3.3958962190553,4.40157397212028,10.7658192257746,149.112321937698,TRUE,NA
"sigma",32.7,-9.09774251392895,3.39647326447127,4.40215184021005,10.7679834915157,149.16891884975,TRUE,NA
"sigma",32.71,-9.09975386594149,3.39705024340176,4.4027296407908,10.7701475383697,149.225520420717,TRUE,NA
"sigma",32.72,-9.10176502935847,3.39762715587518,4.40330737389207,10.772311366425,149.282126649653,TRUE,NA
"sigma",32.73,-9.10377600425293,3.3982040019198,4.40388503954335,10.7744749757697,149.338737535612,TRUE,NA
"sigma",32.74,-9.10578679069785,3.39878078156397,4.40446263777417,10.776638366492,149.395353077648,TRUE,NA
"sigma",32.75,-9.10779738876618,3.39935749483606,4.40504016861406,10.77880153868,149.451973274816,TRUE,NA
"sigma",32.76,-9.1098077985308,3.39993414176427,4.40561763209237,10.7809644924216,149.508598126173,TRUE,NA
"sigma",32.77,-9.1118180200646,3.40051072237698,4.40619502823867,10.7831272278049,149.565227630774,TRUE,NA
"sigma",32.78,-9.1138280534403,3.40108723670231,4.40677235708222,10.7852897449177,149.621861787676,TRUE,NA
"sigma",32.79,-9.11583789873069,3.40166368476856,4.40734961865253,10.7874520438478,149.678500595935,TRUE,NA
"sigma",32.8,-9.11784755600847,3.40224006660393,4.40792681297895,10.7896141246831,149.73514405461,TRUE,NA
"sigma",32.81,-9.11985702534627,3.40281638223658,4.4085039400908,10.7917759875112,149.791792162758,TRUE,NA
"sigma",32.82,-9.1218663068167,3.40339263169468,4.4090810000174,10.7939376324197,149.848444919438,TRUE,NA
"sigma",32.83,-9.12387540049228,3.40396881500638,4.40965799278805,10.7960990594963,149.905102323708,TRUE,NA
"sigma",32.84,-9.12588430644551,3.40454493219977,4.41023491843205,10.7982602688285,149.961764374629,TRUE,NA
"sigma",32.85,-9.12789302474889,3.40512098330301,4.41081177697865,10.8004212605037,150.018431071259,TRUE,NA
"sigma",32.86,-9.12990155547477,3.40569696834414,4.41138856845709,10.8025820346093,150.075102412661,TRUE,NA
"sigma",32.87,-9.1319098986955,3.40627288735123,4.41196529289658,10.8047425912326,150.131778397893,TRUE,NA
"sigma",32.88,-9.13391805448341,3.40684874035231,4.41254195032631,10.8069029304611,150.188459026018,TRUE,NA
"sigma",32.89,-9.13592602291072,3.40742452737538,4.41311854077543,10.8090630523817,150.245144296097,TRUE,NA
"sigma",32.9,-9.13793380404967,3.40800024844848,4.41369506427312,10.8112229570818,150.301834207194,TRUE,NA
"sigma",32.91,-9.13994139797237,3.40857590359954,4.41427152084844,10.8133826446484,150.358528758369,TRUE,NA
"sigma",32.92,-9.14194880475097,3.40915149285659,4.4148479105306,10.8155421151685,150.415227948688,TRUE,NA
"sigma",32.93,-9.1439560244575,3.40972701624749,4.41542423334859,10.8177013687291,150.471931777213,TRUE,NA
"sigma",32.94,-9.14596305716396,3.41030247380018,4.41600048933151,10.8198604054171,150.528640243008,TRUE,NA
"sigma",32.95,-9.14796990294236,3.41087786554256,4.41657667850837,10.8220192253194,150.585353345139,TRUE,NA
"sigma",32.96,-9.14997656186454,3.41145319150252,4.4171528009082,10.8241778285227,150.64207108267,TRUE,NA
"sigma",32.97,-9.15198303400241,3.41202845170789,4.41772885656001,10.8263362151138,150.698793454668,TRUE,NA
"sigma",32.98,-9.15398931942775,3.4126036461865,4.41830484549272,10.8284943851794,150.755520460197,TRUE,NA
"sigma",32.99,-9.15599541821235,3.4131787749662,4.41888076773533,10.830652338806,150.812252098326,TRUE,NA
"sigma",33,-9.15800133042795,3.41375383807478,4.41945662331677,10.8328100760802,150.86898836812,TRUE,NA
"sigma",33.01,-9.16000705614619,3.41432883553995,4.4200324122659,10.8349675970885,150.925729268648,TRUE,NA
"sigma",33.02,-9.16201259543864,3.41490376738948,4.42060813461157,10.8371249019172,150.982474798976,TRUE,NA
"sigma",33.03,-9.16401794837697,3.41547863365117,4.42118379038276,10.8392819906529,151.039224958175,TRUE,NA
"sigma",33.04,-9.16602311503261,3.41605343435268,4.42175937960823,10.8414388633817,151.095979745312,TRUE,NA
"sigma",33.05,-9.16802809547709,3.41662816952172,4.42233490231681,10.8435955201899,151.152739159457,TRUE,NA
"sigma",33.06,-9.17003288978184,3.41720283918594,4.42291035853726,10.8457519611637,151.209503199681,TRUE,NA
"sigma",33.07,-9.17203749801821,3.41777744337298,4.42348574829842,10.8479081863893,151.266271865052,TRUE,NA
"sigma",33.08,-9.17404192025753,3.41835198211051,4.42406107162902,10.8500641959526,151.323045154643,TRUE,NA
"sigma",33.09,-9.17604615657111,3.41892645542614,4.42463632855778,10.8522199899398,151.379823067523,TRUE,NA
"sigma",33.1,-9.17805020703019,3.41950086334746,4.42521151911345,10.8543755684367,151.436605602767,TRUE,NA
"sigma",33.11,-9.1800540717059,3.42007520590199,4.42578664332466,10.8565309315291,151.493392759444,TRUE,NA
"sigma",33.12,-9.18205775066941,3.42064948311735,4.4263617012201,10.8586860793031,151.550184536628,TRUE,NA
"sigma",33.13,-9.18406124399181,3.421223695021,4.42693669282838,10.8608410118442,151.606980933392,TRUE,NA
"sigma",33.14,-9.18606455174416,3.42179784164052,4.42751161817819,10.8629957292383,151.663781948811,TRUE,NA
"sigma",33.15,-9.18806767399745,3.42237192300336,4.42808647729809,10.8651502315709,151.720587581957,TRUE,NA
"sigma",33.16,-9.19007061082258,3.42294593913699,4.42866127021666,10.8673045189277,151.777397831905,TRUE,NA
"sigma",33.17,-9.19207336229053,3.42351989006889,4.42923599696248,10.8694585913941,151.834212697731,TRUE,NA
"sigma",33.18,-9.19407592847208,3.42409377582645,4.42981065756405,10.8716124490556,151.89103217851,TRUE,NA
"sigma",33.19,-9.19607830943807,3.42466759643712,4.43038525204992,10.8737660919978,151.947856273317,TRUE,NA
"sigma",33.2,-9.19808050525923,3.42524135192827,4.43095978044858,10.8759195203058,152.00468498123,TRUE,NA
"sigma",33.21,-9.20008251600631,3.42581504232728,4.43153424278851,10.878072734065,152.061518301325,TRUE,NA
"sigma",33.22,-9.20208434174991,3.42638866766148,4.43210863909814,10.8802257333606,152.118356232679,TRUE,NA
"sigma",33.23,-9.20408598256073,3.42696222795819,4.43268296940587,10.8823785182777,152.175198774371,TRUE,NA
"sigma",33.24,-9.20608743850927,3.42753572324477,4.43325723374016,10.8845310889016,152.232045925478,TRUE,NA
"sigma",33.25,-9.20808870966606,3.42810915354851,4.43383143212941,10.8866834453172,152.28889768508,TRUE,NA
"sigma",33.26,-9.2100897961016,3.42868251889665,4.43440556460198,10.8888355876096,152.345754052255,TRUE,NA
"sigma",33.27,-9.21209069788628,3.42925581931644,4.43497963118614,10.8909875158636,152.402615026083,TRUE,NA
"sigma",33.28,-9.21409141509048,3.42982905483512,4.43555363191027,10.8931392301642,152.459480605644,TRUE,NA
"sigma",33.29,-9.21609194778456,3.43040222547992,4.43612756680271,10.8952907305962,152.51635079002,TRUE,NA
"sigma",33.3,-9.21809229603878,3.43097533127801,4.43670143589169,10.8974420172442,152.57322557829,TRUE,NA
"sigma",33.31,-9.22009245992338,3.43154837225659,4.43727523920549,10.8995930901931,152.630104969536,TRUE,NA
"sigma",33.32,-9.22209243950856,3.43212134844278,4.43784897677232,10.9017439495275,152.686988962841,TRUE,NA
"sigma",33.33,-9.22409223486445,3.43269425986373,4.43842264862044,10.9038945953319,152.743877557287,TRUE,NA
"sigma",33.34,-9.22609184606112,3.43326710654656,4.43899625477803,10.9060450276909,152.800770751956,TRUE,NA
"sigma",33.35,-9.22809127316868,3.43383988851835,4.43956979527324,10.9081952466889,152.857668545932,TRUE,NA
"sigma",33.36,-9.2300905162571,3.43441260580619,4.44014327013428,10.9103452524103,152.914570938299,TRUE,NA
"sigma",33.37,-9.23208957539634,3.43498525843712,4.44071667938923,10.9124950449396,152.971477928142,TRUE,NA
"sigma",33.38,-9.23408845065627,3.43555784643817,4.44129002306623,10.9146446243609,153.028389514544,TRUE,NA
"sigma",33.39,-9.23608714210682,3.43613036983641,4.44186330119339,10.9167939907586,153.085305696591,TRUE,NA
"sigma",33.4,-9.23808564981772,3.43670282865876,4.44243651379871,10.9189431442167,153.142226473368,TRUE,NA
"sigma",33.41,-9.24008397385882,3.43727522293223,4.44300966091031,10.9210920848194,153.199151843962,TRUE,NA
"sigma",33.42,-9.24208211429982,3.4378475526838,4.44358274255621,10.9232408126508,153.256081807461,TRUE,NA
"sigma",33.43,-9.24408007121034,3.43841981794038,4.4441557587644,10.9253893277949,153.313016362948,TRUE,NA
"sigma",33.44,-9.24607784466006,3.43899201872889,4.44472870956287,10.9275376303355,153.369955509514,TRUE,NA
"sigma",33.45,-9.24807543471857,3.43956415507625,4.4453015949796,10.9296857203567,153.426899246245,TRUE,NA
"sigma",33.46,-9.25007284145538,3.44013622700933,4.44587441504252,10.9318335979422,153.483847572231,TRUE,NA
"sigma",33.47,-9.25207006494002,3.440708234555,4.44644716977959,10.9339812631757,153.540800486559,TRUE,NA
"sigma",33.48,-9.25406710524186,3.44128017774007,4.44701985921865,10.936128716141,153.59775798832,TRUE,NA
"sigma",33.49,-9.25606396243036,3.44185205659139,4.44759248338766,10.9382759569218,153.654720076602,TRUE,NA
"sigma",33.5,-9.25806063657483,3.44242387113575,4.44816504231439,10.9404229856017,153.711686750496,TRUE,NA
"sigma",33.51,-9.2600571277446,3.44299562139992,4.44873753602674,10.9425698022641,153.768658009094,TRUE,NA
"sigma",33.52,-9.26205343600893,3.44356730741071,4.44930996455254,10.9447164069926,153.825633851485,TRUE,NA
"sigma",33.53,-9.26404956143701,3.44413892919482,4.4498823279196,10.9468627998705,153.882614276761,TRUE,NA
"sigma",33.54,-9.26604550409803,3.444710486779,4.45045462615565,10.9490089809813,153.939599284015,TRUE,NA
"sigma",33.55,-9.26804126406108,3.44528198018992,4.45102685928845,10.9511549504083,153.996588872339,TRUE,NA
"sigma",33.56,-9.27003684139527,3.44585340945434,4.45159902734582,10.9533007082347,154.053583040826,TRUE,NA
"sigma",33.57,-9.2720322361696,3.44642477459885,4.45217113035536,10.9554462545436,154.110581788568,TRUE,NA
"sigma",33.58,-9.27402744845307,3.44699607565014,4.45274316834488,10.9575915894184,154.167585114661,TRUE,NA
"sigma",33.59,-9.27602247831461,3.44756731263485,4.453315141342,10.9597367129419,154.224593018198,TRUE,NA
"sigma",33.6,-9.27801732582311,3.44813848557954,4.45388704937435,10.9618816251973,154.281605498274,TRUE,NA
"sigma",33.61,-9.28001199104741,3.44870959451086,4.45445889246965,10.9640263262675,154.338622553984,TRUE,NA
"sigma",33.62,-9.28200647405634,3.44928063945536,4.45503067065544,10.9661708162354,154.395644184424,TRUE,NA
"sigma",33.63,-9.28400077491861,3.44985162043957,4.45560238395937,10.9683150951839,154.452670388689,TRUE,NA
"sigma",33.64,-9.28599489370293,3.45042253749006,4.45617403240895,10.9704591631957,154.509701165877,TRUE,NA
"sigma",33.65,-9.28798883047802,3.45099339063333,4.4567456160318,10.9726030203537,154.566736515084,TRUE,NA
"sigma",33.66,-9.28998258531242,3.45156417989584,4.45731713485539,10.9747466667404,154.623776435408,TRUE,NA
"sigma",33.67,-9.29197615827477,3.45213490530417,4.45788858890732,10.9768901024386,154.680820925947,TRUE,NA
"sigma",33.68,-9.29396954943354,3.45270556688465,4.45845997821499,10.9790333275307,154.737869985798,TRUE,NA
"sigma",33.69,-9.29596275885724,3.45327616466381,4.45903130280595,10.9811763420994,154.794923614061,TRUE,NA
"sigma",33.7,-9.2979557866143,3.45384669866805,4.4596025627076,10.983319146227,154.851981809835,TRUE,NA
"sigma",33.71,-9.29994863277309,3.45441716892373,4.46017375794738,10.9854617399959,154.909044572218,TRUE,NA
"sigma",33.72,-9.301941297402,3.45498757545728,4.46074488855274,10.9876041234885,154.966111900313,TRUE,NA
"sigma",33.73,-9.30393378056932,3.45555791829507,4.46131595455104,10.9897462967871,155.023183793219,TRUE,NA
"sigma",33.74,-9.30592608234326,3.4561281974634,4.46188695596966,10.9918882599739,155.080260250036,TRUE,NA
"sigma",33.75,-9.30791820279207,3.45669841298865,4.46245789283596,10.9940300131311,155.137341269868,TRUE,NA
"sigma",33.76,-9.30991014198391,3.45726856489709,4.46302876517726,10.9961715563408,155.194426851815,TRUE,NA
"sigma",33.77,-9.31190189998688,3.457838653215,4.46359957302085,10.9983128896851,155.251516994979,TRUE,NA
"sigma",33.78,-9.31389347686904,3.45840867796869,4.46417031639405,11.0004540132459,155.308611698464,TRUE,NA
"sigma",33.79,-9.31588487269847,3.45897863918436,4.46474099532414,11.0025949271052,155.365710961372,TRUE,NA
"sigma",33.8,-9.31787608754314,3.45954853688832,4.46531160983841,11.004735631345,155.422814782808,TRUE,NA
"sigma",33.81,-9.31986712147095,3.46011837110669,4.46588215996396,11.006876126047,155.479923161875,TRUE,NA
"sigma",33.82,-9.32185797454985,3.4606881418657,4.46645264572808,11.009016411293,155.537036097679,TRUE,NA
"sigma",33.83,-9.32384864684765,3.46125784919157,4.467023067158,11.0111564871648,155.594153589323,TRUE,NA
"sigma",33.84,-9.32583913843216,3.46182749311042,4.46759342428085,11.0132963537441,155.651275635913,TRUE,NA
"sigma",33.85,-9.32782944937116,3.46239707364837,4.46816371712377,11.0154360111124,155.708402236556,TRUE,NA
"sigma",33.86,-9.32981957973234,3.46296659083161,4.46873394571393,11.0175754593513,155.765533390357,TRUE,NA
"sigma",33.87,-9.33180952958338,3.46353604468614,4.46930411007837,11.0197146985423,155.822669096423,TRUE,NA
"sigma",33.88,-9.33379929899192,3.46410543523816,4.46987421024429,11.0218537287668,155.879809353862,TRUE,NA
"sigma",33.89,-9.33578888802552,3.46467476251362,4.47044424623865,11.0239925501063,155.936954161781,TRUE,NA
"sigma",33.9,-9.33777829675176,3.46524402653864,4.47101421808857,11.0261311626421,155.994103519288,TRUE,NA
"sigma",33.91,-9.33976752523807,3.46581322733922,4.47158412582107,11.0282695664555,156.051257425492,TRUE,NA
"sigma",33.92,-9.34175657355195,3.46638236494141,4.47215396946316,11.0304077616277,156.108415879501,TRUE,NA
"sigma",33.93,-9.34374544176076,3.46695143937114,4.4727237490418,11.0325457482398,156.165578880425,TRUE,NA
"sigma",33.94,-9.34573412993191,3.46752045065439,4.473293464584,11.0346835263731,156.222746427374,TRUE,NA
"sigma",33.95,-9.34772263813267,3.46808939881717,4.47386311611672,11.0368210961085,156.279918519458,TRUE,NA
"sigma",33.96,-9.34971096643033,3.46865828388534,4.47443270366683,11.038958457527,156.337095155788,TRUE,NA
"sigma",33.97,-9.35169911489209,3.46922710588489,4.47500222726134,11.0410956107097,156.394276335474,TRUE,NA
"sigma",33.98,-9.3536870835852,3.46979586484169,4.47557168692709,11.0432325557373,156.451462057629,TRUE,NA
"sigma",33.99,-9.35567487257676,3.4703645607816,4.47614108269095,11.0453692926909,156.508652321364,TRUE,NA
"sigma",34,-9.35766248193385,3.47093319373048,4.47671041457974,11.047505821651,156.565847125792,TRUE,NA
"sigma",34.01,-9.35964991172354,3.47150176371425,4.47727968262041,11.0496421426985,156.623046470026,TRUE,NA
"sigma",34.02,-9.36163716201283,3.47207027075861,4.47784888683964,11.0517782559141,156.68025035318,TRUE,NA
"sigma",34.03,-9.36362423286867,3.47263871488947,4.47841802726432,11.0539141613783,156.737458774365,TRUE,NA
"sigma",34.04,-9.36561112435799,3.47320709613254,4.47898710392116,11.0560498591718,156.794671732698,TRUE,NA
"sigma",34.05,-9.36759783654767,3.47377541451367,4.47955611683697,11.0581853493751,156.851889227293,TRUE,NA
"sigma",34.06,-9.36958436950454,3.47434367005856,4.48012506603845,11.0603206320685,156.909111257264,TRUE,NA
"sigma",34.07,-9.37157072329539,3.47491186279297,4.48069395155234,11.0624557073325,156.966337821727,TRUE,NA
"sigma",34.08,-9.37355689798693,3.4754799927426,4.48126277340534,11.0645905752476,157.023568919798,TRUE,NA
"sigma",34.09,-9.37554289364593,3.47604805993315,4.48183153162411,11.0667252358938,157.080804550595,TRUE,NA
"sigma",34.1,-9.37752871033898,3.47661606439029,4.48240022623531,11.0688596893516,157.138044713232,TRUE,NA
"sigma",34.11,-9.37951434813269,3.47718400613969,4.48296885726555,11.0709939357011,157.195289406827,TRUE,NA
"sigma",34.12,-9.38149980709367,3.47775188520703,4.48353742474155,11.0731279750224,157.252538630499,TRUE,NA
"sigma",34.13,-9.38348508728843,3.47831970161785,4.48410592868981,11.0752618073956,157.309792383364,TRUE,NA
"sigma",34.14,-9.38547018878347,3.47888745539786,4.48467436913698,11.0773954329007,157.367050664543,TRUE,NA
"sigma",34.15,-9.38745511164516,3.47945514657257,4.48524274610957,11.0795288516177,157.424313473153,TRUE,NA
"sigma",34.16,-9.38943985594,3.4800227751676,4.48581105963415,11.0816620636266,157.481580808315,TRUE,NA
"sigma",34.17,-9.39142442173425,3.48059034120845,4.48637930973721,11.0837950690071,157.538852669147,TRUE,NA
"sigma",34.18,-9.39340880909426,3.48115784472068,4.48694749644532,11.0859278678391,157.596129054769,TRUE,NA
"sigma",34.19,-9.39539301808629,3.48172528572982,4.48751561978488,11.0880604602024,157.653409964305,TRUE,NA
"sigma",34.2,-9.39737704877654,3.48229266426137,4.48808367978242,11.0901928461765,157.710695396872,TRUE,NA
"sigma",34.21,-9.39936090123123,3.48285998034076,4.48865167646433,11.0923250258413,157.767985351594,TRUE,NA
"sigma",34.22,-9.40134457551646,3.48342723399355,4.48921960985714,11.0944569992763,157.825279827593,TRUE,NA
"sigma",34.23,-9.40332807169834,3.48399442524512,4.48978747998715,11.096588766561,157.88257882399,TRUE,NA
"sigma",34.24,-9.40531138984291,3.4845615541209,4.49035528688082,11.0987203277749,157.939882339909,TRUE,NA
"sigma",34.25,-9.40729453001617,3.48512862064629,4.49092303056446,11.1008516829975,157.997190374472,TRUE,NA
"sigma",34.26,-9.40927749228412,3.48569562484672,4.49149071106446,11.1029828323081,158.054502926804,TRUE,NA
"sigma",34.27,-9.41126027671261,3.48626256674751,4.49205832840712,11.105113775786,158.111819996029,TRUE,NA
"sigma",34.28,-9.41324288336755,3.48682944637408,4.49262588261881,11.1072445135105,158.16914158127,TRUE,NA
"sigma",34.29,-9.4152253123148,3.48739626375171,4.49319337372574,11.1093750455609,158.226467681654,TRUE,NA
"sigma",34.3,-9.41720756362012,3.48796301890576,4.49376080175428,11.1115053720164,158.283798296304,TRUE,NA
"sigma",34.31,-9.41918963734931,3.48852971186151,4.4943281667306,11.1136354929559,158.341133424349,TRUE,NA
"sigma",34.32,-9.42117153356799,3.48909634264425,4.49489546868099,11.1157654084586,158.398473064912,TRUE,NA
"sigma",34.33,-9.42315325234187,3.48966291127923,4.49546270763162,11.1178951186035,158.455817217121,TRUE,NA
"sigma",34.34,-9.42513479373658,3.49022941779171,4.49602988360872,11.1200246234695,158.513165880104,TRUE,NA
"sigma",34.35,-9.42711615781767,3.49079586220697,4.4965969966385,11.1221539231356,158.570519052987,TRUE,NA
"sigma",34.36,-9.42909734465071,3.49136224455016,4.49716404674705,11.1242830176806,158.627876734899,TRUE,NA
"sigma",34.37,-9.43107835430117,3.49192856484646,4.49773103396055,11.1264119071833,158.685238924968,TRUE,NA
"sigma",34.38,-9.43305918683449,3.49249482312115,4.49829795830516,11.1285405917224,158.742605622323,TRUE,NA
"sigma",34.39,-9.43503984231607,3.49306101939926,4.49886481980687,11.1306690713766,158.799976826092,TRUE,NA
"sigma",34.4,-9.43702032081133,3.49362715370607,4.49943161849191,11.1327973462246,158.857352535406,TRUE,NA
"sigma",34.41,-9.43900062238553,3.49419322606659,4.49999835438624,11.1349254163449,158.914732749394,TRUE,NA
"sigma",34.42,-9.44098074710396,3.49475923650598,4.50056502751595,11.1370532818161,158.972117467188,TRUE,NA
"sigma",34.43,-9.44296069503189,3.49532518504931,4.50113163790704,11.1391809427166,159.029506687917,TRUE,NA
"sigma",34.44,-9.44494046623446,3.49589107172166,4.50169818558554,11.1413083991249,159.086900410713,TRUE,NA
"sigma",34.45,-9.44692006077691,3.49645689654812,4.50226467057746,11.1434356511194,159.144298634709,TRUE,NA
"sigma",34.46,-9.44889947872425,3.49702265955367,4.50283109290872,11.1455626987783,159.201701359035,TRUE,NA
"sigma",34.47,-9.45087872014162,3.49758836076338,4.50339745260533,11.14768954218,159.259108582826,TRUE,NA
"sigma",34.48,-9.45285778509402,3.49815400020223,4.50396374969321,11.1498161814026,159.316520305213,TRUE,NA
"sigma",34.49,-9.45483667364644,3.49871957789517,4.50452998419823,11.1519426165243,159.37393652533,TRUE,NA
"sigma",34.5,-9.45681538586382,3.49928509386723,4.50509615614634,11.1540688476233,159.431357242311,TRUE,NA
"sigma",34.51,-9.45879392181104,3.49985054814333,4.50566226556337,11.1561948747775,159.488782455289,TRUE,NA
"sigma",34.52,-9.46077228155298,3.50041594074839,4.50622831247523,11.158320698065,159.546212163401,TRUE,NA
"sigma",34.53,-9.46275046515444,3.50098127170736,4.50679429690776,11.1604463175638,159.603646365781,TRUE,NA
"sigma",34.54,-9.46472847268025,3.50154654104512,4.50736021888674,11.1625717333517,159.661085061564,TRUE,NA
"sigma",34.55,-9.46670630419505,3.50211174878654,4.50792607843803,11.1646969455067,159.718528249886,TRUE,NA
"sigma",34.56,-9.46868395976358,3.5026768949565,4.50849187558736,11.1668219541064,159.775975929884,TRUE,NA
"sigma",34.57,-9.47066143945053,3.50324197957983,4.50905761036051,11.1689467592287,159.833428100695,TRUE,NA
"sigma",34.58,-9.47263874332042,3.50380700268136,4.50962328278325,11.1710713609512,159.890884761455,TRUE,NA
"sigma",34.59,-9.47461587143787,3.50437196428593,4.51018889288131,11.1731957593516,159.948345911302,TRUE,NA
"sigma",34.6,-9.47659282386737,3.5049368644183,4.51075444068037,11.1753199545075,160.005811549375,TRUE,NA
"sigma",34.61,-9.47856960067344,3.5055017031033,4.5113199262062,11.1774439464964,160.063281674811,TRUE,NA
"sigma",34.62,-9.4805462019205,3.50606648036559,4.51188534948435,11.1795677353958,160.120756286749,TRUE,NA
"sigma",34.63,-9.48252262767294,3.50663119622999,4.51245071054057,11.1816913212832,160.17823538433,TRUE,NA
"sigma",34.64,-9.48449887799514,3.50719585072126,4.51301600940053,11.1838147042359,160.235718966691,TRUE,NA
"sigma",34.65,-9.48647495295142,3.507760443864,4.51358124608972,11.1859378843312,160.293207032975,TRUE,NA
"sigma",34.66,-9.48845085260599,3.50832497568298,4.51414642063385,11.1880608616465,160.350699582319,TRUE,NA
"sigma",34.67,-9.49042657702314,3.50888944620283,4.51471153305844,11.1901836362589,160.408196613867,TRUE,NA
"sigma",34.68,-9.49240212626705,3.50945385544824,4.51527658338911,11.1923062082458,160.465698126759,TRUE,NA
"sigma",34.69,-9.4943775004019,3.51001820344383,4.51584157165138,11.194428577684,160.523204120138,TRUE,NA
"sigma",34.7,-9.49635269949174,3.51058249021427,4.51640649787079,11.1965507446509,160.580714593144,TRUE,NA
"sigma",34.71,-9.49832772360065,3.51114671578406,4.51697136207278,11.1986727092233,160.638229544921,TRUE,NA
"sigma",34.72,-9.5003025727927,3.5117108801779,4.51753616428298,11.2007944714783,160.695748974612,TRUE,NA
"sigma",34.73,-9.50227724713182,3.5122749834203,4.51810090452673,11.2029160314928,160.753272881359,TRUE,NA
"sigma",34.74,-9.50425174668199,3.51283902553582,4.51866558282955,11.2050373893436,160.810801264308,TRUE,NA
"sigma",34.75,-9.50622607150709,3.51340300654901,4.51923019921685,11.2071585451076,160.868334122601,TRUE,NA
"sigma",34.76,-9.508200221671,3.5139669264844,4.51979475371411,11.2092794988615,160.925871455385,TRUE,NA
"sigma",34.77,-9.5101741972375,3.51453078536646,4.52035924634662,11.2114002506821,160.983413261802,TRUE,NA
"sigma",34.78,-9.51214799827046,3.51509458321972,4.5209236771399,11.2135208006461,161.040959541001,TRUE,NA
"sigma",34.79,-9.51412162483351,3.5156583200686,4.52148804611919,11.2156411488299,161.098510292125,TRUE,NA
"sigma",34.8,-9.51609507699041,3.51622199593756,4.5220523533099,11.2177612953103,161.156065514321,TRUE,NA
"sigma",34.81,-9.51806835480481,3.51678561085109,4.52261659873735,11.2198812401637,161.213625206737,TRUE,NA
"sigma",34.82,-9.52004145834029,3.51734916483354,4.52318078242684,11.2220009834666,161.271189368518,TRUE,NA
"sigma",34.83,-9.52201438766048,3.51791265790935,4.52374490440369,11.2241205252954,161.328757998813,TRUE,NA
"sigma",34.84,-9.52398714282888,3.51847609010292,4.52430896469313,11.2262398657265,161.38633109677,TRUE,NA
"sigma",34.85,-9.52595972390899,3.51903946143856,4.52487296332045,11.2283590048361,161.443908661536,TRUE,NA
"sigma",34.86,-9.52793213096425,3.51960277194068,4.52543690031086,11.2304779427006,161.501490692261,TRUE,NA
"sigma",34.87,-9.52990436405807,3.52016602163356,4.52600077568962,11.2325966793962,161.559077188093,TRUE,NA
"sigma",34.88,-9.53187642325389,3.52072921054158,4.52656458948191,11.234715214999,161.616668148184,TRUE,NA
"sigma",34.89,-9.53384830861494,3.52129233868897,4.5271283417129,11.2368335495851,161.67426357168,TRUE,NA
"sigma",34.9,-9.53582002020455,3.5218554061001,4.5276920324078,11.2389516832307,161.731863457734,TRUE,NA
"sigma",34.91,-9.537791558086,3.52241841279915,4.52825566159169,11.2410696160116,161.789467805497,TRUE,NA
"sigma",34.92,-9.53976292232246,3.52298135881041,4.52881922928974,11.2431873480039,161.847076614118,TRUE,NA
"sigma",34.93,-9.54173411297712,3.52354424415814,4.52938273552711,11.2453048792834,161.904689882751,TRUE,NA
"sigma",34.94,-9.54370513011308,3.52410706886648,4.5299461803288,11.2474222099261,161.962307610547,TRUE,NA
"sigma",34.95,-9.54567597379347,3.52466983295971,4.53050956371994,11.2495393400078,162.019929796658,TRUE,NA
"sigma",34.96,-9.54764664408132,3.52523253646201,4.53107288572563,11.2516562696041,162.077556440237,TRUE,NA
"sigma",34.97,-9.54961714103961,3.52579517939749,4.53163614637083,11.2537729987909,162.135187540437,TRUE,NA
"sigma",34.98,-9.55158746473134,3.52635776179033,4.5321993456806,11.2558895276437,162.192823096413,TRUE,NA
"sigma",34.99,-9.55355761521941,3.52692028366466,4.53276248367996,11.2580058562382,162.250463107317,TRUE,NA
"sigma",35,-9.55552759256673,3.5274827450446,4.53332556039388,11.26012198465,162.308107572304,TRUE,NA
"sigma",35.01,-9.55749739683614,3.52804514595426,4.53388857584734,11.2622379129545,162.36575649053,TRUE,NA
"sigma",35.02,-9.55946702809046,3.52860748641771,4.53445153006529,11.2643536412273,162.423409861149,TRUE,NA
"sigma",35.03,-9.56143648639242,3.52916976645902,4.53501442307267,11.2664691695437,162.481067683316,TRUE,NA
"sigma",35.04,-9.56340577180477,3.52973198610225,4.53557725489437,11.2685844979791,162.538729956189,TRUE,NA
"sigma",35.05,-9.56537488439019,3.53029414537144,4.53614002555534,11.2706996266087,162.596396678923,TRUE,NA
"sigma",35.06,-9.56734382421135,3.53085624429057,4.53670273508042,11.272814555508,162.654067850675,TRUE,NA
"sigma",35.07,-9.5693125913308,3.53141828288367,4.53726538349448,11.274929284752,162.711743470602,TRUE,NA
"sigma",35.08,-9.57128118581115,3.53198026117473,4.53782797082239,11.277043814416,162.769423537863,TRUE,NA
"sigma",35.09,-9.57324960771493,3.5325421791877,4.53839049708893,11.279158144575,162.827108051614,TRUE,NA
"sigma",35.1,-9.57521785710462,3.53310403694658,4.53895296231904,11.2812722753042,162.884797011015,TRUE,NA
"sigma",35.11,-9.57718593404265,3.53366583447523,4.53951536653734,11.2833862066784,162.942490415224,TRUE,NA
"sigma",35.12,-9.57915383859142,3.5342275717976,4.54007770976871,11.2854999387728,163.000188263401,TRUE,NA
"sigma",35.13,-9.58112157081332,3.53478924893763,4.54063999203791,11.2876134716622,163.057890554704,TRUE,NA
"sigma",35.14,-9.58308913077069,3.53535086591916,4.54120221336965,11.2897268054215,163.115597288296,TRUE,NA
"sigma",35.15,-9.58505651852579,3.53591242276608,4.54176437378868,11.2918399401255,163.173308463334,TRUE,NA
"sigma",35.16,-9.58702373414087,3.53647391950222,4.54232647331968,11.293952875849,163.23102407898,TRUE,NA
"sigma",35.17,-9.58899077767816,3.53703535615146,4.54288851198737,11.2960656126667,163.288744134397,TRUE,NA
"sigma",35.18,-9.59095764919981,3.53759673273761,4.54345048981642,11.2981781506532,163.346468628744,TRUE,NA
"sigma",35.19,-9.59292434876794,3.53815804928441,4.54401240683141,11.3002904898832,163.404197561185,TRUE,NA
"sigma",35.2,-9.59489087644465,3.53871930581571,4.54457426305707,11.3024026304313,163.461930930881,TRUE,NA
"sigma",35.21,-9.59685723229203,3.53928050235529,4.54513605851799,11.304514572372,163.519668736996,TRUE,NA
"sigma",35.22,-9.59882341637204,3.53984163892691,4.54569779323879,11.3066263157797,163.577410978692,TRUE,NA
"sigma",35.23,-9.60078942874667,3.54040271555429,4.54625946724407,11.308737860729,163.635157655134,TRUE,NA
"sigma",35.24,-9.60275526947786,3.54096373226112,4.54682108055833,11.3108492072941,163.692908765485,TRUE,NA
"sigma",35.25,-9.60472093862747,3.54152468907114,4.54738263320612,11.3129603555494,163.750664308909,TRUE,NA
"sigma",35.26,-9.60668643625742,3.54208558600804,4.54794412521206,11.3150713055691,163.808424284572,TRUE,NA
"sigma",35.27,-9.60865176242945,3.54264642309551,4.54850555660061,11.3171820574276,163.866188691639,TRUE,NA
"sigma",35.28,-9.61061691720537,3.54320720035719,4.54906692739628,11.319292611199,163.923957529274,TRUE,NA
"sigma",35.29,-9.61258190064693,3.54376791781673,4.54962823762355,11.3214029669574,163.981730796645,TRUE,NA
"sigma",35.3,-9.6145467128158,3.54432857549772,4.55018948730687,11.3235131247769,164.039508492917,TRUE,NA
"sigma",35.31,-9.61651135377366,3.54488917342382,4.55075067647072,11.3256230847316,164.097290617258,TRUE,NA
"sigma",35.32,-9.61847582358213,3.54544971161861,4.55131180513952,11.3277328468954,164.155077168834,TRUE,NA
"sigma",35.33,-9.62044012230278,3.54601019010565,4.55187287333765,11.3298424113423,164.212868146813,TRUE,NA
"sigma",35.34,-9.62240424999716,3.54657060890854,4.55243388108956,11.3319517781462,164.270663550363,TRUE,NA
"sigma",35.35,-9.62436820672673,3.54713096805077,4.5529948284196,11.3340609473809,164.328463378652,TRUE,NA
"sigma",35.36,-9.626331992553,3.54769126755596,4.55355571535215,11.3361699191202,164.38626763085,TRUE,NA
"sigma",35.37,-9.62829560753742,3.54825150744753,4.5541165419115,11.3382786934379,164.444076306125,TRUE,NA
"sigma",35.38,-9.63025905174132,3.54881168774903,4.55467730812206,11.3403872704077,164.501889403646,TRUE,NA
"sigma",35.39,-9.63222232522607,3.54937180848391,4.55523801400809,11.3424956501032,164.559706922583,TRUE,NA
"sigma",35.4,-9.63418542805295,3.54993186967565,4.55579865959387,11.344603832598,164.617528862108,TRUE,NA
"sigma",35.41,-9.63614836028328,3.55049187134772,4.55635924490373,11.3467118179657,164.67535522139,TRUE,NA
"sigma",35.42,-9.63811112197826,3.55105181352354,4.55691976996188,11.3488196062798,164.733185999601,TRUE,NA
"sigma",35.43,-9.64007371319906,3.5516116962265,4.55748023479257,11.3509271976138,164.791021195912,TRUE,NA
"sigma",35.44,-9.64203613400691,3.55217151948006,4.55804063942008,11.353034592041,164.848860809495,TRUE,NA
"sigma",35.45,-9.64399838446285,3.55273128330755,4.55860098386857,11.3551417896349,164.906704839522,TRUE,NA
"sigma",35.46,-9.64596046462798,3.55329098773236,4.55916126816221,11.3572487904687,164.964553285166,TRUE,NA
"sigma",35.47,-9.64792237456334,3.55385063277789,4.55972149232525,11.3593555946157,165.0224061456,TRUE,NA
"sigma",35.48,-9.64988411432995,3.5544102184674,4.56028165638177,11.3614622021492,165.080263419998,TRUE,NA
"sigma",35.49,-9.65184568398874,3.55496974482429,4.56084176035598,11.3635686131422,165.138125107532,TRUE,NA
"sigma",35.5,-9.65380708360066,3.55552921187178,4.56140180427192,11.3656748276681,165.195991207378,TRUE,NA
"sigma",35.51,-9.65576831322654,3.55608861963324,4.56196178815379,11.3677808457997,165.25386171871,TRUE,NA
"sigma",35.52,-9.6577293729273,3.55664796813192,4.56252171202565,11.3698866676102,165.311736640703,TRUE,NA
"sigma",35.53,-9.65969026276366,3.55720725739103,4.56308157591152,11.3719922931725,165.369615972531,TRUE,NA
"sigma",35.54,-9.66165098279649,3.55776648743394,4.56364137983556,11.3740977225597,165.427499713372,TRUE,NA
"sigma",35.55,-9.66361153308647,3.55832565828374,4.5642011238217,11.3762029558445,165.485387862402,TRUE,NA
"sigma",35.56,-9.66557191369426,3.55888476996369,4.56476080789402,11.3783079930997,165.543280418795,TRUE,NA
"sigma",35.57,-9.66753212468058,3.55944382249702,4.56532043207654,11.3804128343983,165.601177381731,TRUE,NA
"sigma",35.58,-9.66949216610599,3.56000281590689,4.56587999639323,11.382517479813,165.659078750385,TRUE,NA
"sigma",35.59,-9.6714520380311,3.56056175021649,4.56643950086808,11.3846219294164,165.716984523936,TRUE,NA
"sigma",35.6,-9.67341174051646,3.56112062544891,4.56699894552503,11.3867261832812,165.774894701562,TRUE,NA
"sigma",35.61,-9.67537127362256,3.56167944162736,4.56755833038806,11.38883024148,165.832809282441,TRUE,NA
"sigma",35.62,-9.67733063740985,3.56223819877489,4.56811765548102,11.3909341040854,165.890728265751,TRUE,NA
"sigma",35.63,-9.67928983193877,3.5627968969146,4.56867692082782,11.3930377711698,165.948651650673,TRUE,NA
"sigma",35.64,-9.6812488572697,3.56335553606966,4.56923612645246,11.3951412428059,166.006579436386,TRUE,NA
"sigma",35.65,-9.683207713463,3.56391411626308,4.56979527237872,11.3972445190659,166.064511622069,TRUE,NA
"sigma",35.66,-9.68516640057897,3.56447263751789,4.57035435863043,11.3993476000222,166.122448206904,TRUE,NA
"sigma",35.67,-9.68712491867791,3.5650310998572,4.57091338523153,11.4014504857472,166.180389190071,TRUE,NA
"sigma",35.68,-9.68908326782005,3.56558950330403,4.5714723522058,11.4035531763131,166.23833457075,TRUE,NA
"sigma",35.69,-9.69104144806553,3.56614784788131,4.572031259577,11.4056556717922,166.296284348124,TRUE,NA
"sigma",35.7,-9.6929994594746,3.56670613361212,4.57259010736901,11.4077579722567,166.354238521375,TRUE,NA
"sigma",35.71,-9.69495730210734,3.56726436051938,4.57314889560551,11.4098600777787,166.412197089685,TRUE,NA
"sigma",35.72,-9.69691497602383,3.5678225286261,4.57370762431034,11.4119619884302,166.470160052235,TRUE,NA
"sigma",35.73,-9.69887248128417,3.56838063795522,4.57426629350722,11.4140637042834,166.528127408211,TRUE,NA
"sigma",35.74,-9.70082981794829,3.56893868852963,4.57482490321985,11.4161652254102,166.586099156795,TRUE,NA
"sigma",35.75,-9.70278698607622,3.56949668037229,4.57538345347191,11.4182665518826,166.64407529717,TRUE,NA
"sigma",35.76,-9.70474398572788,3.57005461350608,4.57594194428716,11.4203676837725,166.702055828521,TRUE,NA
"sigma",35.77,-9.70670081696317,3.57061248795389,4.57650037568926,11.4224686211518,166.760040750034,TRUE,NA
"sigma",35.78,-9.70865747984195,3.5711703037386,4.57705874770184,11.4245693640922,166.818030060891,TRUE,NA
"sigma",35.79,-9.71061397442404,3.57172806088304,4.5776170603486,11.4266699126655,166.876023760279,TRUE,NA
"sigma",35.8,-9.71257030076921,3.57228575941009,4.57817531365309,11.4287702669435,166.934021847384,TRUE,NA
"sigma",35.81,-9.71452645893724,3.57284339934254,4.57873350763897,11.4308704269978,166.992024321392,TRUE,NA
"sigma",35.82,-9.71648244898784,3.57340098070326,4.57929164232989,11.4329703929001,167.050031181489,TRUE,NA
"sigma",35.83,-9.71843827098068,3.57395850351493,4.57984971774926,11.4350701647219,167.108042426862,TRUE,NA
"sigma",35.84,-9.72039392497538,3.57451596780042,4.5804077339208,11.4371697425347,167.166058056698,TRUE,NA
"sigma",35.85,-9.72234941103156,3.57507337358249,4.580965690868,11.4392691264101,167.224078070186,TRUE,NA
"sigma",35.86,-9.72430472920874,3.57563072088382,4.58152358861435,11.4413683164195,167.282102466511,TRUE,NA
"sigma",35.87,-9.72625987956651,3.57618800972723,4.58208142718344,11.4434673126344,167.340131244865,TRUE,NA
"sigma",35.88,-9.72821486216433,3.57674524013539,4.58263920659872,11.4455661151259,167.398164404435,TRUE,NA
"sigma",35.89,-9.73016967706162,3.577302412131,4.58319692688368,11.4476647239655,167.456201944409,TRUE,NA
"sigma",35.9,-9.73212432431783,3.57785952573675,4.58375458806176,11.4497631392244,167.514243863979,TRUE,NA
"sigma",35.91,-9.73407880399234,3.57841658097536,4.58431219015647,11.4518613609739,167.572290162333,TRUE,NA
"sigma",35.92,-9.73603311614448,3.5789735778694,4.58486973319117,11.4539593892851,167.630340838662,TRUE,NA
"sigma",35.93,-9.73798726083353,3.57953051644155,4.58542721718929,11.456057224229,167.688395892156,TRUE,NA
"sigma",35.94,-9.7399412381188,3.58008739671446,4.5859846421743,11.4581548658769,167.746455322007,TRUE,NA
"sigma",35.95,-9.74189504805946,3.58064421871075,4.58654200816952,11.4602523142997,167.804519127406,TRUE,NA
"sigma",35.96,-9.74384869071477,3.58120098245295,4.58709931519831,11.4623495695684,167.862587307544,TRUE,NA
"sigma",35.97,-9.74580216614386,3.58175768796367,4.58765656328403,11.4644466317539,167.920659861614,TRUE,NA
"sigma",35.98,-9.74775547440583,3.58231433526555,4.58821375245007,11.4665435009272,167.978736788809,TRUE,NA
"sigma",35.99,-9.74970861555978,3.58287092438104,4.58877088271968,11.4686401771592,168.036818088321,TRUE,NA
"sigma",36,-9.75166158966473,3.58342745533271,4.58932795411619,11.4707366605205,168.094903759342,TRUE,NA
"sigma",36.01,-9.75361439677974,3.58398392814308,4.58988496666286,11.4728329510819,168.152993801069,TRUE,NA
"sigma",36.02,-9.75556703696373,3.5845403428347,4.59044192038303,11.4749290489143,168.211088212693,TRUE,NA
"sigma",36.03,-9.75751951027566,3.58509669942998,4.5909988152999,11.4770249540881,168.26918699341,TRUE,NA
"sigma",36.04,-9.75947181677443,3.58565299795142,4.59155565143667,11.4791206666742,168.327290142415,TRUE,NA
"sigma",36.05,-9.76142395651888,3.58620923842154,4.59211242881668,11.4812161867429,168.385397658901,TRUE,NA
"sigma",36.06,-9.76337592956784,3.58676542086272,4.59266914746304,11.483311514365,168.443509542065,TRUE,NA
"sigma",36.07,-9.76532773598013,3.5873215452974,4.59322580739898,11.4854066496108,168.501625791103,TRUE,NA
"sigma",36.08,-9.76727937581449,3.58787761174803,4.59378240864767,11.4875015925508,168.559746405211,TRUE,NA
"sigma",36.09,-9.76923084912963,3.58843362023698,4.59433895123226,11.4895963432554,168.617871383586,TRUE,NA
"sigma",36.1,-9.77118215598425,3.58898957078666,4.59489543517592,11.4916909017949,168.676000725425,TRUE,NA
"sigma",36.11,-9.77313329643693,3.58954546341941,4.59545186050173,11.4937852682397,168.734134429924,TRUE,NA
"sigma",36.12,-9.77508427054633,3.59010129815762,4.59600822723285,11.49587944266,168.792272496282,TRUE,NA
"sigma",36.13,-9.77703507837102,3.59065707502359,4.59656453539235,11.4979734251261,168.850414923697,TRUE,NA
"sigma",36.14,-9.77898571996951,3.5912127940397,4.59712078500334,11.500067215708,168.908561711368,TRUE,NA
"sigma",36.15,-9.78093619540032,3.59176845522821,4.59767697608884,11.502160814476,168.966712858492,TRUE,NA
"sigma",36.16,-9.78288650472191,3.59232405861145,4.59823310867193,11.5042542215001,169.02486836427,TRUE,NA
"sigma",36.17,-9.7848366479927,3.59287960421167,4.59878918277562,11.5063474368504,169.083028227901,TRUE,NA
"sigma",36.18,-9.78678662527106,3.59343509205116,4.59934519842296,11.5084404605968,169.141192448585,TRUE,NA
"sigma",36.19,-9.78873643661538,3.59399052215217,4.5999011556369,11.5105332928093,169.199361025521,TRUE,NA
"sigma",36.2,-9.79068608208395,3.59454589453694,4.6004570544405,11.5126259335578,169.257533957912,TRUE,NA
"sigma",36.21,-9.79263556173508,3.59510120922768,4.60101289485665,11.5147183829121,169.315711244959,TRUE,NA
"sigma",36.22,-9.79458487562696,3.59565646624661,4.60156867690836,11.5168106409421,169.37389288586,TRUE,NA
"sigma",36.23,-9.79653402381786,3.59621166561594,4.60212440061857,11.5189027077176,169.432078879821,TRUE,NA
"sigma",36.24,-9.79848300636592,3.59676680735783,4.60268006601018,11.5209945833082,169.490269226042,TRUE,NA
"sigma",36.25,-9.8004318233293,3.59732189149439,4.60323567310608,11.5230862677837,169.548463923726,TRUE,NA
"sigma",36.26,-9.8023804747661,3.59787691804786,4.60379122192919,11.5251777612137,169.606662972076,TRUE,NA
"sigma",36.27,-9.80432896073436,3.59843188704031,4.60434671250238,11.5272690636677,169.664866370294,TRUE,NA
"sigma",36.28,-9.80627728129211,3.59898679849393,4.60490214484853,11.5293601752154,169.723074117586,TRUE,NA
"sigma",36.29,-9.80822543649736,3.59954165243074,4.60545751899044,11.5314510959262,169.781286213154,TRUE,NA
"sigma",36.3,-9.81017342640808,3.60009644887286,4.60601283495098,11.5335418258696,169.839502656203,TRUE,NA
"sigma",36.31,-9.81212125108218,3.60065118784241,4.60656809275295,11.5356323651151,169.897723445938,TRUE,NA
"sigma",36.32,-9.81406891057754,3.60120586936138,4.60712329241911,11.5377227137318,169.955948581565,TRUE,NA
"sigma",36.33,-9.816016404952,3.60176049345186,4.60767843397231,11.5398128717893,170.014178062287,TRUE,NA
"sigma",36.34,-9.81796373426342,3.6023150601359,4.60823351743529,11.5419028393568,170.072411887312,TRUE,NA
"sigma",36.35,-9.81991089856951,3.60286956943546,4.60878854283079,11.5439926165035,170.130650055844,TRUE,NA
"sigma",36.36,-9.82185789792809,3.60342402137259,4.60934351018157,11.5460822032987,170.188892567092,TRUE,NA
"sigma",36.37,-9.82380473239681,3.60397841596925,4.60989841951032,11.5481715998114,170.247139420262,TRUE,NA
"sigma",36.38,-9.82575140203337,3.60453275324743,4.61045327083977,11.5502608061108,170.305390614561,TRUE,NA
"sigma",36.39,-9.82769790689544,3.60508703322909,4.61100806419258,11.552349822266,170.363646149197,TRUE,NA
"sigma",36.4,-9.82964424704054,3.60564125593615,4.61156279959147,11.5544386483459,170.421906023378,TRUE,NA
"sigma",36.41,-9.83159042252632,3.60619542139059,4.61211747705907,11.5565272844196,170.480170236311,TRUE,NA
"sigma",36.42,-9.83353643341025,3.60674952961426,4.61267209661801,11.558615730556,170.538438787207,TRUE,NA
"sigma",36.43,-9.83548227974989,3.60730358062913,4.61322665829098,11.5607039868239,170.596711675274,TRUE,NA
"sigma",36.44,-9.83742796160262,3.60785757445701,4.61378116210047,11.5627920532922,170.654988899721,TRUE,NA
"sigma",36.45,-9.83937347902592,3.60841151111985,4.61433560806925,11.5648799300298,170.713270459759,TRUE,NA
"sigma",36.46,-9.84131883207717,3.60896539063948,4.61488999621978,11.5669676171054,170.771556354597,TRUE,NA
"sigma",36.47,-9.84326402081372,3.60951921303769,4.61544432657462,11.5690551145876,170.829846583446,TRUE,NA
"sigma",36.48,-9.84520904529291,3.61007297833641,4.61599859915641,11.5711424225452,170.888141145517,TRUE,NA
"sigma",36.49,-9.84715390557198,3.61062668655734,4.61655281398757,11.5732295410467,170.946440040022,TRUE,NA
"sigma",36.5,-9.84909860170823,3.61118033772238,4.61710697109074,11.5753164701609,171.004743266171,TRUE,NA
"sigma",36.51,-9.85104313375883,3.61173393185327,4.61766107048837,11.5774032099561,171.063050823177,TRUE,NA
"sigma",36.52,-9.85298750178099,3.61228746897178,4.61821511220293,11.579489760501,171.121362710253,TRUE,NA
"sigma",36.53,-9.85493170583183,3.61284094909968,4.61876909625693,11.5815761218639,171.17967892661,TRUE,NA
"sigma",36.54,-9.85687574596849,3.61339437225869,4.6193230226728,11.5836622941134,171.237999471462,TRUE,NA
"sigma",36.55,-9.85881962224803,3.61394773847056,4.61987689147303,11.5857482773176,171.296324344023,TRUE,NA
"sigma",36.56,-9.86076333472748,3.61450104775704,4.62043070268005,11.5878340715451,171.354653543506,TRUE,NA
"sigma",36.57,-9.86270688346384,3.61505430013971,4.62098445631618,11.5899196768639,171.412987069125,TRUE,NA
"sigma",36.58,-9.86465026851412,3.61560749564041,4.62153815240394,11.5920050933425,171.471324920096,TRUE,NA
"sigma",36.59,-9.8665934899352,3.61616063428067,4.6220917909656,11.5940903210489,171.529667095632,TRUE,NA
"sigma",36.6,-9.86853654778399,3.61671371608228,4.62264537202366,11.5961753600514,171.588013594948,TRUE,NA
"sigma",36.61,-9.87047944211739,3.61726674106678,4.62319889560036,11.5982602104181,171.646364417262,TRUE,NA
"sigma",36.62,-9.8724221729922,3.61781970925585,4.62375236171813,11.6003448722169,171.704719561788,TRUE,NA
"sigma",36.63,-9.87436474046521,3.61837262067106,4.62430577039919,11.602429345516,171.763079027743,TRUE,NA
"sigma",36.64,-9.87630714459321,3.61892547533406,4.62485912166595,11.6045136303833,171.821442814343,TRUE,NA
"sigma",36.65,-9.87824938543293,3.61947827326641,4.62541241554063,11.6065977268868,171.879810920806,TRUE,NA
"sigma",36.66,-9.880191463041,3.62003101448969,4.62596565204556,11.6086816350943,171.938183346348,TRUE,NA
"sigma",36.67,-9.88213337747413,3.62058369902547,4.62651883120298,11.6107653550737,171.996560090188,TRUE,NA
"sigma",36.68,-9.88407512878896,3.62113632689529,4.62707195303516,11.6128488868929,172.054941151544,TRUE,NA
"sigma",36.69,-9.886016717042,3.62168889812064,4.62762501756429,11.6149322306195,172.113326529634,TRUE,NA
"sigma",36.7,-9.88795814228988,3.62224141272309,4.62817802481264,11.6170153863213,172.171716223677,TRUE,NA
"sigma",36.71,-9.88989940458909,3.62279387072409,4.62873097480236,11.619098354066,172.230110232892,TRUE,NA
"sigma",36.72,-9.8918405039961,3.62334627214518,4.62928386755568,11.6211811339213,172.288508556498,TRUE,NA
"sigma",36.73,-9.89378144056736,3.6238986170078,4.62983670309479,11.6232637259546,172.346911193715,TRUE,NA
"sigma",36.74,-9.89572221435932,3.6244509053334,4.63038948144176,11.6253461302337,172.405318143765,TRUE,NA
"sigma",36.75,-9.89766282542833,3.62500313714347,4.63094220261886,11.6274283468259,172.463729405866,TRUE,NA
"sigma",36.76,-9.89960327383074,3.6255553124594,4.63149486664811,11.6295103757988,172.52214497924,TRUE,NA
"sigma",36.77,-9.90154355962286,3.62610743130261,4.63204747355168,11.6315922172198,172.580564863109,TRUE,NA
"sigma",36.78,-9.90348368286097,3.6266594936945,4.63260002335165,11.6336738711562,172.638989056694,TRUE,NA
"sigma",36.79,-9.90542364360135,3.62721149965653,4.63315251607016,11.6357553376755,172.697417559216,TRUE,NA
"sigma",36.8,-9.90736344190013,3.62776344920998,4.63370495172921,11.6378366168448,172.755850369899,TRUE,NA
"sigma",36.81,-9.90930307781354,3.62831534237624,4.63425733035087,11.6399177087316,172.814287487965,TRUE,NA
"sigma",36.82,-9.91124255139774,3.62886717917667,4.63480965195717,11.6419986134029,172.872728912637,TRUE,NA
"sigma",36.83,-9.91318186270876,3.62941895963262,4.63536191657019,11.644079330926,172.931174643138,TRUE,NA
"sigma",36.84,-9.91512101180274,3.62997068376537,4.63591412421186,11.646159861368,172.989624678692,TRUE,NA
"sigma",36.85,-9.91705999873571,3.63052235159627,4.63646627490426,11.648240204796,173.048079018524,TRUE,NA
"sigma",36.86,-9.91899882356366,3.63107396314657,4.63701836866933,11.650320361277,173.106537661857,TRUE,NA
"sigma",36.87,-9.92093748634257,3.63162551843755,4.63757040552902,11.652400330878,173.165000607917,TRUE,NA
"sigma",36.88,-9.92287598712835,3.63217701749054,4.63812238550534,11.654480113666,173.223467855929,TRUE,NA
"sigma",36.89,-9.92481432597693,3.63272846032669,4.63867430862014,11.656559709708,173.281939405117,TRUE,NA
"sigma",36.9,-9.92675250294415,3.63327984696729,4.63922617489541,11.6586391190707,173.340415254708,TRUE,NA
"sigma",36.91,-9.92869051808591,3.63383117743362,4.63977798435308,11.6607183418212,173.398895403929,TRUE,NA
"sigma",36.92,-9.93062837145792,3.63438245174672,4.64032973701491,11.662797378026,173.457379852005,TRUE,NA
"sigma",36.93,-9.93256606311602,3.63493366992798,4.64088143290295,11.664876227752,173.515868598164,TRUE,NA
"sigma",36.94,-9.93450359311589,3.63548483199842,4.64143307203892,11.6669548910659,173.574361641633,TRUE,NA
"sigma",36.95,-9.93644096151328,3.6360359379793,4.64198465444473,11.6690333680344,173.632858981639,TRUE,NA
"sigma",36.96,-9.93837816836379,3.63658698789178,4.64253618014225,11.6711116587241,173.69136061741,TRUE,NA
"sigma",36.97,-9.94031521372313,3.63713798175697,4.64308764915329,11.6731897632016,173.749866548176,TRUE,NA
"sigma",36.98,-9.94225209764683,3.63768891959599,4.64363906149964,11.6752676815334,173.808376773163,TRUE,NA
"sigma",36.99,-9.94418882019049,3.63823980142993,4.64419041720301,11.6773454137861,173.866891291602,TRUE,NA
"sigma",37,-9.94612538140963,3.63879062727996,4.64474171628529,11.679422960026,173.925410102721,TRUE,NA
"sigma",37.01,-9.94806178135975,3.6393413971671,4.64529295876819,11.6815003203197,173.98393320575,TRUE,NA
"sigma",37.02,-9.94999802009632,3.63989211111245,4.64584414467348,11.6835774947335,174.042460599921,TRUE,NA
"sigma",37.03,-9.95193409767476,3.64044276913706,4.64639527402287,11.6856544833338,174.100992284462,TRUE,NA
"sigma",37.04,-9.95387001415046,3.64099337126198,4.64694634683809,11.6877312861868,174.159528258604,TRUE,NA
"sigma",37.05,-9.95580576957882,3.64154391750822,4.64749736314082,11.6898079033588,174.218068521579,TRUE,NA
"sigma",37.06,-9.95774136401512,3.64209440789683,4.6480483229528,11.691884334916,174.276613072618,TRUE,NA
"sigma",37.07,-9.95967679751467,3.64264484244879,4.64859922629569,11.6939605809245,174.335161910952,TRUE,NA
"sigma",37.08,-9.96161207013275,3.64319522118509,4.6491500731911,11.6960366414507,174.393715035815,TRUE,NA
"sigma",37.09,-9.96354718192458,3.6437455441267,4.64970086366073,11.6981125165604,174.452272446437,TRUE,NA
"sigma",37.1,-9.96548213294533,3.64429581129459,4.65025159772616,11.7001882063197,174.510834142053,TRUE,NA
"sigma",37.11,-9.96741692325022,3.64484602270977,4.65080227540912,11.7022637107948,174.569400121895,TRUE,NA
"sigma",37.12,-9.96935155289432,3.64539617839305,4.65135289673108,11.7043390300515,174.627970385197,TRUE,NA
"sigma",37.13,-9.97128602193278,3.64594627836544,4.65190346171369,11.7064141641557,174.686544931192,TRUE,NA
"sigma",37.14,-9.97322033042062,3.64649632264784,4.65245397037855,11.7084891131735,174.745123759115,TRUE,NA
"sigma",37.15,-9.97515447841286,3.64704631126108,4.65300442274712,11.7105638771704,174.8037068682,TRUE,NA
"sigma",37.16,-9.97708846596454,3.64759624422612,4.65355481884104,11.7126384562125,174.862294257683,TRUE,NA
"sigma",37.17,-9.97902229313058,3.64814612156378,4.65410515868181,11.7147128503655,174.920885926797,TRUE,NA
"sigma",37.18,-9.98095595996594,3.64869594329493,4.65465544229094,11.716787059695,174.97948187478,TRUE,NA
"sigma",37.19,-9.98288946652553,3.64924570944043,4.65520566968996,11.7188610842669,175.038082100866,TRUE,NA
"sigma",37.2,-9.98482281286416,3.64979542002104,4.65575584090029,11.7209349241465,175.096686604293,TRUE,NA
"sigma",37.21,-9.98675599903673,3.65034507505767,4.65630595594351,11.7230085793998,175.155295384296,TRUE,NA
"sigma",37.22,-9.98868902509797,3.65089467457105,4.65685601484099,11.7250820500921,175.213908440113,TRUE,NA
"sigma",37.23,-9.99062189110269,3.65144421858199,4.65740601761422,11.727155336289,175.27252577098,TRUE,NA
"sigma",37.24,-9.9925545971056,3.65199370711128,4.65795596428466,11.7292284380559,175.331147376136,TRUE,NA
"sigma",37.25,-9.9944871431614,3.65254314017963,4.65850585487362,11.7313013554584,175.389773254819,TRUE,NA
"sigma",37.26,-9.99641952932476,3.65309251780781,4.65905568940258,11.7333740885617,175.448403406266,TRUE,NA
"sigma",37.27,-9.99835175565033,3.65364184001658,4.65960546789293,11.7354466374313,175.507037829716,TRUE,NA
"sigma",37.28,-10.0002838221927,3.65419110682662,4.66015519036604,11.7375190021325,175.565676524408,TRUE,NA
"sigma",37.29,-10.0022157290064,3.65474031825868,4.66070485684325,11.7395911827305,175.624319489583,TRUE,NA
"sigma",37.3,-10.004147476146,3.65528947433342,4.66125446734594,11.7416631792906,175.682966724479,TRUE,NA
"sigma",37.31,-10.006079063666,3.6558385750715,4.66180402189539,11.743734991878,175.741618228335,TRUE,NA
"sigma",37.32,-10.0080104916209,3.65638762049362,4.66235352051295,11.7458066205578,175.800274000393,TRUE,NA
"sigma",37.33,-10.009941760065,3.65693661062045,4.66290296321994,11.7478780653951,175.858934039894,TRUE,NA
"sigma",37.34,-10.0118728690529,3.65748554547257,4.66345235003761,11.7499493264551,175.917598346078,TRUE,NA
"sigma",37.35,-10.0138038186388,3.65803442507066,4.66400168098725,11.7520204038027,175.976266918186,TRUE,NA
"sigma",37.36,-10.0157346088772,3.65858324943527,4.6645509560901,11.754091297503,176.034939755461,TRUE,NA
"sigma",37.37,-10.0176652398223,3.65913201858709,4.66510017536749,11.7561620076208,176.093616857144,TRUE,NA
"sigma",37.38,-10.0195957115284,3.65968073254668,4.66564933884061,11.7582325342212,176.152298222478,TRUE,NA
"sigma",37.39,-10.0215260240497,3.66022939133455,4.66619844653064,11.760302877369,176.210983850705,TRUE,NA
"sigma",37.4,-10.0234561774404,3.66077799497136,4.66674749845884,11.762373037129,176.269673741069,TRUE,NA
"sigma",37.41,-10.0253861717548,3.66132654347752,4.66729649464633,11.764443013566,176.328367892813,TRUE,NA
"sigma",37.42,-10.0273160070469,3.66187503687371,4.66784543511439,11.7665128067447,176.38706630518,TRUE,NA
"sigma",37.43,-10.029245683371,3.66242347518038,4.6683943198841,11.76858241673,176.445768977415,TRUE,NA
"sigma",37.44,-10.0311752007809,3.66297185841802,4.66894314897664,11.7706518435863,176.504475908762,TRUE,NA
"sigma",37.45,-10.0331045593309,3.66352018660712,4.66949192241311,11.7727210873785,176.563187098466,TRUE,NA
"sigma",37.46,-10.0350337590748,3.66406845976822,4.67004064021469,11.774790148171,176.621902545771,TRUE,NA
"sigma",37.47,-10.0369628000667,3.66461667792177,4.67058930240246,11.7768590260285,176.680622249924,TRUE,NA
"sigma",37.48,-10.0388916823607,3.66516484108817,4.67113790899749,11.7789277210154,176.73934621017,TRUE,NA
"sigma",37.49,-10.0408204060104,3.66571294928794,4.67168646002094,11.7809962331962,176.798074425755,TRUE,NA
"sigma",37.5,-10.0427489710699,3.66626100254143,4.67223495549375,11.7830645626354,176.856806895925,TRUE,NA
"sigma",37.51,-10.044677377593,3.66680900086914,4.67278339543711,11.7851327093973,176.915543619928,TRUE,NA
"sigma",37.52,-10.0466056256335,3.66735694429139,4.67333177987195,11.7872006735463,176.97428459701,TRUE,NA
"sigma",37.53,-10.0485337152452,3.6679048328286,4.67388010881932,11.7892684551467,177.033029826418,TRUE,NA
"sigma",37.54,-10.0504616464818,3.66845266650119,4.67442838230029,11.7913360542629,177.091779307402,TRUE,NA
"sigma",37.55,-10.0523894193971,3.66900044532944,4.67497660033579,11.7934034709589,177.150533039207,TRUE,NA
"sigma",37.56,-10.0543170340448,3.66954816933381,4.67552476294688,11.7954707052991,177.209291021084,TRUE,NA
"sigma",37.57,-10.0562444904786,3.67009583853455,4.67607287015441,11.7975377573476,177.268053252281,TRUE,NA
"sigma",37.58,-10.058171788752,3.67064345295198,4.67662092197942,11.7996046271684,177.326819732046,TRUE,NA
"sigma",37.59,-10.0600989289186,3.67119101260645,4.67716891844283,11.8016713148258,177.385590459629,TRUE,NA
"sigma",37.6,-10.0620259110321,3.67173851751827,4.67771685956558,11.8037378203836,177.444365434282,TRUE,NA
"sigma",37.61,-10.0639527351459,3.6722859677077,4.67826474536859,11.805804143906,177.503144655251,TRUE,NA
"sigma",37.62,-10.0658794013136,3.67283336319497,4.67881257587272,11.8078702854568,177.56192812179,TRUE,NA
"sigma",37.63,-10.0678059095886,3.6733807040004,4.67936035109885,11.8099362451001,177.620715833147,TRUE,NA
"sigma",37.64,-10.0697322600243,3.67392799014427,4.67990807106797,11.8120020228996,177.679507788575,TRUE,NA
"sigma",37.65,-10.0716584526742,3.67447522164675,4.68045573580084,11.8140676189193,177.738303987325,TRUE,NA
"sigma",37.66,-10.0735844875917,3.67502239852801,4.68100334531828,11.8161330332229,177.797104428647,TRUE,NA
"sigma",37.67,-10.07551036483,3.67556952080838,4.68155089964117,11.8181982658742,177.855909111797,TRUE,NA
"sigma",37.68,-10.0774360844425,3.67611658850798,4.68209839879034,11.8202633169369,177.914718036023,TRUE,NA
"sigma",37.69,-10.0793616464824,3.67666360164699,4.68264584278655,11.8223281864746,177.973531200581,TRUE,NA
"sigma",37.7,-10.0812870510031,3.67721056024562,4.68319323165064,11.8243928745512,178.032348604722,TRUE,NA
"sigma",37.71,-10.0832122980576,3.67775746432402,4.6837405654034,11.8264573812301,178.091170247701,TRUE,NA
"sigma",37.72,-10.0851373876993,3.67830431390231,4.68428784406554,11.828521706575,178.14999612877,TRUE,NA
"sigma",37.73,-10.0870623199812,3.67885110900062,4.6848350676578,11.8305858506493,178.208826247185,TRUE,NA
"sigma",37.74,-10.0889870949565,3.67939784963907,4.68538223620098,11.8326498135165,178.267660602199,TRUE,NA
"sigma",37.75,-10.0909117126783,3.67994453583777,4.68592934971576,11.8347135952402,178.326499193067,TRUE,NA
"sigma",37.76,-10.0928361731995,3.68049116761685,4.68647640822288,11.8367771958837,178.385342019045,TRUE,NA
"sigma",37.77,-10.0947604765733,3.68103774499629,4.68702341174297,11.8388406155104,178.444189079386,TRUE,NA
"sigma",37.78,-10.0966846228527,3.68158426799626,4.68757036029682,11.8409038541836,178.503040373349,TRUE,NA
"sigma",37.79,-10.0986086120905,3.68213073663676,4.68811725390499,11.8429669119666,178.561895900188,TRUE,NA
"sigma",37.8,-10.1005324443397,3.68267715093785,4.68866409258824,11.8450297889228,178.62075565916,TRUE,NA
"sigma",37.81,-10.1024561196533,3.68322351091953,4.68921087636709,11.8470924851152,178.67961964952,TRUE,NA
"sigma",37.82,-10.104379638084,3.68376981660183,4.68975760526226,11.8491550006071,178.738487870528,TRUE,NA
"sigma",37.83,-10.1063029996848,3.68431606800481,4.69030427929438,11.8512173354617,178.797360321439,TRUE,NA
"sigma",37.84,-10.1082262045084,3.68486226514836,4.69085089848397,11.853279489742,178.856237001511,TRUE,NA
"sigma",37.85,-10.1101492526077,3.68540840805254,4.6913974628517,11.8553414635111,178.915117910003,TRUE,NA
"sigma",37.86,-10.1120721440352,3.68595449673728,4.6919439724181,11.857403256832,178.974003046173,TRUE,NA
"sigma",37.87,-10.1139948788438,3.68650053122254,4.69249042720372,11.8594648697678,179.032892409279,TRUE,NA
"sigma",37.88,-10.1159174570862,3.68704651152822,4.69303682722914,11.8615263023813,179.091785998581,TRUE,NA
"sigma",37.89,-10.1178398788149,3.68759243767433,4.69358317251491,11.8635875547355,179.150683813338,TRUE,NA
"sigma",37.9,-10.1197621440826,3.68813830968072,4.69412946308151,11.8656486268933,179.209585852808,TRUE,NA
"sigma",37.91,-10.121684252942,3.6886841275673,4.69467569894947,11.8677095189175,179.268492116253,TRUE,NA
"sigma",37.92,-10.1236062054455,3.68922989135396,4.69522188013925,11.8697702308709,179.327402602934,TRUE,NA
"sigma",37.93,-10.1255280016456,3.68977560106055,4.69576800667134,11.8718307628162,179.386317312109,TRUE,NA
"sigma",37.94,-10.1274496415949,3.69032125670703,4.69631407856629,11.8738911148162,179.44523624304,TRUE,NA
"sigma",37.95,-10.1293711253458,3.69086685831318,4.69686009584448,11.8759512869336,179.504159394989,TRUE,NA
"sigma",37.96,-10.1312924529508,3.69141240589881,4.69740605852633,11.8780112792309,179.563086767217,TRUE,NA
"sigma",37.97,-10.1332136244622,3.69195789948379,4.69795196663232,11.8800710917709,179.622018358986,TRUE,NA
"sigma",37.98,-10.1351346399324,3.69250333908795,4.69849782018288,11.882130724616,179.680954169559,TRUE,NA
"sigma",37.99,-10.1370554994139,3.69304872473104,4.69904361919832,11.8841901778289,179.739894198197,TRUE,NA
"sigma",38,-10.1389762029587,3.6935940564329,4.69958936369915,11.886249451472,179.798838444164,TRUE,NA
"sigma",38.01,-10.1408967506194,3.69413933421327,4.70013505370566,11.8883085456077,179.857786906723,TRUE,NA
"sigma",38.02,-10.142817142448,3.69468455809193,4.70068068923822,11.8903674602985,179.916739585137,TRUE,NA
"sigma",38.03,-10.1447373784968,3.69522972808863,4.70122627031724,11.8924261956067,179.975696478671,TRUE,NA
"sigma",38.04,-10.146657458818,3.69577484422308,4.70177179696299,11.8944847515948,180.034657586587,TRUE,NA
"sigma",38.05,-10.1485773834638,3.69631990651508,4.70231726919581,11.8965431283249,180.093622908152,TRUE,NA
"sigma",38.06,-10.1504971524862,3.69686491498422,4.70286268703599,11.8986013258594,180.15259244263,TRUE,NA
"sigma",38.07,-10.1524167659374,3.69740986965034,4.70340805050391,11.9006593442605,180.211566189286,TRUE,NA
"sigma",38.08,-10.1543362238694,3.69795477053303,4.70395335961971,11.9027171835904,180.270544147385,TRUE,NA
"sigma",38.09,-10.1562555263342,3.69849961765204,4.70449861440384,11.9047748439112,180.329526316194,TRUE,NA
"sigma",38.1,-10.1581746733839,3.69904441102699,4.70504381487645,11.906832325285,180.388512694977,TRUE,NA
"sigma",38.11,-10.1600936650704,3.69958915067748,4.70558896105772,11.908889627774,180.447503283003,TRUE,NA
"sigma",38.12,-10.1620125014456,3.70013383662327,4.706134052968,11.9109467514401,180.506498079538,TRUE,NA
"sigma",38.13,-10.1639311825615,3.70067846888386,4.70667909062744,11.9130036963454,180.565497083847,TRUE,NA
"sigma",38.14,-10.16584970847,3.70122304747898,4.70722407405631,11.9150604625518,180.624500295199,TRUE,NA
"sigma",38.15,-10.1677680792229,3.70176757242817,4.70776900327474,11.9171170501213,180.683507712864,TRUE,NA
"sigma",38.16,-10.1696862948719,3.702312043751,4.70831387830288,11.9191734591157,180.742519336106,TRUE,NA
"sigma",38.17,-10.171604355469,3.70285646146713,4.70885869916104,11.9212296895969,180.801535164196,TRUE,NA
"sigma",38.18,-10.1735222610658,3.70340082559605,4.70940346586922,11.9232857416268,180.860555196401,TRUE,NA
"sigma",38.19,-10.175440011714,3.70394513615729,4.70994817844759,11.9253416152669,180.919579431991,TRUE,NA
"sigma",38.2,-10.1773576074655,3.70448939317051,4.71049283691636,11.9273973105793,180.978607870235,TRUE,NA
"sigma",38.21,-10.1792750483717,3.7050335966551,4.71103744129555,11.9294528276255,181.037640510403,TRUE,NA
"sigma",38.22,-10.1811923344844,3.70557774663066,4.71158199160529,11.9315081664671,181.096677351765,TRUE,NA
"sigma",38.23,-10.1831094658553,3.70612184311668,4.71212648786569,11.9335633271659,181.155718393591,TRUE,NA
"sigma",38.24,-10.1850264425357,3.70666588613265,4.7126709300968,11.9356183097833,181.214763635151,TRUE,NA
"sigma",38.25,-10.1869432645773,3.70720987569805,4.71321531831871,11.9376731143811,181.273813075717,TRUE,NA
"sigma",38.26,-10.1888599320316,3.70775381183232,4.71375965255142,11.9397277410206,181.33286671456,TRUE,NA
"sigma",38.27,-10.1907764449502,3.70829769455493,4.71430393281499,11.9417821897634,181.391924550951,TRUE,NA
"sigma",38.28,-10.1926928033843,3.70884152388534,4.71484815912946,11.9438364606709,181.450986584162,TRUE,NA
"sigma",38.29,-10.1946090073855,3.70938529984301,4.71539233151487,11.9458905538045,181.510052813465,TRUE,NA
"sigma",38.3,-10.1965250570051,3.70992902244726,4.71593644999111,11.9479444692255,181.569123238133,TRUE,NA
"sigma",38.31,-10.1984409522946,3.71047269171753,4.71648051457822,11.9499982069954,181.62819785744,TRUE,NA
"sigma",38.32,-10.2003566933052,3.71101630767328,4.71702452529624,11.9520517671753,181.687276670656,TRUE,NA
"sigma",38.33,-10.2022722800883,3.71155987033387,4.71756848216503,11.9541051498267,181.746359677057,TRUE,NA
"sigma",38.34,-10.204187712695,3.71210337971864,4.71811238520459,11.9561583550105,181.805446875916,TRUE,NA
"sigma",38.35,-10.2061029911768,3.71264683584692,4.71865623443482,11.9582113827882,181.864538266507,TRUE,NA
"sigma",38.36,-10.2080181155847,3.71319023873813,4.71920002987567,11.9602642332207,181.923633848105,TRUE,NA
"sigma",38.37,-10.2099330859699,3.71373358841155,4.71974377154705,11.9623169063693,181.982733619983,TRUE,NA
"sigma",38.38,-10.2118479023837,3.7142768848865,4.72028745946881,11.9643694022949,182.041837581418,TRUE,NA
"sigma",38.39,-10.2137625648771,3.7148201281823,4.72083109366084,11.9664217210587,182.100945731685,TRUE,NA
"sigma",38.4,-10.2156770735012,3.7153633183183,4.7213746741431,11.9684738627215,182.160058070058,TRUE,NA
"sigma",38.41,-10.2175914283071,3.71590645531369,4.72191820093532,11.9705258273445,182.219174595816,TRUE,NA
"sigma",38.42,-10.2195056293458,3.71644953918776,4.72246167405737,11.9725776149884,182.278295308231,TRUE,NA
"sigma",38.43,-10.2214196766684,3.71699256995986,4.72300509352919,11.9746292257143,182.337420206584,TRUE,NA
"sigma",38.44,-10.2233335703257,3.71753554764917,4.72354845937049,11.9766806595829,182.396549290149,TRUE,NA
"sigma",38.45,-10.2252473103689,3.71807847227491,4.72409177160106,11.9787319166551,182.455682558205,TRUE,NA
"sigma",38.46,-10.2271608968486,3.71862134385638,4.72463503024079,11.9807829969916,182.514820010029,TRUE,NA
"sigma",38.47,-10.2290743298158,3.71916416241268,4.72517823530939,11.9828339006532,182.573961644898,TRUE,NA
"sigma",38.48,-10.2309876093215,3.71970692796311,4.72572138682662,11.9848846277006,182.63310746209,TRUE,NA
"sigma",38.49,-10.2329007354164,3.72024964052684,4.72626448481231,11.9869351781944,182.692257460886,TRUE,NA
"sigma",38.5,-10.2348137081513,3.72079230012298,4.72680752928613,11.9889855521954,182.751411640562,TRUE,NA
"sigma",38.51,-10.236726527577,3.72133490677079,4.72735052026782,11.991035749764,182.810570000398,TRUE,NA
"sigma",38.52,-10.2386391937442,3.72187746048933,4.7278934577771,11.9930857709609,182.869732539674,TRUE,NA
"sigma",38.53,-10.2405517067036,3.72241996129783,4.72843634183369,11.9951356158466,182.928899257669,TRUE,NA
"sigma",38.54,-10.2424640665059,3.72296240921533,4.72897917245727,11.9971852844815,182.988070153664,TRUE,NA
"sigma",38.55,-10.2443762732017,3.72350480426105,4.72952194966754,11.9992347769262,183.047245226938,TRUE,NA
"sigma",38.56,-10.2462883268417,3.72404714645399,4.73006467348411,12.001284093241,183.106424476773,TRUE,NA
"sigma",38.57,-10.2482002274765,3.72458943581334,4.73060734392668,12.0033332334863,183.165607902449,TRUE,NA
"sigma",38.58,-10.2501119751566,3.72513167235809,4.73114996101491,12.0053821977225,183.224795503248,TRUE,NA
"sigma",38.59,-10.2520235699325,3.72567385610735,4.73169252476838,12.0074309860098,183.283987278451,TRUE,NA
"sigma",38.6,-10.2539350118547,3.72621598708024,4.73223503520675,12.0094795984086,183.34318322734,TRUE,NA
"sigma",38.61,-10.2558463009737,3.72675806529568,4.73277749234956,12.011528034979,183.402383349197,TRUE,NA
"sigma",38.62,-10.2577574373401,3.7273000907728,4.73331989621647,12.0135762957814,183.461587643306,TRUE,NA
"sigma",38.63,-10.2596684210041,3.72784206353058,4.733862246827,12.0156243808757,183.520796108948,TRUE,NA
"sigma",38.64,-10.2615792520161,3.72838398358811,4.73440454420083,12.0176722903222,183.580008745407,TRUE,NA
"sigma",38.65,-10.2634899304265,3.72892585096424,4.73494678835735,12.019720024181,183.639225551967,TRUE,NA
"sigma",38.66,-10.2654004562857,3.72946766567806,4.73548897931622,12.0217675825121,183.69844652791,TRUE,NA
"sigma",38.67,-10.2673108296439,3.73000942774855,4.73603111709694,12.0238149653755,183.757671672523,TRUE,NA
"sigma",38.68,-10.2692210505513,3.73055113719461,4.736573201719,12.0258621728312,183.816900985087,TRUE,NA
"sigma",38.69,-10.2711311190583,3.73109279403524,4.73711523320191,12.0279092049391,183.876134464888,TRUE,NA
"sigma",38.7,-10.273041035215,3.73163439828935,4.73765721156516,12.0299560617593,183.935372111212,TRUE,NA
"sigma",38.71,-10.2749507990717,3.73217594997593,4.73819913682831,12.0320027433515,183.994613923344,TRUE,NA
"sigma",38.72,-10.2768604106784,3.73271744911382,4.7387410090107,12.0340492497756,184.053859900569,TRUE,NA
"sigma",38.73,-10.2787698700853,3.73325889572198,4.73928282813189,12.0360955810913,184.113110042173,TRUE,NA
"sigma",38.74,-10.2806791773424,3.73380028981927,4.73982459421125,12.0381417373586,184.172364347442,TRUE,NA
"sigma",38.75,-10.2825883324999,3.73434163142457,4.74036630726826,12.040187718637,184.231622815663,TRUE,NA
"sigma",38.76,-10.2844973356078,3.73488292055674,4.74090796732228,12.0422335249863,184.290885446123,TRUE,NA
"sigma",38.77,-10.286406186716,3.7354241572347,4.74144957439276,12.0442791564662,184.350152238109,TRUE,NA
"sigma",38.78,-10.2883148858746,3.73596534147724,4.74199112849911,12.0463246131363,184.409423190909,TRUE,NA
"sigma",38.79,-10.2902234331335,3.7365064733032,4.74253262966063,12.0483698950561,184.468698303809,TRUE,NA
"sigma",38.8,-10.2921318285425,3.7370475527314,4.74307407789679,12.0504150022853,184.527977576099,TRUE,NA
"sigma",38.81,-10.2940400721517,3.73758857978066,4.74361547322685,12.0524599348833,184.587261007066,TRUE,NA
"sigma",38.82,-10.2959481640109,3.73812955446977,4.7441568156702,12.0545046929096,184.646548596,TRUE,NA
"sigma",38.83,-10.2978561041699,3.73867047681757,4.74469810524621,12.0565492764238,184.705840342189,TRUE,NA
"sigma",38.84,-10.2997638926784,3.73921134684274,4.74523934197412,12.0585936854851,184.765136244922,TRUE,NA
"sigma",38.85,-10.3016715295864,3.73975216456417,4.74578052587333,12.060637920153,184.82443630349,TRUE,NA
"sigma",38.86,-10.3035790149434,3.74029293000049,4.74632165696305,12.0626819804869,184.883740517182,TRUE,NA
"sigma",38.87,-10.3054863487993,3.74083364317049,4.74686273526258,12.0647258665459,184.943048885288,TRUE,NA
"sigma",38.88,-10.3073935312036,3.74137430409292,4.74740376079122,12.0667695783895,185.002361407099,TRUE,NA
"sigma",38.89,-10.3093005622062,3.74191491278647,4.74794473356821,12.0688131160768,185.061678081906,TRUE,NA
"sigma",38.9,-10.3112074418566,3.74245546926987,4.7484856536128,12.070856479667,185.120998909,TRUE,NA
"sigma",38.91,-10.3131141702044,3.74299597356179,4.7490265209442,12.0728996692194,185.180323887671,TRUE,NA
"sigma",38.92,-10.3150207472992,3.74353642568092,4.74956733558167,12.074942684793,185.239653017213,TRUE,NA
"sigma",38.93,-10.3169271731905,3.74407682564594,4.75010809754438,12.0769855264469,185.298986296917,TRUE,NA
"sigma",38.94,-10.3188334479278,3.74461717347546,4.75064880685151,12.0790281942403,185.358323726074,TRUE,NA
"sigma",38.95,-10.3207395715607,3.74515746918827,4.75118946352235,12.081070688232,185.417665303979,TRUE,NA
"sigma",38.96,-10.3226455441386,3.74569771280287,4.751730067576,12.0831130084812,185.477011029924,TRUE,NA
"sigma",38.97,-10.3245513657109,3.74623790433796,4.75227061903164,12.0851551550468,185.536360903203,TRUE,NA
"sigma",38.98,-10.326457036327,3.74677804381207,4.75281111790837,12.0871971279877,185.595714923108,TRUE,NA
"sigma",38.99,-10.3283625560363,3.7473181312439,4.75335156422536,12.0892389273628,185.655073088933,TRUE,NA
"sigma",39,-10.3302679248881,3.74785816665199,4.75389195800177,12.0912805532309,185.714435399973,TRUE,NA
"sigma",39.01,-10.3321731429318,3.74839815005491,4.75443229925662,12.0933220056508,185.773801855522,TRUE,NA
"sigma",39.02,-10.3340782102167,3.74893808147125,4.7549725880091,12.0953632846814,185.833172454875,TRUE,NA
"sigma",39.03,-10.3359831267919,3.74947796091959,4.75551282427828,12.0974043903814,185.892547197328,TRUE,NA
"sigma",39.04,-10.3378878927068,3.75001778841844,4.75605300808318,12.0994453228095,185.951926082174,TRUE,NA
"sigma",39.05,-10.3397925080105,3.75055756398634,4.75659313944293,12.1014860820244,186.011309108711,TRUE,NA
"sigma",39.06,-10.3416969727523,3.75109728764185,4.7571332183766,12.1035266680847,186.070696276234,TRUE,NA
"sigma",39.07,-10.3436012869812,3.75163695940341,4.75767324490314,12.105567081049,186.130087584038,TRUE,NA
"sigma",39.08,-10.3455054507463,3.7521765792896,4.75821321904166,12.107607320976,186.189483031422,TRUE,NA
"sigma",39.09,-10.3474094640969,3.75271614731886,4.75875314081113,12.109647387924,186.248882617682,TRUE,NA
"sigma",39.1,-10.3493133270818,3.75325566350966,4.75929301023055,12.1116872819518,186.308286342114,TRUE,NA
"sigma",39.11,-10.3512170397503,3.75379512788046,4.7598328273189,12.1137270031176,186.367694204017,TRUE,NA
"sigma",39.12,-10.3531206021512,3.7543345404498,4.76037259209524,12.1157665514801,186.427106202687,TRUE,NA
"sigma",39.13,-10.3550240143335,3.75487390123603,4.76091230457848,12.1178059270974,186.486522337424,TRUE,NA
"sigma",39.14,-10.3569272763463,3.75541321025763,4.76145196478761,12.1198451300282,186.545942607526,TRUE,NA
"sigma",39.15,-10.3588303882383,3.75595246753301,4.7619915727415,12.1218841603305,186.60536701229,TRUE,NA
"sigma",39.16,-10.3607333500586,3.75649167308054,4.76253112845912,12.1239230180629,186.664795551017,TRUE,NA
"sigma",39.17,-10.362636161856,3.75703082691873,4.76307063195947,12.1259617032834,186.724228223005,TRUE,NA
"sigma",39.18,-10.3645388236793,3.75756992906582,4.76361008326135,12.1280002160504,186.783665027555,TRUE,NA
"sigma",39.19,-10.3664413355772,3.75810897954027,4.76414948238367,12.1300385564221,186.843105963965,TRUE,NA
"sigma",39.2,-10.3683436975987,3.75864797836045,4.76468882934536,12.1320767244565,186.902551031535,TRUE,NA
"sigma",39.21,-10.3702459097925,3.75918692554471,4.76522812416532,12.1341147202119,186.962000229568,TRUE,NA
"sigma",39.22,-10.3721479722072,3.7597258211113,4.76576736686228,12.1361525437463,187.021453557362,TRUE,NA
"sigma",39.23,-10.3740498848916,3.76026466507873,4.76630655745527,12.1381901951179,187.08091101422,TRUE,NA
"sigma",39.24,-10.3759516478944,3.7608034574652,4.76684569596303,12.1402276743845,187.140372599443,TRUE,NA
"sigma",39.25,-10.3778532612641,3.761342198289,4.76738478240434,12.1422649816042,187.199838312331,TRUE,NA
"sigma",39.26,-10.3797547250495,3.76188088756847,4.76792381679806,12.144302116835,187.259308152188,TRUE,NA
"sigma",39.27,-10.3816560392991,3.76241952532193,4.76846279916304,12.1463390801347,187.318782118315,TRUE,NA
"sigma",39.28,-10.3835572040614,3.76295811156759,4.769001729518,12.1483758715613,187.378260210015,TRUE,NA
"sigma",39.29,-10.385458219385,3.76349664632378,4.7695406078818,12.1504124911727,187.437742426591,TRUE,NA
"sigma",39.3,-10.3873590853184,3.76403512960866,4.77007943427311,12.1524489390266,187.497228767346,TRUE,NA
"sigma",39.31,-10.38925980191,3.76457356144055,4.77061820871072,12.1544852151807,187.556719231583,TRUE,NA
"sigma",39.32,-10.3911603692083,3.76511194183761,4.77115693121333,12.156521319693,187.616213818605,TRUE,NA
"sigma",39.33,-10.3930607872618,3.76565027081817,4.77169560179981,12.158557252621,187.675712527718,TRUE,NA
"sigma",39.34,-10.3949610561188,3.76618854840034,4.77223422048876,12.1605930140226,187.735215358226,TRUE,NA
"sigma",39.35,-10.3968611758276,3.76672677460233,4.77277278729891,12.1626286039552,187.794722309432,TRUE,NA
"sigma",39.36,-10.3987611464367,3.76726494944237,4.77331130224898,12.1646640224766,187.854233380642,TRUE,NA
"sigma",39.37,-10.4006609679943,3.76780307293863,4.77384976535766,12.1666992696443,187.913748571161,TRUE,NA
"sigma",39.38,-10.4025606405487,3.76834114510923,4.7743881766436,12.1687343455159,187.973267880294,TRUE,NA
"sigma",39.39,-10.4044601641483,3.76887916597235,4.77492653612547,12.1707692501489,188.032791307348,TRUE,NA
"sigma",39.4,-10.4063595388411,3.76941713554616,4.77546484382194,12.1728039836007,188.092318851629,TRUE,NA
"sigma",39.41,-10.4082587646753,3.76995505384875,4.77600309975159,12.1748385459289,188.151850512441,TRUE,NA
"sigma",39.42,-10.4101578416993,3.77049292089818,4.77654130393305,12.1768729371907,188.211386289093,TRUE,NA
"sigma",39.43,-10.4120567699611,3.77103073671269,4.77707945638502,12.1789071574437,188.270926180892,TRUE,NA
"sigma",39.44,-10.4139555495087,3.77156850131029,4.77761755712605,12.1809412067451,188.330470187144,TRUE,NA
"sigma",39.45,-10.4158541803904,3.77210621470914,4.77815560617475,12.1829750851523,188.390018307157,TRUE,NA
"sigma",39.46,-10.4177526626542,3.77264387692722,4.77869360354966,12.1850087927226,188.449570540238,TRUE,NA
"sigma",39.47,-10.4196509963481,3.77318148798266,4.77923154926939,12.1870423295131,188.509126885698,TRUE,NA
"sigma",39.48,-10.4215491815201,3.77371904789348,4.77976944335244,12.1890756955811,188.568687342842,TRUE,NA
"sigma",39.49,-10.4234472182182,3.77425655667777,4.78030728581744,12.1911088909838,188.628251910981,TRUE,NA
"sigma",39.5,-10.4253451064904,3.77479401435352,4.78084507668286,12.1931419157784,188.687820589423,TRUE,NA
"sigma",39.51,-10.4272428463845,3.77533142093876,4.78138281596727,12.1951747700219,188.747393377476,TRUE,NA
"sigma",39.52,-10.4291404379485,3.77586877645144,4.78192050368906,12.1972074537713,188.806970274453,TRUE,NA
"sigma",39.53,-10.4310378812303,3.77640608090969,4.78245813986691,12.1992399670839,188.866551279661,TRUE,NA
"sigma",39.54,-10.4329351762777,3.77694333433141,4.78299572451921,12.2012723100165,188.926136392412,TRUE,NA
"sigma",39.55,-10.4348323231384,3.7774805367346,4.78353325766444,12.2033044826262,188.985725612014,TRUE,NA
"sigma",39.56,-10.4367293218604,3.77801768813724,4.78407073932107,12.2053364849698,189.045318937781,TRUE,NA
"sigma",39.57,-10.4386261724913,3.77855478855718,4.78460816950752,12.2073683171044,189.104916369021,TRUE,NA
"sigma",39.58,-10.440522875079,3.77909183801252,4.78514554824232,12.2093999790867,189.164517905047,TRUE,NA
"sigma",39.59,-10.442419429671,3.7796288365211,4.78568287554381,12.2114314709737,189.224123545171,TRUE,NA
"sigma",39.6,-10.4443158363151,3.78016578410088,4.78622015143049,12.2134627928221,189.283733288703,TRUE,NA
"sigma",39.61,-10.446212095059,3.78070268076975,4.78675737592069,12.2154939446888,189.343347134956,TRUE,NA
"sigma",39.62,-10.4481082059502,3.78123952654565,4.78729454903288,12.2175249266304,189.402965083245,TRUE,NA
"sigma",39.63,-10.4500041690364,3.78177632144636,4.78783167078534,12.2195557387036,189.462587132879,TRUE,NA
"sigma",39.64,-10.4518999843652,3.78231306548992,4.78836874119659,12.2215863809653,189.522213283173,TRUE,NA
"sigma",39.65,-10.453795651984,3.78284975869406,4.78890576028484,12.2236168534719,189.58184353344,TRUE,NA
"sigma",39.66,-10.4556911719405,3.78338640107672,4.78944272806854,12.2256471562802,189.641477882994,TRUE,NA
"sigma",39.67,-10.457586544282,3.78392299265568,4.78997964456597,12.2276772894467,189.701116331149,TRUE,NA
"sigma",39.68,-10.4594817690562,3.78445953344889,4.79051650979556,12.2297072530279,189.760758877218,TRUE,NA
"sigma",39.69,-10.4613768463103,3.784996023474,4.79105332377546,12.2317370470804,189.820405520516,TRUE,NA
"sigma",39.7,-10.4632717760918,3.78553246274901,4.79159008652414,12.2337666716606,189.88005626036,TRUE,NA
"sigma",39.71,-10.4651665584482,3.78606885129159,4.7921267980598,12.235796126825,189.939711096062,TRUE,NA
"sigma",39.72,-10.4670611934267,3.78660518911962,4.79266345840078,12.23782541263,189.999370026939,TRUE,NA
"sigma",39.73,-10.4689556810747,3.78714147625082,4.79320006756528,12.239854529132,190.059033052306,TRUE,NA
"sigma",39.74,-10.4708500214395,3.787677712703,4.79373662557162,12.2418834763874,190.118700171479,TRUE,NA
"sigma",39.75,-10.4727442145683,3.78821389849388,4.79427313243801,12.2439122544524,190.178371383774,TRUE,NA
"sigma",39.76,-10.4746382605085,3.78875003364124,4.79480958818267,12.2459408633833,190.23804668851,TRUE,NA
"sigma",39.77,-10.4765321593073,3.78928611816283,4.79534599282395,12.2479693032365,190.297726085,TRUE,NA
"sigma",39.78,-10.4784259110118,3.78982215207636,4.79588234637991,12.2499975740681,190.357409572564,TRUE,NA
"sigma",39.79,-10.4803195156692,3.79035813539955,4.79641864886885,12.2520256759343,190.417097150517,TRUE,NA
"sigma",39.8,-10.4822129733267,3.79089406815008,4.79695490030888,12.2540536088912,190.476788818179,TRUE,NA
"sigma",39.81,-10.4841062840314,3.79142995034573,4.79749110071831,12.256081372995,190.536484574866,TRUE,NA
"sigma",39.82,-10.4859994478303,3.79196578200406,4.79802725011514,12.2581089683018,190.596184419897,TRUE,NA
"sigma",39.83,-10.4878924647706,3.79250156314286,4.79856334851765,12.2601363948676,190.655888352592,TRUE,NA
"sigma",39.84,-10.4897853348993,3.79303729377975,4.79909939594398,12.2621636527485,190.715596372268,TRUE,NA
"sigma",39.85,-10.4916780582633,3.79357297393237,4.79963539241224,12.2641907420004,190.775308478244,TRUE,NA
"sigma",39.86,-10.4935706349097,3.79410860361839,4.80017133794057,12.2662176626793,190.83502466984,TRUE,NA
"sigma",39.87,-10.4954630648855,3.79464418285542,4.80070723254704,12.2682444148411,190.894744946376,TRUE,NA
"sigma",39.88,-10.4973553482375,3.79517971166106,4.80124307624979,12.2702709985418,190.954469307171,TRUE,NA
"sigma",39.89,-10.4992474850128,3.79571519005303,4.80177886906694,12.2722974138371,191.014197751547,TRUE,NA
"sigma",39.9,-10.501139475258,3.79625061804877,4.80231461101649,12.274323660783,191.073930278822,TRUE,NA
"sigma",39.91,-10.5030313190201,3.796785995666,4.80285030211657,12.2763497394351,191.133666888318,TRUE,NA
"sigma",39.92,-10.5049230163461,3.79732132292225,4.80338594238524,12.2783756498494,191.193407579357,TRUE,NA
"sigma",39.93,-10.5068145672825,3.79785659983508,4.80392153184051,12.2804013920814,191.253152351259,TRUE,NA
"sigma",39.94,-10.5087059718762,3.79839182642206,4.80445707050045,12.282426966187,191.312901203347,TRUE,NA
"sigma",39.95,-10.510597230174,3.79892700270073,4.80499255838303,12.2844523722217,191.372654134941,TRUE,NA
"sigma",39.96,-10.5124883422225,3.79946212868863,4.80552799550634,12.2864776102412,191.432411145365,TRUE,NA
"sigma",39.97,-10.5143793080686,3.79999720440332,4.80606338188836,12.2885026803012,191.492172233941,TRUE,NA
"sigma",39.98,-10.5162701277588,3.8005322298623,4.80659871754706,12.2905275824571,191.551937399991,TRUE,NA
"sigma",39.99,-10.5181608013397,3.80106720508302,4.80713400250039,12.2925523167646,191.611706642839,TRUE,NA
"sigma",40,-10.5200513288581,3.80160213008307,4.80766923676641,12.2945768832791,191.671479961808,TRUE,NA
"sigma",40.01,-10.5219417103604,3.80213700487986,4.80820442036301,12.2966012820562,191.731257356222,TRUE,NA
"sigma",40.02,-10.5238319458933,3.80267182949087,4.80873955330815,12.2986255131511,191.791038825405,TRUE,NA
"sigma",40.03,-10.5257220355033,3.80320660393362,4.80927463561979,12.3006495766195,191.85082436868,TRUE,NA
"sigma",40.04,-10.5276119792369,3.8037413282255,4.8098096673158,12.3026734725166,191.910613985372,TRUE,NA
"sigma",40.05,-10.5295017771406,3.80427600238401,4.81034464841419,12.3046972008978,191.970407674807,TRUE,NA
"sigma",40.06,-10.5313914292608,3.80481062642651,4.81087957893272,12.3067207618184,192.030205436308,TRUE,NA
"sigma",40.07,-10.533280935644,3.80534520037048,4.81141445888942,12.3087441553336,192.090007269202,TRUE,NA
"sigma",40.08,-10.5351702963366,3.80587972423331,4.81194928830209,12.3107673814988,192.149813172814,TRUE,NA
"sigma",40.09,-10.537059511385,3.80641419803243,4.81248406718865,12.3127904403692,192.209623146469,TRUE,NA
"sigma",40.1,-10.5389485808355,3.80694862178522,4.81301879556694,12.314813332,192.269437189496,TRUE,NA
"sigma",40.11,-10.5408375047345,3.80748299550901,4.81355347345479,12.3168360564462,192.329255301218,TRUE,NA
"sigma",40.12,-10.5427262831282,3.80801731922124,4.81408810087008,12.3188586137631,192.389077480963,TRUE,NA
"sigma",40.13,-10.544614916063,3.8085515929392,4.81462267783056,12.3208810040057,192.448903728059,TRUE,NA
"sigma",40.14,-10.5465034035851,3.8090858166803,4.81515720435411,12.3229032272291,192.508734041832,TRUE,NA
"sigma",40.15,-10.5483917457407,3.80961999046186,4.81569168045853,12.3249252834883,192.56856842161,TRUE,NA
"sigma",40.16,-10.5502799425759,3.81015411430121,4.81622610616161,12.3269471728383,192.62840686672,TRUE,NA
"sigma",40.17,-10.5521679941372,3.81068818821566,4.81676048148113,12.3289688953341,192.688249376493,TRUE,NA
"sigma",40.18,-10.5540559004704,3.81122221222251,4.81729480643486,12.3309904510306,192.748095950254,TRUE,NA
"sigma",40.19,-10.5559436616218,3.81175618633906,4.81782908104053,12.3330118399827,192.807946587333,TRUE,NA
"sigma",40.2,-10.5578312776374,3.8122901105826,4.81836330531593,12.3350330622453,192.867801287059,TRUE,NA
"sigma",40.21,-10.5597187485634,3.81282398497042,4.81889747927878,12.3370541178732,192.927660048762,TRUE,NA
"sigma",40.22,-10.5616060744458,3.81335780951983,4.8194316029469,12.3390750069213,192.98752287177,TRUE,NA
"sigma",40.23,-10.5634932553305,3.81389158424801,4.81996567633788,12.3410957294443,193.047389755414,TRUE,NA
"sigma",40.24,-10.5653802912637,3.81442530917222,4.82049969946944,12.3431162854969,193.107260699023,TRUE,NA
"sigma",40.25,-10.5672671822912,3.8149589843097,4.82103367235933,12.3451366751339,193.167135701929,TRUE,NA
"sigma",40.26,-10.569153928459,3.81549260967769,4.82156759502521,12.3471568984099,193.227014763461,TRUE,NA
"sigma",40.27,-10.5710405298131,3.81602618529341,4.8221014674848,12.3491769553797,193.28689788295,TRUE,NA
"sigma",40.28,-10.5729269863992,3.81655971117401,4.82263528975565,12.3511968460978,193.346785059728,TRUE,NA
"sigma",40.29,-10.5748132982633,3.81709318733678,4.82316906185556,12.3532165706188,193.406676293126,TRUE,NA
"sigma",40.3,-10.5766994654512,3.81762661379881,4.82370278380205,12.3552361289972,193.466571582476,TRUE,NA
"sigma",40.31,-10.5785854880088,3.81815999057736,4.82423645561284,12.3572555212877,193.52647092711,TRUE,NA
"sigma",40.32,-10.5804713659817,3.8186933176895,4.82477007730547,12.3592747475446,193.58637432636,TRUE,NA
"sigma",40.33,-10.5823570994159,3.81922659515246,4.82530364889763,12.3612938078225,193.646281779558,TRUE,NA
"sigma",40.34,-10.584242688357,3.81975982298332,4.82583717040685,12.3633127021757,193.706193286039,TRUE,NA
"sigma",40.35,-10.5861281328507,3.82029300119932,4.82637064185078,12.3653314306588,193.766108845133,TRUE,NA
"sigma",40.36,-10.5880134329427,3.82082612981751,4.82690406324699,12.367349993326,193.826028456176,TRUE,NA
"sigma",40.37,-10.5898985886788,3.82135920885498,4.82743743461299,12.3693683902317,193.8859521185,TRUE,NA
"sigma",40.38,-10.5917836001044,3.82189223832884,4.82797075596637,12.3713866214302,193.94587983144,TRUE,NA
"sigma",40.39,-10.5936684672652,3.82242521825623,4.82850402732469,12.3734046869758,194.00581159433,TRUE,NA
"sigma",40.4,-10.5955531902069,3.82295814865419,4.82903724870546,12.3754225869227,194.065747406503,TRUE,NA
"sigma",40.41,-10.597437768975,3.82349102953982,4.82957042012624,12.3774403213251,194.125687267297,TRUE,NA
"sigma",40.42,-10.5993222036149,3.82402386093018,4.83010354160452,12.3794578902372,194.185631176044,TRUE,NA
"sigma",40.43,-10.6012064941723,3.82455664284229,4.83063661315778,12.3814752937132,194.24557913208,TRUE,NA
"sigma",40.44,-10.6030906406925,3.82508937529318,4.83116963480352,12.3834925318072,194.305531134742,TRUE,NA
"sigma",40.45,-10.6049746432212,3.82562205829998,4.83170260655927,12.3855096045733,194.365487183364,TRUE,NA
"sigma",40.46,-10.6068585018036,3.82615469187962,4.8322355284425,12.3875265120655,194.425447277283,TRUE,NA
"sigma",40.47,-10.6087422164852,3.82668727604915,4.83276840047059,12.3895432543379,194.485411415836,TRUE,NA
"sigma",40.48,-10.6106257873115,3.82721981082553,4.83330122266107,12.3915598314445,194.545379598359,TRUE,NA
"sigma",40.49,-10.6125092143276,3.82775229622582,4.83383399503137,12.3935762434392,194.605351824188,TRUE,NA
"sigma",40.5,-10.6143924975791,3.82828473226696,4.83436671759892,12.3955924903759,194.665328092663,TRUE,NA
"sigma",40.51,-10.6162756371111,3.82881711896591,4.83489939038104,12.3976085723087,194.725308403119,TRUE,NA
"sigma",40.52,-10.618158632969,3.82934945633966,4.83543201339525,12.3996244892913,194.785292754893,TRUE,NA
"sigma",40.53,-10.620041485198,3.82988174440512,4.83596458665892,12.4016402413775,194.845281147326,TRUE,NA
"sigma",40.54,-10.6219241938433,3.83041398317928,4.83649711018944,12.4036558286213,194.905273579754,TRUE,NA
"sigma",40.55,-10.6238067589503,3.83094617267907,4.83702958400418,12.4056712510764,194.965270051518,TRUE,NA
"sigma",40.56,-10.625689180564,3.83147831292136,4.83756200812048,12.4076865087965,195.025270561954,TRUE,NA
"sigma",40.57,-10.6275714587296,3.83201040392311,4.83809438255575,12.4097016018354,195.085275110403,TRUE,NA
"sigma",40.58,-10.6294535934922,3.83254244570121,4.83862670732729,12.4117165302468,195.145283696204,TRUE,NA
"sigma",40.59,-10.6313355848969,3.83307443827253,4.83915898245246,12.4137312940842,195.205296318696,TRUE,NA
"sigma",40.6,-10.6332174329889,3.83360638165401,4.83969120794858,12.4157458934014,195.265312977219,TRUE,NA
"sigma",40.61,-10.6350991378132,3.83413827586243,4.84022338383292,12.417760328252,195.325333671115,TRUE,NA
"sigma",40.62,-10.6369806994147,3.83467012091471,4.84075551012281,12.4197745986894,195.385358399722,TRUE,NA
"sigma",40.63,-10.6388621178386,3.83520191682771,4.84128758683559,12.4217887047673,195.445387162382,TRUE,NA
"sigma",40.64,-10.6407433931299,3.83573366361824,4.8418196139885,12.4238026465391,195.505419958437,TRUE,NA
"sigma",40.65,-10.6426245253333,3.83626536130315,4.8423515915988,12.4258164240584,195.565456787226,TRUE,NA
"sigma",40.66,-10.6445055144939,3.83679700989924,4.84288351968374,12.4278300373785,195.625497648092,TRUE,NA
"sigma",40.67,-10.6463863606567,3.83732860942338,4.84341539826066,12.429843486553,195.685542540377,TRUE,NA
"sigma",40.68,-10.6482670638664,3.8378601598923,4.8439472273467,12.4318567716352,195.745591463423,TRUE,NA
"sigma",40.69,-10.650147624168,3.8383916613228,4.84447900695909,12.4338698926783,195.805644416571,TRUE,NA
"sigma",40.7,-10.6520280416063,3.83892311373172,4.84501073711517,12.4358828497359,195.865701399166,TRUE,NA
"sigma",40.71,-10.653908316226,3.83945451713578,4.84554241783198,12.437895642861,195.925762410549,TRUE,NA
"sigma",40.72,-10.655788448072,3.83998587155174,4.8460740491268,12.4399082721071,195.985827450064,TRUE,NA
"sigma",40.73,-10.657668437189,3.84051717699641,4.84660563101691,12.4419207375274,196.045896517055,TRUE,NA
"sigma",40.74,-10.6595482836218,3.84104843348649,4.84713716351934,12.443933039175,196.105969610864,TRUE,NA
"sigma",40.75,-10.6614279874151,3.8415796410387,4.84766864665132,12.4459451771032,196.166046730838,TRUE,NA
"sigma",40.76,-10.6633075486135,3.84211079966977,4.84820008043001,12.447957151365,196.226127876317,TRUE,NA
"sigma",40.77,-10.6651869672617,3.84264190939644,4.84873146487255,12.4499689620136,196.286213046649,TRUE,NA
"sigma",40.78,-10.6670662434044,3.84317297023538,4.84926279999607,12.4519806091022,196.346302241177,TRUE,NA
"sigma",40.79,-10.6689453770861,3.84370398220333,4.84979408581775,12.4539920926836,196.406395459247,TRUE,NA
"sigma",40.8,-10.6708243683515,3.84423494531691,4.85032532235461,12.456003412811,196.466492700205,TRUE,NA
"sigma",40.81,-10.6727032172451,3.84476585959284,4.8508565096238,12.4580145695373,196.526593963394,TRUE,NA
"sigma",40.82,-10.6745819238115,3.84529672504776,4.85138764764245,12.4600255629156,196.586699248163,TRUE,NA
"sigma",40.83,-10.6764604880951,3.8458275416983,4.85191873642757,12.4620363929986,196.646808553855,TRUE,NA
"sigma",40.84,-10.6783389101404,3.8463583095612,4.85244977599632,12.4640470598395,196.706921879819,TRUE,NA
"sigma",40.85,-10.680217189992,3.84688902865301,4.85298076636573,12.4660575634909,196.767039225401,TRUE,NA
"sigma",40.86,-10.6820953276943,3.84741969899041,4.85351170755289,12.4680679040059,196.827160589947,TRUE,NA
"sigma",40.87,-10.6839733232916,3.8479503205899,4.8540425995747,12.4700780814371,196.887285972806,TRUE,NA
"sigma",40.88,-10.6858511768283,3.84848089346823,4.85457344244838,12.4720880958373,196.947415373324,TRUE,NA
"sigma",40.89,-10.6877288883489,3.8490114176419,4.85510423619082,12.4740979472594,197.007548790847,TRUE,NA
"sigma",40.9,-10.6896064578977,3.84954189312756,4.85563498081912,12.476107635756,197.067686224728,TRUE,NA
"sigma",40.91,-10.6914838855189,3.85007231994176,4.85616567635026,12.4781171613799,197.12782767431,TRUE,NA
"sigma",40.92,-10.6933611712569,3.85060269810102,4.85669632280118,12.4801265241836,197.187973138945,TRUE,NA
"sigma",40.93,-10.695238315156,3.85113302762196,4.85722692018891,12.4821357242199,197.24812261798,TRUE,NA
"sigma",40.94,-10.6971153172603,3.8516633085211,4.85775746853042,12.4841447615414,197.308276110766,TRUE,NA
"sigma",40.95,-10.6989921776142,3.85219354081497,4.85828796784268,12.4861536362005,197.368433616649,TRUE,NA
"sigma",40.96,-10.7008688962618,3.85272372452012,4.8588184181426,12.4881623482499,197.428595134982,TRUE,NA
"sigma",40.97,-10.7027454732472,3.85325385965307,4.85934881944719,12.4901708977421,197.488760665113,TRUE,NA
"sigma",40.98,-10.7046219086147,3.85378394623029,4.85987917177332,12.4921792847295,197.548930206393,TRUE,NA
"sigma",40.99,-10.7064982024083,3.85431398426834,4.86040947513797,12.4941875092647,197.609103758172,TRUE,NA
"sigma",41,-10.7083743546722,3.85484397378364,4.86093972955799,12.4961955714,197.6692813198,TRUE,NA
"sigma",41.01,-10.7102503654503,3.85537391479271,4.86146993505028,12.4982034711879,197.729462890629,TRUE,NA
"sigma",41.02,-10.7121262347869,3.85590380731202,4.86200009163182,12.5002112086807,197.78964847001,TRUE,NA
"sigma",41.03,-10.7140019627259,3.85643365135799,4.86253019931939,12.5022187839307,197.849838057294,TRUE,NA
"sigma",41.04,-10.7158775493113,3.85696344694718,4.86306025812996,12.5042261969903,197.910031651833,TRUE,NA
"sigma",41.05,-10.717752994587,3.85749319409588,4.86359026808031,12.5062334479118,197.970229252979,TRUE,NA
"sigma",41.06,-10.7196282985971,3.8580228928206,4.86412022918724,12.5082405367473,198.030430860083,TRUE,NA
"sigma",41.07,-10.7215034613854,3.85855254313778,4.86465014146775,12.5102474635491,198.090636472499,TRUE,NA
"sigma",41.08,-10.7233784829959,3.85908214506379,4.86518000493857,12.5122542283695,198.15084608958,TRUE,NA
"sigma",41.09,-10.7252533634725,3.85961169861509,4.86570981961658,12.5142608312605,198.211059710678,TRUE,NA
"sigma",41.1,-10.7271281028589,3.86014120380798,4.86623958551847,12.5162672722743,198.271277335146,TRUE,NA
"sigma",41.11,-10.7290027011992,3.86067066065896,4.86676930266117,12.5182735514631,198.331498962339,TRUE,NA
"sigma",41.12,-10.7308771585369,3.86120006918427,4.86729897106139,12.5202796688788,198.391724591609,TRUE,NA
"sigma",41.13,-10.732751474916,3.86172942940035,4.86782859073594,12.5222856245735,198.451954222312,TRUE,NA
"sigma",41.14,-10.7346256503802,3.86225874132359,4.86835816170163,12.5242914185993,198.512187853801,TRUE,NA
"sigma",41.15,-10.7364996849733,3.86278800497029,4.86888768397517,12.5262970510081,198.572425485431,TRUE,NA
"sigma",41.16,-10.7383735787389,3.86331722035676,4.86941715757333,12.5283025218519,198.632667116557,TRUE,NA
"sigma",41.17,-10.7402473317207,3.86384638749939,4.86994658251284,12.5303078311826,198.692912746534,TRUE,NA
"sigma",41.18,-10.7421209439625,3.86437550641441,4.87047595881041,12.5323129790521,198.753162374717,TRUE,NA
"sigma",41.19,-10.7439944155078,3.86490457711821,4.8710052864828,12.5343179655123,198.813416000462,TRUE,NA
"sigma",41.2,-10.7458677464002,3.86543359962708,4.87153456554672,12.536322790615,198.873673623125,TRUE,NA
"sigma",41.21,-10.7477409366835,3.86596257395725,4.87206379601885,12.5383274544121,198.933935242062,TRUE,NA
"sigma",41.22,-10.749613986401,3.86649150012503,4.87259297791589,12.5403319569552,198.994200856629,TRUE,NA
"sigma",41.23,-10.7514868955965,3.86702037814674,4.87312211125454,12.5423362982963,199.054470466184,TRUE,NA
"sigma",41.24,-10.7533596643134,3.86754920803856,4.87365119605142,12.5443404784869,199.114744070082,TRUE,NA
"sigma",41.25,-10.7552322925951,3.86807798981677,4.87418023232324,12.5463444975788,199.175021667682,TRUE,NA
"sigma",41.26,-10.7571047804853,3.86860672349764,4.87470922008663,12.5483483556237,199.235303258339,TRUE,NA
"sigma",41.27,-10.7589771280273,3.86913540909737,4.87523815935825,12.5503520526732,199.295588841415,TRUE,NA
"sigma",41.28,-10.7608493352646,3.86966404663214,4.8757670501547,12.5523555887788,199.355878416264,TRUE,NA
"sigma",41.29,-10.7627214022405,3.87019263611823,4.8762958924926,12.5543589639923,199.416171982246,TRUE,NA
"sigma",41.3,-10.7645933289985,3.87072117757183,4.8768246863886,12.5563621783651,199.476469538719,TRUE,NA
"sigma",41.31,-10.7664651155819,3.87124967100915,4.8773534318593,12.5583652319487,199.536771085042,TRUE,NA
"sigma",41.32,-10.768336762034,3.8717781164463,4.87788212892125,12.5603681247947,199.597076620573,TRUE,NA
"sigma",41.33,-10.7702082683982,3.87230651389954,4.87841077759109,12.5623708569545,199.657386144674,TRUE,NA
"sigma",41.34,-10.7720796347178,3.87283486338498,4.8789393778853,12.5643734284796,199.717699656701,TRUE,NA
"sigma",41.35,-10.7739508610359,3.87336316491882,4.87946792982055,12.5663758394213,199.778017156017,TRUE,NA
"sigma",41.36,-10.7758219473959,3.87389141851719,4.87999643341332,12.5683780898311,199.838338641979,TRUE,NA
"sigma",41.37,-10.7776928938409,3.8744196241962,4.88052488868018,12.5703801797602,199.89866411395,TRUE,NA
"sigma",41.38,-10.7795637004142,3.87494778197198,4.88105329563765,12.5723821092601,199.958993571288,TRUE,NA
"sigma",41.39,-10.781434367159,3.87547589186073,4.88158165430233,12.5743838783819,200.019327013357,TRUE,NA
"sigma",41.4,-10.7833048941183,3.87600395387841,4.88210996469057,12.576385487177,200.079664439515,TRUE,NA
"sigma",41.41,-10.7851752813353,3.87653196804129,4.88263822681905,12.5783869356966,200.140005849126,TRUE,NA
"sigma",41.42,-10.7870455288531,3.87705993436536,4.88316644070417,12.580388223992,200.200351241549,TRUE,NA
"sigma",41.43,-10.7889156367147,3.87758785286669,4.88369460636238,12.5823893521141,200.260700616147,TRUE,NA
"sigma",41.44,-10.7907856049633,3.87811572356136,4.8842227238102,12.5843903201143,200.321053972283,TRUE,NA
"sigma",41.45,-10.7926554336418,3.8786435464655,4.88475079306412,12.5863911280437,200.381411309318,TRUE,NA
"sigma",41.46,-10.7945251227933,3.8791713215951,4.88527881414059,12.5883917759533,200.441772626616,TRUE,NA
"sigma",41.47,-10.7963946724607,3.87969904896623,4.88580678705603,12.5903922638942,200.502137923539,TRUE,NA
"sigma",41.48,-10.7982640826871,3.88022672859489,4.88633471182687,12.5923925919175,200.562507199449,TRUE,NA
"sigma",41.49,-10.8001333535152,3.88075436049716,4.88686258846955,12.5943927600741,200.622880453712,TRUE,NA
"sigma",41.5,-10.8020024849881,3.88128194468902,4.88739041700049,12.596392768415,200.683257685689,TRUE,NA
"sigma",41.51,-10.8038714771486,3.8818094811865,4.88791819743611,12.5983926169912,200.743638894746,TRUE,NA
"sigma",41.52,-10.8057403300397,3.88233697000557,4.88844592979276,12.6003923058536,200.804024080245,TRUE,NA
"sigma",41.53,-10.807609043704,3.88286441116224,4.88897361408686,12.6023918350531,200.864413241553,TRUE,NA
"sigma",41.54,-10.8094776181846,3.88339180467247,4.88950125033478,12.6043912046405,200.924806378033,TRUE,NA
"sigma",41.55,-10.8113460535241,3.88391915055226,4.89002883855291,12.6063904146668,200.98520348905,TRUE,NA
"sigma",41.56,-10.8132143497653,3.8844464488175,4.89055637875751,12.6083894651826,201.04560457397,TRUE,NA
"sigma",41.57,-10.815082506951,3.88497369948424,4.89108387096505,12.6103883562388,201.106009632157,TRUE,NA
"sigma",41.58,-10.8169505251239,3.8855009025684,4.8916113151919,12.6123870878861,201.166418662979,TRUE,NA
"sigma",41.59,-10.8188184043268,3.88602805808586,4.89213871145422,12.6143856601753,201.226831665799,TRUE,NA
"sigma",41.6,-10.8206861446022,3.88655516605255,4.89266605976841,12.6163840731571,201.287248639985,TRUE,NA
"sigma",41.61,-10.8225537459929,3.88708222648449,4.8931933601509,12.6183823268821,201.347669584904,TRUE,NA
"sigma",41.62,-10.8244212085414,3.88760923939745,4.89372061261779,12.6203804214009,201.408094499922,TRUE,NA
"sigma",41.63,-10.8262885322905,3.88813620480737,4.89424781718547,12.6223783567642,201.468523384404,TRUE,NA
"sigma",41.64,-10.8281557172826,3.88866312273015,4.89477497387022,12.6243761330225,201.528956237721,TRUE,NA
"sigma",41.65,-10.8300227635604,3.88918999318171,4.89530208268834,12.6263737502265,201.589393059237,TRUE,NA
"sigma",41.66,-10.8318896711664,3.88971681617788,4.89582914365604,12.6283712084266,201.649833848321,TRUE,NA
"sigma",41.67,-10.8337564401431,3.89024359173447,4.89635615678955,12.6303685076733,201.710278604342,TRUE,NA
"sigma",41.68,-10.835623070533,3.89077031986742,4.89688312210519,12.6323656480171,201.770727326667,TRUE,NA
"sigma",41.69,-10.8374895623786,3.89129700059251,4.89741003961914,12.6343626295084,201.831180014666,TRUE,NA
"sigma",41.7,-10.8393559157224,3.89182363392559,4.89793690934762,12.6363594521977,201.891636667705,TRUE,NA
"sigma",41.71,-10.8412221306066,3.89235021988251,4.8984637313069,12.6383561161354,201.952097285155,TRUE,NA
"sigma",41.72,-10.8430882070739,3.89287675847905,4.89899050551312,12.6403526213718,202.012561866385,TRUE,NA
"sigma",41.73,-10.8449541451665,3.89340324973105,4.89951723198253,12.6423489679572,202.073030410765,TRUE,NA
"sigma",41.74,-10.8468199449268,3.89392969365428,4.90004391073127,12.6443451559419,202.133502917662,TRUE,NA
"sigma",41.75,-10.8486856063972,3.89445609026447,4.90057054177548,12.6463411853762,202.193979386449,TRUE,NA
"sigma",41.76,-10.8505511296199,3.89498243957751,4.90109712513142,12.6483370563104,202.254459816496,TRUE,NA
"sigma",41.77,-10.8524165146373,3.89550874160912,4.90162366081522,12.6503327687947,202.314944207172,TRUE,NA
"sigma",41.78,-10.8542817614916,3.89603499637505,4.90215014884299,12.6523283228793,202.375432557848,TRUE,NA
"sigma",41.79,-10.856146870225,3.89656120389108,4.90267658923094,12.6543237186143,202.435924867896,TRUE,NA
"sigma",41.8,-10.8580118408798,3.8970873641729,4.90320298199507,12.6563189560498,202.496421136687,TRUE,NA
"sigma",41.81,-10.8598766734983,3.89761347723633,4.90372932715167,12.6583140352361,202.556921363591,TRUE,NA
"sigma",41.82,-10.8617413681224,3.89813954309697,4.90425562471666,12.6603089562231,202.617425547982,TRUE,NA
"sigma",41.83,-10.8636059247945,3.89866556177067,4.90478187470634,12.6623037190609,202.67793368923,TRUE,NA
"sigma",41.84,-10.8654703435566,3.89919153327303,4.90530807713663,12.6642983237995,202.738445786709,TRUE,NA
"sigma",41.85,-10.8673346244509,3.89971745761978,4.90583423202368,12.666292770489,202.79896183979,TRUE,NA
"sigma",41.86,-10.8691987675194,3.90024333482664,4.90636033938357,12.6682870591793,202.859481847846,TRUE,NA
"sigma",41.87,-10.8710627728043,3.90076916490928,4.90688639923239,12.6702811899204,202.920005810251,TRUE,NA
"sigma",41.88,-10.8729266403475,3.90129494788333,4.9074124115861,12.6722751627621,202.980533726377,TRUE,NA
"sigma",41.89,-10.874790370191,3.9018206837645,4.90793837646087,12.6742689777543,203.041065595599,TRUE,NA
"sigma",41.9,-10.8766539623769,3.9023463725684,4.9084642938726,12.676262634947,203.10160141729,TRUE,NA
"sigma",41.91,-10.8785174169472,3.90287201431068,4.9089901638374,12.6782561343899,203.162141190822,TRUE,NA
"sigma",41.92,-10.8803807339437,3.90339760900699,4.90951598637126,12.6802494761328,203.222684915573,TRUE,NA
"sigma",41.93,-10.8822439134084,3.90392315667299,4.91004176149023,12.6822426602256,203.283232590915,TRUE,NA
"sigma",41.94,-10.8841069553833,3.9044486573242,4.91056748921022,12.6842356867179,203.343784216223,TRUE,NA
"sigma",41.95,-10.8859698599101,3.90497411097632,4.91109316954728,12.6862285556596,203.404339790872,TRUE,NA
"sigma",41.96,-10.8878326270309,3.90549951764491,4.91161880251739,12.6882212671002,203.464899314238,TRUE,NA
"sigma",41.97,-10.8896952567873,3.9060248773456,4.91214438813651,12.6902138210896,203.525462785696,TRUE,NA
"sigma",41.98,-10.8915577492212,3.90655019009388,4.91266992642058,12.6922062176771,203.586030204621,TRUE,NA
"sigma",41.99,-10.8934201043745,3.90707545590541,4.91319541738559,12.6941984569127,203.646601570391,TRUE,NA
"sigma",42,-10.8952823222888,3.9076006747957,4.9137208610474,12.6961905388457,203.70717688238,TRUE,NA
"sigma",42.01,-10.897144403006,3.90812584678033,4.91424625742203,12.6981824635258,203.767756139966,TRUE,NA
"sigma",42.02,-10.8990063465678,3.90865097187486,4.91477160652539,12.7001742310024,203.828339342524,TRUE,NA
"sigma",42.03,-10.9008681530158,3.90917605009474,4.91529690837328,12.7021658413252,203.888926489433,TRUE,NA
"sigma",42.04,-10.9027298223917,3.90970108145565,4.91582216298181,12.7041572945435,203.94951758007,TRUE,NA
"sigma",42.05,-10.9045913547372,3.91022606597295,4.91634737036662,12.7061485907068,204.010112613811,TRUE,NA
"sigma",42.06,-10.906452750094,3.91075100366228,4.91687253054388,12.7081397298646,204.070711590034,TRUE,NA
"sigma",42.07,-10.9083140085037,3.91127589453902,4.91739764352921,12.7101307120662,204.131314508117,TRUE,NA
"sigma",42.08,-10.9101751300078,3.91180073861875,4.91792270933864,12.7121215373611,204.19192136744,TRUE,NA
"sigma",42.09,-10.9120361146479,3.91232553591696,4.91844772798798,12.7141122057984,204.252532167379,TRUE,NA
"sigma",42.1,-10.9138969624655,3.91285028644907,4.91897269949303,12.7161027174276,204.313146907314,TRUE,NA
"sigma",42.11,-10.9157576735023,3.91337499023056,4.91949762386968,12.718093072298,204.373765586624,TRUE,NA
"sigma",42.12,-10.9176182477997,3.9138996472769,4.92002250113381,12.7200832704588,204.434388204688,TRUE,NA
"sigma",42.13,-10.9194786853991,3.91442425760352,4.92054733130114,12.7220733119592,204.495014760886,TRUE,NA
"sigma",42.14,-10.9213389863421,3.91494882122588,4.92107211438745,12.7240631968484,204.555645254595,TRUE,NA
"sigma",42.15,-10.92319915067,3.91547333815941,4.92159685040872,12.7260529251757,204.616279685199,TRUE,NA
"sigma",42.16,-10.9250591784244,3.91599780841953,4.92212153938059,12.7280424969901,204.676918052075,TRUE,NA
"sigma",42.17,-10.9269190696465,3.91652223202163,4.9226461813189,12.7300319123409,204.737560354604,TRUE,NA
"sigma",42.18,-10.9287788243778,3.91704660898113,4.9231707762394,12.732021171277,204.798206592169,TRUE,NA
"sigma",42.19,-10.9306384426596,3.91757093931341,4.92369532415786,12.7340102738476,204.858856764147,TRUE,NA
"sigma",42.2,-10.9324979245332,3.91809522303391,4.92421982509011,12.7359992201017,204.919510869922,TRUE,NA
"sigma",42.21,-10.9343572700399,3.91861946015798,4.92474427905178,12.7379880100883,204.980168908875,TRUE,NA
"sigma",42.22,-10.9362164792211,3.91914365070094,4.92526868605866,12.7399766438564,205.040830880386,TRUE,NA
"sigma",42.23,-10.9380755521179,3.91966779467823,4.92579304612653,12.7419651214551,205.10149678384,TRUE,NA
"sigma",42.24,-10.9399344887717,3.92019189210512,4.92631735927097,12.7439534429331,205.162166618617,TRUE,NA
"sigma",42.25,-10.9417932892236,3.92071594299702,4.92684162550784,12.7459416083395,205.222840384098,TRUE,NA
"sigma",42.26,-10.9436519535148,3.92123994736927,4.92736584485282,12.747929617723,205.283518079668,TRUE,NA
"sigma",42.27,-10.9455104816865,3.9217639052371,4.92789001732149,12.7499174711327,205.344199704709,TRUE,NA
"sigma",42.28,-10.9473688737799,3.92228781661593,4.92841414292962,12.7519051686172,205.404885258605,TRUE,NA
"sigma",42.29,-10.949227129836,3.92281168152103,4.92893822169291,12.7538927102254,205.465574740737,TRUE,NA
"sigma",42.3,-10.9510852498961,3.92333549996771,4.92946225362694,12.7558800960061,205.526268150492,TRUE,NA
"sigma",42.31,-10.9529432340011,3.92385927197126,4.92998623874749,12.757867326008,205.58696548725,TRUE,NA
"sigma",42.32,-10.9548010821921,3.92438299754692,4.93051017707006,12.7598544002799,205.647666750398,TRUE,NA
"sigma",42.33,-10.9566587945103,3.92490667671002,4.93103406861039,12.7618413188704,205.70837193932,TRUE,NA
"sigma",42.34,-10.9585163709965,3.92543030947578,4.93155791338405,12.7638280818281,205.769081053399,TRUE,NA
"sigma",42.35,-10.9603738116918,3.92595389585948,4.93208171140669,12.7658146892019,205.82979409202,TRUE,NA
"sigma",42.36,-10.9622311166372,3.92647743587641,4.93260546269397,12.7678011410402,205.89051105457,TRUE,NA
"sigma",42.37,-10.9640882858737,3.92700092954175,4.93312916726139,12.7697874373917,205.951231940432,TRUE,NA
"sigma",42.38,-10.965945319442,3.92752437687074,4.9336528251246,12.7717735783049,206.011956748993,TRUE,NA
"sigma",42.39,-10.9678022173833,3.92804777787857,4.93417643629914,12.7737595638284,206.072685479638,TRUE,NA
"sigma",42.4,-10.9696589797383,3.92857113258054,4.93470000080069,12.7757453940106,206.133418131753,TRUE,NA
"sigma",42.41,-10.9715156065479,3.92909444099179,4.9352235186447,12.7777310689001,206.194154704725,TRUE,NA
"sigma",42.42,-10.9733720978531,3.92961770312755,4.93574698984681,12.7797165885453,206.254895197941,TRUE,NA
"sigma",42.43,-10.9752284536945,3.93014091900299,4.93627041442252,12.7817019529946,206.315639610785,TRUE,NA
"sigma",42.44,-10.977084674113,3.93066408863324,4.93679379238734,12.7836871622965,206.376387942646,TRUE,NA
"sigma",42.45,-10.9789407591493,3.93118721203356,4.93731712375683,12.7856722164993,206.437140192911,TRUE,NA
"sigma",42.46,-10.9807967088444,3.93171028921901,4.93784040854655,12.7876571156514,206.497896360968,TRUE,NA
"sigma",42.47,-10.9826525232388,3.93223332020491,4.93836364677204,12.7896418598011,206.558656446204,TRUE,NA
"sigma",42.48,-10.9845082023733,3.93275630500622,4.93888683844865,12.7916264489967,206.619420448006,TRUE,NA
"sigma",42.49,-10.9863637462886,3.93327924363821,4.93940998359203,12.7936108832864,206.680188365764,TRUE,NA
"sigma",42.5,-10.9882191550253,3.93380213611591,4.93993308221758,12.7955951627186,206.740960198865,TRUE,NA
"sigma",42.51,-10.9900744286242,3.93432498245448,4.94045613434079,12.7975792873414,206.801735946699,TRUE,NA
"sigma",42.52,-10.9919295671258,3.93484778266907,4.94097913997716,12.7995632572031,206.862515608654,TRUE,NA
"sigma",42.53,-10.9937845705707,3.93537053677474,4.94150209914217,12.8015470723518,206.923299184119,TRUE,NA
"sigma",42.54,-10.9956394389996,3.93589324478653,4.94202501185113,12.8035307328356,206.984086672484,TRUE,NA
"sigma",42.55,-10.997494172453,3.93641590671964,4.94254787811962,12.8055142387026,207.044878073138,TRUE,NA
"sigma",42.56,-10.9993487709714,3.93693852258907,4.94307069796304,12.807497590001,207.10567338547,TRUE,NA
"sigma",42.57,-11.0012032345954,3.93746109240987,4.94359347139674,12.8094807867789,207.166472608873,TRUE,NA
"sigma",42.58,-11.0030575633655,3.93798361619718,4.94411619843624,12.8114638290841,207.227275742735,TRUE,NA
"sigma",42.59,-11.0049117573221,3.93850609396602,4.94463887909693,12.8134467169649,207.288082786446,TRUE,NA
"sigma",42.6,-11.0067658165057,3.93902852573142,4.94516151339416,12.8154294504691,207.348893739399,TRUE,NA
"sigma",42.61,-11.0086197409568,3.93955091150836,4.94568410134331,12.8174120296447,207.409708600983,TRUE,NA
"sigma",42.62,-11.0104735307157,3.94007325131196,4.94620664295977,12.8193944545396,207.470527370591,TRUE,NA
"sigma",42.63,-11.0123271858228,3.94059554515717,4.94672913825892,12.8213767252018,207.531350047613,TRUE,NA
"sigma",42.64,-11.0141807063186,3.94111779305907,4.94725158725614,12.8233588416791,207.592176631442,TRUE,NA
"sigma",42.65,-11.0160340922434,3.94163999503261,4.94777398996679,12.8253408040194,207.65300712147,TRUE,NA
"sigma",42.66,-11.0178873436375,3.94216215109275,4.94829634640613,12.8273226122705,207.713841517087,TRUE,NA
"sigma",42.67,-11.0197404605412,3.94268426125456,4.94881865658958,12.8293042664802,207.774679817688,TRUE,NA
"sigma",42.68,-11.0215934429948,3.94320632553293,4.94934092053243,12.8312857666963,207.835522022666,TRUE,NA
"sigma",42.69,-11.0234462910385,3.94372834394287,4.94986313824999,12.8332671129665,207.896368131411,TRUE,NA
"sigma",42.7,-11.0252990047127,3.94425031649933,4.95038530975761,12.8352483053387,207.95721814332,TRUE,NA
"sigma",42.71,-11.0271515840575,3.94477224321729,4.95090743507056,12.8372293438604,208.018072057783,TRUE,NA
"sigma",42.72,-11.0290040291132,3.94529412411161,4.95142951420408,12.8392102285793,208.078929874195,TRUE,NA
"sigma",42.73,-11.0308563399199,3.94581595919732,4.95195154717357,12.8411909595431,208.139791591951,TRUE,NA
"sigma",42.74,-11.0327085165178,3.9463377484893,4.9524735339942,12.8431715367995,208.200657210444,TRUE,NA
"sigma",42.75,-11.0345605589469,3.94685949200247,4.95299547468129,12.8451519603959,208.261526729067,TRUE,NA
"sigma",42.76,-11.0364124672475,3.9473811897517,4.95351736925005,12.84713223038,208.322400147216,TRUE,NA
"sigma",42.77,-11.0382642414597,3.94790284175195,4.95403921771577,12.8491123467994,208.383277464287,TRUE,NA
"sigma",42.78,-11.0401158816234,3.94842444801808,4.95456102009362,12.8510923097015,208.444158679674,TRUE,NA
"sigma",42.79,-11.0419673877789,3.94894600856498,4.95508277639892,12.8530721191338,208.505043792772,TRUE,NA
"sigma",42.8,-11.043818759966,3.94946752340757,4.95560448664688,12.8550517751439,208.565932802977,TRUE,NA
"sigma",42.81,-11.0456699982249,3.94998899256061,4.95612615085264,12.857031277779,208.626825709685,TRUE,NA
"sigma",42.82,-11.0475211025954,3.95051041603901,4.95664776903145,12.8590106270868,208.687722512291,TRUE,NA
"sigma",42.83,-11.0493720731176,3.95103179385766,4.95716934119848,12.8609898231145,208.748623210192,TRUE,NA
"sigma",42.84,-11.0512229098315,3.95155312603132,4.95769086736894,12.8629688659095,208.809527802784,TRUE,NA
"sigma",42.85,-11.0530736127769,3.95207441257495,4.95821234755802,12.8649477555192,208.870436289464,TRUE,NA
"sigma",42.86,-11.0549241819937,3.95259565350328,4.9587337817809,12.8669264919909,208.93134866963,TRUE,NA
"sigma",42.87,-11.0567746175219,3.9531168488311,4.95925517005264,12.8689050753718,208.992264942677,TRUE,NA
"sigma",42.88,-11.0586249194013,3.95363799857326,4.95977651238847,12.8708835057093,209.053185108004,TRUE,NA
"sigma",42.89,-11.0604750876718,3.95415910274459,4.96029780880354,12.8728617830505,209.114109165008,TRUE,NA
"sigma",42.9,-11.0623251223732,3.95468016135986,4.960819059313,12.8748399074427,209.175037113088,TRUE,NA
"sigma",42.91,-11.0641750235452,3.95520117443383,4.96134026393189,12.8768178789331,209.235968951641,TRUE,NA
"sigma",42.92,-11.0660247912277,3.95572214198131,4.96186142267544,12.8787956975688,209.296904680065,TRUE,NA
"sigma",42.93,-11.0678744254604,3.95624306401704,4.96238253555864,12.880773363397,209.35784429776,TRUE,NA
"sigma",42.94,-11.0697239262831,3.95676394055578,4.96290360259667,12.8827508764647,209.418787804124,TRUE,NA
"sigma",42.95,-11.0715732937354,3.95728477161228,4.96342462380456,12.8847282368191,209.479735198555,TRUE,NA
"sigma",42.96,-11.0734225278572,3.95780555720131,4.96394559919746,12.8867054445072,209.540686480455,TRUE,NA
"sigma",42.97,-11.075271628688,3.95832629733756,4.96446652879037,12.8886824995761,209.601641649221,TRUE,NA
"sigma",42.98,-11.0771205962675,3.9588469920358,4.96498741259847,12.8906594020727,209.662600704253,TRUE,NA
"sigma",42.99,-11.0789694306354,3.95936764131076,4.96550825063674,12.8926361520441,209.723563644953,TRUE,NA
"sigma",43,-11.0808181318312,3.95988824517706,4.96602904292018,12.8946127495372,209.78453047072,TRUE,NA
"sigma",43.01,-11.0826666998946,3.96040880364947,4.96654978946388,12.8965891945989,209.845501180953,TRUE,NA
"sigma",43.02,-11.0845151348652,3.96092931674267,4.96707049028287,12.8985654872762,209.906475775056,TRUE,NA
"sigma",43.03,-11.0863634367824,3.96144978447136,4.96759114539219,12.9005416276159,209.967454252426,TRUE,NA
"sigma",43.04,-11.0882116056859,3.96197020685019,4.96811175480683,12.9025176156649,210.028436612467,TRUE,NA
"sigma",43.05,-11.0900596416151,3.96249058389384,4.96863231854181,12.90449345147,210.089422854579,TRUE,NA
"sigma",43.06,-11.0919075446095,3.96301091561696,4.96915283661208,12.906469135078,210.150412978164,TRUE,NA
"sigma",43.07,-11.0937553147086,3.96353120203425,4.96967330903272,12.9084446665358,210.211406982625,TRUE,NA
"sigma",43.08,-11.0956029519518,3.96405144316028,4.97019373581861,12.91042004589,210.272404867363,TRUE,NA
"sigma",43.09,-11.0974504563787,3.96457163900972,4.97071411698479,12.9123952731874,210.333406631779,TRUE,NA
"sigma",43.1,-11.0992978280285,3.96509178959723,4.97123445254619,12.9143703484748,210.394412275278,TRUE,NA
"sigma",43.11,-11.1011450669407,3.96561189493738,4.97175474251777,12.9163452717987,210.455421797261,TRUE,NA
"sigma",43.12,-11.1029921731546,3.96613195504479,4.97227498691448,12.9183200432059,210.516435197133,TRUE,NA
"sigma",43.13,-11.1048391467096,3.96665196993407,4.97279518575125,12.9202946627429,210.577452474294,TRUE,NA
"sigma",43.14,-11.106685987645,3.96717193961985,4.97331533904299,12.9222691304564,210.638473628151,TRUE,NA
"sigma",43.15,-11.1085326960002,3.96769186411669,4.97383544680468,12.924243446393,210.699498658105,TRUE,NA
"sigma",43.16,-11.1103792718143,3.96821174343915,4.97435550905119,12.9262176105993,210.760527563561,TRUE,NA
"sigma",43.17,-11.1122257151267,3.9687315776018,4.97487552579741,12.9281916231216,210.821560343924,TRUE,NA
"sigma",43.18,-11.1140720259767,3.96925136661925,4.97539549705828,12.9301654840067,210.882596998597,TRUE,NA
"sigma",43.19,-11.1159182044033,3.96977111050599,4.9759154228486,12.9321391933009,210.943637526984,TRUE,NA
"sigma",43.2,-11.1177642504459,3.97029080927665,4.97643530318338,12.9341127510507,211.004681928493,TRUE,NA
"sigma",43.21,-11.1196101641436,3.97081046294566,4.97695513807736,12.9360861573025,211.065730202526,TRUE,NA
"sigma",43.22,-11.1214559455356,3.97133007152762,4.9774749275454,12.9380594121028,211.126782348489,TRUE,NA
"sigma",43.23,-11.123301594661,3.97184963503706,4.9779946716025,12.9400325154979,211.187838365788,TRUE,NA
"sigma",43.24,-11.125147111559,3.97236915348848,4.97851437026338,12.9420054675342,211.248898253829,TRUE,NA
"sigma",43.25,-11.1269924962686,3.97288862689638,4.97903402354293,12.943978268258,211.309962012018,TRUE,NA
"sigma",43.26,-11.1288377488289,3.97340805527524,4.97955363145592,12.9459509177156,211.37102963976,TRUE,NA
"sigma",43.27,-11.1306828692791,3.9739274386396,4.98007319401722,12.9479234159533,211.432101136463,TRUE,NA
"sigma",43.28,-11.132527857658,3.97444677700391,4.98059271124164,12.9498957630174,211.493176501532,TRUE,NA
"sigma",43.29,-11.1343727140048,3.97496607038264,4.98111218314397,12.9518679589541,211.554255734376,TRUE,NA
"sigma",43.3,-11.1362174383585,3.97548531879027,4.98163160973898,12.9538400038097,211.615338834401,TRUE,NA
"sigma",43.31,-11.138062030758,3.97600452224123,4.98215099104146,12.9558118976301,211.676425801013,TRUE,NA
"sigma",43.32,-11.1399064912423,3.97652368074997,4.98267032706618,12.9577836404618,211.737516633622,TRUE,NA
"sigma",43.33,-11.1417508198503,3.977042794331,4.98318961782797,12.9597552323508,211.798611331635,TRUE,NA
"sigma",43.34,-11.1435950166209,3.9775618629987,4.98370886334154,12.9617266733431,211.859709894459,TRUE,NA
"sigma",43.35,-11.1454390815931,3.97808088676754,4.98422806362168,12.963697963485,211.920812321504,TRUE,NA
"sigma",43.36,-11.1472830148058,3.97859986565183,4.98474721868308,12.9656691028224,211.981918612177,TRUE,NA
"sigma",43.37,-11.1491268162976,3.97911879966609,4.98526632854052,12.9676400914014,212.043028765887,TRUE,NA
"sigma",43.38,-11.1509704861077,3.97963768882469,4.9857853932087,12.969610929268,212.104142782044,TRUE,NA
"sigma",43.39,-11.1528140242746,3.98015653314204,4.98630441270234,12.9715816164681,212.165260660057,TRUE,NA
"sigma",43.4,-11.1546574308373,3.98067533263249,4.98682338703619,12.9735521530479,212.226382399333,TRUE,NA
"sigma",43.41,-11.1565007058345,3.98119408731043,4.9873423162249,12.9755225390531,212.287507999285,TRUE,NA
"sigma",43.42,-11.1583438493049,3.98171279719022,4.98786120028314,12.9774927745297,212.348637459321,TRUE,NA
"sigma",43.43,-11.1601868612874,3.98223146228623,4.98838003922566,12.9794628595236,212.409770778852,TRUE,NA
"sigma",43.44,-11.1620297418206,3.98275008261287,4.98889883306717,12.9814327940807,212.470907957287,TRUE,NA
"sigma",43.45,-11.1638724909431,3.98326865818437,4.98941758182221,12.9834025782468,212.532048994037,TRUE,NA
"sigma",43.46,-11.1657151086938,3.98378718901521,4.98993628550559,12.9853722120677,212.593193888514,TRUE,NA
"sigma",43.47,-11.1675575951113,3.98430567511962,4.99045494413187,12.9873416955892,212.654342640128,TRUE,NA
"sigma",43.48,-11.1693999502341,3.98482411651197,4.99097355771569,12.9893110288571,212.715495248289,TRUE,NA
"sigma",43.49,-11.1712421741009,3.98534251320654,4.99149212627171,12.9912802119171,212.776651712411,TRUE,NA
"sigma",43.5,-11.1730842667503,3.98586086521766,4.9920106498146,12.9932492448149,212.837812031904,TRUE,NA
"sigma",43.51,-11.174926228221,3.98637917255961,4.99252912835888,12.9952181275963,212.898976206181,TRUE,NA
"sigma",43.52,-11.1767680585513,3.98689743524674,4.99304756191925,12.9971868603069,212.960144234653,TRUE,NA
"sigma",43.53,-11.1786097577799,3.98741565329326,4.99356595051026,12.9991554429923,213.021316116732,TRUE,NA
"sigma",43.54,-11.1804513259453,3.98793382671346,4.99408429414652,13.0011238756983,213.082491851832,TRUE,NA
"sigma",43.55,-11.182292763086,3.98845195552166,4.99460259284269,13.0030921584703,213.143671439365,TRUE,NA
"sigma",43.56,-11.1841340692405,3.98897003973209,4.99512084661324,13.005060291354,213.204854878745,TRUE,NA
"sigma",43.57,-11.1859752444471,3.98948807935895,4.99563905547276,13.0070282743948,213.266042169384,TRUE,NA
"sigma",43.58,-11.1878162887444,3.99000607441656,4.99615721943587,13.0089961076383,213.327233310694,TRUE,NA
"sigma",43.59,-11.1896572021708,3.99052402491913,4.99667533851708,13.0109637911301,213.388428302093,TRUE,NA
"sigma",43.6,-11.1914979847647,3.99104193088085,4.9971934127309,13.0129313249156,213.449627142992,TRUE,NA
"sigma",43.61,-11.1933386365644,3.99155979231604,4.99771144209196,13.0148987090403,213.510829832805,TRUE,NA
"sigma",43.62,-11.1951791576083,3.99207760923883,4.99822942661477,13.0168659435495,213.572036370947,TRUE,NA
"sigma",43.63,-11.1970195479347,3.99259538166344,4.99874736631379,13.0188330284887,213.633246756833,TRUE,NA
"sigma",43.64,-11.1988598075821,3.99311310960404,4.99926526120354,13.0207999639033,213.694460989877,TRUE,NA
"sigma",43.65,-11.2006999365885,3.9936307930749,4.99978311129856,13.0227667498386,213.755679069494,TRUE,NA
"sigma",43.66,-11.2025399349925,3.99414843209015,5.00030091661336,13.02473338634,213.816900995101,TRUE,NA
"sigma",43.67,-11.2043798028321,3.99466602666396,5.00081867716241,13.0266998734528,213.878126766111,TRUE,NA
"sigma",43.68,-11.2062195401456,3.99518357681047,5.00133639296013,13.0286662112221,213.939356381942,TRUE,NA
"sigma",43.69,-11.2080591469714,3.99570108254397,5.00185406402117,13.0306323996934,214.000589842008,TRUE,NA
"sigma",43.7,-11.2098986233474,3.99621854387838,5.00237169035972,13.0325984389119,214.061827145726,TRUE,NA
"sigma",43.71,-11.211737969312,3.99673596082808,5.00288927199049,13.0345643289227,214.123068292512,TRUE,NA
"sigma",43.72,-11.2135771849033,3.99725333340706,5.00340680892784,13.036530069771,214.184313281784,TRUE,NA
"sigma",43.73,-11.2154162701595,3.99777066162955,5.00392430118618,13.0384956615021,214.245562112957,TRUE,NA
"sigma",43.74,-11.2172552251185,3.99828794550954,5.00444174877993,13.040461104161,214.306814785449,TRUE,NA
"sigma",43.75,-11.2190940498187,3.99880518506123,5.00495915172356,13.0424263977929,214.368071298677,TRUE,NA
"sigma",43.76,-11.220932744298,3.99932238029874,5.00547651003148,13.0443915424429,214.429331652059,TRUE,NA
"sigma",43.77,-11.2227713085945,3.99983953123614,5.00599382371811,13.046356538156,214.490595845011,TRUE,NA
"sigma",43.78,-11.2246097427462,4.00035663788748,5.00651109279779,13.0483213849772,214.551863876953,TRUE,NA
"sigma",43.79,-11.2264480467912,4.0008737002669,5.00702831728501,13.0502860829517,214.613135747303,TRUE,NA
"sigma",43.8,-11.2282862207675,4.00139071838846,5.00754549719408,13.0522506321244,214.674411455477,TRUE,NA
"sigma",43.81,-11.230124264713,4.00190769226616,5.00806263253932,13.0542150325403,214.735691000897,TRUE,NA
"sigma",43.82,-11.2319621786658,4.00242462191413,5.00857972333523,13.0561792842442,214.796974382978,TRUE,NA
"sigma",43.83,-11.2337999626637,4.00294150734642,5.00909676959608,13.0581433872812,214.858261601143,TRUE,NA
"sigma",43.84,-11.2356376167447,4.00345834857707,5.0096137713363,13.0601073416962,214.919552654809,TRUE,NA
"sigma",43.85,-11.2374751409467,4.0039751456201,5.01013072857017,13.0620711475341,214.980847543396,TRUE,NA
"sigma",43.86,-11.2393125353076,4.00449189848954,5.01064764131203,13.0640348048396,215.042146266323,TRUE,NA
"sigma",43.87,-11.2411497998653,4.00500860719937,5.01116450957621,13.0659983136576,215.103448823011,TRUE,NA
"sigma",43.88,-11.2429869346575,4.0055252717637,5.01168133337706,13.067961674033,215.164755212879,TRUE,NA
"sigma",43.89,-11.2448239397222,4.00604189219644,5.01219811272887,13.0699248860104,215.226065435349,TRUE,NA
"sigma",43.9,-11.246660815097,4.00655846851158,5.01271484764588,13.0718879496348,215.28737948984,TRUE,NA
"sigma",43.91,-11.24849756082,4.00707500072323,5.01323153814253,13.0738508649507,215.348697375773,TRUE,NA
"sigma",43.92,-11.2503341769287,4.00759148884523,5.01374818423297,13.075813632003,215.41001909257,TRUE,NA
"sigma",43.93,-11.2521706634609,4.00810793289168,5.01426478593159,13.0777762508363,215.471344639651,TRUE,NA
"sigma",43.94,-11.2540070204545,4.00862433287642,5.01478134325256,13.0797387214953,215.532674016439,TRUE,NA
"sigma",43.95,-11.255843247947,4.00914068881356,5.01529785621025,13.0817010440247,215.594007222354,TRUE,NA
"sigma",43.96,-11.2576793459762,4.00965700071688,5.01581432481883,13.0836632184689,215.655344256819,TRUE,NA
"sigma",43.97,-11.2595153145797,4.01017326860046,5.01633074909259,13.0856252448727,215.716685119255,TRUE,NA
"sigma",43.98,-11.2613511537952,4.01068949247815,5.01684712904572,13.0875871232807,215.778029809085,TRUE,NA
"sigma",43.99,-11.2631868636604,4.01120567236397,5.01736346469256,13.0895488537373,215.839378325733,TRUE,NA
"sigma",44,-11.2650224442129,4.0117218082717,5.0178797560472,13.0915104362871,215.90073066862,TRUE,NA
"sigma",44.01,-11.2668578954901,4.01223790021537,5.01839600312394,13.0934718709745,215.962086837168,TRUE,NA
"sigma",44.02,-11.2686932175298,4.01275394820885,5.01891220593696,13.0954331578442,216.023446830803,TRUE,NA
"sigma",44.03,-11.2705284103695,4.01326995226606,5.01942836450049,13.0973942969405,216.084810648947,TRUE,NA
"sigma",44.04,-11.2723634740467,4.01378591240082,5.01994447882868,13.0993552883079,216.146178291023,TRUE,NA
"sigma",44.05,-11.274198408599,4.01430182862712,5.02046054893581,13.1013161319907,216.207549756457,TRUE,NA
"sigma",44.06,-11.2760332140638,4.01481770095881,5.02097657483593,13.1032768280334,216.26892504467,TRUE,NA
"sigma",44.07,-11.2778678904786,4.01533352940962,5.02149255654324,13.1052373764803,216.330304155088,TRUE,NA
"sigma",44.08,-11.2797024378809,4.01584931399357,5.02200849407196,13.1071977773758,216.391687087136,TRUE,NA
"sigma",44.09,-11.2815368563081,4.01636505472446,5.02252438743622,13.1091580307641,216.453073840239,TRUE,NA
"sigma",44.1,-11.2833711457977,4.01688075161615,5.02304023665013,13.1111181366896,216.51446441382,TRUE,NA
"sigma",44.11,-11.285205306387,4.01739640468245,5.02355604172791,13.1130780951966,216.575858807305,TRUE,NA
"sigma",44.12,-11.2870393381135,4.01791201393721,5.0240718026836,13.1150379063292,216.637257020121,TRUE,NA
"sigma",44.13,-11.2888732410144,4.01842757939421,5.02458751953134,13.1169975701318,216.698659051691,TRUE,NA
"sigma",44.14,-11.2907070151272,4.01894310106729,5.02510319228521,13.1189570866484,216.760064901443,TRUE,NA
"sigma",44.15,-11.2925406604892,4.01945857897034,5.02561882095947,13.1209164559234,216.821474568802,TRUE,NA
"sigma",44.16,-11.2943741771377,4.01997401311705,5.02613440556807,13.1228756780008,216.882888053194,TRUE,NA
"sigma",44.17,-11.2962075651099,4.02048940352125,5.02664994612512,13.1248347529247,216.944305354046,TRUE,NA
"sigma",44.18,-11.2980408244432,4.02100475019674,5.02716544264479,13.1267936807394,217.005726470784,TRUE,NA
"sigma",44.19,-11.2998739551747,4.02152005315723,5.02768089514102,13.1287524614887,217.067151402836,TRUE,NA
"sigma",44.2,-11.3017069573419,4.02203531241663,5.028196303628,13.130711095217,217.128580149629,TRUE,NA
"sigma",44.21,-11.3035398309817,4.02255052798857,5.02871166811974,13.132669581968,217.19001271059,TRUE,NA
"sigma",44.22,-11.3053725761315,4.02306569988688,5.02922698863032,13.134627921786,217.251449085146,TRUE,NA
"sigma",44.23,-11.3072051928284,4.02358082812527,5.02974226517374,13.1365861147148,217.312889272725,TRUE,NA
"sigma",44.24,-11.3090376811095,4.02409591271744,5.030257497764,13.1385441607984,217.374333272756,TRUE,NA
"sigma",44.25,-11.3108700410121,4.02461095367721,5.03077268641523,13.1405020600809,217.435781084665,TRUE,NA
"sigma",44.26,-11.3127022725732,4.02512595101829,5.0312878311414,13.142459812606,217.497232707884,TRUE,NA
"sigma",44.27,-11.3145343758299,4.02564090475436,5.03180293195652,13.1444174184177,217.558688141837,TRUE,NA
"sigma",44.28,-11.3163663508193,4.02615581489915,5.03231798887463,13.14637487756,217.620147385956,TRUE,NA
"sigma",44.29,-11.3181981975785,4.02667068146636,5.03283300190967,13.1483321900765,217.68161043967,TRUE,NA
"sigma",44.3,-11.3200299161446,4.0271855044697,5.03334797107569,13.1502893560113,217.743077302408,TRUE,NA
"sigma",44.31,-11.3218615065544,4.02770028392286,5.03386289638665,13.152246375408,217.804547973598,TRUE,NA
"sigma",44.32,-11.3236929688451,4.02821501983951,5.03437777785651,13.1542032483105,217.866022452671,TRUE,NA
"sigma",44.33,-11.3255243030536,4.02872971223328,5.03489261549921,13.1561599747625,217.927500739057,TRUE,NA
"sigma",44.34,-11.3273555092169,4.02924436111791,5.03540740932876,13.1581165548077,217.988982832186,TRUE,NA
"sigma",44.35,-11.3291865873719,4.02975896650705,5.03592215935915,13.16007298849,218.050468731488,TRUE,NA
"sigma",44.36,-11.3310175375556,4.03027352841423,5.03643686560415,13.1620292758529,218.111958436393,TRUE,NA
"sigma",44.37,-11.332848359805,4.03078804685331,5.03695152807793,13.1639854169402,218.173451946335,TRUE,NA
"sigma",44.38,-11.3346790541567,4.03130252183774,5.03746614679425,13.1659414117954,218.23494926074,TRUE,NA
"sigma",44.39,-11.3365096206479,4.03181695338127,5.03798072176712,13.1678972604623,218.296450379043,TRUE,NA
"sigma",44.4,-11.3383400593152,4.0323313414974,5.03849525301036,13.1698529629844,218.357955300673,TRUE,NA
"sigma",44.41,-11.3401703701956,4.03284568619987,5.03900974053797,13.1718085194054,218.419464025063,TRUE,NA
"sigma",44.42,-11.3420005533259,4.03335998750221,5.03952418436381,13.1737639297687,218.480976551644,TRUE,NA
"sigma",44.43,-11.3438306087428,4.03387424541807,5.04003858450178,13.1757191941179,218.542492879851,TRUE,NA
"sigma",44.44,-11.3456605364832,4.03438845996102,5.04055294096576,13.1776743124965,218.604013009112,TRUE,NA
"sigma",44.45,-11.3474903365838,4.03490263114465,5.04106725376959,13.179629284948,218.665536938862,TRUE,NA
"sigma",44.46,-11.3493200090813,4.03541675898249,5.04158152292718,13.1815841115158,218.727064668533,TRUE,NA
"sigma",44.47,-11.3511495540125,4.03593084348816,5.04209574845236,13.1835387922435,218.788596197558,TRUE,NA
"sigma",44.48,-11.352978971414,4.03644488467522,5.04260993035901,13.1854933271744,218.850131525369,TRUE,NA
"sigma",44.49,-11.3548082613226,4.03695888255723,5.04312406866097,13.187447716352,218.911670651401,TRUE,NA
"sigma",44.5,-11.3566374237751,4.03747283714775,5.04363816337206,13.1894019598196,218.973213575088,TRUE,NA
"sigma",44.51,-11.3584664588078,4.03798674846027,5.04415221450613,13.1913560576205,219.034760295862,TRUE,NA
"sigma",44.52,-11.3602953664576,4.03850061650838,5.04466622207698,13.1933100097981,219.096310813158,TRUE,NA
"sigma",44.53,-11.362124146761,4.03901444130556,5.04518018609842,13.1952638163958,219.157865126409,TRUE,NA
"sigma",44.54,-11.3639527997546,4.03952822286535,5.04569410658428,13.1972174774567,219.219423235051,TRUE,NA
"sigma",44.55,-11.365781325475,4.04004196120127,5.04620798354835,13.1991709930242,219.280985138517,TRUE,NA
"sigma",44.56,-11.3676097239588,4.0405556563268,5.04672181700438,13.2011243631415,219.342550836243,TRUE,NA
"sigma",44.57,-11.3694379952425,4.04106930825552,5.0472356069663,13.2030775878518,219.404120327664,TRUE,NA
"sigma",44.58,-11.3712661393626,4.0415829170008,5.04774935344769,13.2050306671983,219.465693612215,TRUE,NA
"sigma",44.59,-11.3730941563556,4.04209648257624,5.04826305646244,13.2069836012242,219.527270689331,TRUE,NA
"sigma",44.6,-11.3749220462581,4.04261000499521,5.04877671602424,13.2089363899727,219.588851558448,TRUE,NA
"sigma",44.61,-11.3767498091064,4.04312348427123,5.0492903321469,13.2108890334868,219.650436219002,TRUE,NA
"sigma",44.62,-11.378577444937,4.04363692041777,5.04980390484415,13.2128415318097,219.712024670429,TRUE,NA
"sigma",44.63,-11.3804049537864,4.04415031344831,5.05031743412977,13.2147938849845,219.773616912165,TRUE,NA
"sigma",44.64,-11.3822323356909,4.04466366337628,5.05083092001749,13.2167460930542,219.835212943648,TRUE,NA
"sigma",44.65,-11.384059590687,4.04517697021507,5.05134436252091,13.2186981560619,219.896812764313,TRUE,NA
"sigma",44.66,-11.3858867188109,4.04569023397808,5.05185776165378,13.2206500740505,219.958416373595,TRUE,NA
"sigma",44.67,-11.3877137200992,4.04620345467888,5.05237111742994,13.2226018470631,220.020023770936,TRUE,NA
"sigma",44.68,-11.3895405945881,4.0467166323308,5.05288442986299,13.2245534751427,220.08163495577,TRUE,NA
"sigma",44.69,-11.3913673423139,4.04722976694723,5.05339769896663,13.2265049583322,220.143249927535,TRUE,NA
"sigma",44.7,-11.3931939633129,4.04774285854163,5.05391092475458,13.2284562966745,220.20486868567,TRUE,NA
"sigma",44.71,-11.3950204576214,4.04825590712737,5.05442410724048,13.2304074902126,220.266491229611,TRUE,NA
"sigma",44.72,-11.3968468252758,4.04876891271781,5.05493724643799,13.2323585389893,220.328117558798,TRUE,NA
"sigma",44.73,-11.3986730663121,4.04928187532635,5.0554503423608,13.2343094430474,220.389747672668,TRUE,NA
"sigma",44.74,-11.4004991807667,4.04979479496648,5.05596339502264,13.2362602024299,220.451381570662,TRUE,NA
"sigma",44.75,-11.4023251686757,4.05030767165138,5.05647640443702,13.2382108171796,220.513019252215,TRUE,NA
"sigma",44.76,-11.4041510300754,4.05082050539455,5.05698937061768,13.2401612873392,220.57466071677,TRUE,NA
"sigma",44.77,-11.4059767650019,4.05133329620926,5.05750229357819,13.2421116129515,220.636305963763,TRUE,NA
"sigma",44.78,-11.4078023734914,4.05184604410891,5.0580151733322,13.2440617940593,220.697954992635,TRUE,NA
"sigma",44.79,-11.4096278555799,4.05235874910679,5.05852800989334,13.2460118307052,220.759607802825,TRUE,NA
"sigma",44.8,-11.4114532113037,4.0528714112163,5.05904080327524,13.2479617229321,220.821264393774,TRUE,NA
"sigma",44.81,-11.4132784406988,4.05338403045072,5.05955355349147,13.2499114707826,220.88292476492,TRUE,NA
"sigma",44.82,-11.4151035438013,4.05389660682335,5.06006626055564,13.2518610742993,220.944588915706,TRUE,NA
"sigma",44.83,-11.4169285206473,4.05440914034756,5.06057892448131,13.2538105335249,221.00625684557,TRUE,NA
"sigma",44.84,-11.4187533712728,4.0549216310366,5.06109154528209,13.255759848502,221.067928553955,TRUE,NA
"sigma",44.85,-11.4205780957138,4.0554340789038,5.06160412297158,13.2577090192732,221.129604040299,TRUE,NA
"sigma",44.86,-11.4224026940064,4.0559464839624,5.06211665756329,13.2596580458812,221.191283304046,TRUE,NA
"sigma",44.87,-11.4242271661865,4.05645884622574,5.06262914907079,13.2616069283683,221.252966344634,TRUE,NA
"sigma",44.88,-11.4260515122901,4.05697116570709,5.0631415975077,13.2635556667772,221.314653161508,TRUE,NA
"sigma",44.89,-11.4278757323533,4.05748344241976,5.06365400288756,13.2655042611505,221.376343754109,TRUE,NA
"sigma",44.9,-11.4296998264117,4.05799567637691,5.06416636522376,13.2674527115304,221.438038121876,TRUE,NA
"sigma",44.91,-11.4315237945016,4.05850786759185,5.06467868452997,13.2694010179596,221.499736264255,TRUE,NA
"sigma",44.92,-11.4333476366586,4.05902001607776,5.06519096081964,13.2713491804805,221.561438180686,TRUE,NA
"sigma",44.93,-11.4351713529187,4.05953212184799,5.06570319410641,13.2732971991354,221.623143870612,TRUE,NA
"sigma",44.94,-11.4369949433177,4.06004418491567,5.06621538440356,13.2752450739669,221.684853333475,TRUE,NA
"sigma",44.95,-11.4388184078916,4.06055620529414,5.06672753172483,13.2771928050173,221.746566568721,TRUE,NA
"sigma",44.96,-11.4406417466762,4.06106818299656,5.06723963608361,13.2791403923289,221.80828357579,TRUE,NA
"sigma",44.97,-11.4424649597072,4.06158011803617,5.06775169749344,13.281087835944,221.870004354127,TRUE,NA
"sigma",44.98,-11.4442880470204,4.06209201042603,5.0682637159676,13.2830351359051,221.931728903173,TRUE,NA
"sigma",44.99,-11.4461110086516,4.06260386017953,5.06877569151981,13.2849822922543,221.993457222376,TRUE,NA
"sigma",45,-11.4479338446366,4.06311566730979,5.0692876241634,13.2869293050339,222.055189311176,TRUE,NA
"sigma",45.01,-11.4497565550111,4.06362743183,5.0697995139119,13.2888761742863,222.11692516902,TRUE,NA
"sigma",45.02,-11.4515791398109,4.06413915375326,5.0703113607787,13.2908229000535,222.178664795351,TRUE,NA
"sigma",45.03,-11.4534015990716,4.06465083309289,5.07082316477728,13.292769482378,222.240408189615,TRUE,NA
"sigma",45.04,-11.4552239328288,4.0651624698619,5.071334925921,13.2947159213016,222.302155351254,TRUE,NA
"sigma",45.05,-11.4570461411184,4.06567406407355,5.07184664422341,13.2966622168667,222.363906279716,TRUE,NA
"sigma",45.06,-11.4588682239759,4.06618561574095,5.07235831969783,13.2986083691155,222.425660974445,TRUE,NA
"sigma",45.07,-11.460690181437,4.06669712487725,5.07286995235769,13.30055437809,222.487419434887,TRUE,NA
"sigma",45.08,-11.4625120135373,4.06720859149556,5.07338154221645,13.3025002438323,222.549181660486,TRUE,NA
"sigma",45.09,-11.4643337203123,4.06772001560903,5.07389308928742,13.3044459663844,222.610947650689,TRUE,NA
"sigma",45.1,-11.4661553017976,4.0682313972308,5.07440459358408,13.3063915457886,222.672717404942,TRUE,NA
"sigma",45.11,-11.4679767580289,4.06874273637397,5.07491605511978,13.3083369820867,222.734490922692,TRUE,NA
"sigma",45.12,-11.4697980890416,4.06925403305159,5.07542747390788,13.3102822753207,222.796268203383,TRUE,NA
"sigma",45.13,-11.4716192948713,4.06976528727684,5.07593884996172,13.3122274255328,222.858049246464,TRUE,NA
"sigma",45.14,-11.4734403755536,4.07027649906281,5.0764501832948,13.3141724327648,222.919834051382,TRUE,NA
"sigma",45.15,-11.4752613311237,4.0707876684225,5.07696147392027,13.3161172970586,222.981622617583,TRUE,NA
"sigma",45.16,-11.4770821616173,4.0712987953691,5.07747272185164,13.3180620184563,223.043414944514,TRUE,NA
"sigma",45.17,-11.4789028670698,4.07180987991562,5.07798392710222,13.3200065969997,223.105211031623,TRUE,NA
"sigma",45.18,-11.4807234475166,4.07232092207513,5.07849508968529,13.3219510327306,223.167010878358,TRUE,NA
"sigma",45.19,-11.4825439029932,4.07283192186071,5.07900620961423,13.3238953256911,223.228814484167,TRUE,NA
"sigma",45.2,-11.4843642335349,4.0733428792854,5.07951728690235,13.3258394759228,223.290621848497,TRUE,NA
"sigma",45.21,-11.4861844391773,4.07385379436228,5.08002832156294,13.3277834834676,223.352432970798,TRUE,NA
"sigma",45.22,-11.4880045199554,4.07436466710428,5.08053931360928,13.3297273483673,223.414247850515,TRUE,NA
"sigma",45.23,-11.4898244759048,4.07487549752451,5.0810502630547,13.3316710706637,223.4760664871,TRUE,NA
"sigma",45.24,-11.4916443070608,4.07538628563605,5.08156116991254,13.3336146503985,223.537888880003,TRUE,NA
"sigma",45.25,-11.4934640134586,4.07589703145177,5.08207203419597,13.3355580876134,223.599715028669,TRUE,NA
"sigma",45.26,-11.4952835951337,4.07640773498478,5.08258285591834,13.3375013823502,223.66154493255,TRUE,NA
"sigma",45.27,-11.4971030521212,4.07691839624816,5.08309363509303,13.3394445346507,223.723378591095,TRUE,NA
"sigma",45.28,-11.4989223844564,4.07742901525468,5.08360437173301,13.3413875445562,223.785216003753,TRUE,NA
"sigma",45.29,-11.5007415921746,4.07793959201756,5.08411506585181,13.3433304121087,223.847057169976,TRUE,NA
"sigma",45.3,-11.502560675311,4.07845012654964,5.08462571746253,13.3452731373496,223.908902089212,TRUE,NA
"sigma",45.31,-11.5043796339008,4.07896061886399,5.08513632657847,13.3472157203207,223.970750760912,TRUE,NA
"sigma",45.32,-11.5061984679791,4.07947106897347,5.08564689321284,13.3491581610633,224.032603184525,TRUE,NA
"sigma",45.33,-11.5080171775813,4.07998147689112,5.08615741737886,13.3511004596193,224.094459359506,TRUE,NA
"sigma",45.34,-11.5098357627422,4.08049184262989,5.08666789908973,13.35304261603,224.1563192853,TRUE,NA
"sigma",45.35,-11.5116542234973,4.08100216620267,5.08717833835873,13.354984630337,224.218182961363,TRUE,NA
"sigma",45.36,-11.5134725598815,4.08151244762253,5.08768873519903,13.3569265025818,224.280050387144,TRUE,NA
"sigma",45.37,-11.51529077193,4.08202268690225,5.08819908962381,13.3588682328058,224.341921562096,TRUE,NA
"sigma",45.38,-11.5171088596778,4.08253288405486,5.08870940164626,13.3608098210506,224.403796485669,TRUE,NA
"sigma",45.39,-11.5189268231601,4.08304303909325,5.08921967127962,13.3627512673575,224.465675157317,TRUE,NA
"sigma",45.4,-11.5207446624117,4.08355315203036,5.08972989853697,13.364692571768,224.527557576489,TRUE,NA
"sigma",45.41,-11.522562377468,4.08406322287903,5.09024008343156,13.3666337343234,224.58944374264,TRUE,NA
"sigma",45.42,-11.5243799683637,4.08457325165222,5.09075022597649,13.3685747550651,224.651333655221,TRUE,NA
"sigma",45.43,-11.5261974351339,4.08508323836283,5.09126032618503,13.3705156340346,224.713227313687,TRUE,NA
"sigma",45.44,-11.5280147778136,4.08559318302371,5.09177038407015,13.372456371273,224.775124717488,TRUE,NA
"sigma",45.45,-11.5298319964377,4.08610308564775,5.09228039964511,13.3743969668217,224.83702586608,TRUE,NA
"sigma",45.46,-11.5316490910413,4.08661294624781,5.09279037292303,13.3763374207221,224.898930758914,TRUE,NA
"sigma",45.47,-11.5334660616592,4.08712276483686,5.09330030391708,13.3782777330153,224.960839395445,TRUE,NA
"sigma",45.48,-11.5352829083264,4.0876325414276,5.09381019264027,13.3802179037426,225.022751775126,TRUE,NA
"sigma",45.49,-11.5370996310776,4.08814227603299,5.09432003910578,13.3821579329452,225.08466789741,TRUE,NA
"sigma",45.5,-11.5389162299478,4.08865196866584,5.09482984332669,13.3840978206643,225.146587761752,TRUE,NA
"sigma",45.51,-11.5407327049719,4.08916161933901,5.09533960531615,13.3860375669412,225.208511367609,TRUE,NA
"sigma",45.52,-11.5425490561848,4.08967122806529,5.09584932508717,13.3879771718169,225.270438714432,TRUE,NA
"sigma",45.53,-11.5443652836211,4.09018079485752,5.09635900265288,13.3899166353327,225.332369801676,TRUE,NA
"sigma",45.54,-11.5461813873157,4.09069031972857,5.09686863802637,13.3918559575295,225.394304628796,TRUE,NA
"sigma",45.55,-11.5479973673035,4.09119980269121,5.09737823122074,13.3937951384486,225.456243195249,TRUE,NA
"sigma",45.56,-11.5498132236193,4.09170924375825,5.09788778224898,13.395734178131,225.518185500491,TRUE,NA
"sigma",45.57,-11.5516289562976,4.09221864294252,5.09839729112417,13.3976730766177,225.580131543973,TRUE,NA
"sigma",45.58,-11.5534445653734,4.09272800025677,5.0989067578594,13.3996118339498,225.642081325155,TRUE,NA
"sigma",45.59,-11.5552600508812,4.09323731571375,5.09941618246755,13.4015504501683,225.704034843491,TRUE,NA
"sigma",45.6,-11.5570754128558,4.09374658932633,5.09992556496191,13.4034889253143,225.765992098437,TRUE,NA
"sigma",45.61,-11.558890651332,4.09425582110728,5.10043490535537,13.4054272594285,225.82795308945,TRUE,NA
"sigma",45.62,-11.5607057663443,4.09476501106926,5.10094420366092,13.4073654525521,225.889917815987,TRUE,NA
"sigma",45.63,-11.5625207579275,4.09527415922509,5.10145345989163,13.409303504726,225.951886277503,TRUE,NA
"sigma",45.64,-11.5643356261161,4.09578326558758,5.10196267406049,13.411241415991,226.013858473457,TRUE,NA
"sigma",45.65,-11.5661503709447,4.09629233016939,5.10247184618051,13.413179186388,226.075834403305,TRUE,NA
"sigma",45.66,-11.5679649924481,4.09680135298332,5.10298097626468,13.415116815958,226.137814066505,TRUE,NA
"sigma",45.67,-11.5697794906607,4.09731033404212,5.10349006432607,13.4170543047418,226.199797462513,TRUE,NA
"sigma",45.68,-11.5715938656172,4.09781927335839,5.10399911037749,13.4189916527802,226.261784590789,TRUE,NA
"sigma",45.69,-11.573408117352,4.09832817094493,5.10450811443199,13.4209288601139,226.323775450788,TRUE,NA
"sigma",45.7,-11.5752222458997,4.09883702681451,5.10501707650255,13.4228659267838,226.385770041971,TRUE,NA
"sigma",45.71,-11.5770362512948,4.09934584097977,5.10552599660215,13.4248028528307,226.447768363794,TRUE,NA
"sigma",45.72,-11.5788501335719,4.09985461345336,5.1060348747437,13.4267396382952,226.509770415717,TRUE,NA
"sigma",45.73,-11.5806638927653,4.10036334424808,5.10654371094016,13.4286762832182,226.571776197199,TRUE,NA
"sigma",45.74,-11.5824775289096,4.10087203337652,5.10705250520443,13.4306127876403,226.633785707697,TRUE,NA
"sigma",45.75,-11.5842910420393,4.10138068085147,5.10756125754957,13.4325491516022,226.695798946672,TRUE,NA
"sigma",45.76,-11.5861044321887,4.10188928668547,5.10806996798832,13.4344853751446,226.757815913582,TRUE,NA
"sigma",45.77,-11.5879176993922,4.10239785089129,5.10857863653376,13.4364214583081,226.819836607887,TRUE,NA
"sigma",45.78,-11.5897308436843,4.10290637348155,5.1090872631987,13.4383574011333,226.881861029047,TRUE,NA
"sigma",45.79,-11.5915438650993,4.10341485446889,5.1095958479961,13.4402932036608,226.943889176521,TRUE,NA
"sigma",45.8,-11.5933567636716,4.10392329386596,5.11010439093882,13.4422288659312,227.005921049771,TRUE,NA
"sigma",45.81,-11.5951695394356,4.10443169168544,5.11061289203978,13.4441643879851,227.067956648254,TRUE,NA
"sigma",45.82,-11.5969821924255,4.10494004793995,5.11112135131186,13.4460997698631,227.129995971435,TRUE,NA
"sigma",45.83,-11.5987947226757,4.10544836264201,5.11162976876785,13.4480350116055,227.19203901877,TRUE,NA
"sigma",45.84,-11.6006071302205,4.10595663580435,5.11213814442074,13.4499701132529,227.254085789722,TRUE,NA
"sigma",45.85,-11.6024194150941,4.10646486743962,5.11264647828334,13.4519050748459,227.316136283753,TRUE,NA
"sigma",45.86,-11.6042315773309,4.10697305756035,5.11315477036852,13.4538398964248,227.378190500323,TRUE,NA
"sigma",45.87,-11.606043616965,4.10748120617911,5.11366302068912,13.4557745780301,227.440248438893,TRUE,NA
"sigma",45.88,-11.6078555340307,4.10798931330856,5.11417122925795,13.4577091197022,227.502310098926,TRUE,NA
"sigma",45.89,-11.6096673285621,4.10849737896126,5.1146793960879,13.4596435214815,227.564375479883,TRUE,NA
"sigma",45.9,-11.6114790005936,4.1090054031498,5.11518752119178,13.4615777834084,227.626444581227,TRUE,NA
"sigma",45.91,-11.6132905501593,4.10951338588674,5.11569560458237,13.4635119055232,227.688517402419,TRUE,NA
"sigma",45.92,-11.6151019772932,4.11002132718465,5.11620364627255,13.4654458878663,227.750593942921,TRUE,NA
"sigma",45.93,-11.6169132820297,4.11052922705612,5.11671164627512,13.467379730478,227.812674202198,TRUE,NA
"sigma",45.94,-11.6187244644027,4.11103708551362,5.11721960460278,13.4693134333985,227.87475817971,TRUE,NA
"sigma",45.95,-11.6205355244465,4.11154490256988,5.11772752126853,13.4712469966682,227.936845874922,TRUE,NA
"sigma",45.96,-11.622346462195,4.11205267823721,5.11823539628495,13.4731804203273,227.998937287297,TRUE,NA
"sigma",45.97,-11.6241572776824,4.11256041252828,5.11874322966492,13.4751137044161,228.061032416298,TRUE,NA
"sigma",45.98,-11.6259679709428,4.11306810545558,5.11925102142121,13.4770468489747,228.123131261387,TRUE,NA
"sigma",45.99,-11.6277785420101,4.11357575703163,5.11975877156654,13.4789798540433,228.185233822031,TRUE,NA
"sigma",46,-11.6295889909185,4.11408336726898,5.12026648011371,13.4809127196622,228.247340097692,TRUE,NA
"sigma",46.01,-11.6313993177018,4.11459093618012,5.12077414707551,13.4828454458714,228.309450087834,TRUE,NA
"sigma",46.02,-11.6332095223942,4.11509846377752,5.1212817724646,13.4847780327111,228.371563791923,TRUE,NA
"sigma",46.03,-11.6350196050295,4.11560595007367,5.12178935629379,13.4867104802214,228.43368120942,TRUE,NA
"sigma",46.04,-11.6368295656418,4.11611339508117,5.12229689857578,13.4886427884425,228.495802339795,TRUE,NA
"sigma",46.05,-11.638639404265,4.11662079881236,5.1228043993233,13.4905749574143,228.557927182509,TRUE,NA
"sigma",46.06,-11.640449120933,4.11712816127972,5.12331185854904,13.4925069871769,228.620055737029,TRUE,NA
"sigma",46.07,-11.6422587156796,4.11763548249586,5.12381927626578,13.4944388777704,228.682188002819,TRUE,NA
"sigma",46.08,-11.644068188539,4.11814276247313,5.12432665248618,13.4963706292348,228.744323979345,TRUE,NA
"sigma",46.09,-11.6458775395448,4.11865000122402,5.12483398722302,13.49830224161,228.806463666073,TRUE,NA
"sigma",46.1,-11.6476867687309,4.11915719876094,5.12534128048887,13.500233714936,228.868607062468,TRUE,NA
"sigma",46.11,-11.6494958761313,4.11966435509641,5.12584853229648,13.5021650492529,228.930754167999,TRUE,NA
"sigma",46.12,-11.6513048617796,4.1201714702428,5.12635574265853,13.5040962446005,228.99290498213,TRUE,NA
"sigma",46.13,-11.6531137257098,4.12067854421258,5.12686291158773,13.5060273010186,229.055059504327,TRUE,NA
"sigma",46.14,-11.6549224679557,4.12118557701809,5.12737003909658,13.5079582185473,229.117217734058,TRUE,NA
"sigma",46.15,-11.6567310885509,4.1216925686719,5.12787712519799,13.5098889972264,229.179379670789,TRUE,NA
"sigma",46.16,-11.6585395875293,4.12219951918628,5.12838416990443,13.5118196370957,229.241545313987,TRUE,NA
"sigma",46.17,-11.6603479649246,4.12270642857372,5.12889117322858,13.513750138195,229.30371466312,TRUE,NA
"sigma",46.18,-11.6621562207705,4.12321329684651,5.12939813518307,13.5156805005643,229.365887717656,TRUE,NA
"sigma",46.19,-11.6639643551008,4.12372012401724,5.12990505578067,13.5176107242432,229.428064477061,TRUE,NA
"sigma",46.2,-11.665772367949,4.12422691009803,5.13041193503377,13.5195408092715,229.490244940803,TRUE,NA
"sigma",46.21,-11.667580259349,4.12473365510148,5.13091877295516,13.5214707556891,229.552429108351,TRUE,NA
"sigma",46.22,-11.6693880293344,4.12524035903987,5.13142556955745,13.5234005635355,229.614616979174,TRUE,NA
"sigma",46.23,-11.6711956779389,4.12574702192565,5.13193232485323,13.5253302328506,229.676808552739,TRUE,NA
"sigma",46.24,-11.6730032051959,4.12625364377105,5.13243903885502,13.5272597636741,229.739003828514,TRUE,NA
"sigma",46.25,-11.6748106111392,4.12676022458843,5.13294571157544,13.5291891560455,229.80120280597,TRUE,NA
"sigma",46.26,-11.6766178958025,4.12726676439028,5.13345234302717,13.5311184100046,229.863405484574,TRUE,NA
"sigma",46.27,-11.6784250592191,4.12777326318886,5.13395893322274,13.5330475255909,229.925611863797,TRUE,NA
"sigma",46.28,-11.6802321014227,4.12827972099641,5.13446548217466,13.5349765028441,229.987821943106,TRUE,NA
"sigma",46.29,-11.6820390224469,4.12878613782536,5.13497198989553,13.5369053418038,230.050035721972,TRUE,NA
"sigma",46.3,-11.6838458223252,4.12929251368806,5.13547845639796,13.5388340425096,230.112253199865,TRUE,NA
"sigma",46.31,-11.6856525010911,4.12979884859674,5.13598488169443,13.540762605001,230.174474376256,TRUE,NA
"sigma",46.32,-11.687459058778,4.13030514256377,5.13649126579753,13.5426910293175,230.236699250613,TRUE,NA
"sigma",46.33,-11.6892654954196,4.13081139560142,5.13699760871982,13.5446193154987,230.298927822406,TRUE,NA
"sigma",46.34,-11.6910718110491,4.13131760772192,5.13750391047373,13.546547463584,230.361160091107,TRUE,NA
"sigma",46.35,-11.6928780057002,4.13182377893772,5.13801017107191,13.5484754736129,230.423396056186,TRUE,NA
"sigma",46.36,-11.6946840794061,4.13232990926095,5.13851639052681,13.5504033456249,230.485635717114,TRUE,NA
"sigma",46.37,-11.6964900322004,4.13283599870409,5.13902256885104,13.5523310796595,230.547879073365,TRUE,NA
"sigma",46.38,-11.6982958641164,4.13334204727909,5.1395287060569,13.5542586757558,230.610126124404,TRUE,NA
"sigma",46.39,-11.7001015751876,4.13384805499852,5.14003480215716,13.5561861339536,230.672376869709,TRUE,NA
"sigma",46.4,-11.7019071654473,4.13435402187447,5.14054085716405,13.5581134542921,230.734631308747,TRUE,NA
"sigma",46.41,-11.7037126349288,4.13485994791926,5.14104687109027,13.5600406368106,230.796889440992,TRUE,NA
"sigma",46.42,-11.7055179836654,4.13536583314508,5.14155284394818,13.5619676815485,230.859151265915,TRUE,NA
"sigma",46.43,-11.7073232116906,4.13587167756422,5.14205877575029,13.563894588545,230.92141678299,TRUE,NA
"sigma",46.44,-11.7091283190376,4.13637748118889,5.14256466650905,13.5658213578396,230.983685991687,TRUE,NA
"sigma",46.45,-11.7109333057396,4.1368832440313,5.14307051623692,13.5677479894714,231.045958891481,TRUE,NA
"sigma",46.46,-11.71273817183,4.13738896610375,5.14357632494647,13.5696744834799,231.108235481843,TRUE,NA
"sigma",46.47,-11.714542917342,4.13789464741828,5.14408209264988,13.571600839904,231.170515762248,TRUE,NA
"sigma",46.48,-11.7163475423088,4.13840028798733,5.1445878193599,13.5735270587831,231.232799732165,TRUE,NA
"sigma",46.49,-11.7181520467638,4.13890588782293,5.14509350508875,13.5754531401564,231.295087391074,TRUE,NA
"sigma",46.5,-11.7199564307399,4.13941144693726,5.1455991498489,13.5773790840631,231.357378738442,TRUE,NA
"sigma",46.51,-11.7217606942706,4.13991696534272,5.1461047536529,13.5793048905424,231.419673773746,TRUE,NA
"sigma",46.52,-11.7235648373889,4.14042244305122,5.146610316513,13.5812305596332,231.481972496461,TRUE,NA
"sigma",46.53,-11.7253688601279,4.14092788007511,5.1471158384417,13.5831560913749,231.544274906057,TRUE,NA
"sigma",46.54,-11.7271727625209,4.14143327642653,5.14762131945138,13.5850814858065,231.606581002013,TRUE,NA
"sigma",46.55,-11.728976544601,4.14193863211754,5.14812675955437,13.587006742967,231.6688907838,TRUE,NA
"sigma",46.56,-11.7307802064012,4.14244394716045,5.14863215876319,13.5889318628955,231.731204250894,TRUE,NA
"sigma",46.57,-11.7325837479547,4.14294922156732,5.14913751709013,13.5908568456312,231.793521402771,TRUE,NA
"sigma",46.58,-11.7343871692945,4.1434544553503,5.14964283454756,13.5927816912129,231.855842238905,TRUE,NA
"sigma",46.59,-11.7361904704538,4.14395964852163,5.150148111148,13.5947063996797,231.918166758771,TRUE,NA
"sigma",46.6,-11.7379936514655,4.14446480109322,5.15065334690352,13.5966309710706,231.980494961844,TRUE,NA
"sigma",46.61,-11.7397967123627,4.14496991307744,5.15115854182676,13.5985554054246,232.042826847601,TRUE,NA
"sigma",46.62,-11.7415996531783,4.14547498448633,5.15166369593002,13.6004797027806,232.105162415516,TRUE,NA
"sigma",46.63,-11.7434024739454,4.14598001533184,5.15216880922543,13.6024038631775,232.167501665066,TRUE,NA
"sigma",46.64,-11.745205174697,4.14648500562628,5.15267388172556,13.6043278866542,232.229844595729,TRUE,NA
"sigma",46.65,-11.747007755466,4.14698995538168,5.15317891344262,13.6062517732497,232.292191206979,TRUE,NA
"sigma",46.66,-11.7488102162854,4.14749486461019,5.15368390438906,13.6081755230027,232.354541498293,TRUE,NA
"sigma",46.67,-11.7506125571881,4.14799973332382,5.15418885457708,13.6100991359522,232.416895469148,TRUE,NA
"sigma",46.68,-11.7524147782071,4.14850456153463,5.15469376401898,13.612022612137,232.47925311902,TRUE,NA
"sigma",46.69,-11.7542168793752,4.14900934925479,5.15519863272717,13.6139459515958,232.541614447389,TRUE,NA
"sigma",46.7,-11.7560188607253,4.14951409649629,5.15570346071384,13.6158691543675,232.603979453728,TRUE,NA
"sigma",46.71,-11.7578207222903,4.15001880327126,5.15620824799136,13.6177922204909,232.666348137518,TRUE,NA
"sigma",46.72,-11.759622464103,4.15052346959175,5.15671299457201,13.6197151500047,232.728720498236,TRUE,NA
"sigma",46.73,-11.7614240861963,4.1510280954698,5.15721770046809,13.6216379429476,232.791096535358,TRUE,NA
"sigma",46.74,-11.763225588603,4.1515326809174,5.15772236569172,13.6235605993583,232.853476248365,TRUE,NA
"sigma",46.75,-11.7650269713559,4.15203722594659,5.15822699025531,13.6254831192756,232.915859636732,TRUE,NA
"sigma",46.76,-11.7668282344878,4.1525417305695,5.15873157417114,13.6274055027382,232.97824669994,TRUE,NA
"sigma",46.77,-11.7686293780315,4.15304619479811,5.15923611745135,13.6293277497846,233.040637437466,TRUE,NA
"sigma",46.78,-11.7704304020197,4.15355061864443,5.15974062010829,13.6312498604535,233.10303184879,TRUE,NA
"sigma",46.79,-11.7722313064851,4.15405500212042,5.16024508215409,13.6331718347835,233.165429933389,TRUE,NA
"sigma",46.8,-11.7740320914607,4.15455934523825,5.16074950360118,13.6350936728134,233.227831690746,TRUE,NA
"sigma",46.81,-11.7758327569789,4.15506364800974,5.16125388446155,13.6370153745815,233.290237120337,TRUE,NA
"sigma",46.82,-11.7776333030725,4.15556791044699,5.16175822474759,13.6389369401265,233.352646221641,TRUE,NA
"sigma",46.83,-11.7794337297742,4.15607213256194,5.16226252447144,13.6408583694869,233.415058994141,TRUE,NA
"sigma",46.84,-11.7812340371166,4.1565763143666,5.16276678364535,13.6427796627012,233.477475437314,TRUE,NA
"sigma",46.85,-11.7830342251325,4.15708045587298,5.16327100228149,13.6447008198081,233.539895550643,TRUE,NA
"sigma",46.86,-11.7848342938543,4.157584557093,5.16377518039205,13.6466218408458,233.602319333605,TRUE,NA
"sigma",46.87,-11.7866342433148,4.15808861803857,5.16427931798921,13.648542725853,233.664746785681,TRUE,NA
"sigma",46.88,-11.7884340735465,4.15859263872182,5.16478341508528,13.650463474868,233.727177906353,TRUE,NA
"sigma",46.89,-11.7902337845821,4.15909661915459,5.16528747169231,13.6523840879293,233.789612695102,TRUE,NA
"sigma",46.9,-11.7920333764542,4.1596005593488,5.16579148782244,13.6543045650753,233.852051151409,TRUE,NA
"sigma",46.91,-11.7938328491951,4.16010445931646,5.16629546348797,13.6562249063444,233.914493274755,TRUE,NA
"sigma",46.92,-11.7956322028376,4.16060831906947,5.16679939870092,13.6581451117749,233.976939064619,TRUE,NA
"sigma",46.93,-11.797431437414,4.16111213861974,5.16730329347351,13.6600651814052,234.039388520484,TRUE,NA
"sigma",46.94,-11.7992305529571,4.16161591797932,5.16780714781799,13.6619851152738,234.101841641835,TRUE,NA
"sigma",46.95,-11.8010295494991,4.16211965715994,5.16831096174633,13.6639049134187,234.164298428151,TRUE,NA
"sigma",46.96,-11.8028284270726,4.16262335617355,5.16881473527066,13.6658245758784,234.226758878913,TRUE,NA
"sigma",46.97,-11.8046271857101,4.1631270150322,5.16931846840329,13.6677441026911,234.289222993605,TRUE,NA
"sigma",46.98,-11.8064258254439,4.16363063374761,5.16982216115611,13.6696634938951,234.351690771708,TRUE,NA
"sigma",46.99,-11.8082243463066,4.1641342123318,5.17032581354137,13.6715827495286,234.414162212707,TRUE,NA
"sigma",47,-11.8100227483305,4.16463775079663,5.17082942557127,13.67350186963,234.476637316084,TRUE,NA
"sigma",47.01,-11.8118210315481,4.16514124915394,5.17133299725772,13.6754208542372,234.539116081321,TRUE,NA
"sigma",47.02,-11.8136191959917,4.16564470741561,5.17183652861289,13.6773397033886,234.601598507902,TRUE,NA
"sigma",47.03,-11.8154172416936,4.16614812559352,5.17234001964886,13.6792584171223,234.66408459531,TRUE,NA
"sigma",47.04,-11.8172151686863,4.16665150369949,5.17284347037771,13.6811769954764,234.726574343031,TRUE,NA
"sigma",47.05,-11.8190129770021,4.16715484174543,5.17334688081153,13.6830954384891,234.789067750544,TRUE,NA
"sigma",47.06,-11.8208106666733,4.16765813974324,5.17385025096246,13.6850137461985,234.851564817337,TRUE,NA
"sigma",47.07,-11.8226082377321,4.16816139770464,5.17435358084244,13.6869319186426,234.914065542891,TRUE,NA
"sigma",47.08,-11.824405690211,4.16866461564162,5.17485687046368,13.6888499558597,234.976569926695,TRUE,NA
"sigma",47.09,-11.8262030241421,4.16916779356585,5.17536011983806,13.6907678578876,235.039077968229,TRUE,NA
"sigma",47.1,-11.8280002395578,4.16967093148928,5.17586332897772,13.6926856247644,235.101589666979,TRUE,NA
"sigma",47.11,-11.8297973364901,4.17017402942352,5.17636649789459,13.6946032565281,235.16410502243,TRUE,NA
"sigma",47.12,-11.8315943149715,4.17067708738074,5.17686962660093,13.6965207532168,235.226624034067,TRUE,NA
"sigma",47.13,-11.8333911750341,4.17118010537244,5.17737271510853,13.6984381148684,235.289146701376,TRUE,NA
"sigma",47.14,-11.8351879167101,4.17168308341052,5.17787576342955,13.7003553415209,235.351673023841,TRUE,NA
"sigma",47.15,-11.8369845400316,4.17218602150684,5.17837877157598,13.7022724332122,235.414203000948,TRUE,NA
"sigma",47.16,-11.838781045031,4.17268891967311,5.17888173955982,13.7041893899802,235.476736632185,TRUE,NA
"sigma",47.17,-11.8405774317402,4.17319177792117,5.17938466739308,13.7061062118629,235.539273917035,TRUE,NA
"sigma",47.18,-11.8423737001914,4.17369459626282,5.17988755508774,13.7080228988981,235.601814854985,TRUE,NA
"sigma",47.19,-11.8441698504168,4.17419737470971,5.18039040265577,13.7099394511237,235.664359445522,TRUE,NA
"sigma",47.2,-11.8459658824484,4.17470011327366,5.18089321010918,13.7118558685774,235.726907688132,TRUE,NA
"sigma",47.21,-11.8477617963184,4.1752028119665,5.18139597745998,13.7137721512973,235.789459582301,TRUE,NA
"sigma",47.22,-11.8495575920587,4.17570547079988,5.18189870472002,13.715688299321,235.852015127516,TRUE,NA
"sigma",47.23,-11.8513532697016,4.17620808978562,5.18240139190139,13.7176043126864,235.914574323266,TRUE,NA
"sigma",47.24,-11.8531488292789,4.17671066893543,5.182904039016,13.7195201914312,235.977137169037,TRUE,NA
"sigma",47.25,-11.8549442708228,4.17721320826112,5.18340664607586,13.7214359355933,236.039703664315,TRUE,NA
"sigma",47.26,-11.8567395943653,4.1777157077743,5.18390921309284,13.7233515452102,236.10227380859,TRUE,NA
"sigma",47.27,-11.8585347999383,4.17821816748679,5.18441174007889,13.7252670203198,236.164847601347,TRUE,NA
"sigma",47.28,-11.8603298875739,4.17872058741026,5.18491422704596,13.7271823609597,236.227425042078,TRUE,NA
"sigma",47.29,-11.8621248573039,4.17922296755644,5.18541667400602,13.7290975671677,236.290006130266,TRUE,NA
"sigma",47.3,-11.8639197091603,4.17972530793697,5.18591908097085,13.7310126389812,236.352590865403,TRUE,NA
"sigma",47.31,-11.8657144431752,4.18022760856367,5.18642144795254,13.7329275764382,236.415179246977,TRUE,NA
"sigma",47.32,-11.8675090593804,4.18072986944817,5.18692377496292,13.7348423795761,236.477771274476,TRUE,NA
"sigma",47.33,-11.8693035578078,4.18123209060212,5.18742606201383,13.7367570484326,236.540366947388,TRUE,NA
"sigma",47.34,-11.8710979384893,4.18173427203734,5.18792830911737,13.7386715830452,236.602966265204,TRUE,NA
"sigma",47.35,-11.8728922014567,4.18223641376542,5.18843051628533,13.7405859834515,236.665569227411,TRUE,NA
"sigma",47.36,-11.874686346742,4.18273851579794,5.18893268352939,13.7425002496891,236.728175833501,TRUE,NA
"sigma",47.37,-11.8764803743769,4.18324057814666,5.18943481086163,13.7444143817955,236.790786082961,TRUE,NA
"sigma",47.38,-11.8782742843934,4.18374260082319,5.18993689829386,13.7463283798081,236.853399975282,TRUE,NA
"sigma",47.39,-11.8800680768232,4.18424458383932,5.19043894583812,13.7482422437647,236.916017509953,TRUE,NA
"sigma",47.4,-11.8818617516981,4.18474652720657,5.19094095350605,13.7501559737025,236.978638686466,TRUE,NA
"sigma",47.41,-11.8836553090499,4.18524843093661,5.19144292130959,13.752069569659,237.04126350431,TRUE,NA
"sigma",47.42,-11.8854487489104,4.18575029504104,5.19194484926056,13.7539830316717,237.103891962976,TRUE,NA
"sigma",47.43,-11.8872420713113,4.18625211953157,5.19244673737087,13.7558963597781,237.166524061953,TRUE,NA
"sigma",47.44,-11.8890352762843,4.18675390441978,5.1929485856523,13.7578095540154,237.229159800733,TRUE,NA
"sigma",47.45,-11.8908283638613,4.18725564971731,5.19345039411667,13.7597226144212,237.291799178808,TRUE,NA
"sigma",47.46,-11.8926213340738,4.18775735543572,5.19395216277586,13.7616355410328,237.354442195669,TRUE,NA
"sigma",47.47,-11.8944141869537,4.18825902158666,5.19445389164163,13.7635483338874,237.417088850805,TRUE,NA
"sigma",47.48,-11.8962069225325,4.18876064818176,5.19495558072585,13.7654609930226,237.47973914371,TRUE,NA
"sigma",47.49,-11.8979995408419,4.18926223523251,5.19545723004022,13.7673735184755,237.542393073874,TRUE,NA
"sigma",47.5,-11.8997920419136,4.18976378275056,5.19595883959665,13.7692859102834,237.60505064079,TRUE,NA
"sigma",47.51,-11.9015844257793,4.19026529074753,5.19646040940689,13.7711981684837,237.667711843951,TRUE,NA
"sigma",47.52,-11.9033766924704,4.19076675923498,5.19696193948272,13.7731102931136,237.730376682848,TRUE,NA
"sigma",47.53,-11.9051688420186,4.19126818822444,5.19746342983593,13.7750222842103,237.793045156971,TRUE,NA
"sigma",47.54,-11.9069608744556,4.19176957772746,5.19796488047827,13.7769341418111,237.855717265816,TRUE,NA
"sigma",47.55,-11.9087527898129,4.19227092775573,5.19846629142161,13.7788458659532,237.918393008876,TRUE,NA
"sigma",47.56,-11.910544588122,4.19277223832062,5.19896766267758,13.7807574566737,237.981072385641,TRUE,NA
"sigma",47.57,-11.9123362694145,4.19327350943383,5.19946899425801,13.7826689140099,238.043755395609,TRUE,NA
"sigma",47.58,-11.9141278337219,4.19377474110685,5.19997028617468,13.7845802379988,238.106442038267,TRUE,NA
"sigma",47.59,-11.9159192810758,4.19427593335121,5.20047153843931,13.7864914286777,238.169132313114,TRUE,NA
"sigma",47.6,-11.9177106115076,4.19477708617844,5.20097275106357,13.7884024860836,238.23182621964,TRUE,NA
"sigma",47.61,-11.9195018250487,4.19527819960006,5.20147392405927,13.7903134102535,238.29452375734,TRUE,NA
"sigma",47.62,-11.9212929217308,4.19577927362759,5.2019750574381,13.7922242012247,238.35722492571,TRUE,NA
"sigma",47.63,-11.9230839015852,4.19628030827256,5.20247615121182,13.7941348590342,238.419929724241,TRUE,NA
"sigma",47.64,-11.9248747646433,4.1967813035464,5.20297720539206,13.7960453837189,238.482638152428,TRUE,NA
"sigma",47.65,-11.9266655109367,4.19728225946077,5.20347821999067,13.7979557753159,238.545350209767,TRUE,NA
"sigma",47.66,-11.9284561404967,4.19778317602699,5.2039791950192,13.7998660338623,238.608065895753,TRUE,NA
"sigma",47.67,-11.9302466533546,4.19828405325669,5.20448013048946,13.801776159395,238.67078520988,TRUE,NA
"sigma",47.68,-11.932037049542,4.1987848911613,5.2049810264131,13.803686151951,238.733508151642,TRUE,NA
"sigma",47.69,-11.93382732909,4.1992856897523,5.20548188280187,13.8055960115673,238.796234720536,TRUE,NA
"sigma",47.7,-11.9356174920301,4.19978644904117,5.20598269966735,13.8075057382807,238.858964916056,TRUE,NA
"sigma",47.71,-11.9374075383937,4.20028716903934,5.20648347702122,13.8094153321282,238.921698737698,TRUE,NA
"sigma",47.72,-11.939197468212,4.20078784975829,5.20698421487515,13.8113247931467,238.98443618496,TRUE,NA
"sigma",47.73,-11.9409872815163,4.20128849120952,5.20748491324096,13.813234121373,239.047177257335,TRUE,NA
"sigma",47.74,-11.942776978338,4.20178909340444,5.2079855721301,13.8151433168441,239.109921954321,TRUE,NA
"sigma",47.75,-11.9445665587083,4.20228965635448,5.20848619155428,13.8170523795968,239.172670275412,TRUE,NA
"sigma",47.76,-11.9463560226584,4.20279018007112,5.20898677152519,13.8189613096679,239.235422220107,TRUE,NA
"sigma",47.77,-11.9481453702196,4.20329066456575,5.20948731205443,13.8208701070942,239.298177787901,TRUE,NA
"sigma",47.78,-11.9499346014233,4.20379110984977,5.20998781315358,13.8227787719125,239.360936978293,TRUE,NA
"sigma",47.79,-11.9517237163004,4.2042915159347,5.21048827483439,13.8246873041596,239.423699790777,TRUE,NA
"sigma",47.8,-11.9535127148823,4.2047918828319,5.2109886971084,13.8265957038722,239.486466224853,TRUE,NA
"sigma",47.81,-11.9553015972002,4.20529221055278,5.21148907998723,13.8285039710871,239.549236280017,TRUE,NA
"sigma",47.82,-11.9570903632851,4.2057924991088,5.21198942348258,13.8304121058409,239.612009955766,TRUE,NA
"sigma",47.83,-11.9588790131684,4.20629274851121,5.21248972760585,13.8323201081705,239.674787251598,TRUE,NA
"sigma",47.84,-11.960667546881,4.20679295877155,5.2129899923688,13.8342279781125,239.737568167013,TRUE,NA
"sigma",47.85,-11.9624559644542,4.20729312990114,5.213490217783,13.8361357157035,239.800352701505,TRUE,NA
"sigma",47.86,-11.964244265919,4.20779326191137,5.21399040385999,13.8380433209802,239.863140854575,TRUE,NA
"sigma",47.87,-11.9660324513066,4.20829335481364,5.21449055061135,13.8399507939792,239.925932625722,TRUE,NA
"sigma",47.88,-11.967820520648,4.20879340861931,5.21499065804871,13.8418581347371,239.988728014444,TRUE,NA
"sigma",47.89,-11.9696084739743,4.20929342333974,5.21549072618361,13.8437653432906,240.051527020238,TRUE,NA
"sigma",47.9,-11.9713963113165,4.20979339898618,5.21599075502752,13.8456724196762,240.114329642603,TRUE,NA
"sigma",47.91,-11.9731840327058,4.21029333557026,5.21649074459221,13.8475793639305,240.177135881042,TRUE,NA
"sigma",47.92,-11.9749716381731,4.21079323310299,5.21699069488893,13.84948617609,240.239945735051,TRUE,NA
"sigma",47.93,-11.9767591277495,4.21129309159601,5.21749060592956,13.8513928561913,240.302759204129,TRUE,NA
"sigma",47.94,-11.9785465014658,4.21179291106044,5.21799047772533,13.8532994042708,240.365576287777,TRUE,NA
"sigma",47.95,-11.9803337593532,4.21229269150771,5.21849031028798,13.855205820365,240.428396985497,TRUE,NA
"sigma",47.96,-11.9821209014425,4.21279243294915,5.21899010362895,13.8571121045105,240.491221296784,TRUE,NA
"sigma",47.97,-11.9839079277646,4.21329213539604,5.21948985775975,13.8590182567436,240.55404922114,TRUE,NA
"sigma",47.98,-11.9856948383508,4.21379179885968,5.21998957269195,13.8609242771008,240.616880758068,TRUE,NA
"sigma",47.99,-11.9874816332316,4.21429142335145,5.22048924843703,13.8628301656185,240.679715907066,TRUE,NA
"sigma",48,-11.9892683124382,4.21479100888262,5.22098888500649,13.8647359223332,240.742554667636,TRUE,NA
"sigma",48.01,-11.9910548760013,4.21529055546439,5.22148848241175,13.8666415472812,240.805397039276,TRUE,NA
"sigma",48.02,-11.992841323952,4.21579006310826,5.22198804066447,13.8685470404989,240.86824302149,TRUE,NA
"sigma",48.03,-11.9946276563209,4.21628953182532,5.222487559776,13.8704524020225,240.931092613778,TRUE,NA
"sigma",48.04,-11.996413873139,4.21678896162691,5.22298703975786,13.8723576318886,240.993945815642,TRUE,NA
"sigma",48.05,-11.9981999744371,4.21728835252433,5.22348648062154,13.8742627301333,241.056802626583,TRUE,NA
"sigma",48.06,-11.9999859602461,4.21778770452882,5.22398588237845,13.876167696793,241.119663046103,TRUE,NA
"sigma",48.07,-12.0017718305966,4.21828701765165,5.22448524504012,13.8780725319039,241.182527073703,TRUE,NA
"sigma",48.08,-12.0035575855196,4.21878629190409,5.22498456861796,13.8799772355023,241.245394708886,TRUE,NA
"sigma",48.09,-12.0053432250458,4.21928552729734,5.22548385312339,13.8818818076245,241.308265951154,TRUE,NA
"sigma",48.1,-12.007128749206,4.21978472384276,5.22598309856802,13.8837862483066,241.37114080001,TRUE,NA
"sigma",48.11,-12.0089141580309,4.22028388155147,5.2264823049631,13.885690557585,241.434019254955,TRUE,NA
"sigma",48.12,-12.0106994515513,4.2207830004348,5.22698147232016,13.8875947354957,241.496901315494,TRUE,NA
"sigma",48.13,-12.0124846297978,4.22128208050383,5.2274806006505,13.889498782075,241.559786981128,TRUE,NA
"sigma",48.14,-12.0142696928012,4.22178112176999,5.22797968996574,13.891402697359,241.622676251362,TRUE,NA
"sigma",48.15,-12.0160546405922,4.22228012424433,5.22847874027713,13.8933064813839,241.685569125696,TRUE,NA
"sigma",48.16,-12.0178394732013,4.22277908793815,5.22897775159618,13.8952101341857,241.748465603636,TRUE,NA
"sigma",48.17,-12.0196241906594,4.22327801286265,5.22947672393431,13.8971136558006,241.811365684685,TRUE,NA
"sigma",48.18,-12.0214087929971,4.22377689902907,5.22997565730286,13.8990170462647,241.874269368348,TRUE,NA
"sigma",48.19,-12.0231932802449,4.22427574644842,5.23047455171314,13.900920305614,241.937176654128,TRUE,NA
"sigma",48.2,-12.0249776524336,4.22477455513213,5.23097340717677,13.9028234338847,242.000087541528,TRUE,NA
"sigma",48.21,-12.0267619095936,4.22527332509122,5.23147222370488,13.9047264311126,242.063002030052,TRUE,NA
"sigma",48.22,-12.0285460517557,4.22577205633688,5.2319710013089,13.9066292973339,242.125920119207,TRUE,NA
"sigma",48.23,-12.0303300789503,4.2262707488804,5.23246974000038,13.9085320325845,242.188841808497,TRUE,NA
"sigma",48.24,-12.0321139912081,4.22676940273285,5.2329684397905,13.9104346369005,242.251767097425,TRUE,NA
"sigma",48.25,-12.0338977885594,4.22726801790537,5.2334671006906,13.9123371103177,242.314695985497,TRUE,NA
"sigma",48.26,-12.0356814710351,4.22776659440919,5.23396572271217,13.9142394528722,242.377628472217,TRUE,NA
"sigma",48.27,-12.0374650386655,4.22826513225545,5.2344643058665,13.9161416645999,242.440564557094,TRUE,NA
"sigma",48.28,-12.0392484914811,4.22876363145529,5.23496285016491,13.9180437455367,242.50350423963,TRUE,NA
"sigma",48.29,-12.0410318295125,4.22926209201986,5.2354613556188,13.9199456957185,242.566447519332,TRUE,NA
"sigma",48.3,-12.04281505279,4.22976051396014,5.23595982223929,13.9218475151811,242.629394395704,TRUE,NA
"sigma",48.31,-12.0445981613442,4.23025889728754,5.23645825003798,13.9237492039605,242.692344868255,TRUE,NA
"sigma",48.32,-12.0463811552055,4.230757242013,5.2369566390261,13.9256507620924,242.755298936489,TRUE,NA
"sigma",48.33,-12.0481640344044,4.23125554814767,5.23745498921483,13.9275521896128,242.818256599915,TRUE,NA
"sigma",48.34,-12.0499467989712,4.23175381570256,5.23795330061552,13.9294534865573,242.881217858035,TRUE,NA
"sigma",48.35,-12.0517294489363,4.23225204468904,5.23845157323967,13.9313546529619,242.94418271036,TRUE,NA
"sigma",48.36,-12.0535119843303,4.232750235118,5.23894980709837,13.9332556888623,243.007151156394,TRUE,NA
"sigma",48.37,-12.0552944051833,4.23324838700059,5.23944800220297,13.9351565942943,243.070123195645,TRUE,NA
"sigma",48.38,-12.0570767115259,4.23374650034786,5.23994615856472,13.9370573692935,243.13309882762,TRUE,NA
"sigma",48.39,-12.0588589033883,4.23424457517097,5.24044427619496,13.9389580138957,243.196078051827,TRUE,NA
"sigma",48.4,-12.0606409808009,4.23474261148103,5.24094235510499,13.9408585281367,243.259060867774,TRUE,NA
"sigma",48.41,-12.062422943794,4.23524060928894,5.24144039530591,13.9427589120521,243.322047274967,TRUE,NA
"sigma",48.42,-12.0642047923979,4.23573856860594,5.24193839680913,13.9446591656776,243.385037272916,TRUE,NA
"sigma",48.43,-12.0659865266428,4.23623648944303,5.24243635962587,13.9465592890488,243.448030861125,TRUE,NA
"sigma",48.44,-12.0677681465591,4.23673437181121,5.24293428376732,13.9484592822014,243.511028039107,TRUE,NA
"sigma",48.45,-12.0695496521771,4.23723221572169,5.24343216924485,13.9503591451711,243.574028806368,TRUE,NA
"sigma",48.46,-12.0713310435269,4.23773002118541,5.24393001606965,13.9522588779934,243.637033162417,TRUE,NA
"sigma",48.47,-12.0731123206389,4.23822778821335,5.24442782425287,13.9541584807039,243.700041106763,TRUE,NA
"sigma",48.48,-12.0748934835432,4.23872551681667,5.2449255938058,13.9560579533382,243.763052638915,TRUE,NA
"sigma",48.49,-12.07667453227,4.23922320700632,5.24542332473966,13.9579572959318,243.826067758379,TRUE,NA
"sigma",48.5,-12.0784554668496,4.23972085879337,5.24592101706567,13.9598565085203,243.889086464669,TRUE,NA
"sigma",48.51,-12.0802362873121,4.24021847218882,5.24641867079504,13.9617555911392,243.952108757291,TRUE,NA
"sigma",48.52,-12.0820169936876,4.24071604720365,5.24691628593893,13.963654543824,244.015134635755,TRUE,NA
"sigma",48.53,-12.0837975860064,4.2412135838489,5.24741386250856,13.9655533666102,244.078164099573,TRUE,NA
"sigma",48.54,-12.0855780642985,4.24171108213569,5.24791140051525,13.9674520595333,244.141197148253,TRUE,NA
"sigma",48.55,-12.0873584285941,4.24220854207483,5.24840889997001,13.9693506226286,244.204233781305,TRUE,NA
"sigma",48.56,-12.0891386789233,4.24270596367731,5.24890636088398,13.9712490559318,244.26727399824,TRUE,NA
"sigma",48.57,-12.0909188153162,4.24320334695431,5.24940378326862,13.9731473594781,244.330317798568,TRUE,NA
"sigma",48.58,-12.0926988378028,4.24370069191662,5.24990116713481,13.9750455333029,244.393365181798,TRUE,NA
"sigma",48.59,-12.0944787464134,4.24419799857536,5.25039851249388,13.9769435774418,244.456416147445,TRUE,NA
"sigma",48.6,-12.0962585411777,4.24469526694138,5.25089581935692,13.97884149193,244.519470695014,TRUE,NA
"sigma",48.61,-12.0980382221261,4.24519249702571,5.25139308773509,13.9807392768028,244.582528824023,TRUE,NA
"sigma",48.62,-12.0998177892883,4.24568968883935,5.25189031763962,13.9826369320957,244.645590533977,TRUE,NA
"sigma",48.63,-12.1015972426944,4.2461868423931,5.25238750908147,13.9845344578439,244.70865582439,TRUE,NA
"sigma",48.64,-12.1033765823746,4.24668395769806,5.25288466207194,13.9864318540828,244.771724694773,TRUE,NA
"sigma",48.65,-12.1051558083587,4.24718103476516,5.25338177662216,13.9883291208476,244.834797144641,TRUE,NA
"sigma",48.66,-12.1069349206766,4.24767807360527,5.25387885274312,13.9902262581735,244.897873173499,TRUE,NA
"sigma",48.67,-12.1087139193585,4.24817507422943,5.25437589044616,13.992123266096,244.960952780867,TRUE,NA
"sigma",48.68,-12.1104928044341,4.24867203664838,5.25487288974214,13.9940201446501,245.02403596625,TRUE,NA
"sigma",48.69,-12.1122715759335,4.24916896087322,5.25536985064236,13.9959168938711,245.087122729166,TRUE,NA
"sigma",48.7,-12.1140502338865,4.24966584691479,5.25586677315783,13.9978135137942,245.150213069125,TRUE,NA
"sigma",48.71,-12.115828778323,4.25016269478406,5.25636365729971,13.9997100044546,245.21330698564,TRUE,NA
"sigma",48.72,-12.117607209273,4.25065950449187,5.25686050307907,14.0016063658875,245.276404478224,TRUE,NA
"sigma",48.73,-12.1193855267662,4.25115627604908,5.25735731050688,14.0035025981279,245.33950554639,TRUE,NA
"sigma",48.74,-12.1211637308326,4.25165300946672,5.25785407959444,14.0053987012111,245.402610189652,TRUE,NA
"sigma",48.75,-12.122941821502,4.25214970475556,5.25835081035263,14.0072946751722,245.465718407522,TRUE,NA
"sigma",48.76,-12.1247197988042,4.25264636192655,5.25884750279261,14.0091905200462,245.528830199514,TRUE,NA
"sigma",48.77,-12.1264976627691,4.25314298099064,5.25934415692556,14.0110862358682,245.591945565143,TRUE,NA
"sigma",48.78,-12.1282754134263,4.2536395619585,5.25984077276232,14.0129818226734,245.655064503921,TRUE,NA
"sigma",48.79,-12.1300530508058,4.25413610484112,5.260337350314,14.0148772804967,245.718187015364,TRUE,NA
"sigma",48.8,-12.1318305749374,4.25463260964939,5.26083388959175,14.0167726093732,245.781313098985,TRUE,NA
"sigma",48.81,-12.1336079858506,4.25512907639412,5.26133039060652,14.0186678093379,245.844442754298,TRUE,NA
"sigma",48.82,-12.1353852835754,4.25562550508623,5.26182685336941,14.0205628804258,245.907575980818,TRUE,NA
"sigma",48.83,-12.1371624681414,4.25612189573648,5.26232327789144,14.022457822672,245.970712778061,TRUE,NA
"sigma",48.84,-12.1389395395784,4.25661824835574,5.26281966418353,14.0243526361112,246.03385314554,TRUE,NA
"sigma",48.85,-12.1407164979161,4.25711456295488,5.26331601225695,14.0262473207787,246.096997082772,TRUE,NA
"sigma",48.86,-12.1424933431841,4.25761083954471,5.26381232212244,14.0281418767092,246.16014458927,TRUE,NA
"sigma",48.87,-12.1442700754121,4.25810707813601,5.26430859379115,14.0300363039375,246.223295664551,TRUE,NA
"sigma",48.88,-12.1460466946299,4.2586032787397,5.26480482727409,14.0319306024989,246.28645030813,TRUE,NA
"sigma",48.89,-12.147823200867,4.2590994413665,5.26530102258217,14.0338247724279,246.349608519522,TRUE,NA
"sigma",48.9,-12.1495995941531,4.25959556602722,5.2657971797264,14.0357188137596,246.412770298245,TRUE,NA
"sigma",48.91,-12.1513758745178,4.26009165273285,5.26629329871799,14.0376127265288,246.475935643814,TRUE,NA
"sigma",48.92,-12.1531520419907,4.2605877014939,5.26678937956756,14.0395065107702,246.539104555743,TRUE,NA
"sigma",48.93,-12.1549280966015,4.26108371232138,5.26728542228636,14.0414001665189,246.602277033553,TRUE,NA
"sigma",48.94,-12.1567040383797,4.26157968522601,5.26778142688526,14.0432936938094,246.665453076756,TRUE,NA
"sigma",48.95,-12.1584798673547,4.2620756202185,5.26827739337515,14.0451870926767,246.72863268487,TRUE,NA
"sigma",48.96,-12.1602555835564,4.26257151730983,5.26877332176727,14.0470803631554,246.791815857414,TRUE,NA
"sigma",48.97,-12.1620311870141,4.26306737651051,5.26926921207221,14.0489735052804,246.855002593903,TRUE,NA
"sigma",48.98,-12.1638066777574,4.26356319783154,5.26976506430119,14.0508665190864,246.918192893854,TRUE,NA
"sigma",48.99,-12.1655820558158,4.26405898128364,5.2702608784651,14.0527594046082,246.981386756787,TRUE,NA
"sigma",49,-12.1673573212187,4.2645547268773,5.27075665457468,14.0546521618801,247.044584182215,TRUE,NA
"sigma",49.01,-12.1691324739958,4.26505043462367,5.27125239264114,14.0565447909374,247.107785169661,TRUE,NA
"sigma",49.02,-12.1709075141765,4.26554610453328,5.27174809267526,14.0584372918143,247.170989718638,TRUE,NA
"sigma",49.03,-12.1726824417902,4.26604173661685,5.272243754688,14.0603296645457,247.234197828667,TRUE,NA
"sigma",49.04,-12.1744572568663,4.26653733088521,5.27273937869028,14.0622219091661,247.297409499265,TRUE,NA
"sigma",49.05,-12.1762319594344,4.26703288734909,5.27323496469301,14.0641140257102,247.360624729951,TRUE,NA
"sigma",49.06,-12.1780065495237,4.26752840601913,5.27373051270705,14.0660060142126,247.423843520243,TRUE,NA
"sigma",49.07,-12.1797810271639,4.26802388690604,5.27422602274328,14.0678978747079,247.487065869662,TRUE,NA
"sigma",49.08,-12.1815553923841,4.26851933002066,5.2747214948127,14.0697896072306,247.550291777722,TRUE,NA
"sigma",49.09,-12.1833296452138,4.26901473537363,5.27521692892622,14.0716812118153,247.613521243945,TRUE,NA
"sigma",49.1,-12.1851037856824,4.26951010297572,5.27571232509465,14.0735726884965,247.676754267851,TRUE,NA
"sigma",49.11,-12.1868778138191,4.2700054328375,5.27620768332881,14.0754640373089,247.739990848957,TRUE,NA
"sigma",49.12,-12.1886517296535,4.27050072496968,5.27670300363961,14.0773552582867,247.803230986785,TRUE,NA
"sigma",49.13,-12.1904255332147,4.27099597938309,5.27719828603806,14.0792463514647,247.866474680854,TRUE,NA
"sigma",49.14,-12.1921992245321,4.27149119608835,5.27769353053488,14.0811373168772,247.929721930681,TRUE,NA
"sigma",49.15,-12.193972803635,4.27198637509603,5.27818873714089,14.0830281545587,247.992972735789,TRUE,NA
"sigma",49.16,-12.1957462705526,4.27248151641697,5.27868390586712,14.0849188645437,248.056227095699,TRUE,NA
"sigma",49.17,-12.1975196253143,4.27297662006172,5.27917903672423,14.0868094468665,248.119485009927,TRUE,NA
"sigma",49.18,-12.1992928679493,4.27347168604105,5.27967412972325,14.0886999015617,248.182746477998,TRUE,NA
"sigma",49.19,-12.2010659984868,4.27396671436551,5.28016918487481,14.0905902286634,248.246011499431,TRUE,NA
"sigma",49.2,-12.2028390169561,4.27446170504584,5.28066420218995,14.0924804282063,248.309280073745,TRUE,NA
"sigma",49.21,-12.2046119233863,4.27495665809252,5.28115918167925,14.0943705002245,248.372552200463,TRUE,NA
"sigma",49.22,-12.2063847178068,4.27545157351638,5.28165412335372,14.0962604447526,248.435827879107,TRUE,NA
"sigma",49.23,-12.2081574002466,4.27594645132807,5.28214902722417,14.0981502618247,248.499107109195,TRUE,NA
"sigma",49.24,-12.2099299707349,4.27644129153801,5.28264389330126,14.1000399514752,248.562389890251,TRUE,NA
"sigma",49.25,-12.211702429301,4.2769360941571,5.28313872159601,14.1019295137385,248.625676221797,TRUE,NA
"sigma",49.26,-12.213474775974,4.27743085919577,5.28363351211904,14.1038189486487,248.688966103352,TRUE,NA
"sigma",49.27,-12.2152470107829,4.27792558666465,5.2841282648812,14.1057082562401,248.752259534441,TRUE,NA
"sigma",49.28,-12.217019133757,4.27842027657439,5.28462297989324,14.1075974365471,248.815556514585,TRUE,NA
"sigma",49.29,-12.2187911449252,4.27891492893572,5.2851176571661,14.1094864896038,248.878857043303,TRUE,NA
"sigma",49.3,-12.2205630443168,4.27940954375901,5.28561229671041,14.1113754154444,248.942161120123,TRUE,NA
"sigma",49.31,-12.2223348319609,4.27990412105503,5.28610689853698,14.1132642141031,249.005468744565,TRUE,NA
"sigma",49.32,-12.2241065078864,4.28039866083428,5.28660146265655,14.1151528856143,249.068779916151,TRUE,NA
"sigma",49.33,-12.2258780721224,4.2808931631074,5.28709598907994,14.1170414300119,249.132094634405,TRUE,NA
"sigma",49.34,-12.2276495246981,4.28138762788494,5.28759047781785,14.1189298473301,249.195412898849,TRUE,NA
"sigma",49.35,-12.2294208656423,4.28188205517746,5.28808492888106,14.1208181376032,249.258734709006,TRUE,NA
"sigma",49.36,-12.2311920949841,4.28237644499558,5.28857934228035,14.1227063008651,249.322060064402,TRUE,NA
"sigma",49.37,-12.2329632127526,4.28287079734988,5.2890737180264,14.1245943371501,249.385388964559,TRUE,NA
"sigma",49.38,-12.2347342189767,4.28336511225078,5.2895680561299,14.1264822464922,249.448721409,TRUE,NA
"sigma",49.39,-12.2365051136854,4.28385938970901,5.29006235660174,14.1283700289254,249.512057397248,TRUE,NA
"sigma",49.4,-12.2382758969076,4.28435362973509,5.29055661945257,14.1302576844839,249.575396928831,TRUE,NA
"sigma",49.41,-12.2400465686723,4.28484783233941,5.29105084469296,14.1321452132016,249.638740003268,TRUE,NA
"sigma",49.42,-12.2418171290085,4.28534199753271,5.29154503233391,14.1340326151127,249.702086620087,TRUE,NA
"sigma",49.43,-12.243587577945,4.28583612532541,5.2920391823859,14.135919890251,249.765436778809,TRUE,NA
"sigma",49.44,-12.2453579155108,4.28633021572805,5.29253329485969,14.1378070386507,249.828790478964,TRUE,NA
"sigma",49.45,-12.2471281417348,4.28682426875121,5.29302736976601,14.1396940603456,249.892147720073,TRUE,NA
"sigma",49.46,-12.2488982566458,4.28731828440528,5.29352140711549,14.1415809553697,249.955508501661,TRUE,NA
"sigma",49.47,-12.2506682602728,4.28781226270089,5.29401540691888,14.1434677237571,250.018872823256,TRUE,NA
"sigma",49.48,-12.2524381526446,4.28830620364862,5.29450936918694,14.1453543655416,250.082240684381,TRUE,NA
"sigma",49.49,-12.2542079337899,4.2888001072588,5.2950032939302,14.147240880757,250.145612084559,TRUE,NA
"sigma",49.5,-12.2559776037377,4.28929397354208,5.29549718115945,14.1491272694374,250.208987023321,TRUE,NA
"sigma",49.51,-12.2577471625168,4.28978780250877,5.29599103088517,14.1510135316165,250.272365500189,TRUE,NA
"sigma",49.52,-12.259516610156,4.29028159416959,5.29648484311825,14.1528996673284,250.33574751469,TRUE,NA
"sigma",49.53,-12.2612859466841,4.29077534853483,5.29697861786919,14.1547856766067,250.399133066352,TRUE,NA
"sigma",49.54,-12.2630551721297,4.29126906561501,5.29747235514866,14.1566715594854,250.462522154696,TRUE,NA
"sigma",49.55,-12.2648242865218,4.29176274542075,5.29796605496746,14.1585573159983,250.525914779256,TRUE,NA
"sigma",49.56,-12.266593289889,4.29225638796235,5.29845971733599,14.1604429461791,250.589310939551,TRUE,NA
"sigma",49.57,-12.2683621822602,4.29274999325037,5.29895334226507,14.1623284500618,250.652710635112,TRUE,NA
"sigma",49.58,-12.270130963664,4.29324356129515,5.29944692976523,14.1642138276798,250.716113865466,TRUE,NA
"sigma",49.59,-12.2718996341292,4.2937370921073,5.29994047984717,14.1660990790673,250.779520630139,TRUE,NA
"sigma",49.6,-12.2736681936843,4.29423058569714,5.30043399252142,14.1679842042577,250.842930928657,TRUE,NA
"sigma",49.61,-12.2754366423582,4.29472404207521,5.30092746779871,14.1698692032848,250.90634476055,TRUE,NA
"sigma",49.62,-12.2772049801795,4.29521746125188,5.30142090568953,14.1717540761825,250.969762125344,TRUE,NA
"sigma",49.63,-12.2789732071769,4.2957108432376,5.30191430620452,14.1736388229842,251.033183022567,TRUE,NA
"sigma",49.64,-12.2807413233789,4.2962041880428,5.30240766935434,14.1755234437237,251.096607451746,TRUE,NA
"sigma",49.65,-12.2825093288143,4.29669749567792,5.30290099514949,14.1774079384348,251.16003541241,TRUE,NA
"sigma",49.66,-12.2842772235117,4.2971907661534,5.30339428360069,14.179292307151,251.223466904088,TRUE,NA
"sigma",49.67,-12.2860450074996,4.29768399947959,5.3038875347184,14.1811765499059,251.286901926307,TRUE,NA
"sigma",49.68,-12.2878126808067,4.29817719566696,5.30438074851322,14.1830606667331,251.350340478594,TRUE,NA
"sigma",49.69,-12.2895802434616,4.29867035472589,5.30487392499581,14.1849446576664,251.413782560482,TRUE,NA
"sigma",49.7,-12.2913476954928,4.29916347666672,5.30536706417657,14.1868285227392,251.477228171496,TRUE,NA
"sigma",49.71,-12.2931150369288,4.29965656149998,5.30586016606625,14.1887122619851,251.540677311165,TRUE,NA
"sigma",49.72,-12.2948822677983,4.30014960923587,5.3063532306752,14.1905958754377,251.60412997902,TRUE,NA
"sigma",49.73,-12.2966493881297,4.30064261988498,5.30684625801425,14.1924793631305,251.667586174589,TRUE,NA
"sigma",49.74,-12.2984163979515,4.30113559345747,5.3073392480937,14.1943627250969,251.731045897402,TRUE,NA
"sigma",49.75,-12.3001832972924,4.30162852996392,5.30783220092421,14.1962459613706,251.79450914699,TRUE,NA
"sigma",49.76,-12.3019500861807,4.3021214294146,5.30832511651627,14.1981290719851,251.85797592288,TRUE,NA
"sigma",49.77,-12.3037167646449,4.30261429181985,5.30881799488043,14.2000120569736,251.921446224603,TRUE,NA
"sigma",49.78,-12.3054833327135,4.3031071171901,5.30931083602721,14.2018949163698,251.98492005169,TRUE,NA
"sigma",49.79,-12.307249790415,4.30359990553564,5.30980363996714,14.2037776502071,252.048397403671,TRUE,NA
"sigma",49.8,-12.3090161377777,4.30409265686678,5.3102964067107,14.2056602585189,252.111878280073,TRUE,NA
"sigma",49.81,-12.3107823748303,4.30458537119403,5.31078913626853,14.2075427413386,252.175362680432,TRUE,NA
"sigma",49.82,-12.3125485016009,4.30507804852758,5.31128182865102,14.2094250986997,252.238850604274,TRUE,NA
"sigma",49.83,-12.3143145181181,4.30557068887783,5.31177448386865,14.2113073306354,252.302342051134,TRUE,NA
"sigma",49.84,-12.3160804244102,4.30606329225506,5.31226710193195,14.2131894371792,252.365837020539,TRUE,NA
"sigma",49.85,-12.3178462205055,4.3065558586696,5.31275968285139,14.2150714183643,252.429335512022,TRUE,NA
"sigma",49.86,-12.3196119064326,4.30704838813182,5.31325222663756,14.2169532742243,252.492837525116,TRUE,NA
"sigma",49.87,-12.3213774822196,4.30754088065202,5.31374473330083,14.2188350047922,252.55634305935,TRUE,NA
"sigma",49.88,-12.323142947895,4.3080333362404,5.31423720285166,14.2207166101015,252.619852114255,TRUE,NA
"sigma",49.89,-12.3249083034871,4.30852575490744,5.31472963530062,14.2225980901854,252.683364689367,TRUE,NA
"sigma",49.9,-12.3266735490242,4.30901813666339,5.31522203065815,14.2244794450773,252.746880784212,TRUE,NA
"sigma",49.91,-12.3284386845345,4.30951048151844,5.31571438893465,14.2263606748103,252.810400398327,TRUE,NA
"sigma",49.92,-12.3302037100464,4.31000278948298,5.31620671014061,14.2282417794178,252.873923531242,TRUE,NA
"sigma",49.93,-12.3319686255881,4.31049506056721,5.31669899428647,14.2301227589328,252.93745018249,TRUE,NA
"sigma",49.94,-12.3337334311879,4.3109872947815,5.31719124138269,14.2320036133887,253.000980351603,TRUE,NA
"sigma",49.95,-12.3354981268741,4.31147949213611,5.31768345143973,14.2338843428187,253.064514038116,TRUE,NA
"sigma",49.96,-12.3372627126748,4.31197165264128,5.31817562446804,14.2357649472558,253.128051241556,TRUE,NA
"sigma",49.97,-12.3390271886184,4.31246377630729,5.31866776047791,14.2376454267334,253.191591961464,TRUE,NA
"sigma",49.98,-12.3407915547329,4.31295586314438,5.31915985947991,14.2395257812844,253.255136197367,TRUE,NA
"sigma",49.99,-12.3425558110467,4.31344791316276,5.31965192148438,14.2414060109421,253.318683948801,TRUE,NA
"sigma",50,-12.3443199575878,4.31393992637276,5.32014394650175,14.2432861157396,253.3822352153,TRUE,NA
