"sweep_param","sweep_value","xL","xk","xl","xU","gamma","converged","error_msg"
"r",0.05,-0.604130968664343,0.565420283678406,1.5386158718819,1.1531258059556,2.41497422729931,TRUE,NA
"r",0.1,-0.619994370096846,0.547246927435147,1.52122817154715,1.14733891723029,2.48439301895179,TRUE,NA
"r",0.15,-0.635776644903527,0.529758649891604,1.50453478043418,1.14288204944471,2.55421194220482,TRUE,NA
"r",0.2,-0.651436017572202,0.512999068898654,1.4885834382211,1.13981196093788,2.62436888499038,TRUE,NA
"r",0.25,-0.666932631983964,0.497008619697237,1.47341883666235,1.13817575286556,2.69479913560511,TRUE,NA
"r",0.3,-0.682229087133383,0.481823870298712,1.45908186014932,1.13800859716365,2.7654365273309,TRUE,NA
"r",0.35,-0.697290953225158,0.467476834026927,1.44560880179378,1.13933147985856,2.8362146734497,TRUE,NA
"r",0.4,-0.712087250365911,0.453994309978768,1.43303058569721,1.14214913781942,2.90706825213373,TRUE,NA
"r",0.45,-0.726590868501262,0.441397289430243,1.4213720357925,1.14644840703529,2.97793429018944,TRUE,NA
"r",0.5,-0.740778905132378,0.429700470951599,1.41065123945418,1.15219721791845,3.0487533862891,TRUE,NA
"r",0.55,-0.754632897683727,0.41891192735243,1.40087905775186,1.15934445407112,3.11947081026653,TRUE,NA
"r",0.6,-0.768138930977954,0.409032962049699,1.39205883164984,1.16782082640669,3.19003741728395,TRUE,NA
"r",0.65,-0.781287607371996,0.400058180461153,1.38418632330035,1.17754080614534,3.26041032543306,TRUE,NA
"r",0.7,-0.794073877178301,0.391975784486713,1.37724991405959,1.18840552383704,3.33055332241698,TRUE,NA
"r",0.75,-0.806496738654298,0.384768077502639,1.37123105803989,1.20030640539195,3.40043698946002,TRUE,NA
"r",0.8,-0.818558828106923,0.378412147160186,1.36610496563388,1.21312921277546,3.47003855507178,TRUE,NA
"r",0.85,-0.830265929471183,0.372880677405118,1.36184146995125,1.22675811220831,3.53934151364065,TRUE,NA
"r",0.9,-0.841626437552916,0.36814283232655,1.35840601438185,1.24107941548106,3.60833506038801,TRUE,NA
"r",0.95,-0.852650809402495,0.364165153767724,1.35576069375072,1.25598472002477,3.67701340277473,TRUE,NA
"r",1,-0.863351034473916,0.360912421250251,1.35386528479319,1.27137328612271,3.74537500872718,TRUE,NA
"r",1.05,-0.873740147564501,0.358348434424309,1.35267821208049,1.28715360630172,3.81342184546604,TRUE,NA
"r",1.1,-0.883831800583974,0.356436692139061,1.35215741011708,1.30324421907794,3.88115865172351,TRUE,NA
"r",1.15,-0.89363990140111,0.355140955754184,1.35226105803194,1.31957388414103,3.94859227337619,TRUE,NA
"r",1.2,-0.903178321376302,0.354425695686366,1.35294817763999,1.3360812669669,4.01573108020412,TRUE,NA
"r",1.25,-0.912460668223681,0.354256428519888,1.3541790971493,1.35271428364648,4.08258447105521,TRUE,NA
"r",1.3,-0.921410104623291,0.354679718534424,1.36530753201327,1.36909945011142,4.14909909005814,TRUE,NA
"r",1.35,-0.930418705355706,0.355169807240678,1.35774311448871,1.36855224668021,4.21567896727579,TRUE,NA
"r",1.4,-0.939149382267613,0.35611741153113,1.35989478589915,1.37590641808213,4.28200156221364,TRUE,NA
"r",1.45,-0.947724848717264,0.357362879179392,1.362261682263,1.38317959753205,4.34818238887616,TRUE,NA
"r",1.5,-0.956152062914899,0.358886034302929,1.36482341171572,1.3903732790767,4.41422676741646,TRUE,NA
"r",1.55,-0.964437457257721,0.360667948390102,1.36756151586478,1.39748902055506,4.48013960896176,TRUE,NA
"r",1.6,-0.972586983719243,0.362690850282358,1.37045926634083,1.40452841507239,4.54592544090009,TRUE,NA
"r",1.65,-0.980606155822058,0.364938046024628,1.37350148491935,1.41149306899851,4.61158843283611,TRUE,NA
"r",1.7,-0.988500087292189,0.367393847249113,1.37667438429929,1.4183845852311,4.67713242257666,TRUE,NA
"r",1.75,-0.996273527551915,0.370043506855477,1.37996542690554,1.42520455065249,4.74256094170074,TRUE,NA
"r",1.8,-1.0039308942119,0.372873160940296,1.38336319956975,1.43195452695973,4.80787724035311,TRUE,NA
"r",1.85,-1.01147630274108,0.375869776054917,1.38685730213751,1.4386360441494,4.87308431100676,TRUE,NA
"r",1.9,-1.01891359352029,0.379021100946309,1.39043824829828,1.44525059606924,4.93818491106043,TRUE,NA
"r",1.95,-1.02624635628334,0.382315622549473,1.39409737775272,1.45179963804632,5.00318158378484,TRUE,NA
"r",2,NA,NA,NA,NA,NA,FALSE,"Degenerate case |a_{i,1}| ~= 0 detected; the cubic fallback is not implemented."
"r",2.05,-1.04061153767852,0.389291645029317,1.40161920339182,1.46470680685905,5.13287237234966,TRUE,NA
"r",2.1,-1.04765007413495,0.39295345219111,1.40546803770021,1.47106764029444,5.19757067783497,TRUE,NA
"r",2.15,-1.05459635388011,0.396718997072942,1.40936721012024,1.47736837616391,5.26217346961723,TRUE,NA
"r",2.2,-1.06145301036008,0.400579888486416,1.4133111587516,1.4836102675778,5.32668249320248,TRUE,NA
"r",2.25,-1.06822253258605,0.404528261362847,1.41729478221508,1.48979452967856,5.39109937912455,TRUE,NA
"r",2.3,-1.07490727741632,0.408556747647654,1.42131339891694,1.49592234125399,5.45542565504256,TRUE,NA
"r",2.35,-1.0815094805953,0.412658448647813,1.4253627100667,1.50199484620103,5.51966275661751,TRUE,NA
"r",2.4,-1.08803126669556,0.416826908660855,1.42943876643733,1.50801315513265,5.58381203730713,TRUE,NA
"r",2.45,-1.09447465808915,0.421056089761611,1.43353793836753,1.51397834698742,5.64787477719936,TRUE,NA
"r",2.5,-1.10084158303482,0.425340347717157,1.43765688859392,1.51989147058599,5.71185219093862,TRUE,NA
"r",2.55,-1.10713388296627,0.429674408996113,1.44179254768346,1.52575354615561,5.77574543481184,TRUE,NA
"r",2.6,-1.11335331906635,0.43405334882672,1.44594209173824,1.53156556677894,5.83955561307607,TRUE,NA
"r",2.65,-1.11950157819732,0.438472570287199,1.45010292215991,1.53732849976784,5.9032837835862,TRUE,NA
"r",2.7,-1.12558027825182,0.442927784402087,1.45427264726404,1.54304328796757,5.96693096278938,TRUE,NA
"r",2.75,-1.13159097298581,0.447414991225924,1.45844906554803,1.54871085097643,6.0304981301429,TRUE,NA
"r",2.8,-1.13753515638861,0.451930461882796,1.46263015044573,1.55433208628605,6.09398623202002,TRUE,NA
"r",2.85,-1.14341426663499,0.456470721551928,1.46681403642451,1.55990787034382,6.15739618514439,TRUE,NA
"r",2.9,-1.14922968966656,0.461032533363848,1.47099900629601,1.56543905954592,6.22072887961106,TRUE,NA
"r",2.95,-1.15498276243995,0.46561288318656,1.47518347961515,1.57092649115582,6.2839851815334,TRUE,NA
"r",3,-1.16067477587715,0.470208965273022,1.47936600206958,1.57637098416029,6.34716593535746,TRUE,NA
"r",3.05,-1.16630697755078,0.474818168736906,1.48354523576115,1.58177334006244,6.41027196588362,TRUE,NA
"r",3.1,-1.17188057412991,0.479438064832644,1.487719950304,1.58713434362305,6.47330408002304,TRUE,NA
"r",3.15,-1.17739673361481,0.484066394998865,1.4918890146534,1.59245476354646,6.53626306832681,TRUE,NA
"r",3.2,-1.18285658738033,0.488701059639181,1.49605138960685,1.59773535312244,6.59914970630902,TRUE,NA
"r",3.25,-1.18826123205001,0.493340107600994,1.50020612091325,1.60297685082492,6.661964755593,TRUE,NA
"r",3.3,-1.19361173121725,0.497981726322289,1.50435233293537,1.60817998087151,6.72470896489944,TRUE,NA
"r",3.35,-1.19890911703005,0.502624232610295,1.50848922282062,1.61334545375043,6.78738307089776,TRUE,NA
"r",3.4,-1.20415439165362,0.507266064017766,1.51261605512987,1.61847396671377,6.8499877989387,TRUE,NA
"r",3.45,-1.20934852862272,0.511905770785653,1.51673215689018,1.6235662042443,6.91252386368194,TRUE,NA
"r",3.5,-1.21449247409562,0.516542008316949,1.52083691303147,1.628622838496,6.97499196963491,TRUE,NA
"r",3.55,-1.21958714801849,0.521173530153712,1.52492976217734,1.63364452971306,7.03739281161188,TRUE,NA
"r",3.6,-1.22463344521058,0.525799181421838,1.52901019275674,1.63863192662658,7.09972707512834,TRUE,NA
"r",3.65,-1.22963223637607,0.530417892719818,1.53307773941434,1.64358566683504,7.16199543673522,TRUE,NA
"r",3.7,-1.23458436905106,0.535028674418975,1.53713197969079,1.64850637716688,7.2241985643052,TRUE,NA
"r",3.75,-1.23949066849104,0.539630611350551,1.54117253095298,1.65339467402864,7.28633711727636,TRUE,NA
"r",3.8,-1.24435193850454,0.544222857853783,1.54519904755367,1.65825116373995,7.34841174686001,TRUE,NA
"r",3.85,-1.24916896223747,0.548804633161694,1.54921121820242,1.66307644285675,7.41042309621744,TRUE,NA
"r",3.9,-1.25394250291332,0.553375217099328,1.55320876352883,1.66787109848268,7.47237180061253,TRUE,NA
"r",3.95,-1.25867330453192,0.557933946076797,1.55719143382615,1.67263570857175,7.53425848754132,TRUE,NA
"r",4,-1.26336209253102,0.562480209354103,1.56115900695856,1.67737084222169,7.59608377684436,TRUE,NA
"r",4.05,-1.26800957441353,0.567013445559928,1.5651112864202,1.68207705995918,7.65784828080437,TRUE,NA
"r",4.1,-1.27261644034296,0.571533139447248,1.56904809953414,1.68675491401778,7.71955260423118,TRUE,NA
"r",4.15,-1.27718336370997,0.576038818867904,1.57296929578028,1.69140494860901,7.78119734453752,TRUE,NA
"r",4.2,-1.28171100167139,0.580530051953264,1.57687474524357,1.696027700188,7.84278309180548,TRUE,NA
"r",4.25,-1.28619999566471,0.585006444483539,1.58076433717103,1.70062369771261,7.90431042884791,TRUE,NA
"r",4.3,-1.29065097189919,0.589467637434692,1.58463797863148,1.70519346289786,7.96577993126432,TRUE,NA
"r",4.35,-1.29506454182506,0.593913304690143,1.5884955932698,1.70973751046584,8.02719216749254,TRUE,NA
"r",4.4,-1.29944130258284,0.598343150904893,1.59233712014777,1.71425634839077,8.08854769885818,TRUE,NA
"r",4.45,-1.30378183743363,0.602756909512162,1.59616251266615,1.7187504781403,8.1498470796218,TRUE,NA
"r",4.5,-1.30808671617149,0.607154340862837,1.59997173756191,1.72322039491324,8.2110908570243,TRUE,NA
"r",4.55,-1.31235649551952,0.611535230487231,1.60376477397429,1.72766658787351,8.27227957133227,TRUE,NA
"r",4.6,-1.31659171951006,0.615899387472036,1.60754161257554,1.73208954038096,8.33341375588245,TRUE,NA
"r",4.65,-1.32079291985008,0.620246642943894,1.61130225476169,1.73648973021954,8.39449393712611,TRUE,NA
"r",4.7,-1.32496061627284,0.624576848651956,1.6150467118982,1.74086762982228,8.45552063467412,TRUE,NA
"r",4.75,-1.32909531687611,0.628889875643268,1.61877500461773,1.74522370649404,8.51649436134199,TRUE,NA
"r",4.8,-1.33319751844806,0.633185613023934,1.62248716216538,1.74955842263178,8.57741562319607,TRUE,NA
"r",4.85,-1.33726770678122,0.637463966800993,1.62618322178873,1.7538722359427,8.6382849195999,TRUE,NA
"r",4.9,-1.34130635697519,0.641724858798465,1.62986322816886,1.75816559966015,8.69910274326205,TRUE,NA
"r",4.95,-1.34531393372851,0.645968225644005,1.63352723289064,1.76243896275812,8.75986958028407,TRUE,NA
"r",5,-1.34929089162054,0.650194017819636,1.63717529394788,1.76669277016346,8.82058591021014,TRUE,NA
"r",5.05,-1.35323767538333,0.654402198774032,1.64080747528283,1.77092746296695,8.88125220607687,TRUE,NA
"r",5.1,-1.35715472016434,0.658592744090976,1.64442384635615,1.77514347863276,8.94186893446434,TRUE,NA
"r",5.15,-1.36104245178015,0.662765640710943,1.64802448174634,1.77934125120664,9.00243655554772,TRUE,NA
"r",5.2,-1.36490128696182,0.666920886201759,1.65160946077556,1.78352121152263,9.06295552315004,TRUE,NA
"r",5.25,-1.36873163359182,0.671058488076081,1.6551788671617,1.78768378740931,9.12342628479492,TRUE,NA
"r",5.3,-1.37253389093337,0.675178463151304,1.65873278869294,1.7918294038944,9.18384928176069,TRUE,NA
"r",5.35,-1.3763084498522,0.679280836950257,1.66227131692492,1.79595848340885,9.24422494913456,TRUE,NA
"r",5.4,-1.38005569303102,0.683365643139632,1.66579454689839,1.80007144599012,9.30455371586734,TRUE,NA
"r",5.45,-1.38377599517723,0.687432923003459,1.66930257687572,1.80416870948465,9.36483600482873,TRUE,NA
"r",5.5,-1.38746972322376,0.691482724950053,1.6727955080958,1.80825068974985,9.42507223286262,TRUE,NA
"r",5.55,-1.39113723652376,0.695515104049452,1.67627344454519,1.81231780085535,9.48526281084295,TRUE,NA
"r",5.6,-1.39477888703884,0.699530121600388,1.67973649274559,1.81637045528409,9.54540814372931,TRUE,NA
"r",5.65,-1.39839501952165,0.703527844723954,1.68318476155533,1.82040906413268,9.60550863062296,TRUE,NA
"r",5.7,-1.40198597169253,0.707508345983047,1.68661836198509,1.8244340373115,9.66556466482264,TRUE,NA
"r",5.75,-1.40555207441076,0.711471703025582,1.69003740702621,1.82844578374454,9.7255766338804,TRUE,NA
"r",5.8,-1.40909365184047,0.715417998250212,1.6934420114913,1.83244471156877,9.7855449196571,TRUE,NA
"r",5.85,-1.41261102161135,0.719347318492966,1.69683229186584,1.83643122833332,9.84546989837785,TRUE,NA
"r",5.9,-1.41610449497454,0.723259754733746,1.70020836617074,1.84040574119824,9.90535194068709,TRUE,NA
"r",5.95,-1.41957437695361,0.7271554018213,1.70357035383448,1.84436865713302,9.96519141170323,TRUE,NA
"r",6,-1.42302096649104,0.731034358215561,1.70691837557483,1.84832038311455,10.0249886710731,TRUE,NA
"r",6.05,-1.42644455659011,0.734896725746539,1.71025255328923,1.85226132632487,10.0847440730256,TRUE,NA
"r",6.1,-1.42984543445262,0.738742609388299,1.71357300995325,1.85619189434807,10.144457966425,TRUE,NA
"r",6.15,-1.43322388161229,0.7425721170478,1.71687986952714,1.86011249536693,10.2041306948238,TRUE,NA
"r",6.2,-1.43658017406431,0.746385359366912,1.72017325686914,1.86402353835837,10.2637625965146,TRUE,NA
"r",6.25,-1.43991458239082,0.750182449537475,1.72345329765587,1.8679254332882,10.3233540045817,TRUE,NA
"r",6.3,-1.44322737188278,0.753963503128422,1.72672011830915,1.8718185913046,10.3829052469517,TRUE,NA
"r",6.35,-1.44651880265805,0.757728637924034,1.72997384592867,1.8757034249303,10.4424166464433,TRUE,NA
"r",6.4,-1.44978912977607,0.761477973773048,1.73321460823035,1.87958034825289,10.5018885208169,TRUE,NA
"r",6.45,-1.45303860334907,0.765211632447678,1.73644253349002,1.88344977711335,10.5613211828226,TRUE,NA
"r",6.5,-1.45626746864993,0.768929737512266,1.73965775049221,1.8873121292921,10.6207149402481,TRUE,NA
"r",6.55,-1.45947596621701,0.772632414200483,1.74286038848322,1.8911678246921,10.6800700959651,TRUE,NA
"r",6.6,-1.46266433195597,0.776319789300573,1.74605057712827,1.89501728551306,10.7393869479762,TRUE,NA
"r",6.65,-1.46583279723736,0.779991991052047,1.74922844647672,1.89886093645177,10.7986657894567,TRUE,NA
"r",6.7,-1.46898158899402,0.783649149042072,1.75239412692243,1.90269920483658,10.8579069088034,TRUE,NA
"r",6.75,-1.47211092981295,0.787291394116871,1.75554774917683,1.90653252081939,10.9171105896747,TRUE,NA
"r",6.8,-1.47522103802583,0.790918858295405,1.75868944424061,1.9103613175297,10.9762771110339,TRUE,NA
"r",6.85,-1.47831212779668,0.794531674690373,1.76181934337968,1.9141860312286,11.0354067471907,TRUE,NA
"r",6.9,-1.48138440920695,0.798129977434874,1.76493757810409,1.91800710145501,11.0944997678414,TRUE,NA
"r",6.95,-1.48443808833826,0.801713901614449,1.7680442801496,1.9218249711631,11.1535564381093,TRUE,NA
"r",7,-1.48747336735265,0.805283583204383,1.77113958146183,1.92564008684986,11.2125770185834,TRUE,NA
"r",7.05,-1.4904904445707,0.80883915901175,1.77422361418289,1.9294528986715,11.2715617653565,TRUE,NA
"r",7.1,-1.49348951454735,0.812380766621827,1.77729651064001,1.93326386054721,11.3305109300628,TRUE,NA
"r",7.15,-1.49647076814568,0.815908544348838,1.78035840333627,1.93707343024885,11.3894247599145,TRUE,NA
"r",7.2,-1.49943439260865,0.819422631190593,1.7834094249432,1.94088206947495,11.4483034977376,TRUE,NA
"r",7.25,-1.50238057162883,0.82292316678656,1.78644970829488,1.94469024390696,11.5071473820077,TRUE,NA
"r",7.3,-1.50530948541638,0.82641029137946,1.78947938638354,1.94849842324609,11.5659566468845,TRUE,NA
"r",7.35,-1.50822131076512,0.829884145779886,1.79249859235656,1.95230708122846,11.624731522246,TRUE,NA
"r",7.4,-1.51111622111695,0.833344871333691,1.79550745951443,1.95611669561622,11.6834722337227,TRUE,NA
"r",7.45,-1.51399438662466,0.836792609891951,1.79850612130966,1.95992774816226,11.7421790027309,TRUE,NA
"r",7.5,-1.51685597421313,0.840227503783286,1.80149471134653,1.96374072454596,11.800852046506,TRUE,NA
"r",7.55,-1.5197011476391,0.843649695788143,1.80447336338126,1.96755611427691,11.8594915781356,TRUE,NA
"r",7.6,-1.52253006754956,0.847059329114904,1.80744221132264,1.97137441056388,11.9180978065924,TRUE,NA
"r",7.65,-1.52534289153881,0.850456547377608,1.81040138923282,1.9751961101457,11.9766709367679,TRUE,NA
"r",7.7,-1.5281397742043,0.853841494574943,1.81335103132809,1.9790217130809,12.0352111695051,TRUE,NA
"r",7.75,-1.53092086720138,0.857214315070121,1.81629127197928,1.98285172249239,12.0937187016326,TRUE,NA
"r",7.8,-1.53368631929697,0.86057515357181,1.81922224571195,1.98668664426375,12.1521937259987,TRUE,NA
"r",7.85,-1.53643627642225,0.86392415511543,1.82214408720576,1.99052698668337,12.2106364315062,TRUE,NA
"r",7.9,-1.53917088172457,0.867261465044628,1.8250569312929,1.99437326003244,12.2690470031488,TRUE,NA
"r",7.95,-1.54189027561846,0.87058722899299,1.82796091295561,1.99822597611304,12.3274256220468,TRUE,NA
"r",8,-1.54459459583614,0.87390159286519,1.83085616732201,2.00208564771233,12.3857724654862,TRUE,NA
"r",8.05,-1.54728397747728,0.877204702817803,1.83374282966058,2.00595278799885,12.4440877069579,TRUE,NA
"r",8.1,-1.54995855305839,0.880496705239132,1.83662103537256,2.00982790984719,12.5023715161988,TRUE,NA
"r",8.15,-1.55261845256178,0.883777746727963,1.83949091998233,2.01371152508722,12.5606240592353,TRUE,NA
"r",8.2,-1.55526380348431,0.887047974070916,1.84235261912527,2.01760414367443,12.6188454984285,TRUE,NA
"r",8.25,-1.55789473088588,0.890307534217999,1.84520626853296,2.02150627277818,12.677035992522,TRUE,NA
"r",8.3,-1.56051135743794,0.893556574256207,1.84805200401532,2.02541841578494,12.7351956966928,TRUE,NA
"r",8.35,-1.56311380347199,0.896795241380818,1.85088996143958,2.02934107121447,12.7933247626047,TRUE,NA
"r",8.4,-1.56570218702825,0.900023682864022,1.85372027670562,2.0332747315469,12.851423338465,TRUE,NA
"r",8.45,-1.56827662390455,0.903242046020687,1.85654308571745,2.03721988196018,12.9094915690854,TRUE,NA
"r",8.5,-1.57083722770561,0.906450478170941,1.85935852435062,2.0411769989775,12.9675295959458,TRUE,NA
"r",8.55,-1.57338410989276,0.909649126599277,1.86216672841527,2.0451465490259,13.025537557263,TRUE,NA
"r",8.6,-1.57591737983417,0.912838138509864,1.86496783361436,2.04912898690818,13.0835155880634,TRUE,NA
"r",8.65,-1.57843714485576,0.916017660977988,1.86776197549728,2.05312475419161,13.1414638202604,TRUE,NA
"r",8.7,-1.58094351029282,0.919187840897144,1.87054928940814,2.05713427751836,13.199382382737,TRUE,NA
"r",8.75,-1.58343657954241,0.92234882492186,1.87332991042889,2.06115796684448,13.257271401433,TRUE,NA
"r",8.8,-1.58591645411663,0.925500759405727,1.87610397331695,2.06519621361547,13.3151309994379,TRUE,NA
"r",8.85,-1.5883832336968,0.928643790334893,1.8788716124373,2.06924938888892,13.3729612970891,TRUE,NA
"r",8.9,-1.59083701618858,0.931778063256604,1.88163296168893,2.07331784141626,13.4307624120758,TRUE,NA
"r",8.95,-1.59327789777811,0.93490372320285,1.88438815442561,2.07740189569777,13.4885344595482,TRUE,NA
"r",9,-1.59570597298912,0.938020914609201,1.88713732337108,2.08150185002702,13.5462775522332,TRUE,NA
"r",9.05,-1.59812133474095,0.941129781228756,1.88988060052864,2.08561797454279,13.6039918005542,TRUE,NA
"r",9.1,-1.60052407440768,0.944230466041321,1.89261811708548,2.08975050930848,13.6616773127586,TRUE,NA
"r",9.15,-1.60291428187797,0.947323111158209,1.89535000331179,2.09389966244068,13.7193341950484,TRUE,NA
"r",9.2,-1.60529204561582,0.950407857722665,1.89807638845517,2.09806560831,13.7769625517174,TRUE,NA
"r",9.25,-1.60765745272209,0.953484845806321,1.90079740063049,2.10224848583846,13.8345624852929,TRUE,NA
"r",9.3,-1.61001058899654,0.956554214302162,1.90351316670591,2.10644839691871,13.892134096681,TRUE,NA
"r",9.35,-1.61235153900033,0.959616100814494,1.90622381218554,2.11066540498047,13.9496774853167,TRUE,NA
"r",9.4,-1.61468038611887,0.962670641546301,1.90892946108929,2.11489953372973,14.007192749317,TRUE,NA
"r",9.45,-1.61699721262491,0.96571797118406,1.91163023582996,2.11915076608496,14.0646799856367,TRUE,NA
"r",9.5,-1.61930209974041,0.968758222784946,1.91432625709303,2.12341904333639,14.1221392902237,TRUE,NA
"r",9.55,-1.62159512770026,0.971791527656634,1.91701764370831,2.12770426454401,14.1795707581812,TRUE,NA
"r",9.6,-1.62387637581321,0.974818015244303,1.91970451252972,2.13200628620137,14.2369744839243,TRUE,NA
"r",9.65,-1.626145922523,0.977837813015504,1.9223869783128,2.13632492217544,14.2943505613382,TRUE,NA
"r",9.7,-1.62840384546804,0.980851046347898,1.92506515359551,2.14065994393748,14.3516990839351,TRUE,NA
"r",9.75,-1.6306502215398,0.983857838419909,1.92773914858239,2.14501108109273,14.4090201450078,TRUE,NA
"r",9.8,-1.63288512693929,0.986858310105428,1.93040907103325,2.14937802221304,14.4663138377796,TRUE,NA
"r",9.85,-1.63510863723178,0.989852579873102,1.93307502615719,2.15376041597124,14.52358025555,TRUE,NA
"r",9.9,-1.63732082739897,0.992840763691607,1.93573711651318,2.15815787257146,14.5808194918345,TRUE,NA
"r",9.95,-1.63952177188892,0.995822974941146,1.93839544191777,2.1625699654644,14.6380316404978,TRUE,NA
"r",10,-1.64171154466297,0.998799324332408,1.94105009936103,2.16699623333165,14.6952167958797,TRUE,NA
"r",10.05,-1.64389021923988,1.00176991983336,1.94370118293128,2.17143618231855,14.7523750529126,TRUE,NA
"r",10.1,-1.64605786873674,1.00473486660469,1.94634878374934,2.17588928849083,14.8095065072301,TRUE,NA
"r",10.15,-1.64821456590649,1.0076942669443,1.94899298991295,2.18035500048663,14.8666112552663,TRUE,NA
"r",10.2,-1.65036038317213,1.01064822024128,1.95163388645156,2.18483274233218,14.9236893943441,TRUE,NA
"r",10.25,-1.65249539265738,1.01359682293969,1.95427155529191,2.18932191638749,14.9807410227539,TRUE,NA
"r",10.3,-1.65461966621369,1.01654016851233,1.95690607523473,2.19382190638641,15.0377662398211,TRUE,NA
"r",10.35,-1.65673327544373,1.01947834744462,1.95953752194236,2.19833208053508,15.0947651459625,TRUE,NA
"r",10.4,-1.65883629172137,1.02241144722828,1.96216596793727,2.20285179463244,15.1517378427319,TRUE,NA
"r",10.45,-1.66092878620805,1.02533955236513,1.96479148261145,2.20738039517777,15.2086844328546,TRUE,NA
"r",10.5,-1.66301082986583,1.02826274438029,1.96741413224613,2.2119172224315,15.265605020251,TRUE,NA
"r",10.55,-1.66508249346712,1.03118110184472,1.97003398004162,2.21646161339786,15.3224997100507,TRUE,NA
"r",10.6,-1.66714384760131,1.03409470040645,1.97265108615652,2.22101290470068,15.3793686085949,TRUE,NA
"r",10.65,-1.66919496267842,1.03700361283021,1.97526550775601,2.22557043532709,15.436211823431,TRUE,NA
"r",10.7,-1.67123590893003,1.03990790904467,1.97787729906822,2.23013354921689,15.4930294632972,TRUE,NA
"r",10.75,-1.6732667564076,1.04280765619679,1.98048651144824,2.23470159767979,15.5498216380988,TRUE,NA
"r",10.8,-1.67528757497855,1.04570291871245,1.98309319344888,2.23927394162586,15.6065884588775,TRUE,NA
"r",10.85,-1.6772984343202,1.04859375836296,1.9856973908974,2.24384995359891,15.663330037773,TRUE,NA
"r",10.9,-1.67929940391184,1.05148023433635,1.98829914697744,2.24842901960576,15.7200464879787,TRUE,NA
"r",10.95,-1.68129055302527,1.0543624033131,1.99089850231547,2.25301054073813,15.776737923692,TRUE,NA
"r",11,-1.68327195071386,1.05724031954524,1.99349549507061,2.25759393458697,15.8334044600601,TRUE,NA
"r",11.05,-1.6852436658005,1.06011403493856,1.9960901610276,2.26217863645199,15.8900462131207,TRUE,NA
"r",11.1,-1.6872057668646,1.0629835991368,1.99868253369171,2.26676410035167,15.9466632997411,TRUE,NA
"r",11.15,-1.68915832222817,1.06584905960812,2.00127264438581,2.27134979984157,16.0032558375527,TRUE,NA
"r",11.2,-1.69110139994243,1.0687104617295,2.00386052234475,2.27593522864882,16.0598239448873,TRUE,NA
"r",11.25,-1.69303506777187,1.07156784887776,2.00644619481706,2.28051990113671,16.1163677407053,TRUE,NA
"r",11.3,-1.69495939318038,1.07442126251417,2.00902968715893,2.28510335260713,16.1728873445304,TRUE,NA
"r",11.35,-1.69687444331619,1.07727074227173,2.01161102293112,2.28968513945634,16.2293828763797,TRUE,NA
"r",11.4,-1.69878028499718,1.08011632604081,2.0141902239937,2.29426483919605,16.2858544566951,TRUE,NA
"r",11.45,-1.7006769846964,1.08295805005347,2.01676731059906,2.29884205035301,16.342302206276,TRUE,NA
"r",11.5,-1.7025646085279,1.08579594896616,2.01934230148303,2.30341639226036,16.3987262462118,TRUE,NA
"r",11.55,-1.70444322223308,1.08863005594041,2.02191521395334,2.30798750475354,16.4551266978163,TRUE,NA
"r",11.6,-1.70631289116748,1.09146040272138,2.02448606397573,2.31255504778314,16.5115036825643,TRUE,NA
"r",11.65,-1.70817368028809,1.09428701971407,2.02705486625713,2.31711870095674,16.567857322029,TRUE,NA
"r",11.7,-1.71002565414146,1.09710993605695,2.02962163432592,2.32167816302074,16.6241877378219,TRUE,NA
"r",11.75,-1.71186887685229,1.09992917969299,2.03218638060902,2.32623315129281,16.6804950515355,TRUE,NA
"r",11.8,-1.71370341211284,1.10274477743793,2.03474911650593,2.33078340105462,16.7367793846872,TRUE,NA
"r",11.85,-1.71552932317302,1.1055567550457,2.03730985245942,2.33532866491377,16.7930408586665,TRUE,NA
"r",11.9,-1.71734667283125,1.10836513727116,2.03986859802303,2.33986871214293,16.8492795946846,TRUE,NA
"r",11.95,-1.71915552342596,1.11116994792983,2.04242536192533,2.3444033280036,16.905495713726,TRUE,NA
"r",12,-1.72095593682801,1.11397120995488,2.04498015213091,2.34893231306087,16.9616893365036,TRUE,NA
"r",12.05,-1.72274797443364,1.11676894545128,2.04753297589814,2.35345548249495,17.0178605834152,TRUE,NA
"r",12.1,-1.72453169715831,1.11956317574721,2.05008383983395,2.35797266541455,17.0740095745038,TRUE,NA
"r",12.15,-1.72630716543117,1.12235392144273,2.05263274994537,2.3624837041764,17.130136429419,TRUE,NA
"r",12.2,-1.72807443919019,1.12514120245586,2.05517971168819,2.36698845371462,17.1862412673825,TRUE,NA
"r",12.25,-1.72983357787803,1.12792503806603,2.05772473001272,2.37148678088321,17.2423242071543,TRUE,NA
"r",12.3,-1.73158464043854,1.13070544695508,2.06026780940675,2.37597856381403,17.2983853670027,TRUE,NA
"r",12.35,-1.73332768531376,1.13348244724591,2.06280895393587,2.3804636912927,17.3544248646752,TRUE,NA
"r",12.4,-1.73506277044174,1.13625605653869,2.06534816728109,2.38494206215395,17.410442817373,TRUE,NA
"r",12.45,-1.73678995325465,1.13902629194506,2.06788545277421,2.38941358469766,17.4664393417263,TRUE,NA
"r",12.5,-1.73850929067764,1.14179317011998,2.0704208134306,2.39387817612687,17.5224145537725,TRUE,NA
"r",12.55,-1.74022083912806,1.14455670729181,2.07295425197994,2.39833576200801,17.5783685689356,TRUE,NA
"r",12.6,-1.74192465451528,1.1473169192903,2.07548577089472,2.40278627575421,17.6343015020082,TRUE,NA
"r",12.65,-1.74362079224082,1.15007382157275,2.07801537241675,2.40722965813145,17.6902134671345,TRUE,NA
"r",12.7,-1.74530930719899,1.1528274292486,2.08054305858177,2.41166585678783,17.7461045777954,TRUE,NA
"r",12.75,-1.74699025377791,1.15557775710223,2.0830688312423,2.41609482580571,17.801974946795,TRUE,NA
"r",12.8,-1.74866368586086,1.15832481961425,2.08559269208867,2.42051652527625,17.8578246862485,TRUE,NA
"r",12.85,-1.75032965682797,1.16106863098134,2.08811464266859,2.42493092089612,17.9136539075715,TRUE,NA
"r",12.9,-1.75198821955826,1.1638092051348,2.09063468440515,2.42933798358574,17.9694627214709,TRUE,NA
"r",12.95,-1.75363942643196,1.16654655575762,2.09315281861339,2.43373768912839,18.0252512379366,TRUE,NA
"r",13,-1.75528332933302,1.1692806963005,2.09566904651561,2.43813001782968,18.0810195662344,TRUE,NA
"r",13.05,-1.75691997965198,1.17201163999667,2.09818336925535,2.44251495419647,18.1367678149003,TRUE,NA
"r",13.1,-1.75854942828897,1.17473939987561,2.10069578791034,2.44689248663466,18.1924960917355,TRUE,NA
"r",13.15,-1.76017172565698,1.1774639887759,2.10320630350426,2.45126260716501,18.2482045038023,TRUE,NA
"r",13.2,-1.76178692168523,1.18018541935688,2.10571491701753,2.45562531115614,18.3038931574211,TRUE,NA
"r",13.25,-1.76339506582281,1.18290370410973,2.10822162939719,2.45998059707407,18.3595621581682,TRUE,NA
"r",13.3,-1.76499620704237,1.18561885536756,2.11072644156586,2.46432846624743,18.415211610874,TRUE,NA
"r",13.35,-1.76659039384401,1.18833088531472,2.11322935442991,2.46866892264754,18.470841619622,TRUE,NA
"r",13.4,-1.76817767425928,1.19103980599554,2.11573036888689,2.47300197268272,18.526452287749,TRUE,NA
"r",13.45,-1.76975809585522,1.19374562932231,2.11822948583227,2.47732762500587,18.5820437178451,TRUE,NA
"r",13.5,-1.77133170573861,1.19644836708261,2.12072670616543,2.48164589033488,18.6376160117549,TRUE,NA
"r",13.55,-1.77289855056017,1.1991480309462,2.12322203079523,2.48595678128491,18.6931692705784,TRUE,NA
"r",13.6,-1.77445867651895,1.20184463247124,2.12571546064484,2.490260312212,18.7487035946734,TRUE,NA
"r",13.65,-1.77601212936667,1.20453818311015,2.12820699665623,2.49455649906733,18.8042190836575,TRUE,NA
"r",13.7,-1.77755895441216,1.20722869421487,2.13069663979401,2.49884535926152,18.8597158364108,TRUE,NA
"r",13.75,-1.77909919652587,1.20991617704187,2.13318439104899,2.50312691153825,18.915193951079,TRUE,NA
"r",13.8,-1.78063290014437,1.21260064275657,2.13567025144124,2.50740117585687,18.9706535250766,TRUE,NA
"r",13.85,-1.78216010927484,1.21528210243759,2.13815422202285,2.51166817328316,19.0260946550905,TRUE,NA
"r",13.9,-1.78368086749966,1.21796056708052,2.14063630388025,2.51592792588796,19.0815174370844,TRUE,NA
"r",13.95,-1.78519521798096,1.22063604760146,2.14311649813634,2.52018045665303,19.1369219663021,TRUE,NA
"r",14,-1.78670320346514,1.22330855484027,2.14559480595227,2.5244257893838,19.1923083372726,TRUE,NA
"r",14.05,-1.7882048662875,1.22597809956351,2.14807122852892,2.52866394862836,19.2476766438143,TRUE,NA
"r",14.1,-1.78970024837672,1.22864469246715,2.15054576710823,2.53289495960253,19.3030269790397,TRUE,NA
"r",14.15,-1.79118939125944,1.23130834417913,2.15301842297426,2.53711884812043,19.3583594353604,TRUE,NA
"r",14.2,-1.79267233606478,1.2339690652616,2.155489197454,2.54133564053023,19.4136741044919,TRUE,NA
"r",14.25,-1.79414912352881,1.23662686621307,2.15795809191815,2.54554536365476,19.4689710774592,TRUE,NA
"r",14.3,-1.7956197939991,1.23928175747026,2.16042510778153,2.5497480447366,19.5242504446014,TRUE,NA
"r",14.35,-1.79708438743912,1.24193374940994,2.16289024650351,2.55394371138739,19.5795122955774,TRUE,NA
"r",14.4,-1.79854294343267,1.24458285235059,2.16535350958826,2.55813239154105,19.6347567193714,TRUE,NA
"r",14.45,-1.79999550118828,1.24722907655373,2.16781489858477,2.56231411341056,19.6899838042981,TRUE,NA
"r",14.5,-1.80144209954362,1.24987243222543,2.17027441508693,2.56648890544827,19.7451936380081,TRUE,NA
"r",14.55,-1.80288277696974,1.25251292951749,2.17273206073336,2.57065679630917,19.8003863074941,TRUE,NA
"r",14.6,-1.80431757157543,1.25515057852859,2.17518783720725,2.57481781481719,19.8555618990959,TRUE,NA
"r",14.65,-1.80574652111142,1.25778538930535,2.17764174623609,2.5789719899342,19.910720498506,TRUE,NA
"r",14.7,-1.80716966297462,1.26041737184325,2.18009378959126,2.58311935073146,19.9658621907758,TRUE,NA
"r",14.75,-1.80858703421229,1.26304653608755,2.18254396908767,2.58725992636346,20.0209870603208,TRUE,NA
"r",14.8,-1.80999867152613,1.26567289193406,2.18499228658325,2.59139374604387,20.0760951909264,TRUE,NA
"r",14.85,-1.8114046112764,1.26829644922991,2.18743874397845,2.59552083902355,20.1311866657534,TRUE,NA
"r",14.9,-1.81280488948592,1.27091721777422,2.18988334321567,2.59964123457034,20.1862615673441,TRUE,NA
"r",14.95,-1.8141995418441,1.2735352073187,2.19232608627863,2.60375496195061,20.2413199776274,TRUE,NA
"r",15,-1.81558860371086,1.27615042756824,2.19476697519173,2.60786205041242,20.2963619779247,TRUE,NA
"r",15.05,-1.81697211012052,1.27876288818141,2.19720601201936,2.61196252917005,20.3513876489558,TRUE,NA
"r",15.1,-1.81835009578569,1.281372598771,2.19964319886528,2.61605642739002,20.4063970708438,TRUE,NA
"r",15.15,-1.81972259510104,1.28397956890441,2.20207853787178,2.62014377417821,20.4613903231213,TRUE,NA
"r",15.2,-1.82108964214709,1.28658380810408,2.20451203121906,2.62422459856832,20.5163674847354,TRUE,NA
"r",15.25,-1.8224512706939,1.28918532584787,2.20694368112438,2.62829892951122,20.5713286340538,TRUE,NA
"r",15.3,-1.82380751420476,1.29178413156944,2.20937348984136,2.6323667958654,20.6262738488698,TRUE,NA
"r",15.35,-1.8251584058398,1.29438023465851,2.21180145965916,2.63642822638828,20.6812032064077,TRUE,NA
"r",15.4,-1.82650397845955,1.29697364446126,2.21422759290177,2.6404832497284,20.7361167833285,TRUE,NA
"r",15.45,-1.82784426462848,1.29956437028052,2.21665189192712,2.64453189441831,20.7910146557352,TRUE,NA
"r",15.5,-1.82917929661851,1.30215242137608,2.21907435912641,2.64857418886826,20.8458968991778,TRUE,NA
"r",15.55,-1.83050910641239,1.30473780696499,2.22149499692323,2.65261016136048,20.9007635886587,TRUE,NA
"r",15.6,-1.83183372570716,1.30732053622168,2.22391380777281,2.65663984004411,20.9556147986382,TRUE,NA
"r",15.65,-1.83315318591742,1.30990061827827,2.22633079416124,2.6606632529306,21.0104506030392,TRUE,NA
"r",15.7,-1.83446751817869,1.31247806222476,2.22874595860469,2.66468042788977,21.0652710752527,TRUE,NA
"r",15.75,-1.83577675335064,1.31505287710924,2.23115930364864,2.66869139264618,21.1200762881426,TRUE,NA
"r",15.8,-1.83708092202032,1.31762507193803,2.23357083186705,2.672696174776,21.174866314051,TRUE,NA
"r",15.85,-1.83838005450532,1.32019465567591,2.23598054586167,2.67669480170432,21.229641224803,TRUE,NA
"r",15.9,-1.83967418085687,1.32276163724633,2.23838844826128,2.68068730070272,21.2844010917114,TRUE,NA
"r",15.95,-1.84096333086299,1.32532602553146,2.24079454172087,2.68467369888727,21.3391459855822,TRUE,NA
"r",16,-1.84224753405147,1.32788782937249,2.243198828921,2.68865402321676,21.3938759767187,TRUE,NA
"r",16.05,-1.84352681969289,1.3304470575697,2.24560131256699,2.69262830049128,21.448591134927,TRUE,NA
"r",16.1,-1.84480121680359,1.33300371888265,2.24800199538823,2.69659655735092,21.50329152952,TRUE,NA
"r",16.15,-1.84607075414859,1.33555782203032,2.25040088013747,2.7005588202749,21.5579772293228,TRUE,NA
"r",16.2,-1.84733546024445,1.33810937569129,2.25279796959014,2.70451511558078,21.6126483026766,TRUE,NA
"r",16.25,-1.84859536336211,1.34065838850382,2.25519326654361,2.70846546942384,21.6673048174439,TRUE,NA
"r",16.3,-1.84985049152973,1.34320486906608,2.25758677381657,2.71240990779674,21.7219468410128,TRUE,NA
"r",16.35,-1.85110087253539,1.34574882593622,2.25997849424832,2.71634845652927,21.7765744403013,TRUE,NA
"r",16.4,-1.85234653392987,1.34829026763257,2.26236843069813,2.72028114128828,21.831187681762,TRUE,NA
"r",16.45,-1.85358750302929,1.35082920263375,2.26475658604463,2.7242079875777,21.8857866313863,TRUE,NA
"r",16.5,-1.85482380691779,1.35336563937878,2.2671429631851,2.72812902073873,21.940371354709,TRUE,NA
"r",16.55,-1.85605547245016,1.35589958626731,2.26952756503492,2.73204426595013,21.9949419168122,TRUE,NA
"r",16.6,-1.85728252625435,1.35843105165967,2.27191039452693,2.73595374822857,22.0494983823297,TRUE,NA
"r",16.65,-1.85850499473407,1.36096004387707,2.27429145461086,2.73985749242911,22.1040408154515,TRUE,NA
"r",16.7,-1.85972290407129,1.36348657120171,2.27667074825268,2.74375552324575,22.1585692799274,TRUE,NA
"r",16.75,-1.8609362802287,1.3660106418769,2.27904827843409,2.74764786521206,22.2130838390714,TRUE,NA
"r",16.8,-1.86214514895214,1.36853226410728,2.28142404815194,2.75153454270184,22.267584555766,TRUE,NA
"r",16.85,-1.86334953577304,1.37105144605887,2.28379806041768,2.7554155799299,22.3220714924656,TRUE,NA
"r",16.9,-1.86454946601074,1.37356819585926,2.28617031825677,2.75929100095282,22.3765447112009,TRUE,NA
"r",16.95,-1.86574496477489,1.37608252159777,2.28854082470823,2.76316082966984,22.4310042735829,TRUE,NA
"r",17,-1.86693605696772,1.37859443132554,2.29090958282409,2.7670250898237,22.4854502408062,TRUE,NA
"r",17.05,-1.86812276728632,1.38110393305573,2.29327659566883,2.77088380500161,22.5398826736535,TRUE,NA
"r",17.1,-1.8693051202249,1.38361103476361,2.29564186631898,2.77473699863615,22.594301632499,TRUE,NA
"r",17.15,-1.87048314007699,1.38611574438674,2.29800539786254,2.77858469400631,22.6487071773123,TRUE,NA
"r",17.2,-1.87165685093766,1.38861806982515,2.3003671933986,2.78242691423849,22.7030993676619,TRUE,NA
"r",17.25,-1.87282627670562,1.39111801894141,2.30272725603675,2.78626368230748,22.757478262719,TRUE,NA
"r",17.3,-1.87399144108542,1.39361559956081,2.30508558889675,2.79009502103757,22.8118439212614,TRUE,NA
"r",17.35,-1.87515236758945,1.39611081947155,2.30744219510801,2.7939209531036,22.8661964016763,TRUE,NA
"r",17.4,-1.87630907954014,1.39860368642485,2.30979707780917,2.79774150103202,22.9205357619648,TRUE,NA
"r",17.45,-1.87746160007188,1.40109420813508,2.31215024014769,2.801556687202,22.9748620597445,TRUE,NA
"r",17.5,-1.87860995213311,1.40358239227999,2.31450168527942,2.80536653384652,23.0291753522536,TRUE,NA
"r",17.55,-1.8797541584883,1.40606824650076,2.31685141636817,2.80917106305349,23.083475696354,TRUE,NA
"r",17.6,-1.88089424171987,1.40855177840225,2.31919943658537,2.81297029676684,23.137763148535,TRUE,NA
"r",17.65,-1.88203022423018,1.41103299555309,2.32154574910963,2.81676425678765,23.1920377649159,TRUE,NA
"r",17.7,-1.88316212824342,1.41351190548587,2.32389035712638,2.82055296477526,23.2462996012503,TRUE,NA
"r",17.75,-1.88428997580749,1.41598851569726,2.32623326382747,2.82433644224841,23.3005487129286,TRUE,NA
"r",17.8,-1.88541378879587,1.4184628336482,2.32857447241088,2.82811471058634,23.3547851549816,TRUE,NA
"r",17.85,-1.88653358890944,1.42093486676405,2.33091398608026,2.83188779102988,23.4090089820835,TRUE,NA
"r",17.9,-1.88764939767831,1.42340462243475,2.33325180804469,2.83565570468264,23.4632202485553,TRUE,NA
"r",17.95,-1.88876123646361,1.42587210801496,2.33558794151826,2.83941847251206,23.5174190083676,TRUE,NA
"r",18,-1.88986912645926,1.42833733082424,2.33792238971979,2.84317611535055,23.5716053151439,TRUE,NA
"r",18.05,-1.89097308869367,1.43080029814717,2.34025515587245,2.84692865389655,23.6257792221637,TRUE,NA
"r",18.1,-1.89207314403152,1.43326101723358,2.34258624320352,2.85067610871571,23.6799407823653,TRUE,NA
"r",18.15,-1.89316931317541,1.43571949529867,2.34491565494403,2.85441850024191,23.7340900483491,TRUE,NA
"r",18.2,-1.89426161666758,1.43817573952312,2.34724339432845,2.85815584877839,23.7882270723801,TRUE,NA
"r",18.25,-1.89535007489151,1.44062975705336,2.34956946459445,2.86188817449881,23.8423519063913,TRUE,NA
"r",18.3,-1.89643470807361,1.44308155500165,2.35189386898256,2.86561549744834,23.8964646019862,TRUE,NA
"r",18.35,-1.89751553628477,1.44553114044624,2.3542166107359,2.86933783754471,23.9505652104421,TRUE,NA
"r",18.4,-1.89859257944203,1.44797852043161,2.35653769309994,2.8730552145793,24.0046537827123,TRUE,NA
"r",18.45,-1.89966585731006,1.45042370196853,2.35885711932219,2.87676764821817,24.0587303694296,TRUE,NA
"r",18.5,-1.90073538950278,1.4528666920343,2.36117489265196,2.8804751580031,24.1127950209083,TRUE,NA
"r",18.55,-1.90180119548487,1.45530749757288,2.3634910163401,2.88417776335265,24.1668477871477,TRUE,NA
"r",18.6,-1.90286329457328,1.45774612549504,2.36580549363876,2.88787548356316,24.2208887178343,TRUE,NA
"r",18.65,-1.90392170593872,1.46018258267855,2.36811832780113,2.8915683378098,24.2749178623446,TRUE,NA
"r",18.7,-1.90497644860712,1.46261687596835,2.37042952208121,2.89525634514755,24.3289352697478,TRUE,NA
"r",18.75,-1.90602754146114,1.46504901217666,2.37273907973361,2.89893952451223,24.3829409888084,TRUE,NA
"r",18.8,-1.90707500324152,1.46747899808321,2.37504700401326,2.90261789472148,24.4369350679887,TRUE,NA
"r",18.85,-1.9081188525486,1.46990684043535,2.37735329817525,2.90629147447575,24.4909175554514,TRUE,NA
"r",18.9,-1.90915910784362,1.47233254594824,2.37965796547458,2.90996028235925,24.5448884990622,TRUE,NA
"r",18.95,-1.91019578745019,1.47475612130501,2.38196100916595,2.91362433684096,24.5988479463925,TRUE,NA
"r",19,-1.91122890955561,1.47717757315691,2.3842624325036,2.91728365627558,24.6527959447211,TRUE,NA
"r",19.05,-1.91225849221222,1.47959690812349,2.38656223874104,2.92093825890445,24.7067325410378,TRUE,NA
"r",19.1,-1.91328455333876,1.48201413279276,2.38886043113092,2.92458816285651,24.7606577820447,TRUE,NA
"r",19.15,-1.91430711072164,1.48442925372134,2.39115701292479,2.92823338614921,24.8145717141594,TRUE,NA
"r",19.2,-1.91532618201631,1.48684227743461,2.39345198737297,2.93187394668951,24.8684743835172,TRUE,NA
"r",19.25,-1.91634178474848,1.48925321042692,2.39574535772429,2.93550986227468,24.922365835973,TRUE,NA
"r",19.3,-1.91735393631542,1.4916620591617,2.39803712722599,2.93914115059328,24.9762461171042,TRUE,NA
"r",19.35,-1.91836265398719,1.49406883007166,2.4003272991235,2.94276782922604,25.0301152722128,TRUE,NA
"r",19.4,-1.91936795490793,1.49647352955892,2.40261587666033,2.94638991564674,25.0839733463274,TRUE,NA
"r",19.45,-1.92036985609701,1.49887616399519,2.40490286307782,2.95000742722311,25.1378203842061,TRUE,NA
"r",19.5,-1.9213683744503,1.50127673972192,2.40718826161506,2.95362038121766,25.1916564303378,TRUE,NA
"r",19.55,-1.92236352674133,1.50367526305048,2.40947207550867,2.95722879478858,25.2454815289454,TRUE,NA
"r",19.6,-1.92335532962248,1.50607174026228,2.41175430799271,2.96083268499057,25.2992957239872,TRUE,NA
"r",19.65,-1.92434379962614,1.50846617760897,2.41403496229849,2.96443206877569,25.3530990591596,TRUE,NA
"r",19.7,-1.92532895316587,1.5108585813126,2.41631404165445,2.96802696299425,25.4068915778988,TRUE,NA
"r",19.75,-1.92631080653752,1.51324895756571,2.41859154928601,2.9716173843955,25.4606733233833,TRUE,NA
"r",19.8,-1.92728937592039,1.5156373125316,2.4208674884154,2.97520334962862,25.5144443385356,TRUE,NA
"r",19.85,-1.92826467737828,1.51802365234437,2.42314186226161,2.9787848752434,25.5682046660248,TRUE,NA
"r",19.9,-1.92923672686065,1.52040798310917,2.42541467404017,2.98236197769111,25.621954348268,TRUE,NA
"r",19.95,-1.93020554020365,1.52279031090233,2.4276859269631,2.98593467332529,25.6756934274329,TRUE,NA
"r",20,-1.93117113313125,1.52517064177146,2.42995562423871,2.98950297840251,25.7294219454394,TRUE,NA
"r",20.05,-1.93213352125622,1.52754898173569,2.43222376907156,2.9930669090832,25.783139943962,TRUE,NA
"r",20.1,-1.93309272008127,1.52992533678579,2.43449036466228,2.99662648143233,25.8368474644312,TRUE,NA
"r",20.15,-1.93404874500001,1.53229971288429,2.43675541420749,3.0001817114203,25.8905445480361,TRUE,NA
"r",20.2,-1.93500161129798,1.53467211596569,2.43901892089968,3.0037326149236,25.9442312357258,TRUE,NA
"r",20.25,-1.9359513341537,1.53704255193659,2.4412808879271,3.00727920772559,25.9979075682115,TRUE,NA
"r",20.3,-1.93689792863964,1.53941102667584,2.44354131847367,3.01082150551726,26.0515735859685,TRUE,NA
"r",20.35,-1.93784140972321,1.54177754603467,2.44580021571885,3.01435952389792,26.105229329238,TRUE,NA
"r",20.4,-1.93878179226772,1.54414211583691,2.44805758283757,3.017893278376,26.1588748380288,TRUE,NA
"r",20.45,-1.93971909103337,1.54650474187908,2.45031342300012,3.02142278436969,26.2125101521193,TRUE,NA
"r",20.5,-1.94065332067819,1.54886542993052,2.45256773937204,3.02494805720771,26.2661353110593,TRUE,NA
"r",20.55,-1.94158449575897,1.55122418573365,2.45482053511407,3.02846911212999,26.3197503541716,TRUE,NA
"r",20.6,-1.94251263073223,1.55358101500399,2.45707181338203,3.03198596428837,26.3733553205542,TRUE,NA
"r",20.65,-1.94343773995507,1.55593592343039,2.45932157732673,3.03549862874731,26.4269502490817,TRUE,NA
"r",20.7,-1.94435983768615,1.55828891667516,2.46156983009391,3.03900712048456,26.4805351784069,TRUE,NA
"r",20.75,-1.94527893808655,1.5606400003742,2.46381657482413,3.04251145439184,26.5341101469631,TRUE,NA
"r",20.8,-1.94619505522067,1.56298918013715,2.46606181465273,3.04601164527551,26.5876751929654,TRUE,NA
"r",20.85,-1.94710820305711,1.56533646154758,2.46830555270971,3.04950770785727,26.6412303544123,TRUE,NA
"r",20.9,-1.94801839546952,1.56768185016307,2.47054779211968,3.05299965677475,26.6947756690877,TRUE,NA
"r",20.95,-1.9489256462375,1.5700253515154,2.4727885360018,3.05648750658223,26.7483111745622,TRUE,NA
"r",21,-1.94982996904739,1.57236697111067,2.47502778746965,3.05997127175125,26.8018369081953,TRUE,NA
"r",21.05,-1.95073137749316,1.57470671442948,2.47726554963124,3.06345096667126,26.8553529071364,TRUE,NA
"r",21.1,-1.95162988507723,1.57704458692699,2.4795018255889,3.06692660565026,26.9088592083265,TRUE,NA
"r",21.15,-1.95252550521126,1.57938059403319,2.4817366184392,3.07039820291541,26.9623558485005,TRUE,NA
"r",21.2,-1.95341825121701,1.58171474115292,2.48396993127295,3.07386577261369,27.0158428641877,TRUE,NA
"r",21.25,-1.95430813632708,1.58404703366609,2.48620176717508,3.07732932881246,27.0693202917142,TRUE,NA
"r",21.3,-1.95519517368579,1.58637747692778,2.48843212922458,3.0807888855001,27.1227881672042,TRUE,NA
"r",21.35,-1.95607937634986,1.58870607626838,2.4906610204945,3.08424445658663,27.1762465265813,TRUE,NA
"r",21.4,-1.95696075728927,1.59103283699376,2.49288844405183,3.08769605590428,27.2296954055702,TRUE,NA
"r",21.45,-1.95783932938801,1.59335776438539,2.4951144029575,3.0911436972081,27.2831348396985,TRUE,NA
"r",21.5,-1.95871510544478,1.59568086370046,2.49733890026629,3.09458739417654,27.3365648642976,TRUE,NA
"r",21.55,-1.95958809817383,1.59800214017204,2.49956193902678,3.09802716041203,27.3899855145045,TRUE,NA
"r",21.6,-1.96045832020565,1.60032159900921,2.50178352228136,3.10146300944156,27.4433968252636,TRUE,NA
"r",21.65,-1.96132578408769,1.60263924539719,2.50400365306609,3.10489495471722,27.4967988313272,TRUE,NA
"r",21.7,-1.96219050228514,1.60495508449749,2.50622233441073,3.10832300961685,27.550191567258,TRUE,NA
"r",21.75,-1.96305248718158,1.60726912144802,2.50843956933867,3.1117471874445,27.6035750674298,TRUE,NA
"r",21.8,-1.96391175107976,1.60958136136324,2.51065536086688,3.11516750143102,27.6569493660292,TRUE,NA
"r",21.85,-1.96476830620226,1.6118918093343,2.51286971200588,3.11858396473464,27.7103144970569,TRUE,NA
"r",21.9,-1.96562216469218,1.61420047042913,2.51508262575968,3.12199659044147,27.7636704943292,TRUE,NA
"r",21.95,-1.96647333861386,1.61650734969265,2.5172941051258,3.12540539156607,27.8170173914792,TRUE,NA
"r",22,-1.96732183995353,1.61881245214681,2.51950415309515,3.12881038105197,27.8703552219582,TRUE,NA
"r",22.05,-1.96816768062,1.62111578279078,2.52171277265207,3.13221157177217,27.9236840190371,TRUE,NA
"r",22.1,-1.96901087244532,1.62341734660105,2.52391996677423,3.13560897652975,27.9770038158079,TRUE,NA
"r",22.15,-1.96985142718543,1.62571714853159,2.52612573843267,3.13900260805826,28.0303146451845,TRUE,NA
"r",22.2,-1.97068935652082,1.62801519351393,2.5283300905917,3.14239247902237,28.0836165399044,TRUE,NA
"r",22.25,-1.97152467205717,1.63031148645735,2.53053302620891,3.14577860201827,28.1369095325301,TRUE,NA
"r",22.3,-1.97235738532601,1.63260603224893,2.53273454823513,3.14916098957424,28.19019365545,TRUE,NA
"r",22.35,-1.9731875077853,1.63489883575374,2.53493465961439,3.15253965415112,28.24346894088,TRUE,NA
"r",22.4,-1.97401505082012,1.63718990181493,2.53713336328394,3.15591460814282,28.2967354208644,TRUE,NA
"r",22.45,-1.97484002574322,1.63947923525388,2.53933066217414,3.1592858638768,28.3499931272775,TRUE,NA
"r",22.5,-1.97566244379568,1.64176684087029,2.54152655920852,3.16265343361454,28.4032420918247,TRUE,NA
"r",22.55,-1.97648231614748,1.64405272344232,2.54372105730372,3.16601732955208,28.4564823460437,TRUE,NA
"r",22.6,-1.97729965389814,1.64633688772675,2.54591415936946,3.16937756382043,28.5097139213057,TRUE,NA
"r",22.65,-1.97811446807726,1.648619338459,2.54810586830852,3.17273414848608,28.5629368488166,TRUE,NA
"r",22.7,-1.97892676964514,1.65090008035337,2.55029618701674,3.17608709555146,28.6161511596182,TRUE,NA
"r",22.75,-1.97973656949336,1.65317911810307,2.55248511838298,3.17943641695538,28.6693568845894,TRUE,NA
"r",22.8,-1.98054387844534,1.6554564563804,2.55467266528913,3.18278212457354,28.7225540544473,TRUE,NA
"r",22.85,-1.9813487072569,1.65773209983683,2.55685883061005,3.18612423021897,28.7757426997486,TRUE,NA
"r",22.9,-1.98215106661685,1.66000605310311,2.55904361721356,3.18946274564242,28.8289228508903,TRUE,NA
"r",22.95,-1.9829509671475,1.66227832078946,2.56122702796049,3.19279768253291,28.8820945381112,TRUE,NA
"r",23,-1.98374841940527,1.66454890748558,2.56340906570457,3.19612905251809,28.9352577914929,TRUE,NA
"r",23.05,-1.98454343388118,1.66681781776084,2.56558973329248,3.19945686716471,28.9884126409609,TRUE,NA
"r",23.1,-1.98533602100142,1.66908505616437,2.5677690335638,3.20278113797908,29.0415591162858,TRUE,NA
"r",23.15,-1.98612619112786,1.67135062722521,2.56994696935105,3.20610187640745,29.0946972470841,TRUE,NA
"r",23.2,-1.98691395455861,1.67361453545234,2.5721235434796,3.20941909383647,29.1478270628197,TRUE,NA
"r",23.25,-1.98769932152851,1.67587678533487,2.57429875876772,3.21273280159361,29.2009485928049,TRUE,NA
"r",23.3,-1.98848230220966,1.67813738134216,2.57647261802657,3.21604301094759,29.254061866201,TRUE,NA
"r",23.35,-1.98926290671193,1.68039632792385,2.57864512406016,3.21934973310877,29.30716691202,TRUE,NA
"r",23.4,-1.99004114508347,1.68265362951004,2.58081627966533,3.22265297922958,29.3602637591251,TRUE,NA
"r",23.45,-1.9908170273112,1.68490929051139,2.58298608763181,3.22595276040492,29.4133524362322,TRUE,NA
"r",23.5,-1.99159056332132,1.68716331531921,2.58515455074214,3.22924908767258,29.4664329719105,TRUE,NA
"r",23.55,-1.9923617629798,1.68941570830558,2.58732167177169,3.23254197201363,29.519505394584,TRUE,NA
"r",23.6,-1.99313063609285,1.69166647382347,2.58948745348869,3.23583142435282,29.5725697325319,TRUE,NA
"r",23.65,-1.99389719240741,1.69391561620683,2.59165189865415,3.23911745555896,29.6256260138902,TRUE,NA
"r",23.7,-1.99466144161165,1.69616313977069,2.59381501002192,3.24240007644535,29.6786742666523,TRUE,NA
"r",23.75,-1.99542339333538,1.6984090488113,2.59597679033867,3.24567929777013,29.7317145186701,TRUE,NA
"r",23.8,-1.9961830571506,1.7006533476062,2.59813724234386,3.24895513023667,29.7847467976551,TRUE,NA
"r",23.85,-1.99694044257188,1.70289604041435,2.60029636876977,3.25222758449396,29.8377711311792,TRUE,NA
"r",23.9,-1.99769555905688,1.70513713147623,2.60245417234147,3.25549667113701,29.8907875466756,TRUE,NA
"r",23.95,-1.99844841600678,1.70737662501392,2.60461065577686,3.25876240070717,29.94379607144,TRUE,NA
"r",24,-1.9991990227667,1.70961452523124,2.60676582178662,3.26202478369254,29.9967967326313,TRUE,NA
"r",24.05,-1.9999473886262,1.71185083631382,2.60891967307424,3.26528383052832,30.0497895572728,TRUE,NA
"r",24.1,-2.00069352281968,1.71408556242923,2.61107221233601,3.2685395515972,30.1027745722526,TRUE,NA
"r",24.15,-2.00143743452681,1.71631870772706,2.61322344226101,3.2717919572297,30.1557518043253,TRUE,NA
"r",24.2,-2.002179132873,1.71855027633904,2.61537336553116,3.27504105770452,30.2087212801121,TRUE,NA
"r",24.25,-2.0029186269298,1.72078027237911,2.61752198482114,3.27828686324891,30.2616830261024,TRUE,NA
"r",24.3,-2.00365592571531,1.72300869994355,2.61966930279847,3.28152938403901,30.3146370686541,TRUE,NA
"r",24.35,-2.00439103819462,1.72523556311106,2.62181532212345,3.28476863020024,30.3675834339949,TRUE,NA
"r",24.4,-2.00512397328024,1.72746086594287,2.62396004544922,3.28800461180758,30.4205221482231,TRUE,NA
"r",24.45,-2.00585473983244,1.72968461248284,2.62610347542172,3.29123733888595,30.4734532373083,TRUE,NA
"r",24.5,-2.00658334665976,1.73190680675754,2.62824561467972,3.29446682141057,30.5263767270923,TRUE,NA
"r",24.55,-2.00730980251932,1.73412745277636,2.63038646585479,3.29769306930724,30.5792926432902,TRUE,NA
"r",24.6,-2.00803411611726,1.7363465545316,2.63252603157137,3.30091609245275,30.6322010114908,TRUE,NA
"r",24.65,-2.00875629610915,1.73856411599856,2.63466431444667,3.30413590067511,30.6851018571582,TRUE,NA
"r",24.7,-2.00947635110033,1.74078014113566,2.63680131709082,3.30735250375401,30.7379952056315,TRUE,NA
"r",24.75,-2.01019428964636,1.74299463388449,2.63893704210671,3.310565911421,30.7908810821268,TRUE,NA
"r",24.8,-2.01091012025333,1.74520759816996,2.64107149209014,3.31377613335994,30.8437595117373,TRUE,NA
"r",24.85,-2.01162385137832,1.74741903790035,2.64320466962976,3.31698317920724,30.8966305194342,TRUE,NA
"r",24.9,-2.01233549142972,1.74962895696739,2.64533657730704,3.32018705855221,30.9494941300677,TRUE,NA
"r",24.95,-2.0130450487676,1.75183735924642,2.64746721769638,3.32338778093737,31.0023503683677,TRUE,NA
"r",25,-2.01375253170412,1.75404424859639,2.64959659336501,3.32658535585875,31.0551992589448,TRUE,NA
"r",25.05,-2.01445794850388,1.75624962886004,2.65172470687308,3.32977979276624,31.1080408262905,TRUE,NA
"r",25.1,-2.01516130738423,1.75845350386393,2.65385156077364,3.33297110106383,31.1608750947785,TRUE,NA
"r",25.15,-2.01586261651572,1.76065587741853,2.65597715761259,3.33615929010997,31.2137020886656,TRUE,NA
"r",25.2,-2.01656188402238,1.76285675331835,2.6581014999288,3.33934436921786,31.2665218320919,TRUE,NA
"r",25.25,-2.0172591179821,1.76505613534199,2.66022459025404,3.34252634765572,31.3193343490819,TRUE,NA
"r",25.3,-2.01795432642698,1.76725402725226,2.66234643111302,3.34570523464714,31.3721396635454,TRUE,NA
"r",25.35,-2.01864751734368,1.76945043279623,2.66446702502337,3.34888103937132,31.4249377992778,TRUE,NA
"r",25.4,-2.01933869867373,1.77164535570535,2.66658637449568,3.35205377096339,31.4777287799613,TRUE,NA
"r",25.45,-2.02002787831391,1.7738387996955,2.66870448203352,3.3552234385147,31.5305126291654,TRUE,NA
"r",25.5,-2.02071506411657,1.77603076846711,2.6708213501334,3.3583900510731,31.5832893703476,TRUE,NA
"r",25.55,-2.02140026388994,1.77822126570525,2.67293698128485,3.36155361764323,31.6360590268543,TRUE,NA
"r",25.6,-2.02208348539849,1.78041029507966,2.67505137797035,3.36471414718678,31.6888216219213,TRUE,NA
"r",25.65,-2.02276473636324,1.7825978602449,2.67716454266542,3.36787164862282,31.7415771786746,TRUE,NA
"r",25.7,-2.02344402446208,1.7847839648404,2.67927647783859,3.37102613082802,31.7943257201313,TRUE,NA
"r",25.75,-2.02412135733012,1.78696861249053,2.68138718595139,3.37417760263698,31.8470672691999,TRUE,NA
"r",25.8,-2.02479674255995,1.78915180680471,2.68349666945844,3.37732607284243,31.8998018486814,TRUE,NA
"r",25.85,-2.02547018770201,1.79133355137749,2.68560493080737,3.38047155019561,31.9525294812696,TRUE,NA
"r",25.9,-2.02614170026487,1.7935138497886,2.68771197243888,3.3836140434064,32.0052501895522,TRUE,NA
"r",25.95,-2.02681128771555,1.79569270560308,2.68981779678679,3.38675356114373,32.0579639960112,TRUE,NA
"r",26,-2.02747895747983,1.7978701223713,2.69192240627794,3.38989011203572,32.1106709230235,TRUE,NA
"r",26.05,-2.02814471694252,1.80004610362911,2.69402580333234,3.39302370467005,32.1633709928618,TRUE,NA
"r",26.1,-2.0288085734478,1.80222065289786,2.69612799036308,3.39615434759411,32.2160642276953,TRUE,NA
"r",26.15,-2.02947053429951,1.80439377368449,2.69822896977638,3.39928204931536,32.2687506495899,TRUE,NA
"r",26.2,-2.03013060676142,1.80656546948166,2.70032874397162,3.40240681830155,32.3214302805095,TRUE,NA
"r",26.25,-2.03078879805756,1.80873574376774,2.70242731534132,3.40552866298089,32.3741031423161,TRUE,NA
"r",26.3,-2.03144511537245,1.81090460000696,2.7045246862712,3.40864759174248,32.4267692567706,TRUE,NA
"r",26.35,-2.03209956585145,1.81307204164947,2.70662085914014,3.41176361293638,32.4794286455337,TRUE,NA
"r",26.4,-2.03275215660102,1.81523807213137,2.70871583632021,3.41487673487396,32.5320813301661,TRUE,NA
"r",26.45,-2.03340289468898,1.81740269487486,2.71080962017673,3.41798696582813,32.5847273321295,TRUE,NA
"r",26.5,-2.03405178714483,1.81956591328828,2.71290221306822,3.42109431403355,32.6373666727871,TRUE,NA
"r",26.55,-2.03469884095997,1.82172773076614,2.71499361734645,3.42419878768692,32.6899993734039,TRUE,NA
"r",26.6,-2.03534406308804,1.82388815068928,2.71708383535646,3.42730039494718,32.7426254551477,TRUE,NA
"r",26.65,-2.03598746044514,1.82604717642489,2.71917286943655,3.43039914393576,32.7952449390898,TRUE,NA
"r",26.7,-2.03662903991011,1.82820481132659,2.72126072191832,3.43349504273683,32.8478578462052,TRUE,NA
"r",26.75,-2.03726880832482,1.83036105873451,2.72334739512664,3.43658809939751,32.9004641973732,TRUE,NA
"r",26.8,-2.03790677249442,1.83251592197536,2.72543289137976,3.43967832192814,32.9530640133786,TRUE,NA
"r",26.85,-2.03854293918757,1.83466940436251,2.72751721298921,3.44276571830247,33.0056573149115,TRUE,NA
"r",26.9,-2.03917731513677,1.83682150919604,2.7296003622599,3.44585029645789,33.0582441225684,TRUE,NA
"r",26.95,-2.03980990703853,1.83897223976283,2.73168234149009,3.4489320642957,33.1108244568525,TRUE,NA
"r",27,-2.04044072155371,1.84112159933664,2.73376315297143,3.45201102968128,33.1633983381746,TRUE,NA
"r",27.05,-2.0410697653077,1.84326959117815,2.73584279898896,3.45508720044436,33.2159657868533,TRUE,NA
"r",27.1,-2.04169704489073,1.84541621853505,2.73792128182115,3.45816058437922,33.2685268231155,TRUE,NA
"r",27.15,-2.04232256685807,1.8475614846421,2.73999860373989,3.46123118924489,33.3210814670977,TRUE,NA
"r",27.2,-2.0429463377303,1.84970539272122,2.7420747670105,3.46429902276541,33.3736297388457,TRUE,NA
"r",27.25,-2.04356836399357,1.85184794598153,2.74414977389179,3.46736409263002,33.4261716583154,TRUE,NA
"r",27.3,-2.04418865209979,1.85398914761943,2.74622362663603,3.47042640649337,33.4787072453736,TRUE,NA
"r",27.35,-2.04480720846693,1.85612900081868,2.74829632748901,3.47348597197576,33.5312365197983,TRUE,NA
"r",27.4,-2.04542403947921,1.85826750875044,2.75036787868999,3.47654279666332,33.5837595012794,TRUE,NA
"r",27.45,-2.04603915148736,1.86040467457337,2.7524382824718,3.47959688810824,33.6362762094191,TRUE,NA
"r",27.5,-2.04665255080885,1.86254050143365,2.75450754106079,3.48264825382897,33.6887866637324,TRUE,NA
"r",27.55,-2.04726424372811,1.86467499246511,2.75657565667688,3.48569690131044,33.7412908836476,TRUE,NA
"r",27.6,-2.04787423649678,1.86680815078924,2.75864263153357,3.48874283800423,33.7937888885073,TRUE,NA
"r",27.65,-2.04848253533391,1.86893997951528,2.76070846783795,3.49178607132881,33.8462806975681,TRUE,NA
"r",27.7,-2.04908914642622,1.87107048174027,2.76277316779074,3.49482660866972,33.8987663300017,TRUE,NA
"r",27.75,-2.04969407592828,1.87319966054913,2.76483673358626,3.4978644573798,33.9512458048955,TRUE,NA
"r",27.8,-2.05029732996276,1.87532751901473,2.76689916741251,3.50089962477934,34.0037191412524,TRUE,NA
"r",27.85,-2.05089891462066,1.87745406019794,2.76896047145114,3.50393211815632,34.0561863579922,TRUE,NA
"r",27.9,-2.0514988359615,1.87957928714766,2.77102064787748,3.50696194476659,34.1086474739514,TRUE,NA
"r",27.95,-2.05209710001354,1.88170320290098,2.77307969886056,3.50998911183405,34.161102507884,TRUE,NA
"r",28,-2.05269371277402,1.8838258104831,2.7751376265631,3.51301362655086,34.213551478462,TRUE,NA
"r",28.05,-2.05328868020934,1.88594711290756,2.77719443314162,3.51603549607764,34.2659944042758,TRUE,NA
"r",28.1,-2.05388200825528,1.88806711317613,2.77925012074633,3.51905472754363,34.3184313038348,TRUE,NA
"r",28.15,-2.05447370281722,1.89018581427901,2.78130469152123,3.52207132804691,34.3708621955675,TRUE,NA
"r",28.2,-2.05506376977033,1.89230321919482,2.78335814760412,3.52508530465457,34.4232870978227,TRUE,NA
"r",28.25,-2.0556522149598,1.89441933089065,2.78541049112657,3.52809666440287,34.4757060288692,TRUE,NA
"r",28.3,-2.05623904420102,1.89653415232219,2.78746172421399,3.5311054142975,34.5281190068967,TRUE,NA
"r",28.35,-2.05682426327976,1.89864768643371,2.78951184898564,3.53411156131366,34.5805260500163,TRUE,NA
"r",28.4,-2.05740787795245,1.90075993615816,2.79156086755462,3.53711511239634,34.6329271762608,TRUE,NA
"r",28.45,-2.05798989394627,1.90287090441724,2.79360878202791,3.54011607446042,34.685322403585,TRUE,NA
"r",28.5,-2.05857031695945,1.90498059412142,2.79565559450638,3.54311445439091,34.7377117498665,TRUE,NA
"r",28.55,-2.05914915266138,1.90708900817003,2.79770130708481,3.54611025904308,34.7900952329061,TRUE,NA
"r",28.6,-2.05972640669287,1.90919614945131,2.79974592185191,3.54910349524267,34.8424728704279,TRUE,NA
"r",28.65,-2.06030208466629,1.91130202084245,2.80178944089033,3.55209416978605,34.8948446800802,TRUE,NA
"r",28.7,-2.06087619216578,1.91340662520968,2.80383186627668,3.55508228944039,34.9472106794357,TRUE,NA
"r",28.75,-2.06144873474747,1.9155099654083,2.80587320008158,3.55806786094383,34.9995708859919,TRUE,NA
"r",28.8,-2.06201971793959,1.91761204428273,2.80791344436958,3.56105089100564,35.0519253171717,TRUE,NA
"r",28.85,-2.06258914724275,1.91971286466662,2.80995260119934,3.56403138630647,35.1042739903236,TRUE,NA
"r",28.9,-2.06315702813003,1.92181242938281,2.81199067262347,3.56700935349838,35.1566169227223,TRUE,NA
"r",28.95,-2.06372336604723,1.92391074124349,2.81402766068868,3.56998479920511,35.2089541315693,TRUE,NA
"r",29,-2.06428816641304,1.92600780305018,2.81606356743573,3.57295773002223,35.2612856339929,TRUE,NA
"r",29.05,-2.06485143461918,1.92810361759383,2.81809839489948,3.57592815251727,35.3136114470489,TRUE,NA
"r",29.1,-2.06541317603063,1.93019818765484,2.8201321451089,3.57889607322991,35.3659315877209,TRUE,NA
"r",29.15,-2.06597339598576,1.93229151600313,2.82216482008705,3.58186149867214,35.4182460729209,TRUE,NA
"r",29.2,-2.06653209979652,1.93438360539819,2.82419642185116,3.58482443532841,35.4705549194894,TRUE,NA
"r",29.25,-2.06708929274866,1.93647445858915,2.82622695241263,3.58778488965581,35.5228581441962,TRUE,NA
"r",29.3,-2.06764498010182,1.9385640783148,2.828256413777,3.59074286808418,35.5751557637402,TRUE,NA
"r",29.35,-2.06819916708974,1.9406524673037,2.83028480794404,3.59369837701635,35.6274477947507,TRUE,NA
"r",29.4,-2.06875185892046,1.94273962827412,2.83231213690771,3.59665142282821,35.6797342537869,TRUE,NA
"r",29.45,-2.06930306077644,1.94482556393426,2.83433840265622,3.59960201186892,35.7320151573387,TRUE,NA
"r",29.5,-2.06985277781474,1.94691027698213,2.836363607172,3.60255015046104,35.7842905218274,TRUE,NA
"r",29.55,-2.0704010151672,1.94899377010571,2.83838775243179,3.6054958449007,35.8365603636054,TRUE,NA
"r",29.6,-2.07094777794058,1.95107604598297,2.84041084040656,3.60843910145772,35.8888246989571,TRUE,NA
"r",29.65,-2.07149307121675,1.95315710728191,2.84243287306163,3.6113799263758,35.941083544099,TRUE,NA
"r",29.7,-2.07203690005283,1.95523695666064,2.84445385235661,3.61431832587264,35.9933369151805,TRUE,NA
"r",29.75,-2.07257926948134,1.95731559676739,2.84647378024548,3.61725430614011,36.0455848282838,TRUE,NA
"r",29.8,-2.07312018451041,1.95939303024058,2.84849265867652,3.62018787334438,36.0978272994245,TRUE,NA
"r",29.85,-2.07365965012385,1.9614692597089,2.85051048959246,3.62311903362608,36.1500643445518,TRUE,NA
"r",29.9,-2.07419767128142,1.96354428779128,2.85252727493034,3.62604779310042,36.2022959795492,TRUE,NA
"r",29.95,-2.07473425291886,1.96561811709704,2.85454301662167,3.62897415785737,36.2545222202348,TRUE,NA
"r",30,-2.07526939994814,1.96769075022584,2.85655771659237,3.63189813396177,36.3067430823611,TRUE,NA
"r",30.05,-2.07580311725758,1.9697621897678,2.85857137676278,3.6348197274535,36.3589585816163,TRUE,NA
"r",30.1,-2.07633540971197,1.97183243830353,2.86058399904775,3.63773894434761,36.4111687336238,TRUE,NA
"r",30.15,-2.07686628215278,1.97390149840415,2.86259558535656,3.64065579063444,36.4633735539431,TRUE,NA
"r",30.2,-2.07739573939826,1.97596937263136,2.86460613759301,3.6435702722798,36.5155730580701,TRUE,NA
"r",30.25,-2.0779237862436,1.9780360635375,2.86661565765543,3.64648239522507,36.567767261437,TRUE,NA
"r",30.3,-2.0784504274611,1.98010157366556,2.86862414743666,3.64939216538735,36.6199561794132,TRUE,NA
"r",30.35,-2.07897566780026,1.98216590554926,2.87063160882411,3.65229958865961,36.6721398273055,TRUE,NA
"r",30.4,-2.07949951198799,1.98422906171309,2.87263804369973,3.65520467091081,36.7243182203583,TRUE,NA
"r",30.45,-2.08002196472872,1.98629104467233,2.87464345394009,3.65810741798604,36.7764913737539,TRUE,NA
"r",30.5,-2.08054303070451,1.98835185693315,2.87664784141634,3.66100783570663,36.8286593026131,TRUE,NA
"r",30.55,-2.08106271457527,1.99041150099257,2.87865120799426,3.66390592987033,36.8808220219954,TRUE,NA
"r",30.6,-2.08158102097882,1.99246997933861,2.88065355553428,3.66680170625141,36.9329795468992,TRUE,NA
"r",30.65,-2.08209795453107,1.99452729445025,2.88265488589144,3.66969517060077,36.9851318922625,TRUE,NA
"r",30.7,-2.08261351982616,1.99658344879749,2.88465520091552,3.67258632864614,37.0372790729627,TRUE,NA
"r",30.75,-2.08312772143657,1.99863844484145,2.88665450245093,3.6754751860921,37.0894211038175,TRUE,NA
"r",30.8,-2.08364056391327,2.00069228503435,2.88865279233683,3.67836174862033,37.1415579995848,TRUE,NA
"r",30.85,-2.08415205178586,2.00274497181958,2.89065007240709,3.68124602188965,37.1936897749632,TRUE,NA
"r",30.9,-2.08466218956271,2.00479650763175,2.89264634449033,3.68412801153617,37.2458164445924,TRUE,NA
"r",30.95,-2.08517098173104,2.00684689489669,2.8946416104099,3.68700772317343,37.2979380230532,TRUE,NA
"r",31,-2.08567843275714,2.00889613603159,2.89663587198399,3.68988516239252,37.3500545248683,TRUE,NA
"r",31.05,-2.0861845470864,2.01094423344491,2.8986291310255,3.69276033476215,37.4021659645021,TRUE,NA
"r",31.1,-2.08668932914353,2.01299118953655,2.90062138934223,3.69563324582888,37.4542723563615,TRUE,NA
"r",31.15,-2.08719278333262,2.01503700669778,2.90261264873674,3.69850390111714,37.5063737147957,TRUE,NA
"r",31.2,-2.0876949140373,2.01708168731139,2.90460291100647,3.70137230612938,37.5584700540972,TRUE,NA
"r",31.25,-2.08819572562086,2.01912523375164,2.90659217794371,3.70423846634625,37.6105613885013,TRUE,NA
"r",31.3,-2.08869522242639,2.02116764838437,2.90858045133567,3.70710238722663,37.6626477321868,TRUE,NA
"r",31.35,-2.08919340877685,2.02320893356697,2.91056773296439,3.7099640742078,37.7147290992767,TRUE,NA
"r",31.4,-2.08969028897528,2.02524909164849,2.91255402460686,3.71282353270553,37.7668055038376,TRUE,NA
"r",31.45,-2.09018586730483,2.02728812496964,2.91453932803502,3.71568076811424,37.8188769598808,TRUE,NA
"r",31.5,-2.09068014802895,2.02932603586287,2.91652364501572,3.71853578580706,37.8709434813624,TRUE,NA
"r",31.55,-2.09117313539148,2.03136282665234,2.91850697731081,3.72138859113599,37.923005082183,TRUE,NA
"r",31.6,-2.09166483361678,2.03339849965402,2.92048932667708,3.72423918943199,37.9750617761891,TRUE,NA
"r",31.65,-2.09215524690981,2.03543305717574,2.92247069486638,3.72708758600509,38.0271135771723,TRUE,NA
"r",31.7,-2.09264437945633,2.03746650151714,2.9244510836255,3.72993378614452,38.0791604988702,TRUE,NA
"r",31.75,-2.09313223542293,2.03949883496985,2.92643049469634,3.73277779511884,38.1312025549666,TRUE,NA
"r",31.8,-2.09361881895721,2.04153005981738,2.92840892981579,3.73561961817599,38.1832397590918,TRUE,NA
"r",31.85,-2.09410413418783,2.04356017833528,2.93038639071584,3.73845926054346,38.2352721248226,TRUE,NA
"r",31.9,-2.0945881852247,2.04558919279106,2.93236287912353,3.74129672742833,38.2872996656829,TRUE,NA
"r",31.95,-2.09507097615903,2.0476171054444,2.93433839676105,3.74413202401751,38.339322395144,TRUE,NA
"r",32,-2.09555251106349,2.04964391854698,2.93631294534563,3.74696515547768,38.3913403266245,TRUE,NA
"r",32.05,-2.09603279399227,2.05166963434268,2.93828652658971,3.74979612695552,38.4433534734911,TRUE,NA
"r",32.1,-2.09651182898126,2.05369425506754,2.94025914220083,3.75262494357777,38.4953618490583,TRUE,NA
"r",32.15,-2.09698962004806,2.05571778294982,2.94223079388172,3.75545161045134,38.5473654665893,TRUE,NA
"r",32.2,-2.0974661711922,2.05774022021005,2.94420148333027,3.75827613266345,38.5993643392957,TRUE,NA
"r",32.25,-2.09794148639518,2.05976156906102,2.94617121223957,3.76109851528163,38.651358480338,TRUE,NA
"r",32.3,-2.09841556962058,2.06178183170785,2.94813998229794,3.76391876335395,38.7033479028261,TRUE,NA
"r",32.35,-2.09888842481421,2.06380101034807,2.95010779518892,3.7667368819091,38.7553326198191,TRUE,NA
"r",32.4,-2.09936005590414,2.06581910717157,2.95207465259131,3.76955287595639,38.8073126443258,TRUE,NA
"r",32.45,-2.0998304668009,2.06783612436066,2.95404055617914,3.77236675048595,38.8592879893053,TRUE,NA
"r",32.5,-2.10029966139751,2.06985206409017,2.95600550762175,3.77517851046884,38.9112586676665,TRUE,NA
"r",32.55,-2.10076764356961,2.0718669285274,2.95796950858374,3.77798816085705,38.963224692269,TRUE,NA
"r",32.6,-2.10123441717556,2.07388071983222,2.95993256072507,3.78079570658374,39.0151860759231,TRUE,NA
"r",32.65,-2.10169998605655,2.07589344015706,2.96189466570099,3.78360115256321,39.0671428313901,TRUE,NA
"r",32.7,-2.10216435403669,2.07790509164697,2.9638558251621,3.78640450369107,39.1190949713825,TRUE,NA
"r",32.75,-2.10262752492312,2.07991567643965,2.96581604075435,3.78920576484432,39.1710425085643,TRUE,NA
"r",32.8,-2.1030895025061,2.08192519666548,2.96777531411909,3.79200494088146,39.2229854555513,TRUE,NA
"r",32.85,-2.1035502905591,2.08393365444756,2.96973364689303,3.79480203664255,39.2749238249113,TRUE,NA
"r",32.9,-2.10400989283894,2.08594105190174,2.97169104070831,3.79759705694934,39.3268576291641,TRUE,NA
"r",32.95,-2.10446831308585,2.08794739113667,2.97364749719248,3.80039000660538,39.3787868807824,TRUE,NA
"r",33,-2.10492555502356,2.0899526742538,2.97560301796851,3.80318089039605,39.4307115921912,TRUE,NA
"r",33.05,-2.10538162235941,2.09195690334744,2.97755760465486,3.80596971308871,39.4826317757688,TRUE,NA
"r",33.1,-2.10583651878449,2.09396008050479,2.97951125886544,3.80875647943279,39.5345474438464,TRUE,NA
"r",33.15,-2.10629024797363,2.09596220780598,2.98146398220963,3.81154119415987,39.5864586087088,TRUE,NA
"r",33.2,-2.10674281358562,2.09796328732407,2.98341577629233,3.81432386198374,39.6383652825946,TRUE,NA
"r",33.25,-2.10719421926318,2.09996332112511,2.98536664271393,3.81710448760054,39.6902674776962,TRUE,NA
"r",33.3,-2.10764446863316,2.10196231126819,2.98731658307039,3.81988307568887,39.74216520616,TRUE,NA
"r",33.35,-2.10809356530655,2.10396025980545,2.98926559895318,3.8226596309098,39.7940584800869,TRUE,NA
"r",33.4,-2.10854151287863,2.10595716878207,2.99121369194934,3.82543415790701,39.8459473115325,TRUE,NA
"r",33.45,-2.10898831492901,2.10795304023641,2.99316086364149,3.82820666130691,39.8978317125071,TRUE,NA
"r",33.5,-2.10943397502179,2.10994787619992,2.99510711560783,3.83097714571862,39.9497116949762,TRUE,NA
"r",33.55,-2.10987849670555,2.11194167869727,2.99705244942219,3.83374561573421,40.0015872708605,TRUE,NA
"r",33.6,-2.11032188351354,2.11393444974632,2.998996866654,3.83651207592868,40.0534584520361,TRUE,NA
"r",33.65,-2.11076413896368,2.11592619135818,3.00094036886833,3.83927653086005,40.1053252503351,TRUE,NA
"r",33.7,-2.11120526655874,2.11791690553724,3.00288295762591,3.84203898506951,40.1571876775454,TRUE,NA
"r",33.75,-2.11164526978633,2.11990659428117,3.00482463448313,3.84479944308142,40.209045745411,TRUE,NA
"r",33.8,-2.11208415211907,2.12189525958101,3.00676540099206,3.84755790940351,40.2608994656325,TRUE,NA
"r",33.85,-2.11252191701461,2.12388290342113,3.00870525870047,3.8503143885268,40.3127488498671,TRUE,NA
"r",33.9,-2.11295856791575,2.12586952777934,3.01064420915184,3.85306888492589,40.3645939097286,TRUE,NA
"r",33.95,-2.11339410825054,2.12785513462681,3.01258225388535,3.85582140305884,40.4164346567881,TRUE,NA
"r",34,-2.11382854143231,2.12983972592825,3.01451939443599,3.85857194736743,40.4682711025738,TRUE,NA
"r",34.05,-2.1142618708598,2.1318233036418,3.01645563233443,3.86132052227709,40.5201032585716,TRUE,NA
"r",34.1,-2.11469409991723,2.13380586971912,3.01839096910715,3.86406713219708,40.5719311362247,TRUE,NA
"r",34.15,-2.11512523197437,2.13578742610545,3.0203254062764,3.86681178152055,40.6237547469346,TRUE,NA
"r",34.2,-2.11555527038664,2.13776797473957,3.02225894536024,3.86955447462462,40.6755741020607,TRUE,NA
"r",34.25,-2.11598421849518,2.13974751755388,3.02419158787252,3.87229521587042,40.7273892129206,TRUE,NA
"r",34.3,-2.11641207962692,2.14172605647443,3.02612333532296,3.87503400960326,40.7792000907908,TRUE,NA
"r",34.35,-2.1168388570947,2.14370359342089,3.02805418921707,3.87777086015259,40.831006746906,TRUE,NA
"r",34.4,-2.11726455419728,2.14568013030668,3.02998415105626,3.8805057718322,40.8828091924602,TRUE,NA
"r",34.45,-2.1176891742195,2.14765566903889,3.03191322233781,3.8832387489402,40.9346074386065,TRUE,NA
"r",34.5,-2.11811272043229,2.14963021151838,3.03384140455483,3.88596979575915,40.9864014964571,TRUE,NA
"r",34.55,-2.11853519609279,2.15160375963979,3.03576869919638,3.88869891655614,41.0381913770839,TRUE,NA
"r",34.6,-2.1189566044444,2.15357631529156,3.03769510774745,3.89142611558286,41.0899770915186,TRUE,NA
"r",34.65,-2.11937694871688,2.15554788035597,3.03962063168889,3.89415139707564,41.1417586507525,TRUE,NA
"r",34.7,-2.11979623212641,2.15751845670915,3.04154527249756,3.89687476525557,41.1935360657373,TRUE,NA
"r",34.75,-2.12021445787568,2.15948804622114,3.04346903164623,3.89959622432857,41.245309347385,TRUE,NA
"r",34.8,-2.12063162915391,2.16145665075586,3.04539191060367,3.90231577848544,41.297078506568,TRUE,NA
"r",34.85,-2.12104774913703,2.16342427217124,3.04731391083462,3.90503343190199,41.3488435541193,TRUE,NA
"r",34.9,-2.12146282098766,2.1653909123191,3.04923503379981,3.90774918873902,41.4006045008329,TRUE,NA
"r",34.95,-2.12187684785523,2.16735657304528,3.05115528095597,3.91046305314247,41.452361357464,TRUE,NA
"r",35,-2.12228983287603,2.16932125618969,3.0530746537559,3.91317502924349,41.504114134729,TRUE,NA
"r",35.05,-2.12270177917328,2.17128496358627,3.0549931536484,3.91588512115847,41.5558628433054,TRUE,NA
"r",35.1,-2.12311268985724,2.17324769706301,3.05691078207834,3.91859333298916,41.6076074938328,TRUE,NA
"r",35.15,-2.12352256802522,2.17520945844205,3.05882754048666,3.9212996688227,41.6593480969124,TRUE,NA
"r",35.2,-2.12393141676172,2.1771702495396,3.06074343031034,3.92400413273171,41.7110846631075,TRUE,NA
"r",35.25,-2.12433923913846,2.1791300721661,3.0626584529825,3.92670672877438,41.7628172029434,TRUE,NA
"r",35.3,-2.12474603821444,2.18108892812612,3.06457260993235,3.9294074609945,41.814545726908,TRUE,NA
"r",35.35,-2.12515181703603,2.18304681921847,3.06648590258522,3.93210633342156,41.8662702454515,TRUE,NA
"r",35.4,-2.12555657863703,2.18500374723617,3.06839833236257,3.93480335007081,41.9179907689871,TRUE,NA
"r",35.45,-2.12596032603875,2.18695971396652,3.07030990068202,3.93749851494333,41.9697073078908,TRUE,NA
"r",35.5,-2.12636306225008,2.18891472119109,3.07222060895731,3.9401918320261,42.0214198725016,TRUE,NA
"r",35.55,-2.12676479026753,2.19086877068577,3.07413045859841,3.94288330529205,42.0731284731217,TRUE,NA
"r",35.6,-2.12716551307532,2.19282186422081,3.07603945101146,3.94557293870021,42.124833120017,TRUE,NA
"r",35.65,-2.12756523364542,2.19477400356078,3.07794758759876,3.94826073619561,42.1765338234167,TRUE,NA
"r",35.7,-2.1279639549377,2.19672519046464,3.07985486975887,3.95094670170954,42.2282305935141,TRUE,NA
"r",35.75,-2.12836167989988,2.1986754266858,3.08176129888654,3.95363083915945,42.2799234404662,TRUE,NA
"r",35.8,-2.12875841146765,2.20062471397206,3.0836668763728,3.95631315244917,42.3316123743943,TRUE,NA
"r",35.85,-2.12915415256476,2.20257305406572,3.08557160360489,3.95899364546885,42.3832974053837,TRUE,NA
"r",35.9,-2.12954890610302,2.20452044870354,3.08747548196635,3.96167232209507,42.4349785434846,TRUE,NA
"r",35.95,-2.12994267498246,2.20646689961678,3.08937851283697,3.96434918619094,42.4866557987114,TRUE,NA
"r",36,-2.13033546209128,2.20841240853126,3.09128069759284,3.96702424160608,42.5383291810437,TRUE,NA
"r",36.05,-2.130727270306,2.21035697716734,3.09318203760636,3.96969749217682,42.5899987004256,TRUE,NA
"r",36.1,-2.13111810249146,2.21230060723996,3.09508253424624,3.97236894172611,42.6416643667668,TRUE,NA
"r",36.15,-2.13150796150095,2.21424330045869,3.09698218887752,3.97503859406369,42.6933261899419,TRUE,NA
"r",36.2,-2.13189685017622,2.21618505852768,3.09888100286159,3.9777064529861,42.7449841797913,TRUE,NA
"r",36.25,-2.13228477134755,2.21812588314575,3.10077897755616,3.98037252227677,42.7966383461207,TRUE,NA
"r",36.3,-2.13267172783383,2.22006577600642,3.10267611431535,3.98303680570607,42.8482886987018,TRUE,NA
"r",36.35,-2.1330577224426,2.22200473879787,3.10457241448964,3.98569930703138,42.899935247272,TRUE,NA
"r",36.4,-2.13344275797011,2.22394277320306,3.10646787942591,3.98836002999715,42.9515780015351,TRUE,NA
"r",36.45,-2.13382683720141,2.2258798808996,3.10836251046741,3.99101897833494,43.003216971161,TRUE,NA
"r",36.5,-2.13420996291039,2.22781606355993,3.11025630895384,3.9936761557635,43.054852165786,TRUE,NA
"r",36.55,-2.13459213785978,2.2297513228513,3.11214927622135,3.99633156598888,43.1064835950128,TRUE,NA
"r",36.6,-2.13497336480136,2.2316856604357,3.11404141360247,3.99898521270437,43.1581112684113,TRUE,NA
"r",36.65,-2.13535364647584,2.23361907797002,3.11593272242623,4.00163709959064,43.2097351955176,TRUE,NA
"r",36.7,-2.13573298561304,2.23555157710596,3.1178232040181,4.00428723031584,43.2613553858356,TRUE,NA
"r",36.75,-2.13611138493192,2.23748315949012,3.11971285970004,4.00693560853557,43.3129718488358,TRUE,NA
"r",36.8,-2.13648884714059,2.239413826764,3.12160169079051,4.00958223789296,43.3645845939561,TRUE,NA
"r",36.85,-2.13686537493643,2.24134358056403,3.12348969860446,4.01222712201878,43.4161936306022,TRUE,NA
"r",36.9,-2.13724097100611,2.24327242252155,3.12537688445334,4.01487026453145,43.4677989681471,TRUE,NA
"r",36.95,-2.13761563802566,2.2452003542629,3.12726324964513,4.01751166903709,43.5194006159319,TRUE,NA
"r",37,-2.13798937866053,2.2471273774094,3.12914879548438,4.02015133912962,43.5709985832652,TRUE,NA
"r",37.05,-2.1383621955656,2.24905349357736,3.13103352327215,4.02278927839081,43.6225928794241,TRUE,NA
"r",37.1,-2.13873409138532,2.25097870437815,3.13291743430609,4.02542549039027,43.6741835136538,TRUE,NA
"r",37.15,-2.13910506875366,2.25290301141817,3.13480052988039,4.0280599786856,43.7257704951676,TRUE,NA
"r",37.2,-2.13947513029429,2.25482641629889,3.13668281128586,4.03069274682242,43.7773538331478,TRUE,NA
"r",37.25,-2.1398442786205,2.2567489206169,3.13856427980989,4.03332379833434,43.8289335367449,TRUE,NA
"r",37.3,-2.14021251633536,2.25867052596387,3.14044493673648,4.03595313674314,43.8805096150785,TRUE,NA
"r",37.35,-2.14057984603169,2.26059123392661,3.14232478334623,4.03858076555874,43.9320820772371,TRUE,NA
"r",37.4,-2.14094627029219,2.26251104608714,3.14420382091644,4.04120668827934,43.983650932278,TRUE,NA
"r",37.45,-2.14131179168944,2.26442996402256,3.14608205072095,4.04383090839132,44.0352161892282,TRUE,NA
"r",37.5,-2.14167641278597,2.26634798930525,3.14795947403032,4.04645342936949,44.0867778570838,TRUE,NA
"r",37.55,-2.14204013613431,2.26826512350277,3.14983609211179,4.049074254677,44.1383359448103,TRUE,NA
"r",37.6,-2.14240296427703,2.27018136817793,3.15171190622924,4.05169338776543,44.189890461343,TRUE,NA
"r",37.65,-2.14276489974682,2.27209672488878,3.15358691764324,4.05431083207488,44.241441415587,TRUE,NA
"r",37.7,-2.14312594506653,2.27401119518867,3.15546112761109,4.05692659103397,44.2929888164173,TRUE,NA
"r",37.75,-2.14348610274917,2.2759247806262,3.15733453738674,4.05954066805994,44.3445326726788,TRUE,NA
"r",37.8,-2.14384537529805,2.27783748274538,3.15920714822095,4.06215306655867,44.3960729931868,TRUE,NA
"r",37.85,-2.14420376520676,2.27974930308547,3.16107896136116,4.06476378992475,44.4476097867269,TRUE,NA
"r",37.9,-2.14456127495925,2.2816602431811,3.16294997805154,4.06737284154149,44.4991430620548,TRUE,NA
"r",37.95,-2.14491790702987,2.28357030456231,3.16482019953304,4.06998022478105,44.5506728278974,TRUE,NA
"r",38,-2.14527366388342,2.28547948875453,3.16668962704341,4.07258594300443,44.6021990929518,TRUE,NA
"r",38.05,-2.1456285479752,2.28738779727856,3.1685582618171,4.07518999956151,44.6537218658862,TRUE,NA
"r",38.1,-2.14598256175108,2.28929523165068,3.17042610508541,4.07779239779117,44.7052411553397,TRUE,NA
"r",38.15,-2.14633570764747,2.29120179338261,3.17229315807643,4.08039314102126,44.7567569699225,TRUE,NA
"r",38.2,-2.14668798809147,2.29310748398155,3.17415942201506,4.08299223256874,44.8082693182162,TRUE,NA
"r",38.25,-2.14703940550088,2.29501230495015,3.17602489812299,4.08558967573959,44.8597782087736,TRUE,NA
"r",38.3,-2.14738996228419,2.29691625778661,3.17788958761877,4.088185473829,44.9112836501189,TRUE,NA
"r",38.35,-2.14773966084072,2.29881934398468,3.17975349171782,4.0907796301214,44.9627856507482,TRUE,NA
"r",38.4,-2.14808850356059,2.30072156503358,3.18161661163235,4.09337214789038,45.0142842191292,TRUE,NA
"r",38.45,-2.14843649282482,2.30262292241815,3.18347894857148,4.0959630303989,45.0657793637014,TRUE,NA
"r",38.5,-2.14878363100534,2.30452341761881,3.1853405037412,4.09855228089927,45.1172710928765,TRUE,NA
"r",38.55,-2.14912992046505,2.30642305211158,3.18720127834439,4.10113990263315,45.1687594150381,TRUE,NA
"r",38.6,-2.14947536355786,2.30832182736809,3.18906127358081,4.1037258988317,45.2202443385422,TRUE,NA
"r",38.65,-2.14981996262876,2.3102197448556,3.19092049064712,4.10631027271554,45.2717258717171,TRUE,NA
"r",38.7,-2.15016372001381,2.31211680603704,3.19277893073692,4.10889302749481,45.3232040228636,TRUE,NA
"r",38.75,-2.15050663804025,2.31401301237104,3.19463659504074,4.11147416636929,45.3746788002552,TRUE,NA
"r",38.8,-2.1508487190265,2.31590836531185,3.19649348474601,4.11405369252834,45.4261502121379,TRUE,NA
"r",38.85,-2.15118996528221,2.3178028663095,3.19834960103717,4.11663160915104,45.4776182667309,TRUE,NA
"r",38.9,-2.15153037910832,2.31969651680972,3.20020494509558,4.11920791940618,45.529082972226,TRUE,NA
"r",38.95,-2.15186996279709,2.32158931825398,3.20205951809956,4.12178262645228,45.5805443367883,TRUE,NA
"r",39,-2.15220871863215,2.32348127207952,3.20391332122444,4.12435573343776,45.6320023685562,TRUE,NA
"r",39.05,-2.15254664888851,2.32537237971936,3.20576635564251,4.12692724350081,45.6834570756412,TRUE,NA
"r",39.1,-2.15288375583269,2.3272626426023,3.20761862252309,4.12949715976962,45.7349084661283,TRUE,NA
"r",39.15,-2.15322004172264,2.32915206215299,3.2094701230325,4.13206548536223,45.786356548076,TRUE,NA
"r",39.2,-2.15355550880791,2.33104063979186,3.21132085833404,4.13463222338674,45.8378013295169,TRUE,NA
"r",39.25,-2.15389015932957,2.33292837693523,3.21317082958811,4.13719737694129,45.8892428184567,TRUE,NA
"r",39.3,-2.15422399552034,2.33481527499527,3.21502003795211,4.13976094911406,45.9406810228756,TRUE,NA
"r",39.35,-2.1545570196046,2.33670133538004,3.21686848458048,4.14232294298339,45.9921159507275,TRUE,NA
"r",39.4,-2.15488923379842,2.33858655949349,3.21871617062476,4.14488336161782,46.0435476099404,TRUE,NA
"r",39.45,-2.15522064030963,2.34047094873548,3.22056309723352,4.14744220807602,46.0949760084167,TRUE,NA
"r",39.5,-2.15555124133782,2.3423545045018,3.22240926555244,4.14999948540698,46.146401154033,TRUE,NA
"r",39.55,-2.15588103907444,2.34423722818422,3.22425467672426,4.15255519664997,46.1978230546407,TRUE,NA
"r",39.6,-2.15621003570275,2.34611912117043,3.22609933188885,4.15510934483461,46.2492417180652,TRUE,NA
"r",39.65,-2.15653823339794,2.34800018484414,3.22794323218318,4.15766193298089,46.3006571521071,TRUE,NA
"r",39.7,-2.15686563432718,2.34988042058503,3.22978637874132,4.16021296409925,46.3520693645416,TRUE,NA
"r",39.75,-2.15719224064956,2.35175982976879,3.23162877269448,4.16276244119055,46.4034783631187,TRUE,NA
"r",39.8,-2.15751805451623,2.35363841376717,3.23347041517104,4.16531036724624,46.4548841555635,TRUE,NA
"r",39.85,-2.15784307807037,2.35551617394795,3.23531130729647,4.16785674524821,46.5062867495762,TRUE,NA
"r",39.9,-2.15816731344729,2.35739311167496,3.23715145019346,4.17040157816907,46.5576861528323,TRUE,NA
"r",39.95,-2.15849076277442,2.35926922830809,3.23899084498179,4.17294486897193,46.6090823729825,TRUE,NA
"r",40,-2.15881342817137,2.3611445252034,3.2408294927785,4.17548662061068,46.660475417653,TRUE,NA
"r",40.05,-2.15913531174996,2.36301900371296,3.24266739469775,4.17802683602986,46.7118652944456,TRUE,NA
"r",40.1,-2.15945641561426,2.36489266518503,3.24450455185094,4.18056551816479,46.7632520109376,TRUE,NA
"r",40.15,-2.15977674186062,2.36676551096401,3.24634096534667,4.18310266994159,46.8146355746821,TRUE,NA
"r",40.2,-2.16009629257773,2.36863754239039,3.2481766362907,4.18563829427718,46.866015993208,TRUE,NA
"r",40.25,-2.16041506984664,2.37050876080092,3.25001156578611,4.1881723940794,46.9173932740204,TRUE,NA
"r",40.3,-2.16073307574077,2.37237916752846,3.25184575493312,4.19070497224697,46.9687674246002,TRUE,NA
"r",40.35,-2.16105031232604,2.37424876390213,3.25367920482924,4.19323603166957,47.0201384524045,TRUE,NA
"r",40.4,-2.16136678166075,2.3761175512472,3.25551191656921,4.19576557522784,47.0715063648666,TRUE,NA
"r",40.45,-2.16168248579581,2.37798553088523,3.25734389124506,4.19829360579352,47.1228711693964,TRUE,NA
"r",40.5,-2.16199742677459,2.37985270413402,3.25917512994607,4.20082012622936,47.17423287338,TRUE,NA
"r",40.55,-2.16231160663308,2.38171907230758,3.26100563375878,4.20334513938921,47.2255914841801,TRUE,NA
"r",40.6,-2.16262502739987,2.38358463671626,3.26283540376707,4.20586864811812,47.2769470091363,TRUE,NA
"r",40.65,-2.16293769109621,2.38544939866668,3.26466444105208,4.20839065525228,47.3282994555646,TRUE,NA
"r",40.7,-2.16324959973602,2.38731335946172,3.26649274669222,4.21091116361908,47.3796488307581,TRUE,NA
"r",40.75,-2.16356075532598,2.38917652040063,3.26832032176329,4.21343017603719,47.4309951419867,TRUE,NA
"r",40.8,-2.16387115986545,2.39103888277898,3.27014716733837,4.21594769531661,47.4823383964975,TRUE,NA
"r",40.85,-2.16418081534666,2.39290044788871,3.27197328448789,4.21846372425863,47.5336786015145,TRUE,NA
"r",40.9,-2.1644897237546,2.39476121701807,3.27379867427959,4.22097826565588,47.5850157642392,TRUE,NA
"r",40.95,-2.16479788706716,2.39662119145173,3.27562333777861,4.22349132229246,47.6363498918505,TRUE,NA
"r",41,-2.1651053072551,2.39848037247075,3.27744727604739,4.22600289694386,47.6876809915042,TRUE,NA
"r",41.05,-2.16541198628211,2.40033876135256,3.27927049014579,4.22851299237709,47.7390090703342,TRUE,NA
"r",41.1,-2.16571792610483,2.40219635937106,3.28109298113102,4.23102161135062,47.7903341354518,TRUE,NA
"r",41.15,-2.16602312867289,2.40405316779658,3.2829147500577,4.23352875661455,47.8416561939459,TRUE,NA
"r",41.2,-2.16632759592896,2.40590918789583,3.28473579797779,4.23603443091045,47.8929752528834,TRUE,NA
"r",41.25,-2.16663132980877,2.40776442093203,3.28655612594069,4.23853863697158,47.9442913193089,TRUE,NA
"r",41.3,-2.1669343322411,2.4096188681649,3.28837573499323,4.24104137752289,47.9956044002452,TRUE,NA
"r",41.35,-2.1672366051479,2.41147253085062,3.29019462617962,4.24354265528096,48.046914502693,TRUE,NA
"r",41.4,-2.16753815044425,2.41332541024186,3.29201280054152,4.2460424729541,48.0982216336313,TRUE,NA
"r",41.45,-2.16783897003841,2.41517750758783,3.29383025911802,4.24854083324239,48.1495258000172,TRUE,NA
"r",41.5,-2.16813906583186,2.41702882413427,3.29564700294566,4.25103773883773,48.2008270087863,TRUE,NA
"r",41.55,-2.16843843971937,2.41887936112343,3.29746303305841,4.25353319242381,48.2521252668526,TRUE,NA
"r",41.6,-2.16873709358892,2.42072911979417,3.29927835048775,4.25602719667622,48.3034205811085,TRUE,NA
"r",41.65,-2.16903502932186,2.42257810138188,3.30109295626258,4.25851975426239,48.3547129584253,TRUE,NA
"r",41.7,-2.16933224879287,2.42442630711856,3.30290685140931,4.26101086784176,48.4060024056527,TRUE,NA
"r",41.75,-2.16962875386999,2.42627373823275,3.3047200369518,4.26350054006565,48.4572889296194,TRUE,NA
"r",41.8,-2.16992454641467,2.4281203959497,3.30653251391148,4.26598877357746,48.5085725371329,TRUE,NA
"r",41.85,-2.1702196282818,2.42996628149117,3.30834428330719,4.26847557101255,48.5598532349796,TRUE,NA
"r",41.9,-2.17051400131975,2.43181139607566,3.31015534615535,4.27096093499838,48.611131029925,TRUE,NA
"r",41.95,-2.17080766737037,2.43365574091822,3.31196570346986,4.27344486815452,48.662405928714,TRUE,NA
"r",42,-2.17110062826902,2.43549931723066,3.31377535626217,4.27592737309263,48.7136779380701,TRUE,NA
"r",42.05,-2.17139288584466,2.43734212622138,3.31558430554125,4.27840845241656,48.7649470646968,TRUE,NA
"r",42.1,-2.1716844419198,2.43918416909552,3.31739255231364,4.28088810872235,48.8162133152765,TRUE,NA
"r",42.15,-2.17197529831059,2.44102544705491,3.3192000975834,4.28336634459828,48.8674766964714,TRUE,NA
"r",42.2,-2.17226545682681,2.44286596129805,3.32100694235216,4.28584316262485,48.918737214923,TRUE,NA
"r",42.25,-2.17255491927191,2.44470571302024,3.32281308761913,4.28831856537488,48.9699948772526,TRUE,NA
"r",42.3,-2.17284368744307,2.44654470341346,3.32461853438108,4.29079255541353,49.0212496900612,TRUE,NA
"r",42.35,-2.17313176313117,2.44838293366645,3.32642328363236,4.29326513529826,49.0725016599296,TRUE,NA
"r",42.4,-2.17341914812086,2.45022040496477,3.32822733636497,4.295736307579,49.1237507934184,TRUE,NA
"r",42.45,-2.1737058441906,2.45205711849064,3.33003069356839,4.29820607479799,49.1749970970684,TRUE,NA
"r",42.5,-2.17399185311265,2.45389307542318,3.33183335622984,4.30067443949,49.2262405774002,TRUE,NA
"r",42.55,-2.17427717665312,2.45572827693823,3.33363532533405,4.30314140418224,49.2774812409146,TRUE,NA
"r",42.6,-2.17456181657199,2.4575627242085,3.33543660186344,4.30560697139444,49.3287190940929,TRUE,NA
"r",42.65,-2.17484577462313,2.45939641840351,3.33723718679806,4.30807114363891,49.3799541433961,TRUE,NA
"r",42.7,-2.1751290525544,2.46122936068956,3.33903708111552,4.31053392342044,49.4311863952662,TRUE,NA
"r",42.75,-2.17541165210754,2.46306155222987,3.34083628579116,4.31299531323651,49.4824158561253,TRUE,NA
"r",42.8,-2.17569357501831,2.4648929941845,3.34263480179794,4.31545531557717,49.533642532376,TRUE,NA
"r",42.85,-2.1759748230165,2.46672368771034,3.34443263010649,4.31791393292516,49.5848664304017,TRUE,NA
"r",42.9,-2.1762553978259,2.46855363396123,3.3462297716851,4.32037116775593,49.6360875565663,TRUE,NA
"r",42.95,-2.17653530116439,2.47038283408786,3.34802622749975,4.3228270225376,49.6873059172148,TRUE,NA
"r",43,-2.17681453474395,2.47221128923783,3.34982199851407,4.32528149973107,49.7385215186725,TRUE,NA
"r",43.05,-2.17709310027067,2.47403900055567,3.35161708568943,4.32773460179002,49.7897343672461,TRUE,NA
"r",43.1,-2.17737099944478,2.47586596918284,3.35341148998486,4.33018633116093,49.8409444692232,TRUE,NA
"r",43.15,-2.17764823396068,2.47769219625774,3.35520521235712,4.33263669028312,49.8921518308721,TRUE,NA
"r",43.2,-2.177924805507,2.47951768291572,3.35699825376066,4.33508568158879,49.9433564584427,TRUE,NA
"r",43.25,-2.17820071576656,2.48134243028909,3.35879061514766,4.33753330750301,49.994558358166,TRUE,NA
"r",43.3,-2.17847596641644,2.48316643950713,3.36058229746805,4.33997957044379,50.045757536254,TRUE,NA
"r",43.35,-2.17875055912801,2.48498971169615,3.36237330166948,4.34242447282209,50.0969539989006,TRUE,NA
"r",43.4,-2.17902449556693,2.48681224797941,3.36416362869733,4.34486801704185,50.1481477522807,TRUE,NA
"r",43.45,-2.17929777739318,2.48863404947719,3.36595327949474,4.34731020550001,50.1993388025509,TRUE,NA
"r",43.5,-2.17957040626112,2.49045511730681,3.36774225500262,4.34975104058657,50.2505271558492,TRUE,NA
"r",43.55,-2.17984238381947,2.49227545258258,3.36953055615961,4.35219052468454,50.3017128182957,TRUE,NA
"r",43.6,-2.18011371171134,2.49409505641591,3.37131818390217,4.35462866017011,50.3528957959918,TRUE,NA
"r",43.65,-2.1803843915743,2.49591392991523,3.3731051391645,4.35706544941252,50.4040760950208,TRUE,NA
"r",43.7,-2.18065442504035,2.49773207418605,3.37489142287861,4.35950089477417,50.4552537214481,TRUE,NA
"r",43.75,-2.18092381373599,2.49954949033091,3.37667703597428,4.36193499861066,50.5064286813207,TRUE,NA
"r",43.8,-2.18119255928219,2.50136617944952,3.37846197937912,4.36436776327075,50.557600980668,TRUE,NA
"r",43.85,-2.18146066329448,2.50318214263859,3.3802462540185,4.36679919109647,50.6087706255012,TRUE,NA
"r",43.9,-2.1817281273829,2.50499738099203,3.38202986081566,4.36922928442308,50.6599376218137,TRUE,NA
"r",43.95,-2.18199495315212,2.5068118956008,3.38381280069163,4.37165804557915,50.7111019755813,TRUE,NA
"r",44,-2.18226114220137,2.50862568755304,3.38559507456529,4.37408547688653,50.762263692762,TRUE,NA
"r",44.05,-2.1825266961245,2.51043875793398,3.38737668335331,4.37651158066039,50.8134227792961,TRUE,NA
"r",44.1,-2.18279161651002,2.51225110782604,3.38915762797024,4.37893635920933,50.8645792411064,TRUE,NA
"r",44.15,-2.18305590494113,2.5140627383088,3.3909379093285,4.38135981483529,50.9157330840983,TRUE,NA
"r",44.2,-2.18331956299569,2.51587365045895,3.39271752833828,4.38378194983359,50.9668843141597,TRUE,NA
"r",44.25,-2.18358259224628,2.51768384535048,3.39449648590774,4.38620276649307,51.018032937161,TRUE,NA
"r",44.3,-2.18384499426026,2.51949332405445,3.39627478294284,4.38862226709598,51.0691789589556,TRUE,NA
"r",44.35,-2.18410677059969,2.52130208763919,3.39805242034742,4.39104045391809,51.1203223853794,TRUE,NA
"r",44.4,-2.18436792282147,2.52311013717023,3.39982939902324,4.39345732922867,51.1714632222514,TRUE,NA
"r",44.45,-2.18462845247728,2.52491747371032,3.40160571986991,4.39587289529054,51.2226014753733,TRUE,NA
"r",44.5,-2.18488836111365,2.52672409831945,3.40338138378496,4.39828715436007,51.2737371505299,TRUE,NA
"r",44.55,-2.18514765027194,2.52853001205485,3.40515639166384,4.40070010868727,51.324870253489,TRUE,NA
"r",44.6,-2.18540632148842,2.53033521597098,3.40693074439985,4.40311176051573,51.3760007900015,TRUE,NA
"r",44.65,-2.18566437629422,2.5321397111196,3.40870444288427,4.40552211208268,51.4271287658016,TRUE,NA
"r",44.7,-2.18592181621543,2.5339434985497,3.41047748800624,4.40793116561903,51.4782541866066,TRUE,NA
"r",44.75,-2.18617864277306,2.53574657930761,3.41224988065289,4.41033892334938,51.5293770581171,TRUE,NA
"r",44.8,-2.18643485748308,2.53754895443693,3.41402162170928,4.41274538749209,51.580497386017,TRUE,NA
"r",44.85,-2.18669046185647,2.53935062497852,3.41579271205837,4.41515056025918,51.6316151759741,TRUE,NA
"r",44.9,-2.18694545739921,2.54115159197061,3.41756315258109,4.41755444385648,51.682730433639,TRUE,NA
"r",44.95,-2.18719984561231,2.54295185644872,3.41933294415633,4.41995704048363,51.7338431646465,TRUE,NA
"r",45,-2.1874536279918,2.54475141944572,3.42110208766096,4.42235835233406,51.7849533746145,TRUE,NA
"r",45.05,-2.18770680602884,2.54655028199183,3.4228705839698,4.42475838159505,51.8360610691449,TRUE,NA
"r",45.1,-2.18795938120965,2.54834844511455,3.4246384339556,4.42715713044771,51.8871662538233,TRUE,NA
"r",45.15,-2.18821135501558,2.55014590983886,3.42640563848919,4.42955460106708,51.9382689342191,TRUE,NA
"r",45.2,-2.1884627289231,2.55194267718699,3.42817219843927,4.43195079562206,51.9893691158856,TRUE,NA
"r",45.25,-2.18871350440386,2.55373874817865,3.42993811467267,4.43434571627557,52.0404668043598,TRUE,NA
"r",45.3,-2.18896368292465,2.55553412383088,3.43170338805412,4.43673936518439,52.091562005163,TRUE,NA
"r",45.35,-2.18921326594752,2.55732880515812,3.43346801944635,4.43913174449934,52.1426547238006,TRUE,NA
"r",45.4,-2.18946225492968,2.55912279317225,3.43523200971018,4.44152285636521,52.1937449657617,TRUE,NA
"r",45.45,-2.18971065132361,2.56091608888252,3.43699535970437,4.44391270292083,52.2448327365201,TRUE,NA
"r",45.5,-2.18995845657706,2.56270869329567,3.43875807028577,4.44630128629909,52.2959180415334,TRUE,NA
"r",45.55,-2.19020567213303,2.56450060741584,3.44052014230923,4.44868860862694,52.3470008862437,TRUE,NA
"r",45.6,-2.19045229942986,2.56629183224456,3.4422815766276,4.45107467202542,52.3980812760776,TRUE,NA
"r",45.65,-2.19069833990117,2.56808236878094,3.44404237409187,4.4534594786097,52.4491592164457,TRUE,NA
"r",45.7,-2.19094379497594,2.56987221802144,3.44580253555098,4.45584303048908,52.5002347127436,TRUE,NA
"r",45.75,-2.19118866607853,2.57166138096004,3.44756206185198,4.45822532976702,52.551307770351,TRUE,NA
"r",45.8,-2.19143295462864,2.57344985858822,3.44932095384,4.46060637854119,52.6023783946324,TRUE,NA
"r",45.85,-2.19167666204143,2.57523765189488,3.45107921235815,4.4629861789034,52.6534465909371,TRUE,NA
"r",45.9,-2.19191978972739,2.5770247618665,3.45283683824773,4.4653647329398,52.7045123645986,TRUE,NA
"r",45.95,-2.19216233909255,2.578811189487,3.45459383234801,4.46774204273066,52.7555757209357,TRUE,NA
"r",46,-2.19240431153832,2.5805969357379,3.45635019549645,4.47011811035063,52.8066366652518,TRUE,NA
"r",46.05,-2.19264570846161,2.58238200159817,3.45810592852854,4.47249293786863,52.8576952028351,TRUE,NA
"r",46.1,-2.19288653125487,2.58416638804431,3.45986103227784,4.47486652734782,52.908751338959,TRUE,NA
"r",46.15,-2.19312678130601,2.58595009605041,3.46161550757608,4.47723888084578,52.9598050788817,TRUE,NA
"r",46.2,-2.19336645999851,2.5877331265881,3.46336935525307,4.47961000041444,53.0108564278464,TRUE,NA
"r",46.25,-2.19360556871134,2.58951548062659,3.46512257613676,4.48197988810011,53.0619053910814,TRUE,NA
"r",46.3,-2.19384410881915,2.59129715913258,3.46687517105316,4.48434854594343,53.1129519738005,TRUE,NA
"r",46.35,-2.1940820816921,2.59307816307041,3.46862714082646,4.48671597597956,53.1639961812023,TRUE,NA
"r",46.4,-2.19431948869597,2.59485849340202,3.47037848627897,4.48908218023805,53.2150380184709,TRUE,NA
"r",46.45,-2.19455633119221,2.59663815108691,3.47212920823114,4.49144716074293,53.2660774907758,TRUE,NA
"r",46.5,-2.19479261053784,2.59841713708218,3.47387930750156,4.4938109195127,53.3171146032715,TRUE,NA
"r",46.55,-2.19502832808562,2.60019545234259,3.47562878490699,4.49617345856041,53.3681493610983,TRUE,NA
"r",46.6,-2.19526348518398,2.60197309782042,3.47737764126229,4.49853477989356,53.4191817693821,TRUE,NA
"r",46.65,-2.19549808317699,2.60375007446571,3.47912587738056,4.50089488551428,53.4702118332338,TRUE,NA
"r",46.7,-2.19573212340451,2.60552638322601,3.48087349407298,4.50325377741919,53.5212395577505,TRUE,NA
"r",46.75,-2.19596560720208,2.60730202504664,3.48262049214903,4.50561145759958,53.5722649480144,TRUE,NA
"r",46.8,-2.19619853590104,2.60907700087045,3.4843668724162,4.50796792804127,53.6232880090939,TRUE,NA
"r",46.85,-2.19643091082851,2.61085131163801,3.48611263568029,4.51032319072476,53.6743087460429,TRUE,NA
"r",46.9,-2.19666273330731,2.61262495828759,3.48785778274528,4.51267724762518,53.7253271639012,TRUE,NA
"r",46.95,-2.1968940046562,2.61439794175505,3.48960231441326,4.51503010071232,53.7763432676944,TRUE,NA
"r",47,-2.19712472618963,2.61617026297406,3.49134623148465,4.51738175195069,53.8273570624339,TRUE,NA
"r",47.05,-2.19735489921799,2.61794192287587,3.49308953475796,4.51973220329948,53.8783685531173,TRUE,NA
"r",47.1,-2.1975845250475,2.61971292238945,3.49483222502994,4.52208145671259,53.9293777447282,TRUE,NA
"r",47.15,-2.19781360498022,2.62148326244155,3.49657430309562,4.52442951413869,53.9803846422362,TRUE,NA
"r",47.2,-2.19804214031415,2.62325294395656,3.49831576974819,4.52677637752126,54.0313892505968,TRUE,NA
"r",47.25,-2.19827013234319,2.62502196785664,3.50005662577908,4.52912204879847,54.0823915747521,TRUE,NA
"r",47.3,-2.19849758235714,2.62679033506166,3.50179687197795,4.53146652990339,54.1333916196302,TRUE,NA
"r",47.35,-2.19872449164178,2.62855804648924,3.50353650913274,4.53380982276385,54.1843893901454,TRUE,NA
"r",47.4,-2.19895086147882,2.63032510305476,3.50527553802958,4.53615192930255,54.2353848911984,TRUE,NA
"r",47.45,-2.19917669314597,2.63209150567131,3.50701395945287,4.53849285143704,54.2863781276764,TRUE,NA
"r",47.5,-2.19940198791689,2.63385725524984,3.5087517741853,4.54083259107979,54.3373691044528,TRUE,NA
"r",47.55,-2.19962674706132,2.63562235269894,3.51048898300774,4.54317115013811,54.3883578263875,TRUE,NA
"r",47.6,-2.19985097184498,2.6373867989251,3.51222558669941,4.54550853051428,54.4393442983273,TRUE,NA
"r",47.65,-2.20007466352963,2.63915059483254,3.51396158603776,4.54784473410548,54.490328525105,TRUE,NA
"r",47.7,-2.20029782337311,2.64091374132326,3.5156969817985,4.55017976280386,54.5413105115405,TRUE,NA
"r",47.75,-2.20052045262931,2.64267623929711,3.51743177475568,4.55251361849658,54.5922902624399,TRUE,NA
"r",47.8,-2.20074255254823,2.6444380896517,3.51916596568157,4.55484630306573,54.6432677825965,TRUE,NA
"r",47.85,-2.20096412437597,2.64619929328249,3.52089955534676,4.55717781838846,54.6942430767901,TRUE,NA
"r",47.9,-2.20118516935475,2.64795985108279,3.52263254452018,4.55950816633693,54.7452161497873,TRUE,NA
"r",47.95,-2.20140568872295,2.64971976394366,3.52436493396898,4.56183734877835,54.7961870063418,TRUE,NA
"r",48,-2.20162568371505,2.65147903275406,3.52609672445866,4.56416536757499,54.8471556511937,TRUE,NA
"r",48.05,-2.20184515556175,2.65323765840083,3.52782791675307,4.56649222458423,54.8981220890707,TRUE,NA
"r",48.1,-2.20206410548992,2.65499564176855,3.52955851161429,4.56881792165851,54.9490863246871,TRUE,NA
"r",48.15,-2.20228253472264,2.65675298373979,3.5312885098028,4.57114246064544,55.0000483627444,TRUE,NA
"r",48.2,-2.20250044447918,2.65850968519488,3.53301791207737,4.57346584338773,55.051008207931,TRUE,NA
"r",48.25,-2.20271783597506,2.66026574701213,3.53474671919513,4.57578807172324,55.1019658649227,TRUE,NA
"r",48.3,-2.20293471042204,2.66202117006766,3.53647493191152,4.57810914748505,55.1529213383822,TRUE,NA
"r",48.35,-2.20315106902816,2.66377595523547,3.53820255098031,4.58042907250136,55.2038746329599,TRUE,NA
"r",48.4,-2.20336691299769,2.66553010338754,3.53992957715367,4.58274784859566,55.254825753293,TRUE,NA
"r",48.45,-2.20358224353127,2.66728361539364,3.54165601118206,4.58506547758655,55.3057747040063,TRUE,NA
"r",48.5,-2.20379706182574,2.66903649212159,3.54338185381441,4.58738196128804,55.3567214897118,TRUE,NA
"r",48.55,-2.20401136907436,2.67078873443701,3.54510710579785,4.58969730150925,55.407666115009,TRUE,NA
"r",48.6,-2.20422516646668,2.67254034320348,3.54683176787799,4.59201150005462,55.4586085844851,TRUE,NA
"r",48.65,-2.2044384551886,2.67429131928257,3.54855584079881,4.59432455872392,55.5095489027143,TRUE,NA
"r",48.7,-2.20465123642239,2.6760416635337,3.55027932530261,4.59663647931219,55.5604870742588,TRUE,NA
"r",48.75,-2.20486351134671,2.67779137681428,3.55200222213011,4.5989472636098,55.6114231036681,TRUE,NA
"r",48.8,-2.2050752811366,2.67954045997971,3.55372453202043,4.60125691340251,55.6623569954796,TRUE,NA
"r",48.85,-2.20528654696353,2.68128891388329,3.55544625571106,4.60356543047139,55.7132887542183,TRUE,NA
"r",48.9,-2.20549730999535,2.6830367393763,3.55716739393786,4.60587281659287,55.7642183843967,TRUE,NA
"r",48.95,-2.20570757139641,2.68478393730803,3.55888794743515,4.60817907353885,55.8151458905155,TRUE,NA
"r",49,-2.20591733232746,2.68653050852572,3.56060791693564,4.61048420307659,55.8660712770627,TRUE,NA
"r",49.05,-2.20612659394572,2.68827645387463,3.56232730317042,4.61278820696877,55.9169945485145,TRUE,NA
"r",49.1,-2.20633535740493,2.69002177419792,3.564046106869,4.61509108697353,55.9679157093352,TRUE,NA
"r",49.15,-2.20654362385528,2.69176647033689,3.56576432875936,4.61739284484449,56.0188347639764,TRUE,NA
"r",49.2,-2.2067513944435,2.69351054313074,3.56748196956784,4.6196934823307,56.0697517168784,TRUE,NA
"r",49.25,-2.2069586703128,2.69525399341674,3.56919903001927,4.62199300117672,56.1206665724688,TRUE,NA
"r",49.3,-2.20716545260298,2.69699682203017,3.57091551083686,4.62429140312265,56.1715793351641,TRUE,NA
"r",49.35,-2.20737174245034,2.69873902980433,3.57263141274231,4.62658868990406,56.2224900093683,TRUE,NA
"r",49.4,-2.20757754098778,2.70048061757054,3.57434673645572,4.6288848632521,56.2733985994737,TRUE,NA
"r",49.45,-2.20778284934476,2.70222158615818,3.57606148269566,4.63117992489346,56.3243051098609,TRUE,NA
"r",49.5,-2.20798766864731,2.70396193639472,3.57777565217917,4.63347387655041,56.3752095448986,TRUE,NA
"r",49.55,-2.2081920000181,2.70570166910557,3.5794892456217,4.63576671994077,56.4261119089439,TRUE,NA
"r",49.6,-2.2083958445764,2.70744078511432,3.58120226373721,4.63805845677803,56.4770122063423,TRUE,NA
"r",49.65,-2.20859920343808,2.70917928524255,3.58291470723809,4.64034908877122,56.5279104414273,TRUE,NA
"r",49.7,-2.20880207771573,2.71091717030996,3.58462657683524,4.64263861762508,56.5788066185213,TRUE,NA
"r",49.75,-2.20900446851851,2.71265444113427,3.58633787323799,4.64492704503994,56.6297007419348,TRUE,NA
"r",49.8,-2.2092063769523,2.71439109853139,3.58804859715422,4.64721437271185,56.6805928159667,TRUE,NA
"r",49.85,-2.20940780411967,2.71612714331517,3.58975874929019,4.64950060233246,56.7314828449049,TRUE,NA
"r",49.9,-2.20960875111983,2.71786257629773,3.59146833035076,4.65178573558919,56.7823708330253,TRUE,NA
"r",49.95,-2.20980921904876,2.71959739828915,3.59317734103919,4.65406977416513,56.8332567845929,TRUE,NA
"r",50,-2.21000920899913,2.72133161009771,3.59488578205732,4.6563527197391,56.8841407038609,TRUE,NA
"r",50.05,-2.21020872206032,2.72306521252977,3.59659365410544,4.6586345739857,56.9350225950715,TRUE,NA
"r",50.1,-2.21040775931855,2.7247982063898,3.59830095788234,4.66091533857521,56.9859024624557,TRUE,NA
"r",50.15,-2.21060632185669,2.72653059248046,3.60000769408537,4.66319501517372,57.0367803102327,TRUE,NA
"r",50.2,-2.21080441075443,2.72826237160246,3.60171386341035,4.66547360544312,57.0876561426113,TRUE,NA
"r",50.25,-2.21100202708824,2.72999354455476,3.60341946655167,4.6677511110411,57.1385299637883,TRUE,NA
"r",50.3,-2.21119917193142,2.73172411213433,3.60512450420217,4.67002753362111,57.1894017779502,TRUE,NA
"r",50.35,-2.21139584635402,2.73345407513642,3.60682897705329,4.6723028748325,57.2402715892718,TRUE,NA
"r",50.4,-2.21159205142295,2.73518343435437,3.60853288579497,4.67457713632041,57.2911394019171,TRUE,NA
"r",50.45,-2.21178778820194,2.7369121905797,3.61023623111568,4.67685031972585,57.3420052200392,TRUE,NA
"r",50.5,-2.21198305775157,2.73864034460211,3.61193901370245,4.6791224266857,57.39286904778,TRUE,NA
"r",50.55,-2.2121778611293,2.74036789720949,3.61364123424086,4.68139345883278,57.4437308892706,TRUE,NA
"r",50.6,-2.21237219938943,2.74209484918788,3.61534289341502,4.68366341779572,57.4945907486312,TRUE,NA
"r",50.65,-2.21256607358313,2.74382120132152,3.6170439919076,4.68593230519911,57.5454486299711,TRUE,NA
"r",50.7,-2.21275948475853,2.74554695439285,3.61874453039984,4.68820012266349,57.5963045373889,TRUE,NA
"r",50.75,-2.2129524339606,2.74727210918255,3.62044450957155,4.69046687180531,57.6471584749721,TRUE,NA
"r",50.8,-2.21314492223125,2.74899666646945,3.62214393010108,4.692732554237,57.698010446798,TRUE,NA
"r",50.85,-2.21333695060935,2.75072062703059,3.62384279266534,4.69499717156693,57.7488604569327,TRUE,NA
"r",50.9,-2.21352852013067,2.75244399164128,3.62554109793988,4.69726072539946,57.7997085094319,TRUE,NA
"r",50.95,-2.21371963182795,2.75416676107499,3.62723884659875,4.69952321733496,57.8505546083405,TRUE,NA
"r",51,-2.2139102867309,2.75588893610352,3.62893603931467,4.70178464896988,57.9013987576929,TRUE,NA
"r",51.05,-2.21410048586621,2.7576105174968,3.63063267675887,4.70404502189655,57.9522409615129,TRUE,NA
"r",51.1,-2.21429023025754,2.75933150602304,3.6323287596012,4.70630433770345,58.003081223814,TRUE,NA
"r",51.15,-2.21447952092558,2.76105190244871,3.63402428851012,4.70856259797509,58.0539195485988,TRUE,NA
"r",51.2,-2.214668358888,2.76277170753853,3.63571926415267,4.71081980429203,58.1047559398597,TRUE,NA
"r",51.25,-2.21485674515953,2.76449092205545,3.63741368719449,4.71307595823091,58.1555904015787,TRUE,NA
"r",51.3,-2.21504468075189,2.76620954676075,3.63910755829988,4.7153310613645,58.2064229377272,TRUE,NA
"r",51.35,-2.21523216667389,2.7679275824139,3.64080087813167,4.71758511526163,58.2572535522667,TRUE,NA
"r",51.4,-2.21541920393138,2.7696450297727,3.64249364735138,4.71983812148727,58.3080822491479,TRUE,NA
"r",51.45,-2.21560579352726,2.77136188959318,3.64418586661908,4.72209008160252,58.3589090323116,TRUE,NA
"r",51.5,-2.21579193646152,2.77307816262973,3.64587753659355,4.72434099716466,58.4097339056879,TRUE,NA
"r",51.55,-2.21597763373124,2.77479384963496,3.64756865793211,4.72659086972706,58.4605568731971,TRUE,NA
"r",51.6,-2.21616288633065,2.77650895135981,3.64925923129077,4.72883970083934,58.5113779387494,TRUE,NA
"r",51.65,-2.21634769525101,2.77822346855355,3.65094925732417,4.73108749204727,58.5621971062444,TRUE,NA
"r",51.7,-2.21653206148075,2.77993740196369,3.65263873668556,4.73333424489279,58.6130143795721,TRUE,NA
"r",51.75,-2.21671598600544,2.78165075233611,3.65432767002686,4.7355799609141,58.6638297626121,TRUE,NA
"r",51.8,-2.21689946980778,2.78336352041499,3.65601605799863,4.7378246416456,58.714643259234,TRUE,NA
"r",51.85,-2.21708251386763,2.78507570694281,3.65770390125005,4.74006828861793,58.7654548732976,TRUE,NA
"r",51.9,-2.21726511916198,2.78678731266043,3.65939120042903,4.742310903358,58.8162646086524,TRUE,NA
"r",51.95,-2.21744728666509,2.78849833830701,3.66107795618208,4.74455248738896,58.8670724691384,TRUE,NA
"r",52,-2.21762901734832,2.79020878462005,3.66276416915439,4.74679304223023,58.9178784585853,TRUE,NA
"r",52.05,-2.21781031218025,2.79191865233543,3.66444983998984,4.74903256939757,58.968682580813,TRUE,NA
"r",52.1,-2.21799117212672,2.7936279421873,3.66613496933088,4.75127107040295,59.019484839632,TRUE,NA
"r",52.15,-2.21817159815069,2.79533665490827,3.66781955781879,4.75350854675472,59.0702852388424,TRUE,NA
"r",52.2,-2.21835159121246,2.79704479122922,3.6695036060934,4.75574499995755,59.1210837822349,TRUE,NA
"r",52.25,-2.21853115226949,2.79875235187948,3.67118711479331,4.75798043151245,59.1718804735902,TRUE,NA
"r",52.3,-2.21871028227651,2.80045933758668,3.67287008455575,4.76021484291675,59.2226753166795,TRUE,NA
"r",52.35,-2.21888898218556,2.80216574907684,3.67455251601664,4.76244823566416,59.2734683152645,TRUE,NA
"r",52.4,-2.21906725294587,2.8038715870744,3.67623440981063,4.76468061124478,59.3242594730967,TRUE,NA
"r",52.45,-2.21924509550402,2.80557685230213,3.67791576657102,4.76691197114505,59.3750487939187,TRUE,NA
"r",52.5,-2.21942251080383,2.80728154548127,3.67959658692988,4.76914231684789,59.4258362814628,TRUE,NA
"r",52.55,-2.21959949978646,2.80898566733139,3.68127687151793,4.77137164983256,59.4766219394523,TRUE,NA
"r",52.6,-2.21977606339038,2.81068921857045,3.68295662096457,4.77359997157476,59.5274057716009,TRUE,NA
"r",52.65,-2.21995220255135,2.81239219991487,3.68463583589798,4.77582728354662,59.5781877816126,TRUE,NA
"r",52.7,-2.22012791820249,2.81409461207947,3.68631451694504,4.77805358721675,59.6289679731821,TRUE,NA
"r",52.75,-2.22030321127423,2.81579645577747,3.68799266473133,4.78027888405019,59.6797463499947,TRUE,NA
"r",52.8,-2.22047808269441,2.81749773172052,3.68967027988114,4.78250317550846,59.7305229157262,TRUE,NA
"r",52.85,-2.22065253338816,2.81919844061868,3.69134736301752,4.78472646304956,59.7812976740433,TRUE,NA
"r",52.9,-2.22082656427803,2.82089858318047,3.69302391476224,4.78694874812797,59.832070628603,TRUE,NA
"r",52.95,-2.22100017628395,2.82259816011282,3.69469993573578,4.78917003219469,59.8828417830533,TRUE,NA
"r",53,-2.22117337032319,2.82429717212111,3.69637542655738,4.79139031669724,59.9336111410329,TRUE,NA
"r",53.05,-2.22134614731049,2.8259956199092,3.69805038784503,4.79360960307968,59.9843787061711,TRUE,NA
"r",53.1,-2.22151850815796,2.82769350417933,3.69972482021543,4.79582789278256,60.0351444820884,TRUE,NA
"r",53.15,-2.22169045377511,2.82939082563226,3.70139872428407,4.79804518724306,60.0859084723955,TRUE,NA
"r",53.2,-2.22186198506894,2.83108758496717,3.70307210066516,4.80026148789485,60.1366706806945,TRUE,NA
"r",53.25,-2.22203310294382,2.83278378288175,3.70474494997167,4.80247679616822,60.1874311105781,TRUE,NA
"r",53.3,-2.2222038083016,2.8344794200721,3.70641727281533,4.80469111349002,60.2381897656301,TRUE,NA
"r",53.35,-2.22237410204162,2.83617449723283,3.70808906980663,4.80690444128369,60.2889466494253,TRUE,NA
"r",53.4,-2.2225439850606,2.83786901505705,3.70976034155485,4.80911678096933,60.339701765529,TRUE,NA
"r",53.45,-2.22271345825283,2.83956297423629,3.71143108866798,4.81132813396358,60.3904551174983,TRUE,NA
"r",53.5,-2.22288252251002,2.84125637546065,3.71310131175286,4.81353850167982,60.4412067088805,TRUE,NA
"r",53.55,-2.2230511787214,2.84294921941865,3.71477101141503,4.81574788552793,60.4919565432146,TRUE,NA
"r",53.6,-2.2232194277737,2.84464150679735,3.71644018825887,4.81795628691458,60.5427046240304,TRUE,NA
"r",53.65,-2.22338727055115,2.84633323828233,3.71810884288751,4.82016370724301,60.5934509548489,TRUE,NA
"r",53.7,-2.22355470793553,2.84802441455759,3.71977697590286,4.82237014791318,60.6441955391823,TRUE,NA
"r",53.75,-2.22372174080611,2.84971503630577,3.72144458790566,4.82457561032173,60.6949383805337,TRUE,NA
"r",53.8,-2.22388837003973,2.8514051042079,3.72311167949537,4.82678009586196,60.745679482398,TRUE,NA
"r",53.85,-2.22405459651078,2.85309461894362,3.72477825127032,4.82898360592393,60.7964188482607,TRUE,NA
"r",53.9,-2.22422042109118,2.85478358119106,3.7264443038276,4.83118614189438,60.847156481599,TRUE,NA
"r",53.95,-2.22438584465045,2.85647199162691,3.72810983776313,4.83338770515682,60.8978923858813,TRUE,NA
"r",54,-2.22455086805564,2.85815985092633,3.7297748536716,4.83558829709143,60.9486265645671,TRUE,NA
"r",54.05,-2.22471549217143,2.85984715976306,3.73143935214651,4.8377879190752,60.9993590211075,TRUE,NA
"r",54.1,-2.22487971786006,2.86153391880941,3.73310333378023,4.83998657248188,61.0500897589451,TRUE,NA
"r",54.15,-2.22504354598141,2.86322012873621,3.73476679916388,4.84218425868194,61.1008187815135,TRUE,NA
"r",54.2,-2.22520697739291,2.86490579021282,3.73642974888742,4.84438097904268,61.1515460922381,TRUE,NA
"r",54.25,-2.22537001294966,2.86659090390717,3.73809218353963,4.84657673492816,61.2022716945356,TRUE,NA
"r",54.3,-2.22553265350436,2.86827547048581,3.73975410370817,4.84877152769928,61.2529955918142,TRUE,NA
"r",54.35,-2.22569489990738,2.86995949061376,3.74141550997942,4.85096535871371,61.3037177874737,TRUE,NA
"r",54.4,-2.22585675300666,2.87164296495469,3.74307640293871,4.85315822932599,61.3544382849053,TRUE,NA
"r",54.45,-2.22601821364788,2.8733258941708,3.74473678317012,4.85535014088745,61.4051570874921,TRUE,NA
"r",54.5,-2.22617928267432,2.87500827892287,3.74639665125659,4.85754109474626,61.4558741986083,TRUE,NA
"r",54.55,-2.22633996092696,2.87669011987028,3.74805600777992,4.8597310922475,61.5065896216203,TRUE,NA
"r",54.6,-2.22650024924446,2.87837141767097,3.74971485332074,4.86192013473304,61.5573033598857,TRUE,NA
"r",54.65,-2.22666014846313,2.88005217298153,3.75137318845854,4.86410822354168,61.6080154167538,TRUE,NA
"r",54.7,-2.22681965941702,2.88173238645708,3.75303101377166,4.86629536000908,61.6587257955661,TRUE,NA
"r",54.75,-2.22697878293784,2.88341205875138,3.75468832983728,4.86848154546782,61.7094344996553,TRUE,NA
"r",54.8,-2.22713751985503,2.88509119051678,3.75634513723146,4.87066678124733,61.760141532346,TRUE,NA
"r",54.85,-2.22729587099579,2.88676978240423,3.75800143652908,4.872851068674,61.8108468969549,TRUE,NA
"r",54.9,-2.22745383718497,2.88844783506331,3.75965722830393,4.87503440907112,61.8615505967901,TRUE,NA
"r",54.95,-2.22761141924521,2.89012534914219,3.76131251312863,4.87721680375893,61.9122526351517,TRUE,NA
"r",55,-2.22776861799687,2.89180232528771,3.76296729157473,4.87939825405462,61.9629530153317,TRUE,NA
"r",55.05,-2.22792543425806,2.89347876414531,3.76462156421259,4.88157876127231,62.0136517406139,TRUE,NA
"r",55.1,-2.22808186884468,2.89515466635901,3.76627533161145,4.88375832672308,62.0643488142744,TRUE,NA
"r",55.15,-2.22823792257034,2.89683003257156,3.76792859433947,4.88593695171502,62.1150442395806,TRUE,NA
"r",55.2,-2.22839359624651,2.89850486342425,3.76958135296366,4.88811463755314,62.1657380197925,TRUE,NA
"r",55.25,-2.22854889068234,2.90017915955712,3.77123360804996,4.89029138553953,62.2164301581615,TRUE,NA
"r",55.3,-2.22870380668484,2.90185292160872,3.77288536016311,4.89246719697319,62.2671206579315,TRUE,NA
"r",55.35,-2.22885834505884,2.90352615021635,3.77453660986683,4.89464207315019,62.3178095223384,TRUE,NA
"r",55.4,-2.22901250660687,2.90519884601597,3.77618735772371,4.89681601536362,62.3684967546098,TRUE,NA
"r",55.45,-2.22916629212941,2.90687100964211,3.7778376042952,4.89898902490353,62.419182357966,TRUE,NA
"r",55.5,-2.22931970242465,2.90854264172805,3.7794873501417,4.9011611030571,62.4698663356187,TRUE,NA
"r",55.55,-2.22947273828868,2.91021374290569,3.78113659582248,4.90333225110852,62.5205486907724,TRUE,NA
"r",55.6,-2.22962540051538,2.91188431380561,3.78278534189575,4.90550247033902,62.5712294266234,TRUE,NA
"r",55.65,-2.22977768989652,2.9135543550571,3.78443358891862,4.90767176202697,62.6219085463602,TRUE,NA
"r",55.7,-2.22992960722171,2.91522386728801,3.78608133744703,4.90984012744769,62.672586053164,TRUE,NA
"r",55.75,-2.23008115327837,2.91689285112504,3.787728588036,4.9120075678737,62.7232619502074,TRUE,NA
"r",55.8,-2.23023232885184,2.91856130719345,3.78937534123934,4.91417408457458,62.7739362406559,TRUE,NA
"r",55.85,-2.23038313472536,2.92022923611722,3.79102159760981,4.91633967881698,62.8246089276673,TRUE,NA
"r",55.9,-2.23053357167997,2.92189663851905,3.7926673576991,4.91850435186471,62.8752800143914,TRUE,NA
"r",55.95,-2.23068364049467,2.9235635150203,3.79431262205784,4.92066810497867,62.9259495039706,TRUE,NA
"r",56,-2.23083334194632,2.92522986624109,3.7959573912356,4.92283093941695,62.9766173995394,TRUE,NA
"r",56.05,-2.23098267680972,2.92689569280017,3.79760166578083,4.9249928564347,63.027283704225,TRUE,NA
"r",56.1,-2.23113164585755,2.92856099531502,3.79924544624095,4.92715385728424,63.077948421147,TRUE,NA
"r",56.15,-2.23128024986041,2.93022577440188,3.80088873316235,4.92931394321511,63.1286115534171,TRUE,NA
"r",56.2,-2.23142848958684,2.93189003067567,3.80253152709032,4.93147311547396,63.1792731041398,TRUE,NA
"r",56.25,-2.23157636580331,2.93355376475,3.80417382856908,4.9336313753046,63.2299330764119,TRUE,NA
"r",56.3,-2.23172387927423,2.93521697723728,3.80581563814186,4.93578872394809,63.2805914733228,TRUE,NA
"r",56.35,-2.23187103076199,2.93687966874855,3.80745695635075,4.93794516264263,63.3312482979546,TRUE,NA
"r",56.4,-2.23201782102686,2.93854183989368,3.80909778373691,4.94010069262364,63.3819035533815,TRUE,NA
"r",56.45,-2.23216425082715,2.94020349128121,3.81073812084035,4.94225531512377,63.4325572426707,TRUE,NA
"r",56.5,-2.23231032091907,2.94186462351844,3.81237796820008,4.94440903137285,63.4832093688818,TRUE,NA
"r",56.55,-2.23245603205689,2.94352523721143,3.8140173263541,4.94656184259798,63.5338599350671,TRUE,NA
"r",56.6,-2.2326013849928,2.94518533296492,3.81565619583931,4.94871375002348,63.5845089442718,TRUE,NA
"r",56.65,-2.23274638047698,2.94684491138248,3.81729457719163,4.95086475487089,63.6351563995331,TRUE,NA
"r",56.7,-2.23289101925765,2.94850397306639,3.81893247094594,4.95301485835906,63.6858023038815,TRUE,NA
"r",56.75,-2.233035302081,2.95016251861772,3.8205698776361,4.95516406170406,63.73644666034,TRUE,NA
"r",56.8,-2.23317922969124,2.95182054863624,3.82220679779489,4.95731236611925,63.7870894719243,TRUE,NA
"r",56.85,-2.23332280283062,2.95347806372053,3.82384323195411,4.95945977281524,63.8377307416432,TRUE,NA
"r",56.9,-2.23346602223936,2.95513506446796,3.8254791806446,4.96160628300001,63.8883704724977,TRUE,NA
"r",56.95,-2.23360888865578,2.95679155147462,3.82711464439608,4.96375189787875,63.9390086674821,TRUE,NA
"r",57,-2.23375140281619,2.95844752533538,3.82874962373728,4.96589661865396,63.9896453295833,TRUE,NA
"r",57.05,-2.23389356545497,2.96010298664392,3.83038411919598,4.96804044652551,64.0402804617811,TRUE,NA
"r",57.1,-2.23403537730453,2.96175793599267,3.83201813129887,4.97018338269055,64.0909140670482,TRUE,NA
"r",57.15,-2.23417683909537,2.96341237397291,3.83365166057173,4.97232542834359,64.1415461483502,TRUE,NA
"r",57.2,-2.23431795155603,2.96506630117461,3.83528470753923,4.97446658467644,64.1921767086456,TRUE,NA
"r",57.25,-2.23445871541313,2.96671971818661,3.83691727272512,4.97660685287829,64.2428057508857,TRUE,NA
"r",57.3,-2.23459913139136,2.96837262559652,3.83854935665212,4.97874623413567,64.293433278015,TRUE,NA
"r",57.35,-2.23473920021352,2.97002502399073,3.84018095984194,4.98088472963246,64.344059292971,TRUE,NA
"r",57.4,-2.23487892260048,2.97167691395449,3.84181208281535,4.98302234054995,64.3946837986839,TRUE,NA
"r",57.45,-2.23501829927124,2.97332829607177,3.84344272609206,4.98515906806678,64.4453067980773,TRUE,NA
"r",57.5,-2.23515733094282,2.97497917092544,3.84507289019087,4.98729491335897,64.4959282940674,TRUE,NA
"r",57.55,-2.23529601833047,2.97662953909712,3.84670257562951,4.98942987759995,64.546548289564,TRUE,NA
"r",57.6,-2.23543436214748,2.97827940116729,3.8483317829248,4.99156396196056,64.5971667874697,TRUE,NA
"r",57.65,-2.23557236310527,2.97992875771521,3.84996051259256,4.99369716760903,64.6477837906801,TRUE,NA
"r",57.7,-2.23571002191343,2.981577609319,3.85158876514761,4.99582949571104,64.6983993020842,TRUE,NA
"r",57.75,-2.23584733927962,2.9832259565556,3.85321654110385,4.99796094742967,64.7490133245638,TRUE,NA
"r",57.8,-2.23598431590974,2.98487380000073,3.8548438409741,5.00009152392542,64.7996258609943,TRUE,NA
"r",57.85,-2.23612095250774,2.98652114022903,3.85647066527036,5.00222122635629,64.8502369142441,TRUE,NA
"r",57.9,-2.23625724977578,2.98816797781393,3.85809701450356,5.00435005587768,64.9008464871747,TRUE,NA
"r",57.95,-2.23639320841418,2.98981431332766,3.85972288918366,5.00647801364246,64.9514545826411,TRUE,NA
"r",58,-2.23652882912143,2.99146014734137,3.86134828981973,5.00860510080098,65.0020612034913,TRUE,NA
"r",58.05,-2.23666411259416,2.99310548042502,3.86297321691983,5.01073131850104,65.0526663525666,TRUE,NA
"r",58.1,-2.23679905952724,2.99475031314743,3.86459767099108,5.01285666788795,65.1032700327019,TRUE,NA
"r",58.15,-2.23693367061364,2.99639464607626,3.86622165253964,5.01498115010448,65.153872246725,TRUE,NA
"r",58.2,-2.23706794654464,2.99803847977802,3.86784516207071,5.01710476629092,65.2044729974574,TRUE,NA
"r",58.25,-2.2372018880096,2.99968181481813,3.86946820008857,5.01922751758505,65.2550722877137,TRUE,NA
"r",58.3,-2.23733549569617,3.00132465176082,3.87109076709653,5.02134940512216,65.305670120302,TRUE,NA
"r",58.35,-2.23746877029019,3.00296699116919,3.87271286359696,5.02347043003508,65.3562664980239,TRUE,NA
"r",58.4,-2.23760171247567,3.00460883360524,3.8743344900913,5.02559059345413,65.4068614236741,TRUE,NA
"r",58.45,-2.23773432293492,3.00625017962983,3.87595564708002,5.0277098965072,65.457454900041,TRUE,NA
"r",58.5,-2.23786660234841,3.0078910298027,3.87757633506271,5.02982834031971,65.5080469299064,TRUE,NA
"r",58.55,-2.23799855139491,3.00953138468246,3.87919655453797,5.03194592601464,65.5586375160457,TRUE,NA
"r",58.6,-2.23813017075137,3.01117124482659,3.88081630600349,5.03406265471248,65.6092266612276,TRUE,NA
"r",58.65,-2.23826146109303,3.01281061079148,3.88243558995603,5.03617852753133,65.6598143682143,TRUE,NA
"r",58.7,-2.23839242309337,3.0144494831324,3.88405440689142,5.03829354558685,65.7104006397618,TRUE,NA
"r",58.75,-2.23852305742412,3.01608786240353,3.88567275730459,5.04040770999227,65.7609854786194,TRUE,NA
"r",58.8,-2.23865336475526,3.01772574915792,3.88729064168952,5.04252102185843,65.81156888753,TRUE,NA
"r",58.85,-2.23878334575509,3.01936314394752,3.88890806053927,5.04463348229372,65.8621508692303,TRUE,NA
"r",58.9,-2.23891300109015,3.0210000473232,3.89052501434601,5.04674509240417,65.9127314264505,TRUE,NA
"r",58.95,-2.23904233142526,3.0226364598347,3.89214150360095,5.0488558532934,65.9633105619143,TRUE,NA
"r",59,-2.23917133742354,3.02427238203071,3.89375752879444,5.05096576606263,66.0138882783391,TRUE,NA
"r",59.05,-2.2393000197464,3.02590781445882,3.89537309041589,5.05307483181074,66.0644645784362,TRUE,NA
"r",59.1,-2.23942837905356,3.02754275766549,3.89698818895378,5.05518305163421,66.1150394649105,TRUE,NA
"r",59.15,-2.23955641600301,3.02917721219618,3.89860282489576,5.05729042662717,66.1656129404602,TRUE,NA
"r",59.2,-2.23968413125109,3.03081117859516,3.90021699872849,5.05939695788135,66.216185007778,TRUE,NA
"r",59.25,-2.23981152545243,3.03244465740575,3.90183071093779,5.0615026464862,66.2667556695495,TRUE,NA
"r",59.3,-2.23993859926,3.03407764917011,3.90344396200856,5.06360749352879,66.3173249284549,TRUE,NA
"r",59.35,-2.24006535332509,3.03571015442932,3.90505675242479,5.06571150009384,66.3678927871674,TRUE,NA
"r",59.4,-2.24019178829729,3.03734217372346,3.90666908266962,5.06781466726377,66.4184592483546,TRUE,NA
"r",59.45,-2.2403179048246,3.03897370759148,3.90828095322523,5.06991699611866,66.4690243146777,TRUE,NA
"r",59.5,-2.24044370355329,3.04060475657129,3.90989236457297,5.07201848773626,66.5195879887916,TRUE,NA
"r",59.55,-2.24056918512802,3.04223532119979,3.9115033171933,5.07411914319206,66.5701502733452,TRUE,NA
"r",59.6,-2.24069435019182,3.04386540201271,3.91311381156573,5.07621896355919,66.6207111709816,TRUE,NA
"r",59.65,-2.24081919938601,3.04549499954486,3.91472384816901,5.07831794990853,66.671270684337,TRUE,NA
"r",59.7,-2.24094373335035,3.0471241143299,3.91633342748088,5.08041610330866,66.7218288160422,TRUE,NA
"r",59.75,-2.24106795272292,3.0487527469005,3.91794254997831,5.08251342482586,66.7723855687217,TRUE,NA
"r",59.8,-2.24119185814021,3.05038089778824,3.91955121613729,5.08460991552416,66.8229409449939,TRUE,NA
"r",59.85,-2.24131545023709,3.05200856752366,3.921159426433,5.08670557646528,66.8734949474715,TRUE,NA
"r",59.9,-2.24143872964679,3.05363575663634,3.92276718133978,5.08880040870875,66.9240475787606,TRUE,NA
"r",59.95,-2.24156169700095,3.05526246565475,3.92437448133105,5.09089441331179,66.9745988414618,TRUE,NA
"r",60,-2.24168435292959,3.05688869510635,3.92598132687937,5.0929875913294,67.0251487381693,TRUE,NA
"r",60.05,-2.24180669806116,3.05851444551752,3.92758771845641,5.0950799438143,67.0756972714719,TRUE,NA
"r",60.1,-2.24192873302252,3.06013971741368,3.92919365653304,5.097171471817,67.1262444439519,TRUE,NA
"r",60.15,-2.24205045843888,3.06176451131923,3.93079914157925,5.09926217638582,67.176790258186,TRUE,NA
"r",60.2,-2.24217187493397,3.0633888277575,3.93240417406416,5.1013520585668,67.2273347167449,TRUE,NA
"r",60.25,-2.24229298312984,3.06501266725084,3.93400875445604,5.10344111940378,67.2778778221933,TRUE,NA
"r",60.3,-2.24241378364705,3.06663603032052,3.93561288322226,5.10552935993839,67.3284195770903,TRUE,NA
"r",60.35,-2.24253427710455,3.06825891748689,3.93721656082944,5.1076167812101,67.3789599839888,TRUE,NA
"r",60.4,-2.24265446411974,3.06988132926921,3.93881978774324,5.1097033842561,67.4294990454362,TRUE,NA
"r",60.45,-2.24277434530847,3.07150326618577,3.94042256442856,5.11178917011148,67.4800367639738,TRUE,NA
"r",60.5,-2.24289392128499,3.07312472875389,3.94202489134945,5.1138741398091,67.5305731421372,TRUE,NA
"r",60.55,-2.2430131926621,3.07474571748981,3.94362676896904,5.11595829437964,67.5811081824562,TRUE,NA
"r",60.6,-2.24313216005098,3.07636623290882,3.94522819774968,5.11804163485163,67.631641887455,TRUE,NA
"r",60.65,-2.24325082406129,3.0779862755252,3.94682917815291,5.12012416225143,67.6821742596516,TRUE,NA
"r",60.7,-2.24336918530118,3.07960584585222,3.94842971063933,5.12220587760323,67.7327053015589,TRUE,NA
"r",60.75,-2.24348724437725,3.08122494440221,3.95002979566883,5.12428678192906,67.7832350156834,TRUE,NA
"r",60.8,-2.24360500189461,3.08284357168648,3.95162943370041,5.12636687624888,67.8337634045265,TRUE,NA
"r",60.85,-2.24372245845681,3.08446172821531,3.95322862519218,5.12844616158038,67.8842904705835,TRUE,NA
"r",60.9,-2.2438396146659,3.0860794144981,3.95482737060156,5.13052463893926,67.934816216344,TRUE,NA
"r",60.95,-2.24395647112248,3.08769663104316,3.95642567038501,5.13260230933897,67.9853406442925,TRUE,NA
"r",61,-2.24407302842557,3.0893133783579,3.95802352499826,5.13467917379093,68.0358637569071,TRUE,NA
"r",61.05,-2.2441892871727,3.09092965694874,3.95962093489619,5.13675523330442,68.0863855566607,TRUE,NA
"r",61.1,-2.24430524796002,3.09254546732104,3.96121790053279,5.13883048888655,68.1369060460209,TRUE,NA
"r",61.15,-2.24442091138202,3.09416080997938,3.96281442236139,5.14090494154243,68.1874252274489,TRUE,NA
"r",61.2,-2.24453627803184,3.09577568542717,3.96441050083433,5.14297859227501,68.237943103401,TRUE,NA
"r",61.25,-2.24465134850107,3.09739009416698,3.96600613640327,5.14505144208516,68.2884596763277,TRUE,NA
"r",61.3,-2.24476612337987,3.09900403670038,3.96760132951898,5.14712349197167,68.3389749486739,TRUE,NA
"r",61.35,-2.24488060325693,3.10061751352794,3.96919608063144,5.14919474293125,68.3894889228792,TRUE,NA
"r",61.4,-2.24499478871944,3.1022305251494,3.97079039018988,5.15126519595857,68.4400016013774,TRUE,NA
"r",61.45,-2.24510868035317,3.10384307206339,3.97238425864263,5.15333485204616,68.4905129865972,TRUE,NA
"r",61.5,-2.24522227874239,3.10545515476771,3.9739776864373,5.15540371218457,68.5410230809612,TRUE,NA
"r",61.55,-2.24533558446997,3.10706677375912,3.97557067402063,5.15747177736225,68.5915318868871,TRUE,NA
"r",61.6,-2.24544859811732,3.10867792953351,3.97716322183861,5.15953904856563,68.642039406787,TRUE,NA
"r",61.65,-2.24556132026439,3.11028862258579,3.97875533033644,5.16160552677906,68.6925456430675,TRUE,NA
"r",61.7,-2.24567375148972,3.11189885340989,3.98034699995845,5.16367121298489,68.7430505981299,TRUE,NA
"r",61.75,-2.24578589237041,3.11350862249888,3.98193823114827,5.1657361081634,68.7935542743699,TRUE,NA
"r",61.8,-2.2458977434821,3.11511793034487,3.9835290243487,5.16780021329291,68.844056674178,TRUE,NA
"r",61.85,-2.24600930539909,3.11672677743898,3.98511938000172,5.16986352934964,68.8945577999393,TRUE,NA
"r",61.9,-2.24612057869418,3.11833516427146,3.98670929854858,5.17192605730786,68.9450576540335,TRUE,NA
"r",61.95,-2.2462315639388,3.11994309133162,3.98829878042971,5.17398779813981,68.995556238835,TRUE,NA
"r",62,-2.24634226170294,3.12155055910785,3.98988782608478,5.17604875281573,69.0460535567126,TRUE,NA
"r",62.05,-2.24645267255522,3.12315756808757,3.99147643595264,5.17810892230386,69.0965496100305,TRUE,NA
"r",62.1,-2.24656279706286,3.12476411875733,3.99306461047139,5.18016830757045,69.1470444011469,TRUE,NA
"r",62.15,-2.24667263579165,3.12637021160274,3.99465235007835,5.18222690957976,69.197537932415,TRUE,NA
"r",62.2,-2.24678218930604,3.12797584710849,3.99623965521006,5.18428472929408,69.2480302061829,TRUE,NA
"r",62.25,-2.24689145816903,3.1295810257584,3.99782652630233,5.18634176767376,69.2985212247929,TRUE,NA
"r",62.3,-2.24700044294228,3.1311857480353,3.9994129637901,5.18839802567711,69.3490109905828,TRUE,NA
"r",62.35,-2.2471091441861,3.13279001442117,4.00099896810763,5.19045350426051,69.3994995058848,TRUE,NA
"r",62.4,-2.24721756245935,3.13439382539704,4.00258453968834,5.19250820437842,69.4499867730257,TRUE,NA
"r",62.45,-2.24732569831959,3.13599718144313,4.004169678965,5.1945621269833,69.5004727943276,TRUE,NA
"r",62.5,-2.24743355232297,3.13760008303863,4.00575438636948,5.19661527302568,69.5509575721071,TRUE,NA
"r",62.55,-2.24754112502431,3.13920253066189,4.00733866233296,5.19866764345416,69.6014411086755,TRUE,NA
"r",62.6,-2.24764841697706,3.14080452479042,4.00892250728586,5.20071923921538,69.6519234063395,TRUE,NA
"r",62.65,-2.24775542873333,3.14240606590074,4.01050592165785,5.20277006125411,69.7024044674002,TRUE,NA
"r",62.7,-2.24786216084387,3.14400715446849,4.01208890587777,5.2048201105131,69.7528842941537,TRUE,NA
"r",62.75,-2.24796861385808,3.14560779096853,4.01367146037382,5.20686938793327,69.803362888891,TRUE,NA
"r",62.8,-2.24807478832402,3.14720797587471,4.01525358557338,5.20891789445359,69.8538402538981,TRUE,NA
"r",62.85,-2.24818068478847,3.14880770966002,4.01683528190305,5.21096563101112,69.904316391456,TRUE,NA
"r",62.9,-2.2482863037968,3.15040699279657,4.01841654978873,5.21301259854103,69.9547913038403,TRUE,NA
"r",62.95,-2.2483916458931,3.15200582575567,4.01999738965558,5.21505879797657,70.0052649933219,TRUE,NA
"r",63,-2.24849671162013,3.15360420900763,4.02157780192799,5.21710423024913,70.0557374621665,TRUE,NA
"r",63.05,-2.24860150151933,3.15520214302194,4.0231577870296,5.2191488962882,70.106208712635,TRUE,NA
"r",63.1,-2.24870601613082,3.15679962826728,4.02473734538337,5.22119279702139,70.1566787469829,TRUE,NA
"r",63.15,-2.24881025599341,3.15839666521134,4.02631647741142,5.22323593337443,70.2071475674611,TRUE,NA
"r",63.2,-2.24891422164464,3.15999325432099,4.0278951835352,5.22527830627119,70.2576151763155,TRUE,NA
"r",63.25,-2.24901791362068,3.16158939606226,4.0294734641754,5.22731991663362,70.3080815757867,TRUE,NA
"r",63.3,-2.24912133245645,3.16318509090031,4.03105131975202,5.22936076538194,70.3585467681106,TRUE,NA
"r",63.35,-2.24922447868558,3.1647803392994,4.03262875068424,5.23140085343437,70.4090107555184,TRUE,NA
"r",63.4,-2.2493273528404,3.16637514172293,4.03420575739057,5.23344018170734,70.459473540236,TRUE,NA
"r",63.45,-2.24942995545192,3.16796949863353,4.03578234028883,5.23547875111549,70.5099351244845,TRUE,NA
"r",63.5,-2.24953228704992,3.16956341049291,4.03735849979604,5.23751656257153,70.56039551048,TRUE,NA
"r",63.55,-2.24963434816288,3.1711568777619,4.03893423632853,5.23955361698642,70.6108547004342,TRUE,NA
"r",63.6,-2.24973613931803,3.17274990090051,4.04050955030187,5.24158991526919,70.6613126965536,TRUE,NA
"r",63.65,-2.24983766104127,3.17434248036786,4.04208444213091,5.2436254583271,70.7117695010397,TRUE,NA
"r",63.7,-2.2499389138573,3.17593461662233,4.04365891222986,5.24566024706567,70.7622251160894,TRUE,NA
"r",63.75,-2.25003989828951,3.17752631012138,4.04523296101215,5.24769428238844,70.8126795438946,TRUE,NA
"r",63.8,-2.25014061486007,3.17911756132161,4.04680658889047,5.24972756519728,70.8631327866428,TRUE,NA
"r",63.85,-2.25024106408987,3.18070837067885,4.04837979627687,5.25176009639221,70.9135848465163,TRUE,NA
"r",63.9,-2.25034124649855,3.18229873864801,4.0499525835826,5.25379187687142,70.9640357256926,TRUE,NA
"r",63.95,-2.25044116260454,3.18388866568322,4.05152495121825,5.25582290753138,71.0144854263449,TRUE,NA
"r",64,-2.25054081292496,3.18547815223778,4.05309689959372,5.25785318926668,71.0649339506409,TRUE,NA
"r",64.05,-2.25064019797576,3.18706719876411,4.05466842911813,5.25988272297019,71.1153813007444,TRUE,NA
"r",64.1,-2.25073931827162,3.18865580571388,4.05623954019999,5.26191150953299,71.1658274788138,TRUE,NA
"r",64.15,-2.25083817432599,3.19024397353778,4.05781023324694,5.26393954984435,71.2162724870032,TRUE,NA
"r",64.2,-2.2509367666511,3.19183170268596,4.05938050866621,5.26596684479186,71.2667163274617,TRUE,NA
"r",64.25,-2.25103509575795,3.19341899360742,4.060950366864,5.26799339526123,71.317159002334,TRUE,NA
"r",64.3,-2.25113316215632,3.19500584675055,4.06251980824602,5.27001920213649,71.3676005137599,TRUE,NA
"r",64.35,-2.25123096635476,3.19659226256288,4.06408883321725,5.27204426629988,71.4180408638746,TRUE,NA
"r",64.4,-2.2513285088607,3.19817824149105,4.06565744218188,5.27406858863194,71.4684800548089,TRUE,NA
"r",64.45,-2.25142579018019,3.19976378398098,4.06722563554351,5.27609217001136,71.5189180886885,TRUE,NA
"r",64.5,-2.25152281081824,3.20134889047777,4.06879341370502,5.27811501131523,71.5693549676349,TRUE,NA
"r",64.55,-2.25161957127857,3.20293356142561,4.07036077706855,5.28013711341876,71.6197906937647,TRUE,NA
"r",64.6,-2.25171607206369,3.20451779726799,4.07192772603563,5.28215847719554,71.6702252691899,TRUE,NA
"r",64.65,-2.25181231367502,3.20610159844755,4.07349426100702,5.28417910351739,71.7206586960184,TRUE,NA
"r",64.7,-2.25190829661264,3.20768496540619,4.07506038238291,5.28619899325445,71.7710909763529,TRUE,NA
"r",64.75,-2.25200402137557,3.20926789858489,4.07662609056266,5.28821814727504,71.8215221122917,TRUE,NA
"r",64.8,-2.25209948846158,3.21085039842388,4.07819138594503,5.29023656644586,71.8719521059289,TRUE,NA
"r",64.85,-2.25219469836729,3.21243246536268,4.07975626892812,5.29225425163189,71.9223809593537,TRUE,NA
"r",64.9,-2.25228965158815,3.21401409983988,4.08132073990929,5.29427120369641,71.972808674651,TRUE,NA
"r",64.95,-2.25238434861838,3.21559530229337,4.08288479928528,5.29628742350096,72.023235253901,TRUE,NA
"r",65,-2.2524787899511,3.21717607316021,4.0844484474521,5.29830291190544,72.0736606991796,TRUE,NA
"r",65.05,-2.25257297607823,3.21875641287669,4.08601168480513,5.30031766976802,72.1240850125579,TRUE,NA
"r",65.1,-2.25266690749054,3.22033632187828,4.08757451173903,5.30233169794517,72.174508196103,TRUE,NA
"r",65.15,-2.25276058467765,3.22191580059968,4.08913692864782,5.30434499729175,72.2249302518772,TRUE,NA
"r",65.2,-2.25285400812797,3.22349484947486,4.09069893592488,5.30635756866091,72.2753511819383,TRUE,NA
"r",65.25,-2.25294717832884,3.22507346893695,4.09226053396289,5.30836941290415,72.3257709883399,TRUE,NA
"r",65.3,-2.25304009576641,3.22665165941828,4.09382172315381,5.3103805308712,72.3761896731311,TRUE,NA
"r",65.35,-2.25313276092566,3.22822942135049,4.09538250388906,5.31239092341033,72.4266072383565,TRUE,NA
"r",65.4,-2.25322517429053,3.22980675516432,4.09694287655923,5.31440059136792,72.4770236860566,TRUE,NA
"r",65.45,-2.25331733634366,3.2313836612899,4.09850284155445,5.31640953558888,72.5274390182669,TRUE,NA
"r",65.5,-2.2534092475667,3.23296014015644,4.10006239926402,5.31841775691639,72.5778532370191,TRUE,NA
"r",65.55,-2.25350090844011,3.23453619219244,4.10162155007664,5.32042525619197,72.6282663443404,TRUE,NA
"r",65.6,-2.25359231944324,3.23611181782564,4.10318029438037,5.32243203425557,72.6786783422536,TRUE,NA
"r",65.65,-2.2536834810543,3.23768701748299,4.10473863256259,5.32443809194543,72.7290892327771,TRUE,NA
"r",65.7,-2.25377439375039,3.23926179159074,4.10629656501007,5.32644343009824,72.7794990179249,TRUE,NA
"r",65.75,-2.25386505800746,3.24083614057435,4.10785409210891,5.328448049549,72.829907699707,TRUE,NA
"r",65.8,-2.25395547430042,3.24241006485839,4.10941121424445,5.33045195113109,72.8803152801288,TRUE,NA
"r",65.85,-2.25404564310299,3.24398356486693,4.11096793180161,5.33245513567635,72.9307217611915,TRUE,NA
"r",65.9,-2.25413556488786,3.24555664102302,4.11252424516441,5.33445760401488,72.9811271448923,TRUE,NA
"r",65.95,-2.25422524012654,3.24712929374914,4.11408015471639,5.33645935697528,73.0315314332236,TRUE,NA
"r",66,-2.25431466928947,3.24870152346695,4.11563566084041,5.33846039538452,73.0819346281737,TRUE,NA
"r",66.05,-2.25440385284603,3.25027333059736,4.11719076391866,5.34046072006793,73.132336731727,TRUE,NA
"r",66.1,-2.25449279126445,3.25184471556054,4.1187454643327,5.34246033184929,73.1827377458634,TRUE,NA
"r",66.15,-2.25458148501191,3.25341567877587,4.12029976246342,5.34445923155074,73.2331376725585,TRUE,NA
"r",66.2,-2.25466993455448,3.2549862206621,4.12185365869118,5.34645741999294,73.2835365137839,TRUE,NA
"r",66.25,-2.25475814035715,3.25655634163712,4.12340715339558,5.34845489799479,73.3339342715068,TRUE,NA
"r",66.3,-2.25484610288383,3.25812604211816,4.12496024695565,5.35045166637381,73.3843309476904,TRUE,NA
"r",66.35,-2.25493382259737,3.25969532252159,4.1265129397497,5.35244772594576,73.4347265442936,TRUE,NA
"r",66.4,-2.25502129995953,3.26126418326322,4.12806523215555,5.35444307752499,73.4851210632712,TRUE,NA
"r",66.45,-2.25510853543099,3.26283262475803,4.12961712455032,5.3564377219242,73.5355145065737,TRUE,NA
"r",66.5,-2.25519552947134,3.26440064742026,4.13116861731048,5.35843165995454,73.5859068761475,TRUE,NA
"r",66.55,-2.25528228253918,3.2659682516634,4.13271971081185,5.36042489242558,73.6362981739351,TRUE,NA
"r",66.6,-2.255368795092,3.26753543790026,4.13427040542968,5.36241742014536,73.6866884018747,TRUE,NA
"r",66.65,-2.25545506758625,3.26910220654285,4.13582070153852,5.36440924392039,73.7370775619005,TRUE,NA
"r",66.7,-2.25554110047728,3.27066855800264,4.13737059951249,5.36640036455565,73.7874656559423,TRUE,NA
"r",66.75,-2.25562689421941,3.27223449269016,4.13892009972485,5.3683907828545,73.8378526859259,TRUE,NA
"r",66.8,-2.25571244926596,3.27380001101527,4.14046920254832,5.37038049961881,73.8882386537734,TRUE,NA
"r",66.85,-2.25579776606912,3.27536511338724,4.14201790835511,5.37236951564897,73.9386235614025,TRUE,NA
"r",66.9,-2.25588284508015,3.27692980021442,4.14356621751661,5.37435783174369,73.9890074107269,TRUE,NA
"r",66.95,-2.25596768674913,3.27849407190461,4.14511413040377,5.37634544870035,74.0393902036563,TRUE,NA
"r",67,-2.2560522915252,3.28005792886484,4.14666164738686,5.37833236731466,74.0897719420961,TRUE,NA
"r",67.05,-2.25613665985647,3.28162137150137,4.14820876883549,5.38031858838086,74.1401526279483,TRUE,NA
"r",67.1,-2.25622079218994,3.28318440021985,4.14975549511877,5.38230411269175,74.1905322631102,TRUE,NA
"r",67.15,-2.25630468897169,3.28474701542508,4.15130182660504,5.38428894103843,74.2409108494756,TRUE,NA
"r",67.2,-2.25638835064666,3.28630921752137,4.15284776366222,5.38627307421074,74.291288388934,TRUE,NA
"r",67.25,-2.25647177765885,3.28787100691214,4.15439330665751,5.38825651299688,74.3416648833709,TRUE,NA
"r",67.3,-2.25655497045122,3.28943238400013,4.15593845595748,5.39023925818353,74.3920403346681,TRUE,NA
"r",67.35,-2.25663792946574,3.29099334918739,4.1574832119281,5.3922213105559,74.4424147447034,TRUE,NA
"r",67.4,-2.25672065514331,3.29255390287538,4.15902757493487,5.39420267089782,74.4927881153505,TRUE,NA
"r",67.45,-2.25680314792384,3.29411404546467,4.1605715453425,5.39618333999145,74.543160448479,TRUE,NA
"r",67.5,-2.25688540824627,3.29567377735532,4.16211512351525,5.39816331861761,74.5935317459549,TRUE,NA
"r",67.55,-2.25696743654851,3.29723309894653,4.16365830981668,5.40014260755561,74.6439020096403,TRUE,NA
"r",67.6,-2.25704923326742,3.29879201063695,4.16520110460983,5.40212120758324,74.6942712413931,TRUE,NA
"r",67.65,-2.25713079883899,3.3003505128244,4.16674350825704,5.40409911947688,74.7446394430676,TRUE,NA
"r",67.7,-2.25721213369807,3.30190860590611,4.16828552112017,5.40607634401141,74.7950066165138,TRUE,NA
"r",67.75,-2.25729323827864,3.30346629027861,4.16982714356042,5.40805288196026,74.8453727635785,TRUE,NA
"r",67.8,-2.25737411301358,3.30502356633773,4.17136837593843,5.41002873409541,74.8957378861038,TRUE,NA
"r",67.85,-2.25745475833489,3.30658043447858,4.17290921861421,5.41200390118736,74.9461019859288,TRUE,NA
"r",67.9,-2.25753517467352,3.30813689509556,4.17444967194714,5.41397838400513,74.9964650648882,TRUE,NA
"r",67.95,-2.25761536245944,3.30969294858254,4.17598973629618,5.41595218331641,75.0468271248129,TRUE,NA
"r",68,-2.25769532212165,3.31124859533258,4.17752941201954,5.41792529988734,75.09718816753,TRUE,NA
"r",68.05,-2.2577750540882,3.31280383573811,4.17906869947494,5.4198977344827,75.147548194863,TRUE,NA
"r",68.1,-2.25785455878618,3.31435867019081,4.1806075990194,5.42186948786572,75.1979072086315,TRUE,NA
"r",68.15,-2.25793383664162,3.31591309908179,4.1821461110095,5.42384056079833,75.2482652106512,TRUE,NA
"r",68.2,-2.25801288807971,3.31746712280141,4.18368423580112,5.4258109540409,75.2986222027341,TRUE,NA
"r",68.25,-2.25809171352455,3.31902074173944,4.18522197374968,5.42778066835254,75.3489781866882,TRUE,NA
"r",68.3,-2.25817031339937,3.32057395628483,4.18675932520986,5.42974970449075,75.3993331643182,TRUE,NA
"r",68.35,-2.25824868812642,3.32212676682607,4.18829629053595,5.43171806321182,75.4496871374247,TRUE,NA
"r",68.4,-2.258326838127,3.32367917375074,4.18983287008145,5.4336857452704,75.5000401078047,TRUE,NA
"r",68.45,-2.25840476382142,3.32523117744598,4.19136906419949,5.43565275141991,75.5503920772513,TRUE,NA
"r",68.5,-2.25848246562904,3.32678277829815,4.19290487324254,5.4376190824123,75.6007430475538,TRUE,NA
"r",68.55,-2.25855994396836,3.328333976693,4.19444029756249,5.43958473899814,75.6510930204984,TRUE,NA
"r",68.6,-2.25863719925683,3.32988477301554,4.19597533751064,5.44154972192654,75.7014419978667,TRUE,NA
"r",68.65,-2.25871423191104,3.33143516765014,4.19750999343772,5.44351403194523,75.7517899814375,TRUE,NA
"r",68.7,-2.25879104234655,3.33298516098064,4.199044265694,5.44547766980069,75.802136972985,TRUE,NA
"r",68.75,-2.25886763097809,3.33453475339004,4.20057815462903,5.44744063623776,75.8524829742806,TRUE,NA
"r",68.8,-2.2589439982194,3.33608394526081,4.20211166059188,5.44940293200014,75.9028279870914,TRUE,NA
"r",68.85,-2.25902014448325,3.3376327369747,4.20364478393105,5.45136455782995,75.9531720131811,TRUE,NA
"r",68.9,-2.25909607018159,3.33918112891283,4.20517752499441,5.45332551446807,76.0035150543099,TRUE,NA
"r",68.95,-2.25917177572533,3.34072912145577,4.20670988412945,5.45528580265402,76.0538571122339,TRUE,NA
"r",69,-2.25924726152451,3.34227671498323,4.20824186168284,5.45724542312579,76.104198188706,TRUE,NA
"r",69.05,-2.25932252798827,3.3438239098745,4.20977345800093,5.45920437662017,76.1545382854753,TRUE,NA
"r",69.1,-2.2593975755248,3.34537070650803,4.21130467342932,5.46116266387251,76.2048774042873,TRUE,NA
"r",69.15,-2.25947240454141,3.34691710526174,4.21283550831315,5.46312028561679,76.2552155468841,TRUE,NA
"r",69.2,-2.25954701544443,3.34846310651292,4.21436596299704,5.46507724258566,76.3055527150038,TRUE,NA
"r",69.25,-2.25962140863933,3.35000871063815,4.21589603782498,5.46703353551043,76.3558889103812,TRUE,NA
"r",69.3,-2.2596955845307,3.35155391801344,4.21742573314045,5.46898916512107,76.4062241347475,TRUE,NA
"r",69.35,-2.25976954352217,3.35309872901412,4.21895504928636,5.47094413214616,76.4565583898304,TRUE,NA
"r",69.4,-2.2598432860165,3.35464314401484,4.22048398660502,5.4728984373129,76.5068916773538,TRUE,NA
"r",69.45,-2.25991681241554,3.35618716338974,4.22201254543832,5.4748520813473,76.5572239990385,TRUE,NA
"r",69.5,-2.25999012312022,3.35773078751221,4.22354072612748,5.47680506497387,76.6075553566009,TRUE,NA
"r",69.55,-2.26006321853062,3.35927401675511,4.22506852901325,5.47875738891592,76.657885751755,TRUE,NA
"r",69.6,-2.26013609904591,3.36081685149056,4.22659595443578,5.48070905389537,76.7082151862105,TRUE,NA
"r",69.65,-2.26020876506439,3.36235929209013,4.22812300273469,5.48266006063275,76.7585436616739,TRUE,NA
"r",69.7,-2.26028121698343,3.36390133892475,4.22964967424907,5.48461040984741,76.8088711798481,TRUE,NA
"r",69.75,-2.26035345519953,3.3654429923647,4.23117596931747,5.48656010225727,76.8591977424324,TRUE,NA
"r",69.8,-2.26042548010831,3.3669842527797,4.23270188827792,5.488509138579,76.9095233511229,TRUE,NA
"r",69.85,-2.26049729210455,3.36852512053876,4.23422743146785,5.49045751952792,76.959848007612,TRUE,NA
"r",69.9,-2.26056889158214,3.37006559601027,4.23575259922413,5.492405245818,77.0101717135889,TRUE,NA
"r",69.95,-2.260640278934,3.37160567956216,4.23727739188327,5.49435231816207,77.0604944707388,TRUE,NA
"r",70,-2.26071145455233,3.37314537156156,4.23880180978105,5.49629873727146,77.1108162807441,TRUE,NA
"r",70.05,-2.26078241882834,3.37468467237506,4.2403258532528,5.49824450385633,77.1611371452833,TRUE,NA
"r",70.1,-2.26085317215247,3.37622358236856,4.24184952263324,5.50018961862543,77.2114570660319,TRUE,NA
"r",70.15,-2.26092371491422,3.37776210190751,4.24337281825672,5.50213408228639,77.2617760446615,TRUE,NA
"r",70.2,-2.26099404750224,3.3793002313566,4.24489574045689,5.50407789554538,77.3120940828406,TRUE,NA
"r",70.25,-2.26106417030434,3.38083797108001,4.24641828956702,5.50602105910742,77.3624111822341,TRUE,NA
"r",70.3,-2.26113408370747,3.3823753214412,4.24794046591968,5.50796357367611,77.4127273445036,TRUE,NA
"r",70.35,-2.26120378809775,3.38391228280315,4.24946226984707,5.50990543995393,77.4630425713076,TRUE,NA
"r",70.4,-2.26127328386042,3.38544885552808,4.25098370168072,5.51184665864192,77.5133568643009,TRUE,NA
"r",70.45,-2.26134257137982,3.38698503997774,4.25250476175177,5.51378723043994,77.5636702251347,TRUE,NA
"r",70.5,-2.26141165103955,3.38852083651327,4.25402545039077,5.51572715604662,77.6139826554574,TRUE,NA
"r",70.55,-2.26148052322228,3.39005624549515,4.25554576792778,5.51766643615925,77.6642941569137,TRUE,NA
"r",70.6,-2.26154918830988,3.39159126728328,4.25706571469229,5.5196050714739,77.7146047311451,TRUE,NA
"r",70.65,-2.2616176466834,3.39312590223692,4.25858529101325,5.5215430626853,77.7649143797898,TRUE,NA
"r",70.7,-2.26168589872295,3.39466015071485,4.26010449721921,5.52348041048702,77.8152231044822,TRUE,NA
"r",70.75,-2.26175394480792,3.3961940130751,4.26162333363806,5.52541711557132,77.8655309068542,TRUE,NA
"r",70.8,-2.26182178531678,3.39772748967525,4.26314180059727,5.52735317862926,77.9158377885336,TRUE,NA
"r",70.85,-2.26188942062728,3.39926058087219,4.26465989842376,5.5292886003506,77.9661437511456,TRUE,NA
"r",70.9,-2.26195685111622,3.40079328702226,4.26617762744394,5.53122338142391,78.0164487963116,TRUE,NA
"r",70.95,-2.26202407715962,3.40232560848124,4.26769498798374,5.53315752253647,78.0667529256499,TRUE,NA
"r",71,-2.26209109913273,3.4038575456042,4.26921198036844,5.53509102437431,78.1170561407755,TRUE,NA
"r",71.05,-2.26215791740985,3.40538909874577,4.27072860492302,5.5370238876223,78.1673584433001,TRUE,NA
"r",71.1,-2.26222453236462,3.4069202682599,4.27224486197178,5.53895611296401,78.2176598348323,TRUE,NA
"r",71.15,-2.26229094436976,3.40845105449996,4.27376075183856,5.54088770108182,78.2679603169774,TRUE,NA
"r",71.2,-2.26235715379717,3.40998145781881,4.27527627484674,5.54281865265684,78.3182598913373,TRUE,NA
"r",71.25,-2.262423161018,3.41151147856869,4.27679143131917,5.54474896836903,78.3685585595107,TRUE,NA
"r",71.3,-2.26248896640254,3.41304111710119,4.27830622157814,5.54667864889707,78.4188563230932,TRUE,NA
"r",71.35,-2.26255457032029,3.41457037376739,4.27982064594546,5.54860769491838,78.4691531836772,TRUE,NA
"r",71.4,-2.26261997313997,3.41609924891781,4.2813347047425,5.55053610710934,78.5194491428519,TRUE,NA
"r",71.45,-2.26268517522939,3.41762774290238,4.28284839829009,5.55246388614495,78.5697442022029,TRUE,NA
"r",71.5,-2.26275017695573,3.41915585607041,4.28436172690851,5.55439103269905,78.6200383633132,TRUE,NA
"r",71.55,-2.26281497868523,3.42068358877064,4.28587469091757,5.5563175474443,78.6703316277622,TRUE,NA
"r",71.6,-2.26287958078337,3.42221094135131,4.28738729063663,5.55824343105216,78.7206239971263,TRUE,NA
"r",71.65,-2.26294398361491,3.42373791416,4.28889952638446,5.56016868419283,78.7709154729789,TRUE,NA
"r",71.7,-2.26300818754369,3.42526450754383,4.29041139847947,5.56209330753542,78.8212060568898,TRUE,NA
"r",71.75,-2.26307219293286,3.42679072184925,4.29192290723943,5.56401730174778,78.8714957504259,TRUE,NA
"r",71.8,-2.26313600014472,3.42831655742214,4.29343405298166,5.56594066749653,78.921784555151,TRUE,NA
"r",71.85,-2.26319960954082,3.42984201460787,4.29494483602302,5.56786340544719,78.9720724726257,TRUE,NA
"r",71.9,-2.26326302148195,3.43136709375127,4.29645525667987,5.56978551626406,79.0223595044076,TRUE,NA
"r",71.95,-2.26332623632805,3.43289179519658,4.29796531526811,5.57170700061029,79.0726456520509,TRUE,NA
"r",72,-2.2633892544383,3.43441611928735,4.29947501210301,5.57362785914773,79.1229309171067,TRUE,NA
"r",72.05,-2.26345207617116,3.43594006636676,4.30098434749949,5.57554809253721,79.1732153011235,TRUE,NA
"r",72.1,-2.26351470188425,3.43746363677736,4.30249332177197,5.57746770143832,79.2234988056461,TRUE,NA
"r",72.15,-2.26357713193449,3.43898683086109,4.3040019352343,5.57938668650948,79.2737814322168,TRUE,NA
"r",72.2,-2.2636393666779,3.44050964895942,4.30551018819993,5.58130504840794,79.3240631823739,TRUE,NA
"r",72.25,-2.26370140646983,3.44203209141324,4.30701808098183,5.58322278778981,79.3743440576535,TRUE,NA
"r",72.3,-2.26376325166488,3.44355415856281,4.30852561389238,5.58513990531002,79.4246240595884,TRUE,NA
"r",72.35,-2.26382490261686,3.44507585074792,4.31003278724355,5.58705640162232,79.4749031897082,TRUE,NA
"r",72.4,-2.26388635967877,3.44659716830779,4.31153960134686,5.58897227737939,79.5251814495396,TRUE,NA
"r",72.45,-2.26394762320287,3.44811811158111,4.31304605651331,5.59088753323264,79.5754588406059,TRUE,NA
"r",72.5,-2.26400869354075,3.44963868090593,4.31455215305337,5.59280216983243,79.6257353644281,TRUE,NA
"r",72.55,-2.2640695710431,3.45115887661988,4.31605789127716,5.59471618782792,79.6760110225233,TRUE,NA
"r",72.6,-2.26413025605997,3.45267869905996,4.3175632714942,5.59662958786715,79.7262858164062,TRUE,NA
"r",72.65,-2.26419074894062,3.45419814856263,4.31906829401358,5.59854237059701,79.7765597475883,TRUE,NA
"r",72.7,-2.26425105003351,3.45571722546388,4.32057295914397,5.60045453666325,79.8268328175779,TRUE,NA
"r",72.75,-2.26431115968647,3.457235930099,4.32207726719341,5.60236608671045,79.8771050278807,TRUE,NA
"r",72.8,-2.26437107824645,3.45875426280292,4.32358121846963,5.60427702138214,79.927376379999,TRUE,NA
"r",72.85,-2.26443080605975,3.46027222390995,4.32508481327986,5.60618734132073,79.9776468754324,TRUE,NA
"r",72.9,-2.26449034347191,3.4617898137538,4.32658805193073,5.60809704716731,80.0279165156776,TRUE,NA
"r",72.95,-2.26454969082767,3.46330703266776,4.32809093472857,5.61000613956208,80.0781853022277,TRUE,NA
"r",73,-2.26460884847112,3.46482388098447,4.3295934619791,5.61191461914398,80.1284532365737,TRUE,NA
"r",73.05,-2.26466781674558,3.46634035903615,4.3310956339877,5.61382248655094,80.1787203202032,TRUE,NA
"r",73.1,-2.26472659599358,3.46785646715436,4.33259745105916,5.61572974241962,80.2289865546007,TRUE,NA
"r",73.15,-2.26478518655705,3.46937220567022,4.33409891349787,5.6176363873857,80.2792519412482,TRUE,NA
"r",73.2,-2.26484358877701,3.47088757491435,4.3356000216078,5.61954242208371,80.3295164816244,TRUE,NA
"r",73.25,-2.2649018029939,3.47240257521676,4.33710077569239,5.62144784714707,80.379780177205,TRUE,NA
"r",73.3,-2.2649598295474,3.47391720690689,4.33860117605458,5.62335266320807,80.4300430294633,TRUE,NA
"r",73.35,-2.26501766877642,3.47543147031374,4.3401012229969,5.6252568708979,80.4803050398694,TRUE,NA
"r",73.4,-2.26507532101923,3.47694536576574,4.34160091682141,5.62716047084671,80.5305662098904,TRUE,NA
"r",73.45,-2.26513278661324,3.47845889359091,4.3431002578298,5.62906346368353,80.5808265409903,TRUE,NA
"r",73.5,-2.2651900658953,3.47997205411654,4.34459924632311,5.63096585003621,80.6310860346307,TRUE,NA
"r",73.55,-2.26524715920145,3.48148484766957,4.3460978826021,5.63286763053164,80.6813446922702,TRUE,NA
"r",73.6,-2.26530406686706,3.48299727457629,4.34759616696693,5.63476880579549,80.7316025153644,TRUE,NA
"r",73.65,-2.26536078922674,3.4845093351626,4.34909409971744,5.63666937645246,80.781859505366,TRUE,NA
"r",73.7,-2.26541732661443,3.48602102975374,4.35059168115288,5.63856934312607,80.8321156637249,TRUE,NA
"r",73.75,-2.26547367936334,3.48753235867459,4.35208891157219,5.64046870643886,80.8823709918881,TRUE,NA
"r",73.8,-2.26552984780599,3.48904332224941,4.35358579127378,5.64236746701223,80.9326254912998,TRUE,NA
"r",73.85,-2.26558583227419,3.49055392080188,4.35508232055549,5.64426562546642,80.9828791634016,TRUE,NA
"r",73.9,-2.26564163309907,3.49206415465535,4.35657849971497,5.64616318242083,81.0331320096318,TRUE,NA
"r",73.95,-2.26569725061099,3.49357402413246,4.35807432904915,5.64806013849349,81.0833840314262,TRUE,NA
"r",74,-2.26575268513967,3.49508352955549,4.35956980885473,5.64995649430162,81.1336352302176,TRUE,NA
"r",74.05,-2.26580793701411,3.49659267124615,4.36106493942784,5.65185225046126,81.1838856074361,TRUE,NA
"r",74.1,-2.26586300656265,3.49810144952565,4.36255972106421,5.65374740758738,81.2341351645091,TRUE,NA
"r",74.15,-2.26591789411289,3.49960986471456,4.36405415405899,5.65564196629384,81.284383902861,TRUE,NA
"r",74.2,-2.26597259999177,3.50111791713323,4.36554823870715,5.65753592719361,81.3346318239135,TRUE,NA
"r",74.25,-2.26602712452549,3.50262560710123,4.36704197530297,5.65942929089844,81.3848789290853,TRUE,NA
"r",74.3,-2.26608146803964,3.50413293493779,4.36853536414045,5.66132205801916,81.4351252197927,TRUE,NA
"r",74.35,-2.26613563085908,3.50563990096151,4.37002840551297,5.66321422916537,81.4853706974491,TRUE,NA
"r",74.4,-2.26618961330798,3.50714650549059,4.37152109971365,5.66510580494578,81.535615363465,TRUE,NA
"r",74.45,-2.26624341570984,3.50865274884271,4.37301344703511,5.66699678596804,81.5858592192482,TRUE,NA
"r",74.5,-2.26629703838749,3.51015863133501,4.37450544776948,5.66888717283868,81.6361022662039,TRUE,NA
"r",74.55,-2.26635048166306,3.51166415328409,4.37599710220843,5.6707769661632,81.6863445057343,TRUE,NA
"r",74.6,-2.26640374585798,3.51316931500621,4.37748841064335,5.67266616654617,81.7365859392391,TRUE,NA
"r",74.65,-2.2664568312931,3.51467411681696,4.37897937336502,5.67455477459098,81.7868265681152,TRUE,NA
"r",74.7,-2.2665097382885,3.5161785590315,4.38046999066384,5.67644279090007,81.8370663937566,TRUE,NA
"r",74.75,-2.26656246716359,3.5176826419646,4.38196026282987,5.67833021607486,81.8873054175547,TRUE,NA
"r",74.8,-2.26661501823719,3.5191863659303,4.38345019015256,5.68021705071567,81.9375436408984,TRUE,NA
"r",74.85,-2.26666739182737,3.52068973124242,4.38493977292112,5.68210329542189,81.9877810651735,TRUE,NA
"r",74.9,-2.26671958825161,3.52219273821399,4.38642901142409,5.68398895079175,82.0380176917636,TRUE,NA
"r",74.95,-2.26677160782665,3.52369538715783,4.38791790594981,5.68587401742259,82.088253522049,TRUE,NA
"r",75,-2.2668234508686,3.52519767838613,4.38940645678609,5.68775849591072,82.1384885574078,TRUE,NA
"r",75.05,-2.26687511769292,3.52669961221058,4.39089466422029,5.68964238685135,82.1887227992153,TRUE,NA
"r",75.1,-2.2669266086144,3.52820118894246,4.39238252853939,5.69152569083873,82.238956248844,TRUE,NA
"r",75.15,-2.26697792394721,3.52970240889242,4.39387005002984,5.6934084084661,82.289188907664,TRUE,NA
"r",75.2,-2.26702906400476,3.53120327237086,4.39535722897788,5.69529054032572,82.3394207770423,TRUE,NA
"r",75.25,-2.2670800290999,3.53270377968745,4.39684406566906,5.69717208700873,82.3896518583436,TRUE,NA
"r",75.3,-2.26713081954481,3.5342039311515,4.39833056038866,5.69905304910537,82.4398821529299,TRUE,NA
"r",75.35,-2.26718143565102,3.53570372707185,4.39981671342154,5.70093342720488,82.4901116621606,TRUE,NA
"r",75.4,-2.26723187772941,3.53720316775675,4.40130252505201,5.70281322189542,82.5403403873924,TRUE,NA
"r",75.45,-2.26728214609014,3.53870225351417,4.40278799556416,5.70469243376424,82.5905683299791,TRUE,NA
"r",75.5,-2.26733224104289,3.5402009846514,4.40427312524149,5.70657106339757,82.6407954912726,TRUE,NA
"r",75.55,-2.2673821628965,3.54169936147536,4.40575791436715,5.70844911138061,82.6910218726212,TRUE,NA
"r",75.6,-2.26743191195932,3.54319738429243,4.40724236322382,5.71032657829757,82.7412474753715,TRUE,NA
"r",75.65,-2.26748148853902,3.54469505340855,4.40872647209378,5.71220346473173,82.7914723008671,TRUE,NA
"r",75.7,-2.26753089294255,3.54619236912927,4.41021024125904,5.7140797712654,82.8416963504489,TRUE,NA
"r",75.75,-2.26758012547634,3.54768933175947,4.41169367100091,5.71595549847977,82.8919196254553,TRUE,NA
"r",75.8,-2.26762918644614,3.54918594160375,4.41317676160052,5.71783064695519,82.9421421272223,TRUE,NA
"r",75.85,-2.26767807615699,3.55068219896609,4.41465951333846,5.71970521727097,82.992363857083,TRUE,NA
"r",75.9,-2.26772679491348,3.55217810415009,4.41614192649494,5.72157921000545,83.0425848163686,TRUE,NA
"r",75.95,-2.26777534301937,3.55367365745882,4.41762400134975,5.72345262573595,83.0928050064066,TRUE,NA
"r",76,-2.26782372077789,3.55516885919503,4.41910573818237,5.72532546503899,83.1430244285229,TRUE,NA
"r",76.05,-2.26787192849164,3.55666370966075,4.42058713727164,5.72719772848986,83.1932430840404,TRUE,NA
"r",76.1,-2.26791996646262,3.55815820915775,4.42206819889619,5.72906941666309,83.2434609742798,TRUE,NA
"r",76.15,-2.26796783499215,3.55965235798724,4.42354892333416,5.73094053013218,83.293678100559,TRUE,NA
"r",76.2,-2.26801553438094,3.56114615645002,4.4250293108633,5.73281106946963,83.3438944641933,TRUE,NA
"r",76.25,-2.2680630649291,3.56263960484639,4.42650936176096,5.73468103524705,83.3941100664956,TRUE,NA
"r",76.3,-2.26811042693609,3.56413270347623,4.42798907630408,5.73655042803504,83.4443249087762,TRUE,NA
"r",76.35,-2.26815762070082,3.56562545263881,4.42946845476908,5.73841924840321,83.4945389923432,TRUE,NA
"r",76.4,-2.26820464652151,3.56711785263316,4.43094749743216,5.74028749692031,83.5447523185018,TRUE,NA
"r",76.45,-2.2682515046958,3.56860990375771,4.43242620456902,5.74215517415412,83.5949648885548,TRUE,NA
"r",76.5,-2.26829819552069,3.57010160631047,4.43390457645495,5.74402228067137,83.6451767038024,TRUE,NA
"r",76.55,-2.26834471929263,3.57159296058898,4.43538261336485,5.74588881703797,83.6953877655427,TRUE,NA
"r",76.6,-2.26839107630739,3.57308396689034,4.43686031557321,5.74775478381882,83.745598075071,TRUE,NA
"r",76.65,-2.26843726686022,3.57457462551116,4.43833768335412,5.74962018157784,83.7958076336803,TRUE,NA
"r",76.7,-2.26848329124563,3.57606493674768,4.4398147169813,5.75148501087812,83.8460164426606,TRUE,NA
"r",76.75,-2.26852914975765,3.57755490089558,4.44129141672803,5.75334927228174,83.8962245033002,TRUE,NA
"r",76.8,-2.26857484268967,3.57904451825012,4.44276778286718,5.7552129663498,83.9464318168844,TRUE,NA
"r",76.85,-2.26862037033446,3.58053378910619,4.4442438156713,5.75707609364259,83.9966383846965,TRUE,NA
"r",76.9,-2.26866573298418,3.58202271375811,4.44571951541243,5.75893865471935,84.0468442080167,TRUE,NA
"r",76.95,-2.26871093093043,3.58351129249981,4.44719488236229,5.76080065013844,84.0970492881232,TRUE,NA
"r",77,-2.26875596446419,3.58499952562479,4.4486699167922,5.7626620804573,84.1472536262919,TRUE,NA
"r",77.05,-2.26880083387584,3.58648741342607,4.45014461897307,5.76452294623241,84.1974572237957,TRUE,NA
"r",77.1,-2.26884553945521,3.58797495619624,4.45161898917541,5.76638324801943,84.2476600819058,TRUE,NA
"r",77.15,-2.26889008149149,3.58946215422737,4.45309302766927,5.76824298637287,84.2978622018905,TRUE,NA
"r",77.2,-2.26893446027327,3.59094900781123,4.45456673472448,5.7701021618466,84.3480635850156,TRUE,NA
"r",77.25,-2.26897867608858,3.59243551723904,4.45604011061033,5.7719607749934,84.3982642325447,TRUE,NA
"r",77.3,-2.26902272922487,3.59392168280162,4.45751315559579,5.77381882636518,84.4484641457391,TRUE,NA
"r",77.35,-2.269066619969,3.59540750478932,4.45898586994937,5.77567631651291,84.4986633258575,TRUE,NA
"r",77.4,-2.26911034860725,3.59689298349202,4.46045825393924,5.77753324598668,84.5488617741565,TRUE,NA
"r",77.45,-2.26915391542522,3.59837811919927,4.46193030783322,5.77938961533571,84.5990594918896,TRUE,NA
"r",77.5,-2.26919732070813,3.59986291220007,4.46340203189863,5.78124542510823,84.6492564803089,TRUE,NA
"r",77.55,-2.2692405647404,3.60134736278309,4.46487342640257,5.78310067585161,84.6994527406633,TRUE,NA
"r",77.6,-2.26928364780602,3.60283147123642,4.46634449161157,5.78495536811233,84.7496482741998,TRUE,NA
"r",77.65,-2.2693265701884,3.60431523784777,4.46781522779181,5.78680950243588,84.799843082163,TRUE,NA
"r",77.7,-2.26936933217023,3.60579866290457,4.46928563520928,5.78866307936704,84.8500371657948,TRUE,NA
"r",77.75,-2.26941193403378,3.60728174669358,4.47075571412934,5.79051609944947,84.900230526335,TRUE,NA
"r",77.8,-2.26945437606073,3.60876448950122,4.47222546481705,5.79236856322609,84.9504231650212,TRUE,NA
"r",77.85,-2.26949665853209,3.61024689161358,4.47369488753719,5.79422047123891,85.0006150830883,TRUE,NA
"r",77.9,-2.26953878172841,3.6117289533161,4.47516398255396,5.79607182402898,85.0508062817693,TRUE,NA
"r",77.95,-2.26958074592959,3.61321067489403,4.47663275013139,5.7979226221365,85.1009967622943,TRUE,NA
"r",78,-2.26962255141501,3.61469205663204,4.47810119053299,5.79977286610082,85.1511865258916,TRUE,NA
"r",78.05,-2.26966419846347,3.61617309881438,4.47956930402192,5.80162255646035,85.2013755737868,TRUE,NA
"r",78.1,-2.26970568735323,3.61765380172488,4.48103709086095,5.80347169375261,85.2515639072036,TRUE,NA
"r",78.15,-2.26974701836196,3.61913416564703,4.48250455131253,5.80532027851431,85.301751527363,TRUE,NA
"r",78.2,-2.26978819176672,3.62061419086382,4.48397168563873,5.80716831128127,85.3519384354837,TRUE,NA
"r",78.25,-2.26982920784417,3.62209387765776,4.48543849410112,5.80901579258836,85.4021246327825,TRUE,NA
"r",78.3,-2.26987006687023,3.62357322631104,4.48690497696104,5.8108627229696,85.4523101204734,TRUE,NA
"r",78.35,-2.26991076912033,3.62505223710543,4.48837113447944,5.81270910295827,85.5024948997685,TRUE,NA
"r",78.4,-2.26995131486942,3.62653091032214,4.48983696691675,5.81455493308651,85.5526789718774,TRUE,NA
"r",78.45,-2.26999170439178,3.62800924624211,4.49130247453322,5.8164002138859,85.6028623380075,TRUE,NA
"r",78.5,-2.2700319379612,3.62948724514579,4.49276765758861,5.81824494588691,85.6530449993639,TRUE,NA
"r",78.55,-2.2700720158509,3.63096490731325,4.49423251634235,5.82008912961932,85.7032269571494,TRUE,NA
"r",78.6,-2.2701119383336,3.63244223302404,4.49569705105346,5.82193276561191,85.7534082125647,TRUE,NA
"r",78.65,-2.2701517056814,3.6339192225574,4.4971612619806,5.82377585439263,85.8035887668082,TRUE,NA
"r",78.7,-2.27019131816587,3.63539587619218,4.49862514938216,5.82561839648871,85.8537686210757,TRUE,NA
"r",78.75,-2.27023077605807,3.63687219420666,4.500088713516,5.82746039242635,85.9039477765612,TRUE,NA
"r",78.8,-2.27027007962848,3.63834817687887,4.50155195463974,5.82930184273095,85.9541262344563,TRUE,NA
"r",78.85,-2.27030922914705,3.63982382448629,4.50301487301055,5.8311427479271,86.0043039959503,TRUE,NA
"r",78.9,-2.27034822488319,3.64129913730608,4.50447746888526,5.83298310853847,86.0544810622303,TRUE,NA
"r",78.95,-2.27038706710577,3.64277411561498,4.50593974252039,5.83482292508796,86.1046574344812,TRUE,NA
"r",79,-2.27042575608312,3.64424875968928,4.507401694172,5.83666219809754,86.1548331138856,TRUE,NA
"r",79.05,-2.27046429208301,3.64572306980487,4.50886332409586,5.83850092808843,86.205008101624,TRUE,NA
"r",79.1,-2.27050267537277,3.64719704623723,4.51032463254733,5.84033911558094,86.2551823988749,TRUE,NA
"r",79.15,-2.27054090621903,3.64867068926146,4.51178561978144,5.84217676109454,86.3053560068139,TRUE,NA
"r",79.2,-2.27057898488804,3.65014399915218,4.5132462860528,5.84401386514783,86.3555289266152,TRUE,NA
"r",79.25,-2.27061691164542,3.6516169761837,4.51470663161576,5.84585042825872,86.4057011594502,TRUE,NA
"r",79.3,-2.27065468675631,3.65308962062985,4.51616665672421,5.84768645094408,86.4558727064884,TRUE,NA
"r",79.35,-2.27069231048533,3.65456193276409,4.51762636163173,5.8495219337201,86.5060435688972,TRUE,NA
"r",79.4,-2.2707297830965,3.65603391285949,4.51908574659157,5.85135687710209,86.5562137478415,TRUE,NA
"r",79.45,-2.2707671048534,3.65750556118863,4.52054481185651,5.85319128160451,86.6063832444843,TRUE,NA
"r",79.5,-2.27080427601904,3.65897687802381,4.52200355767912,5.85502514774102,86.6565520599864,TRUE,NA
"r",79.55,-2.2708412968559,3.66044786363682,4.52346198431149,5.85685847602444,86.7067201955062,TRUE,NA
"r",79.6,-2.27087816762595,3.66191851829914,4.52492009200544,5.85869126696679,86.7568876522002,TRUE,NA
"r",79.65,-2.27091488859066,3.66338884228175,4.52637788101234,5.86052352107918,86.8070544312227,TRUE,NA
"r",79.7,-2.27095146001092,3.66485883585534,4.52783535158332,5.86235523887204,86.8572205337258,TRUE,NA
"r",79.75,-2.2709878821472,3.66632849929009,4.52929250396905,5.86418642085485,86.9073859608594,TRUE,NA
"r",79.8,-2.27102415525932,3.6677978328559,4.53074933841994,5.86601706753638,86.9575507137713,TRUE,NA
"r",79.85,-2.2710602796067,3.66926683682215,4.53220585518595,5.8678471794245,87.0077147936072,TRUE,NA
"r",79.9,-2.27109625544821,3.67073551145792,4.53366205451676,5.8696767570263,87.0578782015109,TRUE,NA
"r",79.95,-2.27113208304218,3.67220385703185,4.53511793666169,5.87150580084808,87.1080409386236,TRUE,NA
"r",80,-2.27116776264642,3.67367187381226,4.53657350186974,5.87333431139532,87.1582030060843,TRUE,NA
"r",80.05,-2.2712032945183,3.67513956206691,4.53802875038942,5.87516228917266,87.2083644050308,TRUE,NA
"r",80.1,-2.27123867891459,3.67660692206334,4.53948368246908,5.87698973468397,87.2585251365977,TRUE,NA
"r",80.15,-2.27127391609165,3.67807395406853,4.54093829835651,5.87881664843227,87.3086852019183,TRUE,NA
"r",80.2,-2.27130900630524,3.67954065834932,4.54239259829941,5.88064303091986,87.3588446021233,TRUE,NA
"r",80.25,-2.27134394981066,3.6810070351719,4.54384658254493,5.88246888264816,87.4090033383415,TRUE,NA
"r",80.3,-2.27137874686269,3.68247308480215,4.54530025133989,5.88429420411781,87.4591614116995,TRUE,NA
"r",80.35,-2.27141339771561,3.68393880750567,4.54675360493089,5.88611899582869,87.509318823322,TRUE,NA
"r",80.4,-2.27144790262324,3.68540420354755,4.54820664356408,5.88794325827984,87.5594755743315,TRUE,NA
"r",80.45,-2.27148226183883,3.68686927319252,4.54965936748526,5.88976699196952,87.6096316658485,TRUE,NA
"r",80.5,-2.27151647561515,3.68833401670498,4.55111177693999,5.89159019739523,87.6597870989911,TRUE,NA
"r",80.55,-2.2715505442045,3.68979843434885,4.55256387217335,5.89341287505363,87.7099418748757,TRUE,NA
"r",80.6,-2.27158446785865,3.69126252638774,4.55401565343017,5.89523502544059,87.7600959946167,TRUE,NA
"r",80.65,-2.27161824682893,3.69272629308482,4.55546712095488,5.89705664905125,87.8102494593262,TRUE,NA
"r",80.7,-2.2716518813661,3.69418973470299,4.55691827499169,5.89887774637998,87.8604022701142,TRUE,NA
"r",80.75,-2.27168537172046,3.69565285150462,4.55836911578429,5.90069831792023,87.9105544280887,TRUE,NA
"r",80.8,-2.27171871814185,3.69711564375171,4.5598196435761,5.90251836416475,87.9607059343561,TRUE,NA
"r",80.85,-2.27175192087954,3.69857811170606,4.56126985861033,5.90433788560561,88.0108567900198,TRUE,NA
"r",80.9,-2.27178498018241,3.70004025562886,4.56271976112964,5.90615688273394,88.0610069961824,TRUE,NA
"r",80.95,-2.27181789629874,3.70150207578111,4.56416935137653,5.9079753560402,88.1111565539433,TRUE,NA
"r",81,-2.27185066947643,3.70296357242326,4.56561862959303,5.909793306014,88.1613054644005,TRUE,NA
"r",81.05,-2.27188329996283,3.70442474581554,4.56706759602094,5.91161073314426,88.21145372865,TRUE,NA
"r",81.1,-2.2719157880048,3.7058855962177,4.56851625090165,5.91342763791904,88.2616013477854,TRUE,NA
"r",81.15,-2.27194813384879,3.70734612388911,4.56996459447622,5.9152440208257,88.311748322899,TRUE,NA
"r",81.2,-2.27198033774064,3.7088063290889,4.57141262698547,5.91705988235079,88.3618946550801,TRUE,NA
"r",81.25,-2.27201239992582,3.71026621207557,4.57286034866969,5.91887522298012,88.4120403454167,TRUE,NA
"r",81.3,-2.27204432064928,3.71172577310757,4.5743077597691,5.92069004319874,88.4621853949946,TRUE,NA
"r",81.35,-2.27207610015549,3.71318501244276,4.5757548605234,5.92250434349094,88.5123298048978,TRUE,NA
"r",81.4,-2.27210773868845,3.71464393033855,4.57720165117191,5.92431812434017,88.5624735762079,TRUE,NA
"r",81.45,-2.27213923649169,3.71610252705229,4.57864813195386,5.92613138622924,88.6126167100051,TRUE,NA
"r",81.5,-2.27217059380819,3.71756080284064,4.58009430310791,5.9279441296401,88.6627592073667,TRUE,NA
"r",81.55,-2.27220181088058,3.7190187579601,4.58154016487253,5.92975635505402,88.7129010693689,TRUE,NA
"r",81.6,-2.27223288795093,3.72047639266672,4.58298571748581,5.9315680629515,88.7630422970858,TRUE,NA
"r",81.65,-2.27226382526089,3.72193370721608,4.58443096118544,5.9333792538122,88.8131828915893,TRUE,NA
"r",81.7,-2.27229462305155,3.72339070186368,4.58587589620899,5.93518992811518,88.863322853949,TRUE,NA
"r",81.75,-2.27232528156362,3.72484737686436,4.58732052279351,5.93700008633865,88.9134621852332,TRUE,NA
"r",81.8,-2.27235580103733,3.72630373247271,4.58876484117576,5.93880972896006,88.963600886508,TRUE,NA
"r",81.85,-2.2723861817124,3.72775976894295,4.59020885159221,5.94061885645616,89.0137389588375,TRUE,NA
"r",81.9,-2.27241642382814,3.729215486529,4.59165255427905,5.94242746930298,89.0638764032839,TRUE,NA
"r",81.95,-2.27244652762329,3.7306708854843,4.59309594947204,5.94423556797574,89.1140132209072,TRUE,NA
"r",82,-2.27247649333629,3.73212596606196,4.59453903740664,5.9460431529489,89.164149412766,TRUE,NA
"r",82.05,-2.27250632120497,3.7335807285148,4.59598181831807,5.9478502246963,89.2142849799166,TRUE,NA
"r",82.1,-2.27253601146677,3.73503517309518,4.59742429244113,5.94965678369094,89.2644199234133,TRUE,NA
"r",82.15,-2.27256556435864,3.73648930005517,4.59886646001036,5.9514628304051,89.3145542443087,TRUE,NA
"r",82.2,-2.27259498011707,3.73794310964648,4.60030832125998,5.95326836531038,89.3646879436533,TRUE,NA
"r",82.25,-2.27262425897812,3.73939660212041,4.60174987642383,5.95507338887756,89.4148210224958,TRUE,NA
"r",82.3,-2.2726534011774,3.7408497777279,4.60319112573545,5.95687790157674,89.4649534818832,TRUE,NA
"r",82.35,-2.27268240695,3.7423026367196,4.60463206942812,5.9586819038773,89.51508532286,TRUE,NA
"r",82.4,-2.27271127653064,3.74375517934571,4.60607270773469,5.96048539624783,89.5652165464695,TRUE,NA
"r",82.45,-2.27274001015347,3.74520740585617,4.60751304088782,5.96228837915627,89.6153471537524,TRUE,NA
"r",82.5,-2.27276860805233,3.7466593165005,4.60895306911975,5.96409085306978,89.6654771457481,TRUE,NA
"r",82.55,-2.27279707046049,3.74811091152792,4.61039279266251,5.96589281845487,89.7156065234938,TRUE,NA
"r",82.6,-2.27282539761083,3.74956219118722,4.61183221174766,5.9676942757772,89.7657352880248,TRUE,NA
"r",82.65,-2.27285358973579,3.75101315572688,4.61327132660658,5.96949522550183,89.8158634403749,TRUE,NA
"r",82.7,-2.27288164706729,3.75246380539502,4.61471013747027,5.97129566809302,89.8659909815753,TRUE,NA
"r",82.75,-2.27290956983686,3.75391414043945,4.61614864456945,5.97309560401437,89.916117912656,TRUE,NA
"r",82.8,-2.27293735827559,3.75536416110757,4.6175868481345,5.97489503372873,89.9662442346448,TRUE,NA
"r",82.85,-2.27296501261409,3.75681386764645,4.6190247483955,5.97669395769826,90.0163699485678,TRUE,NA
"r",82.9,-2.27299253308257,3.75826326030276,4.62046234558216,5.97849237638437,90.0664950554491,TRUE,NA
"r",82.95,-2.27301991991075,3.75971233932291,4.62189963992396,5.98029029024775,90.1166195563111,TRUE,NA
"r",83,-2.2730471733279,3.76116110495293,4.62333663165006,5.98208769974848,90.166743452174,TRUE,NA
"r",83.05,-2.2730742935629,3.76260955743853,4.6247733209893,5.98388460534583,90.2168667440564,TRUE,NA
"r",83.1,-2.27310128084419,3.76405769702495,4.62620970817013,5.98568100749836,90.2669894329755,TRUE,NA
"r",83.15,-2.27312813539971,3.76550552395719,4.62764579342076,5.98747690666397,90.3171115199458,TRUE,NA
"r",83.2,-2.27315485745699,3.76695303847995,4.62908157696916,5.98927230329992,90.3672330059803,TRUE,NA
"r",83.25,-2.27318144724317,3.76840024083743,4.63051705904283,5.99106719786255,90.4173538920906,TRUE,NA
"r",83.3,-2.2732079049849,3.76984713127369,4.63195223986916,5.99286159080779,90.4674741792858,TRUE,NA
"r",83.35,-2.27323423090841,3.77129371003219,4.63338711967498,5.9946554825906,90.5175938685737,TRUE,NA
"r",83.4,-2.2732604252395,3.77273997735627,4.63482169868704,5.99644887366544,90.5677129609601,TRUE,NA
"r",83.45,-2.27328648820352,3.7741859334888,4.63625597713166,5.99824176448592,90.6178314574487,TRUE,NA
"r",83.5,-2.27331242002541,3.77563157867241,4.63768995523495,6.0000341555051,90.6679493590418,TRUE,NA
"r",83.55,-2.27333822092966,3.77707691314931,4.63912363322263,6.00182604717527,90.7180666667396,TRUE,NA
"r",83.6,-2.27336389114037,3.77852193716136,4.64055701132011,6.003617439948,90.7681833815409,TRUE,NA
"r",83.65,-2.27338943088117,3.77996665095019,4.6419900897526,6.00540833427424,90.8182995044422,TRUE,NA
"r",83.7,-2.27341484037526,3.78141105475692,4.64342286874485,6.00719873060415,90.8684150364385,TRUE,NA
"r",83.75,-2.27344011984546,3.78285514882249,4.64485534852146,6.00898862938737,90.9185299785229,TRUE,NA
"r",83.8,-2.2734652695141,3.78429893338739,4.64628752930661,6.01077803107263,90.9686443316868,TRUE,NA
"r",83.85,-2.27349028960314,3.78574240869187,4.64771941132427,6.0125669361082,91.0187580969198,TRUE,NA
"r",83.9,-2.27351518033409,3.78718557497577,4.64915099479806,6.01435534494152,91.0688712752096,TRUE,NA
"r",83.95,-2.27353994192805,3.78862843247862,4.6505822799513,6.01614325801938,91.1189838675422,TRUE,NA
"r",84,-2.27356457460568,3.79007098143962,4.65201326700701,6.01793067578788,91.1690958749019,TRUE,NA
"r",84.05,-2.27358907858723,3.79151322209761,4.65344395618793,6.01971759869252,91.2192072982711,TRUE,NA
"r",84.1,-2.27361345409255,3.79295515469117,4.65487434771651,6.02150402717803,91.2693181386306,TRUE,NA
"r",84.15,-2.27363770134105,3.79439677945838,4.6563044418148,6.0232899616885,91.3194283969594,TRUE,NA
"r",84.2,-2.27366182055169,3.79583809663725,4.65773423870475,6.02507540266735,91.3695380742344,TRUE,NA
"r",84.25,-2.27368581194308,3.79727910646521,4.65916373860783,6.02686035055731,91.4196471714312,TRUE,NA
"r",84.3,-2.27370967573337,3.7987198091795,4.66059294174528,6.02864480580044,91.4697556895235,TRUE,NA
"r",84.35,-2.27373341214034,3.800160205017,4.66202184833808,6.03042876883817,91.5198636294833,TRUE,NA
"r",84.4,-2.27375702138129,3.80160029421415,4.6634504586068,6.03221224011116,91.5699709922807,TRUE,NA
"r",84.45,-2.27378050367316,3.80304007700726,4.66487877277186,6.03399522005953,91.6200777788842,TRUE,NA
"r",84.5,-2.27380385923244,3.80447955363224,4.66630679105335,6.03577770912266,91.6701839902603,TRUE,NA
"r",84.55,-2.27382708827523,3.80591872432457,4.66773451367098,6.03755970773927,91.7202896273742,TRUE,NA
"r",84.6,-2.27385019101724,3.8073575893195,4.66916194084424,6.03934121634745,91.7703946911892,TRUE,NA
"r",84.65,-2.27387316767378,3.80879614885189,4.67058907279227,6.04112223538455,91.8204991826668,TRUE,NA
"r",84.7,-2.27389601845966,3.8102344031564,4.67201590973404,6.04290276528736,91.8706031027667,TRUE,NA
"r",84.75,-2.27391874358939,3.81167235246725,4.67344245188811,6.04468280649195,91.9207064524471,TRUE,NA
"r",84.8,-2.273941343277,3.8131099970183,4.67486869947273,6.04646235943372,91.9708092326644,TRUE,NA
"r",84.85,-2.27396381773618,3.8145473370433,4.67629465270605,6.04824142454752,92.0209114443733,TRUE,NA
"r",84.9,-2.27398616718018,3.81598437277532,4.67772031180561,6.05002000226733,92.0710130885268,TRUE,NA
"r",84.95,-2.27400839182181,3.81742110444751,4.67914567698902,6.05179809302672,92.121114166076,TRUE,NA
"r",85,-2.27403049187356,3.81885753229244,4.68057074847337,6.05357569725849,92.1712146779707,TRUE,NA
"r",85.05,-2.27405246754745,3.82029365654238,4.68199552647548,6.05535281539474,92.2213146251587,TRUE,NA
"r",85.1,-2.27407431905514,3.82172947742937,4.68342001121196,6.05712944786701,92.2714140085861,TRUE,NA
"r",85.15,-2.27409604660788,3.82316499518506,4.68484420289908,6.05890559510615,92.3215128291976,TRUE,NA
"r",85.2,-2.27411765041651,3.82460021004085,4.68626810175287,6.06068125754239,92.3716110879359,TRUE,NA
"r",85.25,-2.27413913069148,3.82603512222773,4.68769170798901,6.06245643560527,92.4217087857422,TRUE,NA
"r",85.3,-2.27416048764285,3.82746973197639,4.68911502182291,6.0642311297237,92.471805923556,TRUE,NA
"r",85.35,-2.27418172148029,3.82890403951732,4.69053804346978,6.06600534032603,92.5219025023151,TRUE,NA
"r",85.4,-2.27420283241306,3.83033804508052,4.6919607731444,6.06777906783982,92.5719985229557,TRUE,NA
"r",85.45,-2.27422382065004,3.83177174889583,4.69338321106142,6.06955231269211,92.6220939864121,TRUE,NA
"r",85.5,-2.27424468639966,3.83320515119263,4.69480535743506,6.07132507530923,92.6721888936171,TRUE,NA
"r",85.55,-2.27426542987006,3.83463825220011,4.69622721247939,6.07309735611691,92.722283245502,TRUE,NA
"r",85.6,-2.27428605126893,3.83607105214707,4.6976487764081,6.07486915554025,92.7723770429964,TRUE,NA
"r",85.65,-2.27430655080356,3.83750355126199,4.69907004943461,6.07664047400367,92.822470287028,TRUE,NA
"r",85.7,-2.27432692868087,3.83893574977315,4.70049103177216,6.07841131193105,92.872562978523,TRUE,NA
"r",85.75,-2.27434718510741,3.84036764790837,4.70191172363357,6.08018166974547,92.922655118406,TRUE,NA
"r",85.8,-2.27436732028929,3.84179924589526,4.7033321252315,6.08195154786962,92.9727467075999,TRUE,NA
"r",85.85,-2.27438733443227,3.84323054396101,4.70475223677817,6.08372094672525,93.0228377470259,TRUE,NA
"r",85.9,-2.27440722774178,3.84466154233264,4.70617205848573,6.08548986673381,93.0729282376041,TRUE,NA
"r",85.95,-2.27442700042269,3.84609224123679,4.70759159056592,6.08725830831588,93.1230181802518,TRUE,NA
"r",86,-2.27444665267972,3.84752264089972,4.70901083323015,6.08902627189152,93.173107575886,TRUE,NA
"r",86.05,-2.27446618471703,3.84895274154753,4.71042978668974,6.09079375788017,93.2231964254212,TRUE,NA
"r",86.1,-2.27448559673846,3.85038254340588,4.71184845115553,6.09256076670059,93.2732847297707,TRUE,NA
"r",86.15,-2.2745048889475,3.85181204670023,4.71326682683825,6.09432729877098,93.3233724898461,TRUE,NA
"r",86.2,-2.27452406154718,3.8532412516556,4.71468491394821,6.09609335450885,93.3734597065571,TRUE,NA
"r",86.25,-2.27454311474023,3.8546701584969,4.71610271269561,6.09785893433122,93.4235463808122,TRUE,NA
"r",86.3,-2.27456204872892,3.85609876744854,4.71752022329022,6.09962403865431,93.4736325135179,TRUE,NA
"r",86.35,-2.27458086371528,3.8575270787347,4.7189374459416,6.10138866789389,93.5237181055797,TRUE,NA
"r",86.4,-2.27459955990082,3.85895509257923,4.72035438085898,6.10315282246497,93.573803157901,TRUE,NA
"r",86.45,-2.27461813748674,3.86038280920576,4.72177102825143,6.10491650278206,93.6238876713836,TRUE,NA
"r",86.5,-2.27463659667382,3.86181022883758,4.72318738832772,6.10667970925903,93.6739716469279,TRUE,NA
"r",86.55,-2.27465493766256,3.86323735169758,4.72460346129622,6.10844244230905,93.7240550854327,TRUE,NA
"r",86.6,-2.27467316065298,3.86466417800852,4.72601924736523,6.11020470234488,93.774137987795,TRUE,NA
"r",86.65,-2.27469126584485,3.86609070799263,4.72743474674252,6.11196648977842,93.8242203549108,TRUE,NA
"r",86.7,-2.27470925343741,3.86751694187207,4.72884995963586,6.11372780502113,93.8743021876738,TRUE,NA
"r",86.75,-2.27472712362964,3.86894287986861,4.73026488625261,6.11548864848383,93.9243834869764,TRUE,NA
"r",86.8,-2.27474487662014,3.87036852220367,4.73167952679986,6.11724902057674,93.9744642537096,TRUE,NA
"r",86.85,-2.27476251260712,3.87179386909844,4.73309388148445,6.1190089217094,94.0245444887626,TRUE,NA
"r",86.9,-2.27478003178842,3.87321892077374,4.73450795051294,6.12076835229088,94.0746241930233,TRUE,NA
"r",86.95,-2.27479743436152,3.87464367745019,4.73592173409166,6.12252731272951,94.1247033673778,TRUE,NA
"r",87,-2.27481472052355,3.87606813934802,4.73733523242662,6.12428580343311,94.1747820127106,TRUE,NA
"r",87.05,-2.27483189047126,3.87749230668721,4.73874844572359,6.12604382480891,94.224860129905,TRUE,NA
"r",87.1,-2.27484894440099,3.87891617968745,4.74016137418808,6.12780137726342,94.2749377198423,TRUE,NA
"r",87.15,-2.27486588250883,3.88033975856808,4.7415740180253,6.12955846120271,94.3250147834027,TRUE,NA
"r",87.2,-2.2748827049904,3.88176304354823,4.74298637744024,6.13131507703218,94.3750913214645,TRUE,NA
"r",87.25,-2.27489941204099,3.88318603484668,4.74439845263762,6.13307122515661,94.4251673349045,TRUE,NA
"r",87.3,-2.27491600385555,3.8846087326819,4.74581024382183,6.13482690598023,94.4752428245981,TRUE,NA
"r",87.35,-2.27493248062866,3.88603113727211,4.74722175119707,6.13658211990669,94.5253177914193,TRUE,NA
"r",87.4,-2.27494884255452,3.88745324883516,4.74863297496721,6.13833686733896,94.5753922362402,TRUE,NA
"r",87.45,-2.27496508982697,3.88887506758878,4.75004391533597,6.14009114867953,94.6254661599314,TRUE,NA
"r",87.5,-2.27498122263955,3.89029659375025,4.75145457250672,6.14184496433031,94.6755395633625,TRUE,NA
"r",87.55,-2.27499724118538,3.89171782753653,4.75286494668251,6.14359831469248,94.725612447401,TRUE,NA
"r",87.6,-2.27501314565724,3.89313876916443,4.75427503806624,6.14535120016675,94.7756848129132,TRUE,NA
"r",87.65,-2.27502893624758,3.89455941885036,4.75568484686049,6.14710362115319,94.8257566607638,TRUE,NA
"r",87.7,-2.27504461314846,3.89597977681054,4.75709437326764,6.14885557805139,94.8758279918158,TRUE,NA
"r",87.75,-2.27506017655159,3.89739984326082,4.75850361748974,6.15060707126025,94.925898806931,TRUE,NA
"r",87.8,-2.27507562664838,3.89881961841671,4.75991257972855,6.15235810117806,94.9759691069695,TRUE,NA
"r",87.85,-2.27509096362976,3.90023910249366,4.76132126018575,6.15410866820269,95.0260388927898,TRUE,NA
"r",87.9,-2.27510618768651,3.90165829570649,4.76272965906249,6.15585877273125,95.0761081652495,TRUE,NA
"r",87.95,-2.27512129900888,3.90307719827008,4.76413777655991,6.15760841516041,95.1261769252039,TRUE,NA
"r",88,-2.27513629778681,3.90449581039879,4.76554561287876,6.15935759588619,95.1762451735071,TRUE,NA
"r",88.05,-2.27515118420998,3.90591413230676,4.76695316821953,6.16110631530403,95.226312911012,TRUE,NA
"r",88.1,-2.27516595846759,3.9073321642079,4.76836044278254,6.16285457380884,95.2763801385697,TRUE,NA
"r",88.15,-2.27518062074864,3.90874990631572,4.76976743676773,6.16460237179494,95.3264468570302,TRUE,NA
"r",88.2,-2.27519517124161,3.91016735884361,4.77117415037493,6.16634970965608,95.3765130672412,TRUE,NA
"r",88.25,-2.27520961013481,3.91158452200451,4.77258058380357,6.16809658778541,95.4265787700498,TRUE,NA
"r",88.3,-2.27522393761606,3.91300139601118,4.77398673725293,6.16984300657554,95.4766439663011,TRUE,NA
"r",88.35,-2.27523815387291,3.91441798107608,4.77539261092201,6.17158896641852,95.526708656839,TRUE,NA
"r",88.4,-2.27525225909263,3.91583427741126,4.77679820500941,6.17333446770577,95.5767728425061,TRUE,NA
"r",88.45,-2.27526625346195,3.91725028522878,4.7782035197138,6.17507951082828,95.6268365241428,TRUE,NA
"r",88.5,-2.27528013716746,3.91866600474013,4.77960855523329,6.17682409617631,95.6768997025888,TRUE,NA
"r",88.55,-2.27529391039532,3.92008143615662,4.78101331176582,6.17856822413964,95.726962378682,TRUE,NA
"r",88.6,-2.27530757333134,3.92149657968934,4.78241778950919,6.18031189510754,95.777024553259,TRUE,NA
"r",88.65,-2.27532112616105,3.92291143554903,4.78382198866081,6.18205510946859,95.8270862271548,TRUE,NA
"r",88.7,-2.27533456906952,3.9243260039462,4.78522590941795,6.1837978676109,95.8771474012028,TRUE,NA
"r",88.75,-2.27534790224162,3.92574028509103,4.78662955197752,6.18554016992201,95.9272080762354,TRUE,NA
"r",88.8,-2.27536112586183,3.92715427919344,4.78803291653624,6.18728201678889,95.9772682530832,TRUE,NA
"r",88.85,-2.27537424011426,3.92856798646305,4.78943600329055,6.1890234085979,96.0273279325755,TRUE,NA
"r",88.9,-2.27538724518274,3.92998140710932,4.79083881243673,6.190764345735,96.0773871155403,TRUE,NA
"r",88.95,-2.27540014125073,3.93139454134123,4.79224134417064,6.19250482858541,96.1274458028039,TRUE,NA
"r",89,-2.27541292850132,3.93280738936772,4.79364359868812,6.19424485753391,96.177503995191,TRUE,NA
"r",89.05,-2.27542560711736,3.93421995139727,4.79504557618454,6.1959844329647,96.2275616935254,TRUE,NA
"r",89.1,-2.2754381772813,3.93563222763819,4.79644727685517,6.1977235552614,96.2776188986292,TRUE,NA
"r",89.15,-2.27545063917529,3.93704421829842,4.79784870089492,6.19946222480714,96.3276756113233,TRUE,NA
"r",89.2,-2.27546299298112,3.93845592358573,4.79924984849857,6.20120044198446,96.3777318324266,TRUE,NA
"r",89.25,-2.27547523888023,3.93986734370755,4.80065071986057,6.20293820717532,96.427787562757,TRUE,NA
"r",89.3,-2.27548737705381,3.94127847887105,4.80205131517512,6.20467552076118,96.4778428031312,TRUE,NA
"r",89.35,-2.27549940768268,3.94268932928318,4.80345163463627,6.20641238312298,96.5278975543642,TRUE,NA
"r",89.4,-2.27551133094731,3.94409989515046,4.80485167843765,6.20814879464101,96.5779518172696,TRUE,NA
"r",89.45,-2.27552314702781,3.94551017667938,4.80625144677287,6.20988475569515,96.6280055926594,TRUE,NA
"r",89.5,-2.27553485610409,3.94692017407602,4.80765093983516,6.21162026666469,96.6780588813446,TRUE,NA
"r",89.55,-2.27554645835562,3.94832988754613,4.80905015781745,6.21335532792829,96.7281116841348,TRUE,NA
"r",89.6,-2.27555795396158,3.94973931729531,4.81044910091255,6.21508993986416,96.7781640018378,TRUE,NA
"r",89.65,-2.27556934310083,3.95114846352883,4.81184776931298,6.21682410284998,96.8282158352604,TRUE,NA
"r",89.7,-2.27558062595187,3.95255732645175,4.81324616321103,6.21855781726284,96.8782671852075,TRUE,NA
"r",89.75,-2.27559180269296,3.95396590626869,4.81464428279864,6.22029108347927,96.9283180524834,TRUE,NA
"r",89.8,-2.27560287350197,3.95537420318425,4.8160421282677,6.22202390187542,96.9783684378904,TRUE,NA
"r",89.85,-2.27561383855645,3.95678221740264,4.81743969980974,6.22375627282669,97.0284183422296,TRUE,NA
"r",89.9,-2.27562469803365,3.95818994912775,4.81883699761604,6.22548819670809,97.0784677663008,TRUE,NA
"r",89.95,-2.2756354521105,3.95959739856331,4.82023402187771,6.22721967389406,97.1285167109022,TRUE,NA
"r",90,-2.27564610096359,3.96100456591264,4.82163077278548,6.22895070475844,97.1785651768308,TRUE,NA
"r",90.05,-2.27565664476921,3.96241145137903,4.82302725053007,6.23068128967471,97.2286131648822,TRUE,NA
"r",90.1,-2.27566708370331,3.96381805516528,4.82442345530177,6.23241142901565,97.2786606758507,TRUE,NA
"r",90.15,-2.2756774179416,3.965224377474,4.82581938729064,6.23414112315356,97.3287077105294,TRUE,NA
"r",90.2,-2.27568764765935,3.96663041850761,4.82721504668665,6.23587037246028,97.3787542697094,TRUE,NA
"r",90.25,-2.2756977730316,3.96803617846812,4.82861043367932,6.23759917730697,97.428800354181,TRUE,NA
"r",90.3,-2.27570779423304,3.9694416575574,4.83000554845809,6.23932753806445,97.478845964733,TRUE,NA
"r",90.35,-2.27571771143804,3.9708468559771,4.83140039121221,6.24105545510291,97.5288911021528,TRUE,NA
"r",90.4,-2.27572752482072,3.97225177392842,4.83279496213049,6.24278292879205,97.5789357672267,TRUE,NA
"r",90.45,-2.27573723455479,3.97365641161249,4.8341892614017,6.24450995950101,97.6289799607391,TRUE,NA
"r",90.5,-2.27574684081374,3.97506076922996,4.83558328921415,6.24623654759837,97.6790236834737,TRUE,NA
"r",90.55,-2.27575634377069,3.97646484698152,4.8369770457562,6.24796269345235,97.7290669362125,TRUE,NA
"r",90.6,-2.27576574359845,3.97786864506732,4.83837053121574,6.24968839743048,97.7791097197362,TRUE,NA
"r",90.65,-2.27577504046953,3.97927216368746,4.83976374578059,6.25141365989989,97.8291520348241,TRUE,NA
"r",90.7,-2.27578423455614,3.98067540304162,4.84115668963821,6.25313848122711,97.8791938822543,TRUE,NA
"r",90.75,-2.27579332603019,3.98207836332928,4.84254936297583,6.25486286177815,97.9292352628036,TRUE,NA
"r",90.8,-2.27580231506328,3.98348104474973,4.84394176598058,6.25658680191861,97.9792761772473,TRUE,NA
"r",90.85,-2.27581120182662,3.98488344750194,4.84533389883926,6.25831030201351,98.0293166263595,TRUE,NA
"r",90.9,-2.27581998649124,3.9862855717846,4.84672576173841,6.26003336242728,98.079356610913,TRUE,NA
"r",90.95,-2.27582866922779,3.98768741779621,4.84811735486442,6.261755983524,98.1293961316792,TRUE,NA
"r",91,-2.27583725020663,3.98908898573488,4.84950867840332,6.26347816566706,98.179435189428,TRUE,NA
"r",91.05,-2.27584572959779,3.99049027579869,4.85089973254108,6.26519990921949,98.2294737849285,TRUE,NA
"r",91.1,-2.27585410757106,3.99189128818525,4.8522905174633,6.26692121454369,98.279511918948,TRUE,NA
"r",91.15,-2.27586238429585,3.99329202309206,4.85368103335546,6.2686420820017,98.3295495922528,TRUE,NA
"r",91.2,-2.27587055994133,3.99469248071626,4.85507128040267,6.27036251195486,98.3795868056077,TRUE,NA
"r",91.25,-2.27587863467635,3.9960926612548,4.85646125878994,6.27208250476418,98.4296235597763,TRUE,NA
"r",91.3,-2.27588660866941,3.99749256490435,4.85785096870199,6.27380206079005,98.4796598555208,TRUE,NA
"r",91.35,-2.27589448208875,3.99889219186141,4.85924041032337,6.27552118039245,98.529695693602,TRUE,NA
"r",91.4,-2.27590225510237,4.00029154232204,4.86062958383826,6.27723986393071,98.5797310747801,TRUE,NA
"r",91.45,-2.27590992787781,4.00169061648228,4.86201848943081,6.27895811176383,98.6297659998128,TRUE,NA
"r",91.5,-2.27591750058248,4.00308941453773,4.86340712728476,6.2806759242502,98.6798004694576,TRUE,NA
"r",91.55,-2.27592497338344,4.00448793668381,4.86479549758371,6.2823933017477,98.7298344844704,TRUE,NA
"r",91.6,-2.27593234644735,4.00588618311579,4.86618360051111,6.28411024461384,98.7798680456054,TRUE,NA
"r",91.65,-2.27593961994073,4.00728415402848,4.86757143625001,6.28582675320547,98.829901153616,TRUE,NA
"r",91.7,-2.27594679402967,4.00868184961664,4.86895900498337,6.28754282787902,98.879933809254,TRUE,NA
"r",91.75,-2.27595386888008,4.01007927007459,4.8703463068938,6.28925846899038,98.9299660132702,TRUE,NA
"r",91.8,-2.27596084465751,4.01147641559656,4.87173334216381,6.29097367689502,98.9799977664141,TRUE,NA
"r",91.85,-2.27596772152715,4.01287328637659,4.87312011097573,6.29268845194789,99.0300290694335,TRUE,NA
"r",91.9,-2.27597449965408,4.01426988260818,4.87450661351142,6.29440279450339,99.0800599230757,TRUE,NA
"r",91.95,-2.27598117920288,4.01566620448492,4.8758928499528,6.29611670491554,99.1300903280857,TRUE,NA
"r",92,-2.27598776033803,4.01706225219986,4.8772788204813,6.29783018353768,99.1801202852085,TRUE,NA
"r",92.05,-2.27599424322355,4.01845802594602,4.87866452527835,6.29954323072284,99.2301497951868,TRUE,NA
"r",92.1,-2.27600062802327,4.01985352591613,4.88004996452509,6.3012558468235,99.2801788587623,TRUE,NA
"r",92.15,-2.27600691490069,4.02124875230256,4.88143513840235,6.30296803219161,99.3302074766758,TRUE,NA
"r",92.2,-2.27601310401903,4.02264370529759,4.88282004709086,6.3046797871787,99.3802356496663,TRUE,NA
"r",92.25,-2.27601919554126,4.0240383850931,4.884204690771,6.30639111213575,99.4302633784723,TRUE,NA
"r",92.3,-2.27602518962998,4.02543279188085,4.88558906962305,6.3081020074133,99.4802906638301,TRUE,NA
"r",92.35,-2.27603108644752,4.02682692585237,4.88697318382707,6.30981247336141,99.5303175064755,TRUE,NA
"r",92.4,-2.27603688615605,4.0282207871988,4.88835703356275,6.31152251032958,99.5803439071429,TRUE,NA
"r",92.45,-2.27604258891723,4.02961437611122,4.88974061900975,6.31323211866693,99.6303698665651,TRUE,NA
"r",92.5,-2.27604819489265,4.03100769278024,4.89112394034731,6.314941298722,99.6803953854741,TRUE,NA
"r",92.55,-2.27605370424345,4.03240073739652,4.89250699775467,6.31665005084291,99.7304204646003,TRUE,NA
"r",92.6,-2.27605911713057,4.03379351015028,4.89388979141073,6.31835837537735,99.7804451046732,TRUE,NA
"r",92.65,-2.2760644337147,4.03518601123143,4.89527232149407,6.32006627267233,99.8304693064211,TRUE,NA
"r",92.7,-2.27606965415614,4.03657824082993,4.89665458818332,6.32177374307463,99.8804930705705,TRUE,NA
"r",92.75,-2.27607477861499,4.03797019913517,4.8980365916566,6.3234807869304,99.9305163978473,TRUE,NA
"r",92.8,-2.27607980725105,4.03936188633657,4.89941833209206,6.32518740458537,99.9805392889759,TRUE,NA
"r",92.85,-2.27608474022377,4.04075330262316,4.90079980966748,6.32689359638473,100.03056174468,TRUE,NA
"r",92.9,-2.27608957769245,4.04214444818368,4.90218102456041,6.32859936267327,100.08058376568,TRUE,NA
"r",92.95,-2.27609431981596,4.04353532320688,4.90356197694837,6.33030470379529,100.130605352698,TRUE,NA
"r",93,-2.27609896675304,4.04492592788094,4.90494266700838,6.33200962009455,100.180626506454,TRUE,NA
"r",93.05,-2.27610351866207,4.04631626239408,4.90632309491748,6.33371411191443,100.230647227666,TRUE,NA
"r",93.1,-2.27610797570108,4.04770632693418,4.90770326085246,6.33541817959783,100.28066751705,TRUE,NA
"r",93.15,-2.27611233802799,4.0490961216888,4.90908316498973,6.33712182348708,100.330687375323,TRUE,NA
"r",93.2,-2.27611660580031,4.05048564684541,4.91046280750568,6.33882504392413,100.3807068032,TRUE,NA
"r",93.25,-2.27612077917533,4.05187490259114,4.91184218857638,6.34052784125043,100.430725801394,TRUE,NA
"r",93.3,-2.27612485831006,4.05326388911294,4.91322130837773,6.342230215807,100.480744370617,TRUE,NA
"r",93.35,-2.27612884336118,4.05465260659753,4.91460016708542,6.34393216793436,100.530762511581,TRUE,NA
"r",93.4,-2.27613273448516,4.05604105523134,4.91597876487489,6.34563369797254,100.580780224995,TRUE,NA
"r",93.45,-2.27613653183816,4.05742923520064,4.91735710192139,6.34733480626115,100.630797511568,TRUE,NA
"r",93.5,-2.27614023557614,4.05881714669133,4.9187351783999,6.34903549313929,100.680814372009,TRUE,NA
"r",93.55,-2.27614384585468,4.06020478988926,4.92011299448531,6.35073575894567,100.730830807022,TRUE,NA
"r",93.6,-2.27614736282908,4.06159216497996,4.92149055035224,6.35243560401845,100.780846817314,TRUE,NA
"r",93.65,-2.27615078665454,4.0629792721487,4.92286784617504,6.35413502869545,100.830862403588,TRUE,NA
"r",93.7,-2.27615411748577,4.06436611158054,4.92424488212793,6.35583403331383,100.880877566547,TRUE,NA
"r",93.75,-2.27615735547735,4.06575268346032,4.92562165838486,6.35753261821049,100.930892306894,TRUE,NA
"r",93.8,-2.27616050078355,4.06713898797264,4.9269981751196,6.35923078372174,100.980906625327,TRUE,NA
"r",93.85,-2.27616355355831,4.06852502530194,4.9283744325058,6.36092853018356,101.030920522547,TRUE,NA
"r",93.9,-2.27616651395544,4.06991079563223,4.92975043071664,6.36262585793129,101.080933999252,TRUE,NA
"r",93.95,-2.27616938212836,4.07129629914755,4.93112616992542,6.3643227673,101.130947056139,TRUE,NA
"r",94,-2.27617215823025,4.07268153603153,4.93250165030501,6.36601925862421,101.180959693903,TRUE,NA
"r",94.05,-2.27617484241407,4.07406650646759,4.93387687202808,6.36771533223794,101.230971913239,TRUE,NA
"r",94.1,-2.27617743483243,4.07545121063901,4.93525183526721,6.36941098847487,101.28098371484,TRUE,NA
"r",94.15,-2.27617993563777,4.07683564872881,4.93662654019474,6.37110622766821,101.3309950994,TRUE,NA
"r",94.2,-2.27618234498213,4.07821982091971,4.93800098698272,6.37280105015058,101.381006067608,TRUE,NA
"r",94.25,-2.27618466301748,4.07960372739419,4.93937517580297,6.37449545625426,101.431016620156,TRUE,NA
"r",94.3,-2.27618688989533,4.08098736833468,4.94074910682731,6.37618944631112,101.481026757731,TRUE,NA
"r",94.35,-2.27618902576704,4.08237074392323,4.94212278022715,6.37788302065248,101.531036481022,TRUE,NA
"r",94.4,-2.27619107078367,4.08375385434174,4.94349619617382,6.37957617960933,101.581045790715,TRUE,NA
"r",94.45,-2.27619302509602,4.08513669977178,4.94486935483834,6.38126892351206,101.631054687496,TRUE,NA
"r",94.5,-2.27619488885467,4.08651928039477,4.94624225639156,6.38296125269073,101.681063172048,TRUE,NA
"r",94.55,-2.27619666220983,4.08790159639193,4.94761490100417,6.38465316747488,101.731071245055,TRUE,NA
"r",94.6,-2.27619834531155,4.08928364794424,4.94898728884666,6.3863446681937,101.781078907199,TRUE,NA
"r",94.65,-2.27619993830959,4.09066543523238,4.95035942008922,6.38803575517584,101.831086159161,TRUE,NA
"r",94.7,-2.27620144135342,4.09204695843693,4.95173129490195,6.38972642874956,101.881093001619,TRUE,NA
"r",94.75,-2.27620285459234,4.0934282177381,4.95310291345463,6.39141668924262,101.931099435254,TRUE,NA
"r",94.8,-2.27620417817526,4.09480921331599,4.95447427591692,6.39310653698242,101.981105460742,TRUE,NA
"r",94.85,-2.2762054122509,4.09618994535055,4.95584538245838,6.39479597229589,102.03111107876,TRUE,NA
"r",94.9,-2.27620655696779,4.09757041402124,4.95721623324805,6.39648499550944,102.081116289983,TRUE,NA
"r",94.95,-2.27620761247403,4.09895061950763,4.95858682845517,6.39817360694921,102.131121095085,TRUE,NA
"r",95,-2.27620857891766,4.10033056198872,4.95995716824837,6.39986180694068,102.181125494738,TRUE,NA
"r",95.05,-2.2762094564463,4.10171024164357,4.9613272527964,6.40154959580906,102.231129489616,TRUE,NA
"r",95.1,-2.2762102452074,4.10308965865095,4.9626970822677,6.40323697387911,102.281133080387,TRUE,NA
"r",95.15,-2.27621094534818,4.1044688131893,4.96406665683044,6.40492394147506,102.331136267723,TRUE,NA
"r",95.2,-2.27621155701549,4.10584770543702,4.96543597665275,6.40661049892081,102.381139052291,TRUE,NA
"r",95.25,-2.27621208035607,4.10722633557207,4.96680504190233,6.40829664653973,102.431141434759,TRUE,NA
"r",95.3,-2.27621251551629,4.10860470377239,4.96817385274689,6.40998238465484,102.481143415793,TRUE,NA
"r",95.35,-2.27621286264231,4.10998281021567,4.96954240935391,6.41166771358869,102.531144996058,TRUE,NA
"r",95.4,-2.27621312188007,4.11136065507919,4.9709107118905,6.41335263366337,102.581146176219,TRUE,NA
"r",95.45,-2.27621329337517,4.11273823854031,4.97227876052381,6.41503714520058,102.631146956938,TRUE,NA
"r",95.5,-2.27621337727309,4.11411556077586,4.97364655542055,6.41672124852153,102.681147338877,TRUE,NA
"r",95.55,-2.27621337371898,4.11549262196271,4.97501409674745,6.41840494394712,102.731147322697,TRUE,NA
"r",95.6,-2.27621328285762,4.11686942227746,4.97638138467099,6.42008823179772,102.781146909057,TRUE,NA
"r",95.65,-2.27621310483382,4.11824596189638,4.97774841935734,6.42177111239331,102.831146098617,TRUE,NA
"r",95.7,-2.27621283979185,4.11962224099562,4.97911520097259,6.4234535860534,102.881144892033,TRUE,NA
"r",95.75,-2.276212487876,4.120998259751,4.98048172968249,6.4251356530971,102.931143289963,TRUE,NA
"r",95.8,-2.2762120492301,4.12237401833831,4.9818480056528,6.42681731384311,102.98114129306,TRUE,NA
"r",95.85,-2.27621152399778,4.12374951693309,4.98321402904903,6.42849856860976,103.03113890198,TRUE,NA
"r",95.9,-2.27621091232251,4.12512475571043,4.98457980003628,6.43017941771479,103.081136117376,TRUE,NA
"r",95.95,-2.27621021434742,4.12649973484551,4.98594531877974,6.43185986147564,103.1311329399,TRUE,NA
"r",96,-2.27620943021546,4.1278744545131,4.98731058544423,6.43353990020932,103.181129370202,TRUE,NA
"r",96.05,-2.27620856006929,4.12924891488784,4.98867560019444,6.43521953423243,103.231125408933,TRUE,NA
"r",96.1,-2.27620760405129,4.13062311614415,4.99004036319487,6.43689876386105,103.281121056741,TRUE,NA
"r",96.15,-2.27620656230368,4.13199705845626,4.99140487460983,6.438577589411,103.331116314274,TRUE,NA
"r",96.2,-2.27620543496842,4.13337074199809,4.99276913460337,6.44025601119751,103.38111118218,TRUE,NA
"r",96.25,-2.27620422218717,4.13474416694342,4.99413314333939,6.44193402953549,103.431105661103,TRUE,NA
"r",96.3,-2.27620292410139,4.13611733346582,4.99549690098162,6.44361164473943,103.481099751688,TRUE,NA
"r",96.35,-2.27620154085228,4.13749024173871,4.99686040769363,6.44528885712341,103.531093454578,TRUE,NA
"r",96.4,-2.27620007258081,4.13886289193515,4.99822366363868,6.44696566700101,103.581086770417,TRUE,NA
"r",96.45,-2.27619851942773,4.14023528422812,4.99958666897995,6.44864207468551,103.631079699845,TRUE,NA
"r",96.5,-2.27619688153348,4.14160741879025,5.00094942388031,6.45031808048969,103.681072243503,TRUE,NA
"r",96.55,-2.27619515903835,4.14297929579411,5.00231192850255,6.45199368472594,103.73106440203,TRUE,NA
"r",96.6,-2.27619335208226,4.14435091541208,5.00367418300933,6.45366888770628,103.781056176063,TRUE,NA
"r",96.65,-2.27619146080508,4.1457222778161,5.00503618756284,6.45534368974223,103.831047566242,TRUE,NA
"r",96.7,-2.27618948534623,4.14709338317817,5.0063979423254,6.457018091145,103.881038573201,TRUE,NA
"r",96.75,-2.27618742584507,4.14846423166986,5.00775944745889,6.45869209222525,103.931029197575,TRUE,NA
"r",96.8,-2.27618528244061,4.14983482346273,5.0091207031252,6.46036569329339,103.981019439999,TRUE,NA
"r",96.85,-2.27618305527164,4.15120515872804,5.01048170948593,6.46203889465933,104.031009301106,TRUE,NA
"r",96.9,-2.27618074447681,4.15257523763675,5.01184246670243,6.46371169663258,104.080998781527,TRUE,NA
"r",96.95,-2.27617835019434,4.15394506035988,5.01320297493609,6.46538409952231,104.130987881893,TRUE,NA
"r",97,-2.27617587256241,4.15531462706786,5.01456323434776,6.46705610363711,104.180976602835,TRUE,NA
"r",97.05,-2.27617331171885,4.15668393793123,5.01592324509839,6.46872770928534,104.230964944981,TRUE,NA
"r",97.1,-2.27617066780129,4.15805299312025,5.01728300734868,6.4703989167749,104.280952908959,TRUE,NA
"r",97.15,-2.27616794094715,4.15942179280485,5.01864252125904,6.47206972641325,104.330940495396,TRUE,NA
"r",97.2,-2.27616513129355,4.16079033715494,5.02000178698982,6.47374013850747,104.380927704917,TRUE,NA
"r",97.25,-2.27616223897743,4.16215862634007,5.02136080470109,6.47541015336425,104.430914538147,TRUE,NA
"r",97.3,-2.2761592641355,4.16352666052966,5.02271957455277,6.47707977128985,104.48090099571,TRUE,NA
"r",97.35,-2.27615620690413,4.16489443989298,5.02407809670468,6.47874899259018,104.530887078228,TRUE,NA
"r",97.4,-2.27615306741967,4.16626196459898,5.02543637131628,6.48041781757068,104.580872786324,TRUE,NA
"r",97.45,-2.27614984581803,4.16762923481644,5.02679439854693,6.48208624653638,104.630858120617,TRUE,NA
"r",97.5,-2.27614654223498,4.16899625071397,5.02815217855584,6.48375427979204,104.680843081728,TRUE,NA
"r",97.55,-2.2761431568061,4.17036301245996,5.02950971150198,6.48542191764187,104.730827670275,TRUE,NA
"r",97.6,-2.27613968966663,4.17172952022267,5.03086699754423,6.48708916038977,104.780811886876,TRUE,NA
"r",97.65,-2.27613614095169,4.17309577416996,5.0322240368411,6.48875600833918,104.830795732146,TRUE,NA
"r",97.7,-2.27613251079607,4.17446177446973,5.03358082955111,6.4904224617932,104.880779206703,TRUE,NA
"r",97.75,-2.27612879933444,4.17582752128947,5.03493737583245,6.49208852105449,104.93076231116,TRUE,NA
"r",97.8,-2.27612500670115,4.17719301479668,5.03629367584328,6.49375418642539,104.98074504613,TRUE,NA
"r",97.85,-2.27612113303032,4.17855825515847,5.03764972974143,6.49541945820773,105.030727412227,TRUE,NA
"r",97.9,-2.27611717845597,4.17992324254187,5.03900553768465,6.49708433670309,105.080709410062,TRUE,NA
"r",97.95,-2.27611314311171,4.18128797711365,5.04036109983043,6.49874882221248,105.130691040246,TRUE,NA
"r",98,-2.27610902713108,4.18265245904034,5.04171641633608,6.50041291503665,105.180672303388,TRUE,NA
"r",98.05,-2.27610483064729,4.18401668848836,5.04307148735877,6.50207661547588,105.230653200096,TRUE,NA
"r",98.1,-2.27610055379337,4.18538066562399,5.04442631305559,6.50373992383019,105.280633730978,TRUE,NA
"r",98.15,-2.27609619670213,4.18674439061312,5.04578089358321,6.50540284039904,105.330613896642,TRUE,NA
"r",98.2,-2.27609175950609,4.18810786362158,5.04713522909831,6.50706536548161,105.380593697692,TRUE,NA
"r",98.25,-2.2760872423377,4.18947108481495,5.04848931975728,6.50872749937668,105.430573134732,TRUE,NA
"r",98.3,-2.276082645329,4.19083405435862,5.04984316571639,6.51038924238255,105.480552208368,TRUE,NA
"r",98.35,-2.27607796861191,4.19219677241785,5.05119676713177,6.51205059479725,105.530530919201,TRUE,NA
"r",98.4,-2.27607321231811,4.19355923915752,5.05255012415917,6.51371155691831,105.580509267832,TRUE,NA
"r",98.45,-2.27606837657906,4.19492145474261,5.05390323695451,6.5153721290431,105.630487254863,TRUE,NA
"r",98.5,-2.27606346152602,4.19628341933759,5.05525610567314,6.51703231146827,105.680464880894,TRUE,NA
"r",98.55,-2.27605846728994,4.19764513310694,5.05660873047054,6.51869210449037,105.730442146522,TRUE,NA
"r",98.6,-2.27605339400164,4.19900659621488,5.05796111150183,6.52035150840537,105.780419052346,TRUE,NA
"r",98.65,-2.27604824179173,4.20036780882542,5.05931324892202,6.52201052350901,105.830395598963,TRUE,NA
"r",98.7,-2.27604301079049,4.20172877110243,5.06066514288596,6.52366915009655,105.880371786968,TRUE,NA
"r",98.75,-2.27603770112809,4.2030894832095,5.06201679354826,6.5253273884629,105.930347616956,TRUE,NA
"r",98.8,-2.27603231293447,4.20444994531006,5.06336820106335,6.52698523890255,105.980323089522,TRUE,NA
"r",98.85,-2.27602684633923,4.20581015756746,5.06471936558565,6.52864270170972,106.030298205257,TRUE,NA
"r",98.9,-2.27602130147194,4.2071701201446,5.06607028726909,6.53029977717808,106.080272964754,TRUE,NA
"r",98.95,-2.2760156784618,4.20852983320454,5.06742096626782,6.53195646560113,106.130247368604,TRUE,NA
"r",99,-2.27600997743785,4.20988929690976,5.0687714027354,6.53361276727175,106.180221417397,TRUE,NA
"r",99.05,-2.27600419852897,4.21124851142284,5.0701215968255,6.53526868248263,106.230195111721,TRUE,NA
"r",99.1,-2.27599834186366,4.21260747690612,5.07147154869159,6.53692421152605,106.280168452166,TRUE,NA
"r",99.15,-2.2759924075704,4.21396619352151,5.07282125848675,6.53857935469383,106.330141439318,TRUE,NA
"r",99.2,-2.27598639577729,4.21532466143114,5.07417072636421,6.5402341122775,106.380114073763,TRUE,NA
"r",99.25,-2.27598030661237,4.21668288079656,5.07551995247673,6.54188848456815,106.430086356087,TRUE,NA
"r",99.3,-2.27597414020334,4.21804085177933,5.07686893697702,6.54354247185653,106.480058286874,TRUE,NA
"r",99.35,-2.27596789667768,4.21939857454086,5.07821768001773,6.54519607443309,106.530029866707,TRUE,NA
"r",99.4,-2.27596157616277,4.22075604924217,5.07956618175108,6.54684929258772,106.580001096169,TRUE,NA
"r",99.45,-2.27595517878568,4.22211327604433,5.08091444232937,6.54850212661016,106.629971975841,TRUE,NA
"r",99.5,-2.27594870467332,4.22347025510799,5.08226246190449,6.55015457678954,106.679942506304,TRUE,NA
"r",99.55,-2.27594215395239,4.22482698659373,5.08361024062831,6.55180664341481,106.729912688137,TRUE,NA
"r",99.6,-2.27593552674925,4.22618347066211,5.08495777865265,6.55345832677453,106.779882521919,TRUE,NA
"r",99.65,-2.27592882319023,4.22753970747313,5.08630507612881,6.55510962715676,106.829852008228,TRUE,NA
"r",99.7,-2.27592204340133,4.22889569718696,5.08765213320828,6.55676054484938,106.87982114764,TRUE,NA
"r",99.75,-2.27591518750847,4.23025143996318,5.08899895004198,6.55841108013966,106.929789940732,TRUE,NA
"r",99.8,-2.27590825563715,4.23160693596165,5.09034552678109,6.56006123331473,106.979758388077,TRUE,NA
"r",99.85,-2.2759012479128,4.23296218534178,5.09169186357638,6.56171100466123,107.029726490251,TRUE,NA
"r",99.9,-2.2758941644607,4.23431718826276,5.09303796057844,6.56336039446551,107.079694247826,TRUE,NA
"r",99.95,-2.27588700540574,4.23567194488368,5.09438381793773,6.56500940301345,107.129661661375,TRUE,NA
"r",100,-2.27587977087274,4.23702645536342,5.09572943580454,6.56665803059061,107.179628731468,TRUE,NA
