"sweep_param","sweep_value","xL","xk","xl","xU","gamma","converged","error_msg"
"u",0.01,-1.92338211062821,-1.87036402968117,-1.69344709911204,0.208808180762004,3.69439874348488,TRUE,NA
"u",0.02,-1.9249389090917,-1.84873944338794,-1.6246214677134,0.209264403487457,3.69538980373525,TRUE,NA
"u",0.03,-1.92650041213537,-1.83200807063182,-1.57412435205708,0.20973100855831,3.69640383795772,TRUE,NA
"u",0.04,-1.92806540754951,-1.81780291044131,-1.53265121217499,0.21020585409917,3.69743621578902,TRUE,NA
"u",0.05,-1.92963320704853,-1.80520797831592,-1.49677093040706,0.210687724307097,3.69848431374439,TRUE,NA
"u",0.06,-1.93120335083722,-1.79375393508679,-1.46477803434381,0.211175806995349,3.69954638228502,TRUE,NA
"u",0.07,-1.93277550348984,-1.78316223331021,-1.43568238439498,0.211669509546969,3.70062114689045,TRUE,NA
"u",0.08,-1.9343494062102,-1.77325155839013,-1.408850360284,0.212168374571196,3.70170762530569,TRUE,NA
"u",0.09,-1.93592485139141,-1.76389609325,-1.38384827130288,0.212672034979225,3.70280503023484,TRUE,NA
"u",0.1,-1.93750166763639,-1.75500432445233,-1.36036422257913,0.2131801875455,3.70391271209369,TRUE,NA
"u",0.11,-1.93907971028635,-1.74650723915623,-1.33816523347497,0.213692576200273,3.70503012284423,TRUE,NA
"u",0.12,-1.94065885509636,-1.73835127914621,-1.31707195643998,0.214208980879981,3.7061567918638,TRUE,NA
"u",0.13,-1.94223899382978,-1.73049389976059,-1.29694291427523,0.214729209765699,3.707292309153,TRUE,NA
"u",0.14,-1.94382003108221,-1.7229006454601,-1.27766421920234,0.21525309369168,3.70843631323652,TRUE,NA
"u",0.15,-1.94540188192582,-1.71554315341471,-1.25914261394192,0.215780482001719,3.70958848220056,TRUE,NA
"u",0.16,-1.94698447012028,-1.70839774878343,-1.24130061260661,0.216311239404957,3.71074852688952,TRUE,NA
"u",0.17,-1.94856772672617,-1.70144443055474,-1.22407301682063,0.216845243541617,3.7119161856389,TRUE,NA
"u",0.18,-1.95015158901179,-1.69466612293426,-1.20740436023486,0.217382383068003,3.71309122012372,TRUE,NA
"u",0.19,-1.95173599957563,-1.68804811196646,-1.19124699644373,0.217922556111507,3.71427341203841,TRUE,NA
"u",0.2,-1.95332090563834,-1.68157761429168,-1.1755596431114,0.218465669045736,3.71546256040282,TRUE,NA
"u",0.21,-1.9549062584571,-1.67524344204003,-1.16030625619424,0.219011635458999,3.71665847935387,TRUE,NA
"u",0.22,-1.95649201284164,-1.66903573890718,-1.14545514730993,0.219560375313643,3.71786099631247,TRUE,NA
"u",0.23,-1.95807812674825,-1.66294576976853,-1.13097828311434,0.220111814240371,3.7190699504495,TRUE,NA
"u",0.24,-1.95966456093671,-1.65696575113336,-1.11685072289578,0.220665882943373,3.72028519139074,TRUE,NA
"u",0.25,-1.96125127867797,-1.65108871315309,-1.10305016251317,0.221222516695031,3.72150657811554,TRUE,NA
"u",0.26,-1.96283824550356,-1.64530838629321,-1.08955656113014,0.221781654903932,3.72273397801122,TRUE,NA
"u",0.27,-1.96442542898908,-1.63961910748918,-1.07635183311429,0.222343240743241,3.72396726605856,TRUE,NA
"u",0.28,-1.96601279856623,-1.63401574184468,-1.06341959173791,0.222907220829189,3.72520632412604,TRUE,NA
"u",0.29,-1.96760032535871,-1.62849361683893,-1.05074493443395,0.223473544941687,3.72645104035149,TRUE,NA
"u",0.3,-1.96918798203803,-1.62304846668599,-1.03831426167117,0.224042165780261,3.72770130860287,TRUE,NA
"u",0.31,-1.97077574269651,-1.6176763849958,-1.02611512324108,0.224613038750113,3.72895702800081,TRUE,NA
"u",0.32,-1.97236358273471,-1.61237378427278,-1.01413608705845,0.225186121773838,3.73021810249794,TRUE,NA
"u",0.33,-1.97395147876133,-1.60713736108303,-1.00236662657749,0.225761375125189,3.73148444050392,TRUE,NA
"u",0.34,-1.97553940850392,-1.60196406595078,-0.990797023698935,0.226338761281861,3.73275595455197,TRUE,NA
"u",0.35,-1.97712735072881,-1.5968510772226,-0.979418284643338,0.226918244794813,3.73403256099983,TRUE,NA
"u",0.36,-1.97871528516918,-1.59179577827897,-0.968222066737721,0.227499792171926,3.73531417976205,TRUE,NA
"u",0.37,-1.98030319246024,-1.58679573758454,-0.957200614436548,0.228083371774274,3.73660073406819,TRUE,NA
"u",0.38,-1.98189105408057,-1.58184869115624,-0.946346703193489,0.22866895372356,3.73789215024451,TRUE,NA
"u",0.39,-1.98347885229901,-1.57695252710182,-0.935653590039599,0.229256509819185,3.73918835751723,TRUE,NA
"u",0.4,-1.98506657012628,-1.57210527193706,-0.925114969914531,0.229846013464046,3.74048928783287,TRUE,NA
"u",0.41,-1.98665419127101,-1.56730507843863,-0.914724936954677,0.230437439598115,3.74179487569465,TRUE,NA
"u",0.42,-1.98824170009955,-1.56255021482718,-0.904477950067329,0.231030764638759,3.7431050580147,TRUE,NA
"u",0.43,-1.98982908159912,-1.55783905510718,-0.894368802226106,0.231625966427291,3.74441977397754,TRUE,NA
"u",0.44,-1.99141632134412,-1.55317007041579,-0.884392593007523,0.232223024181039,3.74573896491572,TRUE,NA
"u",0.45,-1.99300340546514,-1.54854182125544,-0.874544703961309,0.232821918450414,3.74706257419562,TRUE,NA
"u",0.46,-1.99459032062041,-1.54395295050219,-0.8648207764649,0.233422631080442,3.7483905471126,TRUE,NA
"u",0.47,-1.99617705396949,-1.53940217709738,-0.85521669176271,0.234025145176388,3.74972283079433,TRUE,NA
"u",0.48,-1.99776359314901,-1.53488829034294,-0.845728552933498,0.234629445073109,3.75105937411155,TRUE,NA
"u",0.49,-1.99934992625019,-1.53041014473151,-0.836352668562765,0.235235516307725,3.75240012759663,TRUE,NA
"u",0.5,-2.00093604179803,-1.52596665525092,-0.8270855379265,0.23584334559544,3.75374504336633,TRUE,NA
"u",0.51,-2.00252192873202,-1.52155679311188,-0.817923837521053,0.236452920808114,3.75509407505264,TRUE,NA
"u",0.52,-2.00410757638823,-1.51717958185243,-0.808864408790447,0.237064230955487,3.75644717773666,TRUE,NA
"u",0.53,-2.00569297448264,-1.51283409378008,-0.799904246924992,0.237677266168687,3.75780430788906,TRUE,NA
"u",0.54,-2.00727811309565,-1.50851944671622,-0.791040490619157,0.238292017686047,3.75916542331286,TRUE,NA
"u",0.55,-2.00886298265761,-1.50423480101236,-0.782270412689505,0.238908477840794,3.76053048309209,TRUE,NA
"u",0.56,-2.01044757393538,-1.49997935681086,-0.77359141146705,0.239526640050739,3.76189944754266,TRUE,NA
"u",0.57,-2.01203187801969,-1.49575235152638,-0.765001002886689,0.240146498809586,3.76327227816739,TRUE,NA
"u",0.58,-2.01361588631346,-1.49155305752654,-0.756496813206417,0.240768049679922,3.76464893761396,TRUE,NA
"u",0.59,-2.01519959052077,-1.48738077999315,-0.748076572295762,0.241391289287602,3.76602938963511,TRUE,NA
"u",0.6,-2.01678298263659,-1.48323485494717,-0.73973810744081,0.242016215317612,3.76741359905252,TRUE,NA
"u",0.61,-2.01836605493709,-1.47911464742217,-0.731479337616831,0.242642826511106,3.76880153172227,TRUE,NA
"u",0.62,-2.0199487999707,-1.47501954977329,-0.723298268187587,0.243271122663727,3.7701931545031,TRUE,NA
"u",0.63,-2.02153121054959,-1.47094898010943,-0.715192985991899,0.243901104624976,3.77158843522609,TRUE,NA
"u",0.64,-2.02311327974174,-1.46690238083795,-0.707161654784294,0.244532774298635,3.77298734266736,TRUE,NA
"u",0.65,-2.02469500086345,-1.46287921731232,-0.69920251099856,0.245166134644162,3.7743898465214,TRUE,NA
"u",0.66,-2.02627636747241,-1.45887897657398,-0.691313859807238,0.245801189678942,3.77579591737725,TRUE,NA
"u",0.67,-2.02785737336105,-1.45490116618043,-0.683494071451507,0.246437944481439,3.7772055266948,TRUE,NA
"u",0.68,-2.02943801255041,-1.45094531311274,-0.675741577820103,0.247076405195054,3.77861864678456,TRUE,NA
"u",0.69,-2.03101827928425,-1.44701096275582,-0.6680548692557,0.247716579032701,3.78003525078681,TRUE,NA
"u",0.7,-2.03259816802365,-1.4430976779457,-0.660432491571908,0.248358474282113,3.78145531265314,TRUE,NA
"u",0.71,-2.03417767344186,-1.43920503807872,-0.652873043263251,0.24900210031172,3.78287880712936,TRUE,NA
"u",0.72,-2.0357567904194,-1.43533263827754,-0.645375172893308,0.249647467577071,3.78430570973865,TRUE,NA
"u",0.73,-2.03733551403956,-1.43148008861,-0.637937576647717,0.250294587627821,3.78573599676686,TRUE,NA
"u",0.74,-2.03891383958406,-1.42764701335644,-0.630558996038739,0.250943473115155,3.78716964524739,TRUE,NA
"u",0.75,-2.04049176252905,-1.4238330503222,-0.623238215751126,0.25159413779969,3.78860663294888,TRUE,NA
"u",0.76,-2.04206927854129,-1.42003785019189,-0.615974061617922,0.252246596559698,3.7900469383621,TRUE,NA
"u",0.77,-2.04364638347455,-1.41626107592228,-0.608765398717025,0.252900865399729,3.79149054068859,TRUE,NA
"u",0.78,-2.04522307336625,-1.41250240217118,-0.601611129580112,0.25355696145954,3.79293741982968,TRUE,NA
"u",0.79,-2.04679934443428,-1.40876151475986,-0.594510192505747,0.254214903023227,3.79438755637665,TRUE,NA
"u",0.8,-2.048375193074,-1.40503811016634,-0.587461559969193,0.254874709528675,3.79584093160095,TRUE,NA
"u",0.81,-2.04995061585544,-1.40133189504782,-0.580464237122639,0.255536401577108,3.79729752744607,TRUE,NA
"u",0.82,-2.05152560952058,-1.39764258578998,-0.573517260379159,0.25620000094281,3.79875732651881,TRUE,NA
"u",0.83,-2.05310017098093,-1.3939699080815,-0.566619696075388,0.25686553058298,3.80022031208194,TRUE,NA
"u",0.84,-2.0546742973151,-1.39031359651203,-0.559770639207048,0.25753301464761,3.80168646804729,TRUE,NA
"u",0.85,-2.05624798576663,-1.38667339419216,-0.552969212232961,0.258202478489387,3.80315577896929,TRUE,NA
"u",0.86,-2.05782123374184,-1.38304905239386,-0.546214563942799,0.258873948673617,3.80462823003879,TRUE,NA
"u",0.87,-2.05939403880793,-1.3794403302102,-0.539505868384876,0.259547452988055,3.80610380707762,TRUE,NA
"u",0.88,-2.06096639869103,-1.375846994233,-0.532842323849345,0.260223020452591,3.80758249653345,TRUE,NA
"u",0.89,-2.06253831127452,-1.37226881824736,-0.526223151904584,0.260900681328903,3.80906428547513,TRUE,NA
"u",0.9,-2.06410977459733,-1.36870558294205,-0.519647596482123,0.261580467129815,3.81054916158826,TRUE,NA
"u",0.91,-2.0656807868524,-1.36515707563462,-0.513114923008076,0.262262410628481,3.81203711317118,TRUE,NA
"u",0.92,-2.06725134638514,-1.36162309001061,-0.506624417577185,0.26294654586555,3.81352812913121,TRUE,NA
"u",0.93,-2.06882145169225,-1.35810342587589,-0.50017538617095,0.26363290816466,3.8150221989821,TRUE,NA
"u",0.94,-2.07039110142009,-1.35459788892099,-0.493767153907305,0.264321534130146,3.8165193128395,TRUE,NA
"u",0.95,-2.07196029436361,-1.35110629049738,-0.487399064333203,0.265012461661881,3.81801946141933,TRUE,NA
"u",0.96,-2.07352902946518,-1.34762844740462,-0.481070478747739,0.265705729960807,3.81952263603478,TRUE,NA
"u",0.97,-2.07509730581341,-1.34416418168758,-0.474780775557928,0.266401379535744,3.82102882859401,TRUE,NA
"u",0.98,-2.07666512264208,-1.34071332044366,-0.468529349664683,0.267099452209614,3.82253803159794,TRUE,NA
"u",0.99,-2.07823247932917,-1.33727569563889,-0.462315611877249,0.267799991125059,3.82405023813854,TRUE,NA
"u",1,-2.07979937539582,-1.33385114393283,-0.456138988354629,0.268503040749402,3.82556544189676,TRUE,NA
"u",1.01,-2.08136581050548,-1.33043950651156,-0.44999892007214,0.269208646878891,3.82708363714097,TRUE,NA
"u",1.02,-2.08293178446291,-1.32704062892839,-0.443894862312248,0.269916856642123,3.82860481872565,TRUE,NA
"u",1.03,-2.08449729721342,-1.32365436095185,-0.437826284177949,0.270627718502713,3.83012898208982,TRUE,NA
"u",1.04,-2.08606234884195,-1.32028055642052,-0.431792668127587,0.271341282261001,3.83165612325581,TRUE,NA
"u",1.05,-2.08762693957233,-1.31691907310445,-0.425793509530082,0.27205759905489,3.83318623882791,TRUE,NA
"u",1.06,-2.08919106976642,-1.31356977257271,-0.419828316239394,0.272776721359636,3.83471932599154,TRUE,NA
"u",1.07,-2.09075473992339,-1.31023252006671,-0.413896608187119,0.273498702986612,3.83625538251186,TRUE,NA
"u",1.08,-2.09231795067891,-1.3069071843792,-0.40799791699257,0.27422359908094,3.83779440673292,TRUE,NA
"u",1.09,-2.0938807028044,-1.30359363773833,-0.402131785588949,0.274951466117963,3.83933639757639,TRUE,NA
"u",1.1,-2.09544299720633,-1.30029175569684,-0.396297767865553,0.275682361898506,3.84088135454075,TRUE,NA
"u",1.11,-2.09700483492538,-1.29700141702581,-0.390495428324143,0.276416345542813,3.84242927770012,TRUE,NA
"u",1.12,-2.09856621713575,-1.29372250361306,-0.384724341749989,0.277153477483171,3.84398016770316,TRUE,NA
"u",1.13,-2.10012714514436,-1.29045490036558,-0.37898409289573,0.277893819455101,3.84553402577185,TRUE,NA
"u",1.14,-2.10168762039007,-1.28719849511613,-0.373274276177997,0.278637434487085,3.84709085370055,TRUE,NA
"u",1.15,-2.10324764444293,-1.28395317853366,-0.367594495386549,0.279384386888826,3.84865065385443,TRUE,NA
"u",1.16,-2.10480721900332,-1.28071884403725,-0.36194436340418,0.280134742237858,3.85021342916824,TRUE,NA
"u",1.17,-2.10636634590116,-1.2774953877136,-0.356323501937996,0.280888567364555,3.85177918314472,TRUE,NA
"u",1.18,-2.10792502709501,-1.27428270823777,-0.350731541260878,0.281645930335431,3.85334791985313,TRUE,NA
"u",1.19,-2.1094832646712,-1.27108070679706,-0.345168119963017,0.282406900434711,3.8549196439275,TRUE,NA
"u",1.2,-2.11104106084295,-1.26788928701771,-0.339632884712606,0.283171548144104,3.85649436056457,TRUE,NA
"u",1.21,-2.11259841794936,-1.26470835489462,-0.334125490025674,0.283939945120699,3.85807207552179,TRUE,NA
"u",1.22,-2.11415533845442,-1.26153781872358,-0.328645598044493,0.28471216417297,3.85965279511502,TRUE,NA
"u",1.23,-2.11571182494602,-1.25837758903617,-0.323192878324072,0.285488279234844,3.86123652621613,TRUE,NA
"u",1.24,-2.11726788013482,-1.25522757853697,-0.31776700762645,0.286268365337749,3.86282327625031,TRUE,NA
"u",1.25,-2.11882350685314,-1.2520877020431,-0.312367669722407,0.287052498580656,3.86441305319314,TRUE,NA
"u",1.26,-2.12037870805376,-1.24895787642601,-0.306994555200263,0.28784075609799,3.86600586556742,TRUE,NA
"u",1.27,-2.12193348680868,-1.24583802055531,-0.301647361281437,0.288633216025473,3.86760172243975,TRUE,NA
"u",1.28,-2.12348784630787,-1.24272805524453,-0.296325791642544,0.289429957463816,3.86920063341691,TRUE,NA
"u",1.29,-2.12504178985782,-1.23962790319887,-0.291029556243461,0.290231060440168,3.87080260864182,TRUE,NA
"u",1.3,-2.12659532088021,-1.2365374889646,-0.285758371161444,0.291036605867471,3.87240765878932,TRUE,NA
"u",1.31,-2.12814844291035,-1.23345673888038,-0.280511958430852,0.291846675501435,3.87401579506145,TRUE,NA
"u",1.32,-2.12970115959566,-1.23038558102995,-0.275290045888228,0.292661351895444,3.87562702918285,TRUE,NA
"u",1.33,-2.13125347469403,-1.22732394519655,-0.27009236702248,0.293480718353055,3.87724137339511,TRUE,NA
"u",1.34,-2.13280539207209,-1.2242717628187,-0.264918660830036,0.294304858878326,3.87885884045154,TRUE,NA
"u",1.35,-2.13435691570346,-1.22122896694747,-0.259768671674709,0.295133858123832,3.88047944361097,TRUE,NA
"u",1.36,-2.13590804966688,-1.21819549220497,-0.254642149151913,0.295967801336446,3.88210319663154,TRUE,NA
"u",1.37,-2.13745879814424,-1.21517127474421,-0.24953884795744,0.296806774300833,3.88373011376399,TRUE,NA
"u",1.38,-2.13900916541857,-1.21215625221003,-0.244458527760025,0.297650863280787,3.88536020974444,TRUE,NA
"u",1.39,-2.14055915587197,-1.20915036370135,-0.239400953078259,0.298500154958261,3.88699349978713,TRUE,NA
"u",1.4,-2.14210877398335,-1.20615354973431,-0.234365893160769,0.299354736370287,3.88862999957626,TRUE,NA
"u",1.41,-2.14365802432616,-1.20316575220656,-0.229353121870458,0.300214694843708,3.89026972525771,TRUE,NA
"u",1.42,-2.14520691156604,-1.20018691436253,-0.224362417571893,0.301080117927837,3.89191269343054,TRUE,NA
"u",1.43,-2.14675544045835,-1.19721698075957,-0.219393563022152,0.301951093325067,3.89355892113739,TRUE,NA
"u",1.44,-2.14830361584562,-1.19425589723503,-0.214446345264911,0.302827708819469,3.89520842585524,TRUE,NA
"u",1.45,-2.14985144265485,-1.1913036108741,-0.209520555527204,0.303710052203481,3.89686122548505,TRUE,NA
"u",1.46,-2.15139892589487,-1.18836006997862,-0.204615989119633,0.304598211202746,3.89851733834154,TRUE,NA
"u",1.47,-2.15294607065342,-1.18542522403642,-0.19973244533884,0.305492273399177,3.900176783142,TRUE,NA
"u",1.48,-2.15449288209428,-1.18249902369156,-0.194869727372996,0.306392326152338,3.90183957899494,TRUE,NA
"u",1.49,-2.15603936545425,-1.17958142071517,-0.190027642209791,0.307298456519274,3.90350574538835,TRUE,NA
"u",1.5,-2.15758552604002,-1.176672367977,-0.185206000546621,0.308210751172784,3.9051753021774,TRUE,NA
"u",1.51,-2.15913136922502,-1.1737718194175,-0.180404616703627,0.309129296318454,3.90684826957154,TRUE,NA
"u",1.52,-2.16067690044606,-1.17087973002058,-0.17562330853842,0.310054177610315,3.90852466812121,TRUE,NA
"u",1.53,-2.16222212520006,-1.1679960557869,-0.170861897363525,0.310985480065488,3.91020451870466,TRUE,NA
"u",1.54,-2.16376704904049,-1.16512075370761,-0.166120207865425,0.311923287977804,3.91188784251341,TRUE,NA
"u",1.55,-2.16531167757388,-1.16225378173881,-0.161398068025973,0.312867684830561,3.9135746610378,TRUE,NA
"u",1.56,-2.1668560164562,-1.15939509877622,-0.156695309045514,0.313818753208616,3.91526499605237,TRUE,NA
"u",1.57,-2.16840007138908,-1.15654466463059,-0.152011765268025,0.314776574709909,3.91695886960011,TRUE,NA
"u",1.58,-2.16994384811613,-1.15370244000325,-0.147347274107765,0.315741229856643,3.91865630397692,TRUE,NA
"u",1.59,-2.17148735241897,-1.15086838646244,-0.142701675978008,0.316712798006195,3.92035732171548,TRUE,NA
"u",1.6,-2.17303059011337,-1.14804246641965,-0.1380748142211,0.317691357262035,3.92206194556838,TRUE,NA
"u",1.61,-2.17457356704523,-1.14522464310669,-0.133466535040267,0.318676984384761,3.9237701984917,TRUE,NA
"u",1.62,-2.17611628908646,-1.14241488055294,-0.12887668743292,0.319669754703372,3.92548210362728,TRUE,NA
"u",1.63,-2.1776587621309,-1.13961314356299,-0.12430512312547,0.320669742027155,3.92719768428542,TRUE,NA
"u",1.64,-2.17920099209014,-1.13681939769464,-0.119751696509433,0.321677018558136,3.92891696392655,TRUE,NA
"u",1.65,-2.18074298488922,-1.13403360923723,-0.115216264579148,0.322691654804477,3.93063996614342,TRUE,NA
"u",1.66,-2.18228474646239,-1.13125574519032,-0.110698686870632,0.323713719494818,3.93236671464225,TRUE,NA
"u",1.67,-2.18382628274872,-1.12848577324264,-0.10619882540173,0.324743279493916,3.93409723322397,TRUE,NA
"u",1.68,-2.1853675996878,-1.1257236617513,-0.10171654461361,0.325780399719774,3.9358315457651,TRUE,NA
"u",1.69,-2.18690870321525,-1.12296937972146,-0.0972517113135558,0.32682514306221,3.93756967619853,TRUE,NA
"u",1.7,-2.18844959925834,-1.12022289678604,-0.0928041946185034,0.327877570303452,3.93931164849391,TRUE,NA
"u",1.71,-2.1899902937315,-1.11748418318599,-0.0883738659003115,0.328937740040436,3.94105748663814,TRUE,NA
"u",1.72,-2.19153079253184,-1.11475320975062,-0.0839605987316745,0.330005708609523,3.94280721461519,TRUE,NA
"u",1.73,-2.19307110153467,-1.11202994787828,-0.0795642688333409,0.331081530013449,3.94456085638642,TRUE,NA
"u",1.74,-2.19461122658899,-1.10931436951739,-0.0751847540223354,0.332165255850777,3.94631843587038,TRUE,NA
"u",1.75,-2.19615117351301,-1.10660644714756,-0.070821934161148,0.333256935248009,3.94807997692252,TRUE,NA
"u",1.76,-2.19769094808965,-1.10390615376114,-0.0664756911080056,0.334356614794639,3.94984550331517,TRUE,NA
"u",1.77,-2.19923055606206,-1.10121346284499,-0.0621459086681193,0.33546433848108,3.95161503871699,TRUE,NA
"u",1.78,-2.20077000312915,-1.09852834836244,-0.0578324725457056,0.336580147639898,3.95338860667303,TRUE,NA
"u",1.79,-2.20230929494117,-1.09585078473562,-0.0535352702972891,0.337704080890154,3.95516623058423,TRUE,NA
"u",1.8,-2.20384843709533,-1.093180746828,-0.0492541912856448,0.338836174085227,3.95694793368748,TRUE,NA
"u",1.81,-2.20538743513136,-1.09051820992719,-0.0449891266346045,0.339976460264187,3.95873373903525,TRUE,NA
"u",1.82,-2.20692629452728,-1.08786314972805,-0.0407399691850967,0.341124969606954,3.9605236694759,TRUE,NA
"u",1.83,-2.20846502069506,-1.08521554231598,-0.0365066134516148,0.342281729392896,3.96231774763364,TRUE,NA
"u",1.84,-2.21000361897645,-1.08257536415063,-0.0322889555799117,0.343446763963563,3.96411599588895,TRUE,NA
"u",1.85,-2.21154209463876,-1.07994259204973,-0.02808689330531,0.344620094689229,3.96591843635917,TRUE,NA
"u",1.86,-2.21308045287086,-1.07731720317328,-0.0239003259118513,0.345801739939285,3.96772509087911,TRUE,NA
"u",1.87,-2.21461869877913,-1.07469917500804,-0.0197291541925133,0.346991715057163,3.96953598098216,TRUE,NA
"u",1.88,-2.2161568373835,-1.0720884853522,-0.0155732804098925,0.348190032338658,3.97135112788167,TRUE,NA
"u",1.89,-2.21769487361366,-1.06948511230046,-0.0114326082578975,0.349396701015024,3.9731705524523,TRUE,NA
"u",1.9,-2.21923281230525,-1.06688903422932,-0.00730704282428074,0.35061172723982,3.97499427521232,TRUE,NA
"u",1.91,-2.22077065819625,-1.06430022978267,-0.00319649055371585,0.351835114080115,3.97682231630545,TRUE,NA
"u",1.92,-2.22230841592341,-1.06171867785772,0.000899140788045427,0.353066861511796,3.97865469548406,TRUE,NA
"u",1.93,-2.22384609001876,-1.05914435759116,0.00497994214954423,0.354306966418981,3.98049143209177,TRUE,NA
"u",1.94,-2.22538368490633,-1.05657724834574,0.00904600322789495,0.35555542259771,3.98233254504734,TRUE,NA
"u",1.95,-2.22692120489886,-1.05401732969697,0.0130974125027372,0.356812220763454,3.98417805282831,TRUE,NA
"u",1.96,-2.22845865419477,-1.05146458142032,0.0171342572689703,0.358077348563088,3.98602797345565,TRUE,NA
"u",1.97,-2.22999603687509,-1.04891898347861,0.021156623669101,0.359350790590375,3.98788232447867,TRUE,NA
"u",1.98,-2.23153335690066,-1.04638051600981,0.0251645967246124,0.360632528405555,3.98974112296044,TRUE,NA
"u",1.99,-2.23307061810938,-1.04384915931502,0.0291582603669003,0.361922540559101,3.99160438546351,TRUE,NA
"u",2,-2.23460782421361,-1.04132489384688,0.0331376974671298,0.363220802618511,3.99347212803681,TRUE,NA
"u",2.01,-2.23614497879771,-1.03880770019835,0.0371029898655995,0.364527287199299,3.99534436620239,TRUE,NA
"u",2.02,-2.23768208531574,-1.03629755909162,0.0410542184003451,0.365841963999646,3.99722111494315,TRUE,NA
"u",2.03,-2.23921914708922,-1.03379445136751,0.0449914629351003,0.36716479983771,3.99910238869111,TRUE,NA
"u",2.04,-2.24075616730512,-1.03129835797519,0.0489148023863593,0.368495758692911,4.00098820131612,TRUE,NA
"u",2.05,-2.24229314901398,-1.02880925996212,0.0528243147499752,0.369834801750554,4.00287856611523,TRUE,NA
"u",2.06,-2.24383009512814,-1.0263271384644,0.0567200771270653,0.37118188743515,4.00477349580269,TRUE,NA
"u",2.07,-2.24536700841997,-1.0238519746975,0.0606021657487679,0.372536971513957,4.00667300250085,TRUE,NA
"u",2.08,-2.24690389152072,-1.02138374994711,0.0644706560012185,0.373900007071303,4.00857709773097,TRUE,NA
"u",2.09,-2.24844074691892,-1.01892244556059,0.0683256224490498,0.375270944615856,4.0104857924053,TRUE,NA
"u",2.1,-2.24997757695933,-1.01646804293853,0.0721671388585776,0.376649732125844,4.01239909681975,TRUE,NA
"u",2.11,-2.25151438384183,-1.01402052352673,0.0759952782203717,0.378036315109363,4.01431702064664,TRUE,NA
"u",2.12,-2.2530511696206,-1.01157986880855,0.0798101127709669,0.379430636666684,4.01623957292878,TRUE,NA
"u",2.13,-2.25458793620333,-1.00914606029739,0.0836117140142785,0.380832637554725,4.0181667620736,TRUE,NA
"u",2.14,-2.25612468535062,-1.00671907952977,0.0874001527419905,0.382242256253145,4.02009859584843,TRUE,NA
"u",2.15,-2.25766141867552,-1.00429890805847,0.0911754990536842,0.383659429032174,4.02203508137594,TRUE,NA
"u",2.16,-2.25919813764317,-1.00188552744615,0.0949378223761193,0.385084090021895,4.02397622513039,TRUE,NA
"u",2.17,-2.26073484357069,-0.99947891925919,0.0986871914819996,0.386516171282867,4.0259220329346,TRUE,NA
"u",2.18,-2.26227153762703,-0.997079065061877,0.102423674508254,0.38795560287785,4.02787250995735,TRUE,NA
"u",2.19,-2.2638082208331,-0.994685946410906,0.106147338973446,0.389402312944567,4.02982766071151,TRUE,NA
"u",2.2,-2.26534489406195,-0.992299544850119,0.109858251794998,0.390856227769309,4.03178748905257,TRUE,NA
"u",2.21,-2.26688155803914,-0.989919841905623,0.113556479305447,0.39231727186123,4.03375199817798,TRUE,NA
"u",2.22,-2.26841821334317,-0.987546819081111,0.117242087268553,0.393785368027132,4.03572119062702,TRUE,NA
"u",2.23,-2.26995486040603,-0.985180457853558,0.120915140894536,0.395260437446666,4.03769506828096,TRUE,NA
"u",2.24,-2.27149149951396,-0.982820739669107,0.124575704854952,0.396742399747809,4.03967363236415,TRUE,NA
"u",2.25,-2.27302813080822,-0.980467645939312,0.128223843296979,0.398231173082415,4.04165688344552,TRUE,NA
"u",2.26,-2.27456475428599,-0.978121158037536,0.131859619857362,0.399726674201745,4.04364482144015,TRUE,NA
"u",2.27,-2.27610136980148,-0.97578125729578,0.135483097675474,0.401228818531814,4.04563744561218,TRUE,NA
"u",2.28,-2.27763797706696,-0.973447925001606,0.139094339406373,0.402737520248503,4.04763475457767,TRUE,NA
"u",2.29,-2.27917457565407,-0.971121142395401,0.142693407233015,0.40425269235224,4.04963674630791,TRUE,NA
"u",2.3,-2.28071116499511,-0.968800890667834,0.146280362878179,0.405774246742188,4.05164341813334,TRUE,NA
"u",2.31,-2.28224774438446,-0.966487150957613,0.149855267615905,0.407302094289766,4.05365476674795,TRUE,NA
"u",2.32,-2.28378431298012,-0.964179904349409,0.153418182282401,0.408836144911499,4.0556707882141,TRUE,NA
"u",2.33,-2.28532086980529,-0.961879131872045,0.156969167286694,0.410376307640985,4.05769147796762,TRUE,NA
"u",2.34,-2.28685741375,-0.959584814496874,0.160508282620689,0.411922490700016,4.05971683082334,TRUE,NA
"u",2.35,-2.28839394357294,-0.957296933136419,0.164035587868907,0.413474601568621,4.06174684098126,TRUE,NA
"u",2.36,-2.2899304579032,-0.955015468643124,0.167551142217855,0.415032547054106,4.06378150203275,TRUE,NA
"u",2.37,-2.29146695524223,-0.952740401808376,0.171055004464928,0.416596233358892,4.06582080696707,TRUE,NA
"u",2.38,-2.29300343396575,-0.950471713361758,0.174547233026875,0.418165566147103,4.06786474817874,TRUE,NA
"u",2.39,-2.29453989232578,-0.94820938397033,0.178027885948207,0.419740450609974,4.06991331747439,TRUE,NA
"u",2.4,-2.29607632845272,-0.945953394238252,0.181497020908858,0.421320791529796,4.07196650608091,TRUE,NA
"u",2.41,-2.29761274035744,-0.943703724706475,0.184954695231803,0.422906493342538,4.07402430465281,TRUE,NA
"u",2.42,-2.2991491259335,-0.94146035585263,0.188400965890167,0.424497460199015,4.07608670328078,TRUE,NA
"u",2.43,-2.30068548295934,-0.939223268091092,0.191835889514081,0.426093596024552,4.07815369149982,TRUE,NA
"u",2.44,-2.30222180910052,-0.936992441773121,0.195259522397306,0.427694804577181,4.08022525829806,TRUE,NA
"u",2.45,-2.30375810191204,-0.934767857187238,0.198671920503377,0.42930098950421,4.08230139212537,TRUE,NA
"u",2.46,-2.30529435884069,-0.932549494559688,0.202073139471607,0.430912054397296,4.08438208090271,TRUE,NA
"u",2.47,-2.30683057722734,-0.930337334055007,0.205463234622785,0.432527902845876,4.08646731203111,TRUE,NA
"u",2.48,-2.3083667543094,-0.928131355776739,0.208842260964583,0.43414843848902,4.08855707240095,TRUE,NA
"u",2.49,-2.30990288722318,-0.925931539768342,0.212210273196657,0.435773565065561,4.09065134840199,TRUE,NA
"u",2.5,-2.31143897300633,-0.923737866014069,0.215567325715595,0.437403186462709,4.09275012593251,TRUE,NA
"u",2.51,-2.31297500860029,-0.921550314440007,0.218913472619638,0.439037206762979,4.09485339040948,TRUE,NA
"u",2.52,-2.31451099085274,-0.919368864915283,0.222248767713046,0.440675530289419,4.09696112677815,TRUE,NA
"u",2.53,-2.3160469165201,-0.917193497253243,0.225573264510329,0.442318061649281,4.09907331952226,TRUE,NA
"u",2.54,-2.31758278226996,-0.915024191212855,0.228887016240253,0.443964705775958,4.1011899526742,TRUE,NA
"u",2.55,-2.31911858468359,-0.912860926500044,0.232190075849694,0.445615367969388,4.10331100982483,TRUE,NA
"u",2.56,-2.32065432025843,-0.910703682769219,0.235482496007187,0.447269953934772,4.10543647413413,TRUE,NA
"u",2.57,-2.32218998541055,-0.908552439624814,0.238764329106444,0.448928369819708,4.10756632834103,TRUE,NA
"u",2.58,-2.32372557647715,-0.906407176622925,0.242035627269463,0.450590522249707,4.10970055477407,TRUE,NA
"u",2.59,-2.32526108971903,-0.904267873272971,0.245296442349729,0.452256318362188,4.11183913536132,TRUE,NA
"u",2.6,-2.32679652132306,-0.902134509039445,0.248546825935126,0.453925665838868,4.11398205164109,TRUE,NA
"u",2.61,-2.32833186740464,-0.900007063343681,0.251786829350661,0.455598472936658,4.11612928477197,TRUE,NA
"u",2.62,-2.32986712401014,-0.897885515565734,0.255016503661097,0.457274648516989,4.11828081554327,TRUE,NA
"u",2.63,-2.33140228711934,-0.895769845046224,0.258235899673402,0.458954102073742,4.12043662438528,TRUE,NA
"u",2.64,-2.33293735264784,-0.893660031088229,0.261445067939211,0.460636743759683,4.12259669137952,TRUE,NA
"u",2.65,-2.33447231644948,-0.891556052959274,0.264644058756935,0.462322484411446,4.12476099626896,TRUE,NA
"u",2.66,-2.33600717431868,-0.889457889893329,0.267832922173839,0.464011235573103,4.12692951846834,TRUE,NA
"u",2.67,-2.33754192199286,-0.887365521092709,0.271011707988193,0.465702909518514,4.12910223707406,TRUE,NA
"u",2.68,-2.3390765551547,-0.885278925730229,0.274180465751014,0.467397419272106,4.13127913087441,TRUE,NA
"u",2.69,-2.34061106943454,-0.883198082951161,0.277339244767858,0.469094678628549,4.13346017835952,TRUE,NA
"u",2.7,-2.3421454604126,-0.881122971875346,0.280488094100574,0.470794602171032,4.13564535773134,TRUE,NA
"u",2.71,-2.34367972362127,-0.879053571599235,0.283627062568838,0.47249710528839,4.13783464691349,TRUE,NA
"u",2.72,-2.34521385454736,-0.876989861197986,0.286756198751683,0.47420210419095,4.14002802356086,TRUE,NA
"u",2.73,-2.34674784863426,-0.874931819727557,0.289875550988938,0.475909515925264,4.14222546506953,TRUE,NA
"u",2.74,-2.34828170128419,-0.872879426226794,0.292985167382555,0.477619258387664,4.14442694858619,TRUE,NA
"u",2.75,-2.34981540786028,-0.870832659719531,0.296085095797882,0.479331250336722,4.14663245101756,TRUE,NA
"u",2.76,-2.3513489636887,-0.868791499216657,0.299175383864982,0.481045411404691,4.14884194903994,TRUE,NA
"u",2.77,-2.35288236406079,-0.866755923718271,0.302256078979589,0.482761662107781,4.15105541910827,TRUE,NA
"u",2.78,-2.35441560423504,-0.864725912215677,0.305327228304421,0.484479923855617,4.15327283746548,TRUE,NA
"u",2.79,-2.35594867943918,-0.862701443693528,0.308388878770068,0.486200118959563,4.15549418015121,TRUE,NA
"u",2.8,-2.35748158487209,-0.860682497131867,0.311441077076024,0.487922170640194,4.15771942301104,TRUE,NA
"u",2.81,-2.35901431570583,-0.858669051508177,0.31448386969163,0.489646003033859,4.15994854170508,TRUE,NA
"u",2.82,-2.36054686708748,-0.856661085799399,0.317517302857062,0.491371541198409,4.16218151171654,TRUE,NA
"u",2.83,-2.36207923414108,-0.854658578984029,0.320541422583973,0.493098711117936,4.16441830836055,TRUE,NA
"u",2.84,-2.36361141196944,-0.852661510044016,0.323556274656562,0.494827439706964,4.1666589067922,TRUE,NA
"u",2.85,-2.36514339565596,-0.850669857966863,0.326561904632164,0.496557654813603,4.168903282015,TRUE,NA
"u",2.86,-2.36667518026639,-0.848683601747495,0.329558357842144,0.498289285222178,4.17115140888896,TRUE,NA
"u",2.87,-2.36820676085061,-0.846702720390257,0.332545679392532,0.500022260655,4.17340326213854,TRUE,NA
"u",2.88,-2.36973813244428,-0.844727192910853,0.33552391416476,0.501756511773514,4.17565881636048,TRUE,NA
"u",2.89,-2.37126929007054,-0.842756998338201,0.338493106816312,0.503491970178802,4.17791804603162,TRUE,NA
"u",2.9,-2.37280022874161,-0.840792115716319,0.341453301781449,0.505228568411483,4.18018092551622,TRUE,NA
"u",2.91,-2.37433094346042,-0.838832524106208,0.344404543271754,0.506966239950931,4.18244742907362,TRUE,NA
"u",2.92,-2.37586142922214,-0.836878202587631,0.347346875276793,0.508704919214019,4.18471753086542,TRUE,NA
"u",2.93,-2.3773916810157,-0.834929130260941,0.350280341564704,0.510444541553275,4.18699120496266,TRUE,NA
"u",2.94,-2.37892169382531,-0.832985286248822,0.353204985682803,0.512185043254553,4.18926842535265,TRUE,NA
"u",2.95,-2.38045146263185,-0.831046649698049,0.356120850958132,0.513926361534172,4.19154916594611,TRUE,NA
"u",2.96,-2.38198098241435,-0.829113199781198,0.359027980498066,0.515668434535625,4.19383340058362,TRUE,NA
"u",2.97,-2.38351024815131,-0.827184915698303,0.361926417190781,0.517411201325838,4.19612110304231,TRUE,NA
"u",2.98,-2.3850392548221,-0.825261776678535,0.364816203705934,0.51915460189102,4.19841224704237,TRUE,NA
"u",2.99,-2.38656799740821,-0.823343761981789,0.367697382495091,0.5208985771321,4.20070680625303,TRUE,NA
"u",3,-2.38809647089458,-0.821430850900315,0.370569995792306,0.522643068859785,4.20300475429915,TRUE,NA
"u",3.01,-2.38962467027081,-0.819523022760234,0.37343408561462,0.524388019789302,4.20530606476687,TRUE,NA
"u",3.02,-2.39115259053236,-0.817620256923081,0.376289693762746,0.526133373534819,4.20761071120964,TRUE,NA
"u",3.03,-2.39268022668176,-0.81572253278729,0.379136861821359,0.527879074603462,4.2099186671539,TRUE,NA
"u",3.04,-2.39420757372971,-0.813829829789679,0.381975631159813,0.529625068389139,4.21222990610471,TRUE,NA
"u",3.05,-2.39573462669622,-0.811942127406861,0.384806042932562,0.531371301166041,4.21454440155123,TRUE,NA
"u",3.06,-2.39726138061165,-0.810059405156641,0.387628138079758,0.533117720081911,4.21686212697209,TRUE,NA
"u",3.07,-2.3987878305178,-0.808181642599382,0.39044195732777,0.534864273151079,4.21918305584027,TRUE,NA
"u",3.08,-2.40031397146889,-0.806308819339347,0.393247541189684,0.536610909247217,4.22150716162874,TRUE,NA
"u",3.09,-2.40183979853254,-0.80444091502601,0.396044929965858,0.538357578095958,4.22383441781481,TRUE,NA
"u",3.1,-2.40336530679074,-0.802577909355294,0.39883416374453,0.540104230267333,4.22616479788534,TRUE,NA
"u",3.11,-2.40489049134076,-0.800719782070831,0.401615282402229,0.541850817167918,4.22849827534119,TRUE,NA
"u",3.12,-2.40641534729605,-0.798866512965179,0.404388325604437,0.543597291032961,4.23083482370194,TRUE,NA
"u",3.13,-2.40793986978707,-0.797018081880984,0.407153332806122,0.545343604918276,4.23317441651022,TRUE,NA
"u",3.14,-2.4094640539622,-0.795174468712097,0.409910343252315,0.547089712692071,4.23551702733596,TRUE,NA
"u",3.15,-2.41098789498844,-0.793335653404749,0.412659395978593,0.548835569026515,4.23786262978076,TRUE,NA
"u",3.16,-2.41251138805227,-0.791501615958579,0.415400529811773,0.550581129389377,4.24021119748188,TRUE,NA
"u",3.17,-2.41403452836038,-0.789672336427712,0.418133783370394,0.552326350035428,4.24256270411613,TRUE,NA
"u",3.18,-2.41555731114037,-0.787847794921753,0.420859195065407,0.55407118799786,4.24491712340371,TRUE,NA
"u",3.19,-2.41707973164149,-0.786027971606834,0.423576803100617,0.555815601079471,4.24727442911211,TRUE,NA
"u",3.2,-2.41860178513526,-0.784212846706476,0.426286645473559,0.557559547844065,4.24963459505946,TRUE,NA
"u",3.21,-2.42012346691616,-0.782402400502652,0.428988759975763,0.559302987607396,4.25199759511831,TRUE,NA
"u",3.22,-2.42164477230226,-0.780596613336566,0.431683184193617,0.56104588042845,4.25436340321884,TRUE,NA
"u",3.23,-2.42316569663574,-0.778795465609606,0.43436995550892,0.562788187100448,4.25673199335221,TRUE,NA
"u",3.24,-2.42468623528359,-0.77699893778415,0.437049111099494,0.564529869141901,4.2591033395737,TRUE,NA
"u",3.25,-2.42620638363804,-0.775207010384411,0.439720687939914,0.566270888787673,4.26147741600596,TRUE,NA
"u",3.26,-2.42772613711715,-0.773419663997188,0.442384722802037,0.568011208979924,4.26385419684177,TRUE,NA
"u",3.27,-2.42924549116534,-0.771636879272675,0.445041252255733,0.569750793359143,4.26623365634713,TRUE,NA
"u",3.28,-2.4307644412538,-0.769858636925151,0.447690312669543,0.571489606255147,4.26861576886389,TRUE,NA
"u",3.29,-2.43228298288101,-0.768084917733721,0.450331940211379,0.573227612678088,4.27100050881258,TRUE,NA
"u",3.3,-2.43380111157318,-0.766315702542994,0.452966170849112,0.574964778309417,4.27338785069487,TRUE,NA
"u",3.31,-2.43531882288466,-0.764550972263707,0.455593040351373,0.576701069492977,4.27577776909629,TRUE,NA
"u",3.32,-2.43683611239831,-0.762790707873426,0.458212584288174,0.578436453225997,4.27817023868852,TRUE,NA
"u",3.33,-2.43835297572595,-0.761034890417056,0.460824838031709,0.580170897150247,4.2805652342316,TRUE,NA
"u",3.34,-2.43986940850868,-0.759283501007524,0.463429836756909,0.581904369543034,4.2829627305765,TRUE,NA
"u",3.35,-2.44138540641722,-0.757536520826258,0.466027615442321,0.583636839308452,4.28536270266699,TRUE,NA
"u",3.36,-2.44290096515228,-0.755793931123756,0.468618208870775,0.585368275968533,4.28776512554194,TRUE,NA
"u",3.37,-2.44441608044481,-0.754055713220116,0.471201651630074,0.587098649654446,4.29016997433719,TRUE,NA
"u",3.38,-2.44593074805635,-0.752321848505467,0.473777978113823,0.58882793109783,4.2925772242875,TRUE,NA
"u",3.39,-2.44744496377928,-0.750592318440505,0.476347222522072,0.59055609162208,4.29498685072855,TRUE,NA
"u",3.4,-2.44895872343705,-0.748867104556877,0.478909418862223,0.592283103133783,4.29739882909843,TRUE,NA
"u",3.41,-2.45047202288449,-0.74714618845765,0.481464600949598,0.594008938114103,4.29981313493959,TRUE,NA
"u",3.42,-2.45198485800798,-0.745429551817659,0.484012802408445,0.595733569610392,4.30222974390044,TRUE,NA
"u",3.43,-2.45349722472571,-0.743717176383953,0.486554056672475,0.597456971227633,4.30464863173679,TRUE,NA
"u",3.44,-2.45500911898783,-0.742009043976113,0.489088396985797,0.599179117120169,4.30706977431338,TRUE,NA
"u",3.45,-2.45652053677666,-0.740305136486585,0.491615856403681,0.600899981983398,4.30949314760552,TRUE,NA
"u",3.46,-2.45803147410688,-0.738605435881043,0.494136467793279,0.602619541045512,4.31191872770003,TRUE,NA
"u",3.47,-2.45954192702564,-0.736909924198643,0.496650263834595,0.60433777005944,4.314346490797,TRUE,NA
"u",3.48,-2.46105189161274,-0.735218583552354,0.499157277021,0.606054645294613,4.31677641321068,TRUE,NA
"u",3.49,-2.46256136398077,-0.733531396129188,0.501657539660366,0.607770143529165,4.31920847137082,TRUE,NA
"u",3.5,-2.46407034027517,-0.731848344190452,0.504151083875683,0.609484242041875,4.32164264182379,TRUE,NA
"u",3.51,-2.46557881667441,-0.730169410071991,0.506637941605935,0.6111969186044,4.32407890123359,TRUE,NA
"u",3.52,-2.46708678939003,-0.728494576184397,0.509118144606912,0.612908151473465,4.32651722638278,TRUE,NA
"u",3.53,-2.46859425466675,-0.726823825013212,0.511591724452039,0.614617919383216,4.32895759417367,TRUE,NA
"u",3.54,-2.47010120878253,-0.725157139119079,0.514058712533267,0.616326201537658,4.33139998162893,TRUE,NA
"u",3.55,-2.47160764804866,-0.723494501137948,0.516519140061794,0.618032977603064,4.33384436589263,TRUE,NA
"u",3.56,-2.47311356880975,-0.721835893781185,0.518973038069022,0.619738227700632,4.33629072423093,TRUE,NA
"u",3.57,-2.47461896744385,-0.720181299835738,0.521420437407382,0.621441932399119,4.33873903403288,TRUE,NA
"u",3.58,-2.47612384036242,-0.718530702164238,0.52386136875108,0.62314407270753,4.3411892728111,TRUE,NA
"u",3.59,-2.47762818401037,-0.716884083705116,0.526295862597099,0.624844630068046,4.34364141820252,TRUE,NA
"u",3.6,-2.47913199486608,-0.715241427472667,0.528723949265966,0.626543586348877,4.34609544796864,TRUE,NA
"u",3.61,-2.4806352694414,-0.713602716557166,0.531145658902613,0.628240923837263,4.3485513399966,TRUE,NA
"u",3.62,-2.48213800428165,-0.711967934124889,0.533561021477271,0.629936625232608,4.35100907229929,TRUE,NA
"u",3.63,-2.48364019596559,-0.710337063418207,0.535970066786329,0.63163067363963,4.35346862301601,TRUE,NA
"u",3.64,-2.48514184110543,-0.708710087755583,0.538372824453159,0.633323052561605,4.3559299704129,TRUE,NA
"u",3.65,-2.48664293634677,-0.707086990531628,0.540769323929039,0.63501374589377,4.35839309288326,TRUE,NA
"u",3.66,-2.48814347836856,-0.705467755217098,0.543159594494,0.636702737916715,4.36085796894803,TRUE,NA
"u",3.67,-2.48964346388309,-0.703852365358884,0.545543665257732,0.638390013289953,4.36332457725581,TRUE,NA
"u",3.68,-2.49114288963592,-0.702240804580047,0.547921565160367,0.64007555704547,4.3657928965836,TRUE,NA
"u",3.69,-2.49264175240582,-0.700633056579752,0.550293322973438,0.641759354581463,4.36826290583677,TRUE,NA
"u",3.7,-2.4941400490047,-0.699029105133231,0.552658967300801,0.643441391656175,4.37073458404916,TRUE,NA
"u",3.71,-2.49563777627755,-0.697428934091803,0.555018526579334,0.645121654381625,4.37320791038358,TRUE,NA
"u",3.72,-2.49713493110239,-0.695832527382744,0.557372029080026,0.646800129217694,4.3756828641317,TRUE,NA
"u",3.73,-2.4986315103901,-0.694239869009286,0.559719502908714,0.648476802966109,4.37815942471435,TRUE,NA
"u",3.74,-2.50012751108446,-0.692650943050495,0.562060976007058,0.650151662764594,4.38063757168138,TRUE,NA
"u",3.75,-2.50162293016194,-0.69106573366123,0.564396476153311,0.651824696081002,4.38311728471198,TRUE,NA
"u",3.76,-2.50311776463165,-0.689484225072033,0.566726030963352,0.653495890707721,4.38559854361455,TRUE,NA
"u",3.77,-2.50461201153526,-0.687906401589023,0.569049667891438,0.655165234755964,4.38808132832669,TRUE,NA
"u",3.78,-2.50610566794684,-0.686332247593825,0.571367414231139,0.656832716650229,4.39056561891525,TRUE,NA
"u",3.79,-2.50759873097279,-0.684761747543392,0.573679297116231,0.658498325122878,4.39305139557634,TRUE,NA
"u",3.8,-2.50909119775169,-0.683194885969929,0.575985343521577,0.660162049208736,4.39553863863502,TRUE,NA
"u",3.81,-2.5105830654542,-0.681631647480757,0.578285580263983,0.661823878239764,4.39802732854544,TRUE,NA
"u",3.82,-2.51207433128293,-0.680072016758154,0.580580034003087,0.663483801839858,4.40051744589058,TRUE,NA
"u",3.83,-2.51356499247229,-0.678515978559205,0.582868731242302,0.665141809919737,4.40300897138222,TRUE,NA
"u",3.84,-2.51505504628837,-0.676963517715683,0.585151698329604,0.66679789267181,4.40550188586057,TRUE,NA
"u",3.85,-2.51654449002882,-0.675414619133865,0.587428961458448,0.668452040565202,4.4079961702944,TRUE,NA
"u",3.86,-2.51803332102267,-0.67386926779434,0.589700546668662,0.670104244340887,4.41049180578047,TRUE,NA
"u",3.87,-2.51952153663023,-0.672327448751872,0.591966479847361,0.671754495006839,4.41298877354355,TRUE,NA
"u",3.88,-2.52100913424289,-0.670789147135212,0.594226786729724,0.673402783833214,4.41548705493608,TRUE,NA
"u",3.89,-2.52249611128302,-0.669254348146906,0.596481492899945,0.675049102347703,4.41798663143796,TRUE,NA
"u",3.9,-2.52398246520378,-0.667723037063096,0.598730623792102,0.67669344233095,4.42048748465617,TRUE,NA
"u",3.91,-2.52546819348899,-0.666195199233331,0.600974204691012,0.678335795811948,4.42298959632455,TRUE,NA
"u",3.92,-2.52695329365293,-0.664670820080357,0.60321226073313,0.67997615506361,4.42549294830343,TRUE,NA
"u",3.93,-2.52843776324024,-0.663149885099934,0.605444816907325,0.681614512598309,4.42799752257933,TRUE,NA
"u",3.94,-2.5299215998257,-0.661632379860568,0.607671898055891,0.683250861163633,4.43050330126464,TRUE,NA
"u",3.95,-2.53140480101409,-0.660118290003355,0.609893528875334,0.684885193738088,4.4330102665972,TRUE,NA
"u",3.96,-2.53288736444002,-0.658607601241721,0.61210973391718,0.686517503526836,4.43551840093989,TRUE,NA
"u",3.97,-2.53436928776774,-0.657100299361194,0.614320537589005,0.688147783957712,4.43802768678036,TRUE,NA
"u",3.98,-2.535850568691,-0.655596370219178,0.616525964155136,0.689776028677058,4.44053810673048,TRUE,NA
"u",3.99,-2.53733120493285,-0.654095799744748,0.6187260377375,0.69140223154568,4.443049643526,TRUE,NA
"u",4,-2.53881119424549,-0.652598573938337,0.620920782316682,0.693026386635121,4.44556228002622,TRUE,NA
"u",4.01,-2.54029053441005,-0.651104678871563,0.623110221732518,0.694648488223566,4.44807599921326,TRUE,NA
"u",4.02,-2.54176922323644,-0.649614100686959,0.625294379685122,0.696268530792188,4.45059078419197,TRUE,NA
"u",4.03,-2.54324725856319,-0.64812682559769,0.627473279735634,0.697886509021329,4.45310661818917,TRUE,NA
"u",4.04,-2.54472463825721,-0.64664283988734,0.629646945307197,0.699502417786932,4.45562348455327,TRUE,NA
"u",4.05,-2.54620136021366,-0.645162129909646,0.63181539968562,0.701116252156771,4.4581413667539,TRUE,NA
"u",4.06,-2.54767742235575,-0.64368468208821,0.633978666020344,0.702728007386988,4.46066024838122,TRUE,NA
"u",4.07,-2.54915282263453,-0.642210482916263,0.636136767325256,0.704337678918594,4.46318011314559,TRUE,NA
"u",4.08,-2.55062755902876,-0.640739518956388,0.638289726479478,0.705945262373988,4.465700944877,TRUE,NA
"u",4.09,-2.55210162954465,-0.639271776840247,0.640437566228272,0.707550753553625,4.46822272752446,TRUE,NA
"u",4.1,-2.55357503221573,-0.637807243268317,0.642580309183757,0.709154148432604,4.47074544515555,TRUE,NA
"u",4.11,-2.55504776510264,-0.636345905009596,0.64471797782589,0.710755443157513,4.47326908195598,TRUE,NA
"u",4.12,-2.55651982629294,-0.634887748901359,0.646850594503141,0.712354634043112,4.47579362222887,TRUE,NA
"u",4.13,-2.55799121390092,-0.633432761848854,0.648978181433368,0.713951717569204,4.47831905039434,TRUE,NA
"u",4.14,-2.55946192606743,-0.631980930824996,0.65110076070471,0.715546690377585,4.48084535098881,TRUE,NA
"u",4.15,-2.56093196095964,-0.630532242870151,0.653218354276184,0.717139549268829,4.48337250866461,TRUE,NA
"u",4.16,-2.56240131677091,-0.629086685091796,0.655330983978764,0.718730291199478,4.48590050818929,TRUE,NA
"u",4.17,-2.56386999172054,-0.627644244664238,0.657438671515999,0.720318913278966,4.48842933444511,TRUE,NA
"u",4.18,-2.56533798405364,-0.626204908828335,0.659541438464867,0.721905412766723,4.49095897242837,TRUE,NA
"u",4.19,-2.56680529204088,-0.624768664891218,0.661639306276589,0.723489787069363,4.49348940724907,TRUE,NA
"u",4.2,-2.56827191397833,-0.623335500225965,0.663732296277413,0.725072033737838,4.49602062412991,TRUE,NA
"u",4.21,-2.56973784818727,-0.621905402271343,0.66582042966937,0.726652150464682,4.49855260840611,TRUE,NA
"u",4.22,-2.57120309301397,-0.620478358531477,0.667903727531145,0.728230135081349,4.5010853455246,TRUE,NA
"u",4.23,-2.57266764682953,-0.619054356575582,0.66998221081878,0.729805985555483,4.50361882104341,TRUE,NA
"u",4.24,-2.57413150802968,-0.617633384037655,0.672055900366477,0.731379699988328,4.5061530206312,TRUE,NA
"u",4.25,-2.57559467503458,-0.616215428616171,0.67412481688744,0.732951276612177,4.50868793006645,TRUE,NA
"u",4.26,-2.5770571462886,-0.614800478073811,0.676188980974493,0.734520713787748,4.51122353523715,TRUE,NA
"u",4.27,-2.5785189202602,-0.613388520237105,0.678248413101026,0.736088010001845,4.51375982213983,TRUE,NA
"u",4.28,-2.57997999544169,-0.611979542996187,0.680303133621635,0.737653163864758,4.51629677687929,TRUE,NA
"u",4.29,-2.58144037034902,-0.610573534304476,0.682353162772973,0.739216174108003,4.51883438566768,TRUE,NA
"u",4.3,-2.58290004352164,-0.609170482178353,0.6843985206744,0.740777039581822,4.52137263482412,TRUE,NA
"u",4.31,-2.58435901352228,-0.607770374696874,0.686439227328882,0.742335759253017,4.52391151077385,TRUE,NA
"u",4.32,-2.58581727893676,-0.606373200001477,0.688475302623571,0.743892332202504,4.52645100004792,TRUE,NA
"u",4.33,-2.58727483837381,-0.604978946295647,0.690506766330703,0.745446757623204,4.52899108928222,TRUE,NA
"u",4.34,-2.58873169046487,-0.603587601844649,0.692533638108255,0.746999034817785,4.53153176521711,TRUE,NA
"u",4.35,-2.59018783386392,-0.602199154975195,0.694555937500681,0.748549163196482,4.53407301469666,TRUE,NA
"u",4.36,-2.59164326724726,-0.600813594075136,0.696573683939746,0.750097142275059,4.53661482466804,TRUE,NA
"u",4.37,-2.59309798931336,-0.599430907593179,0.698586896745082,0.75164297167258,4.53915718218096,TRUE,NA
"u",4.38,-2.59455199878264,-0.59805108403858,0.700595595125063,0.753186651109469,4.54170007438701,TRUE,NA
"u",4.39,-2.59600529439731,-0.596674111980791,0.70259979817751,0.754728180405486,4.54424348853888,TRUE,NA
"u",4.4,-2.59745787492117,-0.595299980049226,0.70459952489031,0.756267559477677,4.54678741198996,TRUE,NA
"u",4.41,-2.59890973913941,-0.593928676932916,0.706594794142233,0.757804788338472,4.54933183219367,TRUE,NA
"u",4.42,-2.60036088585847,-0.592560191380173,0.708585624703622,0.7593398670938,4.55187673670265,TRUE,NA
"u",4.43,-2.60181131390581,-0.591194512198356,0.71057203523704,0.760872795941141,4.55442211316831,TRUE,NA
"u",4.44,-2.60326102212976,-0.589831628253506,0.712554044298071,0.762403575167752,4.55696794934011,TRUE,NA
"u",4.45,-2.60471000939931,-0.58847152847007,0.714531670335918,0.763932205148793,4.55951423306499,TRUE,NA
"u",4.46,-2.60615827460396,-0.587114201830574,0.716504931694172,0.765458686345562,4.56206095228666,TRUE,NA
"u",4.47,-2.60760581665349,-0.585759637375352,0.718473846611466,0.766983019303784,4.56460809504511,TRUE,NA
"u",4.48,-2.60905263447785,-0.584407824202201,0.720438433222177,0.768505204651851,4.56715564947578,TRUE,NA
"u",4.49,-2.61049872702691,-0.583058751466105,0.722398709557082,0.770025243099103,4.56970360380911,TRUE,NA
"u",4.5,-2.61194409327034,-0.581712408378925,0.72435469354412,0.771543135434288,4.57225194636984,TRUE,NA
"u",4.51,-2.61338873219741,-0.580368784209083,0.726306403008888,0.773058882523735,4.57480066557639,TRUE,NA
"u",4.52,-2.61483264281678,-0.57902786828128,0.728253855675535,0.774572485309968,4.57734974994019,TRUE,NA
"u",4.53,-2.61627582415638,-0.577689649976174,0.730197069167283,0.776083944809978,4.57989918806518,TRUE,NA
"u",4.54,-2.61771827526322,-0.576354118730086,0.732136061007105,0.777593262113733,4.58244896864704,TRUE,NA
"u",4.55,-2.61915999520317,-0.57502126403472,0.734070848618431,0.779100438382669,4.58499908047271,TRUE,NA
"u",4.56,-2.62060098306087,-0.57369107543681,0.736001449325762,0.780605474848163,4.58754951241962,TRUE,NA
"u",4.57,-2.62204123793948,-0.572363542537889,0.73792788035532,0.782108372810078,4.59010025345525,TRUE,NA
"u",4.58,-2.62348075896056,-0.571038654993909,0.739850158835777,0.783609133635414,4.5926512926363,TRUE,NA
"u",4.59,-2.62491954526387,-0.569716402515023,0.741768301798751,0.785107758756714,4.59520261910829,TRUE,NA
"u",4.6,-2.62635759600722,-0.568396774865251,0.743682326179546,0.786604249670828,4.59775422210485,TRUE,NA
"u",4.61,-2.62779491036631,-0.567079761862157,0.745592248817786,0.788098607937479,4.60030609094706,TRUE,NA
"u",4.62,-2.62923148753451,-0.565765353376598,0.747498086457999,0.789590835177939,4.60285821504292,TRUE,NA
"u",4.63,-2.63066732672276,-0.564453539332411,0.74939985575026,0.791080933073718,4.60541058388673,TRUE,NA
"u",4.64,-2.63210242715939,-0.563144309706099,0.751297573250861,0.792568903365275,4.60796318705836,TRUE,NA
"u",4.65,-2.63353678808992,-0.561837654526578,0.753191255422843,0.794054747850711,4.61051601422298,TRUE,NA
"u",4.66,-2.63497040877693,-0.560533563874858,0.755080918636668,0.795538468384564,4.61306905513007,TRUE,NA
"u",4.67,-2.63640328849989,-0.559232027883739,0.756966579170838,0.797020066876585,4.61562229961305,TRUE,NA
"u",4.68,-2.637835426555,-0.557933036737555,0.758848253212477,0.798499545290507,4.61817573758858,TRUE,NA
"u",4.69,-2.63926682225501,-0.556636580671862,0.760725956857918,0.799976905642843,4.62072935905607,TRUE,NA
"u",4.7,-2.64069747492912,-0.555342649973142,0.762599706113336,0.801452150001802,4.62328315409703,TRUE,NA
"u",4.71,-2.64212738392275,-0.554051234978536,0.764469516895336,0.802925280486088,4.62583711287447,TRUE,NA
"u",4.72,-2.64355654859742,-0.552762326075555,0.766335405031528,0.804396299263781,4.6283912256323,TRUE,NA
"u",4.73,-2.64498496833046,-0.55147591370146,0.768197386261549,0.805865208550203,4.6309454826941,TRUE,NA
"u",4.74,-2.64641264251541,-0.550191988344234,0.770055476235973,0.807332010611024,4.63349987446539,TRUE,NA
"u",4.75,-2.64783957056101,-0.548910540540448,0.7719096905194,0.808796707754993,4.63605439142867,TRUE,NA
"u",4.76,-2.64926575189162,-0.547631560876229,0.773760044589293,0.810259302336922,4.63860902414586,TRUE,NA
"u",4.77,-2.65069118594694,-0.546355039986607,0.775606553837096,0.811719796755737,4.64116376325678,TRUE,NA
"u",4.78,-2.65211587218185,-0.545080968555309,0.777449233568739,0.813178193453508,4.64371859947887,TRUE,NA
"u",4.79,-2.65353981006625,-0.543809337314421,0.779288099005139,0.814634494914283,4.64627352360643,TRUE,NA
"u",4.8,-2.65496299908493,-0.542540137044168,0.781123165282861,0.816088703663305,4.64882852651005,TRUE,NA
"u",4.81,-2.6563854387374,-0.541273358572573,0.782954447454624,0.817540822265957,4.65138359913608,TRUE,NA
"u",4.82,-2.65780712853779,-0.540008992775234,0.784781960489886,0.818990853326911,4.65393873250626,TRUE,NA
"u",4.83,-2.65922806801463,-0.538747030575023,0.78660571927533,0.820438799489083,4.65649391771683,TRUE,NA
"u",4.84,-2.6606482567108,-0.537487462941815,0.788425738615498,0.821884663432875,4.65904914593821,TRUE,NA
"u",4.85,-2.6620676941833,-0.536230280892225,0.790242033233227,0.823328447875146,4.66160440841436,TRUE,NA
"u",4.86,-2.66348638000316,-0.534975475489333,0.792054617770311,0.824770155568496,4.66415969646234,TRUE,NA
"u",4.87,-2.66490431375529,-0.533723037842403,0.793863506787925,0.826209789300269,4.66671500147156,TRUE,NA
"u",4.88,-2.66632149503832,-0.532472959106636,0.795668714767227,0.827647351891815,4.66927031490341,TRUE,NA
"u",4.89,-2.66773792346451,-0.531225230482884,0.797470256109872,0.829082846197646,4.67182562829077,TRUE,NA
"u",4.9,-2.66915359865955,-0.52997984321739,0.799268145138494,0.83051627510456,4.67438093323721,TRUE,NA
"u",4.91,-2.67056852026246,-0.528736788601537,0.801062396097281,0.831947641530955,4.6769362214168,TRUE,NA
"u",4.92,-2.67198268792546,-0.527496057971558,0.802853023152449,0.833376948425935,4.67949148457334,TRUE,NA
"u",4.93,-2.67339610131381,-0.526257642708284,0.804640040392798,0.834804198768658,4.68204671451988,TRUE,NA
"u",4.94,-2.67480876010571,-0.525021534236912,0.806423461830183,0.836229395567503,4.68460190313825,TRUE,NA
"u",4.95,-2.67622066399214,-0.523787724026691,0.808203301400047,0.837652541859382,4.68715704237854,TRUE,NA
"u",4.96,-2.67763181267674,-0.522556203590701,0.809979572961909,0.839073640708948,4.68971212425853,TRUE,NA
"u",4.97,-2.67904220587567,-0.5213269644856,0.811752290299862,0.840492695207983,4.69226714086319,TRUE,NA
"u",4.98,-2.6804518433175,-0.520099998311339,0.813521467123086,0.841909708474608,4.69482208434421,TRUE,NA
"u",4.99,-2.68186072474309,-0.518875296710928,0.815287117066313,0.843324683652651,4.6973769469195,TRUE,NA
"u",5,-2.6832688499054,-0.517652851370195,0.817049253690346,0.844737623910957,4.69993172087263,TRUE,NA
"u",5.01,-2.68467621856944,-0.516432654017492,0.818807890482509,0.846148532442707,4.70248639855234,TRUE,NA
"u",5.02,-2.68608283051213,-0.515214696423471,0.820563040857178,0.847557412464789,4.70504097237203,TRUE,NA
"u",5.03,-2.68748868552212,-0.513998970400861,0.82231471815622,0.848964267217213,4.70759543480942,TRUE,NA
"u",5.04,-2.68889378339973,-0.512785467804168,0.82406293564947,0.850369099962354,4.71014977840573,TRUE,NA
"u",5.05,-2.69029812395683,-0.51157418052945,0.825807706535219,0.851771913984466,4.71270399576564,TRUE,NA
"u",5.06,-2.69170170701665,-0.510365100514097,0.827549043940701,0.853172712589024,4.71525807955632,TRUE,NA
"u",5.07,-2.69310453241373,-0.509158219736539,0.829286960922501,0.854571499102124,4.71781202250738,TRUE,NA
"u",5.08,-2.69450659999378,-0.507953530216033,0.831021470467076,0.855968276869911,4.7203658174101,TRUE,NA
"u",5.09,-2.69590790961357,-0.506751024012428,0.83275258549117,0.857363049258022,4.72291945711701,TRUE,NA
"u",5.1,-2.69730846114077,-0.5055506932259,0.834480318842317,0.858755819651033,4.72547293454157,TRUE,NA
"u",5.11,-2.6987082544539,-0.50435252999673,0.836204683299223,0.86014659145184,4.72802624265758,TRUE,NA
"u",5.12,-2.70010728944216,-0.503156526505065,0.837925691572306,0.861535368081208,4.73057937449866,TRUE,NA
"u",5.13,-2.70150556600534,-0.501962674970676,0.839643356304054,0.862922152977182,4.73313232315787,TRUE,NA
"u",5.14,-2.70290308405375,-0.500770967652722,0.841357690069545,0.864306949594648,4.73568508178727,TRUE,NA
"u",5.15,-2.70429984350801,-0.499581396849519,0.843068705376832,0.865689761404666,4.73823764359744,TRUE,NA
"u",5.16,-2.705695844299,-0.498393954898316,0.844776414667387,0.867070591894139,4.7407900018569,TRUE,NA
"u",5.17,-2.70709108636778,-0.497208634175052,0.846480830316574,0.868449444565207,4.74334214989191,TRUE,NA
"u",5.18,-2.70848556966542,-0.496025427094126,0.848181964634038,0.869826322934836,4.74589408108583,TRUE,NA
"u",5.19,-2.70987929415291,-0.494844326108183,0.849879829864136,0.871201230534258,4.74844578887871,TRUE,NA
"u",5.2,-2.71127225980108,-0.493665323707858,0.851574438186396,0.872574170908633,4.75099726676685,TRUE,NA
"u",5.21,-2.71266446659046,-0.492488412421587,0.853265801715898,0.873945147616446,4.75354850830249,TRUE,NA
"u",5.22,-2.71405591451119,-0.491313584815361,0.854953932503716,0.875314164229189,4.75609950709314,TRUE,NA
"u",5.23,-2.71544660356292,-0.490140833492496,0.85663884253733,0.876681224330831,4.75865025680137,TRUE,NA
"u",5.24,-2.71683653375469,-0.488970151093414,0.858320543741031,0.878046331517401,4.76120075114423,TRUE,NA
"u",5.25,-2.71822570510487,-0.48780153029545,0.85999904797633,0.879409489396615,4.76375098389284,TRUE,NA
"u",5.26,-2.71961411764098,-0.486634963812595,0.861674367042385,0.880770701587428,4.76630094887213,TRUE,NA
"u",5.27,-2.72100177139968,-0.4854704443953,0.86334651267638,0.882129971719591,4.76885063996022,TRUE,NA
"u",5.28,-2.7223886664266,-0.484307964830246,0.865015496553935,0.883487303433295,4.77140005108802,TRUE,NA
"u",5.29,-2.72377480277628,-0.483147517940144,0.866681330289529,0.884842700378805,4.77394917623898,TRUE,NA
"u",5.3,-2.72516018051206,-0.481989096583492,0.868344025436843,0.886196166215976,4.77649800944851,TRUE,NA
"u",5.31,-2.72654479970597,-0.480832693654414,0.870003593489193,0.887547704613959,4.77904654480367,TRUE,NA
"u",5.32,-2.72792866043867,-0.479678302082383,0.871660045879894,0.888897319250791,4.7815947764427,TRUE,NA
"u",5.33,-2.72931176279932,-0.478525914832053,0.873313393982706,0.890245013813081,4.78414269855471,TRUE,NA
"u",5.34,-2.73069410688549,-0.477375524903052,0.874963649112124,0.891590791995589,4.78669030537911,TRUE,NA
"u",5.35,-2.73207569280308,-0.476227125329742,0.876610822523817,0.892934657500867,4.7892375912054,TRUE,NA
"u",5.36,-2.73345652066623,-0.475080709181036,0.878254925415026,0.894276614038991,4.79178455037272,TRUE,NA
"u",5.37,-2.73483659059721,-0.473936269560199,0.879895968924896,0.895616665327192,4.79433117726936,TRUE,NA
"u",5.38,-2.73621590272634,-0.47279379960462,0.881533964134851,0.896954815089452,4.79687746633251,TRUE,NA
"u",5.39,-2.73759445719189,-0.471653292485625,0.88316892206899,0.898291067056284,4.79942341204778,TRUE,NA
"u",5.4,-2.73897225414002,-0.470514741408263,0.884800853694475,0.899625424964368,4.8019690089489,TRUE,NA
"u",5.41,-2.74034929372466,-0.469378139611125,0.886429769921814,0.900957892556227,4.80451425161721,TRUE,NA
"u",5.42,-2.7417255761074,-0.468243480366127,0.8880556816053,0.902288473579894,4.80705913468148,TRUE,NA
"u",5.43,-2.7431011014575,-0.467110756978308,0.889678599543371,0.903617171788726,4.80960365281733,TRUE,NA
"u",5.44,-2.74447586995173,-0.46597996278578,0.891298534478724,0.904943990941263,4.8121478007473,TRUE,NA
"u",5.45,-2.74584988177419,-0.464851091159062,0.892915497099374,0.906268934799907,4.81469157323933,TRUE,NA
"u",5.46,-2.74722313711644,-0.46372413550151,0.894529498038099,0.90759200713219,4.81723496510792,TRUE,NA
"u",5.47,-2.74859563617729,-0.462599089248743,0.896140547873348,0.908913211709503,4.8197779712128,TRUE,NA
"u",5.48,-2.74996737916269,-0.461475945868549,0.897748657129417,0.910232552307049,4.82232058645892,TRUE,NA
"u",5.49,-2.75133836628574,-0.460354698860659,0.899353836276884,0.911550032703635,4.82486280579589,TRUE,NA
"u",5.5,-2.75270859776652,-0.45923534175661,0.90095609573285,0.912865656681275,4.82740462421773,TRUE,NA
"u",5.51,-2.75407807383206,-0.458117868119516,0.902555445861372,0.914179428025116,4.82994603676252,TRUE,NA
"u",5.52,-2.75544679471627,-0.457002271543882,0.9041518969737,0.915491350522978,4.83248703851213,TRUE,NA
"u",5.53,-2.7568147606598,-0.45588854565545,0.905745459328675,0.916801427965268,4.83502762459172,TRUE,NA
"u",5.54,-2.75818197191002,-0.454776684110985,0.907336143133089,0.918109664144692,4.83756779016949,TRUE,NA
"u",5.55,-2.75954842872095,-0.45366668059808,0.908923958541968,0.919416062855996,4.84010753045626,TRUE,NA
"u",5.56,-2.7609141313531,-0.45255852883501,0.91050891565888,0.920720627895711,4.84264684070524,TRUE,NA
"u",5.57,-2.7622790800735,-0.451452222570541,0.912091024536316,0.922023363061999,4.84518571621168,TRUE,NA
"u",5.58,-2.76364327515554,-0.450347755583708,0.913670295175984,0.923324272154322,4.84772415231243,TRUE,NA
"u",5.59,-2.76500671687895,-0.449245121683703,0.915246737529131,0.924623358973359,4.85026214438568,TRUE,NA
"u",5.6,-2.76636940552969,-0.44814431470963,0.916820361496859,0.925920627320614,4.85279968785068,TRUE,NA
"u",5.61,-2.7677313413999,-0.447045328530375,0.91839117693047,0.927216080998411,4.85533677816733,TRUE,NA
"u",5.62,-2.76909252478784,-0.445948157044415,0.919959193631716,0.928509723809495,4.85787341083588,TRUE,NA
"u",5.63,-2.77045295599775,-0.444852794179636,0.921524421353208,0.929801559556959,4.86040958139664,TRUE,NA
"u",5.64,-2.77181263533986,-0.443759233893168,0.923086869798609,0.931091592043952,4.86294528542968,TRUE,NA
"u",5.65,-2.77317156313028,-0.442667470171207,0.92464654862303,0.932379825073561,4.86548051855443,TRUE,NA
"u",5.66,-2.77452973969093,-0.44157749702885,0.926203467433331,0.933666262448566,4.86801527642941,TRUE,NA
"u",5.67,-2.77588716534947,-0.440489308509917,0.927757635788336,0.934950907971298,4.87054955475195,TRUE,NA
"u",5.68,-2.77724384043927,-0.439402898686786,0.929309063199244,0.936233765443427,4.87308334925785,TRUE,NA
"u",5.69,-2.77859976529925,-0.438318261660211,0.930857759129885,0.937514838665717,4.87561665572105,TRUE,NA
"u",5.7,-2.77995494027392,-0.437235391559174,0.932403732996999,0.938794131437962,4.87814946995337,TRUE,NA
"u",5.71,-2.78130936571325,-0.436154282540721,0.933946994170535,0.940071647558785,4.88068178780426,TRUE,NA
"u",5.72,-2.78266304197262,-0.435074928789774,0.935487551973957,0.941347390825407,4.88321360516031,TRUE,NA
"u",5.73,-2.78401596941275,-0.433997324518988,0.937025415684538,0.942621365033552,4.88574491794521,TRUE,NA
"u",5.74,-2.78536814839964,-0.432921463968569,0.93856059453362,0.943893573977228,4.88827572211923,TRUE,NA
"u",5.75,-2.78671957930451,-0.431847341406143,0.940093097706934,0.945164021448636,4.89080601367908,TRUE,NA
"u",5.76,-2.78807026250372,-0.430774951126565,0.941622934344846,0.946432711237909,4.89333578865756,TRUE,NA
"u",5.77,-2.78942193489107,-0.429657759172689,0.94335880857416,0.946271214448914,4.89575266821263,TRUE,NA
"u",5.78,-2.79076938731602,-0.42863534473054,0.944674644351052,0.948964832919765,4.89839377318025,TRUE,NA
"u",5.79,-2.79211782970704,-0.427568117338578,0.946196535775891,0.95022827238132,4.90092197496797,TRUE,NA
"u",5.8,-2.79346552594812,-0.426502599678037,0.947715796779107,0.951489969298261,4.90344964466062,TRUE,NA
"u",5.81,-2.79481247644047,-0.425438786177612,0.949232436278487,0.952749927448537,4.90597677846727,TRUE,NA
"u",5.82,-2.79615868159005,-0.424376671292271,0.950746463148202,0.954008150607169,4.90850337263139,TRUE,NA
"u",5.83,-2.79750414180756,-0.423316249503085,0.952257886219071,0.955264642546132,4.91102942343043,TRUE,NA
"u",5.84,-2.79884886124576,-0.422257523991881,0.953766702352213,0.956519473823421,4.91355494809697,TRUE,NA
"u",5.85,-2.80019907086617,-0.421177490422239,0.958408838447968,0.961838602917289,4.91602448757118,TRUE,NA
"u",5.86,-2.80152891179357,-0.420126388464228,0.956828727119875,0.959752372804276,4.91855919938517,TRUE,NA
"u",5.87,-2.80287431480641,-0.41907244814825,0.958620448625167,0.961788305055848,4.92108247994178,TRUE,NA
"u",5.88,-2.80414429340676,-0.418036612114479,0.959849965799372,0.963153061420835,4.92364481512423,TRUE,NA
"u",5.89,-2.80542757019697,-0.417066368074582,0.961440806704448,0.964410520576597,4.92636061414182,TRUE,NA
"u",5.9,-2.80690107230141,-0.415933296545878,0.963106345575582,0.966096995346401,4.92867952049561,TRUE,NA
"u",5.91,-2.80823981360301,-0.414890273984331,0.964260567119198,0.96751373325487,4.93121085153529,TRUE,NA
"u",5.92,-2.80957913651167,-0.413846122149755,0.965747193899749,0.968196322704836,4.93373492432166,TRUE,NA
"u",5.93,-2.81091755234285,-0.412803222879507,0.967231830437838,0.968878293614803,4.9362574860691,TRUE,NA
"u",5.94,-2.81225507802402,-0.411761608283349,0.968714438431625,0.969559628535742,4.93877862387189,TRUE,NA
"u",5.95,-2.81359171516621,-0.41072127511939,0.970195023821022,0.97024032868891,4.94129833965194,TRUE,NA
"u",5.96,-2.81492746537581,-0.409682220158247,0.971673592456529,0.970920395292004,4.94381663532711,TRUE,NA
"u",5.97,-2.81626233025462,-0.408644440182974,0.973150149865887,0.971599829559182,4.94633351281119,TRUE,NA
"u",5.98,-2.81759631139984,-0.407607931988977,0.974624701466263,0.972278632701095,4.94884897401399,TRUE,NA
"u",5.99,-2.8189294104041,-0.406572692383961,0.976097252653032,0.972956805924889,4.95136302084122,TRUE,NA
"u",6,-2.82026162885549,-0.405538718187872,0.977567808799837,0.973634350434219,4.95387565519463,TRUE,NA
"u",6.01,-2.82159296833756,-0.404506006232836,0.979036375258715,0.974311267429252,4.95638687897192,TRUE,NA
"u",6.02,-2.82292343042933,-0.403474553363075,0.980502957360249,0.974987558106707,4.95889669406689,TRUE,NA
"u",6.03,-2.82425301670534,-0.402444356434866,0.981967560413628,0.97566322365984,4.96140510236922,TRUE,NA
"u",6.04,-2.82558172873565,-0.401415412316473,0.98343018970684,0.976338265278474,4.96391210576475,TRUE,NA
"u",6.05,-2.82690956808583,-0.400387717888073,0.9848908505067,0.97701268414901,4.9664177061352,TRUE,NA
"u",6.06,-2.82823653631702,-0.399361270041727,0.986349548058999,0.977686481454425,4.96892190535848,TRUE,NA
"u",6.07,-2.82956263498593,-0.398336065681276,0.987806287588616,0.97835965837431,4.97142470530855,TRUE,NA
"u",6.08,-2.83088786564486,-0.397312101722303,0.989261074299655,0.979032216084867,4.97392610785533,TRUE,NA
"u",6.09,-2.8322122298417,-0.396289375092092,0.990713913375488,0.979704155758915,4.97642611486487,TRUE,NA
"u",6.1,-2.83353572911996,-0.395267882729535,0.992164809978927,0.980375478565921,4.97892472819936,TRUE,NA
"u",6.11,-2.83485836501879,-0.394247621585074,0.993613769252324,0.981046185672008,4.98142194971704,TRUE,NA
"u",6.12,-2.83618013907302,-0.393228588620683,0.995060796317608,0.981716278239945,4.98391778127224,TRUE,NA
"u",6.13,-2.8375010528131,-0.392210780809749,0.996505896276515,0.982385757429203,4.98641222471543,TRUE,NA
"u",6.14,-2.8388211077652,-0.391194195137076,0.99794907421059,0.983054624395919,4.98890528189326,TRUE,NA
"u",6.15,-2.84014030545119,-0.390178828598769,0.999390335181325,0.983722880292949,4.9913969546484,TRUE,NA
"u",6.16,-2.84145864738866,-0.389164678202218,1.00082968423029,0.984390526269858,4.99388724481976,TRUE,NA
"u",6.17,-2.84277613509091,-0.388151740966037,1.0022671263792,0.985057563472927,4.99637615424237,TRUE,NA
"u",6.18,-2.84409277006702,-0.387140013919975,1.00370266663005,0.985723993045193,4.99886368474749,TRUE,NA
"u",6.19,-2.84540855382183,-0.386129494104897,1.00513630996519,0.986389816126434,5.00134983816245,TRUE,NA
"u",6.2,-2.84672348785597,-0.385120178572708,1.00656806134744,0.987055033853194,5.00383461631083,TRUE,NA
"u",6.21,-2.84803757366585,-0.384112064386307,1.00799792572022,0.98771964735879,5.00631802101247,TRUE,NA
"u",6.22,-2.84935081274372,-0.383105148619519,1.00942590800758,0.988383657773332,5.00880005408327,TRUE,NA
"u",6.23,-2.85066320657763,-0.382099428357067,1.01085201311435,0.989047066223716,5.01128071733551,TRUE,NA
"u",6.24,-2.85197475665152,-0.381094900694459,1.01227624592627,0.989709873833676,5.01376001257752,TRUE,NA
"u",6.25,-2.85328546444516,-0.380091562738028,1.01369861131004,0.990372081723734,5.01623794161402,TRUE,NA
"u",6.26,-2.8545953314342,-0.379089411604783,1.01511911411338,0.991033691011274,5.01871450624592,TRUE,NA
"u",6.27,-2.8559043590902,-0.378088444422407,1.01653775916523,0.991694702810518,5.02118970827037,TRUE,NA
"u",6.28,-2.85721254888061,-0.377088658329206,1.01795455127579,0.992355118232539,5.02366354948083,TRUE,NA
"u",6.29,-2.85851990226883,-0.376090050474018,1.01936949523662,0.993014938385299,5.02613603166699,TRUE,NA
"u",6.3,-2.85982642071417,-0.37509261801621,1.02078259582069,0.993674164373623,5.02860715661485,TRUE,NA
"u",6.31,-2.86113210567193,-0.374096358125589,1.0221938577826,0.994332797299236,5.03107692610669,TRUE,NA
"u",6.32,-2.86243695859334,-0.373101267982364,1.02360328585855,0.994990838260772,5.03354534192111,TRUE,NA
"u",6.33,-2.86374098092566,-0.37210734477709,1.02501088476649,0.995648288353779,5.03601240583304,TRUE,NA
"u",6.34,-2.8650441741121,-0.371114585710641,1.0264166592062,0.996305148670721,5.03847811961373,TRUE,NA
"u",6.35,-2.86634653959193,-0.370122987994104,1.0278206138594,0.996961420301024,5.04094248503065,TRUE,NA
"u",6.36,-2.86764807880044,-0.369132548848782,1.02922275338983,0.997617104331049,5.04340550384783,TRUE,NA
"u",6.37,-2.86894879316893,-0.368143265506133,1.03062308244333,0.998272201844115,5.04586717782548,TRUE,NA
"u",6.38,-2.87024868412481,-0.367155135207689,1.03202160564793,0.998926713920529,5.0483275087202,TRUE,NA
"u",6.39,-2.87154775309154,-0.366168155205044,1.033418327614,0.999580641637569,5.05078649828506,TRUE,NA
"u",6.4,-2.87284600148866,-0.365182322759781,1.03481325293427,1.00023398606952,5.05324414826938,TRUE,NA
"u",6.41,-2.87414343073184,-0.364197635143442,1.03620638618389,1.00088674828765,5.05570046041896,TRUE,NA
"u",6.42,-2.87544004223283,-0.363214089637458,1.03759773192067,1.00153892936027,5.05815543647596,TRUE,NA
"u",6.43,-2.87673583739957,-0.362231683533109,1.03898729468499,1.00219053035272,5.06060907817898,TRUE,NA
"u",6.44,-2.87803081763608,-0.361250414131496,1.04037507900001,1.00284155232736,5.06306138726298,TRUE,NA
"u",6.45,-2.87932498434259,-0.360270278743455,1.04176108937168,1.0034919963436,5.06551236545944,TRUE,NA
"u",6.46,-2.88061833891548,-0.359291274689539,1.04314533028893,1.00414186345792,5.06796201449619,TRUE,NA
"u",6.47,-2.88191088274734,-0.358313399299965,1.04452780622358,1.00479115472388,5.07041033609754,TRUE,NA
"u",6.48,-2.88320261722694,-0.357336649914555,1.04590852163062,1.00543987119211,5.07285733198426,TRUE,NA
"u",6.49,-2.88449354373928,-0.356361023882696,1.04728748094818,1.00608801391034,5.07530300387362,TRUE,NA
"u",6.5,-2.8857836636656,-0.355386518563308,1.04866468859765,1.00673558392339,5.07774735347926,TRUE,NA
"u",6.51,-2.88707297838337,-0.35441313132478,1.05004014898373,1.00738258227321,5.08019038251141,TRUE,NA
"u",6.52,-2.88836148926632,-0.353440859544926,1.05141386649456,1.00802900999886,5.08263209267677,TRUE,NA
"u",6.53,-2.88964919768447,-0.352469700610944,1.05278584550178,1.00867486813654,5.08507248567849,TRUE,NA
"u",6.54,-2.8909361050041,-0.351499651919375,1.05415609036063,1.00932015771962,5.08751156321628,TRUE,NA
"u",6.55,-2.89222221258782,-0.350530710876039,1.05552460540999,1.00996487977858,5.08994932698639,TRUE,NA
"u",6.56,-2.89350752179453,-0.349562874896025,1.05689139497248,1.01060903534111,5.09238577868151,TRUE,NA
"u",6.57,-2.89479203397946,-0.348596141403611,1.05825646335461,1.01125262543204,5.09482091999094,TRUE,NA
"u",6.58,-2.8960757504942,-0.347630507832235,1.05961981484673,1.01189565107342,5.09725475260052,TRUE,NA
"u",6.59,-2.89735867268667,-0.346665971624464,1.06098145372319,1.01253811328447,5.09968727819264,TRUE,NA
"u",6.6,-2.89864080190117,-0.34570253023192,1.06234138424246,1.01318001308163,5.10211849844622,TRUE,NA
"u",6.61,-2.89992213947838,-0.344740181115261,1.06369961064709,1.01382135147855,5.10454841503686,TRUE,NA
"u",6.62,-2.90120268675538,-0.343778921744135,1.06505613716392,1.01446212948613,5.10697702963661,TRUE,NA
"u",6.63,-2.90248244506563,-0.342818749597124,1.06641096800403,1.01510234811247,5.10940434391415,TRUE,NA
"u",6.64,-2.90376141573905,-0.341859662161725,1.06776410736292,1.01574200836294,5.11183035953483,TRUE,NA
"u",6.65,-2.90503960010196,-0.340901656934267,1.06911555942055,1.01638111124018,5.11425507816057,TRUE,NA
"u",6.66,-2.90631699947715,-0.339944731419923,1.0704653283414,1.01701965774407,5.11667850144984,TRUE,NA
"u",6.67,-2.90759361518384,-0.338988883132626,1.07181341827456,1.01765764887178,5.11910063105784,TRUE,NA
"u",6.68,-2.90886944853776,-0.338034109595036,1.0731598333538,1.01829508561777,5.12152146863634,TRUE,NA
"u",6.69,-2.91014450085108,-0.337080408338521,1.07450457769767,1.01893196897378,5.12394101583379,TRUE,NA
"u",6.7,-2.91141877343252,-0.336127776903087,1.07584765540955,1.01956829992888,5.12635927429527,TRUE,NA
"u",6.71,-2.91269226758725,-0.335176212837347,1.07718907057774,1.02020407946944,5.12877624566258,TRUE,NA
"u",6.72,-2.91396498461702,-0.334225713698491,1.07852882727547,1.02083930857916,5.13119193157408,TRUE,NA
"u",6.73,-2.91523692582008,-0.333276277052241,1.07986692956108,1.02147398823907,5.1336063336649,TRUE,NA
"u",6.74,-2.91650809249123,-0.332327900472785,1.08120338147805,1.02210811942756,5.13601945356681,TRUE,NA
"u",6.75,-2.91777848592184,-0.331380581542789,1.08253818705501,1.02274170312036,5.13843129290832,TRUE,NA
"u",6.76,-2.91904810739985,-0.330434317853304,1.0838713503059,1.02337474029056,5.14084185331463,TRUE,NA
"u",6.77,-2.92031695820978,-0.329489107003764,1.08520287522999,1.02400723190865,5.14325113640763,TRUE,NA
"u",6.78,-2.92158503963276,-0.328544946601932,1.08653276581199,1.02463917894246,5.14565914380594,TRUE,NA
"u",6.79,-2.92285235294651,-0.327601834263854,1.08786102602205,1.02527058235725,5.14806587712493,TRUE,NA
"u",6.8,-2.92411889942538,-0.326659767613831,1.08918765981594,1.02590144311566,5.15047133797671,TRUE,NA
"u",6.81,-2.92538468034037,-0.325718744284386,1.09051267113501,1.02653176217775,5.1528755279701,TRUE,NA
"u",6.82,-2.92664969695909,-0.324778761916223,1.09183606390631,1.027161540501,5.15527844871076,TRUE,NA
"u",6.83,-2.92791395054584,-0.323839818158151,1.09315784204267,1.02779077904031,5.15768010180097,TRUE,NA
"u",6.84,-2.92917744236158,-0.322901910667124,1.09447800944276,1.02841947874802,5.16008048883993,TRUE,NA
"u",6.85,-2.93044017366394,-0.321965037108117,1.09579656999113,1.02904764057393,5.16247961142354,TRUE,NA
"u",6.86,-2.93170214570726,-0.321029195154165,1.09711352755832,1.02967526546528,5.16487747114455,TRUE,NA
"u",6.87,-2.93296335974257,-0.320094382486272,1.09842888600088,1.03030235436678,5.16727406959241,TRUE,NA
"u",6.88,-2.93422381701762,-0.319160596793392,1.09974264916151,1.03092890822063,5.16966940835348,TRUE,NA
"u",6.89,-2.93548351877691,-0.318227835772403,1.10105482086901,1.03155492796647,5.17206348901086,TRUE,NA
"u",6.9,-2.93674246626165,-0.317296097128048,1.1023654049385,1.03218041454149,5.17445631314456,TRUE,NA
"u",6.91,-2.93800066070981,-0.316365378572925,1.10367440517135,1.03280536888034,5.17684788233128,TRUE,NA
"u",6.92,-2.93925810335614,-0.315435677827434,1.1049818253553,1.03342979191519,5.17923819814472,TRUE,NA
"u",6.93,-2.94051479543214,-0.314506992619737,1.10628766926454,1.03405368457574,5.18162726215533,TRUE,NA
"u",6.94,-2.94177073816611,-0.313579320685743,1.10759194065974,1.03467704778919,5.1840150759304,TRUE,NA
"u",6.95,-2.94302593278315,-0.31265265976905,1.10889464328815,1.0352998824803,5.18640164103416,TRUE,NA
"u",6.96,-2.94428038050517,-0.311727007620914,1.11019578088364,1.03592218957137,5.18878695902766,TRUE,NA
"u",6.97,-2.94553408255088,-0.310802362000242,1.11149535716672,1.03654396998225,5.19117103146887,TRUE,NA
"u",6.98,-2.94678704013585,-0.309878720673502,1.11279337584476,1.03716522463036,5.19355385991259,TRUE,NA
"u",6.99,-2.94803925447247,-0.308956081414748,1.11408984061184,1.03778595443067,5.19593544591057,TRUE,NA
"u",7,-2.94929072676998,-0.308034442005555,1.11538475514896,1.03840616029575,5.19831579101143,TRUE,NA
"u",7.01,-2.95054145823452,-0.307113800234964,1.11667812312405,1.03902584313575,5.2006948967607,TRUE,NA
"u",7.02,-2.95179145006907,-0.306194153899506,1.11796994819206,1.03964500385841,5.20307276470088,TRUE,NA
"u",7.03,-2.95304070347351,-0.305275500803114,1.11926023399497,1.04026364336909,5.20544939637133,TRUE,NA
"u",7.04,-2.95428921964462,-0.304357838757109,1.12054898416191,1.04088176257074,5.20782479330842,TRUE,NA
"u",7.05,-2.95553699977608,-0.303441165580175,1.12183620230919,1.04149936236395,5.21019895704539,TRUE,NA
"u",7.06,-2.95678404505849,-0.302525479098317,1.12312189204032,1.04211644364693,5.21257188911246,TRUE,NA
"u",7.07,-2.9580303566794,-0.301610777144832,1.12440605694617,1.04273300731553,5.21494359103683,TRUE,NA
"u",7.08,-2.95927593582327,-0.300697057560249,1.12568870060496,1.04334905426326,5.21731406434267,TRUE,NA
"u",7.09,-2.96052078367153,-0.299784318192361,1.12696982658229,1.04396458538125,5.21968331055109,TRUE,NA
"u",7.1,-2.96176490140257,-0.298872556896112,1.12824943843128,1.04457960155833,5.22205133118018,TRUE,NA
"u",7.11,-2.96300829019176,-0.297961771533634,1.1295275396926,1.04519410368097,5.22441812774512,TRUE,NA
"u",7.12,-2.96425095121144,-0.297051959974166,1.13080413389445,1.04580809263334,5.2267837017579,TRUE,NA
"u",7.13,-2.96549288563094,-0.296143120094055,1.13207922455276,1.04642156929728,5.22914805472769,TRUE,NA
"u",7.14,-2.96673409461661,-0.295235249776697,1.13335281517113,1.04703453455234,5.23151118816066,TRUE,NA
"u",7.15,-2.96797457933182,-0.294328346912527,1.13462490924094,1.04764698927577,5.23387310355988,TRUE,NA
"u",7.16,-2.96921434093693,-0.293422409398982,1.13589551024141,1.04825893434251,5.23623380242553,TRUE,NA
"u",7.17,-2.97045338058938,-0.292517435140467,1.13716462163958,1.04887037062524,5.23859328625486,TRUE,NA
"u",7.18,-2.97169169944362,-0.291613422048311,1.13843224689051,1.04948129899437,5.24095155654214,TRUE,NA
"u",7.19,-2.97292929865118,-0.290710368040759,1.13969838943722,1.05009172031803,5.2433086147786,TRUE,NA
"u",7.2,-2.97416617936065,-0.289808271042943,1.14096305271076,1.05070163546209,5.2456644624527,TRUE,NA
"u",7.21,-2.97540234271768,-0.288907128986807,1.1422262401303,1.05131104529019,5.2480191010498,TRUE,NA
"u",7.22,-2.97663778986502,-0.288006939811156,1.14348795510317,1.0519199506637,5.2503725320525,TRUE,NA
"u",7.23,-2.97787252194252,-0.28710770146154,1.14474820102491,1.05252835244177,5.25272475694032,TRUE,NA
"u",7.24,-2.97910654008714,-0.286209411890279,1.14600698127934,1.05313625148134,5.25507577719,TRUE,NA
"u",7.25,-2.98033984543295,-0.285312069056407,1.14726429923859,1.0537436486371,5.25742559427529,TRUE,NA
"u",7.26,-2.98157243911112,-0.284415670925675,1.14852015826316,1.05435054476154,5.25977420966705,TRUE,NA
"u",7.27,-2.98280432225002,-0.283520215470473,1.14977456170199,1.05495694070495,5.26212162483336,TRUE,NA
"u",7.28,-2.98403549597509,-0.282625700669856,1.15102751289249,1.05556283731542,5.26446784123929,TRUE,NA
"u",7.29,-2.98526596140898,-0.281732124509452,1.1522790151606,1.05616823543886,5.26681286034712,TRUE,NA
"u",7.3,-2.9864957196715,-0.280839484981488,1.15352907182088,1.05677313591898,5.2691566836162,TRUE,NA
"u",7.31,-2.98772477187961,-0.279947780084736,1.1547776861765,1.05737753959733,5.27149931250308,TRUE,NA
"u",7.32,-2.98895311914748,-0.279057007824489,1.15602486151931,1.0579814473133,5.27384074846144,TRUE,NA
"u",7.33,-2.99018076258645,-0.278167166212518,1.15727060112992,1.0585848599041,5.27618099294211,TRUE,NA
"u",7.34,-2.99140770330509,-0.277278253267085,1.15851490827774,1.05918777820479,5.27852004739307,TRUE,NA
"u",7.35,-2.99263394240918,-0.27639026701285,1.15975778622102,1.05979020304832,5.2808579132595,TRUE,NA
"u",7.36,-2.9938594810017,-0.27550320548091,1.16099923820687,1.06039213526546,5.28319459198377,TRUE,NA
"u",7.37,-2.99508432018289,-0.274617066708728,1.16223926747138,1.06099357568487,5.2855300850054,TRUE,NA
"u",7.38,-2.99630846105021,-0.273731848740119,1.16347787723964,1.06159452513308,5.2878643937611,TRUE,NA
"u",7.39,-2.9975319046984,-0.272847549625208,1.16471507072576,1.06219498443453,5.29019751968478,TRUE,NA
"u",7.4,-2.99875465221943,-0.271964167420445,1.16595085113295,1.06279495441151,5.29252946420766,TRUE,NA
"u",7.41,-2.99997670470256,-0.271081700188525,1.16718522165358,1.06339443588423,5.29486022875803,TRUE,NA
"u",7.42,-3.00119806323432,-0.270200145998391,1.16841818546918,1.06399342967083,5.29718981476147,TRUE,NA
"u",7.43,-3.00241872889854,-0.269319502925194,1.16964974575056,1.06459193658732,5.29951822364076,TRUE,NA
"u",7.44,-3.00363870277634,-0.268439769050286,1.17087990565778,1.06518995744765,5.30184545681596,TRUE,NA
"u",7.45,-3.00485798594615,-0.267560942461166,1.17210866834027,1.06578749306371,5.30417151570433,TRUE,NA
"u",7.46,-3.0060765794837,-0.266683021251467,1.17333603693682,1.06638454424531,5.30649640172043,TRUE,NA
"u",7.47,-3.00729448446208,-0.26580600352094,1.17456201457566,1.06698111180019,5.30882011627603,TRUE,NA
"u",7.48,-3.00851170195168,-0.264929887375413,1.17578660437451,1.06757719653406,5.31114266078018,TRUE,NA
"u",7.49,-3.00972823302025,-0.264054670926757,1.1770098094406,1.06817279925059,5.3134640366392,TRUE,NA
"u",7.5,-3.0109440787329,-0.26318035229289,1.17823163287075,1.06876792075137,5.31578424525671,TRUE,NA
"u",7.51,-3.01215924015208,-0.262306929597721,1.17945207775138,1.06936256183602,5.31810328803355,TRUE,NA
"u",7.52,-3.01337371833763,-0.261434400971134,1.18067114715861,1.06995672330208,5.32042116636794,TRUE,NA
"u",7.53,-3.01458751434676,-0.260562764548973,1.18188884415823,1.07055040594511,5.32273788165535,TRUE,NA
"u",7.54,-3.01580062923406,-0.259692018473011,1.1831051718058,1.07114361055863,5.32505343528854,TRUE,NA
"u",7.55,-3.01701306405154,-0.258822160890902,1.18432013314672,1.0717363379342,5.32736782865765,TRUE,NA
"u",7.56,-3.01822481984858,-0.257953189956196,1.18553373121618,1.07232858886133,5.32968106315,TRUE,NA
"u",7.57,-3.01943589767202,-0.257085103828285,1.18674596903933,1.07292036412758,5.33199314015042,TRUE,NA
"u",7.58,-3.02064629856608,-0.256217900672383,1.18795684963118,1.0735116645185,5.33430406104095,TRUE,NA
"u",7.59,-3.02185602357243,-0.255351578659512,1.18916637599677,1.07410249081769,5.33661382720099,TRUE,NA
"u",7.6,-3.02306507373019,-0.254486135966474,1.19037455113119,1.07469284380674,5.33892244000733,TRUE,NA
"u",7.61,-3.02427345007591,-0.253621570775797,1.19158137801956,1.07528272426533,5.34122990083403,TRUE,NA
"u",7.62,-3.02548115364361,-0.252757881275771,1.19278685963712,1.07587213297112,5.34353621105261,TRUE,NA
"u",7.63,-3.02668818546475,-0.251895065660366,1.19399099894926,1.07646107069988,5.34584137203193,TRUE,NA
"u",7.64,-3.02789454656831,-0.251033122129233,1.19519379891162,1.07704953822539,5.34814538513812,TRUE,NA
"u",7.65,-3.02910023798072,-0.250172048887684,1.19639526247004,1.07763753631952,5.35044825173484,TRUE,NA
"u",7.66,-3.0303052607259,-0.24931184414666,1.19759539256066,1.07822506575219,5.35274997318303,TRUE,NA
"u",7.67,-3.03150961582528,-0.248452506122709,1.19879419210992,1.07881212729141,5.35505055084112,TRUE,NA
"u",7.68,-3.03271330429779,-0.247594033037949,1.19999166403471,1.07939872170327,5.35734998606481,TRUE,NA
"u",7.69,-3.03391632715988,-0.246736423120085,1.20118781124225,1.07998484975193,5.35964828020729,TRUE,NA
"u",7.7,-3.03511868542553,-0.245879674602341,1.20238263663026,1.08057051219967,5.36194543461922,TRUE,NA
"u",7.71,-3.03632038010625,-0.245023785723443,1.20357614308696,1.08115570980686,5.36424145064854,TRUE,NA
"u",7.72,-3.03752141221106,-0.24416875472764,1.20476833349108,1.08174044333196,5.36653632964072,TRUE,NA
"u",7.73,-3.03872178274658,-0.243314579864613,1.20595921071197,1.08232471353157,5.3688300729386,TRUE,NA
"u",7.74,-3.03992149271696,-0.242461259389503,1.20714877760957,1.0829085211604,5.37112268188252,TRUE,NA
"u",7.75,-3.0411205431239,-0.241608791562881,1.20833703703449,1.08349186697127,5.37341415781021,TRUE,NA
"u",7.76,-3.0423189349667,-0.240757174650706,1.20952399182807,1.08407475171516,5.37570450205691,TRUE,NA
"u",7.77,-3.04351666924222,-0.239906406924304,1.21070964482234,1.08465717614117,5.37799371595526,TRUE,NA
"u",7.78,-3.04471374694493,-0.239056486660377,1.21189399884016,1.08523914099655,5.38028180083542,TRUE,NA
"u",7.79,-3.04591016906687,-0.238207412140943,1.21307705669519,1.08582064702669,5.38256875802493,TRUE,NA
"u",7.8,-3.0471059365977,-0.237359181653331,1.21425882119194,1.08640169497514,5.38485458884897,TRUE,NA
"u",7.81,-3.0483010505247,-0.236511793490167,1.21543929512588,1.08698228558363,5.38713929463001,TRUE,NA
"u",7.82,-3.04949551183276,-0.235665245949322,1.21661848128337,1.08756241959204,5.38942287668815,TRUE,NA
"u",7.83,-3.05068932150439,-0.234819537333927,1.21779638244174,1.08814209773844,5.3917053363409,TRUE,NA
"u",7.84,-3.05188248051975,-0.233974665952342,1.21897300136937,1.08872132075904,5.39398667490339,TRUE,NA
"u",7.85,-3.05307498985664,-0.233130630118099,1.22014834082571,1.0893000893883,5.39626689368809,TRUE,NA
"u",7.86,-3.0542668504905,-0.23228742814993,1.22132240356128,1.08987840435883,5.39854599400516,TRUE,NA
"u",7.87,-3.05545806339445,-0.231445058371733,1.22249519231771,1.09045626640143,5.40082397716217,TRUE,NA
"u",7.88,-3.05664862953926,-0.230603519112513,1.22366670982787,1.09103367624515,5.40310084446422,TRUE,NA
"u",7.89,-3.05783854989337,-0.229762808706409,1.22483695881578,1.0916106346172,5.40537659721403,TRUE,NA
"u",7.9,-3.05902782542293,-0.228922925492643,1.22600594199677,1.09218714224304,5.40765123671176,TRUE,NA
"u",7.91,-3.06021645709175,-0.228083867815533,1.22717366207737,1.09276319984634,5.40992476425515,TRUE,NA
"u",7.92,-3.06140444586134,-0.227245634024423,1.22834012175551,1.09333880814898,5.41219718113957,TRUE,NA
"u",7.93,-3.06259179269093,-0.226408222473696,1.22950532372042,1.09391396787112,5.41446848865781,TRUE,NA
"u",7.94,-3.06377849853744,-0.225571631522753,1.23066927065278,1.09448867973111,5.41673868810037,TRUE,NA
"u",7.95,-3.06496456435554,-0.224735859535973,1.23183196522467,1.09506294444557,5.41900778075515,TRUE,NA
"u",7.96,-3.0661499910976,-0.223900904882712,1.23299341009965,1.09563676272937,5.42127576790782,TRUE,NA
"u",7.97,-3.06733477971373,-0.223066765937284,1.23415360793277,1.09621013529562,5.42354265084149,TRUE,NA
"u",7.98,-3.06851893115179,-0.222233441078907,1.23531256137065,1.09678306285572,5.42580843083692,TRUE,NA
"u",7.99,-3.06970244635738,-0.22140092869173,1.23647027305146,1.09735554611931,5.42807310917247,TRUE,NA
"u",8,-3.07088532627385,-0.220569227164793,1.23762674560501,1.09792758579433,5.43033668712403,TRUE,NA
"u",8.01,-3.07206757184233,-0.219738334891988,1.23878198165273,1.09849918258696,5.43259916596522,TRUE,NA
"u",8.02,-3.07324918400171,-0.218908250272067,1.23993598380774,1.09907033720171,5.4348605469672,TRUE,NA
"u",8.03,-3.07443016368866,-0.218078971708608,1.24108875467489,1.09964105034135,5.43712083139871,TRUE,NA
"u",8.04,-3.07561051183764,-0.217250497610008,1.24224029685079,1.10021132270696,5.43938002052619,TRUE,NA
"u",8.05,-3.07679022938089,-0.216422826389441,1.24339061292381,1.1007811549979,5.44163811561367,TRUE,NA
"u",8.06,-3.07796931724845,-0.215595956464857,1.24453970547418,1.10135054791187,5.44389511792286,TRUE,NA
"u",8.07,-3.07914777636817,-0.21476988625897,1.24568757707395,1.10191950214485,5.44615102871307,TRUE,NA
"u",8.08,-3.08032560766573,-0.213944614199203,1.2468342302871,1.10248801839116,5.44840584924123,TRUE,NA
"u",8.09,-3.0815028120646,-0.213120138717725,1.24797966766948,1.10305609734342,5.45065958076202,TRUE,NA
"u",8.1,-3.0826793904861,-0.212296458251359,1.24912389176897,1.10362373969262,5.4529122245277,TRUE,NA
"u",8.11,-3.08385534384936,-0.211473571241639,1.25026690512538,1.10419094612802,5.45516378178828,TRUE,NA
"u",8.12,-3.08503067307139,-0.210651476134741,1.25140871027058,1.10475771733729,5.45741425379128,TRUE,NA
"u",8.13,-3.086205379067,-0.20983017138148,1.2525493097285,1.10532405400638,5.45966364178208,TRUE,NA
"u",8.14,-3.0873794627489,-0.209009655437296,1.25368870601514,1.10588995681963,5.46191194700367,TRUE,NA
"u",8.15,-3.08855292502763,-0.208189926762214,1.25482690163867,1.10645542645973,5.4641591706967,TRUE,NA
"u",8.16,-3.0897257668116,-0.207370983820862,1.25596389909936,1.10702046360772,5.46640531409955,TRUE,NA
"u",8.17,-3.09089798900713,-0.206552825082426,1.25709970088971,1.10758506894301,5.46865037844829,TRUE,NA
"u",8.18,-3.09206959251837,-0.205735449020631,1.25823430949444,1.10814924314337,5.47089436497672,TRUE,NA
"u",8.19,-3.0932405782474,-0.204918854113734,1.25936772739051,1.10871298688497,5.47313727491631,TRUE,NA
"u",8.2,-3.09441094709418,-0.204103038844508,1.26049995704718,1.10927630084234,5.47537910949628,TRUE,NA
"u",8.21,-3.09558069995657,-0.203288001700202,1.26163100092604,1.10983918568842,5.47761986994361,TRUE,NA
"u",8.22,-3.09674983773034,-0.202473741172565,1.262760861481,1.11040164209449,5.47985955748288,TRUE,NA
"u",8.23,-3.09791836130928,-0.201660255758286,1.26388954115739,1.11096367073066,5.48209817333771,TRUE,NA
"u",8.24,-3.0990862715847,-0.200847543956465,1.26501704239691,1.11152527226394,5.48433571872475,TRUE,NA
"u",8.25,-3.10025356944654,-0.200035604274188,1.26614336762679,1.11208644736229,5.48657219486651,TRUE,NA
"u",8.26,-3.10142025578196,-0.199224435219391,1.26726851927362,1.11264719668957,5.48880760297516,TRUE,NA
"u",8.27,-3.10258633147649,-0.198414035306413,1.26839249975256,1.11320752090949,5.49104194426528,TRUE,NA
"u",8.28,-3.10375179741349,-0.19760440305346,1.26951531147234,1.11376742068381,5.49327521994797,TRUE,NA
"u",8.29,-3.10491665447427,-0.1967955369831,1.27063695683421,1.11432689667274,5.4955074312322,TRUE,NA
"u",8.3,-3.10608090353812,-0.195987435622216,1.27175743823204,1.11488594953491,5.49773857932471,TRUE,NA
"u",8.31,-3.10724454548228,-0.195180097502024,1.2728767580523,1.11544457992737,5.4999686654299,TRUE,NA
"u",8.32,-3.10840758118197,-0.194373521158034,1.2739949186742,1.11600278850565,5.50219769075009,TRUE,NA
"u",8.33,-3.1095700115104,-0.193567705130038,1.27511192246953,1.11656057592369,5.50442565648533,TRUE,NA
"u",8.34,-3.11073183733875,-0.192762647962097,1.27622777180291,1.1171179428339,5.50665256383346,TRUE,NA
"u",8.35,-3.1118930595362,-0.191958348202521,1.27734246903161,1.11767488988714,5.50887841399012,TRUE,NA
"u",8.36,-3.11305367896994,-0.191154804403847,1.27845601650575,1.11823141773275,5.51110320814878,TRUE,NA
"u",8.37,-3.11421369650515,-0.190352015122833,1.27956841656824,1.11878752701851,5.51332694750075,TRUE,NA
"u",8.38,-3.11537311300502,-0.189549978920453,1.28067967155482,1.11934321839068,5.51554963323509,TRUE,NA
"u",8.39,-3.11653192933078,-0.188748694361836,1.28178978379409,1.11989849249399,5.51777126653874,TRUE,NA
"u",8.4,-3.11769014634166,-0.187948160016283,1.28289875560759,1.12045334997169,5.51999184859638,TRUE,NA
"u",8.41,-3.11884776489494,-0.187148374457268,1.2840065893097,1.12100779146545,5.52221138059065,TRUE,NA
"u",8.42,-3.12000478584591,-0.186349336262382,1.28511328720787,1.12156181761548,5.52442986370192,TRUE,NA
"u",8.43,-3.12116121004795,-0.185551044013328,1.28621885160242,1.12211542906048,5.52664729910847,TRUE,NA
"u",8.44,-3.12231703835243,-0.184753496295931,1.28732328478676,1.12266862643762,5.5288636879864,TRUE,NA
"u",8.45,-3.12347227160882,-0.183956691700095,1.28842658904729,1.1232214103826,5.53107903150969,TRUE,NA
"u",8.46,-3.12462691066464,-0.183160628819779,1.28952876666352,1.12377378152964,5.53329333085015,TRUE,NA
"u",8.47,-3.12578095636546,-0.182365306253024,1.290629819908,1.12432574051143,5.53550658717745,TRUE,NA
"u",8.48,-3.12693440955494,-0.181570722601886,1.29172975104645,1.12487728795922,5.53771880165917,TRUE,NA
"u",8.49,-3.12808727107481,-0.180776876472453,1.29282856233774,1.12542842450277,5.53992997546076,TRUE,NA
"u",8.5,-3.1292395417649,-0.179983766474833,1.29392625603389,1.12597915077035,5.5421401097455,TRUE,NA
"u",8.51,-3.13039122246311,-0.179191391223106,1.29502283438013,1.1265294673888,5.5443492056746,TRUE,NA
"u",8.52,-3.13154231400546,-0.178399749335342,1.29611829961496,1.12707937498347,5.54655726440716,TRUE,NA
"u",8.53,-3.13269281722605,-0.177608839433567,1.29721265397007,1.12762887417826,5.54876428710015,TRUE,NA
"u",8.54,-3.1338427329571,-0.176818660143757,1.29830589967051,1.12817796559559,5.55097027490849,TRUE,NA
"u",8.55,-3.13499206202895,-0.176029210095815,1.29939803893462,1.12872664985649,5.55317522898497,TRUE,NA
"u",8.56,-3.13614080527004,-0.175240487923574,1.30048907397405,1.12927492758047,5.5553791504803,TRUE,NA
"u",8.57,-3.13728896350696,-0.174452492264739,1.30157900699385,1.12982279938567,5.55758204054307,TRUE,NA
"u",8.58,-3.13843653756443,-0.173665221760931,1.30266784019245,1.13037026588874,5.55978390031986,TRUE,NA
"u",8.59,-3.13958352826528,-0.172878675057623,1.30375557576171,1.13091732770494,5.56198473095514,TRUE,NA
"u",8.6,-3.14072993643052,-0.172092850804167,1.30484221588692,1.13146398544806,5.56418453359133,TRUE,NA
"u",8.61,-3.14187576287928,-0.171307747653718,1.30592776274687,1.1320102397305,5.56638330936876,TRUE,NA
"u",8.62,-3.14302100842887,-0.170523364263289,1.30701221851382,1.13255609116325,5.56858105942568,TRUE,NA
"u",8.63,-3.14416567389473,-0.169739699293705,1.30809558535355,1.13310154035585,5.57077778489838,TRUE,NA
"u",8.64,-3.1453097600905,-0.168956751409571,1.30917786542542,1.13364658791645,5.57297348692102,TRUE,NA
"u",8.65,-3.14645326782797,-0.168174519279287,1.31025906088236,1.13419123445179,5.57516816662575,TRUE,NA
"u",8.66,-3.1475961979171,-0.167393001575018,1.31133917387088,1.13473548056723,5.57736182514266,TRUE,NA
"u",8.67,-3.14873855116607,-0.166612196972693,1.31241820653111,1.1352793268667,5.57955446359983,TRUE,NA
"u",8.68,-3.1498803283812,-0.165832104151963,1.31349616099688,1.13582277395276,5.58174608312331,TRUE,NA
"u",8.69,-3.15102153036704,-0.165052721796221,1.31457303939562,1.13636582242658,5.58393668483708,TRUE,NA
"u",8.7,-3.15216215792633,-0.164274048592566,1.31564884384855,1.13690847288794,5.58612626986321,TRUE,NA
"u",8.71,-3.15330221186,-0.163496083231788,1.31672357647054,1.13745072593524,5.58831483932162,TRUE,NA
"u",8.72,-3.15444169296722,-0.162718824408377,1.31779723937024,1.13799258216551,5.59050239433034,TRUE,NA
"u",8.73,-3.15558060204535,-0.161942270820476,1.31886983465011,1.13853404217442,5.59268893600531,TRUE,NA
"u",8.74,-3.15671893988998,-0.161166421169896,1.31994136440632,1.13907510655624,5.59487446546054,TRUE,NA
"u",8.75,-3.15785670729493,-0.160391274162086,1.32101183072897,1.1396157759039,5.59705898380798,TRUE,NA
"u",8.76,-3.15899390505224,-0.159616828506121,1.32208123570194,1.14015605080898,5.59924249215766,TRUE,NA
"u",8.77,-3.16013053395221,-0.15884308291469,1.32314958140298,1.1406959318617,5.60142499161753,TRUE,NA
"u",8.78,-3.16126659478337,-0.158070036104091,1.32421686990379,1.14123541965091,5.60360648329368,TRUE,NA
"u",8.79,-3.16240208833249,-0.157297686794205,1.32528310326994,1.14177451476413,5.60578696829014,TRUE,NA
"u",8.8,-3.16353701538461,-0.156526033708484,1.32634828356096,1.14231321778756,5.60796644770901,TRUE,NA
"u",8.81,-3.16467137672302,-0.155755075573948,1.32741241283035,1.14285152930601,5.61014492265038,TRUE,NA
"u",8.82,-3.16580517312926,-0.154984811121157,1.32847549312559,1.143389449903,5.61232239421245,TRUE,NA
"u",8.83,-3.16693840538318,-0.154215239084202,1.32953752648822,1.14392698016072,5.61449886349137,TRUE,NA
"u",8.84,-3.16807107426286,-0.153446358200714,1.33059851495372,1.14446412066,5.61667433158146,TRUE,NA
"u",8.85,-3.16920318054468,-0.152678167211804,1.33165846055174,1.14500087198039,5.61884879957493,TRUE,NA
"u",8.86,-3.17033472500331,-0.151910664862113,1.33271736530593,1.14553723470008,5.62102226856227,TRUE,NA
"u",8.87,-3.17146570841171,-0.151143849899718,1.33377523123412,1.14607320939598,5.62319473963179,TRUE,NA
"u",8.88,-3.17259613154111,-0.150377721076212,1.3348320603482,1.14660879664368,5.62536621387006,TRUE,NA
"u",8.89,-3.17372599516108,-0.149612277146606,1.33588785465427,1.14714399701747,5.6275366923616,TRUE,NA
"u",8.9,-3.17485530003947,-0.148847516869377,1.33694261615254,1.14767881109032,5.62970617618911,TRUE,NA
"u",8.91,-3.17598404694244,-0.148083439006424,1.3379963468375,1.14821323943392,5.63187466643325,TRUE,NA
"u",8.92,-3.17711223663447,-0.147320042323067,1.3390490486978,1.14874728261866,5.63404216417289,TRUE,NA
"u",8.93,-3.17823986987837,-0.146557325588013,1.34010072371634,1.14928094121365,5.63620867048487,TRUE,NA
"u",8.94,-3.17936694743526,-0.14579528757339,1.34115137387031,1.1498142157867,5.63837418644425,TRUE,NA
"u",8.95,-3.18049347006462,-0.145033927054683,1.34220100113115,1.15034710690434,5.64053871312408,TRUE,NA
"u",8.96,-3.18161943852422,-0.144273242810752,1.34324960746465,1.15087961513183,5.64270225159558,TRUE,NA
"u",8.97,-3.18274485357021,-0.14351323362382,1.34429719483089,1.15141174103314,5.64486480292806,TRUE,NA
"u",8.98,-3.18386971595707,-0.142753898279432,1.34534376518432,1.151943485171,5.64702636818893,TRUE,NA
"u",8.99,-3.18499402643762,-0.141995235566478,1.34638932047378,1.15247484810684,5.64918694844376,TRUE,NA
"u",9,-3.18611778576307,-0.141237244277163,1.34743386264247,1.15300583040085,5.65134654475618,TRUE,NA
"u",9.01,-3.18724099468296,-0.140479923207001,1.34847739362804,1.15353643261194,5.65350515818803,TRUE,NA
"u",9.02,-3.1883636539452,-0.139723271154782,1.34951991536256,1.1540666552978,5.65566278979917,TRUE,NA
"u",9.03,-3.18948576429607,-0.138967286922596,1.35056142977257,1.15459649901483,5.65781944064768,TRUE,NA
"u",9.04,-3.19060732648024,-0.138211969315798,1.35160193877905,1.1551259643182,5.65997511178979,TRUE,NA
"u",9.05,-3.19172834124074,-0.137457317142988,1.35264144429757,1.15565505176184,5.6621298042798,TRUE,NA
"u",9.06,-3.19284880931901,-0.136703329216027,1.35367994823812,1.15618376189842,5.6642835191702,TRUE,NA
"u",9.07,-3.19396873145485,-0.135950004350004,1.35471745250532,1.15671209527941,5.66643625751168,TRUE,NA
"u",9.08,-3.19508810838647,-0.135197341363229,1.35575395899827,1.15724005245501,5.66858802035302,TRUE,NA
"u",9.09,-3.19620694085048,-0.134445339077212,1.35678946961074,1.15776763397421,5.67073880874115,TRUE,NA
"u",9.1,-3.19732522958189,-0.133693996316677,1.35782398623105,1.15829484038477,5.67288862372126,TRUE,NA
"u",9.11,-3.19844297531412,-0.132943311909519,1.35885751074214,1.15882167223323,5.67503746633663,TRUE,NA
"u",9.12,-3.199560178779,-0.132193284686823,1.35989004502164,1.15934813006492,5.67718533762871,TRUE,NA
"u",9.13,-3.20067684070679,-0.131443913482828,1.36092159094183,1.15987421442393,5.67933223863718,TRUE,NA
"u",9.14,-3.20179296182615,-0.130695197134925,1.36195215036964,1.16039992585316,5.68147817039989,TRUE,NA
"u",9.15,-3.2029085428642,-0.129947134483639,1.36298172516677,1.16092526489431,5.68362313395285,TRUE,NA
"u",9.16,-3.20402358454646,-0.129199724372641,1.36401031718958,1.16145023208786,5.68576713033031,TRUE,NA
"u",9.17,-3.2051380875969,-0.128452965648707,1.36503792828922,1.16197482797308,5.68791016056467,TRUE,NA
"u",9.18,-3.20625205273793,-0.12770685716171,1.36606456031161,1.16249905308808,5.69005222568656,TRUE,NA
"u",9.19,-3.20736548069041,-0.126961397764648,1.36709021509741,1.16302290796974,5.69219332672479,TRUE,NA
"u",9.2,-3.20847837217364,-0.126216586313569,1.36811489448214,1.16354639315378,5.69433346470638,TRUE,NA
"u",9.21,-3.20959072790539,-0.125472421667612,1.3691386002961,1.16406950917471,5.69647264065665,TRUE,NA
"u",9.22,-3.21070254860188,-0.12472890268897,1.37016133436449,1.16459225656587,5.69861085559896,TRUE,NA
"u",9.23,-3.21181383497779,-0.123986028242899,1.3711830985073,1.16511463585941,5.70074811055511,TRUE,NA
"u",9.24,-3.21292458774627,-0.123243797197674,1.37220389453946,1.16563664758634,5.70288440654493,TRUE,NA
"u",9.25,-3.21403480761896,-0.122502208424621,1.37322372427078,1.16615829227644,5.70501974458663,TRUE,NA
"u",9.26,-3.21514449530595,-0.121761260798062,1.374242589506,1.16667957045837,5.70715412569652,TRUE,NA
"u",9.27,-3.21625365151583,-0.121020953195343,1.37526049204479,1.16720048265961,5.7092875508893,TRUE,NA
"u",9.28,-3.21736227695567,-0.120281284496795,1.37627743368179,1.16772102940647,5.71142002117777,TRUE,NA
"u",9.29,-3.21847037233104,-0.119542253585738,1.37729341620659,1.16824121122412,5.71355153757306,TRUE,NA
"u",9.3,-3.21957793834598,-0.118803859348466,1.37830844140383,1.16876102863655,5.71568210108454,TRUE,NA
"u",9.31,-3.22068497570307,-0.11806610067424,1.37932251105311,1.16928048216661,5.71781171271981,TRUE,NA
"u",9.32,-3.22179148510334,-0.117328976455269,1.38033562692909,1.16979957233602,5.71994037348475,TRUE,NA
"u",9.33,-3.22289746724639,-0.116592485586704,1.3813477908015,1.17031829966534,5.72206808438352,TRUE,NA
"u",9.34,-3.22400292283028,-0.115856626966644,1.38235900443509,1.17083666467397,5.72419484641855,TRUE,NA
"u",9.35,-3.22510785255162,-0.115121399496077,1.38336926958974,1.17135466788021,5.72632066059044,TRUE,NA
"u",9.36,-3.22621225710551,-0.114386802078938,1.38437858802042,1.1718723098012,5.7284455278982,TRUE,NA
"u",9.37,-3.22731613718562,-0.113652833622041,1.38538696147726,1.17238959095296,5.73056944933905,TRUE,NA
"u",9.38,-3.2284194934841,-0.112919493035101,1.38639439170544,1.17290651185036,5.73269242590852,TRUE,NA
"u",9.39,-3.22952232669168,-0.112186779230696,1.38740088044544,1.17342307300719,5.73481445860041,TRUE,NA
"u",9.4,-3.2306246374976,-0.111454691124305,1.38840642943279,1.17393927493607,5.73693554840683,TRUE,NA
"u",9.41,-3.23172642658963,-0.110723227634236,1.38941104039829,1.17445511814854,5.73905569631815,TRUE,NA
"u",9.42,-3.23282769465413,-0.109992387681672,1.39041471506792,1.17497060315499,5.74117490332307,TRUE,NA
"u",9.43,-3.23392844237597,-0.109262170190607,1.39141745516292,1.17548573046474,5.7432931704086,TRUE,NA
"u",9.44,-3.23502867043859,-0.108532574087892,1.39241926239976,1.17600050058596,5.74541049856003,TRUE,NA
"u",9.45,-3.23612837952401,-0.107803598303185,1.39342013849018,1.17651491402575,5.74752688876101,TRUE,NA
"u",9.46,-3.23722757031277,-0.107075241768955,1.3944200851412,1.17702897129008,5.74964234199347,TRUE,NA
"u",9.47,-3.23832624348401,-0.106347503420472,1.39541910405518,1.17754267288384,5.75175685923761,TRUE,NA
"u",9.48,-3.23942439971544,-0.105620382195795,1.39641719692972,1.17805601931081,5.75387044147205,TRUE,NA
"u",9.49,-3.24052203968332,-0.104893877035765,1.39741436545783,1.17856901107371,5.75598308967372,TRUE,NA
"u",9.5,-3.24161916406253,-0.104167986883989,1.39841061132784,1.17908164867412,5.75809480481778,TRUE,NA
"u",9.51,-3.24271577352649,-0.103442710686836,1.39940593622345,1.17959393261258,5.76020558787787,TRUE,NA
"u",9.52,-3.24381186874725,-0.102718047393425,1.40040034182377,1.18010586338852,5.76231543982587,TRUE,NA
"u",9.53,-3.24490745039542,-0.101993995955627,1.40139382980328,1.1806174415003,5.76442436163204,TRUE,NA
"u",9.54,-3.24600251914022,-0.101270555328032,1.40238640183188,1.1811286674452,5.76653235426498,TRUE,NA
"u",9.55,-3.24709707564946,-0.10054772446795,1.40337805957497,1.18163954171945,5.76863941869163,TRUE,NA
"u",9.56,-3.24819112058958,-0.0998255023354164,1.40436880469333,1.18215006481816,5.77074555587726,TRUE,NA
"u",9.57,-3.24928465462559,-0.0991038878931616,1.40535863884323,1.18266023723542,5.77285076678562,TRUE,NA
"u",9.58,-3.25037767842113,-0.0983828801066107,1.40634756367645,1.18317005946422,5.7749550523787,TRUE,NA
"u",9.59,-3.25147019263848,-0.0976624779438704,1.40733558084025,1.18367953199653,5.77705841361685,TRUE,NA
"u",9.6,-3.2525621979385,-0.0969426803757223,1.40832269197741,1.18418865532324,5.77916085145887,TRUE,NA
"u",9.61,-3.2536536949807,-0.0962234863756244,1.40930889872625,1.18469742993416,5.78126236686188,TRUE,NA
"u",9.62,-3.2547446844232,-0.0955048949196788,1.41029420272067,1.18520585631809,5.78336296078139,TRUE,NA
"u",9.63,-3.25583516692276,-0.0947869049866354,1.41127860559007,1.18571393496276,5.7854626341713,TRUE,NA
"u",9.64,-3.25692514313479,-0.0940695155578868,1.41226210895952,1.18622166635485,5.78756138798387,TRUE,NA
"u",9.65,-3.25801461371331,-0.0933527256174509,1.41324471444962,1.18672905098002,5.7896592231698,TRUE,NA
"u",9.66,-3.259103579311,-0.0926365341519695,1.41422642367662,1.18723608932286,5.79175614067812,TRUE,NA
"u",9.67,-3.2601920405792,-0.0919209401506915,1.41520723825238,1.18774278186695,5.79385214145626,TRUE,NA
"u",9.68,-3.26127999816787,-0.0912059426054683,1.41618715978443,1.18824912909482,5.79594722645015,TRUE,NA
"u",9.69,-3.26236745272565,-0.0904915405107372,1.41716618987593,1.18875513148797,5.79804139660396,TRUE,NA
"u",9.7,-3.26345440489983,-0.0897777328635345,1.41814433012577,1.18926078952688,5.80013465286038,TRUE,NA
"u",9.71,-3.26454085533635,-0.08906451866345,1.4191215821285,1.189766103691,5.80222699616053,TRUE,NA
"u",9.72,-3.26562680467985,-0.0883518969126618,1.42009794747436,1.19027107445876,5.80431842744385,TRUE,NA
"u",9.73,-3.2667122535736,-0.0876398666158842,1.42107342774936,1.19077570230757,5.80640894764823,TRUE,NA
"u",9.74,-3.26779720265957,-0.0869284267803918,1.42204802453522,1.19127998771381,5.80849855771002,TRUE,NA
"u",9.75,-3.2688816525784,-0.0862175764159994,1.42302173940943,1.19178393115288,5.81058725856399,TRUE,NA
"u",9.76,-3.2699656039694,-0.0855073145350471,1.42399457394522,1.19228753309913,5.81267505114331,TRUE,NA
"u",9.77,-3.2710490574706,-0.0847976401523898,1.42496652971165,1.19279079402594,5.81476193637957,TRUE,NA
"u",9.78,-3.27213201371866,-0.0840885522854182,1.42593760827355,1.19329371440565,5.81684791520286,TRUE,NA
"u",9.79,-3.27321447334899,-0.0833800499539983,1.4269078111916,1.19379629470963,5.81893298854161,TRUE,NA
"u",9.8,-3.27429643699566,-0.0826721321805173,1.42787714002226,1.19429853540823,5.82101715732282,TRUE,NA
"u",9.81,-3.27537790529147,-0.0819647979898317,1.42884559631785,1.19480043697081,5.82310042247178,TRUE,NA
"u",9.82,-3.27645887886788,-0.0812580464092991,1.42981318162659,1.19530199986573,5.82518278491241,TRUE,NA
"u",9.83,-3.27753935835509,-0.0805518764687188,1.43077989749253,1.19580322456038,5.82726424556697,TRUE,NA
"u",9.84,-3.278619344382,-0.0798462872003745,1.43174574545561,1.19630411152114,5.82934480535618,TRUE,NA
"u",9.85,-3.27969883757624,-0.0791412776389904,1.4327107270517,1.19680466121341,5.83142446519922,TRUE,NA
"u",9.86,-3.28077783856413,-0.0784368468217429,1.4336748438126,1.19730487410162,5.83350322601379,TRUE,NA
"u",9.87,-3.28185634797072,-0.07773299378825,1.43463809726596,1.19780475064921,5.83558108871601,TRUE,NA
"u",9.88,-3.2829343664198,-0.0770297175805417,1.43560048893551,1.19830429131864,5.83765805422047,TRUE,NA
"u",9.89,-3.28401189453388,-0.0763270172430861,1.43656202034081,1.19880349657141,5.83973412344029,TRUE,NA
"u",9.9,-3.28508893293419,-0.0756248918227507,1.43752269299748,1.19930236686803,5.84180929728699,TRUE,NA
"u",9.91,-3.28616548224071,-0.0749233403688145,1.4384825084171,1.19980090266807,5.84388357667061,TRUE,NA
"u",9.92,-3.28724154307215,-0.0742223619329541,1.43944146810724,1.2002991044301,5.84595696249969,TRUE,NA
"u",9.93,-3.28831711604598,-0.0735219555692286,1.44039957357154,1.20079697261174,5.84802945568125,TRUE,NA
"u",9.94,-3.28939220177839,-0.0728221203340707,1.4413568263096,1.20129450766968,5.85010105712076,TRUE,NA
"u",9.95,-3.29046680088433,-0.0721228552863029,1.44231322781713,1.2017917100596,5.85217176772225,TRUE,NA
"u",9.96,-3.29154091397751,-0.071424159487095,1.44326877958586,1.20228858023626,5.85424158838821,TRUE,NA
"u",9.97,-3.2926145416704,-0.0707260319999747,1.44422348310362,1.20278511865346,5.85631052001964,TRUE,NA
"u",9.98,-3.2936876845742,-0.0700284718908342,1.4451773398543,1.20328132576405,5.85837856351604,TRUE,NA
"u",9.99,-3.29476034329891,-0.0693314782278733,1.44613035131792,1.20377720201994,5.86044571977544,TRUE,NA
"u",10,-3.29583251845328,-0.0686350500816584,1.44708251897058,1.20427274787207,5.86251198969437,TRUE,NA
