"sweep_param","sweep_value","xL","xk","xl","xU","gamma","converged","error_msg"
"sigma",0.1,-0.84461319218299,-0.341046394598212,0.460097748650005,0.464051658736747,1.31337144440954,TRUE,NA
"sigma",0.11,-0.843681614178575,-0.344708948984566,0.458010413558775,0.46280719296337,1.32179866610297,TRUE,NA
"sigma",0.12,-0.842831110707802,-0.348210611112053,0.456032026431875,0.461752086829564,1.33036428117695,TRUE,NA
"sigma",0.13,-0.842061895150526,-0.351545647703694,0.454164279719282,0.460886760347837,1.3390682352645,TRUE,NA
"sigma",0.14,-0.841374137060247,-0.354708585840365,0.452408735926627,0.460211182614605,1.34791043851388,TRUE,NA
"sigma",0.15,-0.840767955340225,-0.35769424367316,0.450766807762681,0.459724864359832,1.35689075472698,TRUE,NA
"sigma",0.16,-0.840243411127077,-0.360497761894373,0.449239738251195,0.459426855535601,1.36600898994247,TRUE,NA
"sigma",0.17,-0.839800500476265,-0.363114635592639,0.447828581135725,0.45931574787746,1.37526488060019,TRUE,NA
"sigma",0.18,-0.839439146964146,-0.365540746066916,0.446534181930419,0.459389682263981,1.38465808145589,TRUE,NA
"sigma",0.19,-0.83915919434348,-0.367772392134515,0.44535715997981,0.459646360605412,1.3941881534512,TRUE,NA
"sigma",0.2,-0.838960399407819,-0.369806320455756,0.444297891905035,0.460083061916862,1.40385455177453,TRUE,NA
"sigma",0.21,-0.838842425233918,-0.371639754504784,0.443356496818349,0.460696662182802,1.41365661437232,TRUE,NA
"sigma",0.22,-0.838804834995379,-0.373270422303594,0.442532823681711,0.461483657580131,1.42359355121163,TRUE,NA
"sigma",0.23,-0.838847086552672,-0.374696584160193,0.441826441205228,0.462440190644353,1.43366443461791,TRUE,NA
"sigma",0.24,-0.838968528059873,-0.375917063399234,0.441236630717974,0.463562079017679,1.44386819107495,TRUE,NA
"sigma",0.25,-0.839168394881577,-0.376931284547571,0.440762382501715,0.464844846502401,1.45420359496812,TRUE,NA
"sigma",0.26,-0.839445808153285,-0.377739323129255,0.440402396166935,0.466283756287393,1.46466926482612,TRUE,NA
"sigma",0.27,-0.839799775350683,-0.378341968203505,0.440155085659593,0.467873846267049,1.47526366267906,TRUE,NA
"sigma",0.28,-0.840229193181383,-0.378740793510778,0.440018589398013,0.469609966371719,1.48598509707424,TRUE,NA
"sigma",0.29,-0.84073285299063,-0.378938227625606,0.439990785789254,0.471486817680228,1.49683173009776,TRUE,NA
"sigma",0.3,-0.841309448682778,-0.378937610166273,0.440069313970919,0.47349899283344,1.50780158844292,TRUE,NA
"sigma",0.31,-0.841957586920025,-0.37874322123382,0.440251599216846,0.475641017010179,1.51889257817219,TRUE,NA
"sigma",0.32,-0.842675799167886,-0.378360274799266,0.440534882008686,0.477907388493785,1.53010250250324,TRUE,NA
"sigma",0.33,-0.843462555002526,-0.377794872325019,0.44091624951636,0.480292617749441,1.54142908169139,TRUE,NA
"sigma",0.34,-0.844316276029243,-0.377053918795616,0.441392668122326,0.482791263977715,1.55286997396789,TRUE,NA
"sigma",0.35,-0.845235349786838,-0.376145008101424,0.441961015661829,0.485397968251456,1.56442279652928,TRUE,NA
"sigma",0.36,-0.8462181430934,-0.37507628756228,0.442618112221471,0.488107482577137,1.57608514570044,TRUE,NA
"sigma",0.37,-0.847263014404638,-0.373856312210522,0.443360748624468,0.490914694525024,1.58785461557803,TRUE,NA
"sigma",0.38,-0.848368324898001,-0.372493898681608,0.44418571197665,0.493814647317608,1.59972881469024,TRUE,NA
"sigma",0.39,-0.849532448138007,-0.370997986764447,0.445089807909332,0.496802555494381,1.61170538043935,TRUE,NA
"sigma",0.4,-0.850753778260575,-0.369377514356098,0.446069879429541,0.499873816487299,1.62378199122464,TRUE,NA
"sigma",0.41,-0.8520307367277,-0.367641309348835,0.447122822413774,0.503024018521939,1.63595637632875,TRUE,NA
"sigma",0.42,-0.853361777742836,-0.36579799998141,0.448245597944009,0.506248945351289,1.64822632371241,TRUE,NA
"sigma",0.43,-0.854745392497172,-0.363855943716338,0.449435241697656,0.509544578298273,1.66058968599514,TRUE,NA
"sigma",0.44,-0.856180112351301,-0.361823173499921,0.450688870811646,0.512907096182213,1.67304438478589,TRUE,NA
"sigma",0.45,-0.857664511135582,-0.359707359702682,0.452003688416667,0.516332873495209,1.68558841366144,TRUE,NA
"sigma",0.46,-0.85919720677818,-0.357515785743731,0.453376986242493,0.519818477272494,1.69821984013543,TRUE,NA
"sigma",0.47,-0.860776862219286,-0.355255334954167,0.454806145503928,0.523360662944332,1.71093680653208,TRUE,NA
"sigma",0.48,-0.862402186080763,-0.352932487086138,0.456288636371239,0.526956369417539,1.72373753055688,TRUE,NA
"sigma",0.49,-0.864071933516766,-0.350553323004154,0.457822015715704,0.530602713151141,1.7366203062914,TRUE,NA
"sigma",0.5,NA,NA,NA,NA,NA,FALSE,"S1: |a_{i,1}|≈0 detected. Use the cubic (Remark 1) branch for p_i(x)."
"sigma",0.51,-0.867539939219462,-0.34564841736328,0.461032100903276,0.53803664214045,1.76262554614091,TRUE,NA
"sigma",0.52,-0.869335931971544,-0.343132937433762,0.462704335909114,0.541819300020083,1.77574496261683,TRUE,NA
"sigma",0.53,-0.871171816301284,-0.340581699693836,0.464418510200239,0.545642728088525,1.78894033351768,TRUE,NA
"sigma",0.54,-0.873046567829271,-0.337998987255213,0.466172574540811,0.549504845294493,1.80221030959847,TRUE,NA
"sigma",0.55,-0.874959205162328,-0.335388781123308,0.467964545013403,0.553403710746105,1.81555361069829,TRUE,NA
"sigma",0.56,-0.876908787965975,-0.332754778715621,0.469792500615822,0.557337518082124,1.82896902241195,TRUE,NA
"sigma",0.57,-0.87889441586195,-0.330100413317809,0.471654579024345,0.561304588583817,1.84245539423332,TRUE,NA
"sigma",0.58,-0.880915227206878,-0.327428872805436,0.473548973207751,0.565303364562196,1.85601163752495,TRUE,NA
"sigma",0.59,-0.882970397822558,-0.32474311753819,0.475473927903931,0.569332402494686,1.86963672343093,TRUE,NA
"sigma",0.6,-0.885059139693927,-0.322045897318691,0.477427736546663,0.573390366210333,1.88332968075575,TRUE,NA
"sigma",0.61,-0.887180699574549,-0.319339767246332,0.479408738442235,0.577476020051441,1.89708959369759,TRUE,NA
"sigma",0.62,-0.889334357556519,-0.316627102508034,0.481415316305963,0.581588222073549,1.91091559953047,TRUE,NA
"sigma",0.63,-0.891519425596442,-0.313910112080906,0.483445894102797,0.585725917298517,1.92480688621581,TRUE,NA
"sigma",0.64,-0.893735246004757,-0.311190851366386,0.485498935213062,0.589888131063592,1.93876268995118,TRUE,NA
"sigma",0.65,-0.895981189909311,-0.308471233796438,0.487572940906913,0.594073962503526,1.95278229267131,TRUE,NA
"sigma",0.66,-0.898256655703708,-0.305753041462658,0.489666449098402,0.598282578194331,1.96686501951604,TRUE,NA
"sigma",0.67,-0.900561067487027,-0.303037934820487,0.491778033361574,0.602513205994171,1.9810102362734,TRUE,NA
"sigma",0.68,-0.902893873506363,-0.300327461532854,0.493906302190648,0.60676512912113,1.99521734681535,TRUE,NA
"sigma",0.69,-0.905254544613791,-0.297623064519271,0.496049898455911,0.611037680478448,2.00948579054395,TRUE,NA
"sigma",0.7,-0.907642572743469,-0.294926089269499,0.498207499046583,0.615330237267991,2.02381503985641,TRUE,NA
"sigma",0.71,-0.910057469420488,-0.292237790488658,0.500377814659257,0.619642215901762,2.03820459764805,TRUE,NA
"sigma",0.72,-0.912498764308835,-0.2895593381335,0.502559589707352,0.623973067230906,2.05265399486518,TRUE,NA
"sigma",0.73,-0.914966003805741,-0.286891822897702,0.504751602325865,0.628322272102623,2.06716278812027,TRUE,NA
"sigma",0.74,-0.917458749688781,-0.284236261200561,0.506952664444845,0.632689337252174,2.08173055738053,TRUE,NA
"sigma",0.75,-0.919976577822586,-0.281593599732003,0.509161621906066,0.637073791531296,2.09635690374218,TRUE,NA
"sigma",0.76,-0.922519076928325,-0.278964719598806,0.511377354607165,0.641475182474009,2.11104144729671,TRUE,NA
"sigma",0.77,-0.925085847420338,-0.276350440116351,0.513598776648359,0.645893073192619,2.12578382509743,TRUE,NA
"sigma",0.78,-0.927676500313202,-0.273751522286096,0.515824836470297,0.650327039598194,2.14058368923337,TRUE,NA
"sigma",0.79,-0.930290656199648,-0.27116867199229,0.51805451696672,0.654776667933463,2.15544070501239,TRUE,NA
"sigma",0.8,-0.932927944302024,-0.268602542952562,0.520286835560998,0.65924155260587,2.17035454925962,TRUE,NA
"sigma",0.81,-0.93558800159551,-0.266053739448037,0.522520844238109,0.663721294306166,2.1853249087295,TRUE,NA
"sigma",0.82,-0.938270472005009,-0.263522818862128,0.524755629522283,0.668215498395088,2.20035147863652,TRUE,NA
"sigma",0.83,-0.940975005671801,-0.26101029404642,0.526990312399171,0.672723773542638,2.21543396129906,TRUE,NA
"sigma",0.84,-0.943701258290197,-0.258516635536374,0.529224048174633,0.677245730599929,2.23057206489852,TRUE,NA
"sigma",0.85,-0.946448890511358,-0.256042273633246,0.531456026271248,0.68178098168631,2.2457655023502,TRUE,NA
"sigma",0.86,-0.949217567410914,-0.253587600366193,0.533685469960791,0.686329139472755,2.2610139902815,TRUE,NA
"sigma",0.87,-0.952006958018725,-0.251152971349556,0.535911636033198,0.690889816642806,2.27631724811608,TRUE,NA
"sigma",0.88,-0.954816734906081,-0.2487387075443,0.538133814404072,0.695462625513254,2.29167499725672,TRUE,NA
"sigma",0.89,-0.957646573828436,-0.24634509693557,0.540351327662761,0.700047177796687,2.30708696036535,TRUE,NA
"sigma",0.9,-0.960496153418527,-0.24397239613209,0.542563530564896,0.704643084489294,2.3225528607318,TRUE,NA
"sigma",0.91,-0.963365154927624,-0.241620831896511,0.54476980947178,0.709249955867348,2.33807242172873,TRUE,NA
"sigma",0.92,-0.966253262010373,-0.239290602611218,0.546969581742533,0.713867401577861,2.3536453663457,TRUE,NA
"sigma",0.93,-0.96916016054998,-0.236981879685166,0.54916229508139,0.718495030808476,2.36927141679727,TRUE,NA
"sigma",0.94,-0.972085538520031,-0.234694808905707,0.551347426846742,0.723132452524119,2.38495029419979,TRUE,NA
"sigma",0.95,-0.975029085879567,-0.232429511739076,0.553524483324824,0.727779275757611,2.40068171831115,TRUE,NA
"sigma",0.96,-0.977990494497995,-0.230186086582378,0.555692998973698,0.732435109943588,2.41646540732844,TRUE,NA
"sigma",0.97,-0.980969458106415,-0.227964609969254,0.557852535642343,0.737099565285542,2.4323010777376,TRUE,NA
"sigma",0.98,-0.983965672272756,-0.225765137731989,0.560002681768418,0.741772253146756,2.44818844421118,TRUE,NA
"sigma",0.99,-0.986978834397277,-0.223587706121,0.562143051560095,0.746452786457337,2.46412721954821,TRUE,NA
"sigma",1,-0.990008643726067,-0.221432332883735,0.56427328416529,0.751140780129834,2.48011711465233,TRUE,NA
"sigma",1.01,-0.993054801379826,-0.219299018303991,0.566393042832966,0.755835851477572,2.49615783854353,TRUE,NA
"sigma",1.02,-0.996117010395718,-0.217187746203027,0.568502014069424,0.760537620629836,2.51224909839971,TRUE,NA
"sigma",1.03,-0.999194975779751,-0.21509848490289,0.570599906793883,0.76524571093963,2.5283905996235,TRUE,NA
"sigma",1.04,-1.00228840456826,-0.213031188153713,0.572686451495661,0.769959749379715,2.54458204593198,TRUE,NA
"sigma",1.05,-1.005397005896,-0.210985796024863,0.574761399396611,0.774679366923894,2.56082313946463,TRUE,NA
"sigma",1.06,-1.00852049106976,-0.208962235761475,0.576824521621004,0.779404198910739,2.57711358090759,TRUE,NA
"sigma",1.07,-1.01165857364569,-0.206960422606692,0.578875608375196,0.784133885387528,2.59345306963083,TRUE,NA
"sigma",1.08,-1.01481096950899,-0.204980260590419,0.580914468139683,0.788868071432949,2.60984130383577,TRUE,NA
"sigma",1.09,-1.01797739695501,-0.203021643285447,0.582940926874794,0.79360640745714,2.6262779807113,TRUE,NA
"sigma",1.1,-1.02115757677044,-0.201084454531458,0.584954827242133,0.798348549478362,2.64276279659567,TRUE,NA
"sigma",1.11,-1.02435123231386,-0.1991685691279,0.586956027842802,0.803094159375744,2.65929544714293,TRUE,NA
"sigma",1.12,-1.02755808959475,-0.197273853496129,0.588944402474089,0.807842905117974,2.67587562749161,TRUE,NA
"sigma",1.13,-1.03077787735032,-0.195400166312004,0.590919839404913,0.812594460967905,2.69250303243483,TRUE,NA
"sigma",1.14,-1.03401032711954,-0.193547359109219,0.592882240671684,0.817348507663479,2.70917735658985,TRUE,NA
"sigma",1.15,-1.03725517331395,-0.191715276854617,0.594831521394375,0.822104732575317,2.72589829456656,TRUE,NA
"sigma",1.16,-1.04051215328479,-0.189903758495875,0.596767609113995,0.826862829841686,2.74266554113335,TRUE,NA
"sigma",1.17,-1.0437810073861,-0.188112637482675,0.59869044315135,0.831622500481558,2.75947879137994,TRUE,NA
"sigma",1.18,-1.04706147903363,-0.186341742261931,0.600599973987574,0.836383452486628,2.77633774087609,TRUE,NA
"sigma",1.19,-1.05035331475936,-0.184590896748128,0.602496162666193,0.841145400893167,2.79324208582597,TRUE,NA
"sigma",1.2,-1.05365626426134,-0.182859920769272,0.604378980217323,0.845908067834818,2.81019152321715,TRUE,NA
"sigma",1.21,-1.056970080449,-0.181148630489658,0.606248407103106,0.850671182577214,2.82718575096436,TRUE,NA
"sigma",1.22,-1.06029451948376,-0.179456838809959,0.608104432684889,0.855434481535617,2.8442244680473,TRUE,NA
"sigma",1.23,-1.06362934081494,-0.17778435574565,0.609947054711472,0.860197708276534,2.86130737464242,TRUE,NA
"sigma",1.24,-1.06697430721103,-0.176130988784458,0.611776278828322,0.86496061350448,2.87843417224845,TRUE,NA
"sigma",1.25,-1.0703291847864,-0.174496543223727,0.613592118107265,0.869722955034869,2.89560456380552,TRUE,NA
"sigma",1.26,-1.07369374302356,-0.1728808224885,0.615394592596274,0.874484497754127,2.91281825380794,TRUE,NA
"sigma",1.27,-1.07706775479093,-0.171283628431002,0.617183728888899,0.879245013568043,2.93007494841038,TRUE,NA
"sigma",1.28,-1.08045099635653,-0.169704761612443,0.618959559712889,0.884004281339356,2.94737435552782,TRUE,NA
"sigma",1.29,-1.08384324739739,-0.168144021567778,0.620722123537353,0.888762086815512,2.96471618492893,TRUE,NA
"sigma",1.3,-1.08724429100512,-0.166601207054206,0.622471464198163,0.89351822254758,2.98210014832323,TRUE,NA
"sigma",1.31,-1.09065391368767,-0.165076116284201,0.624207630540745,0.898272487801123,2.99952595944223,TRUE,NA
"sigma",1.32,-1.09407190536742,-0.163568547143637,0.625930676080013,0.903024688459969,3.01699333411429,TRUE,NA
"sigma",1.33,-1.09749805937587,-0.162078297395865,0.627640658676553,0.907774636923593,3.03450199033381,TRUE,NA
"sigma",1.34,-1.10093217244507,-0.160605164872249,0.629337640228837,0.912522151998947,3.05205164832462,TRUE,NA
"sigma",1.35,-1.10437404469586,-0.159148947649954,0.631021686380539,0.917267058787392,3.0696420305979,TRUE,NA
"sigma",1.36,-1.10782347962332,-0.15770944421748,0.632692866242689,0.922009188567455,3.08727286200472,TRUE,NA
"sigma",1.37,-1.11128028407937,-0.15628645362868,0.634351252129858,0.926748378674,3.10494386978353,TRUE,NA
"sigma",1.38,-1.11474426825288,-0.154879775645691,0.635996919310058,0.931484472374447,3.12265478360265,TRUE,NA
"sigma",1.39,-1.11821524564733,-0.153489210871565,0.637629945767478,0.936217318742526,3.14040533559812,TRUE,NA
"sigma",1.4,-1.12169303305627,-0.152114560872862,0.639250411977927,0.940946772530152,3.15819526040697,TRUE,NA
"sigma",1.41,-1.12517745053671,-0.150755628292986,0.64085840069608,0.945672694037822,3.17602429519628,TRUE,NA
"sigma",1.42,-1.12866832138058,-0.149412216956606,0.642453996754244,0.950394948984003,3.19389217968805,TRUE,NA
"sigma",1.43,-1.13216547208447,-0.148084131965685,0.64403728687213,0.95511340837393,3.21179865618026,TRUE,NA
"sigma",1.44,-1.13566873231809,-0.146771179788995,0.645608359475036,0.959827948370569,3.22974346956617,TRUE,NA
"sigma",1.45,-1.13917793488956,-0.145473168337256,0.647167304531675,0.96453845015334,3.2477263673404,TRUE,NA
"sigma",1.46,-1.14269291571274,-0.14418990704498,0.648714213382385,0.969244799802094,3.26574709962123,TRUE,NA
"sigma",1.47,-1.14621351377006,-0.142921206931856,0.650249178595551,0.973946888156731,3.28380541915021,TRUE,NA
"sigma",1.48,-1.14973957107583,-0.141666880664782,0.651772293823176,0.978644610690319,3.30190108129871,TRUE,NA
"sigma",1.49,-1.15327093263841,-0.14042674261263,0.6532836536665,0.983337867380801,3.32003384406972,TRUE,NA
"sigma",1.5,-1.15680744642143,-0.139200608895409,0.654783353549551,0.988026562584094,3.3382034680971,TRUE,NA
"sigma",1.51,-1.1603489633043,-0.137988297428229,0.65627148960017,0.992710604908658,3.35640971664236,TRUE,NA
"sigma",1.52,-1.16389533704209,-0.136789627960364,0.657748158538059,0.997389907091771,3.3746523555893,TRUE,NA
"sigma",1.53,-1.16744642422492,-0.135604422109712,0.659213457569654,1.00206438587759,3.3929311534365,TRUE,NA
"sigma",1.54,-1.17100208423677,-0.134432503392897,0.660667484289382,1.00673396189722,3.41124588128779,TRUE,NA
"sigma",1.55,-1.17456217921407,-0.133273697251373,0.662110336586974,1.01139855955069,3.42959631284102,TRUE,NA
"sigma",1.56,-1.17812657400393,-0.132127831073713,0.663542112560594,1.01605810689125,3.44798222437512,TRUE,NA
"sigma",1.57,-1.18169513612212,-0.130994734214359,0.664962910435423,1.02071253551169,3.46640339473555,TRUE,NA
"sigma",1.58,-1.18526773571103,-0.129874238009042,0.666372828487454,1.02536178043307,3.4848596053184,TRUE,NA
"sigma",1.59,-1.18884424549741,-0.128766175787128,0.667771964972185,1.03000577999568,3.50335064005313,TRUE,NA
"sigma",1.6,-1.1924245407502,-0.127670382881076,0.669160418057995,1.03464447575243,3.52187628538412,TRUE,NA
"sigma",1.61,-1.19600849923833,-0.126586696633174,0.670538285763961,1.03927781236459,3.54043633025109,TRUE,NA
"sigma",1.62,-1.19959600118865,-0.125514956399818,0.671905665901791,1.04390573749992,3.55903056606857,TRUE,NA
"sigma",1.63,-1.20318692924402,-0.12445500355342,0.673262656021802,1.04852820173335,3.5776587867044,TRUE,NA
"sigma",1.64,-1.2067811684215,-0.12340668148218,0.674609353362555,1.05314515844989,3.59632078845748,TRUE,NA
"sigma",1.65,-1.21037860607083,-0.122369835587815,0.675945854804125,1.05775656375021,3.61501637003466,TRUE,NA
"sigma",1.66,-1.21397913183318,-0.12134431328148,0.677272256824638,1.0623623763584,3.63374533252711,TRUE,NA
"sigma",1.67,-1.21758263760015,-0.120329963977907,0.678588655460024,1.06696255753235,3.65250747938601,TRUE,NA
"sigma",1.68,-1.22118901747315,-0.119326639088009,0.679895146266732,1.07155707097638,3.6713026163977,TRUE,NA
"sigma",1.69,-1.22479816772309,-0.118334192009976,0.681191824287306,1.07614588275636,3.69013055165847,TRUE,NA
"sigma",1.7,-1.22840998675046,-0.117352478119044,0.682478784018566,1.08072896121701,3.7089910955489,TRUE,NA
"sigma",1.71,-1.23202437504588,-0.116381354756011,0.683756119382376,1.08530627690173,3.72788406070779,TRUE,NA
"sigma",1.72,-1.23564123515095,-0.115420681214622,0.685023923698736,1.08987780247451,3.74680926200596,TRUE,NA
"sigma",1.73,-1.23926047161972,-0.11447031872791,0.686282289661117,1.09444351264424,3.7657665165197,TRUE,NA
"sigma",1.74,-1.24288199098044,-0.113530130453585,0.68753130931394,1.09900338409116,3.78475564350406,TRUE,NA
"sigma",1.75,-1.24650570169792,-0.112599981458546,0.68877107403201,1.10355739539547,3.80377646436598,TRUE,NA
"sigma",1.76,-1.25013151413636,-0.111679738702641,0.690001674501834,1.10810552696816,3.82282880263739,TRUE,NA
"sigma",1.77,-1.25375934052258,-0.110769271021682,0.691223200704711,1.1126477609838,3.84191248394814,TRUE,NA
"sigma",1.78,-1.25738909490996,-0.109868449109835,0.692435741901454,1.11718408131551,3.86102733599899,TRUE,NA
"sigma",1.79,-1.26102069314266,-0.108977145501435,0.693639386618731,1.12171447347183,3.8801731885345,TRUE,NA
"sigma",1.8,-1.2646540528206,-0.10809523455229,0.69483422263682,1.12623892453565,3.89934987331606,TRUE,NA
"sigma",1.81,-1.2682890932648,-0.107222592420528,0.696020336978759,1.13075742310493,3.91855722409491,TRUE,NA
"sigma",1.82,-1.27192573548333,-0.106359097047047,0.697197815900825,1.13526995923541,3.93779507658527,TRUE,NA
"sigma",1.83,-1.27556390213784,-0.105504628135607,0.698366744884178,1.13977652438508,3.95706326843756,TRUE,NA
"sigma",1.84,-1.27920351751054,-0.104659067132646,0.699527208627697,1.14427711136042,3.97636163921178,TRUE,NA
"sigma",1.85,-1.2828445074718,-0.103822297206783,0.70067929104189,1.14877171426443,3.99569003035098,TRUE,NA
"sigma",1.86,-1.28648679944824,-0.102994203228177,0.701823075243742,1.15326032844631,4.015048285155,TRUE,NA
"sigma",1.87,-1.29013032239145,-0.102174671747637,0.702958643552615,1.15774295045275,4.03443624875428,TRUE,NA
"sigma",1.88,-1.29377500674714,-0.101363590975642,0.704086077486935,1.16221957798089,4.05385376808395,TRUE,NA
"sigma",1.89,-1.29742078442491,-0.100560850761217,0.70520545776176,1.1666902098328,4.07330069185812,TRUE,NA
"sigma",1.9,-1.30106758876854,-0.0997663425707451,0.706316864287098,1.17115484587146,4.09277687054436,TRUE,NA
"sigma",1.91,-1.30471535452683,-0.0989799594667282,0.70742037616697,1.17561348697823,4.11228215633844,TRUE,NA
"sigma",1.92,-1.30836401782494,-0.0982015960865184,0.708516071699123,1.18006613501173,4.13181640313937,TRUE,NA
"sigma",1.93,-1.31201351613626,-0.0974311486210451,0.709604028375407,1.18451279276813,4.15137946652458,TRUE,NA
"sigma",1.94,-1.31566378825487,-0.0966685147935884,0.710684322882677,1.18895346394276,4.17097120372549,TRUE,NA
"sigma",1.95,-1.31931477426842,-0.0959135938385707,0.711757031104326,1.19338815309303,4.19059147360326,TRUE,NA
"sigma",1.96,-1.32296641553161,-0.0951662864804192,0.712822228122277,1.19781686560262,4.21024013662488,TRUE,NA
"sigma",1.97,-1.32661865464013,-0.0944264949125189,0.713879988219427,1.2022396076469,4.2299170548395,TRUE,NA
"sigma",1.98,-1.33027143540511,-0.0936941227762529,0.714930384882607,1.20665638615956,4.24962209185508,TRUE,NA
"sigma",1.99,-1.33392470282809,-0.0929690751401748,0.71597349080586,1.2110672088003,4.26935511281532,TRUE,NA
"sigma",2,-1.33757840307646,-0.0922512584792721,0.717009377894175,1.2154720839238,4.28911598437688,TRUE,NA
"sigma",2.01,-1.34123248345937,-0.0915405806543983,0.71803811726753,1.2198710205496,4.30890457468689,TRUE,NA
"sigma",2.02,-1.34488689240417,-0.0908369508918634,0.71905977926524,1.22426402833315,4.32872075336081,TRUE,NA
"sigma",2.03,-1.34854157943323,-0.0901402797631565,0.720074433450656,1.22865111753782,4.34856439146055,TRUE,NA
"sigma",2.04,-1.35219649514137,-0.0894504791648569,0.721082148616101,1.2330322990079,4.36843536147288,TRUE,NA
"sigma",2.05,-1.35585159117358,-0.0887674622987302,0.722082992788051,1.23740758414258,4.38833353728818,TRUE,NA
"sigma",2.06,-1.35950682020328,-0.088091143652004,0.723077033232576,1.24177698487078,4.40825879417948,TRUE,NA
"sigma",2.07,-1.36316213591104,-0.0874214389778345,0.724064336460968,1.24614051362697,4.4282110087818,TRUE,NA
"sigma",2.08,-1.3668174929637,-0.0867582652759886,0.72504496823557,1.25049818332775,4.44819005907181,TRUE,NA
"sigma",2.09,-1.37047284699388,-0.0861015407737153,0.726018993575781,1.25485000734934,4.46819582434776,TRUE,NA
"sigma",2.1,-1.37412815458003,-0.0854511849068462,0.726986476764209,1.25919599950585,4.48822818520975,TRUE,NA
"sigma",2.11,-1.37778337322674,-0.0848071183010988,0.727947481352971,1.26353617402831,4.50828702354027,TRUE,NA
"sigma",2.12,-1.38143846134558,-0.0841692627536061,0.72890207017013,1.26787054554447,4.52837222248506,TRUE,NA
"sigma",2.13,-1.3850933782363,-0.0835375412146633,0.729850305326226,1.27219912905933,4.54848366643426,TRUE,NA
"sigma",2.14,-1.38874808406838,-0.0829118777697087,0.730792248220925,1.27652193993639,4.56862124100381,TRUE,NA
"sigma",2.15,-1.39240253986304,-0.0822921976215267,0.731727959549754,1.28083899387954,4.58878483301726,TRUE,NA
"sigma",2.16,-1.39605670747556,-0.0816784270726811,0.732657499310896,1.28515030691561,4.60897433048771,TRUE,NA
"sigma",2.17,-1.39971054957802,-0.0810704935081819,0.733580926812073,1.28945589537765,4.6291896226002,TRUE,NA
"sigma",2.18,-1.40336402964235,-0.0804683253783753,0.734498300677488,1.29375577588864,4.64943059969422,TRUE,NA
"sigma",2.19,-1.40701711192382,-0.0798718521820898,0.735409678854777,1.29804996534602,4.66969715324664,TRUE,NA
"sigma",2.2,-1.41066976144478,-0.0792810044499819,0.736315118622058,1.30233848090657,4.68998917585486,TRUE,NA
"sigma",2.21,-1.41432194397882,-0.0786957137281474,0.737214676594948,1.306621339972,4.71030656122021,TRUE,NA
"sigma",2.22,-1.41797362603523,-0.0781159125619442,0.738108408733651,1.31089856017503,4.73064920413167,TRUE,NA
"sigma",2.23,-1.42162477484379,-0.0775415344800656,0.738996370350038,1.31517015936594,4.75101700044984,TRUE,NA
"sigma",2.24,-1.42527535833991,-0.0769725139788227,0.739878616114739,1.31943615559969,4.77140984709114,TRUE,NA
"sigma",2.25,-1.42892534515005,-0.0764087865066858,0.740755200064239,1.32369656712346,4.79182764201234,TRUE,NA
"sigma",2.26,-1.43257470457744,-0.075850288449032,0.741626175607972,1.32795141236473,4.81227028419531,TRUE,NA
"sigma",2.27,-1.43622340658821,-0.0752969571131454,0.7424915955354,1.33220070991969,4.83273767363199,TRUE,NA
"sigma",2.28,-1.43987142179763,-0.0747487307134189,0.743351512023086,1.33644447854222,4.85322971130968,TRUE,NA
"sigma",2.29,-1.44351872145684,-0.0742055483568067,0.744205976641739,1.34068273713317,4.87374629919654,TRUE,NA
"sigma",2.3,-1.44716527743972,-0.073667350028491,0.745055040363245,1.34491550473013,4.89428734022734,TRUE,NA
"sigma",2.31,-1.45081106223011,-0.0731340765777611,0.745898753567667,1.34914280049756,4.91485273828941,TRUE,NA
"sigma",2.32,-1.45445604890928,-0.0726056697041375,0.74673716605021,1.35336464371726,4.93544239820894,TRUE,NA
"sigma",2.33,-1.45810021114367,-0.0720820719436981,0.747570327028152,1.35758105377924,4.95605622573736,TRUE,NA
"sigma",2.34,-1.4617435231729,-0.0715632266556165,0.748398285147753,1.36179205017298,4.97669412753806,TRUE,NA
"sigma",2.35,-1.46538595979804,-0.0710490780089399,0.749221088491095,1.36599765247893,4.99735601117334,TRUE,NA
"sigma",2.36,-1.46902749637008,-0.0705395709695447,0.750038784582906,1.37019788036039,5.01804178509146,TRUE,NA
"sigma",2.37,-1.47266810877875,-0.0700346512873429,0.75085142039731,1.37439275355575,5.03875135861409,TRUE,NA
"sigma",2.38,-1.47630777344145,-0.0695342654836486,0.751659042364572,1.37858229187096,5.05948464192379,TRUE,NA
"sigma",2.39,-1.47994646729256,-0.0690383608387968,0.752461696377735,1.38276651517229,5.08024154605183,TRUE,NA
"sigma",2.4,-1.4835841677728,-0.0685468853799354,0.753259427799253,1.38694544337947,5.10102198286622,TRUE,NA
"sigma",2.41,-1.48722085281901,-0.0680597878690272,0.754052281467549,1.39111909645898,5.12182586505981,TRUE,NA
"sigma",2.42,-1.49085650085401,-0.0675770177910477,0.754840301703508,1.39528749441768,5.14265310613877,TRUE,NA
"sigma",2.43,-1.49449109077673,-0.0670985253423788,0.755623532316947,1.39945065729668,5.16350362041112,TRUE,NA
"sigma",2.44,-1.49812460195254,-0.0666242614193984,0.756402016612987,1.40360860516545,5.18437732297555,TRUE,NA
"sigma",2.45,-1.50175701420379,-0.0661541776072592,0.75717579739838,1.40776135811615,5.20527412971039,TRUE,NA
"sigma",2.46,-1.50538830780056,-0.065688226168839,0.7579449169878,1.41190893625821,5.22619395726274,TRUE,NA
"sigma",2.47,-1.50901846345159,-0.0652263600339109,0.758709417210019,1.41605135971313,5.24713672303789,TRUE,NA
"sigma",2.48,-1.51264746229539,-0.0647685327884566,0.759469339414085,1.42018864860949,5.26810234518877,TRUE,NA
"sigma",2.49,-1.51627528589158,-0.0643146986641863,0.760224724475376,1.42432082307812,5.2890907426057,TRUE,NA
"sigma",2.5,-1.51990191621242,-0.0638648125282224,0.760975612801643,1.42844790324758,5.31010183490627,TRUE,NA
"sigma",2.51,-1.52352733563441,-0.0634188298729663,0.761722044338937,1.43256990923967,5.33113554242537,TRUE,NA
"sigma",2.52,-1.52715152693024,-0.0629767068061227,0.762464058577529,1.4366868611653,5.35219178620545,TRUE,NA
"sigma",2.53,-1.53077447326077,-0.0625384000409119,0.763201694557712,1.44079877912038,5.37327048798687,TRUE,NA
"sigma",2.54,-1.53439615816723,-0.0621038668864333,0.763934990875566,1.44490568318198,5.39437157019845,TRUE,NA
"sigma",2.55,-1.53801656556363,-0.0616730652381967,0.76466398568866,1.44900759340461,5.41549495594823,TRUE,NA
"sigma",2.56,-1.54163567972921,-0.0612459535688177,0.76538871672168,1.4531045298167,5.43664056901424,TRUE,NA
"sigma",2.57,-1.54525348530121,-0.0608224909188719,0.766109221271983,1.45719651241716,5.45780833383563,TRUE,NA
"sigma",2.58,-1.54886996726764,-0.0604026368879003,0.766825536215101,1.46128356117219,5.47899817550375,TRUE,NA
"sigma",2.59,-1.55248511096032,-0.0599863516255734,0.767537698010176,1.46536569601212,5.50021001975354,TRUE,NA
"sigma",2.6,-1.55609890204796,-0.059573595823005,0.768245742705321,1.46944293682846,5.52144379295493,TRUE,NA
"sigma",2.61,-1.5597113265295,-0.0591643307042071,0.768949705942933,1.47351530347111,5.54269942210449,TRUE,NA
"sigma",2.62,-1.56332237072751,-0.058758518017707,0.769649622964919,1.47758281574558,5.56397683481717,TRUE,NA
"sigma",2.63,-1.56693202128174,-0.0583561200282914,0.770345528617878,1.48164549341045,5.58527595931815,TRUE,NA
"sigma",2.64,-1.57054026514281,-0.0579570995089063,0.771037457358195,1.4857033561749,5.60659672443492,TRUE,NA
"sigma",2.65,-1.57414708956607,-0.0575614197326813,0.7717254432571,1.48975642369633,5.6279390595894,TRUE,NA
"sigma",2.66,-1.57775248210552,-0.0571690444651016,0.772409520005647,1.49380471557817,5.6493028947902,TRUE,NA
"sigma",2.67,-1.58135643060792,-0.0567799379563119,0.773089720919616,1.49784825136769,5.67068816062507,TRUE,NA
"sigma",2.68,-1.58495892320696,-0.0563940649335481,0.773766078944389,1.50188705055399,5.69209478825344,TRUE,NA
"sigma",2.69,-1.58855994831764,-0.0560113905937034,0.774438626659716,1.50592113256608,5.71352270939901,TRUE,NA
"sigma",2.7,-1.59215949463067,-0.0556318805960208,0.775107396284467,1.50995051677102,5.73497185634264,TRUE,NA
"sigma",2.71,-1.59575755110702,-0.0552555010549058,0.775772419681289,1.51397522247217,5.75644216191514,TRUE,NA
"sigma",2.72,-1.59935410697265,-0.054882218532871,0.776433728361207,1.51799526890753,5.77793355949034,TRUE,NA
"sigma",2.73,-1.60294915171324,-0.0545120000335986,0.777091353488183,1.52201067524818,5.79944598297825,TRUE,NA
"sigma",2.74,-1.60654267506909,-0.0541448129951132,0.777745325883593,1.52602146059678,5.82097936681821,TRUE,NA
"sigma",2.75,-1.61013466703014,-0.0537806252830888,0.778395676030646,1.53002764398614,5.84253364597232,TRUE,NA
"sigma",2.76,-1.61372511783105,-0.0534194051842489,0.779042434078772,1.53402924437789,5.86410875591887,TRUE,NA
"sigma",2.77,-1.61731401794638,-0.0530611213999015,0.779685629847908,1.53802628066124,5.88570463264591,TRUE,NA
"sigma",2.78,-1.62090135808595,-0.0527057430395674,0.780325292832765,1.54201877165172,5.90732121264491,TRUE,NA
"sigma",2.79,-1.62448712919016,-0.0523532396147266,0.780961452207008,1.54600673609012,5.92895843290453,TRUE,NA
"sigma",2.8,-1.62807132242555,-0.0520035810326664,0.7815941368274,1.54999019264141,5.95061623090451,TRUE,NA
"sigma",2.81,-1.63165392918032,-0.0516567375904424,0.782223375237887,1.5539691598937,5.97229454460962,TRUE,NA
"sigma",2.82,-1.63523494106005,-0.0513126799689319,0.782849195673608,1.55794365635736,5.99399331246373,TRUE,NA
"sigma",2.83,-1.63881434988345,-0.050971379226995,0.783471626064885,1.56191370046409,6.01571247338397,TRUE,NA
"sigma",2.84,-1.64239214767818,-0.0506328067957351,0.78409069404112,1.56587931056614,6.03745196675499,TRUE,NA
"sigma",2.85,-1.64596832667681,-0.0502969344728577,0.784706426934665,1.56984050493548,6.05921173242331,TRUE,NA
"sigma",2.86,-1.64954287931284,-0.0499637344171182,0.785318851784634,1.57379730176316,6.08099171069172,TRUE,NA
"sigma",2.87,-1.65311579821675,-0.049633179142873,0.785927995340657,1.57774971915857,6.10279184231386,TRUE,NA
"sigma",2.88,-1.65668707621226,-0.0493052415147193,0.786533884066582,1.58169777514886,6.12461206848875,TRUE,NA
"sigma",2.89,-1.66025670631247,-0.0489798947422257,0.78713654414413,1.58564148767835,6.14645233085557,TRUE,NA
"sigma",2.9,-1.66382468171629,-0.0486571123747461,0.787736001476502,1.58958087460801,6.16831257148837,TRUE,NA
"sigma",2.91,-1.6673909958048,-0.0483368682963368,0.788332281691927,1.59351595371495,6.19019273289095,TRUE,NA
"sigma",2.92,-1.67095564213768,-0.0480191367207414,0.788925410147172,1.59744674269202,6.2120927579918,TRUE,NA
"sigma",2.93,-1.67451861444986,-0.0477038921864756,0.789515411930984,1.60137325914736,6.23401259013912,TRUE,NA
"sigma",2.94,-1.67807990664803,-0.0473911095519817,0.790102311867515,1.60529552060405,6.2559521730959,TRUE,NA
"sigma",2.95,-1.68163951280739,-0.0470807639908761,0.790686134519668,1.60921354449977,6.27791145103512,TRUE,NA
"sigma",2.96,-1.68519742716837,-0.046772830987267,0.791266904192418,1.61312734818652,6.29989036853493,TRUE,NA
"sigma",2.97,-1.68875364413345,-0.0464672863311573,0.791844644936075,1.61703694893035,6.32188887057403,TRUE,NA
"sigma",2.98,-1.69230815826403,-0.0461641061139277,0.792419380549501,1.62094236391112,6.34390690252704,TRUE,NA
"sigma",2.99,-1.69586096427741,-0.0458632667238785,0.792991134583299,1.62484361022231,6.36594441015995,TRUE,NA
"sigma",3,-1.69941205704373,-0.045564744841871,0.793559930342928,1.62874070487087,6.38800133962564,TRUE,NA
"sigma",3.01,-1.70296143158307,-0.0452685174370198,0.794125790891802,1.63263366477703,6.4100776374595,TRUE,NA
"sigma",3.02,-1.70650908306257,-0.0449745617624679,0.794688739054332,1.63652250677424,6.43217325057508,TRUE,NA
"sigma",3.03,-1.71005500679358,-0.0446828553512322,0.795248797418931,1.64040724760906,6.45428812625981,TRUE,NA
"sigma",3.04,-1.71359919822891,-0.0443933760121127,0.795805988340965,1.6442879039411,6.4764222121708,TRUE,NA
"sigma",3.05,-1.71714165296014,-0.0441061018256736,0.796360333945682,1.64816449234298,6.49857545633071,TRUE,NA
"sigma",3.06,-1.7206823667149,-0.0438210111402932,0.796911856131088,1.65203702930034,6.52074780712363,TRUE,NA
"sigma",3.07,-1.72422133535433,-0.043538082568273,0.797460576570773,1.65590553121183,6.5429392132911,TRUE,NA
"sigma",3.08,-1.72775855487047,-0.0432572949820156,0.798006516716726,1.65977001438913,6.56514962392811,TRUE,NA
"sigma",3.09,-1.73129402138377,-0.0429786275102644,0.798549697802083,1.66363049505704,6.58737898847922,TRUE,NA
"sigma",3.1,-1.73482773114067,-0.0427020595344056,0.799090140843849,1.66748698935351,6.60962725673472,TRUE,NA
"sigma",3.11,-1.73835968051114,-0.0424275706848329,0.799627866645577,1.67133951332977,6.63189437882682,TRUE,NA
"sigma",3.12,-1.74188986598634,-0.0421551408373679,0.80016289580002,1.67518808295041,6.65418030522592,TRUE,NA
"sigma",3.13,-1.7454182841763,-0.0418847501097404,0.800695248691732,1.67903271409352,6.67648498673695,TRUE,NA
"sigma",3.14,-1.74894493180766,-0.0416163788581272,0.801224945499641,1.68287342255082,6.69880837449572,TRUE,NA
"sigma",3.15,-1.75246980572144,-0.0413500076737547,0.801752006199582,1.68671022402784,6.72115041996536,TRUE,NA
"sigma",3.16,-1.75599290287085,-0.0410856173795406,0.802276450566802,1.69054313414408,6.74351107493282,TRUE,NA
"sigma",3.17,-1.75951422031915,-0.0408231890268027,0.802798298178415,1.6943721684332,6.76589029150534,TRUE,NA
"sigma",3.18,-1.76303375523757,-0.0405627038920247,0.803317568415841,1.69819734234321,6.78828802210711,TRUE,NA
"sigma",3.19,-1.76655150490321,-0.0403041434736549,0.803834280467201,1.70201867123673,6.81070421947583,TRUE,NA
"sigma",3.2,-1.77006746669708,-0.0400474894889855,0.804348453329676,1.70583617039116,6.83313883665943,TRUE,NA
"sigma",3.21,-1.77358163810205,-0.0397927238710545,0.804860105811836,1.70964985499897,6.85559182701278,TRUE,NA
"sigma",3.22,-1.77709401670098,-0.0395398287656172,0.805369256535946,1.71345974016791,6.87806314419446,TRUE,NA
"sigma",3.23,-1.78060460017477,-0.0392887865281595,0.80587592394022,1.71726584092131,6.90055274216358,TRUE,NA
"sigma",3.24,-1.7841133863005,-0.0390395797209531,0.806380126281068,1.72106817219833,6.92306057517665,TRUE,NA
"sigma",3.25,-1.7876203729496,-0.0387921911101736,0.806881881635283,1.72486674885426,6.94558659778448,TRUE,NA
"sigma",3.26,-1.79112555808606,-0.0385466036630486,0.807381207902228,1.72866158566078,6.96813076482912,TRUE,NA
"sigma",3.27,-1.79462893976467,-0.0383028005450619,0.807878122805973,1.73245269730631,6.99069303144087,TRUE,NA
"sigma",3.28,-1.79813051612927,-0.0380607651172014,0.808372643897398,1.73624009839629,7.01327335303533,TRUE,NA
"sigma",3.29,-1.80163028541108,-0.0378204809332385,0.808864788556299,1.74002380345351,7.03587168531041,TRUE,NA
"sigma",3.3,-1.80512824592701,-0.0375819317370769,0.809354573993417,1.7438038269184,7.05848798424355,TRUE,NA
"sigma",3.31,-1.80862439607806,-0.0373451014601156,0.809842017252476,1.74758018314945,7.08112220608876,TRUE,NA
"sigma",3.32,-1.8121187343477,-0.0371099742186687,0.81032713521219,1.75135288642344,7.10377430737392,TRUE,NA
"sigma",3.33,-1.81561125930027,-0.0368765343114283,0.810809944588215,1.75512195093587,7.12644424489794,TRUE,NA
"sigma",3.34,-1.81910196957952,-0.0366447662169547,0.811290461935103,1.75888739080129,7.14913197572809,TRUE,NA
"sigma",3.35,-1.822590863907,-0.0364146545912249,0.811768703648218,1.76264922005364,7.17183745719727,TRUE,NA
"sigma",3.36,-1.82607794108065,-0.0361861842651989,0.812244685965625,1.76640745264665,7.19456064690137,TRUE,NA
"sigma",3.37,-1.82956319997332,-0.035959340242437,0.812718424969956,1.77016210245415,7.21730150269664,TRUE,NA
"sigma",3.38,-1.83304663953134,-0.0357341076967601,0.813189936590242,1.77391318327053,7.24005998269714,TRUE,NA
"sigma",3.39,-1.8365282587731,-0.035510471969926,0.813659236603739,1.77766070881104,7.26283604527215,TRUE,NA
"sigma",3.4,-1.84000805678771,-0.0352884185693674,0.814126340637704,1.78140469271222,7.28562964904371,TRUE,NA
"sigma",3.41,-1.84348603273365,-0.0350679331659427,0.814591264171162,1.78514514853228,7.30844075288408,TRUE,NA
"sigma",3.42,-1.84696218583741,-0.0348490015917371,0.815054022536656,1.78888208975146,7.33126931591333,TRUE,NA
"sigma",3.43,-1.85043651539223,-0.0346316098378956,0.81551463092195,1.79261552977247,7.35411529749694,TRUE,NA
"sigma",3.44,-1.85390902075678,-0.0344157440524753,0.815973104371733,1.79634548192087,7.37697865724337,TRUE,NA
"sigma",3.45,-1.85737970135397,-0.0342013905383578,0.81642945778928,1.80007195944545,7.39985935500178,TRUE,NA
"sigma",3.46,-1.86084855666967,-0.0339885357511682,0.816883705938102,1.80379497551866,7.42275735085962,TRUE,NA
"sigma",3.47,-1.86431558625154,-0.0337771662972381,0.817335863443577,1.80751454323702,7.44567260514043,TRUE,NA
"sigma",3.48,-1.8677807897078,-0.033567268931602,0.817785944794546,1.8112306756215,7.46860507840152,TRUE,NA
"sigma",3.49,-1.87124416670614,-0.0333588305560217,0.818233964344896,1.81494338561796,7.49155473143178,TRUE,NA
"sigma",3.5,-1.87470571697252,-0.0331518382170355,0.818679936315119,1.81865268609752,7.51452152524946,TRUE,NA
"sigma",3.51,-1.87816544029007,-0.0329462791040469,0.819123874793858,1.82235858985704,7.5375054211,TRUE,NA
"sigma",3.52,-1.881623336498,-0.032742140547436,0.819565793739414,1.82606110961948,7.56050638045389,TRUE,NA
"sigma",3.53,-1.88507940549054,-0.0325394100167045,0.820005706981249,1.82976025803434,7.58352436500456,TRUE,NA
"sigma",3.54,-1.88853364721582,-0.0323380751186435,0.820443628221465,1.83345604767806,7.60655933666628,TRUE,NA
"sigma",3.55,-1.8919860616749,-0.0321381235955311,0.820879571036263,1.83714849105449,7.62961125757211,TRUE,NA
"sigma",3.56,-1.89543664892073,-0.0319395433233658,0.821313548877373,1.84083760059523,7.65268009007185,TRUE,NA
"sigma",3.57,-1.89888540905712,-0.0317423223101077,0.821745575073484,1.84452338866012,7.67576579673004,TRUE,NA
"sigma",3.58,-1.90233234223781,-0.0315464486939678,0.822175662831637,1.84820586753763,7.698868340324,TRUE,NA
"sigma",3.59,-1.90577744866546,-0.0313519107417108,0.822603825238602,1.85188504944529,7.72198768384183,TRUE,NA
"sigma",3.6,-1.90922072859072,-0.0311586968469817,0.823030075262258,1.85556094653012,7.74512379048049,TRUE,NA
"sigma",3.61,-1.91266218231132,-0.0309667955286665,0.823454425752917,1.85923357086902,7.7682766236439,TRUE,NA
"sigma",3.62,-1.91610181017112,-0.0307761954292702,0.823876889444668,1.86290293446923,7.79144614694104,TRUE,NA
"sigma",3.63,-1.91953961255925,-0.030586885313324,0.824297478956675,1.86656904926873,7.81463232418412,TRUE,NA
"sigma",3.64,-1.92297558990922,-0.0303988540658144,0.824716206794472,1.87023192713669,7.83783511938671,TRUE,NA
"sigma",3.65,-1.92640974269803,-0.0302120906906307,0.825133085351241,1.87389157987385,7.8610544967619,TRUE,NA
"sigma",3.66,-1.92984207144538,-0.0300265843090461,0.825548126909071,1.87754801921298,7.88429042072059,TRUE,NA
"sigma",3.67,-1.93327257671277,-0.029842324158214,0.825961343640196,1.88120125681928,7.90754285586963,TRUE,NA
"sigma",3.68,-1.93670125910273,-0.0296592995896872,0.826372747608213,1.88485130429079,7.93081176701013,TRUE,NA
"sigma",3.69,-1.94012811925802,-0.0294775000679588,0.826782350769314,1.88849817315886,7.95409711913569,TRUE,NA
"sigma",3.7,-1.94355315786081,-0.0292969151690325,0.827190164973453,1.8921418748885,7.97739887743073,TRUE,NA
"sigma",3.71,-1.94697637563192,-0.0291175345790025,0.827596201965539,1.89578242087886,8.0007170072688,TRUE,NA
"sigma",3.72,-1.95039777333006,-0.0289393480926552,0.828000473386597,1.89941982246361,8.02405147421086,TRUE,NA
"sigma",3.73,-1.9538173517511,-0.0287623456121078,0.828402990774911,1.90305409091137,8.0474022440037,TRUE,NA
"sigma",3.74,-1.95723511172733,-0.0285865171454427,0.828803765567159,1.90668523742613,8.0707692825783,TRUE,NA
"sigma",3.75,-1.96065105412672,-0.0284118528053856,0.829202809099524,1.91031327314765,8.09415255604821,TRUE,NA
"sigma",3.76,-1.96406517985222,-0.0282383428079769,0.829600132608812,1.91393820915189,8.11755203070796,TRUE,NA
"sigma",3.77,-1.96747748984111,-0.0280659774712901,0.829995747233528,1.91756005645139,8.1409676730315,TRUE,NA
"sigma",3.78,-1.97088798506426,-0.0278947472141502,0.830389664014948,1.92117882599574,8.16439944967065,TRUE,NA
"sigma",3.79,-1.97429666652547,-0.0277246425548756,0.830781893898195,1.92479452867193,8.1878473274536,TRUE,NA
"sigma",3.8,-1.97770353526087,-0.0275556541100428,0.831172447733267,1.92840717530478,8.21131127338333,TRUE,NA
"sigma",3.81,-1.98110859233818,-0.0273877725932556,0.831561336276089,1.93201677665737,8.23479125463618,TRUE,NA
"sigma",3.82,-1.98451183885617,-0.0272209888139563,0.831948570189516,1.9356233434314,8.25828723856032,TRUE,NA
"sigma",3.83,-1.98791327594399,-0.0270552936762269,0.832334160044358,1.93922688626763,8.28179919267436,TRUE,NA
"sigma",3.84,-1.99131290476053,-0.0268906781776268,0.832718116320356,1.94282741574625,8.30532708466584,TRUE,NA
"sigma",3.85,-1.9947107264939,-0.0267271334080328,0.833100449407179,1.94642494238733,8.32887088238982,TRUE,NA
"sigma",3.86,-1.99810674236075,-0.0265646505485149,0.833481169605381,1.95001947665115,8.3524305538675,TRUE,NA
"sigma",3.87,-2.00150095360577,-0.0264032208702087,0.833860287127367,1.95361102893866,8.3760060672848,TRUE,NA
"sigma",3.88,-2.00489336150105,-0.0262428357332101,0.834237812098336,1.95719960959184,8.399597390991,TRUE,NA
"sigma",3.89,-2.00828396734559,-0.0260834865854989,0.834613754557201,1.96078522889409,8.42320449349737,TRUE,NA
"sigma",3.9,-2.0116727724647,-0.025925164961847,0.834988124457531,1.96436789707065,8.44682734347581,TRUE,NA
"sigma",3.91,-2.01505977820946,-0.0257678624827804,0.835360931668447,1.96794762428896,8.47046590975756,TRUE,NA
"sigma",3.92,-2.01844498595623,-0.0256115708535316,0.835732185975512,1.97152442065907,8.49412016133186,TRUE,NA
"sigma",3.93,-2.0218283971061,-0.0254562818630004,0.83610189708164,1.97509829623401,8.51779006734461,TRUE,NA
"sigma",3.94,-2.02521001308437,-0.0253019873827625,0.836470074607947,1.97866926101016,8.54147559709722,TRUE,NA
"sigma",3.95,-2.02858983534009,-0.0251486793660494,0.836836728094634,1.98223732492768,8.56517672004515,TRUE,NA
"sigma",3.96,-2.03196786534552,-0.0249963498467793,0.837201867001823,1.98580249787084,8.58889340579682,TRUE,NA
"sigma",3.97,-2.03534410459565,-0.0248449909385764,0.837565500710419,1.98936478966844,8.61262562411227,TRUE,NA
"sigma",3.98,-2.03871855460776,-0.0246945948338224,0.837927638522925,1.99292421009412,8.63637334490196,TRUE,NA
"sigma",3.99,-2.04209121692093,-0.0245451538027046,0.838288289664271,1.99648076886682,8.6601365382256,TRUE,NA
"sigma",4,-2.04546209309556,-0.0243966601922954,0.838647463282624,2.00003447565109,8.68391517429087,TRUE,NA
"sigma",4.01,-2.04883118471295,-0.0242491064256174,0.839005168450197,2.00358534005748,8.70770922345227,TRUE,NA
"sigma",4.02,-2.05219849337484,-0.0241024850007623,0.839361414164017,2.0071333716429,8.73151865620998,TRUE,NA
"sigma",4.03,-2.05556402070299,-0.0239567884899765,0.839716209346743,2.01067857991099,8.75534344320866,TRUE,NA
"sigma",4.04,-2.05892776833872,-0.023812009538795,0.840069562847405,2.01422097431249,8.77918355523628,TRUE,NA
"sigma",4.05,-2.06228973794252,-0.0236681408651709,0.84042148344218,2.01776056424558,8.80303896322305,TRUE,NA
"sigma",4.06,-2.06564993119363,-0.0235251752586141,0.840771979835147,2.02129735905628,8.82690963824025,TRUE,NA
"sigma",4.07,-2.06900834978961,-0.0233831055793572,0.841121060659024,2.02483136803875,8.85079555149914,TRUE,NA
"sigma",4.08,-2.07236499544598,-0.0232419247575089,0.841468734475916,2.02836260043569,8.87469667434982,TRUE,NA
"sigma",4.09,-2.07571986989579,-0.0231016257922487,0.841815009778015,2.03189106543866,8.89861297828021,TRUE,NA
"sigma",4.1,-2.07907297488927,-0.0229622017510085,0.842159894988343,2.03541677218847,8.92254443491493,TRUE,NA
"sigma",4.11,-2.08242431219342,-0.0228236457686761,0.842503398461449,2.03893972977548,8.94649101601425,TRUE,NA
"sigma",4.12,-2.08577388359166,-0.0226859510468036,0.842845528484105,2.04245994723998,8.97045269347304,TRUE,NA
"sigma",4.13,-2.08912169088344,-0.0225491108528364,0.843186293276001,2.04597743357254,8.9944294393197,TRUE,NA
"sigma",4.14,-2.09246773588392,-0.022413118519347,0.843525700990426,2.0494921977143,9.0184212257152,TRUE,NA
"sigma",4.15,-2.09581202042358,-0.0222779674432689,0.843863759714946,2.05300424855736,9.04242802495198,TRUE,NA
"sigma",4.16,-2.09915454634789,-0.0221436510851669,0.844200477472061,2.05651359494512,9.066449809453,TRUE,NA
"sigma",4.17,-2.10249531551695,-0.0220101629684826,0.844535862219876,2.06002024567257,9.09048655177071,TRUE,NA
"sigma",4.18,-2.1058343298052,-0.0218774966788282,0.844869921852734,2.06352420948665,9.1145382245861,TRUE,NA
"sigma",4.19,-2.10917159110104,-0.0217456458632554,0.845202664201873,2.06702549508659,9.13860480070768,TRUE,NA
"sigma",4.2,-2.11250710130653,-0.0216146042295566,0.845534097036055,2.07052411112421,9.16268625307053,TRUE,NA
"sigma",4.21,-2.1158408623371,-0.0214843655455645,0.845864228062191,2.07402006620429,9.18678255473539,TRUE,NA
"sigma",4.22,-2.11917287612116,-0.0213549236384649,0.846193064925964,2.07751336888484,9.21089367888762,TRUE,NA
"sigma",4.23,-2.12250314459988,-0.0212262723941246,0.846520615212431,2.08100402767746,9.23501959883637,TRUE,NA
"sigma",4.24,-2.12583166972683,-0.0210984057564088,0.846846886446646,2.08449205104765,9.25916028801356,TRUE,NA
"sigma",4.25,-2.12915845346772,-0.020971317726536,0.847171886094238,2.08797744741511,9.28331571997306,TRUE,NA
"sigma",4.26,-2.13248349780008,-0.0208450023624156,0.847495621562015,2.09146022515409,9.30748586838966,TRUE,NA
"sigma",4.27,-2.13580680471299,-0.0207194537780082,0.847818100198537,2.09494039259367,9.33167070705831,TRUE,NA
"sigma",4.28,-2.1391283762068,-0.0205946661426903,0.848139329294704,2.09841795801808,9.35587020989313,TRUE,NA
"sigma",4.29,-2.14244821429284,-0.020470633680632,0.848459316084311,2.10189292966702,9.38008435092656,TRUE,NA
"sigma",4.3,-2.14576632099316,-0.0203473506701748,0.848778067744622,2.10536531573596,9.40431310430853,TRUE,NA
"sigma",4.31,-2.14908269834027,-0.0202248114432213,0.849095591396924,2.10883512437643,9.42855644430552,TRUE,NA
"sigma",4.32,-2.15239734837687,-0.0201030103846396,0.849411894107072,2.11230236369636,9.45281434529978,TRUE,NA
"sigma",4.33,-2.15571027315557,-0.0199819419316625,0.849726982886037,2.11576704176033,9.47708678178847,TRUE,NA
"sigma",4.34,-2.15902147473868,-0.0198616005733041,0.85004086469044,2.11922916658989,9.50137372838277,TRUE,NA
"sigma",4.35,-2.16233095519792,-0.0197419808497807,0.850353546423088,2.12268874616389,9.52567515980714,TRUE,NA
"sigma",4.36,-2.16563871661421,-0.0196230773519477,0.850665034933482,2.12614578841871,9.54999105089843,TRUE,NA
"sigma",4.37,-2.1689447610774,-0.0195048847207215,0.850975337018362,2.1296003012486,9.5743213766051,TRUE,NA
"sigma",4.38,-2.17224909068606,-0.0193873976465344,0.851284459422194,2.13305229250595,9.59866611198643,TRUE,NA
"sigma",4.39,-2.17555170754724,-0.019270610868781,0.851592408837689,2.13650177000157,9.6230252322117,TRUE,NA
"sigma",4.4,-2.17885261377621,-0.0191545191752813,0.8518991919063,2.139948741505,9.64739871255941,TRUE,NA
"sigma",4.41,-2.18215181149629,-0.0190391174017415,0.852204815218718,2.14339321474478,9.67178652841652,TRUE,NA
"sigma",4.42,-2.18544930283858,-0.0189244004312243,0.852509285315359,2.14683519740871,9.69618865527764,TRUE,NA
"sigma",4.43,-2.1887450899418,-0.0188103631936336,0.852812608686848,2.15027469714417,9.72060506874432,TRUE,NA
"sigma",4.44,-2.192039174952,-0.0186970006651994,0.853114791774496,2.15371172155836,9.74503574452426,TRUE,NA
"sigma",4.45,-2.19533156002244,-0.0185843078679637,0.853415840970774,2.15714627821861,9.76948065843055,TRUE,NA
"sigma",4.46,-2.19862224731329,-0.0184722798692856,0.853715762619777,2.16057837465263,9.79393978638096,TRUE,NA
"sigma",4.47,-2.20191123899152,-0.0183609117813432,0.85401456301769,2.16400801834876,9.81841310439718,TRUE,NA
"sigma",4.48,-2.20519853723063,-0.0182501987606485,0.854312248413233,2.16743521675629,9.84290058860413,TRUE,NA
"sigma",4.49,-2.2084841442105,-0.0181401360075579,0.854608825008131,2.17085997728569,9.8674022152292,TRUE,NA
"sigma",4.5,-2.21176806211717,-0.0180307187658091,0.854904298957535,2.17428230730891,9.89191796060156,TRUE,NA
"sigma",4.51,-2.21505029314267,-0.0179219423220345,0.855198676370489,2.17770221415957,9.91644780115145,TRUE,NA
"sigma",4.52,-2.21833083948483,-0.0178138020053105,0.85549196331034,2.18111970513332,9.94099171340947,TRUE,NA
"sigma",4.53,-2.22160970334708,-0.0177062931866869,0.855784165795194,2.18453478748801,9.96554967400589,TRUE,NA
"sigma",4.54,-2.2248868869383,-0.0175994112787503,0.856075289798319,2.18794746844402,9.99012165967,TRUE,NA
"sigma",4.55,-2.22816239247264,-0.017493151735164,0.85636534124858,2.19135775518447,10.0147076472294,TRUE,NA
"sigma",4.56,-2.23143622216931,-0.0173875100502272,0.856654326030854,2.19476565485546,10.0393076136093,TRUE,NA
"sigma",4.57,-2.23470837825248,-0.017282481758448,0.856942249986436,2.19817117456639,10.0639215358318,TRUE,NA
"sigma",4.58,-2.23797886295104,-0.0171780624341067,0.857229118913448,2.20157432139013,10.0885493910156,TRUE,NA
"sigma",4.59,-2.24124767849848,-0.0170742476908341,0.857514938567242,2.20497510236333,10.1131911563748,TRUE,NA
"sigma",4.6,-2.24451482713271,-0.0169710331811856,0.857799714660805,2.20837352448662,10.1378468092186,TRUE,NA
"sigma",4.61,-2.24778031109592,-0.0168684145962361,0.858083452865138,2.21176959472488,10.1625163269505,TRUE,NA
"sigma",4.62,-2.2510441326344,-0.0167663876651631,0.858366158809657,2.21516332000748,10.1871996870678,TRUE,NA
"sigma",4.63,-2.25430629399842,-0.0166649481548471,0.858647838082576,2.21855470722852,10.2118968671609,TRUE,NA
"sigma",4.64,-2.25756679744205,-0.0165640918694727,0.858928496231277,2.22194376324704,10.2366078449128,TRUE,NA
"sigma",4.65,-2.26082564522301,-0.0164638146501286,0.859208138762702,2.22533049488732,10.2613325980981,TRUE,NA
"sigma",4.66,-2.26408283960257,-0.0163641123744274,0.85948677114371,2.22871490893905,10.2860711045828,TRUE,NA
"sigma",4.67,-2.26733838284533,-0.0162649809561133,0.859764398801462,2.23209701215758,10.3108233423237,TRUE,NA
"sigma",4.68,-2.27059227721918,-0.0161664163446855,0.860041027123768,2.23547681126419,10.3355892893674,TRUE,NA
"sigma",4.69,-2.27384452499505,-0.0160684145250216,0.86031666145946,2.23885431294626,10.36036892385,TRUE,NA
"sigma",4.7,-2.27709512844689,-0.0159709715170138,0.860591307118734,2.24222952385756,10.3851622239965,TRUE,NA
"sigma",4.71,-2.28034408985143,-0.015874083375194,0.860864969373513,2.24560245061842,10.4099691681203,TRUE,NA
"sigma",4.72,-2.28359141148813,-0.0157777461883706,0.861137653457802,2.24897309981598,10.4347897346223,TRUE,NA
"sigma",4.73,-2.286837095639,-0.0156819560792858,0.86140936456801,2.25234147800441,10.4596239019906,TRUE,NA
"sigma",4.74,-2.29008114458853,-0.0155867092042494,0.861680107863307,2.25570759170516,10.4844716487999,TRUE,NA
"sigma",4.75,-2.29332356062349,-0.0154920017527949,0.861949888465962,2.2590714474071,10.5093329537108,TRUE,NA
"sigma",4.76,-2.29656434603286,-0.0153978299473314,0.862218711461669,2.26243305156683,10.5342077954694,TRUE,NA
"sigma",4.77,-2.29980350310773,-0.0153041900428157,0.862486581899873,2.26579241060885,10.5590961529066,TRUE,NA
"sigma",4.78,-2.3030410341411,-0.0152110783263999,0.862753504794114,2.26914953092575,10.5839980049377,TRUE,NA
"sigma",4.79,-2.30627694142787,-0.0151184911171129,0.863019485122323,2.27250441887848,10.6089133305619,TRUE,NA
"sigma",4.8,-2.30951122726875,-0.0150264247730534,0.863284527818952,2.27585708079057,10.6338421088815,TRUE,NA
"sigma",4.81,-2.31274389395372,-0.0149348756608969,0.863548637808197,2.2792075229722,10.6587843190213,TRUE,NA
"sigma",4.82,-2.31597494378666,-0.0148438402009168,0.863811819954838,2.28255575168457,10.6837399402488,TRUE,NA
"sigma",4.83,-2.31920437906873,-0.0147533148363812,0.864074079097597,2.28590177316404,10.7087089518927,TRUE,NA
"sigma",4.84,-2.32243220210237,-0.0146632960408399,0.864335420041148,2.28924559361633,10.7336913333632,TRUE,NA
"sigma",4.85,-2.32565841519122,-0.0145737803177908,0.864595847556456,2.29258721921676,10.7586870641509,TRUE,NA
"sigma",4.86,-2.32888302064003,-0.0144847642003993,0.864855366381037,2.29592665611039,10.7836961238265,TRUE,NA
"sigma",4.87,-2.33210602075452,-0.0143962442511785,0.865113981219281,2.29926391041228,10.8087184920406,TRUE,NA
"sigma",4.88,-2.33532741784132,-0.0143082170617066,0.865371696742729,2.30259898820765,10.8337541485225,TRUE,NA
"sigma",4.89,-2.33854721420785,-0.0142206792523254,0.865628517590366,2.30593189555209,10.8588030730804,TRUE,NA
"sigma",4.9,-2.34176541216225,-0.0141336274718378,0.865884448368918,2.30926263847177,10.8838652456005,TRUE,NA
"sigma",4.91,-2.34498201401325,-0.0140470583972458,0.866139493653123,2.31259122296359,10.9089406460467,TRUE,NA
"sigma",4.92,-2.3481970220701,-0.0139609687334468,0.866393657986009,2.31591765499542,10.93402925446,TRUE,NA
"sigma",4.93,-2.3514104386425,-0.0138753552129578,0.866646945879191,2.31924194050627,10.959131050958,TRUE,NA
"sigma",4.94,-2.35462226604047,-0.0137902145956375,0.866899361813127,2.32256408540648,10.9842460157346,TRUE,NA
"sigma",4.95,-2.35783250657429,-0.013705543668423,0.867150910237389,2.3258840955779,11.0093741290594,TRUE,NA
"sigma",4.96,-2.36104116255441,-0.0136213392450397,0.867401595570946,2.32920197687411,11.0345153712773,TRUE,NA
"sigma",4.97,-2.36424823629135,-0.0135375981657457,0.867651422202423,2.33251773512056,11.0596697228078,TRUE,NA
"sigma",4.98,-2.36745373009566,-0.0134543172970734,0.867900394490354,2.33583137611476,11.0848371641449,TRUE,NA
"sigma",4.99,-2.37065764627779,-0.0133714935315448,0.868148516763466,2.33914290562651,11.1100176758564,TRUE,NA
"sigma",5,-2.37385998714803,-0.013289123787442,0.86839579332091,2.34245232939803,11.1352112385835,TRUE,NA
"sigma",5.01,-2.37706075501645,-0.0132072050085319,0.868642228432533,2.34575965314416,11.1604178330404,TRUE,NA
"sigma",5.02,-2.3802599521928,-0.0131257341638173,0.868887826339132,2.34906488255252,11.1856374400139,TRUE,NA
"sigma",5.03,-2.38345758098645,-0.0130447082472971,0.869132591252686,2.35236802328372,11.2108700403628,TRUE,NA
"sigma",5.04,-2.38665364370629,-0.0129641242777021,0.869376527356628,2.35566908097151,11.2361156150175,TRUE,NA
"sigma",5.05,-2.38984814266068,-0.0128839792982705,0.869619638806067,2.35896806122296,11.2613741449797,TRUE,NA
"sigma",5.06,-2.3930410801574,-0.0128042703764901,0.869861929728047,2.36226496961864,11.2866456113219,TRUE,NA
"sigma",5.07,-2.39623245850354,-0.0127249946038734,0.870103404221775,2.36555981171275,11.3119299951869,TRUE,NA
"sigma",5.08,-2.39942228000543,-0.0126461490957119,0.870344066358864,2.36885259303339,11.3372272777874,TRUE,NA
"sigma",5.09,-2.40261054696861,-0.0125677309908525,0.870583920183566,2.37214331908259,11.3625374404058,TRUE,NA
"sigma",5.1,-2.40579726169775,-0.012489737451455,0.87082296971301,2.3754319953366,11.3878604643934,TRUE,NA
"sigma",5.11,-2.40898242649655,-0.0124121656627807,0.871061218937416,2.378718627246,11.4131963311702,TRUE,NA
"sigma",5.12,-2.41216604366774,-0.0123350128329527,0.871298671820341,2.38200322023584,11.4385450222247,TRUE,NA
"sigma",5.13,-2.41534811551296,-0.0122582761927408,0.871535332298901,2.38528577970587,11.463906519113,TRUE,NA
"sigma",5.14,-2.41852864433271,-0.01218195299534,0.87177120428398,2.38856631103065,11.4892808034588,TRUE,NA
"sigma",5.15,-2.42170763242634,-0.0121060405161568,0.872006291660465,2.39184481955973,11.514667856953,TRUE,NA
"sigma",5.16,-2.42488508209192,-0.012030536052591,0.872240598287455,2.39512131061781,11.5400676613529,TRUE,NA
"sigma",5.17,-2.42806099562622,-0.011955436923818,0.872474127998489,2.39839578950491,11.5654801984823,TRUE,NA
"sigma",5.18,-2.43123537532466,-0.0118807404705898,0.872706884601751,2.40166826149648,11.590905450231,TRUE,NA
"sigma",5.19,-2.43440822348121,-0.0118064440550163,0.872938871880284,2.40493873184362,11.6163433985539,TRUE,NA
"sigma",5.2,-2.43757954238842,-0.0117325450603709,0.873170093592198,2.40820720577319,11.6417940254715,TRUE,NA
"sigma",5.21,-2.44074933433724,-0.0116590408908768,0.873400553470882,2.411473688488,11.6672573130686,TRUE,NA
"sigma",5.22,-2.44391760161712,-0.0115859289715154,0.873630255225202,2.4147381851669,11.6927332434949,TRUE,NA
"sigma",5.23,-2.44708434651581,-0.0115132067478245,0.873859202539712,2.41800070096502,11.7182217989636,TRUE,NA
"sigma",5.24,-2.45024957131941,-0.0114408716856924,0.874087399074861,2.42126124101385,11.7437229617519,TRUE,NA
"sigma",5.25,-2.45341327831228,-0.0113689212711852,0.87431484846717,2.42451981042141,11.7692367141999,TRUE,NA
"sigma",5.26,-2.45657546977701,-0.0112973530103311,0.874541554329456,2.4277764142724,11.7947630387111,TRUE,NA
"sigma",5.27,-2.45973614799435,-0.0112261644289475,0.874767520251009,2.43103105762837,11.820301917751,TRUE,NA
"sigma",5.28,-2.46289531524316,-0.0111553530724477,0.874992749797793,2.43428374552781,11.8458533338476,TRUE,NA
"sigma",5.29,-2.4660529738004,-0.0110849165056512,0.875217246512638,2.43753448298635,11.8714172695907,TRUE,NA
"sigma",5.3,-2.46920912594106,-0.0110148523126088,0.875441013915428,2.44078327499687,11.8969937076315,TRUE,NA
"sigma",5.31,-2.4723637739381,-0.0109451580964097,0.875664055503289,2.44403012652968,11.9225826306823,TRUE,NA
"sigma",5.32,-2.47551692006243,-0.0108758314790167,0.875886374750773,2.44727504253259,11.9481840215163,TRUE,NA
"sigma",5.33,-2.47866856658288,-0.0108068701010771,0.876107975110045,2.45051802793114,11.9737978629669,TRUE,NA
"sigma",5.34,-2.48181871576611,-0.0107382716217437,0.87632886001107,2.45375908762867,11.9994241379278,TRUE,NA
"sigma",5.35,-2.48496736987662,-0.0106700337185148,0.876549032861787,2.45699822650649,12.0250628293524,TRUE,NA
"sigma",5.36,-2.48811453117669,-0.0106021540870591,0.876768497048278,2.460235449424,12.0507139202535,TRUE,NA
"sigma",5.37,-2.49126020192632,-0.0105346304410365,0.876987255934966,2.46347076121886,12.0763773937028,TRUE,NA
"sigma",5.38,-2.49440438438321,-0.0104674605119301,0.877205312864785,2.4667041667071,12.1020532328311,TRUE,NA
"sigma",5.39,-2.49754708080276,-0.0104006420489009,0.877422671159333,2.46993567068322,12.1277414208273,TRUE,NA
"sigma",5.4,-2.50068829343795,-0.0103341728185931,0.877639334119077,2.47316527792039,12.1534419409385,TRUE,NA
"sigma",5.41,-2.50382802453937,-0.010268050604997,0.877855305023493,2.47639299317056,12.1791547764696,TRUE,NA
"sigma",5.42,-2.50696627635516,-0.0102022732092699,0.878070587131256,2.47961882116455,12.2048799107829,TRUE,NA
"sigma",5.43,-2.51010305113097,-0.0101368384495899,0.878285183680396,2.48284276661224,12.2306173272979,TRUE,NA
"sigma",5.44,-2.51323835110995,-0.010071744160995,0.878499097888459,2.48606483420265,12.2563670094907,TRUE,NA
"sigma",5.45,-2.51637217853269,-0.0100069881952169,0.878712332952691,2.48928502860411,12.2821289408942,TRUE,NA
"sigma",5.46,-2.5195045356372,-0.00994256842054853,0.878924892050175,2.49250335446436,12.3079031050973,TRUE,NA
"sigma",5.47,-2.52263542465887,-0.00987848272166492,0.879136778338011,2.49571981641067,12.3336894857447,TRUE,NA
"sigma",5.48,-2.52576484783045,-0.00981472899949898,0.879347994953461,2.49893441904999,12.3594880665368,TRUE,NA
"sigma",5.49,-2.52889280738202,-0.00975130517107425,0.879558545014118,2.50214716696906,12.3852988312293,TRUE,NA
"sigma",5.5,-2.53201930554092,-0.00968820916936686,0.87976843161805,2.50535806473454,12.4111217636328,TRUE,NA
"sigma",5.51,-2.5351443445318,-0.00962543894314871,0.879977657843969,2.50856711689312,12.4369568476124,TRUE,NA
"sigma",5.52,-2.53826792657652,-0.00956299245686143,0.880186226751371,2.51177432797166,12.4628040670879,TRUE,NA
"sigma",5.53,-2.54139005389413,-0.009500867690452,0.880394141380697,2.5149797024773,12.4886634060328,TRUE,NA
"sigma",5.54,-2.54451072870088,-0.00943906263924887,0.880601404753475,2.51818324489757,12.5145348484747,TRUE,NA
"sigma",5.55,-2.54762995321018,-0.00937757531381456,0.88080801987247,2.52138495970052,12.5404183784945,TRUE,NA
"sigma",5.56,-2.55074772963253,-0.0093164037398048,0.881013989721843,2.52458485133486,12.5663139802264,TRUE,NA
"sigma",5.57,-2.55386406017556,-0.00925554595783717,0.881219317267285,2.52778292423002,12.5922216378572,TRUE,NA
"sigma",5.58,-2.55697894704396,-0.00919500002335649,0.881424005456153,2.53097918279633,12.6181413356269,TRUE,NA
"sigma",5.59,-2.56009239243947,-0.00913476400649271,0.88162805721764,2.53417363142509,12.6440730578273,TRUE,NA
"sigma",5.6,-2.56320439856085,-0.0090748359919397,0.88183147546289,2.5373662744887,12.6700167888025,TRUE,NA
"sigma",5.61,-2.56631496760386,-0.00901521407881223,0.882034263085158,2.54055711634078,12.6959725129484,TRUE,NA
"sigma",5.62,-2.56942410176124,-0.00895589638052741,0.882236422959932,2.54374616131629,12.7219402147124,TRUE,NA
"sigma",5.63,-2.57253180322268,-0.00889688102466613,0.882437957945085,2.5469334137316,12.747919878593,TRUE,NA
"sigma",5.64,-2.57563807417482,-0.00883816615285671,0.882638870881003,2.55011887788466,12.7739114891398,TRUE,NA
"sigma",5.65,-2.57874291680117,-0.00877974992063679,0.882839164590726,2.55330255805506,12.799915030953,TRUE,NA
"sigma",5.66,-2.58184633328218,-0.00872163049733921,0.883038841880079,2.55648445850416,12.8259304886834,TRUE,NA
"sigma",5.67,-2.58494832579512,-0.0086638060659654,0.883237905537803,2.55966458347521,12.8519578470318,TRUE,NA
"sigma",5.68,-2.58804889651413,-0.00860627482306286,0.883436358335688,2.56284293719345,12.8779970907488,TRUE,NA
"sigma",5.69,-2.59114804761019,-0.00854903497860438,0.883634203028707,2.5660195238662,12.9040482046349,TRUE,NA
"sigma",5.7,-2.59424578125107,-0.00849208475587071,0.883831442355135,2.56919434768298,12.9301111735398,TRUE,NA
"sigma",5.71,-2.59734209960133,-0.00843542239132988,0.884028079036692,2.57236741281564,12.9561859823622,TRUE,NA
"sigma",5.72,-2.60043700482231,-0.00837904613452034,0.884224115778657,2.57553872341841,12.98227261605,TRUE,NA
"sigma",5.73,-2.60353049907209,-0.00832295424794349,0.884419555269994,2.57870828362805,13.0083710595994,TRUE,NA
"sigma",5.74,-2.60662258450551,-0.00826714500693448,0.884614400183488,2.58187609756393,13.034481298055,TRUE,NA
"sigma",5.75,-2.60971326327411,-0.00821161669956316,0.88480865317585,2.58504216932816,13.0606033165096,TRUE,NA
"sigma",5.76,-2.61280253752612,-0.00815636762650884,0.885002316887863,2.58820650300566,13.0867371001037,TRUE,NA
"sigma",5.77,-2.61589040940649,-0.00810139610096305,0.885195393944473,2.59136910266425,13.1128826340257,TRUE,NA
"sigma",5.78,-2.61897688105682,-0.00804670044851274,0.885387886954939,2.59452997235482,13.1390399035109,TRUE,NA
"sigma",5.79,-2.62206195461536,-0.00799227900702082,0.885579798512935,2.59768911611134,13.1652088938421,TRUE,NA
"sigma",5.8,-2.625145632217,-0.00793813012654798,0.885771131196658,2.60084653795103,13.1913895903488,TRUE,NA
"sigma",5.81,-2.62822791599327,-0.00788425216921107,0.885961887568977,2.60400224187442,13.2175819784071,TRUE,NA
"sigma",5.82,-2.6313088080723,-0.007830643509108,0.886152070177507,2.60715623186545,13.2437860434396,TRUE,NA
"sigma",5.83,-2.6343883105788,-0.007777302532189,0.886341681554764,2.61030851189159,13.270001770915,TRUE,NA
"sigma",5.84,-2.63746642563411,-0.00772422763617131,0.886530724218248,2.61345908590391,13.2962291463479,TRUE,NA
"sigma",5.85,-2.64054315535608,-0.00767141723042908,0.886719200670572,2.61660795783718,13.3224681552986,TRUE,NA
"sigma",5.86,-2.64361850185916,-0.0076188697358841,0.886907113399568,2.61975513160998,13.3487187833728,TRUE,NA
"sigma",5.87,-2.64669246725433,-0.00756658358493345,0.887094464878388,2.62290061112478,13.3749810162216,TRUE,NA
"sigma",5.88,-2.6497650536491,-0.00751455722131311,0.88728125756564,2.62604440026804,13.4012548395408,TRUE,NA
"sigma",5.89,-2.65283626314751,-0.00746278910002918,0.887467493905463,2.6291865029103,13.4275402390712,TRUE,NA
"sigma",5.9,-2.65590609785009,-0.00741127768724592,0.887653176327659,2.63232692290626,13.4538372005981,TRUE,NA
"sigma",5.91,-2.6589745598539,-0.00736002146019787,0.88783830724779,2.63546566409489,13.480145709951,TRUE,NA
"sigma",5.92,-2.66204165125245,-0.00730901890708235,0.888022889067285,2.63860273029952,13.5064657530037,TRUE,NA
"sigma",5.93,-2.66510737413576,-0.00725826852698042,0.888206924173543,2.64173812532791,13.5327973156736,TRUE,NA
"sigma",5.94,-2.6681717305903,-0.0072077688297556,0.888390414940037,2.64487185297237,13.559140383922,TRUE,NA
"sigma",5.95,-2.67123472269899,-0.00715751833596157,0.888573363726415,2.64800391700982,13.5854949437535,TRUE,NA
"sigma",5.96,-2.67429635254121,-0.0071075155767506,0.888755772878613,2.65113432120188,13.611860981216,TRUE,NA
"sigma",5.97,-2.67735662219278,-0.00705775909378215,0.88893764472894,2.65426306929499,13.6382384824003,TRUE,NA
"sigma",5.98,-2.68041553372594,-0.00700824743914374,0.889118981596182,2.65739016502045,13.66462743344,TRUE,NA
"sigma",5.99,-2.68347308920935,-0.00695897917524491,0.889299785785711,2.66051561209454,13.6910278205115,TRUE,NA
"sigma",6,-2.68652929070809,-0.00690995287473983,0.889480059589577,2.6636394142186,13.7174396298333,TRUE,NA
"sigma",6.01,-2.68958414028365,-0.00686116712044216,0.889659805286595,2.66676157507909,13.7438628476661,TRUE,NA
"sigma",6.02,-2.69263763999389,-0.00681262050523168,0.889839025142463,2.66988209834773,13.7702974603126,TRUE,NA
"sigma",6.03,-2.69568979189309,-0.00676431163197799,0.890017721409832,2.6730009876815,13.7967434541174,TRUE,NA
"sigma",6.04,-2.69874059803189,-0.00671623911344366,0.890195896328429,2.67611824672282,13.8232008154663,TRUE,NA
"sigma",6.05,-2.70179006045732,-0.00666840157221626,0.890373552125124,2.67923387909956,13.8496695307867,TRUE,NA
"sigma",6.06,-2.70483818121276,-0.00662079764060453,0.890550691014048,2.68234788842512,13.8761495865471,TRUE,NA
"sigma",6.07,-2.70788496233797,-0.00657342596058719,0.890727315196657,2.68546027829859,13.9026409692569,TRUE,NA
"sigma",6.08,-2.71093040586906,-0.00652628518369713,0.890903426861855,2.68857105230474,13.9291436654661,TRUE,NA
"sigma",6.09,-2.71397451383847,-0.00647937397096543,0.89107902818606,2.69168021401414,13.9556576617655,TRUE,NA
"sigma",6.1,-2.71701728827502,-0.00643269099283827,0.891254121333294,2.69478776698326,13.9821829447861,TRUE,NA
"sigma",6.11,-2.72005873120383,-0.0063862349290833,0.891428708455308,2.6978937147545,14.0087195011989,TRUE,NA
"sigma",6.12,-2.72309884464639,-0.00634000446873362,0.891602791691613,2.70099806085632,14.0352673177152,TRUE,NA
"sigma",6.13,-2.72613763062047,-0.00629399830998745,0.891776373169622,2.70410080880326,14.0618263810857,TRUE,NA
"sigma",6.14,-2.72917509114023,-0.00624821516015617,0.891949455004693,2.70720196209609,14.088396678101,TRUE,NA
"sigma",6.15,-2.73221122821607,-0.00620265373556439,0.892122039300249,2.71030152422182,14.1149781955907,TRUE,NA
"sigma",6.16,-2.73524604385477,-0.00615731276149489,0.892294128147841,2.71339949865381,14.1415709204239,TRUE,NA
"sigma",6.17,-2.73827954005939,-0.00611219097210114,0.892465723627242,2.71649588885184,14.1681748395086,TRUE,NA
"sigma",6.18,-2.74131171882929,-0.00606728711033844,0.892636827806535,2.7195906982622,14.1947899397915,TRUE,NA
"sigma",6.19,-2.74434258216015,-0.00602259992789289,0.892807442742183,2.72268393031771,14.2214162082582,TRUE,NA
"sigma",6.2,-2.74737213204394,-0.00597812818511034,0.892977570479122,2.72577558843789,14.2480536319324,TRUE,NA
"sigma",6.21,-2.75040037046892,-0.00593387065091466,0.893147213050838,2.72886567602892,14.2747021978763,TRUE,NA
"sigma",6.22,-2.75342729941966,-0.00588982610275224,0.893316372479452,2.73195419648381,14.3013618931902,TRUE,NA
"sigma",6.23,-2.756452920877,-0.00584599332650537,0.8934850507758,2.73504115318242,14.328032705012,TRUE,NA
"sigma",6.24,-2.75947723681807,-0.00580237111643767,0.893653249939504,2.73812654949155,14.3547146205178,TRUE,NA
"sigma",6.25,-2.76250024921629,-0.0057589582751203,0.893820971959063,2.74121038876501,14.3814076269208,TRUE,NA
"sigma",6.26,-2.76552196004137,-0.00571575361335519,0.893988218811923,2.74429267434367,14.4081117114718,TRUE,NA
"sigma",6.27,-2.76854237125929,-0.00567275595012395,0.894154992464558,2.74737340955557,14.4348268614587,TRUE,NA
"sigma",6.28,-2.77156148483229,-0.00562996411250838,0.894321294872545,2.75045259771596,14.4615530642065,TRUE,NA
"sigma",6.29,-2.77457930271892,-0.00558737693562295,0.894487127980647,2.75353024212738,14.4882903070769,TRUE,NA
"sigma",6.3,-2.77759582687399,-0.00554499326256463,0.894652493722874,2.75660634607974,14.5150385774685,TRUE,NA
"sigma",6.31,-2.78061105924857,-0.00550281194433122,0.894817394022577,2.75968091285035,14.5417978628162,TRUE,NA
"sigma",6.32,-2.78362500179002,-0.00546083183976576,0.894981830792501,2.76275394570405,14.5685681505912,TRUE,NA
"sigma",6.33,-2.78663765644196,-0.00541905181548863,0.895145805934882,2.76582544789323,14.5953494283011,TRUE,NA
"sigma",6.34,-2.78964902514428,-0.0053774707458385,0.895309321341506,2.76889542265789,14.6221416834891,TRUE,NA
"sigma",6.35,-2.79265910983315,-0.00533608751280923,0.895472378893775,2.77196387322575,14.6489449037348,TRUE,NA
"sigma",6.36,-2.79566791244098,-0.00529490100598196,0.895634980462801,2.7750308028123,14.6757590766528,TRUE,NA
"sigma",6.37,-2.79867543489648,-0.00525391012247267,0.895797127909454,2.77809621462084,14.7025841898937,TRUE,NA
"sigma",6.38,-2.80168167912461,-0.00521311376686828,0.895958823084444,2.78116011184258,14.7294202311432,TRUE,NA
"sigma",6.39,-2.8046866470466,-0.00517251085116488,0.896120067828393,2.78422249765669,14.7562671881222,TRUE,NA
"sigma",6.4,-2.80769034057995,-0.00513210029470113,0.896280863971904,2.78728337523036,14.7831250485867,TRUE,NA
"sigma",6.41,-2.81069276163842,-0.00509188102411917,0.896441213335618,2.79034274771887,14.8099938003273,TRUE,NA
"sigma",6.42,-2.81369391213205,-0.00505185197328917,0.8966011177303,2.79340061826566,14.8368734311696,TRUE,NA
"sigma",6.43,-2.81669379396712,-0.00501201208324531,0.896760578956901,2.79645699000238,14.8637639289736,TRUE,NA
"sigma",6.44,-2.81969240904621,-0.00497236030215786,0.89691959880661,2.79951186604897,14.8906652816335,TRUE,NA
"sigma",6.45,-2.82268975926815,-0.0049328955852479,0.897078179060944,2.8025652495137,14.917577477078,TRUE,NA
"sigma",6.46,-2.82568584652805,-0.00489361689473622,0.897236321491803,2.80561714349325,14.9445005032696,TRUE,NA
"sigma",6.47,-2.82868067271729,-0.00485452319980162,0.897394027861529,2.80866755107277,14.971434348205,TRUE,NA
"sigma",6.48,-2.8316742397235,-0.00481561347650983,0.897551299922986,2.81171647532593,14.9983789999144,TRUE,NA
"sigma",6.49,-2.83466654943062,-0.00477688670776422,0.897708139419613,2.814763919315,15.0253344464616,TRUE,NA
"sigma",6.5,-2.83765760371883,-0.00473834188326272,0.897864548085487,2.81780988609088,15.052300675944,TRUE,NA
"sigma",6.51,-2.84064740446461,-0.00469997799941124,0.898020527645407,2.8208543786932,15.0792776764922,TRUE,NA
"sigma",6.52,-2.84363595354069,-0.0046617940593201,0.89817607981492,2.82389740015033,15.10626543627,TRUE,NA
"sigma",6.53,-2.84662325281611,-0.00462378907270589,0.898331206300417,2.82693895347951,15.1332639434741,TRUE,NA
"sigma",6.54,-2.84960930415617,-0.00458596205585948,0.898485908799182,2.82997904168683,15.1602731863341,TRUE,NA
"sigma",6.55,-2.85259410942245,-0.00454831203159722,0.898640188999447,2.83301766776733,15.1872931531124,TRUE,NA
"sigma",6.56,-2.85557767047284,-0.00451083802920138,0.898794048580466,2.83605483470507,15.2143238321037,TRUE,NA
"sigma",6.57,-2.85855998916147,-0.00447353908436821,0.89894748921257,2.83909054547316,15.2413652116355,TRUE,NA
"sigma",6.58,-2.86154106733881,-0.00443641423916974,0.899100512557218,2.84212480303382,15.2684172800672,TRUE,NA
"sigma",6.59,-2.86452090685158,-0.00439946254199075,0.899253120267067,2.84515761033846,15.2954800257905,TRUE,NA
"sigma",6.6,-2.86749950954282,-0.00436268304748433,0.899405313986031,2.84818897032771,15.322553437229,TRUE,NA
"sigma",6.61,-2.87047687725186,-0.00432607481652036,0.89955709534934,2.85121888593149,15.3496375028383,TRUE,NA
"sigma",6.62,-2.87345301181431,-0.00428963691614603,0.899708465983583,2.85424736006907,15.3767322111054,TRUE,NA
"sigma",6.63,-2.8764279150621,-0.00425336841952317,0.89985942750679,2.85727439564911,15.4038375505492,TRUE,NA
"sigma",6.64,-2.87940158882346,-0.00421726840589187,0.900009981528468,2.86029999556972,15.4309535097198,TRUE,NA
"sigma",6.65,-2.88237403492293,-0.00418133596052339,0.900160129649665,2.86332416271853,15.4580800771986,TRUE,NA
"sigma",6.66,-2.88534525518135,-0.00414557017466155,0.900309873463033,2.86634689997273,15.4852172415982,TRUE,NA
"sigma",6.67,-2.88831525141588,-0.00410997014549253,0.900459214552871,2.86936821019912,15.5123649915622,TRUE,NA
"sigma",6.68,-2.89128402543999,-0.00407453497608401,0.900608154495193,2.87238809625416,15.5395233157651,TRUE,NA
"sigma",6.69,-2.89425157906347,-0.00403926377534836,0.900756694857772,2.87540656098407,15.5666922029121,TRUE,NA
"sigma",6.7,-2.89721791409245,-0.00400415565799683,0.900904837200201,2.87842360722481,15.5938716417389,TRUE,NA
"sigma",6.71,-2.90018303232936,-0.00396920974449344,0.901052583073943,2.88143923780217,15.6210616210118,TRUE,NA
"sigma",6.72,-2.90314693557297,-0.00393442516100695,0.901199934022389,2.88445345553185,15.6482621295274,TRUE,NA
"sigma",6.73,-2.90610962561839,-0.00389980103937493,0.901346891580906,2.88746626321946,15.6754731561125,TRUE,NA
"sigma",6.74,-2.90907110425706,-0.0038653365170509,0.901493457276894,2.89047766366059,15.702694689624,TRUE,NA
"sigma",6.75,-2.91203137327676,-0.00383103073707369,0.90163963262983,2.89348765964088,15.7299267189488,TRUE,NA
"sigma",6.76,-2.91499043446161,-0.00379688284800661,0.901785419151338,2.89649625393605,15.7571692330033,TRUE,NA
"sigma",6.77,-2.91794828959209,-0.00376289200391433,0.901930818345217,2.89950344931196,15.7844222207341,TRUE,NA
"sigma",6.78,-2.92090494044503,-0.00372905736430518,0.90207583170751,2.90250924852465,15.8116856711169,TRUE,NA
"sigma",6.79,-2.92386038879361,-0.00369537809409781,0.902220460726546,2.9055136543204,15.838959573157,TRUE,NA
"sigma",6.8,-2.92681463640737,-0.00366185336358482,0.902364706882988,2.90851666943578,15.866243915889,TRUE,NA
"sigma",6.81,-2.92976768505221,-0.00362848234837676,0.902508571649897,2.91151829659769,15.8935386883769,TRUE,NA
"sigma",6.82,-2.93271953649042,-0.00359526422937284,0.902652056492763,2.91451853852342,15.9208438797132,TRUE,NA
"sigma",6.83,-2.93567019248064,-0.00356219819271875,0.902795162869563,2.91751739792069,15.94815947902,TRUE,NA
"sigma",6.84,-2.93861965477791,-0.00352928342976533,0.902937892230813,2.9205148774877,15.9754854754477,TRUE,NA
"sigma",6.85,-2.94156792513362,-0.00349651913703086,0.90308024601961,2.92351097991317,16.0028218581755,TRUE,NA
"sigma",6.86,-2.94451500529557,-0.00346390451615974,0.903222225671681,2.92650570787643,16.0301686164114,TRUE,NA
"sigma",6.87,-2.94746089700796,-0.00343143877388208,0.903363832615436,2.9294990640474,16.0575257393916,TRUE,NA
"sigma",6.88,-2.95040560201135,-0.00339912112198704,0.903505068272003,2.93249105108668,16.0848932163806,TRUE,NA
"sigma",6.89,-2.95334912204274,-0.00336695077726779,0.903645934055287,2.93548167164559,16.1122710366713,TRUE,NA
"sigma",6.9,-2.95629145883551,-0.00333492696149085,0.903786431372016,2.93847092836622,16.1396591895845,TRUE,NA
"sigma",6.91,-2.95923261411947,-0.00330304890136457,0.903926561621776,2.94145882388147,16.167057664469,TRUE,NA
"sigma",6.92,-2.96217258962081,-0.00327131582849249,0.904066326197069,2.94444536081508,16.1944664507015,TRUE,NA
"sigma",6.93,-2.96511138706218,-0.00323972697934316,0.904205726483349,2.94743054178172,16.2218855376864,TRUE,NA
"sigma",6.94,-2.96804900816263,-0.00320828159521147,0.904344763859071,2.95041436938698,16.2493149148558,TRUE,NA
"sigma",6.95,-2.97098545463764,-0.00317697892218227,0.904483439695738,2.95339684622747,16.2767545716691,TRUE,NA
"sigma",6.96,-2.97392072819915,-0.00314581821109305,0.904621755357942,2.9563779748908,16.3042044976132,TRUE,NA
"sigma",6.97,-2.9768548305555,-0.0031147987175042,0.904759712203404,2.95935775795569,16.3316646822023,TRUE,NA
"sigma",6.98,-2.97978776341151,-0.00308391970165189,0.904897311583031,2.96233619799199,16.3591351149776,TRUE,NA
"sigma",6.99,-2.98271952846843,-0.00305318042842639,0.90503455484095,2.96531329756069,16.3866157855076,TRUE,NA
"sigma",7,-2.98565012742399,-0.00302258016733425,0.90517144331454,2.96828905921403,16.4141066833875,TRUE,NA
"sigma",7.01,-2.98857956197234,-0.00299211819245659,0.905307978334498,2.97126348549546,16.4416077982394,TRUE,NA
"sigma",7.02,-2.99150783380413,-0.00296179378242556,0.90544416122486,2.97423657893978,16.4691191197121,TRUE,NA
"sigma",7.03,-2.99443494460647,-0.00293160622037636,0.905579993303065,2.97720834207309,16.496640637481,TRUE,NA
"sigma",7.04,-2.99736089606295,-0.00290155479393084,0.905715475879971,2.9801787774129,16.5241723412479,TRUE,NA
"sigma",7.05,-3.00028568985365,-0.0028716387951544,0.905850610259918,2.98314788746814,16.5517142207412,TRUE,NA
"sigma",7.06,-3.00320932765512,-0.0028418575205249,0.905985397740753,2.9861156747392,16.5792662657154,TRUE,NA
"sigma",7.07,-3.00613181114042,-0.00281221027089762,0.906119839613885,2.989082141718,16.606828465951,TRUE,NA
"sigma",7.08,-3.00905314197909,-0.00278269635147721,0.906253937164315,2.99204729088798,16.6344008112549,TRUE,NA
"sigma",7.09,-3.01197332183721,-0.00275331507178977,0.906387691670676,2.99501112472421,16.6619832914597,TRUE,NA
"sigma",7.1,-3.01489235237733,-0.00272406574563222,0.906521104405283,2.99797364569336,16.6895758964239,TRUE,NA
"sigma",7.11,-3.01781023525855,-0.00269494769106426,0.906654176634164,3.0009348562538,16.7171786160319,TRUE,NA
"sigma",7.12,-3.02072697213647,-0.00266596023036447,0.906786909617096,3.00389475885561,16.7447914401934,TRUE,NA
"sigma",7.13,-3.02364256466322,-0.00263710269000006,0.906919304607654,3.00685335594061,16.7724143588438,TRUE,NA
"sigma",7.14,-3.02655701448749,-0.00260837440059891,0.907051362853242,3.00981064994242,16.8000473619441,TRUE,NA
"sigma",7.15,-3.02947032325448,-0.0025797746969185,0.907183085595133,3.0127666432865,16.8276904394802,TRUE,NA
"sigma",7.16,-3.03238249260593,-0.00255130291781835,0.907314474068507,3.0157213383902,16.8553435814636,TRUE,NA
"sigma",7.17,-3.03529352418018,-0.00252295840621874,0.907445529502493,3.01867473766275,16.8830067779307,TRUE,NA
"sigma",7.18,-3.03820341961207,-0.00249474050909093,0.907576253120194,3.02162684350535,16.9106800189431,TRUE,NA
"sigma",7.19,-3.04111218053303,-0.00246664857740253,0.907706646138747,3.02457765831119,16.938363294587,TRUE,NA
"sigma",7.2,-3.04401980857108,-0.00243868196611263,0.907836709769337,3.02752718446549,16.9660565949737,TRUE,NA
"sigma",7.21,-3.04692630535077,-0.0024108400341305,0.907966445217237,3.03047542434553,16.9937599102391,TRUE,NA
"sigma",7.22,-3.04983167249326,-0.00238312214428626,0.908095853681864,3.0334223803207,17.0214732305437,TRUE,NA
"sigma",7.23,-3.05273591161631,-0.00235552766331137,0.90822493635678,3.03636805475254,17.0491965460725,TRUE,NA
"sigma",7.24,-3.05563902433424,-0.00232805596179197,0.908353694429772,3.03931244999476,17.0769298470349,TRUE,NA
"sigma",7.25,-3.05854101225801,-0.00230070641416313,0.908482129082854,3.04225556839328,17.1046731236648,TRUE,NA
"sigma",7.26,-3.06144187699514,-0.0022734783986702,0.908610241492303,3.04519741228631,17.1324263662201,TRUE,NA
"sigma",7.27,-3.0643416201498,-0.00224637129734262,0.908738032828711,3.0481379840043,17.1601895649829,TRUE,NA
"sigma",7.28,-3.06724024332277,-0.00221938449595971,0.90886550425702,3.05107728587007,17.1879627102593,TRUE,NA
"sigma",7.29,-3.07013774811144,-0.00219251738403825,0.908992656936535,3.05401532019879,17.2157457923794,TRUE,NA
"sigma",7.3,-3.07303413610986,-0.00216576935479207,0.909119492020981,3.05695208929803,17.2435388016971,TRUE,NA
"sigma",7.31,-3.07592940890869,-0.0021391398051156,0.909246010658523,3.05988759546779,17.27134172859,TRUE,NA
"sigma",7.32,-3.07882356809524,-0.0021126281355488,0.909372213991806,3.06282184100056,17.2991545634593,TRUE,NA
"sigma",7.33,-3.08171661525348,-0.00208623375025807,0.909498103157988,3.06575482818133,17.32697729673,TRUE,NA
"sigma",7.34,-3.08460855196404,-0.00205995605701137,0.909623679288764,3.06868655928762,17.3548099188503,TRUE,NA
"sigma",7.35,-3.0874993798042,-0.0020337944671418,0.909748943510422,3.07161703658954,17.3826524202919,TRUE,NA
"sigma",7.36,-3.09038910034791,-0.00200774839553031,0.909873896943849,3.07454626234981,17.4105047915498,TRUE,NA
"sigma",7.37,-3.09327771516581,-0.00198181726058522,0.909998540704576,3.07747423882381,17.4383670231421,TRUE,NA
"sigma",7.38,-3.09616522582521,-0.00195600048419919,0.910122875902822,3.08040096825958,17.4662391056099,TRUE,NA
"sigma",7.39,-3.09905163389011,-0.00193029749175055,0.910246903643495,3.0833264528979,17.4941210295176,TRUE,NA
"sigma",7.4,-3.10193694092122,-0.0019047077120562,0.910370625026256,3.08625069497227,17.5220127854523,TRUE,NA
"sigma",7.41,-3.10482114847592,-0.00187923057735695,0.910494041145532,3.08917369670901,17.5499143640239,TRUE,NA
"sigma",7.42,-3.10770425810833,-0.00185386552329714,0.910617153090548,3.09209546032722,17.5778257558652,TRUE,NA
"sigma",7.43,-3.11058627136927,-0.00182861198888196,0.910739961945377,3.09501598803888,17.6057469516316,TRUE,NA
"sigma",7.44,-3.11346718980629,-0.00180346941647969,0.91086246878894,3.09793528204886,17.6336779420009,TRUE,NA
"sigma",7.45,-3.11634701496367,-0.00177843725177951,0.910984674695066,3.1008533445549,17.6616187176736,TRUE,NA
"sigma",7.46,-3.1192257483824,-0.00175351494377596,0.911106580732497,3.10377017774775,17.6895692693723,TRUE,NA
"sigma",7.47,-3.12210339160024,-0.00172870194474273,0.911228187964937,3.1066857838111,17.7175295878423,TRUE,NA
"sigma",7.48,-3.12497994615168,-0.00170399771021001,0.911349497451083,3.10960016492168,17.7454996638508,TRUE,NA
"sigma",7.49,-3.12785541356799,-0.00167940169894365,0.911470510244633,3.11251332324925,17.7734794881872,TRUE,NA
"sigma",7.5,-3.13072979537716,-0.00165491337291757,0.911591227394341,3.11542526095665,17.8014690516629,TRUE,NA
"sigma",7.51,-3.13360309310398,-0.00163053219729603,0.91171164994403,3.11833598019985,17.8294683451114,TRUE,NA
"sigma",7.52,-3.13647530827,-0.001606257640411,0.911831778932631,3.12124548312795,17.857477359388,TRUE,NA
"sigma",7.53,-3.13934644239357,-0.00158208917374125,0.911951615394201,3.12415377188322,17.8854960853698,TRUE,NA
"sigma",7.54,-3.1422164969898,-0.0015580262718804,0.912071160357963,3.12706084860114,17.9135245139555,TRUE,NA
"sigma",7.55,-3.14508547357062,-0.00153406841252712,0.912190414848331,3.12996671541043,17.9415626360655,TRUE,NA
"sigma",7.56,-3.14795337364473,-0.00151021507646476,0.912309379884932,3.13287137443307,17.9696104426418,TRUE,NA
"sigma",7.57,-3.15082019871767,-0.00148646574751821,0.912428056482646,3.13577482778435,17.9976679246479,TRUE,NA
"sigma",7.58,-3.15368595029178,-0.00146281991256814,0.912546445651617,3.13867707757288,18.0257350730684,TRUE,NA
"sigma",7.59,-3.15655062986623,-0.00143927706149638,0.9126645483973,3.14157812590063,18.0538118789095,TRUE,NA
"sigma",7.6,-3.15941423893699,-0.00141583668718415,0.912782365720482,3.14447797486296,18.0818983331984,TRUE,NA
"sigma",7.61,-3.1622767789969,-0.00139249828548893,0.912899898617292,3.14737662654865,18.1099944269836,TRUE,NA
"sigma",7.62,-3.16513825153562,-0.0013692613552152,0.913017148079258,3.15027408303993,18.1381001513346,TRUE,NA
"sigma",7.63,-3.16799865803967,-0.00134612539810286,0.913134115093307,3.15317034641252,18.1662154973417,TRUE,NA
"sigma",7.64,-3.17085799999242,-0.00132308991880681,0.913250800641814,3.15606541873561,18.1943404561165,TRUE,NA
"sigma",7.65,-3.17371627887409,-0.00130015442487075,0.913367205702614,3.15895930207199,18.222475018791,TRUE,NA
"sigma",7.66,-3.17657349616179,-0.00127731842670809,0.913483331249027,3.16185199847795,18.2506191765181,TRUE,NA
"sigma",7.67,-3.17942965332948,-0.00125458143759216,0.913599178249897,3.16474351000342,18.2787729204714,TRUE,NA
"sigma",7.68,-3.18228475184804,-0.00123194297362383,0.91371474766961,3.16763383869194,18.3069362418451,TRUE,NA
"sigma",7.69,-3.18513879318519,-0.00120940255371949,0.913830040468114,3.17052298658071,18.3351091318538,TRUE,NA
"sigma",7.7,-3.18799177880559,-0.0011869596995866,0.913945057600963,3.1734109557006,18.3632915817326,TRUE,NA
"sigma",7.71,-3.19084371017076,-0.00116461393571177,0.914059800019317,3.1762977480762,18.3914835827369,TRUE,NA
"sigma",7.72,-3.19369458873917,-0.00114236478933671,0.914174268669992,3.17918336572584,18.4196851261425,TRUE,NA
"sigma",7.73,-3.19654441596618,-0.0011202117904352,0.914288464495466,3.18206781066161,18.4478962032452,TRUE,NA
"sigma",7.74,-3.19939319330408,-0.00109815447170991,0.914402388433915,3.18495108488939,18.4761168053611,TRUE,NA
"sigma",7.75,-3.20224092220209,-0.00107619236855427,0.914516041419236,3.18783319040889,18.5043469238263,TRUE,NA
"sigma",7.76,-3.20508760410636,-0.00105432501904268,0.914629424381073,3.19071412921366,18.5325865499968,TRUE,NA
"sigma",7.77,-3.20793324045999,-0.0010325519639216,0.914742538244829,3.19359390329115,18.5608356752487,TRUE,NA
"sigma",7.78,-3.21077783270303,-0.00101087274657319,0.914855383931714,3.19647251462268,18.5890942909777,TRUE,NA
"sigma",7.79,-3.21362138227248,-0.000989286913013476,0.914967962358739,3.19934996518353,18.6173623885994,TRUE,NA
"sigma",7.8,-3.21646389060231,-0.000967794011865308,0.915080274438767,3.20222625694291,18.6456399595491,TRUE,NA
"sigma",7.81,-3.21930535912345,-0.000946393594340567,0.915192321080523,3.20510139186405,18.6739269952815,TRUE,NA
"sigma",7.82,-3.22214578926382,-0.000925085214233068,0.915304103188618,3.20797537190415,18.7022234872711,TRUE,NA
"sigma",7.83,-3.22498518244831,-0.000903868427884369,0.915415621663579,3.21084819901447,18.7305294270117,TRUE,NA
"sigma",7.84,-3.22782354009882,-0.000882742794179769,0.915526877401867,3.21371987514034,18.7588448060166,TRUE,NA
"sigma",7.85,-3.23066086363423,-0.000861707874525219,0.915637871295903,3.21659040222117,18.7871696158184,TRUE,NA
"sigma",7.86,-3.23349715447042,-0.000840763232835329,0.915748604234076,3.21945978219048,18.8155038479689,TRUE,NA
"sigma",7.87,-3.2363324140203,-0.000819908435512051,0.915859077100796,3.22232801697594,18.843847494039,TRUE,NA
"sigma",7.88,-3.23916664369378,-0.000799143051425144,0.915969290776488,3.22519510849939,18.872200545619,TRUE,NA
"sigma",7.89,-3.24199984489781,-0.00077846665190151,0.916079246137635,3.22806105867685,18.900562994318,TRUE,NA
"sigma",7.9,-3.24483201903636,-0.000757878810716761,0.916188944056777,3.23092586941856,18.9289348317641,TRUE,NA
"sigma",7.91,-3.24766316751044,-0.000737379104046809,0.916298385402567,3.23378954262902,18.9573160496045,TRUE,NA
"sigma",7.92,-3.25049329171809,-0.000716967110496292,0.916407571039754,3.23665208020699,18.9857066395049,TRUE,NA
"sigma",7.93,-3.25332239305444,-0.000696642411043058,0.916516501829243,3.2395134840455,19.0141065931501,TRUE,NA
"sigma",7.94,-3.25615047291165,-0.000676404589050605,0.916625178628078,3.24237375603194,19.0425159022433,TRUE,NA
"sigma",7.95,-3.25897753267894,-0.000656253230238324,0.916733602289497,3.24523289804801,19.0709345585067,TRUE,NA
"sigma",7.96,-3.26180357374262,-0.00063618792265574,0.916841773662943,3.24809091196979,19.0993625536807,TRUE,NA
"sigma",7.97,-3.26462859748606,-0.000616208256700723,0.916949693594062,3.25094779966775,19.1277998795244,TRUE,NA
"sigma",7.98,-3.26745260528974,-0.000596313825062644,0.917057362924772,3.25380356300678,19.1562465278153,TRUE,NA
"sigma",7.99,-3.2702755985312,-0.000576504222737029,0.917164782493236,3.25665820384621,19.1847024903492,TRUE,NA
"sigma",8,-3.27309757858512,-0.000556779046999356,0.917271953133908,3.25951172403981,19.2131677589403,TRUE,NA
"sigma",8.01,-3.27591854682324,-0.000537137897389073,0.917378875677556,3.26236412543587,19.241642325421,TRUE,NA
"sigma",8.02,-3.27873850461444,-0.000517580375699822,0.917485550951262,3.26521540987718,19.2701261816419,TRUE,NA
"sigma",8.03,-3.28155745332472,-0.00049810608595191,0.91759197977847,3.26806557920107,19.2986193194716,TRUE,NA
"sigma",8.04,-3.2843753943172,-0.000478714634397637,0.917698162978985,3.27091463523941,19.3271217307968,TRUE,NA
"sigma",8.05,-3.28719232895212,-0.000459405629488874,0.917804101368998,3.27376257981868,19.3556334075222,TRUE,NA
"sigma",8.06,-3.29000825858687,-0.000440178681870407,0.917909795761115,3.27660941475994,19.3841543415704,TRUE,NA
"sigma",8.07,-3.292823184576,-0.000421033404362614,0.918015246964368,3.2794551418789,19.4126845248818,TRUE,NA
"sigma",8.08,-3.29563710827119,-0.000401969411957914,0.918120455784227,3.28229976298589,19.4412239494147,TRUE,NA
"sigma",8.09,-3.2984500310213,-0.000382986321783907,0.918225423022648,3.28514327988595,19.4697726071449,TRUE,NA
"sigma",8.1,-3.30126195417232,-0.000364083753113142,0.918330149478056,3.2879856943788,19.4983304900662,TRUE,NA
"sigma",8.11,-3.30407287906746,-0.000345261327329371,0.918434635945403,3.29082700825887,19.5268975901897,TRUE,NA
"sigma",8.12,-3.30688280704707,-0.000326518667933318,0.918538883216147,3.29366722331535,19.5554738995441,TRUE,NA
"sigma",8.13,-3.30969173944872,-0.000307855400516477,0.91864289207829,3.29650634133218,19.5840594101756,TRUE,NA
"sigma",8.14,-3.31249967760714,-0.000289271152744242,0.918746663316416,3.2993443640881,19.612654114148,TRUE,NA
"sigma",8.15,-3.31530662285429,-0.000270765554348795,0.918850197711676,3.30218129335664,19.641258003542,TRUE,NA
"sigma",8.16,-3.3181125765193,-0.000252338237118011,0.918953496041834,3.30501713090617,19.6698710704561,TRUE,NA
"sigma",8.17,-3.32091753992855,-0.000233988834873244,0.919056559081265,3.30785187849992,19.6984933070056,TRUE,NA
"sigma",8.18,-3.32372151440562,-0.000215716983471559,0.919159387600978,3.31068553789598,19.7271247053233,TRUE,NA
"sigma",8.19,-3.32652450127131,-0.000197522320767529,0.919261982368656,3.31351811084734,19.7557652575589,TRUE,NA
"sigma",8.2,-3.32932650184367,-0.000179404486630563,0.919364344148636,3.31634959910191,19.7844149558792,TRUE,NA
"sigma",8.21,-3.33212751743799,-0.000161363122904046,0.919466473701966,3.31918000440254,19.813073792468,TRUE,NA
"sigma",8.22,-3.33492754936677,-0.000143397873408446,0.919568371786392,3.32200932848702,19.841741759526,TRUE,NA
"sigma",8.23,-3.33772659893981,-0.000125508383929773,0.9196700391564,3.32483757308815,19.8704188492709,TRUE,NA
"sigma",8.24,-3.34052466746414,-0.000107694302194705,0.919771476563211,3.32766473993371,19.899105053937,TRUE,NA
"sigma",8.25,-3.34332175624407,-8.99552778679258e-05,0.919872684754821,3.33049083074651,19.9278003657755,TRUE,NA
"sigma",8.26,-3.34611786658117,-7.22909625361368e-05,0.919973664476002,3.3333158472444,19.9565047770542,TRUE,NA
"sigma",8.27,-3.34891299977429,-5.47010097018408e-05,0.920074416468323,3.3361397911403,19.9852182800578,TRUE,NA
"sigma",8.28,-3.35170715711958,-3.71850747593605e-05,0.920174941470176,3.33896266414221,20.0139408670872,TRUE,NA
"sigma",8.29,-3.35450033991047,-1.97428149899537e-05,0.92027524021678,3.34178446795324,20.04267253046,TRUE,NA
"sigma",8.3,-3.35729254943769,-2.37388955026674e-06,0.920375313440208,3.3446052042716,20.0714132625103,TRUE,NA
"sigma",8.31,-3.36008378698927,1.49220405432082e-05,0.920475161869404,3.34742487479069,20.1001630555887,TRUE,NA
"sigma",8.32,-3.36287405385055,3.21453124216831e-05,0.92057478623019,3.35024348119903,20.1289219020618,TRUE,NA
"sigma",8.33,-3.36566335130422,4.92962613867221e-05,0.9206741872453,3.35306102518037,20.1576897943129,TRUE,NA
"sigma",8.34,-3.36845168063024,6.6375220895587e-05,0.920773365634363,3.35587750841361,20.1864667247412,TRUE,NA
"sigma",8.35,-3.37123904310595,8.33825226154161e-05,0.920872322113977,3.35869293257294,20.2152526857625,TRUE,NA
"sigma",8.36,-3.374025440006,0.000100318496390361,0.920971057397657,3.36150729932773,20.2440476698082,TRUE,NA
"sigma",8.37,-3.37681087260239,0.000117183470282889,0.921069572195903,3.36432061034267,20.2728516693263,TRUE,NA
"sigma",8.38,-3.37959534216448,0.000133977770572891,0.921167867216198,3.3671328672777,20.3016646767804,TRUE,NA
"sigma",8.39,-3.38237884995897,0.000150701721772339,0.921265943163018,3.36994407178806,20.3304866846503,TRUE,NA
"sigma",8.4,-3.38516139724994,0.00016735564664172,0.921363800737863,3.37275422552435,20.3593176854317,TRUE,NA
"sigma",8.41,-3.38794298529883,0.000183939866186034,0.921461440639258,3.37556333013247,20.388157671636,TRUE,NA
"sigma",8.42,-3.39072361536445,0.000200454699674779,0.921558863562768,3.3783713872537,20.4170066357907,TRUE,NA
"sigma",8.43,-3.393503288703,0.000216900464669489,0.921656070201042,3.3811783985247,20.4458645704386,TRUE,NA
"sigma",8.44,-3.39628200656809,0.000233277476997973,0.921753061243785,3.38398436557753,20.4747314681387,TRUE,NA
"sigma",8.45,-3.39905977021069,0.000249586050796058,0.921849837377805,3.38678929003965,20.5036073214652,TRUE,NA
"sigma",8.46,-3.40183658087918,0.000265826498513366,0.921946399287028,3.38959317353397,20.5324921230083,TRUE,NA
"sigma",8.47,-3.40461243981937,0.00028199913090976,0.922042747652492,3.39239601767887,20.5613858653733,TRUE,NA
"sigma",8.48,-3.40738734827446,0.000298104257073994,0.922138883152371,3.39519782408816,20.5902885411814,TRUE,NA
"sigma",8.49,-3.41016130748509,0.00031414218444592,0.922234806462011,3.39799859437119,20.619200143069,TRUE,NA
"sigma",8.5,-3.41293431868931,0.00033011321880938,0.922330518253918,3.40079833013278,20.6481206636878,TRUE,NA
"sigma",8.51,-3.41570638312261,0.000346017664306419,0.922426019197777,3.4035970329733,20.6770500957051,TRUE,NA
"sigma",8.52,-3.41847750201793,0.000361855823456381,0.92252130996048,3.40639470448867,20.7059884318033,TRUE,NA
"sigma",8.53,-3.42124767660564,0.000377627997155905,0.922616391206131,3.40919134627035,20.73493566468,TRUE,NA
"sigma",8.54,-3.42401690811357,0.000393334484703356,0.922711263596071,3.4119869599054,20.7638917870482,TRUE,NA
"sigma",8.55,-3.42678519776702,0.000408975583787718,0.92280592778887,3.41478154697648,20.7928567916357,TRUE,NA
"sigma",8.56,-3.42955254678873,0.000424551590510802,0.922900384440361,3.41757510906185,20.8218306711856,TRUE,NA
"sigma",8.57,-3.43231895639892,0.000440062799408558,0.922994634203656,3.42036764773543,20.8508134184559,TRUE,NA
"sigma",8.58,-3.43508442781531,0.000455509503434648,0.923088677729143,3.42315916456677,20.8798050262198,TRUE,NA
"sigma",8.59,-3.43784896225308,0.000470891993991973,0.92318251566452,3.4259496611211,20.9088054872651,TRUE,NA
"sigma",8.6,-3.4406125609249,0.000486210560934897,0.923276148654789,3.42873913895934,20.9378147943947,TRUE,NA
"sigma",8.61,-3.44337522504095,0.000501465492575903,0.923369577342292,3.4315275996381,20.9668329404263,TRUE,NA
"sigma",8.62,-3.4461369558089,0.000516657075698923,0.923462802366708,3.43431504470973,20.9958599181923,TRUE,NA
"sigma",8.63,-3.44889775443393,0.000531785595573098,0.923555824365073,3.4371014757223,21.0248957205399,TRUE,NA
"sigma",8.64,-3.45165762211875,0.000546851335944787,0.923648643971779,3.43988689421966,21.053940340331,TRUE,NA
"sigma",8.65,-3.45441656006358,0.000561854579075316,0.923741261818634,3.44267130174141,21.082993770442,TRUE,NA
"sigma",8.66,-3.45717456946615,0.000576795605727209,0.923833678534816,3.44545469982294,21.112056003764,TRUE,NA
"sigma",8.67,-3.45993165152175,0.000591674695172628,0.923925894746918,3.44823708999545,21.1411270332026,TRUE,NA
"sigma",8.68,-3.4626878074232,0.00060649212522712,0.924017911078967,3.45101847378598,21.1702068516778,TRUE,NA
"sigma",8.69,-3.46544303836087,0.000621248172226085,0.924109728152413,3.45379885271738,21.1992954521243,TRUE,NA
"sigma",8.7,-3.46819734552266,0.000635943111059856,0.924201346586175,3.45657822830838,21.2283928274909,TRUE,NA
"sigma",8.71,-3.47095073009406,0.000650577215169257,0.924292766996613,3.45935660207355,21.257498970741,TRUE,NA
"sigma",8.72,-3.4737031932581,0.000665150756559818,0.924383989997587,3.4621339755234,21.286613874852,TRUE,NA
"sigma",8.73,-3.47645473619539,0.000679664005807545,0.924475016200429,3.46491035016428,21.3157375328159,TRUE,NA
"sigma",8.74,-3.47920536008411,0.000694117232066471,0.924565846213983,3.4676857274985,21.3448699376385,TRUE,NA
"sigma",8.75,-3.48195506610003,0.000708510703083309,0.924656480644602,3.47046010902432,21.3740110823402,TRUE,NA
"sigma",8.76,-3.48470385541651,0.000722844685202784,0.92474692009617,3.47323349623591,21.4031609599552,TRUE,NA
"sigma",8.77,-3.48745172920448,0.000737119443374734,0.924837165170116,3.47600589062344,21.4323195635318,TRUE,NA
"sigma",8.78,-3.4901986886325,0.000751335241159445,0.924927216465414,3.47877729367305,21.4614868861326,TRUE,NA
"sigma",8.79,-3.49294473486673,0.00076549234075296,0.925017074578611,3.48154770686689,21.4906629208337,TRUE,NA
"sigma",8.8,-3.49568986907092,0.000779591002976421,0.925106740103829,3.48431713168311,21.5198476607256,TRUE,NA
"sigma",8.81,-3.49843409240647,0.000793631487281399,0.925196213632776,3.4870855695959,21.5490410989124,TRUE,NA
"sigma",8.82,-3.50117740603237,0.000807614051788974,0.925285495754774,3.4898530220755,21.5782432285121,TRUE,NA
"sigma",8.83,-3.50391981110527,0.000821538953259981,0.925374587056752,3.49261949058821,21.6074540426565,TRUE,NA
"sigma",8.84,-3.50666130877945,0.000835406447123876,0.925463488123262,3.4953849765964,21.6366735344913,TRUE,NA
"sigma",8.85,-3.50940190020681,0.000849216787491613,0.925552199536507,3.49814948155854,21.6659016971756,TRUE,NA
"sigma",8.86,-3.51214158653692,0.000862970227148097,0.925640721876332,3.5009130069292,21.6951385238825,TRUE,NA
"sigma",8.87,-3.51488036891699,0.000876667017566835,0.925729055720253,3.50367555415908,21.7243840077985,TRUE,NA
"sigma",8.88,-3.51761824849191,0.000890307408921043,0.925817201643446,3.50643712469502,21.7536381421238,TRUE,NA
"sigma",8.89,-3.52035522640422,0.000903891650090749,0.92590516021879,3.50919771997999,21.782900920072,TRUE,NA
"sigma",8.9,-3.52309130379411,0.00091741998866457,0.925992932016853,3.51195734145316,21.8121723348702,TRUE,NA
"sigma",8.91,-3.5258264817995,0.000930892670953032,0.926080517605909,3.51471599054986,21.8414523797591,TRUE,NA
"sigma",8.92,-3.52856076155594,0.000944309942000121,0.926167917551967,3.51747366870162,21.8707410479928,TRUE,NA
"sigma",8.93,-3.53129414419671,0.000957672045583724,0.92625513241876,3.5202303773362,21.9000383328385,TRUE,NA
"sigma",8.94,-3.53402663085275,0.000970979224221402,0.926342162767765,3.52298611787754,21.9293442275769,TRUE,NA
"sigma",8.95,-3.53675822265272,0.000984231719183715,0.926429009158213,3.52574089174588,21.9586587255021,TRUE,NA
"sigma",8.96,-3.53948892072299,0.000997429770507985,0.926515672147112,3.52849470035767,21.9879818199213,TRUE,NA
"sigma",8.97,-3.54221872618762,0.00101057361698897,0.926602152289236,3.53124754512565,22.0173135041547,TRUE,NA
"sigma",8.98,-3.54494764016841,0.00102366349619398,0.926688450137151,3.53399942745884,22.0466537715361,TRUE,NA
"sigma",8.99,-3.54767566378488,0.00103669964447617,0.926774566241221,3.53675034876255,22.076002615412,TRUE,NA
"sigma",9,-3.55040279815426,0.00104968229698876,0.926860501149637,3.5395003104384,22.1053600291421,TRUE,NA
"sigma",9.01,-3.55312904439153,0.00106261168765309,0.926946255408386,3.54224931388436,22.1347260060992,TRUE,NA
"sigma",9.02,-3.55585440360943,0.0010754880492172,0.927031829561309,3.54499736049472,22.164100539669,TRUE,NA
"sigma",9.03,-3.5585788769184,0.0010883116132292,0.927117224150083,3.54774445166011,22.1934836232503,TRUE,NA
"sigma",9.04,-3.56130246542666,0.00110108261006392,0.927202439714238,3.55049058876757,22.2228752502545,TRUE,NA
"sigma",9.05,-3.5640251702402,0.00111380126890248,0.927287476791169,3.55323577320047,22.2522754141062,TRUE,NA
"sigma",9.06,-3.56674699246275,0.0011264678177727,0.927372335916147,3.55598000633862,22.2816841082425,TRUE,NA
"sigma",9.07,-3.5694679331958,0.001139082483542,0.927457017622339,3.55872328955821,22.3111013261136,TRUE,NA
"sigma",9.08,-3.57218799353866,0.00115164549191338,0.927541522440791,3.56146562423186,22.3405270611822,TRUE,NA
"sigma",9.09,-3.57490717458836,0.00116415706744499,0.92762585090047,3.56420701172863,22.3699613069238,TRUE,NA
"sigma",9.1,-3.57762547743978,0.00117661743355812,0.927710003528248,3.56694745341403,22.3994040568267,TRUE,NA
"sigma",9.11,-3.58034290318552,0.00118902681253541,0.927793980848945,3.56968695065003,22.4288553043914,TRUE,NA
"sigma",9.12,-3.58305945291604,0.00120138542553727,0.927877783385291,3.57242550479506,22.4583150431315,TRUE,NA
"sigma",9.13,-3.58577512771957,0.00121369349259526,0.927961411657984,3.57516311720407,22.4877832665728,TRUE,NA
"sigma",9.14,-3.58848992868215,0.00122595123263247,0.92804486618568,3.57789978922849,22.5172599682537,TRUE,NA
"sigma",9.15,-3.59120385688764,0.00123815886346668,0.928128147484991,3.58063552221628,22.5467451417252,TRUE,NA
"sigma",9.16,-3.59391691341772,0.00125031660181207,0.928211256070518,3.5833703175119,22.5762387805504,TRUE,NA
"sigma",9.17,-3.59662909935188,0.00126242466328375,0.928294192454845,3.58610417645639,22.6057408783052,TRUE,NA
"sigma",9.18,-3.59934041576746,0.0012744832624163,0.928376957148555,3.58883710038732,22.6352514285776,TRUE,NA
"sigma",9.19,-3.60205086373963,0.0012864926126559,0.928459550660236,3.59156909063884,22.6647704249679,TRUE,NA
"sigma",9.2,-3.60476044434138,0.00129845292637754,0.9285419734965,3.59430014854165,22.6942978610887,TRUE,NA
"sigma",9.21,-3.60746915864358,0.00131036441489352,0.928624226161978,3.5970302754231,22.7238337305651,TRUE,NA
"sigma",9.22,-3.61017700771492,0.00132222728844056,0.928706309159347,3.59975947260709,22.7533780270339,TRUE,NA
"sigma",9.23,-3.61288399262197,0.00133404175620111,0.928788222989318,3.60248774141415,22.7829307441446,TRUE,NA
"sigma",9.24,-3.61559011442916,0.00134580802632422,0.928869968150672,3.60521508316148,22.8124918755583,TRUE,NA
"sigma",9.25,-3.61829537419877,0.00135752630589447,0.928951545140249,3.60794149916287,22.8420614149487,TRUE,NA
"sigma",9.26,-3.62099977299097,0.00136919680096215,0.92903295445295,3.61066699072879,22.8716393560012,TRUE,NA
"sigma",9.27,-3.62370331186381,0.00138081971656412,0.929114196581792,3.61339155916638,22.9012256924132,TRUE,NA
"sigma",9.28,-3.62640599187321,0.00139239525668433,0.929195272017852,3.61611520577946,22.9308204178944,TRUE,NA
"sigma",9.29,-3.62910781407299,0.00140392362430575,0.929276181250327,3.61883793186854,22.9604235261661,TRUE,NA
"sigma",9.3,-3.63180877951486,0.00141540502139481,0.929356924766524,3.62155973873082,22.9900350109617,TRUE,NA
"sigma",9.31,-3.63450888924843,0.00142683964890322,0.929437503051872,3.62428062766025,23.0196548660264,TRUE,NA
"sigma",9.32,-3.63720814432123,0.00143822770678659,0.929517916589921,3.62700059994747,23.0492830851172,TRUE,NA
"sigma",9.33,-3.63990654577868,0.00144956939399954,0.92959816586237,3.62971965687989,23.078919662003,TRUE,NA
"sigma",9.34,-3.64260409466412,0.00146086490851438,0.929678251349061,3.63243779974167,23.1085645904643,TRUE,NA
"sigma",9.35,-3.64530079201883,0.00147211444731621,0.929758173528001,3.63515502981371,23.1382178642935,TRUE,NA
"sigma",9.36,-3.64799663888198,0.00148331820640291,0.929837932875349,3.63787134837371,23.1678794772947,TRUE,NA
"sigma",9.37,-3.6506916362907,0.00149447638080646,0.929917529865445,3.64058675669616,23.1975494232834,TRUE,NA
"sigma",9.38,-3.65338578528006,0.00150558916458943,0.92999696497081,3.64330125605233,23.2272276960869,TRUE,NA
"sigma",9.39,-3.65607908688306,0.00151665675085866,0.930076238662168,3.64601484771033,23.2569142895441,TRUE,NA
"sigma",9.4,-3.65877154213064,0.0015276793317538,0.930155351408432,3.64872753293506,23.2866091975055,TRUE,NA
"sigma",9.41,-3.66146315205171,0.00153865709847079,0.930234303676724,3.65143931298827,23.3163124138329,TRUE,NA
"sigma",9.42,-3.66415391767312,0.001549590241257,0.930313095932392,3.65415018912858,23.3460239323997,TRUE,NA
"sigma",9.43,-3.6668438400197,0.00156047894942191,0.930391728639002,3.65686016261142,23.3757437470909,TRUE,NA
"sigma",9.44,-3.66953292011424,0.00157132341134503,0.930470202258368,3.65956923468914,23.4054718518026,TRUE,NA
"sigma",9.45,-3.6722211589775,0.00158212381446043,0.930548517250521,3.66227740661093,23.4352082404425,TRUE,NA
"sigma",9.46,-3.67490855762823,0.00159288034530203,0.930626674073778,3.66498467962289,23.4649529069297,TRUE,NA
"sigma",9.47,-3.67759511708314,0.00160359318946801,0.930704673184691,3.66769105496803,23.4947058451942,TRUE,NA
"sigma",9.48,-3.68028083835696,0.0016142625316431,0.930782515038083,3.67039653388624,23.5244670491778,TRUE,NA
"sigma",9.49,-3.68296572246238,0.00162488855562026,0.930860200087068,3.67310111761439,23.5542365128333,TRUE,NA
"sigma",9.5,-3.68564977041011,0.00163547144427278,0.930937728783032,3.67580480738624,23.5840142301245,TRUE,NA
"sigma",9.51,-3.68833298320886,0.00164601137957954,0.931015101575649,3.67850760443253,23.6138001950268,TRUE,NA
"sigma",9.52,-3.69101536186535,0.00165650854263921,0.931092318912914,3.68120950998092,23.6435944015265,TRUE,NA
"sigma",9.53,-3.69369690738431,0.00166696311364101,0.931169381241101,3.68391052525608,23.6733968436209,TRUE,NA
"sigma",9.54,-3.69637762076849,0.00167737527191791,0.931246289004836,3.68661065147963,23.7032075153185,TRUE,NA
"sigma",9.55,-3.69905750301866,0.0016877451959072,0.931323042647039,3.6893098898702,23.7330264106391,TRUE,NA
"sigma",9.56,-3.70173655513361,0.00169807306317837,0.931399642608982,3.69200824164342,23.7628535236129,TRUE,NA
"sigma",9.57,-3.70441477811021,0.00170835905043765,0.931476089330269,3.69470570801192,23.7926888482817,TRUE,NA
"sigma",9.58,-3.70709217294329,0.00171860333352791,0.93155238324886,3.69740229018537,23.8225323786979,TRUE,NA
"sigma",9.59,-3.70976874062581,0.00172880608742876,0.931628524801055,3.70009798937046,23.8523841089248,TRUE,NA
"sigma",9.6,-3.7124444821487,0.00173896748627422,0.931704514421535,3.70279280677092,23.8822440330368,TRUE,NA
"sigma",9.61,-3.715119398501,0.00174908770335147,0.931780352543346,3.70548674358757,23.9121121451189,TRUE,NA
"sigma",9.62,-3.71779349066978,0.00175916691109679,0.93185603959791,3.70817980101824,23.9419884392671,TRUE,NA
"sigma",9.63,-3.72046675964019,0.00176920528111868,0.931931576015047,3.71087198025788,23.971872909588,TRUE,NA
"sigma",9.64,-3.72313920639543,0.00177920298417611,0.932006962222945,3.71356328249851,24.0017655501992,TRUE,NA
"sigma",9.65,-3.72581083191678,0.00178916019022513,0.932082198648234,3.71625370892925,24.0316663552289,TRUE,NA
"sigma",9.66,-3.72848163718361,0.0017990770683709,0.932157285715917,3.71894326073633,24.0615753188158,TRUE,NA
"sigma",9.67,-3.73115162317335,0.00180895378691881,0.93223222384943,3.72163193910308,24.0914924351096,TRUE,NA
"sigma",9.68,-3.73382079086154,0.00181879051335043,0.932307013470633,3.72431974520998,24.1214176982703,TRUE,NA
"sigma",9.69,-3.73648914122179,0.00182858741434222,0.932381654999821,3.72700668023463,24.1513511024688,TRUE,NA
"sigma",9.7,-3.73915667522583,0.00183834465575616,0.932456148855706,3.72969274535179,24.1812926418864,TRUE,NA
"sigma",9.71,-3.74182339384348,0.00184806240266644,0.932530495455478,3.73237794173337,24.2112423107148,TRUE,NA
"sigma",9.72,-3.74448929804267,0.00185774081934342,0.932604695214755,3.73506227054844,24.2412001031565,TRUE,NA
"sigma",9.73,-3.74715438878943,0.00186738006925768,0.932678748547627,3.73774573296327,24.2711660134244,TRUE,NA
"sigma",9.74,-3.74981866704793,0.00187698031511374,0.932752655866655,3.74042833014129,24.3011400357415,TRUE,NA
"sigma",9.75,-3.75248213378043,0.00188654171881364,0.932826417582859,3.74311006324316,24.3311221643417,TRUE,NA
"sigma",9.76,-3.75514478994734,0.00189606444148227,0.932900034105748,3.74579093342671,24.3611123934691,TRUE,NA
"sigma",9.77,-3.75780663650719,0.00190554864348602,0.932973505843333,3.74847094184701,24.3911107173779,TRUE,NA
"sigma",9.78,-3.76046767441666,0.00191499448439902,0.933046833202099,3.75115008965636,24.4211171303331,TRUE,NA
"sigma",9.79,-3.76312790463054,0.00192440212305378,0.933120016587054,3.75382837800427,24.4511316266095,TRUE,NA
"sigma",9.8,-3.76578732810179,0.00193377171750386,0.933193056401702,3.75650580803753,24.4811542004924,TRUE,NA
"sigma",9.81,-3.76844594578151,0.00194310342504478,0.933265953048058,3.75918238090016,24.5111848462775,TRUE,NA
"sigma",9.82,-3.77110375861896,0.00195239740223485,0.933338706926679,3.76185809773345,24.5412235582705,TRUE,NA
"sigma",9.83,-3.77376076756154,0.0019616538048699,0.933411318436639,3.76453295967598,24.5712703307871,TRUE,NA
"sigma",9.84,-3.77641697355485,0.00197087278800101,0.933483787975543,3.7672069678636,24.6013251581536,TRUE,NA
"sigma",9.85,-3.77907237754261,0.00198005450595584,0.933556115939565,3.76988012342944,24.631388034706,TRUE,NA
"sigma",9.86,-3.78172698046675,0.00198919911230178,0.933628302723397,3.77255242750396,24.6614589547906,TRUE,NA
"sigma",9.87,-3.78438078326736,0.00199830675989388,0.93370034872031,3.77522388121492,24.6915379127637,TRUE,NA
"sigma",9.88,-3.78703378688271,0.00200737760084024,0.933772254322121,3.77789448568739,24.7216249029917,TRUE,NA
"sigma",9.89,-3.78968599224927,0.00201641178654688,0.93384401991924,3.7805642420438,24.7517199198508,TRUE,NA
"sigma",9.9,-3.79233740030169,0.00202540946768215,0.933915645900631,3.78323315140389,24.7818229577275,TRUE,NA
"sigma",9.91,-3.79498801197282,0.00203437079420432,0.933987132653848,3.78590121488475,24.8119340110178,TRUE,NA
"sigma",9.92,-3.79763782819369,0.00204329591536334,0.934058480565044,3.78856843360086,24.8420530741281,TRUE,NA
"sigma",9.93,-3.80028684989357,0.00205218497969728,0.934129690018957,3.79123480866403,24.8721801414744,TRUE,NA
"sigma",9.94,-3.80293507799991,0.00206103813503677,0.934200761398929,3.79390034118347,24.9023152074826,TRUE,NA
"sigma",9.95,-3.80558251343838,0.00206985552851391,0.934271695086903,3.79656503226576,24.9324582665884,TRUE,NA
"sigma",9.96,-3.80822915713288,0.00207863730657687,0.934342491463462,3.79922888301489,24.9626093132374,TRUE,NA
"sigma",9.97,-3.81087501000551,0.00208738361495708,0.934413150907779,3.80189189453223,24.992768341885,TRUE,NA
"sigma",9.98,-3.81352007297662,0.00209609459871585,0.934483673797674,3.80455406791658,25.0229353469961,TRUE,NA
"sigma",9.99,-3.81616434696478,0.00210477040222345,0.934554060509593,3.80721540426417,25.0531103230455,TRUE,NA
"sigma",10,-3.81880783288678,0.00211341116917163,0.93462431141863,3.80987590466863,25.0832932645179,TRUE,NA
"sigma",10.01,-3.82145053165769,0.00212201704256865,0.934694426898507,3.81253557022105,25.1134841659072,TRUE,NA
"sigma",10.02,-3.82409244419078,0.0021305881647522,0.934764407321619,3.81519440200996,25.1436830217174,TRUE,NA
"sigma",10.03,-3.82673357139759,0.00213912467739164,0.934834253059003,3.81785240112135,25.1738898264618,TRUE,NA
"sigma",10.04,-3.82937391418792,0.00214762672148749,0.934903964480372,3.82050956863867,25.2041045746634,TRUE,NA
"sigma",10.05,-3.83201347346982,0.00215609443737774,0.934973541954097,3.82316590564284,25.2343272608547,TRUE,NA
"sigma",10.06,-3.8346522501496,0.00216452796474309,0.935042985847238,3.82582141321227,25.2645578795778,TRUE,NA
"sigma",10.07,-3.83729024513183,0.00217292744260478,0.935112296525529,3.82847609242285,25.2947964253843,TRUE,NA
"sigma",10.08,-3.83992745931936,0.00218129300933256,0.935181474353383,3.83112994434799,25.3250428928353,TRUE,NA
"sigma",10.09,-3.84256389361332,0.00218962480265539,0.935250519693929,3.83378297005857,25.3552972765012,TRUE,NA
"sigma",10.1,-3.8451995489131,0.00219792295964805,0.935319432908987,3.83643517062302,25.385559570962,TRUE,NA
"sigma",10.11,-3.8478344261164,0.00220618761674718,0.935388214359065,3.83908654710728,25.4158297708069,TRUE,NA
"sigma",10.12,-3.85046852611918,0.00221441890975171,0.935456864403407,3.84173710057482,25.4461078706348,TRUE,NA
"sigma",10.13,-3.85310184981571,0.00222261697382997,0.935525383399965,3.84438683208665,25.4763938650536,TRUE,NA
"sigma",10.14,-3.85573439809854,0.00223078194350634,0.9355937717054,3.84703574270134,25.5066877486807,TRUE,NA
"sigma",10.15,-3.85836617185856,0.00223891395268838,0.935662029675119,3.849683833475,25.5369895161429,TRUE,NA
"sigma",10.16,-3.8609971719849,0.00224701313466324,0.935730157663262,3.85233110546132,25.5672991620759,TRUE,NA
"sigma",10.17,-3.86362739936507,0.00225507962208926,0.935798156022702,3.85497755971155,25.5976166811249,TRUE,NA
"sigma",10.18,-3.86625685488484,0.00226311354700437,0.935866025105054,3.85762319727453,25.6279420679444,TRUE,NA
"sigma",10.19,-3.86888553942831,0.0022711150408492,0.935933765260701,3.8602680191967,25.6582753171979,TRUE,NA
"sigma",10.2,-3.87151345387793,0.00227908423442624,0.936001376838758,3.86291202652207,25.6886164235582,TRUE,NA
"sigma",10.21,-3.87414059911444,0.00228702125795843,0.936068860187121,3.86555522029228,25.7189653817072,TRUE,NA
"sigma",10.22,-3.87676697601691,0.00229492624104921,0.936136215652446,3.86819760154656,25.7493221863358,TRUE,NA
"sigma",10.23,-3.87939258546279,0.00230279931270116,0.936203443580167,3.8708391713218,25.7796868321441,TRUE,NA
"sigma",10.24,-3.88201742832781,0.00231064060132224,0.936270544314481,3.87347993065248,25.8100593138413,TRUE,NA
"sigma",10.25,-3.88464150548608,0.0023184502347271,0.936337518198388,3.87611988057073,25.8404396261456,TRUE,NA
"sigma",10.26,-3.88726481781004,0.00232622834014196,0.936404365573673,3.87875902210634,25.8708277637842,TRUE,NA
"sigma",10.27,-3.88988736617049,0.00233397504419264,0.936471086780901,3.88139735628672,25.9012237214932,TRUE,NA
"sigma",10.28,-3.89250915143659,0.00234169047292987,0.936537682159451,3.88403488413699,25.931627494018,TRUE,NA
"sigma",10.29,-3.89513017447583,0.00234937475182484,0.936604152047504,3.88667160667988,25.9620390761125,TRUE,NA
"sigma",10.3,-3.89775043615409,0.00235702800576565,0.936670496782057,3.88930752493585,25.9924584625398,TRUE,NA
"sigma",10.31,-3.90036993733561,0.00236465035905731,0.936736716698897,3.89194263992301,26.0228856480718,TRUE,NA
"sigma",10.32,-3.902988678883,0.00237224193544838,0.936802812132664,3.89457695265716,26.0533206274893,TRUE,NA
"sigma",10.33,-3.90560666165725,0.00237980285810302,0.936868783416812,3.89721046415184,26.0837633955819,TRUE,NA
"sigma",10.34,-3.90822388651772,0.00238733324963025,0.936934630883612,3.89984317541823,26.1142139471481,TRUE,NA
"sigma",10.35,-3.91084035432216,0.00239483323207113,0.937000354864197,3.90247508746529,26.1446722769951,TRUE,NA
"sigma",10.36,-3.91345606592671,0.00240230292690136,0.937065955688518,3.90510620129966,26.175138379939,TRUE,NA
"sigma",10.37,-3.91607102218589,0.00240974245504555,0.93713143368538,3.90773651792572,26.2056122508044,TRUE,NA
"sigma",10.38,-3.91868522395262,0.00241715193687275,0.937196789182444,3.91036603834559,26.236093884425,TRUE,NA
"sigma",10.39,-3.92129867207823,0.00242453149220134,0.937262022506223,3.91299476355914,26.2665832756429,TRUE,NA
"sigma",10.4,-3.92391136741243,0.00243188124029636,0.937327133982098,3.91562269456397,26.2970804193089,TRUE,NA
"sigma",10.41,-3.92652331080337,0.00243920129988107,0.937392123934302,3.91824983235546,26.3275853102826,TRUE,NA
"sigma",10.42,-3.92913450309757,0.00244649178914003,0.937456992685952,3.92087617792676,26.3580979434322,TRUE,NA
"sigma",10.43,-3.93174494514,0.00245375282571025,0.937521740559035,3.92350173226876,26.3886183136344,TRUE,NA
"sigma",10.44,-3.93435463777404,0.00246098452668742,0.937586367874413,3.92612649637017,26.4191464157745,TRUE,NA
"sigma",10.45,-3.93696358184148,0.00246818700865337,0.937650874951852,3.92875047121747,26.4496822447465,TRUE,NA
"sigma",10.46,-3.93957177818254,0.00247536038764062,0.93771526211,3.93137365779492,26.4802257954528,TRUE,NA
"sigma",10.47,-3.9421792276359,0.00248250477915235,0.937779529666385,3.93399605708461,26.5107770628044,TRUE,NA
"sigma",10.48,-3.94478593103862,0.00248962029818056,0.937843677937459,3.93661767006643,26.5413360417206,TRUE,NA
"sigma",10.49,-3.94739188922625,0.00249670705917548,0.937907707238561,3.93923849771807,26.5719027271296,TRUE,NA
"sigma",10.5,-3.94999710303275,0.00250376517608775,0.937971617883953,3.94185854101507,26.6024771139676,TRUE,NA
"sigma",10.51,-3.95260157329055,0.00251079476233995,0.938035410186807,3.94447780093078,26.6330591971793,TRUE,NA
"sigma",10.52,-3.9552053008305,0.00251779593082935,0.938099084459204,3.94709627843639,26.6636489717181,TRUE,NA
"sigma",10.53,-3.95780828648193,0.00252476879395402,0.938162641012157,3.94971397450095,26.6942464325455,TRUE,NA
"sigma",10.54,-3.96041053107262,0.00253171346361025,0.938226080155613,3.95233089009135,26.7248515746313,TRUE,NA
"sigma",10.55,-3.96301203542881,0.00253863005117028,0.938289402198447,3.95494702617234,26.755464392954,TRUE,NA
"sigma",10.56,-3.9656128003752,0.00254551866750763,0.938352607448466,3.95756238370653,26.7860848825,TRUE,NA
"sigma",10.57,-3.96821282673496,0.0025523794230029,0.938415696212419,3.9601769636544,26.8167130382643,TRUE,NA
"sigma",10.58,-3.97081211532974,0.00255921242752866,0.938478668796027,3.96279076697433,26.8473488552499,TRUE,NA
"sigma",10.59,-3.97341066697967,0.00256601779046317,0.938541525503912,3.96540379462257,26.8779923284683,TRUE,NA
"sigma",10.6,-3.97600848250335,0.0025727956206989,0.938604266639702,3.96801604755325,26.9086434529389,TRUE,NA
"sigma",10.61,-3.97860556271785,0.00257954602662602,0.938666892505967,3.97062752671843,26.9393022236898,TRUE,NA
"sigma",10.62,-3.98120190843877,0.00258626911614712,0.938729403404218,3.97323823306805,26.9699686357569,TRUE,NA
"sigma",10.63,-3.98379752048015,0.00259296499669004,0.938791799634972,3.97584816754998,27.0006426841842,TRUE,NA
"sigma",10.64,-3.98639239965458,0.00259963377518657,0.938854081497695,3.97845733110999,27.0313243640242,TRUE,NA
"sigma",10.65,-3.98898654677309,0.00260627555810045,0.938916249290848,3.9810657246918,27.0620136703371,TRUE,NA
"sigma",10.66,-3.99157996264526,0.00261289045140467,0.938978303311854,3.98367334923704,27.0927105981915,TRUE,NA
"sigma",10.67,-3.99417264807916,0.00261947856060285,0.939040243857134,3.98628020568529,27.1234151426641,TRUE,NA
"sigma",10.68,-3.99676460388135,0.00262603999072741,0.939102071222105,3.98888629497408,27.1541272988393,TRUE,NA
"sigma",10.69,-3.99935583085694,0.00263257484633561,0.93916378570117,3.9914916180389,27.1848470618098,TRUE,NA
"sigma",10.7,-4.00194632980953,0.00263908323151085,0.939225387587726,3.99409617581316,27.2155744266764,TRUE,NA
"sigma",10.71,-4.00453610154126,0.00264556524989068,0.939286877174203,3.99669996922828,27.2463093885476,TRUE,NA
"sigma",10.72,-4.00712514685276,0.00265202100462503,0.93934825475199,3.99930299921363,27.2770519425402,TRUE,NA
"sigma",10.73,-4.00971346654323,0.00265845059841663,0.939409520611531,4.00190526669656,27.3078020837786,TRUE,NA
"sigma",10.74,-4.01230106141039,0.00266485413350903,0.939470675042268,4.0045067726024,27.3385598073953,TRUE,NA
"sigma",10.75,-4.01488793225047,0.00267123171168393,0.939531718332659,4.0071075178545,27.3693251085308,TRUE,NA
"sigma",10.76,-4.01747407985826,0.00267758343426916,0.9395926507702,4.00970750337415,27.4000979823334,TRUE,NA
"sigma",10.77,-4.0200595050271,0.00268390940215024,0.939653472641405,4.01230673008071,27.4308784239591,TRUE,NA
"sigma",10.78,-4.02264420854886,0.00269020971574463,0.939714184231817,4.0149051988915,27.4616664285721,TRUE,NA
"sigma",10.79,-4.02522819121397,0.00269648447504789,0.939774785826031,4.01750291072187,27.4924619913441,TRUE,NA
"sigma",10.8,-4.0278114538114,0.00270273377959196,0.939835277707674,4.02009986648521,27.5232651074547,TRUE,NA
"sigma",10.81,-4.03039399712868,0.00270895772847268,0.939895660159413,4.02269606709292,27.5540757720913,TRUE,NA
"sigma",10.82,-4.03297582195192,0.00271515642033648,0.939955933462964,4.02529151345443,27.5848939804491,TRUE,NA
"sigma",10.83,-4.03555692906576,0.00272132995341412,0.940016097899112,4.02788620647723,27.6157197277311,TRUE,NA
"sigma",10.84,-4.03813731925344,0.0027274784254816,0.940076153747679,4.03048014706685,27.6465530091478,TRUE,NA
"sigma",10.85,-4.04071699329675,0.00273360193387973,0.94013610128755,4.03307333612686,27.6773938199176,TRUE,NA
"sigma",10.86,-4.04329595197607,0.00273970057553363,0.940195940796689,4.03566577455891,27.7082421552664,TRUE,NA
"sigma",10.87,-4.04587419607032,0.00274577444693147,0.940255672552121,4.03825746326269,27.7390980104281,TRUE,NA
"sigma",10.88,-4.04845172635706,0.0027518236441324,0.940315296829936,4.040848403136,27.7699613806438,TRUE,NA
"sigma",10.89,-4.05102854361238,0.00275784826276571,0.940374813905301,4.04343859507467,27.8008322611626,TRUE,NA
"sigma",10.9,-4.05360464861099,0.00276384839805477,0.940434224052476,4.04602803997265,27.831710647241,TRUE,NA
"sigma",10.91,-4.05618004212618,0.00276982414478777,0.94049352754479,4.04861673872196,27.8625965341431,TRUE,NA
"sigma",10.92,-4.05875472492984,0.00277577559734343,0.940552724654675,4.05120469221272,27.8934899171407,TRUE,NA
"sigma",10.93,-4.06132869779245,0.00278170284967949,0.940611815653639,4.05379190133316,27.9243907915129,TRUE,NA
"sigma",10.94,-4.0639019614831,0.00278760599534067,0.940670800812294,4.05637836696961,27.9552991525466,TRUE,NA
"sigma",10.95,-4.06647451676948,0.00279348512746491,0.940729680400352,4.0589640900065,27.9862149955359,TRUE,NA
"sigma",10.96,-4.06904636441789,0.00279934033877094,0.940788454686624,4.0615490713264,28.0171383157828,TRUE,NA
"sigma",10.97,-4.07161750519324,0.00280517172157602,0.940847123939021,4.06413331180999,28.0480691085964,TRUE,NA
"sigma",10.98,-4.07418793985906,0.00281097936779684,0.940905688424586,4.06671681233609,28.0790073692933,TRUE,NA
"sigma",10.99,-4.07675766917749,0.00281676336893621,0.940964148409451,4.06929957378165,28.1099530931978,TRUE,NA
"sigma",11,-4.0793266939093,0.00282252381609904,0.941022504158875,4.07188159702176,28.1409062756413,TRUE,NA
"sigma",11.01,-4.08189501481388,0.00282826079999587,0.941080755937253,4.07446288292966,28.1718669119628,TRUE,NA
"sigma",11.02,-4.08446263264925,0.00283397441093136,0.94113890400807,4.07704343237675,28.2028349975085,TRUE,NA
"sigma",11.03,-4.08702954817207,0.00283966473882469,0.941196948633979,4.07962324623258,28.233810527632,TRUE,NA
"sigma",11.04,-4.08959576213762,0.00284533187319003,0.941254890076729,4.08220232536487,28.2647934976944,TRUE,NA
"sigma",11.05,-4.09216127529983,0.00285097590316941,0.941312728597248,4.08478067063951,28.2957839030639,TRUE,NA
"sigma",11.06,-4.09472608841127,0.00285659691748918,0.941370464455549,4.08735828292055,28.3267817391162,TRUE,NA
"sigma",11.07,-4.09729020222314,0.00286219500450979,0.941428097910832,4.08993516307025,28.3577870012341,TRUE,NA
"sigma",11.08,-4.09985361748531,0.00286777025219376,0.941485629221425,4.09251131194903,28.3887996848077,TRUE,NA
"sigma",11.09,-4.10241633494629,0.00287332274812435,0.941543058644803,4.09508673041552,28.4198197852345,TRUE,NA
"sigma",11.1,-4.10497835535324,0.00287885257951181,0.94160038643761,4.09766141932654,28.450847297919,TRUE,NA
"sigma",11.11,-4.107539679452,0.00288435983317026,0.941657612855615,4.10023537953712,28.481882218273,TRUE,NA
"sigma",11.12,-4.11010030798706,0.00288984459554964,0.941714738153793,4.10280861190048,28.5129245417157,TRUE,NA
"sigma",11.13,-4.11266024170154,0.0028953069527109,0.941771762586235,4.10538111726809,28.543974263673,TRUE,NA
"sigma",11.14,-4.11521948133729,0.00290074699035969,0.941828686406238,4.1079528964896,28.5750313795784,TRUE,NA
"sigma",11.15,-4.11777802763479,0.00290616479380912,0.941885509866239,4.11052395041292,28.6060958848722,TRUE,NA
"sigma",11.16,-4.12033588133319,0.00291156044801788,0.941942233217868,4.11309427988416,28.6371677750022,TRUE,NA
"sigma",11.17,-4.12289304317035,0.00291693403757076,0.941998856711934,4.11566388574769,28.6682470454228,TRUE,NA
"sigma",11.18,-4.12544951388278,0.00292228564667774,0.942055380598404,4.1182327688461,28.699333691596,TRUE,NA
"sigma",11.19,-4.12800529420569,0.00292761535920061,0.942111805126452,4.12080093002025,28.7304277089906,TRUE,NA
"sigma",11.2,-4.13056038487297,0.00293292325862105,0.942168130544422,4.12336837010924,28.7615290930823,TRUE,NA
"sigma",11.21,-4.1331147866172,0.00293820942808054,0.942224357099877,4.12593508995042,28.7926378393541,TRUE,NA
"sigma",11.22,-4.13566850016966,0.00294347395033157,0.942280485039532,4.12850109037942,28.8237539432959,TRUE,NA
"sigma",11.23,-4.13822152626032,0.00294871690779797,0.942336514609326,4.13106637223011,28.8548774004046,TRUE,NA
"sigma",11.24,-4.14077386561784,0.00295393838253943,0.942392446054397,4.13363093633467,28.8860082061841,TRUE,NA
"sigma",11.25,-4.14332551896961,0.00295913845625062,0.942448279619082,4.13619478352353,28.9171463561451,TRUE,NA
"sigma",11.26,-4.14587648704169,0.00296431721028956,0.942504015546925,4.1387579146254,28.9482918458055,TRUE,NA
"sigma",11.27,-4.14842677055888,0.00296947472564568,0.942559654080672,4.14132033046732,28.97944467069,TRUE,NA
"sigma",11.28,-4.15097637024468,0.00297461108297892,0.942615195462297,4.14388203187456,29.0106048263301,TRUE,NA
"sigma",11.29,-4.1535252868213,0.0029797263625948,0.94267063993299,4.14644301967075,29.0417723082643,TRUE,NA
"sigma",11.3,-4.15607352100967,0.0029848206444516,0.94272598773314,4.14900329467778,29.0729471120381,TRUE,NA
"sigma",11.31,-4.15862107352945,0.00298989400815586,0.94278123910237,4.15156285771587,29.1041292332036,TRUE,NA
"sigma",11.32,-4.16116794509901,0.00299494653299881,0.942836394279544,4.15412170960356,29.1353186673198,TRUE,NA
"sigma",11.33,-4.16371413643546,0.00299997829789866,0.942891453502726,4.15667985115768,29.1665154099528,TRUE,NA
"sigma",11.34,-4.16625964825462,0.00300498938146099,0.942946417009241,4.1592372831934,29.1977194566751,TRUE,NA
"sigma",11.35,-4.16880448127108,0.00300997986194318,0.943001285035626,4.16179400652425,29.2289308030662,TRUE,NA
"sigma",11.36,-4.17134863619813,0.00301494981726691,0.943056057817671,4.16435002196203,29.2601494447123,TRUE,NA
"sigma",11.37,-4.17389211374782,0.00301989932502522,0.9431107355904,4.16690533031694,29.2913753772066,TRUE,NA
"sigma",11.38,-4.17643491463092,0.00302482846247276,0.943165318588071,4.16945993239748,29.3226085961486,TRUE,NA
"sigma",11.39,-4.17897703955698,0.00302973730654266,0.943219807044216,4.17201382901053,29.3538490971448,TRUE,NA
"sigma",11.4,-4.18151848923427,0.00303462593383319,0.943274201191592,4.1745670209613,29.3850968758084,TRUE,NA
"sigma",11.41,-4.18405926436982,0.00303949442061402,0.943328501262216,4.17711950905337,29.4163519277593,TRUE,NA
"sigma",11.42,-4.18659936566942,0.00304434284284216,0.943382707487374,4.17967129408869,29.4476142486239,TRUE,NA
"sigma",11.43,-4.1891387938376,0.00304917127613269,0.943436820097599,4.18222237686757,29.4788838340355,TRUE,NA
"sigma",11.44,-4.19167754957767,0.00305397979579336,0.943490839322674,4.18477275818868,29.5101606796338,TRUE,NA
"sigma",11.45,-4.19421563359169,0.0030587684768042,0.943544765391681,4.18732243884909,29.5414447810653,TRUE,NA
"sigma",11.46,-4.1967530465805,0.00306353739382992,0.943598598532935,4.18987141964424,29.572736133983,TRUE,NA
"sigma",11.47,-4.19928978924369,0.00306828662120839,0.943652338974039,4.19241970136797,29.6040347340467,TRUE,NA
"sigma",11.48,-4.20182586227964,0.0030730162329764,0.943705986941868,4.19496728481249,29.6353405769224,TRUE,NA
"sigma",11.49,-4.20436126638548,0.00307772630285186,0.943759542662583,4.19751417076844,29.6666536582829,TRUE,NA
"sigma",11.5,-4.20689600225715,0.00308241690422939,0.943813006361594,4.20006036002482,29.6979739738076,TRUE,NA
"sigma",11.51,-4.20943007058936,0.00308708811020342,0.943866378263626,4.20260585336907,29.7293015191822,TRUE,NA
"sigma",11.52,-4.21196347207557,0.0030917399935575,0.943919658592674,4.20515065158702,29.7606362900993,TRUE,NA
"sigma",11.53,-4.21449620740808,0.00309637262676699,0.943972847572032,4.20769475546294,29.7919782822574,TRUE,NA
"sigma",11.54,-4.21702827727794,0.00310098608199016,0.944025945424257,4.21023816577949,29.8233274913621,TRUE,NA
"sigma",11.55,-4.21955968237501,0.00310558043109843,0.944078952371234,4.21278088331778,29.8546839131251,TRUE,NA
"sigma",11.56,-4.22209042338794,0.00311015574564166,0.944131868634126,4.21532290885733,29.8860475432645,TRUE,NA
"sigma",11.57,-4.22462050100419,0.00311471209688552,0.944184694433398,4.21786424317612,29.9174183775052,TRUE,NA
"sigma",11.58,-4.22714991590998,0.00311924955577325,0.944237429988816,4.22040488705052,29.9487964115781,TRUE,NA
"sigma",11.59,-4.22967866879039,0.00312376819296745,0.944290075519454,4.22294484125541,29.9801816412208,TRUE,NA
"sigma",11.6,-4.23220676032927,0.00312826807882338,0.944342631243687,4.22548410656406,30.0115740621771,TRUE,NA
"sigma",11.61,-4.23473419120928,0.00313274928341301,0.944395097379216,4.22802268374823,30.0429736701973,TRUE,NA
"sigma",11.62,-4.23726096211191,0.00313721187648852,0.944447474143022,4.23056057357811,30.0743804610379,TRUE,NA
"sigma",11.63,-4.23978707371745,0.00314165592752857,0.944499761751443,4.23309777682237,30.1057944304619,TRUE,NA
"sigma",11.64,-4.24231252670501,0.00314608150571249,0.944551960420101,4.23563429424813,30.1372155742386,TRUE,NA
"sigma",11.65,-4.24483732175252,0.00315048867993184,0.944604070363965,4.238170126621,30.1686438881434,TRUE,NA
"sigma",11.66,-4.24736145953674,0.00315487751879395,0.944656091797309,4.24070527470505,30.2000793679584,TRUE,NA
"sigma",11.67,-4.24988494073325,0.00315924809060153,0.944708024933733,4.24323973926283,30.2315220094716,TRUE,NA
"sigma",11.68,-4.25240776601646,0.00316360046338815,0.944759869986188,4.24577352105537,30.2629718084774,TRUE,NA
"sigma",11.69,-4.25492993605961,0.00316793470489785,0.944811627166927,4.2483066208422,30.2944287607766,TRUE,NA
"sigma",11.7,-4.25745145153477,0.00317225088257267,0.944863296687555,4.25083903938134,30.3258928621759,TRUE,NA
"sigma",11.71,-4.25997231311286,0.00317654906361131,0.944914878759017,4.2533707774293,30.3573641084885,TRUE,NA
"sigma",11.72,-4.26249252146363,0.00318082931489538,0.944966373591577,4.25590183574108,30.3888424955337,TRUE,NA
"sigma",11.73,-4.26501207725567,0.0031850917030356,0.945017781394856,4.25843221507021,30.4203280191371,TRUE,NA
"sigma",11.74,-4.26753098115642,0.00318933629438156,0.945069102377824,4.26096191616872,30.4518206751302,TRUE,NA
"sigma",11.75,-4.27004923383216,0.00319356315497732,0.945120336748784,4.26349093978714,30.483320459351,TRUE,NA
"sigma",11.76,-4.27256683594804,0.00319777235061913,0.945171484715394,4.26601928667454,30.5148273676434,TRUE,NA
"sigma",11.77,-4.27508378816804,0.00320196394681815,0.945222546484675,4.26854695757849,30.5463413958575,TRUE,NA
"sigma",11.78,-4.27760009115501,0.00320613800879688,0.945273522262983,4.2710739532451,30.5778625398497,TRUE,NA
"sigma",11.79,-4.28011574557065,0.00321029460153444,0.94532441225604,4.27360027441901,30.6093907954821,TRUE,NA
"sigma",11.8,-4.28263075207553,0.00321443378971953,0.945375216668933,4.2761259218434,30.6409261586233,TRUE,NA
"sigma",11.81,-4.28514511132907,0.00321855563777795,0.945425935706099,4.27865089625998,30.6724686251478,TRUE,NA
"sigma",11.82,-4.28765882398958,0.00322266020987172,0.94547656957136,4.28117519840899,30.704018190936,TRUE,NA
"sigma",11.83,-4.2901718907142,0.00322674756988484,0.945527118467878,4.28369882902924,30.7355748518746,TRUE,NA
"sigma",11.84,-4.292684312159,0.00323081778144374,0.945577582598194,4.2862217888581,30.7671386038563,TRUE,NA
"sigma",11.85,-4.29519608897886,0.00323487090791996,0.945627962164235,4.28874407863146,30.7987094427796,TRUE,NA
"sigma",11.86,-4.29770722182759,0.0032389070124017,0.945678257367287,4.29126569908378,30.8302873645493,TRUE,NA
"sigma",11.87,-4.30021771135784,0.00324292615773469,0.945728468408016,4.29378665094813,30.861872365076,TRUE,NA
"sigma",11.88,-4.30272755822116,0.00324692840649998,0.945778595486478,4.29630693495608,30.8934644402762,TRUE,NA
"sigma",11.89,-4.305236763068,0.00325091382099885,0.945828638802077,4.29882655183781,30.9250635860726,TRUE,NA
"sigma",11.9,-4.30774532654767,0.00325488246330607,0.945878598553637,4.30134550232208,30.9566697983936,TRUE,NA
"sigma",11.91,-4.31025324930838,0.00325883439522823,0.945928474939368,4.3038637871362,30.9882830731738,TRUE,NA
"sigma",11.92,-4.31276053199724,0.0032627696783063,0.945978268156836,4.30638140700609,31.0199034063534,TRUE,NA
"sigma",11.93,-4.31526717526024,0.00326668837383348,0.946027978403015,4.30889836265626,31.0515307938789,TRUE,NA
"sigma",11.94,-4.31777317974229,0.00327059054286494,0.9460776058743,4.3114146548098,31.0831652317022,TRUE,NA
"sigma",11.95,-4.32027854608718,0.00327447624617161,0.946127150766419,4.31393028418839,31.1148067157815,TRUE,NA
"sigma",11.96,-4.32278327493761,0.00327834554431394,0.946176613274565,4.31644525151233,31.1464552420806,TRUE,NA
"sigma",11.97,-4.32528736693518,0.00328219849757172,0.946225993593282,4.3189595575005,31.1781108065694,TRUE,NA
"sigma",11.98,-4.32779082272042,0.00328603516598225,0.946275291916542,4.32147320287041,31.2097734052234,TRUE,NA
"sigma",11.99,-4.33029364293273,0.00328985560935369,0.946324508437717,4.32398618833817,31.241443034024,TRUE,NA
"sigma",12,-4.33279582821047,0.00329365988722952,0.946373643349584,4.32649851461851,31.2731196889584,TRUE,NA
"sigma",12.01,-4.33529737919088,0.00329744805890808,0.946422696844308,4.32901018242478,31.3048033660196,TRUE,NA
"sigma",12.02,-4.33779829651012,0.00330122018346479,0.946471669113516,4.33152119246894,31.3364940612065,TRUE,NA
"sigma",12.03,-4.3402985808033,0.00330497631970683,0.946520560348201,4.3340315454616,31.3681917705235,TRUE,NA
"sigma",12.04,-4.34279823270443,0.00330871652621578,0.946569370738788,4.33654124211198,31.399896489981,TRUE,NA
"sigma",12.05,-4.34529725284644,0.00331244086133253,0.946618100475127,4.33905028312795,31.4316082155952,TRUE,NA
"sigma",12.06,-4.3477956418612,0.00331614938315372,0.946666749746481,4.34155866921601,31.4633269433876,TRUE,NA
"sigma",12.07,-4.35029340037951,0.0033198421495424,0.946715318741539,4.3440664010813,31.4950526693859,TRUE,NA
"sigma",12.08,-4.3527905290311,0.00332351921812091,0.946763807648409,4.34657347942763,31.5267853896232,TRUE,NA
"sigma",12.09,-4.35528702844464,0.00332718064627713,0.946812216654627,4.34907990495743,31.5585251001385,TRUE,NA
"sigma",12.1,-4.35778289924772,0.00333082649116623,0.946860545947167,4.35158567837179,31.5902717969762,TRUE,NA
"sigma",12.11,-4.3602781420669,0.00333445680971867,0.946908795712429,4.35409080037048,31.6220254761867,TRUE,NA
"sigma",12.12,-4.36277275752766,0.00333807165861,0.946956966136234,4.35659527165189,31.6537861338258,TRUE,NA
"sigma",12.13,-4.36526674625442,0.00334167109430528,0.947005057403865,4.35909909291312,31.685553765955,TRUE,NA
"sigma",12.14,-4.36776010887058,0.00334525517302264,0.947053069700013,4.36160226484991,31.7173283686415,TRUE,NA
"sigma",12.15,-4.37025284599845,0.00334882395077329,0.947101003208822,4.36410478815669,31.7491099379579,TRUE,NA
"sigma",12.16,-4.37274495825933,0.00335237748332151,0.94714885811389,4.36660666352654,31.7808984699827,TRUE,NA
"sigma",12.17,-4.37523644627344,0.00335591582620864,0.947196634598243,4.36910789165125,31.8126939607997,TRUE,NA
"sigma",12.18,-4.37772731065998,0.00335943903475755,0.947244332844353,4.37160847322128,31.8444964064985,TRUE,NA
"sigma",12.19,-4.3802175520371,0.00336294716406016,0.947291953034151,4.37410840892577,31.8763058031742,TRUE,NA
"sigma",12.2,-4.38270717102192,0.00336644026897925,0.947339495349001,4.37660769945256,31.9081221469273,TRUE,NA
"sigma",12.21,-4.38519616823052,0.00336991840417689,0.947386959969745,4.37910634548819,31.9399454338639,TRUE,NA
"sigma",12.22,-4.38768454427794,0.00337338162405931,0.947434347076648,4.38160434771788,31.9717756600958,TRUE,NA
"sigma",12.23,-4.3901722997782,0.00337682998284272,0.947481656849463,4.38410170682556,32.0036128217401,TRUE,NA
"sigma",12.24,-4.39265943534427,0.00338026353450971,0.947528889467377,4.38659842349388,32.0354569149194,TRUE,NA
"sigma",12.25,-4.39514595158815,0.0033836823328226,0.947576045109039,4.38909449840417,32.067307935762,TRUE,NA
"sigma",12.26,-4.39763184912074,0.00338708643133678,0.947623123952582,4.39158993223649,32.0991658804014,TRUE,NA
"sigma",12.27,-4.40011712855196,0.00339047588337849,0.947670126175583,4.39408472566963,32.1310307449766,TRUE,NA
"sigma",12.28,-4.40260179049072,0.00339385074206255,0.94771705195508,4.39657887938106,32.1629025256324,TRUE,NA
"sigma",12.29,-4.40508583554489,0.00339721106029955,0.947763901467612,4.399072394047,32.1947812185185,TRUE,NA
"sigma",12.3,-4.40756926432134,0.00340055689076646,0.947810674889148,4.4015652703424,32.2266668197904,TRUE,NA
"sigma",12.31,-4.41005207742591,0.00340388828594662,0.947857372395156,4.40405750894092,32.2585593256089,TRUE,NA
"sigma",12.32,-4.41253427546345,0.00340720529810845,0.947903994160576,4.40654911051498,32.2904587321401,TRUE,NA
"sigma",12.33,-4.4150158590378,0.00341050797929388,0.947950540359812,4.4090400757357,32.3223650355556,TRUE,NA
"sigma",12.34,-4.41749682875179,0.00341379638135297,0.947997011166746,4.41153040527297,32.3542782320324,TRUE,NA
"sigma",12.35,-4.41997718520723,0.00341707055592266,0.948043406754764,4.41402009979542,32.3861983177528,TRUE,NA
"sigma",12.36,-4.42245692900496,0.00342033055442759,0.948089727296705,4.4165091599704,32.4181252889043,TRUE,NA
"sigma",12.37,-4.4249360607448,0.00342357642808899,0.948135972964906,4.41899758646406,32.4500591416801,TRUE,NA
"sigma",12.38,-4.42741458102559,0.00342680822791852,0.948182143931183,4.42148537994126,32.4819998722783,TRUE,NA
"sigma",12.39,-4.42989249044517,0.00343002600473596,0.948228240366862,4.42397254106562,32.5139474769028,TRUE,NA
"sigma",12.4,-4.43236978960036,0.00343322980913818,0.948274262442719,4.42645907049955,32.5459019517623,TRUE,NA
"sigma",12.41,-4.43484647908704,0.00343641969153108,0.94832021032906,4.4289449689042,32.577863293071,TRUE,NA
"sigma",12.42,-4.43732255950007,0.00343959570211716,0.948366084195658,4.4314302369395,32.6098314970486,TRUE,NA
"sigma",12.43,-4.43979803143333,0.00344275789089643,0.9484118842118,4.43391487526413,32.6418065599196,TRUE,NA
"sigma",12.44,-4.44227289547973,0.00344590630767438,0.948457610546267,4.43639888453557,32.6737884779142,TRUE,NA
"sigma",12.45,-4.44474715223119,0.00344904100203891,0.948503263367312,4.43888226541006,32.7057772472676,TRUE,NA
"sigma",12.46,-4.44722080227864,0.00345216202340115,0.948548842842733,4.44136501854262,32.7377728642202,TRUE,NA
"sigma",12.47,-4.44969384621206,0.0034552694209653,0.948594349139795,4.44384714458707,32.7697753250178,TRUE,NA
"sigma",12.48,-4.45216628462044,0.00345836324373217,0.948639782425283,4.44632864419599,32.8017846259113,TRUE,NA
"sigma",12.49,-4.4546381180918,0.00346144354052491,0.948685142865489,4.44880951802079,32.8338007631567,TRUE,NA
"sigma",12.5,-4.45710934721318,0.00346451035995354,0.948730430626209,4.45128976671162,32.8658237330154,TRUE,NA
"sigma",12.51,-4.45957997257067,0.0034675637504451,0.948775645872748,4.45376939091748,32.8978535317537,TRUE,NA
"sigma",12.52,-4.4620499947494,0.00347060376022856,0.948820788769932,4.45624839128614,32.9298901556434,TRUE,NA
"sigma",12.53,-4.46451941433351,0.00347363043735083,0.948865859482088,4.45872676846417,32.9619336009612,TRUE,NA
"sigma",12.54,-4.46698823190621,0.00347664382965629,0.948910858173072,4.46120452309697,32.9939838639889,TRUE,NA
"sigma",12.55,-4.46945644804972,0.0034796439847895,0.948955785006227,4.46368165582873,33.0260409410136,TRUE,NA
"sigma",12.56,-4.47192406334534,0.0034826309502316,0.949000640144455,4.46615816730245,33.0581048283274,TRUE,NA
"sigma",12.57,-4.47439107837338,0.00348560477326654,0.949045423750169,4.46863405815997,33.0901755222276,TRUE,NA
"sigma",12.58,-4.47685749371322,0.00348856550096777,0.949090135985272,4.47110932904192,33.1222530190165,TRUE,NA
"sigma",12.59,-4.47932330994328,0.00349151318025243,0.949134777011224,4.47358398058777,33.1543373150016,TRUE,NA
"sigma",12.6,-4.48178852764104,0.00349444785784225,0.94917934698902,4.47605801343582,33.1864284064951,TRUE,NA
"sigma",12.61,-4.48425314738303,0.00349736958025648,0.949223846079136,4.47853142822317,33.2185262898149,TRUE,NA
"sigma",12.62,-4.48671716974484,0.00350027839385447,0.949268274441619,4.48100422558579,33.2506309612834,TRUE,NA
"sigma",12.63,-4.48918059530111,0.00350317434480285,0.949312632236038,4.48347640615846,33.2827424172283,TRUE,NA
"sigma",12.64,-4.49164342462554,0.00350605747907462,0.949356919621478,4.48594797057479,33.3148606539822,TRUE,NA
"sigma",12.65,-4.49410565829091,0.00350892784247847,0.949401136756578,4.48841891946727,33.3469856678827,TRUE,NA
"sigma",12.66,-4.49656729686905,0.00351178548063213,0.949445283799503,4.49088925346719,33.3791174552725,TRUE,NA
"sigma",12.67,-4.49902834093086,0.00351463043897571,0.949489360907966,4.49335897320472,33.4112560124994,TRUE,NA
"sigma",12.68,-4.50148879104631,0.00351746276276632,0.949533368239196,4.49582807930885,33.4434013359158,TRUE,NA
"sigma",12.69,-4.50394864778443,0.00352028249709235,0.94957730595,4.49829657240745,33.4755534218795,TRUE,NA
"sigma",12.7,-4.50640791171335,0.00352308968684589,0.949621174196692,4.50076445312723,33.507712266753,TRUE,NA
"sigma",12.71,-4.50886658340025,0.00352588437676182,0.949664973135147,4.50323172209378,33.5398778669038,TRUE,NA
"sigma",12.72,-4.5113246634114,0.0035286666113894,0.949708702920783,4.50569837993152,33.5720502187043,TRUE,NA
"sigma",12.73,-4.51378215231215,0.00353143643509934,0.949752363708567,4.50816442726375,33.604229318532,TRUE,NA
"sigma",12.74,-4.51623905066691,0.00353419389210075,0.949795955653024,4.51062986471265,33.6364151627691,TRUE,NA
"sigma",12.75,-4.51869535903921,0.00353693902640817,0.949839478908206,4.51309469289926,33.6686077478028,TRUE,NA
"sigma",12.76,-4.52115107799164,0.0035396718818772,0.949882933627741,4.5155589124435,33.7008070700253,TRUE,NA
"sigma",12.77,-4.52360620808588,0.00354239250219823,0.949926319964801,4.51802252396416,33.7330131258334,TRUE,NA
"sigma",12.78,-4.5260607498827,0.00354510093087335,0.94996963807212,4.5204855280789,33.7652259116291,TRUE,NA
"sigma",12.79,-4.52851470394198,0.00354779721124032,0.950012888101983,4.5229479254043,33.797445423819,TRUE,NA
"sigma",12.8,-4.53096807082266,0.00355048138647263,0.950056070206222,4.52540971655579,33.8296716588148,TRUE,NA
"sigma",12.81,-4.53342085108281,0.0035531534995652,0.950099184536264,4.52787090214769,33.8619046130327,TRUE,NA
"sigma",12.82,-4.53587304527957,0.00355581359335755,0.950142231243069,4.53033148279324,33.8941442828941,TRUE,NA
"sigma",12.83,-4.5383246539692,0.00355846171049468,0.950185210477161,4.53279145910455,33.926390664825,TRUE,NA
"sigma",12.84,-4.54077567770705,0.00356109789348924,0.950228122388652,4.53525083169264,33.9586437552563,TRUE,NA
"sigma",12.85,-4.54322611704758,0.00356372218467449,0.950270967127201,4.53770960116742,33.9909035506236,TRUE,NA
"sigma",12.86,-4.54567597254435,0.00356633462620337,0.950313744842032,4.54016776813771,34.0231700473673,TRUE,NA
"sigma",12.87,-4.54812524475003,0.0035689352600734,0.950356455681955,4.54262533321124,34.0554432419328,TRUE,NA
"sigma",12.88,-4.5505739342164,0.00357152412813377,0.950399099795343,4.54508229699464,34.08772313077,TRUE,NA
"sigma",12.89,-4.55302204149435,0.00357410127204805,0.950441677330135,4.54753866009345,34.1200097103337,TRUE,NA
"sigma",12.9,-4.55546956713389,0.0035766667333279,0.950484188433872,4.54999442311214,34.1523029770834,TRUE,NA
"sigma",12.91,-4.55791651168414,0.00357922055332605,0.950526633253626,4.55244958665409,34.1846029274832,TRUE,NA
"sigma",12.92,-4.56036287569333,0.00358176277322375,0.950569011936083,4.55490415132159,34.2169095580023,TRUE,NA
"sigma",12.93,-4.56280865970883,0.00358429343404687,0.9506113246275,4.55735811771586,34.2492228651142,TRUE,NA
"sigma",12.94,-4.56525386427711,0.00358681257667293,0.95065357147372,4.55981148643706,34.2815428452974,TRUE,NA
"sigma",12.95,-4.56769848994378,0.00358932024179559,0.950695752620128,4.56226425808426,34.313869495035,TRUE,NA
"sigma",12.96,-4.57014253725356,0.00359181646997797,0.950737868211749,4.56471643325547,34.3462028108147,TRUE,NA
"sigma",12.97,-4.5725860067503,0.00359430130160643,0.950779918393167,4.56716801254762,34.3785427891289,TRUE,NA
"sigma",12.98,-4.57502889897699,0.00359677477691722,0.950821903308549,4.56961899655661,34.4108894264749,TRUE,NA
"sigma",12.99,-4.57747121447575,0.00359923693598407,0.950863823101637,4.57206938587724,34.4432427193544,TRUE,NA
"sigma",13,-4.57991295378783,0.0036016878187386,0.950905677915799,4.57451918110328,34.4756026642738,TRUE,NA
"sigma",13.01,-4.58235411745359,0.00360412746494987,0.950947467893975,4.57696838282744,34.5079692577442,TRUE,NA
"sigma",13.02,-4.58479470601258,0.00360655591423065,0.950989193178689,4.57941699164137,34.5403424962813,TRUE,NA
"sigma",13.03,-4.58723472000344,0.00360897320604003,0.951030853912059,4.58186500813567,34.5727223764053,TRUE,NA
"sigma",13.04,-4.58967415996397,0.00361137937968525,0.951072450235814,4.5843124328999,34.6051088946412,TRUE,NA
"sigma",13.05,-4.59211302643111,0.00361377447433675,0.95111398229127,4.58675926652258,34.6375020475186,TRUE,NA
"sigma",13.06,-4.59455131994095,0.00361615852897756,0.951155450219335,4.58920550959119,34.6699018315714,TRUE,NA
"sigma",13.07,-4.59698904102871,0.00361853158247971,0.951196854160526,4.59165116269214,34.7023082433384,TRUE,NA
"sigma",13.08,-4.59942619022879,0.0036208936735509,0.951238194254971,4.59409622641086,34.7347212793628,TRUE,NA
"sigma",13.09,-4.60186276807471,0.00362324484072829,0.951279470642363,4.59654070133169,34.7671409361925,TRUE,NA
"sigma",13.1,-4.60429877509914,0.00362558512243183,0.951320683462028,4.59898458803797,34.7995672103797,TRUE,NA
"sigma",13.11,-4.60673421183392,0.00362791455691802,0.951361832852907,4.60142788711202,34.8320000984814,TRUE,NA
"sigma",13.12,-4.60916907881005,0.00363023318229061,0.951402918953514,4.6038705991351,34.864439597059,TRUE,NA
"sigma",13.13,-4.61160337655768,0.00363254103652633,0.951443941902002,4.60631272468749,34.8968857026785,TRUE,NA
"sigma",13.14,-4.6140371056061,0.00363483815743937,0.951484901836115,4.60875426434842,34.9293384119102,TRUE,NA
"sigma",13.15,-4.61647026648379,0.00363712458268406,0.951525798893189,4.6111952186961,34.9617977213292,TRUE,NA
"sigma",13.16,-4.61890285971837,0.0036394003498188,0.951566633210241,4.61363558830774,34.9942636275148,TRUE,NA
"sigma",13.17,-4.62133488583665,0.00364166549620659,0.951607404923818,4.61607537375955,35.0267361270511,TRUE,NA
"sigma",13.18,-4.62376634536457,0.00364392005908876,0.951648114170125,4.61851457562668,35.0592152165263,TRUE,NA
"sigma",13.19,-4.62619723882729,0.00364616407556895,0.951688761084988,4.62095319448334,35.0917008925335,TRUE,NA
"sigma",13.2,-4.62862756674908,0.00364839758259539,0.951729345803819,4.62339123090268,35.1241931516698,TRUE,NA
"sigma",13.21,-4.63105732965344,0.00365062061698396,0.95176986846169,4.62582868545688,35.1566919905372,TRUE,NA
"sigma",13.22,-4.633486528063,0.00365283321540399,0.951810329193258,4.62826555871711,35.1891974057416,TRUE,NA
"sigma",13.23,-4.63591516249959,0.00365503541439161,0.951850728132822,4.63070185125353,35.2217093938938,TRUE,NA
"sigma",13.24,-4.63834323348419,0.00365722725033457,0.951891065414287,4.63313756363532,35.2542279516088,TRUE,NA
"sigma",13.25,-4.640770741537,0.00365940875948034,0.951931341171187,4.63557269643068,35.2867530755061,TRUE,NA
"sigma",13.26,-4.64319768717737,0.00366157997795202,0.951971555536707,4.63800725020679,35.3192847622095,TRUE,NA
"sigma",13.27,-4.64562407092384,0.00366374094171906,0.952011708643616,4.64044122552987,35.3518230083472,TRUE,NA
"sigma",13.28,-4.64804989329413,0.00366589168661502,0.952051800624334,4.64287462296514,35.3843678105519,TRUE,NA
"sigma",13.29,-4.65047515480517,0.00366803224834733,0.952091831610906,4.64530744307685,35.4169191654605,TRUE,NA
"sigma",13.3,-4.65289985597304,0.00367016266248665,0.952131801735022,4.64773968642825,35.4494770697142,TRUE,NA
"sigma",13.31,-4.65532399731305,0.00367228296444733,0.952171711127973,4.65017135358163,35.4820415199591,TRUE,NA
"sigma",13.32,-4.65774757933967,0.00367439318953267,0.95221155992071,4.6526024450983,35.5146125128449,TRUE,NA
"sigma",13.33,-4.66017060256657,0.00367649337289855,0.952251348243797,4.6550329615386,35.547190045026,TRUE,NA
"sigma",13.34,-4.66259306750664,0.00367858354957029,0.952291076227459,4.6574629034619,35.5797741131612,TRUE,NA
"sigma",13.35,-4.66501497467192,0.00368066375444531,0.952330744001538,4.65989227142661,35.6123647139135,TRUE,NA
"sigma",13.36,-4.66743632457369,0.00368273402227626,0.952370351695514,4.66232106599015,35.6449618439503,TRUE,NA
"sigma",13.37,-4.66985711772242,0.00368479438769231,0.952409899438512,4.664749287709,35.677565499943,TRUE,NA
"sigma",13.38,-4.67227735462776,0.00368684488519477,0.952449387359302,4.66717693713868,35.7101756785677,TRUE,NA
"sigma",13.39,-4.6746970357986,0.00368888554914015,0.952488815586291,4.66960401483374,35.7427923765045,TRUE,NA
"sigma",13.4,-4.677116161743,0.00369091641376773,0.952528184247518,4.67203052134777,35.7754155904378,TRUE,NA
"sigma",13.41,-4.67953473296825,0.00369293751318001,0.952567493470684,4.67445645723344,35.8080453170565,TRUE,NA
"sigma",13.42,-4.68195274998085,0.00369494888134891,0.95260674338313,4.67688182304244,35.8406815530535,TRUE,NA
"sigma",13.43,-4.68437021328648,0.0036969505521256,0.952645934111835,4.67930661932551,35.8733242951259,TRUE,NA
"sigma",13.44,-4.68678712339008,0.0036989425592262,0.952685065783432,4.68173084663246,35.9059735399754,TRUE,NA
"sigma",13.45,-4.68920348079577,0.00370092493623275,0.952724138524203,4.68415450551215,35.9386292843075,TRUE,NA
"sigma",13.46,-4.69161928600689,0.0037028977166278,0.952763152460095,4.6865775965125,35.9712915248321,TRUE,NA
"sigma",13.47,-4.69403453952601,0.00370486093372158,0.952802107716662,4.68900012018048,36.0039602582634,TRUE,NA
"sigma",13.48,-4.6964492418549,0.00370681462074618,0.952841004419164,4.69142207706214,36.0366354813197,TRUE,NA
"sigma",13.49,-4.69886339349456,0.00370875881078181,0.952879842692496,4.6938434677026,36.0693171907235,TRUE,NA
"sigma",13.5,-4.70127699494522,0.00371069353678433,0.952918622661181,4.69626429264601,36.1020053832014,TRUE,NA
"sigma",13.51,-4.70369004670633,0.00371261883157992,0.952957344449423,4.69868455243564,36.1347000554845,TRUE,NA
"sigma",13.52,-4.70610254927656,0.00371453472789796,0.95299600818109,4.70110424761382,36.1674012043076,TRUE,NA
"sigma",13.53,-4.7085145031538,0.00371644125832216,0.953034613979706,4.70352337872191,36.20010882641,TRUE,NA
"sigma",13.54,-4.71092590883521,0.003718338455311,0.953073161968431,4.70594194630042,36.2328229185351,TRUE,NA
"sigma",13.55,-4.71333676681711,0.00372022635120839,0.953111652270103,4.70835995088887,36.2655434774302,TRUE,NA
"sigma",13.56,-4.71574707759511,0.00372210497824366,0.953150085007234,4.71077739302592,36.2982704998471,TRUE,NA
"sigma",13.57,-4.71815684166405,0.00372397436851024,0.953188460301971,4.71319427324927,36.3310039825415,TRUE,NA
"sigma",13.58,-4.72056605951797,0.00372583455398345,0.953226778276149,4.71561059209574,36.3637439222733,TRUE,NA
"sigma",13.59,-4.72297473165017,0.00372768556653202,0.953265039051257,4.71802635010121,36.3964903158063,TRUE,NA
"sigma",13.6,-4.72538285855321,0.00372952743789146,0.953303242748464,4.72044154780068,36.4292431599087,TRUE,NA
"sigma",13.61,-4.72779044071884,0.00373136019967557,0.953341389488569,4.72285618572821,36.4620024513527,TRUE,NA
"sigma",13.62,-4.73019747863809,0.00373318388339783,0.953379479392102,4.72527026441698,36.4947681869144,TRUE,NA
"sigma",13.63,-4.73260397280124,0.00373499852043135,0.953417512579204,4.72768378439927,36.5275403633743,TRUE,NA
"sigma",13.64,-4.73500992369777,0.00373680414204447,0.953455489169709,4.73009674620644,36.5603189775166,TRUE,NA
"sigma",13.65,-4.73741533181645,0.00373860077938826,0.953493409283145,4.73250915036897,36.5931040261299,TRUE,NA
"sigma",13.66,-4.73982019764529,0.00374038846349745,0.953531273038673,4.73492099741642,36.6258955060066,TRUE,NA
"sigma",13.67,-4.74222452167154,0.00374216722527088,0.953569080555148,4.73733228787749,36.6586934139431,TRUE,NA
"sigma",13.68,-4.7446283043817,0.00374393709552567,0.953606831951114,4.73974302227997,36.6914977467402,TRUE,NA
"sigma",13.69,-4.74703154626153,0.00374569810493952,0.953644527344774,4.74215320115076,36.7243085012024,TRUE,NA
"sigma",13.7,-4.74943424779605,0.00374745028408352,0.953682166854012,4.74456282501587,36.7571256741383,TRUE,NA
"sigma",13.71,-4.75183640946953,0.00374919366340887,0.953719750596387,4.74697189440043,36.7899492623606,TRUE,NA
"sigma",13.72,-4.75423803176549,0.00375092827326551,0.953757278689146,4.74938040982869,36.8227792626857,TRUE,NA
"sigma",13.73,-4.75663911516672,0.00375265414387815,0.953794751249215,4.75178837182402,36.8556156719343,TRUE,NA
"sigma",13.74,-4.75903966015528,0.00375437130536138,0.953832168393201,4.75419578090891,36.8884584869311,TRUE,NA
"sigma",13.75,-4.76143966721247,0.00375607978772408,0.953869530237388,4.75660263760497,36.9213077045046,TRUE,NA
"sigma",13.76,-4.76383913681887,0.003757779620849,0.953906836897752,4.75900894243293,36.9541633214874,TRUE,NA
"sigma",13.77,-4.76623806945431,0.00375947083452299,0.953944088489961,4.76141469591266,36.9870253347158,TRUE,NA
"sigma",13.78,-4.76863646559792,0.00376115345840677,0.953981285129332,4.76381989856316,37.0198937410305,TRUE,NA
"sigma",13.79,-4.77103432572807,0.00376282752207313,0.954018426930931,4.76622455090256,37.0527685372758,TRUE,NA
"sigma",13.8,-4.7734316503224,0.00376449305496163,0.95405551400945,4.76862865344811,37.0856497202999,TRUE,NA
"sigma",13.81,-4.77582843985784,0.00376615008641501,0.954092546479319,4.77103220671622,37.1185372869553,TRUE,NA
"sigma",13.82,-4.77822469481059,0.00376779864565879,0.954129524454624,4.77343521122243,37.151431234098,TRUE,NA
"sigma",13.83,-4.7806204156561,0.00376943876182523,0.954166448049161,4.7758376674814,37.1843315585881,TRUE,NA
"sigma",13.84,-4.78301560286912,0.00377107046391334,0.954203317376412,4.77823957600696,37.2172382572898,TRUE,NA
"sigma",13.85,-4.78541025692369,0.00377269378084311,0.954240132549561,4.78064093731208,37.2501513270708,TRUE,NA
"sigma",13.86,-4.7878043782931,0.00377430874141016,0.954276893681475,4.78304175190887,37.2830707648028,TRUE,NA
"sigma",13.87,-4.79019796744994,0.00377591537429378,0.954313600884715,4.78544202030858,37.3159965673618,TRUE,NA
"sigma",13.88,-4.79259102486607,0.00377751370809953,0.954350254271553,4.78784174302163,37.3489287316271,TRUE,NA
"sigma",13.89,-4.79498355101265,0.00377910377129975,0.954386853953953,4.79024092055758,37.3818672544821,TRUE,NA
"sigma",13.9,-4.79737554636011,0.00378068559226197,0.954423400043565,4.79263955342515,37.4148121328142,TRUE,NA
"sigma",13.91,-4.79976701137818,0.00378225919926045,0.954459892651743,4.79503764213222,37.4477633635145,TRUE,NA
"sigma",13.92,-4.80215794653586,0.00378382462047622,0.954496331889577,4.79743518718581,37.4807209434778,TRUE,NA
"sigma",13.93,-4.80454835230148,0.00378538188394195,0.954532717867798,4.79983218909213,37.5136848696031,TRUE,NA
"sigma",13.94,-4.80693822914261,0.00378693101763261,0.954569050696875,4.80222864835654,37.5466551387929,TRUE,NA
"sigma",13.95,-4.80932757752614,0.00378847204939259,0.954605330486986,4.80462456548355,37.5796317479538,TRUE,NA
"sigma",13.96,-4.81171639791827,0.0037900050069819,0.954641557347988,4.80701994097686,37.6126146939959,TRUE,NA
"sigma",13.97,-4.81410469078447,0.00379152991804954,0.954677731389472,4.80941477533933,37.6456039738332,TRUE,NA
"sigma",13.98,-4.8164924565895,0.00379304681013792,0.954713852720721,4.81180906907298,37.6785995843838,TRUE,NA
"sigma",13.99,-4.81887969579745,0.00379455571069265,0.954749921450714,4.81420282267902,37.7116015225692,TRUE,NA
"sigma",14,-4.8212664088717,0.00379605664706251,0.954785937688164,4.81659603665783,37.7446097853149,TRUE,NA
"sigma",14.01,-4.82365259627493,0.00379754964649059,0.954821901541471,4.81898871150896,37.7776243695501,TRUE,NA
"sigma",14.02,-4.8260382584691,0.00379903473611432,0.954857813118765,4.82138084773116,37.8106452722077,TRUE,NA
"sigma",14.03,-4.82842339591551,0.00380051194297071,0.95489367252785,4.82377244582232,37.8436724902246,TRUE,NA
"sigma",14.04,-4.83080800907476,0.00380198129403109,0.954929479876307,4.82616350627955,37.8767060205411,TRUE,NA
"sigma",14.05,-4.83319209840674,0.00380344281611666,0.954965235271367,4.82855402959913,37.9097458601016,TRUE,NA
"sigma",14.06,-4.83557566437066,0.00380489653597937,0.955000938819993,4.83094401627654,37.942792005854,TRUE,NA
"sigma",14.07,-4.83795870742504,0.00380634248027079,0.955036590628892,4.83333346680641,37.9758444547501,TRUE,NA
"sigma",14.08,-4.84034122802772,0.00380778067554122,0.955072190804455,4.83572238168261,38.0089032037451,TRUE,NA
"sigma",14.09,-4.84272322663583,0.00380921114824417,0.955107739452794,4.83811076139818,38.0419682497984,TRUE,NA
"sigma",14.1,-4.84510470370584,0.00381063392473457,0.955143236679755,4.84049860644535,38.0750395898727,TRUE,NA
"sigma",14.11,-4.84748565969354,0.00381204903127319,0.955178682590884,4.84288591731554,38.1081172209348,TRUE,NA
"sigma",14.12,-4.849866095054,0.00381345649401954,0.955214077291456,4.84527269449938,38.1412011399546,TRUE,NA
"sigma",14.13,-4.85224601024165,0.00381485633904788,0.955249420886472,4.84765893848672,38.1742913439062,TRUE,NA
"sigma",14.14,-4.85462540571021,0.00381624859233565,0.95528471348065,4.85004464976658,38.2073878297673,TRUE,NA
"sigma",14.15,-4.85700428191276,0.00381763327974305,0.955319955178422,4.85242982882717,38.2404905945191,TRUE,NA
"sigma",14.16,-4.85938263930166,0.00381901042706545,0.955355146083947,4.85481447615596,38.2735996351467,TRUE,NA
"sigma",14.17,-4.86176047832862,0.00382038005999519,0.955390286301117,4.85719859223959,38.3067149486384,TRUE,NA
"sigma",14.18,-4.86413779944468,0.00382174220411269,0.955425375933539,4.85958217756391,38.3398365319868,TRUE,NA
"sigma",14.19,-4.86651460310019,0.00382309688492821,0.955460415084556,4.86196523261399,38.3729643821877,TRUE,NA
"sigma",14.2,-4.86889088974484,0.00382444412785432,0.955495403857227,4.86434775787412,38.4060984962405,TRUE,NA
"sigma",14.21,-4.87126665982764,0.00382578395820321,0.955530342354356,4.86672975382778,38.4392388711486,TRUE,NA
"sigma",14.22,-4.87364191379696,0.00382711640119471,0.955565230678443,4.86911122095769,38.4723855039187,TRUE,NA
"sigma",14.23,-4.87601665210046,0.00382844148196515,0.955600068931756,4.87149215974578,38.5055383915613,TRUE,NA
"sigma",14.24,-4.87839087518518,0.00382975922555229,0.955634857216268,4.87387257067321,38.5386975310903,TRUE,NA
"sigma",14.25,-4.88076458349746,0.00383106965690683,0.955669595633698,4.87625245422035,38.5718629195234,TRUE,NA
"sigma",14.26,-4.88313777748299,0.00383237280088711,0.95570428428549,4.87863181086678,38.6050345538818,TRUE,NA
"sigma",14.27,-4.88551045758681,0.00383366868226709,0.955738923272819,4.88101064109136,38.6382124311903,TRUE,NA
"sigma",14.28,-4.88788262425327,0.00383495732570793,0.955773512696585,4.88338894537211,38.6713965484774,TRUE,NA
"sigma",14.29,-4.89025427792611,0.00383623875581396,0.955808052657456,4.88576672418632,38.7045869027748,TRUE,NA
"sigma",14.3,-4.89262541904836,0.00383751299707669,0.955842543255792,4.88814397801051,38.7377834911184,TRUE,NA
"sigma",14.31,-4.89499604806243,0.00383878007391569,0.955876984591733,4.89052070732042,38.770986310547,TRUE,NA
"sigma",14.32,-4.89736616541006,0.00384004001063865,0.955911376765125,4.89289691259103,38.8041953581034,TRUE,NA
"sigma",14.33,-4.89973577153233,0.00384129283148749,0.955945719875554,4.89527259429655,38.8374106308338,TRUE,NA
"sigma",14.34,-4.9021048668697,0.00384253856060202,0.955980014022368,4.89764775291045,38.8706321257878,TRUE,NA
"sigma",14.35,-4.90447345186194,0.00384377722205542,0.956014259304641,4.90002238890542,38.9038598400188,TRUE,NA
"sigma",14.36,-4.90684152694819,0.0038450088398001,0.956048455821172,4.90239650275339,38.9370937705835,TRUE,NA
"sigma",14.37,-4.90920909256696,0.0038462334377245,0.956082603670524,4.90477009492555,38.9703339145423,TRUE,NA
"sigma",14.38,-4.91157614915607,0.00384745103963802,0.956116702951005,4.90714316589232,39.003580268959,TRUE,NA
"sigma",14.39,-4.91394269715273,0.00384866166924525,0.956150753760652,4.90951571612339,39.0368328309008,TRUE,NA
"sigma",14.4,-4.91630873699349,0.00384986535016374,0.95618475619723,4.91188774608766,39.0700915974387,TRUE,NA
"sigma",14.41,-4.91867426911426,0.00385106210595421,0.956218710358297,4.91425925625333,39.103356565647,TRUE,NA
"sigma",14.42,-4.92103929395033,0.00385225196005301,0.956252616341119,4.9166302470878,39.1366277326034,TRUE,NA
"sigma",14.43,-4.92340381193631,0.00385343493584767,0.956286474242715,4.91900071905776,39.1699050953892,TRUE,NA
"sigma",14.44,-4.9257678235062,0.00385461105661555,0.956320284159872,4.92137067262916,39.2031886510892,TRUE,NA
"sigma",14.45,-4.92813132909336,0.00385578034555856,0.956354046189083,4.92374010826718,39.2364783967917,TRUE,NA
"sigma",14.46,-4.9304943291305,0.00385694282580129,0.956387760426629,4.92610902643627,39.2697743295883,TRUE,NA
"sigma",14.47,-4.93285682404972,0.00385809852037067,0.956421426968525,4.92847742760015,39.3030764465742,TRUE,NA
"sigma",14.48,-4.93521881428245,0.00385924745223143,0.956455045910533,4.93084531222179,39.3363847448477,TRUE,NA
"sigma",14.49,-4.93758030025953,0.00386038964425506,0.956488617348191,4.93321268076345,39.3696992215112,TRUE,NA
"sigma",14.5,-4.93994128241113,0.00386152511922155,0.956522141376758,4.93557953368662,39.4030198736699,TRUE,NA
"sigma",14.51,-4.94230176116682,0.00386265389983453,0.956555618091251,4.93794587145208,39.4363466984329,TRUE,NA
"sigma",14.52,-4.94466173695553,0.00386377600873455,0.956589047586466,4.94031169451989,39.4696796929123,TRUE,NA
"sigma",14.53,-4.94702121020555,0.0038648914684476,0.956622429956915,4.94267700334934,39.5030188542238,TRUE,NA
"sigma",14.54,-4.94938018134457,0.00386600030144724,0.956655765296899,4.94504179839903,39.5363641794867,TRUE,NA
"sigma",14.55,-4.95173865079964,0.00386710253011202,0.956689053700465,4.94740608012683,39.5697156658233,TRUE,NA
"sigma",14.56,-4.95409661899719,0.00386819817674677,0.956722295261404,4.94976984898986,39.6030733103596,TRUE,NA
"sigma",14.57,-4.95645408636303,0.00386928726356928,0.956755490073287,4.95213310544456,39.636437110225,TRUE,NA
"sigma",14.58,-4.95881105332234,0.00387036981272537,0.956788638229417,4.95449584994662,39.669807062552,TRUE,NA
"sigma",14.59,-4.96116752029969,0.00387144584626853,0.956821739822877,4.95685808295101,39.7031831644768,TRUE,NA
"sigma",14.6,-4.96352348771904,0.00387251538619537,0.956854794946504,4.959219804912,39.7365654131388,TRUE,NA
"sigma",14.61,-4.96587895600371,0.00387357845440039,0.956887803692896,4.96158101628313,39.7699538056807,TRUE,NA
"sigma",14.62,-4.96823392557641,0.00387463507272034,0.956920766154416,4.96394171751722,39.8033483392487,TRUE,NA
"sigma",14.63,-4.97058839685927,0.00387568526289606,0.956953682423172,4.96630190906641,39.8367490109922,TRUE,NA
"sigma",14.64,-4.97294237027375,0.0038767290466053,0.956986552591064,4.9686615913821,39.8701558180641,TRUE,NA
"sigma",14.65,-4.97529584624074,0.00387776644543258,0.957019376749721,4.97102076491498,39.9035687576207,TRUE,NA
"sigma",14.66,-4.97764882518051,0.00387879748090558,0.957052154990577,4.97337943011506,39.9369878268212,TRUE,NA
"sigma",14.67,-4.98000130751272,0.00387982217445337,0.957084887404785,4.9757375874316,39.9704130228286,TRUE,NA
"sigma",14.68,-4.9823532936564,0.00388084054744464,0.957117574083312,4.9780952373132,40.0038443428091,TRUE,NA
"sigma",14.69,-4.98470478403001,0.00388185262117169,0.957150215116864,4.98045238020773,40.037281783932,TRUE,NA
"sigma",14.7,-4.98705577905138,0.003882858416838,0.957182810595908,4.98280901656237,40.07072534337,TRUE,NA
"sigma",14.71,-4.98940627913774,0.00388385795558222,0.9572153606107,4.9851651468236,40.1041750182994,TRUE,NA
"sigma",14.72,-4.99175628470572,0.00388485125846216,0.957247865251246,4.9875207714372,40.1376308058993,TRUE,NA
"sigma",14.73,-4.99410579617135,0.00388583834646461,0.957280324607332,4.98987589084824,40.1710927033525,TRUE,NA
"sigma",14.74,-4.99645481395004,0.00388681924050527,0.957312738768524,4.99223050550113,40.2045607078448,TRUE,NA
"sigma",14.75,-4.99880333845664,0.00388779396141192,0.957345107824132,4.99458461583954,40.2380348165654,TRUE,NA
"sigma",14.76,-5.00115137010535,0.00388876252994841,0.957377431863266,4.9969382223065,40.2715150267069,TRUE,NA
"sigma",14.77,-5.00349890930982,0.00388972496680928,0.957409710974792,4.9992913253443,40.3050013354647,TRUE,NA
"sigma",14.78,-5.00584595648307,0.00389068129260739,0.957441945247359,5.00164392539458,40.3384937400381,TRUE,NA
"sigma",14.79,-5.00819251203755,0.0038916315278863,0.957474134769388,5.00399602289828,40.3719922376292,TRUE,NA
"sigma",14.8,-5.0105385763851,0.00389257569310075,0.957506279629048,5.00634761829564,40.4054968254434,TRUE,NA
"sigma",14.81,-5.01288414993696,0.00389351380867087,0.957538379914335,5.00869871202624,40.4390075006894,TRUE,NA
"sigma",14.82,-5.01522923310381,0.00389444589490839,0.957570435712982,5.01104930452895,40.4725242605793,TRUE,NA
"sigma",14.83,-5.01757382629571,0.00389537197205847,0.957602447112507,5.013399396242,40.5060471023281,TRUE,NA
"sigma",14.84,-5.01991792992215,0.00389629206031472,0.957634414200221,5.01574898760289,40.5395760231541,TRUE,NA
"sigma",14.85,-5.02226154439201,0.00389720617978284,0.957666337063185,5.0180980790485,40.5731110202791,TRUE,NA
"sigma",14.86,-5.02460467011362,0.0038981143504877,0.957698215788256,5.02044667101497,40.6066520909278,TRUE,NA
"sigma",14.87,-5.02694730749467,0.00389901659241598,0.957730050462077,5.0227947639378,40.6401992323281,TRUE,NA
"sigma",14.88,-5.02928945694232,0.00389991292544689,0.957761841171065,5.02514235825184,40.6737524417114,TRUE,NA
"sigma",14.89,-5.03163111886312,0.00390080336941878,0.957793588001412,5.02748945439122,40.707311716312,TRUE,NA
"sigma",14.9,-5.03397229366304,0.0039016879440803,0.957825291039095,5.02983605278943,40.7408770533674,TRUE,NA
"sigma",14.91,-5.03631298174748,0.0039025666691197,0.957856950369872,5.03218215387928,40.7744484501184,TRUE,NA
"sigma",14.92,-5.03865318352124,0.00390343956415595,0.957888566079296,5.03452775809292,40.808025903809,TRUE,NA
"sigma",14.93,-5.04099289938856,0.0039043066487352,0.957920138252692,5.03687286586183,40.8416094116861,TRUE,NA
"sigma",14.94,-5.0433321297531,0.00390516794233431,0.957951666975167,5.03921747761682,40.8751989710001,TRUE,NA
"sigma",14.95,-5.04567087501792,0.00390602346437063,0.957983152331628,5.04156159378804,40.9087945790044,TRUE,NA
"sigma",14.96,-5.04800913558555,0.00390687323417627,0.958014594406737,5.04390521480499,40.9423962329554,TRUE,NA
"sigma",14.97,-5.05034691185791,0.00390771727102646,0.958045993284987,5.04624834109651,40.976003930113,TRUE,NA
"sigma",14.98,-5.05268420423636,0.00390855559412984,0.958077349050611,5.04859097309076,41.0096176677398,TRUE,NA
"sigma",14.99,-5.05502101312169,0.00390938822261955,0.958108661787665,5.05093311121525,41.043237443102,TRUE,NA
"sigma",15,-5.0573573389141,0.00391021517557277,0.95813993157998,5.05327475589686,41.0768632534685,TRUE,NA
"sigma",15.01,-5.05969318201325,0.00391103647198943,0.958171158511179,5.05561590756179,41.1104950961116,TRUE,NA
"sigma",15.02,-5.06202854281822,0.00391185213080547,0.958202342664672,5.05795656663559,41.1441329683066,TRUE,NA
"sigma",15.03,-5.06436342172753,0.00391266217089203,0.958233484123649,5.06029673354316,41.177776867332,TRUE,NA
"sigma",15.04,-5.0666978191391,0.00391346661105985,0.958264582971122,5.06263640870877,41.2114267904692,TRUE,NA
"sigma",15.05,-5.06903173545033,0.00391426547003526,0.958295639289857,5.06497559255601,41.2450827350028,TRUE,NA
"sigma",15.06,-5.07136517105803,0.00391505876649401,0.958326653162434,5.06731428550784,41.2787446982207,TRUE,NA
"sigma",15.07,-5.07369812635846,0.00391584651905408,0.958357624671232,5.06965248798659,41.3124126774135,TRUE,NA
"sigma",15.08,-5.07603060174731,0.00391662874624199,0.958388553898399,5.0719902004139,41.3460866698754,TRUE,NA
"sigma",15.09,-5.07836259761971,0.0039174054665434,0.958419440925901,5.07432742321082,41.379766672903,TRUE,NA
"sigma",15.1,-5.08069411437022,0.00391817669837025,0.958450285835482,5.07666415679773,41.4134526837965,TRUE,NA
"sigma",15.11,-5.08302515239289,0.0039189424600643,0.958481088708696,5.07900040159437,41.4471446998589,TRUE,NA
"sigma",15.12,-5.08535571208115,0.00391970276990872,0.958511849626875,5.08133615801985,41.4808427183966,TRUE,NA
"sigma",15.13,-5.08768579382791,0.00392045764614046,0.958542568671188,5.08367142649264,41.5145467367185,TRUE,NA
"sigma",15.14,-5.09001539802551,0.00392120710688726,0.958573245922524,5.08600620743058,41.548256752137,TRUE,NA
"sigma",15.15,-5.09234452506575,0.00392195117025729,0.958603881461648,5.08834050125086,41.5819727619673,TRUE,NA
"sigma",15.16,-5.09467317533987,0.00392268985428412,0.958634475369106,5.09067430837007,41.6156947635278,TRUE,NA
"sigma",15.17,-5.09700134923856,0.00392342317692052,0.958665027725186,5.09300762920412,41.6494227541399,TRUE,NA
"sigma",15.18,-5.09932904715195,0.00392415115608102,0.958695538610073,5.09534046416833,41.6831567311279,TRUE,NA
"sigma",15.19,-5.10165626946964,0.00392487380960116,0.958726008103661,5.09767281367738,41.7168966918192,TRUE,NA
"sigma",15.2,-5.10398301658067,0.00392559115526581,0.958756436285707,5.10000467814532,41.7506426335441,TRUE,NA
"sigma",15.21,-5.10630928887352,0.00392630321078347,0.958786823235734,5.10233605798557,41.7843945536363,TRUE,NA
"sigma",15.22,-5.10863508673615,0.00392700999380935,0.958817169033072,5.10466695361094,41.8181524494319,TRUE,NA
"sigma",15.23,-5.11096041055596,0.00392771152194804,0.958847473756883,5.1069973654336,41.8519163182706,TRUE,NA
"sigma",15.24,-5.1132852607198,0.00392840781271975,0.958877737486097,5.1093272938651,41.8856861574946,TRUE,NA
"sigma",15.25,-5.11560963761399,0.00392909888360382,0.958907960299472,5.11165673931639,41.9194619644494,TRUE,NA
"sigma",15.26,-5.11793354162431,0.00392978475200056,0.958938142275551,5.11398570219777,41.9532437364833,TRUE,NA
"sigma",15.27,-5.12025697313597,0.0039304654352712,0.958968283492688,5.11631418291896,41.9870314709478,TRUE,NA
"sigma",15.28,-5.12257993253369,0.00393114095070324,0.958998384029063,5.11864218188903,42.0208251651971,TRUE,NA
"sigma",15.29,-5.1249024202016,0.00393181131552556,0.959028443962634,5.12096969951644,42.0546248165884,TRUE,NA
"sigma",15.3,-5.12722443652333,0.00393247654689954,0.95905846337119,5.12329673620906,42.0884304224821,TRUE,NA
"sigma",15.31,-5.12954598188194,0.00393313666195017,0.959088442332302,5.12562329237411,42.1222419802414,TRUE,NA
"sigma",15.32,-5.13186705666,0.00393379167771091,0.959118380923363,5.12794936841825,42.1560594872324,TRUE,NA
"sigma",15.33,-5.13418766123949,0.00393444161119039,0.959148279221584,5.13027496474747,42.1898829408241,TRUE,NA
"sigma",15.34,-5.13650779600191,0.00393508647931551,0.959178137303983,5.1326000817672,42.2237123383886,TRUE,NA
"sigma",15.35,-5.13882746132819,0.00393572629896077,0.959207955247369,5.13492471988224,42.257547677301,TRUE,NA
"sigma",15.36,-5.14114665759874,0.00393636108694118,0.959237733128376,5.1372488794968,42.2913889549389,TRUE,NA
"sigma",15.37,-5.14346538519345,0.00393699086000598,0.959267471023446,5.13957256101445,42.3252361686834,TRUE,NA
"sigma",15.38,-5.14578364449166,0.00393761563486716,0.959297169008841,5.14189576483821,42.3590893159181,TRUE,NA
"sigma",15.39,-5.1481014358722,0.00393823542816119,0.959326827160621,5.14421849137046,42.3929483940296,TRUE,NA
"sigma",15.4,-5.15041875971336,0.00393885025647212,0.959356445554671,5.14654074101298,42.4268134004075,TRUE,NA
"sigma",15.41,-5.15273561639291,0.00393946013633517,0.959386024266675,5.14886251416697,42.4606843324442,TRUE,NA
"sigma",15.42,-5.1550520062881,0.00394006508419764,0.959415563372142,5.15118381123302,42.4945611875352,TRUE,NA
"sigma",15.43,-5.15736792977564,0.00394066511649704,0.959445062946404,5.15350463261113,42.5284439630784,TRUE,NA
"sigma",15.44,-5.15968338723173,0.00394126024958297,0.959474523064597,5.1558249787007,42.5623326564753,TRUE,NA
"sigma",15.45,-5.16199837903205,0.00394185049974993,0.95950394380166,5.15814484990052,42.5962272651297,TRUE,NA
"sigma",15.46,-5.16431290555175,0.00394243588324095,0.959533325232372,5.16046424660884,42.6301277864485,TRUE,NA
"sigma",15.47,-5.16662696716546,0.00394301641624395,0.959562667431308,5.16278316922324,42.6640342178415,TRUE,NA
"sigma",15.48,-5.16894056424729,0.00394359211489714,0.959591970472886,5.16510161814077,42.6979465567213,TRUE,NA
"sigma",15.49,-5.17125369717084,0.00394416299527123,0.959621234431313,5.16741959375787,42.7318648005033,TRUE,NA
"sigma",15.5,-5.17356636630918,0.00394472907338805,0.959650459380639,5.16973709647041,42.7657889466058,TRUE,NA
"sigma",15.51,-5.17587857203489,0.00394529036521885,0.959679645394715,5.17205412667365,42.7997189924502,TRUE,NA
"sigma",15.52,-5.17819031472,0.00394584688666733,0.959708792547219,5.17437068476226,42.8336549354602,TRUE,NA
"sigma",15.53,-5.18050159473605,0.00394639865358926,0.959737900911643,5.17668677113035,42.867596773063,TRUE,NA
"sigma",15.54,-5.18281241245406,0.00394694568179066,0.959766970561314,5.17900238617145,42.9015445026881,TRUE,NA
"sigma",15.55,-5.18512276824453,0.0039474879870145,0.959796001569372,5.18131753027847,42.9354981217681,TRUE,NA
"sigma",15.56,-5.18743266247747,0.00394802558495488,0.959824994008762,5.18363220384378,42.9694576277383,TRUE,NA
"sigma",15.57,-5.18974209552234,0.00394855849125886,0.959853947952289,5.18594640725915,43.0034230180368,TRUE,NA
"sigma",15.58,-5.19205106774813,0.00394908672149974,0.959882863472535,5.18826014091578,43.0373942901048,TRUE,NA
"sigma",15.59,-5.19435957952332,0.00394961029121266,0.959911740641939,5.1905734052043,43.0713714413859,TRUE,NA
"sigma",15.6,-5.19666763121586,0.00395012921589011,0.959940579532773,5.19288620051474,43.1053544693268,TRUE,NA
"sigma",15.61,-5.19897522319319,0.00395064351093577,0.959969380217083,5.19519852723659,43.1393433713769,TRUE,NA
"sigma",15.62,-5.20128235582229,0.00395115319173645,0.959998142766785,5.19751038575873,43.1733381449884,TRUE,NA
"sigma",15.63,-5.20358902946957,0.00395165827361676,0.960026867253605,5.19982177646951,43.2073387876163,TRUE,NA
"sigma",15.64,-5.205895244501,0.00395215877182409,0.960055553749095,5.20213269975668,43.2413452967183,TRUE,NA
"sigma",15.65,-5.208201001282,0.00395265470159512,0.960084202324633,5.20444315600741,43.275357669755,TRUE,NA
"sigma",15.66,-5.21050630017751,0.00395314607808572,0.96011281305143,5.20675314560835,43.3093759041897,TRUE,NA
"sigma",15.67,-5.21281114155198,0.00395363291640205,0.960141386000513,5.20906266894553,43.3433999974887,TRUE,NA
"sigma",15.68,-5.21511552576933,0.00395411523161382,0.960169921242753,5.21137172640444,43.3774299471205,TRUE,NA
"sigma",15.69,-5.217419453193,0.00395459303872325,0.960198418848824,5.21368031837002,43.411465750557,TRUE,NA
"sigma",15.7,-5.21972292418594,0.00395506635268994,0.960226878889267,5.21598844522661,43.4455074052724,TRUE,NA
"sigma",15.71,-5.22202593911059,0.00395553518841751,0.960255301434408,5.21829610735803,43.4795549087441,TRUE,NA
"sigma",15.72,-5.2243284983289,0.00395599956077053,0.960283686554444,5.22060330514749,43.5136082584517,TRUE,NA
"sigma",15.73,-5.22663060220231,0.00395645948453716,0.960312034319372,5.22291003897769,43.5476674518779,TRUE,NA
"sigma",15.74,-5.2289322510918,0.0039569149744807,0.960340344799027,5.22521630923075,43.5817324865082,TRUE,NA
"sigma",15.75,-5.23123344535783,0.00395736604530583,0.960368618063105,5.22752211628821,43.6158033598306,TRUE,NA
"sigma",15.76,-5.23353418536037,0.00395781271166573,0.960396854181083,5.2298274605311,43.6498800693358,TRUE,NA
"sigma",15.77,-5.2358344714589,0.0039582549881656,0.960425053222318,5.23213234233986,43.6839626125175,TRUE,NA
"sigma",15.78,-5.23813430401242,0.00395869288934581,0.960453215255947,5.23443676209438,43.7180509868719,TRUE,NA
"sigma",15.79,-5.24043368337944,0.00395912642973606,0.96048134035101,5.23674072017402,43.7521451898979,TRUE,NA
"sigma",15.8,-5.24273260991796,0.00395955562376837,0.960509428576312,5.23904421695755,43.7862452190974,TRUE,NA
"sigma",15.81,-5.24503108398552,0.00395998048585433,0.960537480000545,5.24134725282324,43.8203510719745,TRUE,NA
"sigma",15.82,-5.24732910593916,0.00396040103036466,0.960565494692211,5.24364982814877,43.8544627460365,TRUE,NA
"sigma",15.83,-5.24962667613544,0.0039608172715857,0.960593472719641,5.24595194331128,43.8885802387931,TRUE,NA
"sigma",15.84,-5.25192379493043,0.00396122922380382,0.96062141415103,5.24825359868739,43.9227035477566,TRUE,NA
"sigma",15.85,-5.25422046267972,0.00396163690120588,0.960649319054369,5.25055479465312,43.9568326704424,TRUE,NA
"sigma",15.86,-5.25651667973841,0.00396204031797254,0.960677187497533,5.25285553158402,43.9909676043683,TRUE,NA
"sigma",15.87,-5.25881244646113,0.00396243948819386,0.960705019548184,5.25515580985501,44.0251083470547,TRUE,NA
"sigma",15.88,-5.26110776320202,0.00396283442596879,0.960732815273866,5.25745562984054,44.0592548960248,TRUE,NA
"sigma",15.89,-5.26340263031474,0.0039632251452888,0.960760574741935,5.25975499191449,44.0934072488043,TRUE,NA
"sigma",15.9,-5.26569704815249,0.00396361166014003,0.960788298019586,5.26205389645019,44.127565402922,TRUE,NA
"sigma",15.91,-5.26799101706796,0.00396399398445535,0.960815985173889,5.26435234382046,44.1617293559089,TRUE,NA
"sigma",15.92,-5.27028453741338,0.00396437213209833,0.960843636271707,5.26665033439756,44.1958991052988,TRUE,NA
"sigma",15.93,-5.27257760954053,0.00396474611689346,0.960871251379752,5.2689478685532,44.2300746486283,TRUE,NA
"sigma",15.94,-5.27487023380064,0.00396511595264037,0.960898830564604,5.27124494665859,44.2642559834362,TRUE,NA
"sigma",15.95,-5.27716241054455,0.0039654816530641,0.960926373892655,5.27354156908439,44.2984431072646,TRUE,NA
"sigma",15.96,-5.27945414012258,0.00396584323186211,0.960953881430158,5.27583773620071,44.3326360176576,TRUE,NA
"sigma",15.97,-5.28174542288457,0.00396620070268217,0.960981353243201,5.27813344837717,44.3668347121624,TRUE,NA
"sigma",15.98,-5.28403625917993,0.00396655407911073,0.961008789397705,5.2804287059828,44.4010391883285,TRUE,NA
"sigma",15.99,-5.28632664935756,0.00396690337470851,0.961036189959463,5.28272350938615,44.4352494437082,TRUE,NA
"sigma",16,-5.28861659376591,0.00396724860297937,0.961063554994065,5.28501785895522,44.4694654758563,TRUE,NA
"sigma",16.01,-5.29090609275294,0.00396758977738454,0.961090884566991,5.28731175505748,44.5036872823304,TRUE,NA
"sigma",16.02,-5.29319514666617,0.00396792691133374,0.961118178743533,5.28960519805988,44.5379148606905,TRUE,NA
"sigma",16.03,-5.29548375585263,0.00396826001821449,0.961145437588868,5.29189818832886,44.5721482084993,TRUE,NA
"sigma",16.04,-5.29777192065891,0.00396858911132902,0.961172661167952,5.29419072623029,44.6063873233222,TRUE,NA
"sigma",16.05,-5.30005964143109,0.00396891420396628,0.961199849545648,5.29648281212956,44.6406322027269,TRUE,NA
"sigma",16.06,-5.30234691851484,0.00396923530936988,0.961227002786634,5.29877444639152,44.674882844284,TRUE,NA
"sigma",16.07,-5.30463375225531,0.0039695524407275,0.961254120955456,5.3010656293805,44.7091392455665,TRUE,NA
"sigma",16.08,-5.30692014299723,0.00396986561117796,0.961281204116487,5.30335636146031,44.74340140415,TRUE,NA
"sigma",16.09,-5.30920609108485,0.00397017483382012,0.961308252333947,5.30564664299425,44.7776693176127,TRUE,NA
"sigma",16.1,-5.31149159686197,0.00397048012174039,0.961335265671944,5.30793647434509,44.8119429835355,TRUE,NA
"sigma",16.11,-5.3137766606719,0.00397078148791863,0.961362244194369,5.31022585587508,44.8462223995017,TRUE,NA
"sigma",16.12,-5.31606128285753,0.00397107894534887,0.961389187965006,5.31251478794596,44.8805075630971,TRUE,NA
"sigma",16.13,-5.31834546376127,0.0039713725069479,0.96141609704748,5.31480327091897,44.9147984719103,TRUE,NA
"sigma",16.14,-5.32062920372507,0.00397166218559963,0.961442971505271,5.31709130515481,44.9490951235323,TRUE,NA
"sigma",16.15,-5.32291250309043,0.00397194799414358,0.961469811401681,5.31937889101368,44.9833975155566,TRUE,NA
"sigma",16.16,-5.32519536219839,0.00397222994538105,0.961496616799904,5.32166602885528,45.0177056455795,TRUE,NA
"sigma",16.17,-5.32747778138954,0.00397250805206362,0.961523387762948,5.32395271903876,45.0520195111994,TRUE,NA
"sigma",16.18,-5.329759761004,0.00397278232690557,0.9615501243537,5.32623896192281,45.0863391100177,TRUE,NA
"sigma",16.19,-5.33204130138146,0.00397305278257765,0.961576826634893,5.32852475786559,45.1206644396379,TRUE,NA
"sigma",16.2,-5.33432240286116,0.0039733194316911,0.961603494669088,5.33081010722474,45.1549954976666,TRUE,NA
"sigma",16.21,-5.33660306578184,0.0039735822868483,0.961630128518733,5.33309501035741,45.1893322817123,TRUE,NA
"sigma",16.22,-5.33888329048185,0.00397384136058587,0.961656728246107,5.33537946762024,45.2236747893865,TRUE,NA
"sigma",16.23,-5.34116307729905,0.00397409666540849,0.961683293913368,5.33766347936936,45.2580230183028,TRUE,NA
"sigma",16.24,-5.34344242657086,0.00397434821376308,0.961709825582489,5.3399470459604,45.2923769660776,TRUE,NA
"sigma",16.25,-5.34572133863426,0.00397459601807615,0.961736323315325,5.3422301677485,45.3267366303299,TRUE,NA
"sigma",16.26,-5.34799981382579,0.00397484009071292,0.961762787173569,5.34451284508827,45.3611020086808,TRUE,NA
"sigma",16.27,-5.35027785248151,0.00397508044401196,0.961789217218793,5.34679507833386,45.3954730987543,TRUE,NA
"sigma",16.28,-5.35255545493706,0.00397531709028076,0.961815613512416,5.3490768678389,45.4298498981766,TRUE,NA
"sigma",16.29,-5.35483262152763,0.00397555004174066,0.961841976115681,5.35135821395648,45.4642324045767,TRUE,NA
"sigma",16.3,-5.35710935258797,0.00397577931063164,0.961868305089749,5.35363911703928,45.4986206155857,TRUE,NA
"sigma",16.31,-5.35938564845237,0.00397600490910133,0.961894600495579,5.3559195774394,45.5330145288374,TRUE,NA
"sigma",16.32,-5.36166150945469,0.00397622684929821,0.961920862394028,5.3581995955085,45.5674141419681,TRUE,NA
"sigma",16.33,-5.36393693592836,0.00397644514329087,0.961947090845785,5.36047917159773,45.6018194526168,TRUE,NA
"sigma",16.34,-5.36621192820634,0.00397665980314343,0.961973285911403,5.36275830605773,45.6362304584243,TRUE,NA
"sigma",16.35,-5.36848648662118,0.00397687084086584,0.96199944765132,5.36503699923868,45.6706471570344,TRUE,NA
"sigma",16.36,-5.37076061150495,0.00397707826841387,0.96202557612578,5.36731525149023,45.7050695460933,TRUE,NA
"sigma",16.37,-5.37303430318934,0.00397728209772552,0.96205167139494,5.36959306316157,45.7394976232495,TRUE,NA
"sigma",16.38,-5.37530756200554,0.00397748234068818,0.962077733518786,5.37187043460139,45.7739313861541,TRUE,NA
"sigma",16.39,-5.37758038828434,0.00397767900914658,0.962103762557171,5.37414736615788,45.8083708324606,TRUE,NA
"sigma",16.4,-5.3798527823561,0.00397787211490908,0.962129758569809,5.37642385817878,45.8428159598249,TRUE,NA
"sigma",16.41,-5.38212474455072,0.00397806166976,0.962155721616283,5.37869991101131,45.8772667659053,TRUE,NA
"sigma",16.42,-5.38439627519767,0.00397824768541177,0.962181651756014,5.38097552500219,45.9117232483628,TRUE,NA
"sigma",16.43,-5.386667374626,0.0039784301735768,0.96220754904832,5.3832507004977,45.9461854048604,TRUE,NA
"sigma",16.44,-5.38893804316432,0.00397860914589554,0.962233413552354,5.38552543784362,45.9806532330639,TRUE,NA
"sigma",16.45,-5.3912082811408,0.00397878461398626,0.96225924532714,5.38779973738524,46.0151267306413,TRUE,NA
"sigma",16.46,-5.3934780888832,0.00397895658941838,0.962285044431554,5.39007359946736,46.0496058952633,TRUE,NA
"sigma",16.47,-5.39574746671881,0.00397912508375864,0.962310810924373,5.39234702443433,46.0840907246026,TRUE,NA
"sigma",16.48,-5.39801641497453,0.00397929010846632,0.962336544864175,5.39462001262999,46.1185812163346,TRUE,NA
"sigma",16.49,-5.40028493397682,0.00397945167502911,0.962362246309464,5.39689256439771,46.1530773681372,TRUE,NA
"sigma",16.5,-5.4025530240517,0.003979609794869,0.962387915318583,5.39916468008039,46.1875791776903,TRUE,NA
"sigma",16.51,-5.40482068552478,0.00397976447936355,0.962413551949726,5.40143636002045,46.2220866426767,TRUE,NA
"sigma",16.52,-5.40708791872122,0.00397991573985212,0.962439156260962,5.40370760455984,46.2565997607811,TRUE,NA
"sigma",16.53,-5.40935472396577,0.00398006358767233,0.96246472831024,5.40597841404002,46.291118529691,TRUE,NA
"sigma",16.54,-5.41162110158276,0.00398020803407562,0.962490268155366,5.40824878880199,46.325642947096,TRUE,NA
"sigma",16.55,-5.41388705189609,0.00398034909031164,0.962515775854017,5.41051872918626,46.3601730106883,TRUE,NA
"sigma",16.56,-5.41615257522923,0.00398048676756968,0.962541251463708,5.4127882355329,46.3947087181624,TRUE,NA
"sigma",16.57,-5.41841767190524,0.0039806210770168,0.962566695041866,5.41505730818149,46.4292500672151,TRUE,NA
"sigma",16.58,-5.42068234224673,0.00398075202977122,0.962592106645748,5.41732594747111,46.4637970555456,TRUE,NA
"sigma",16.59,-5.42294658657593,0.00398087963692095,0.9626174863325,5.41959415374044,46.4983496808557,TRUE,NA
"sigma",16.6,-5.42521040521461,0.00398100390953449,0.962642834159139,5.42186192732763,46.5329079408491,TRUE,NA
"sigma",16.61,-5.42747379848415,0.0039811248586048,0.962668150182527,5.42412926857038,46.5674718332322,TRUE,NA
"sigma",16.62,-5.4297367667055,0.00398124249512222,0.962693434459414,5.42639617780594,46.6020413557137,TRUE,NA
"sigma",16.63,-5.4319993101992,0.00398135683002376,0.962718687046429,5.42866265537109,46.6366165060048,TRUE,NA
"sigma",16.64,-5.43426142928535,0.00398146787422338,0.962743908000045,5.43092870160213,46.6711972818186,TRUE,NA
"sigma",16.65,-5.43652312428365,0.00398157563859147,0.962769097376633,5.43319431683491,46.705783680871,TRUE,NA
"sigma",16.66,-5.43878439551338,0.00398168013394962,0.962794255232387,5.43545950140481,46.74037570088,TRUE,NA
"sigma",16.67,-5.44104524329342,0.00398178137110605,0.962819381623434,5.43772425564676,46.7749733395661,TRUE,NA
"sigma",16.68,-5.44330566794221,0.00398187936082639,0.962844476605734,5.4399885798952,46.809576594652,TRUE,NA
"sigma",16.69,-5.44556566977779,0.00398197411383361,0.962869540235135,5.44225247448416,46.8441854638626,TRUE,NA
"sigma",16.7,-5.44782524911779,0.00398206564083115,0.962894572567336,5.44451593974716,46.8787999449255,TRUE,NA
"sigma",16.71,-5.45008440627942,0.00398215395245227,0.962919573657919,5.4467789760173,46.9134200355703,TRUE,NA
"sigma",16.72,-5.45234314157949,0.00398223905935335,0.962944543562375,5.4490415836272,46.948045733529,TRUE,NA
"sigma",16.73,-5.45460145533438,0.00398232097208773,0.962969482335979,5.45130376290904,46.9826770365361,TRUE,NA
"sigma",16.74,-5.45685934786009,0.00398239970122827,0.962994390033978,5.45356551419453,47.0173139423282,TRUE,NA
"sigma",16.75,-5.45911681947217,0.00398247525729101,0.963019266711434,5.45582683781493,47.0519564486442,TRUE,NA
"sigma",16.76,-5.4613738704858,0.00398254765076445,0.963044112423301,5.45808773410104,47.0866045532253,TRUE,NA
"sigma",16.77,-5.46363050121575,0.00398261689208201,0.963068927224408,5.46034820338324,47.1212582538153,TRUE,NA
"sigma",16.78,-5.46588671197634,0.00398268299166382,0.963093711169451,5.46260824599141,47.1559175481597,TRUE,NA
"sigma",16.79,-5.46814250308153,0.00398274595989623,0.963118464313005,5.46486786225503,47.190582434007,TRUE,NA
"sigma",16.8,-5.47039787484486,0.00398280580712651,0.963143186709531,5.46712705250307,47.2252529091074,TRUE,NA
"sigma",16.81,-5.47265282757946,0.00398286254366642,0.963167878413349,5.46938581706412,47.2599289712137,TRUE,NA
"sigma",16.82,-5.47490736159807,0.0039829161797913,0.963192539478672,5.47164415626626,47.2946106180809,TRUE,NA
"sigma",16.83,-5.47716147721301,0.00398296672573828,0.963217169959564,5.47390207043716,47.3292978474664,TRUE,NA
"sigma",16.84,-5.47941517473619,0.0039830141917383,0.963241769909995,5.47615955990403,47.3639906571294,TRUE,NA
"sigma",16.85,-5.48166845447916,0.00398305858796544,0.963266339383797,5.47841662499365,47.3986890448321,TRUE,NA
"sigma",16.86,-5.48392131675302,0.00398309992454848,0.96329087843468,5.48067326603233,47.4333930083384,TRUE,NA
"sigma",16.87,-5.4861737618685,0.00398313821161178,0.96331538711623,5.48292948334594,47.4681025454146,TRUE,NA
"sigma",16.88,-5.48842579013593,0.00398317345923882,0.963339865481935,5.48518527725995,47.5028176538294,TRUE,NA
"sigma",16.89,-5.49067740186522,0.00398320567746246,0.963364313585117,5.48744064809932,47.5375383313536,TRUE,NA
"sigma",16.9,-5.4929285973659,0.00398323487630581,0.963388731479021,5.48969559618862,47.5722645757604,TRUE,NA
"sigma",16.91,-5.4951793769471,0.00398326106574398,0.963413119216757,5.49195012185196,47.606996384825,TRUE,NA
"sigma",16.92,-5.49742974091756,0.00398328425572547,0.963437476851282,5.49420422541301,47.641733756325,TRUE,NA
"sigma",16.93,-5.49967968958559,0.00398330445617123,0.963461804435484,5.49645790719502,47.6764766880404,TRUE,NA
"sigma",16.94,-5.50192922325915,0.00398332167695514,0.963486102022102,5.49871116752077,47.7112251777531,TRUE,NA
"sigma",16.95,-5.50417834224577,0.00398333592793865,0.963510369663769,5.50096400671263,47.7459792232475,TRUE,NA
"sigma",16.96,-5.50642704685262,0.00398334721892013,0.963534607412972,5.50321642509252,47.7807388223103,TRUE,NA
"sigma",16.97,-5.50867533738645,0.00398335555970863,0.96355881532213,5.50546842298193,47.8155039727299,TRUE,NA
"sigma",16.98,-5.51092321415361,0.00398336096005103,0.963582993443489,5.50772000070192,47.8502746722974,TRUE,NA
"sigma",16.99,-5.5131706774601,0.00398336342965866,0.963607141829199,5.50997115857311,47.885050918806,TRUE,NA
"sigma",17,-5.51541772761149,0.00398336297823843,0.963631260531316,5.51222189691569,47.9198327100512,TRUE,NA
"sigma",17.01,-5.51766436491297,0.00398335961544394,0.963655349601742,5.51447221604943,47.9546200438307,TRUE,NA
"sigma",17.02,-5.51991058966935,0.00398335335089861,0.963679409092266,5.51672211629362,47.989412917944,TRUE,NA
"sigma",17.03,-5.52215640218504,0.00398334419421609,0.963703439054606,5.51897159796719,48.0242113301934,TRUE,NA
"sigma",17.04,-5.52440180276407,0.00398333215493896,0.96372743954029,5.52122066138861,48.0590152783831,TRUE,NA
"sigma",17.05,-5.52664679171007,0.00398331724261514,0.963751410600787,5.52346930687589,48.0938247603194,TRUE,NA
"sigma",17.06,-5.5288913693263,0.00398329946674636,0.963775352287442,5.52571753474667,48.1286397738111,TRUE,NA
"sigma",17.07,-5.53113553591562,0.00398327883681926,0.963799264651471,5.52796534531812,48.1634603166688,TRUE,NA
"sigma",17.08,-5.53337929178052,0.00398325536224053,0.96382314774395,5.53021273890701,48.1982863867057,TRUE,NA
"sigma",17.09,-5.53562263722308,0.0039832290524533,0.963847001615902,5.53245971582966,48.2331179817369,TRUE,NA
"sigma",17.1,-5.53786557254503,0.00398319991682605,0.963870826318181,5.53470627640199,48.2679550995797,TRUE,NA
"sigma",17.11,-5.54010809804768,0.00398316796470866,0.963894621901565,5.53695242093948,48.3027977380537,TRUE,NA
"sigma",17.12,-5.54235021403199,0.00398313320542076,0.963918388416681,5.53919814975719,48.3376458949805,TRUE,NA
"sigma",17.13,-5.5445919207985,0.00398309564826071,0.963942125914082,5.54144346316978,48.3724995681841,TRUE,NA
"sigma",17.14,-5.54683321864741,0.00398305530248066,0.963965834444186,5.54368836149146,48.4073587554906,TRUE,NA
"sigma",17.15,-5.54907410787852,0.00398301217729724,0.963989514057267,5.54593284503602,48.442223454728,TRUE,NA
"sigma",17.16,-5.55131458879125,0.00398296628194306,0.964013164803576,5.54817691411686,48.4770936637267,TRUE,NA
"sigma",17.17,-5.55355466168465,0.00398291762554948,0.964036786733148,5.55042056904693,48.5119693803195,TRUE,NA
"sigma",17.18,-5.55579432685736,0.00398286621729849,0.964060379895982,5.55266381013879,48.5468506023406,TRUE,NA
"sigma",17.19,-5.55803358460768,0.0039828120662575,0.964083944341917,5.55490663770455,48.5817373276271,TRUE,NA
"sigma",17.2,-5.56027243523352,0.00398275518154367,0.964107480120719,5.55714905205593,48.6166295540178,TRUE,NA
"sigma",17.21,-5.56251087903241,0.00398269557217823,0.964130987282003,5.55939105350422,48.651527279354,TRUE,NA
"sigma",17.22,-5.5647489163015,0.00398263324720904,0.964154465875306,5.56163264236032,48.6864305014789,TRUE,NA
"sigma",17.23,-5.56698654733757,0.00398256821561471,0.964177915950045,5.56387381893467,48.7213392182377,TRUE,NA
"sigma",17.24,-5.56922377243703,0.00398250048635873,0.964201337555522,5.56611458353736,48.756253427478,TRUE,NA
"sigma",17.25,-5.57146059189592,0.00398243006840548,0.964224730740941,5.56835493647802,48.7911731270494,TRUE,NA
"sigma",17.26,-5.57369700600988,0.00398235697061988,0.964248095555367,5.57059487806586,48.8260983148037,TRUE,NA
"sigma",17.27,-5.57593301507421,0.00398228120188904,0.964271432047778,5.57283440860972,48.8610289885947,TRUE,NA
"sigma",17.28,-5.57816861938381,0.00398220277108674,0.964294740267071,5.57507352841801,48.8959651462785,TRUE,NA
"sigma",17.29,-5.58040381923322,0.00398212168701839,0.964318020261976,5.57731223779874,48.9309067857129,TRUE,NA
"sigma",17.3,-5.58263861491664,0.00398203795847074,0.964341272081154,5.5795505370595,48.9658539047586,TRUE,NA
"sigma",17.31,-5.58487300672785,0.00398195159421455,0.964364495773144,5.58178842650747,49.0008065012775,TRUE,NA
"sigma",17.32,-5.58710699496028,0.0039818626029815,0.964387691386372,5.58402590644943,49.0357645731342,TRUE,NA
"sigma",17.33,-5.589340579907,0.00398177099346952,0.96441085896917,5.58626297719176,49.0707281181953,TRUE,NA
"sigma",17.34,-5.5915737618607,0.00398167677438632,0.964433998569776,5.58849963904043,49.1056971343293,TRUE,NA
"sigma",17.35,-5.59380654111372,0.00398157995435611,0.964457110236276,5.590735892301,49.1406716194068,TRUE,NA
"sigma",17.36,-5.59603891795801,0.00398148054201641,0.964480194016692,5.59297173727863,49.1756515713008,TRUE,NA
"sigma",17.37,-5.59827089268517,0.00398137854595859,0.964503249958913,5.59520717427809,49.2106369878862,TRUE,NA
"sigma",17.38,-5.60050246558643,0.00398127397474557,0.964526278110733,5.59744220360373,49.2456278670398,TRUE,NA
"sigma",17.39,-5.60273363695265,0.00398116683692962,0.964549278519848,5.59967682555949,49.2806242066408,TRUE,NA
"sigma",17.4,-5.60496440707433,0.00398105714102215,0.964572251233852,5.60191104044895,49.3156260045703,TRUE,NA
"sigma",17.41,-5.60719477624162,0.00398094489549994,0.964595196300189,5.60414484857524,49.3506332587115,TRUE,NA
"sigma",17.42,-5.60942474474429,0.00398083010881667,0.964618113766246,5.60637825024114,49.3856459669497,TRUE,NA
"sigma",17.43,-5.61165431287174,0.00398071278943313,0.964641003679306,5.608611245749,49.4206641271722,TRUE,NA
"sigma",17.44,-5.61388348091304,0.00398059294572128,0.964663866086522,5.61084383540077,49.4556877372684,TRUE,NA
"sigma",17.45,-5.61611224915686,0.00398047058607265,0.964686701034932,5.61307601949802,49.4907167951299,TRUE,NA
"sigma",17.46,-5.61834061789154,0.00398034571883432,0.964709508571525,5.61530779834192,49.5257512986501,TRUE,NA
"sigma",17.47,-5.62056858740505,0.00398021835233386,0.964732288743136,5.61753917223324,49.5607912457246,TRUE,NA
"sigma",17.48,-5.622796157985,0.00398008849487486,0.964755041596522,5.61977014147235,49.595836634251,TRUE,NA
"sigma",17.49,-5.62502332991863,0.00397995615470315,0.964777767178315,5.62200070635925,49.6308874621291,TRUE,NA
"sigma",17.5,-5.62725010349286,0.00397982134009389,0.964800465535075,5.62423086719352,49.6659437272605,TRUE,NA
"sigma",17.51,-5.6294764789942,0.00397968405923876,0.964823136713232,5.62646062427436,49.7010054275492,TRUE,NA
"sigma",17.52,-5.63170245670884,0.00397954432034187,0.964845780759124,5.62868997790058,49.7360725609006,TRUE,NA
"sigma",17.53,-5.63392803692262,0.00397940213156733,0.964868397718982,5.63091892837059,49.7711451252229,TRUE,NA
"sigma",17.54,-5.63615321992098,0.0039792575010571,0.964890987638971,5.63314747598242,49.8062231184258,TRUE,NA
"sigma",17.55,-5.63837800598906,0.0039791104369149,0.964913550565092,5.63537562103371,49.8413065384213,TRUE,NA
"sigma",17.56,-5.64060239541161,0.00397896094723205,0.964936086543293,5.63760336382171,49.8763953831234,TRUE,NA
"sigma",17.57,-5.64282638847303,0.00397880904007319,0.964958595619403,5.63983070464328,49.9114896504478,TRUE,NA
"sigma",17.58,-5.64504998545739,0.00397865472345948,0.96498107783915,5.64205764379489,49.9465893383127,TRUE,NA
"sigma",17.59,-5.64727318664839,0.00397849800542804,0.965003533248193,5.64428418157263,49.9816944446379,TRUE,NA
"sigma",17.6,-5.64949599232936,0.00397833889393606,0.965025961892024,5.6465103182722,50.0168049673456,TRUE,NA
"sigma",17.61,-5.65171840278332,0.00397817739695405,0.965048363816106,5.64873605418891,50.0519209043598,TRUE,NA
"sigma",17.62,-5.6539404182929,0.00397801352241078,0.965070739065746,5.65096138961771,50.0870422536062,TRUE,NA
"sigma",17.63,-5.65616203914042,0.0039778472782146,0.965093087686184,5.65318632485313,50.1221690130133,TRUE,NA
"sigma",17.64,-5.65838326560782,0.00397767867225607,0.965115409722576,5.65541086018935,50.1573011805108,TRUE,NA
"sigma",17.65,-5.66060409797669,0.00397750771238048,0.965137705219942,5.65763499592014,50.1924387540307,TRUE,NA
"sigma",17.66,-5.66282453652831,0.00397733440642245,0.965159974223221,5.65985873233892,50.2275817315073,TRUE,NA
"sigma",17.67,-5.66504458154357,0.00397715876220328,0.965182216777253,5.6620820697387,50.2627301108763,TRUE,NA
"sigma",17.68,-5.66726423330302,0.0039769807874892,0.965204432926777,5.66430500841214,50.2978838900759,TRUE,NA
"sigma",17.69,-5.66948349208689,0.00397680049003934,0.965226622716442,5.66652754865147,50.3330430670459,TRUE,NA
"sigma",17.7,-5.67170235817504,0.0039766178776004,0.965248786190801,5.66874969074862,50.3682076397286,TRUE,NA
"sigma",17.71,-5.67392083184699,0.00397643295785777,0.965270923394289,5.67097143499505,50.4033776060675,TRUE,NA
"sigma",17.72,-5.67613891338193,0.0039762457385244,0.96529303437128,5.67319278168192,50.4385529640087,TRUE,NA
"sigma",17.73,-5.67835660305868,0.00397605622724573,0.965315119166019,5.67541373109997,50.4737337115002,TRUE,NA
"sigma",17.74,-5.68057390115573,0.00397586443163522,0.96533717782265,5.67763428353958,50.5089198464919,TRUE,NA
"sigma",17.75,-5.68279080795124,0.00397567035932855,0.965359210385258,5.67985443929076,50.5441113669354,TRUE,NA
"sigma",17.76,-5.68500732372301,0.00397547401792142,0.965381216897826,5.68207419864313,50.5793082707844,TRUE,NA
"sigma",17.77,-5.68722344874851,0.0039752754149589,0.965403197404207,5.68429356188595,50.6145105559951,TRUE,NA
"sigma",17.78,-5.68943918330487,0.00397507455797275,0.965425151948177,5.6865125293081,50.6497182205249,TRUE,NA
"sigma",17.79,-5.69165452766886,0.00397487145448583,0.96544708057342,5.6887311011981,50.6849312623336,TRUE,NA
"sigma",17.8,-5.69386948211693,0.00397466611200148,0.965468983323536,5.69094927784406,50.7201496793826,TRUE,NA
"sigma",17.81,-5.69608404692518,0.00397445853797063,0.96549086024201,5.69316705953378,50.7553734696357,TRUE,NA
"sigma",17.82,-5.6982982223694,0.00397424873983976,0.965512711372251,5.69538444655464,50.7906026310584,TRUE,NA
"sigma",17.83,-5.70051200872499,0.00397403672503405,0.965534536757562,5.69760143919367,50.8258371616179,TRUE,NA
"sigma",17.84,-5.70272540626705,0.0039738225009387,0.965556336441138,5.69981803773753,50.8610770592839,TRUE,NA
"sigma",17.85,-5.70493841527034,0.00397360607494246,0.965578110466129,5.70203424247252,50.8963223220275,TRUE,NA
"sigma",17.86,-5.7071510360093,0.00397338745436837,0.965599858875534,5.70425005368455,50.9315729478222,TRUE,NA
"sigma",17.87,-5.70936326875798,0.00397316664656966,0.9656215817123,5.70646547165918,50.9668289346429,TRUE,NA
"sigma",17.88,-5.71157511379014,0.00397294365884537,0.965643279019263,5.70868049668161,51.002090280467,TRUE,NA
"sigma",17.89,-5.7137865713792,0.00397271849845904,0.965664950839175,5.71089512903665,51.0373569832734,TRUE,NA
"sigma",17.9,-5.71599764179823,0.00397249117268039,0.965686597214677,5.71310936900878,51.072629041043,TRUE,NA
"sigma",17.91,-5.71820832531999,0.0039722616887321,0.96570821818835,5.71532321688209,51.1079064517591,TRUE,NA
"sigma",17.92,-5.72041862221689,0.00397203005382973,0.965729813802653,5.7175366729403,51.143189213406,TRUE,NA
"sigma",17.93,-5.72262853276101,0.00397179627517463,0.965751384099971,5.7197497374668,51.1784773239705,TRUE,NA
"sigma",17.94,-5.7248380572241,0.0039715603599122,0.965772929122592,5.72196241074459,51.2137707814415,TRUE,NA
"sigma",17.95,-5.72704719587758,0.00397132231519759,0.965794448912725,5.72417469305632,51.2490695838094,TRUE,NA
"sigma",17.96,-5.72925594899254,0.00397108214813713,0.965815943512455,5.72638658468427,51.2843737290666,TRUE,NA
"sigma",17.97,-5.73146431683974,0.00397083986584779,0.96583741296381,5.72859808591037,51.3196832152074,TRUE,NA
"sigma",17.98,-5.73367229968962,0.00397059547538525,0.965858857308716,5.7308091970162,51.3549980402283,TRUE,NA
"sigma",17.99,-5.73587989781227,0.0039703489838141,0.965880276589017,5.73301991828295,51.3903182021271,TRUE,NA
"sigma",18,-5.73808711147747,0.00397010039816781,0.965901670846441,5.73523024999148,51.425643698904,TRUE,NA
"sigma",18.01,-5.74029394095465,0.00396984972544523,0.965923040122669,5.73744019242229,51.4609745285608,TRUE,NA
"sigma",18.02,-5.74250038651296,0.00396959697262123,0.965944384459225,5.73964974585551,51.4963106891017,TRUE,NA
"sigma",18.03,-5.74470644842116,0.00396934214668576,0.965965703897642,5.74185891057092,51.5316521785319,TRUE,NA
"sigma",18.04,-5.74691212694774,0.00396908525457107,0.965986998479281,5.74406768684794,51.5669989948592,TRUE,NA
"sigma",18.05,-5.74911742236083,0.0039688263032005,0.966008268245441,5.74627607496565,51.602351136093,TRUE,NA
"sigma",18.06,-5.75132233492825,0.00396856529946454,0.966029513237346,5.74848407520277,51.6377086002447,TRUE,NA
"sigma",18.07,-5.75352686491749,0.00396830225023237,0.966050733496099,5.75069168783764,51.6730713853275,TRUE,NA
"sigma",18.08,-5.75573101259573,0.0039680371623767,0.966071929062755,5.7528989131483,51.7084394893564,TRUE,NA
"sigma",18.09,-5.7579347782298,0.00396777004273297,0.966093099978268,5.7551057514124,51.7438129103484,TRUE,NA
"sigma",18.1,-5.76013816208622,0.00396750089809839,0.966114246283477,5.75731220290723,51.7791916463221,TRUE,NA
"sigma",18.11,-5.76234116443121,0.00396722973526842,0.966135368019173,5.75951826790975,51.8145756952985,TRUE,NA
"sigma",18.12,-5.76454378553063,0.00396695656101276,0.966156465226016,5.76172394669658,51.8499650553,TRUE,NA
"sigma",18.13,-5.76674602565005,0.00396668138208067,0.96617753794464,5.76392923954397,51.8853597243508,TRUE,NA
"sigma",18.14,-5.7689478850547,0.00396640420519834,0.966198586215555,5.76613414672782,51.9207597004773,TRUE,NA
"sigma",18.15,-5.77114936400951,0.00396612503707328,0.96621961007917,5.7683386685237,51.9561649817076,TRUE,NA
"sigma",18.16,-5.77335046277908,0.00396584388437482,0.966240609575822,5.77054280520681,51.9915755660716,TRUE,NA
"sigma",18.17,-5.77555118162768,0.00396556075378651,0.966261584745785,5.77274655705201,52.026991451601,TRUE,NA
"sigma",18.18,-5.77775152081927,0.00396527565195104,0.966282535629212,5.77494992433383,52.0624126363296,TRUE,NA
"sigma",18.19,-5.7799514806175,0.00396498858548089,0.966303462266207,5.77715290732644,52.0978391182925,TRUE,NA
"sigma",18.2,-5.78215106128569,0.00396469956098233,0.966324364696753,5.77935550630366,52.1332708955274,TRUE,NA
"sigma",18.21,-5.78435026308686,0.00396440858501457,0.966345242960747,5.78155772153896,52.1687079660732,TRUE,NA
"sigma",18.22,-5.78654908628371,0.00396411566417143,0.966366097098058,5.78375955330551,52.2041503279709,TRUE,NA
"sigma",18.23,-5.7887475311386,0.00396382080497037,0.966386927148397,5.78596100187608,52.2395979792634,TRUE,NA
"sigma",18.24,-5.7909455979136,0.00396352401392974,0.966407733151438,5.78816206752312,52.275050917995,TRUE,NA
"sigma",18.25,-5.79314328687047,0.00396322529755722,0.966428515146752,5.79036275051875,52.3105091422126,TRUE,NA
"sigma",18.26,-5.79534059827063,0.00396292466232051,0.966449273173826,5.79256305113474,52.345972649964,TRUE,NA
"sigma",18.27,-5.79753753237522,0.00396262211468379,0.96647000727208,5.79476296964251,52.3814414392995,TRUE,NA
"sigma",18.28,-5.79973408944504,0.00396231766108457,0.96649071748083,5.79696250631315,52.416915508271,TRUE,NA
"sigma",18.29,-5.80193026974058,0.0039620113079426,0.966511403839326,5.79916166141741,52.4523948549321,TRUE,NA
"sigma",18.3,-5.80412607352202,0.00396170306163768,0.966532066386709,5.80136043522568,52.4878794773383,TRUE,NA
"sigma",18.31,-5.80632150104926,0.00396139292856379,0.966552705162064,5.80355882800806,52.5233693735471,TRUE,NA
"sigma",18.32,-5.80851655258185,0.00396108091507497,0.96657332020439,5.80575684003426,52.5588645416175,TRUE,NA
"sigma",18.33,-5.81071122837902,0.00396076702750747,0.966593911552604,5.80795447157369,52.5943649796103,TRUE,NA
"sigma",18.34,-5.81290552869975,0.0039604512721807,0.966614479245503,5.8101517228954,52.6298706855883,TRUE,NA
"sigma",18.35,-5.81509945380265,0.00396013365538384,0.966635023321853,5.81234859426811,52.6653816576161,TRUE,NA
"sigma",18.36,-5.81729300394605,0.00395981418339808,0.966655543820322,5.81454508596022,52.7008978937598,TRUE,NA
"sigma",18.37,-5.81948617938797,0.00395949286248776,0.966676040779491,5.81674119823977,52.7364193920878,TRUE,NA
"sigma",18.38,-5.82167898038613,0.00395916969888788,0.966696514237846,5.8189369313745,52.7719461506698,TRUE,NA
"sigma",18.39,-5.82387140719791,0.00395884469880237,0.966716964233814,5.82113228563175,52.8074781675776,TRUE,NA
"sigma",18.4,-5.82606346008041,0.00395851786846091,0.966737390805752,5.82332726127861,52.8430154408843,TRUE,NA
"sigma",18.41,-5.82825513929042,0.00395818921402746,0.966757793991905,5.82552185858179,52.8785579686654,TRUE,NA
"sigma",18.42,-5.83044644508444,0.00395785874165089,0.966778173830444,5.82771607780768,52.914105748998,TRUE,NA
"sigma",18.43,-5.83263737771863,0.00395752645751291,0.966798530359497,5.82990991922234,52.9496587799606,TRUE,NA
"sigma",18.44,-5.83482793744887,0.00395719236769843,0.966818863617044,5.83210338309149,52.985217059634,TRUE,NA
"sigma",18.45,-5.83701812453073,0.00395685647831279,0.96683917364103,5.83429646968051,53.0207805861004,TRUE,NA
"sigma",18.46,-5.83920793921948,0.00395651879546044,0.96685946046934,5.8364891792545,53.056349357444,TRUE,NA
"sigma",18.47,-5.84139738177008,0.00395617932519876,0.966879724139723,5.83868151207818,53.0919233717505,TRUE,NA
"sigma",18.48,-5.84358645243719,0.00395583807357092,0.966899964689892,5.84087346841595,53.1275026271076,TRUE,NA
"sigma",18.49,-5.84577515147517,0.00395549504658987,0.966920182157456,5.84306504853192,53.1630871216047,TRUE,NA
"sigma",18.5,-5.84796347913807,0.00395515025031479,0.96694037657998,5.84525625268982,53.1986768533328,TRUE,NA
"sigma",18.51,-5.85015143567966,0.00395480369068313,0.966960547994905,5.84744708115308,53.2342718203849,TRUE,NA
"sigma",18.52,-5.85233902135338,0.00395445537368921,0.966980696439628,5.84963753418482,53.2698720208556,TRUE,NA
"sigma",18.53,-5.8545262364124,0.00395410530528828,0.967000821951442,5.85182761204781,53.3054774528413,TRUE,NA
"sigma",18.54,-5.85671308110958,0.00395375349140714,0.967020924567579,5.85401731500449,53.3410881144402,TRUE,NA
"sigma",18.55,-5.85889955569746,0.00395339993796817,0.967041004325199,5.85620664331701,53.376704003752,TRUE,NA
"sigma",18.56,-5.86108566042831,0.0039530446508671,0.967061061261372,5.85839559724716,53.4123251188785,TRUE,NA
"sigma",18.57,-5.86327139555407,0.00395268763598366,0.967081095413084,5.86058417705642,53.4479514579228,TRUE,NA
"sigma",18.58,-5.86545676132644,0.00395232889918162,0.967101106817251,5.86277238300597,53.4835830189902,TRUE,NA
"sigma",18.59,-5.86764175799676,0.00395196844629719,0.967121095510734,5.86496021535663,53.5192198001875,TRUE,NA
"sigma",18.6,-5.8698263858161,0.00395160628316571,0.967141061530273,5.86714767436892,53.554861799623,TRUE,NA
"sigma",18.61,-5.87201064503524,0.00395124241559142,0.967161004912573,5.86933476030304,53.5905090154074,TRUE,NA
"sigma",18.62,-5.87419453590466,0.00395087684935369,0.967180925694235,5.87152147341886,53.6261614456523,TRUE,NA
"sigma",18.63,-5.87637805867454,0.00395050959023191,0.967200823911789,5.87370781397594,53.6618190884718,TRUE,NA
"sigma",18.64,-5.87856121359477,0.00395014064398858,0.967220699601718,5.87589378223352,53.697481941981,TRUE,NA
"sigma",18.65,-5.88074400091494,0.00394977001632402,0.96724055280036,5.87807937845051,53.7331500042973,TRUE,NA
"sigma",18.66,-5.88292642088436,0.00394939771299185,0.967260383544056,5.88026460288552,53.7688232735393,TRUE,NA
"sigma",18.67,-5.88510847375202,0.00394902373968176,0.96728019186904,5.88244945579683,53.804501747828,TRUE,NA
"sigma",18.68,-5.88729015976665,0.00394864810207363,0.967299977811451,5.88463393744241,53.8401854252854,TRUE,NA
"sigma",18.69,-5.88947147917666,0.00394827080582871,0.967319741407376,5.88681804807991,53.8758743040355,TRUE,NA
"sigma",18.7,-5.8916524322302,0.00394789185660294,0.967339482692815,5.88900178796666,53.9115683822041,TRUE,NA
"sigma",18.71,-5.89383301917509,0.00394751126001314,0.967359201703705,5.89118515735968,53.9472676579187,TRUE,NA
"sigma",18.72,-5.89601324025889,0.00394712902168148,0.967378898475903,5.89336815651568,53.9829721293083,TRUE,NA
"sigma",18.73,-5.89819309572886,0.00394674514718929,0.967398573045199,5.89555078569106,54.0186817945038,TRUE,NA
"sigma",18.74,-5.90037258583197,0.00394635964213208,0.967418225447294,5.89773304514187,54.0543966516376,TRUE,NA
"sigma",18.75,-5.90255171081489,0.00394597251206008,0.9674378557178,5.89991493512391,54.0901166988439,TRUE,NA
"sigma",18.76,-5.90473047092401,0.00394558376252974,0.967457463892321,5.90209645589262,54.1258419342587,TRUE,NA
"sigma",18.77,-5.90690886640545,0.00394519339903887,0.967477050006301,5.90427760770313,54.1615723560195,TRUE,NA
"sigma",18.78,-5.90908689750501,0.00394480142711107,0.96749661409517,5.90645839081028,54.1973079622655,TRUE,NA
"sigma",18.79,-5.91126456446823,0.00394440785224504,0.96751615619429,5.9086388054686,54.233048751138,TRUE,NA
"sigma",18.8,-5.91344186754034,0.0039440126799164,0.967535676338904,5.91081885193227,54.2687947207791,TRUE,NA
"sigma",18.81,-5.91561880696629,0.00394361591556525,0.967555174564199,5.91299853045522,54.3045458693334,TRUE,NA
"sigma",18.82,-5.91779538299077,0.00394321756464322,0.967574650905312,5.91517784129102,54.340302194947,TRUE,NA
"sigma",18.83,-5.91997159585814,0.00394281763257087,0.967594105397272,5.91735678469297,54.3760636957673,TRUE,NA
"sigma",18.84,-5.92214744581251,0.0039424161247803,0.967613538075102,5.91953536091403,54.4118303699438,TRUE,NA
"sigma",18.85,-5.92432293309769,0.00394201304662367,0.967632948973655,5.92171357020687,54.4476022156274,TRUE,NA
"sigma",18.86,-5.92649805795722,0.00394160840348157,0.967652338127771,5.92389141282386,54.4833792309708,TRUE,NA
"sigma",18.87,-5.92867282063432,0.00394120220073724,0.967671705572254,5.92606888901704,54.5191614141282,TRUE,NA
"sigma",18.88,-5.93084722137198,0.00394079444372331,0.967691051341749,5.92824599903817,54.5549487632558,TRUE,NA
"sigma",18.89,-5.93302126041287,0.00394038513774664,0.967710375470883,5.93042274313868,54.5907412765112,TRUE,NA
"sigma",18.9,-5.93519493799938,0.00393997428812742,0.967729677994201,5.93259912156971,54.6265389520536,TRUE,NA
"sigma",18.91,-5.93736825437364,0.00393956190015476,0.96774895894619,5.93477513458211,54.662341788044,TRUE,NA
"sigma",18.92,-5.93954120977748,0.00393914797910977,0.967768218361246,5.93695078242639,54.698149782645,TRUE,NA
"sigma",18.93,-5.94171380445244,0.00393873253024157,0.9677874562737,5.93912606535279,54.7339629340208,TRUE,NA
"sigma",18.94,-5.94388603863982,0.00393831555881263,0.967806672717829,5.94130098361123,54.7697812403375,TRUE,NA
"sigma",18.95,-5.94605791258059,0.00393789707002234,0.967825867727822,5.94347553745132,54.8056046997624,TRUE,NA
"sigma",18.96,-5.94822942651547,0.00393747706910208,0.967845041337769,5.9456497271224,54.8414333104648,TRUE,NA
"sigma",18.97,-5.95040058068492,0.0039370555612388,0.967864193581772,5.94782355287349,54.8772670706155,TRUE,NA
"sigma",18.98,-5.95257137532906,0.00393663255161325,0.967883324493792,5.94999701495329,54.913105978387,TRUE,NA
"sigma",18.99,-5.95474181068779,0.00393620804537953,0.967902434107736,5.95217011361023,54.9489500319535,TRUE,NA
"sigma",19,-5.9569118870007,0.0039357820477175,0.967921522457469,5.95434284909244,54.9847992294903,TRUE,NA
"sigma",19.01,-5.95908160450713,0.00393535456371019,0.967940589576741,5.95651522164773,55.0206535691754,TRUE,NA
"sigma",19.02,-5.96125096344611,0.00393492559849751,0.967959635499263,5.95868723152361,55.0565130491873,TRUE,NA
"sigma",19.03,-5.96341996405642,0.00393449515718736,0.96797866025868,5.96085887896733,55.0923776677068,TRUE,NA
"sigma",19.04,-5.96558860657656,0.00393406324485213,0.967997663888562,5.9630301642258,55.1282474229163,TRUE,NA
"sigma",19.05,-5.96775689124474,0.00393362986656154,0.968016646422405,5.96520108754565,55.1641223129993,TRUE,NA
"sigma",19.06,-5.96992481829891,0.00393319502736311,0.968035607893615,5.96737164917323,55.2000023361415,TRUE,NA
"sigma",19.07,-5.97209238797674,0.00393275873231769,0.968054548335602,5.96954184935456,55.2358874905298,TRUE,NA
"sigma",19.08,-5.97425960051562,0.00393232098641771,0.968073467781629,5.97171168833539,55.2717777743532,TRUE,NA
"sigma",19.09,-5.97642645615269,0.00393188179468407,0.968092366264922,5.97388116636116,55.307673185802,TRUE,NA
"sigma",19.1,-5.97859295512478,0.00393144116210475,0.968111243818645,5.97605028367704,55.3435737230678,TRUE,NA
"sigma",19.11,-5.98075909766848,0.00393099909365091,0.968130100475884,5.97821904052787,55.3794793843445,TRUE,NA
"sigma",19.12,-5.98292488402009,0.00393055559430877,0.968148936269688,5.98038743715824,55.415390167827,TRUE,NA
"sigma",19.13,-5.98509031441565,0.00393011066899174,0.968167751232988,5.9825554738124,55.4513060717122,TRUE,NA
"sigma",19.14,-5.9872553890909,0.00392966432265052,0.96818654539869,5.98472315073434,55.4872270941981,TRUE,NA
"sigma",19.15,-5.98942010828136,0.00392921656017187,0.968205318799584,5.98689046816775,55.5231532334853,TRUE,NA
"sigma",19.16,-5.99158447222223,0.00392876738649051,0.96822407146846,5.98905742635603,55.5590844877747,TRUE,NA
"sigma",19.17,-5.99374848114847,0.00392831680647632,0.968242803438002,5.99122402554229,55.5950208552698,TRUE,NA
"sigma",19.18,-5.99591213529476,0.00392786482500185,0.968261514740811,5.99339026596934,55.6309623341751,TRUE,NA
"sigma",19.19,-5.9980754348955,0.0039274114469201,0.968280205409478,5.9955561478797,55.666908922697,TRUE,NA
"sigma",19.2,-6.00023838018485,0.00392695667707699,0.968298875476479,5.99772167151563,55.7028606190435,TRUE,NA
"sigma",19.21,-6.00240097139667,0.00392650052027932,0.968317524974218,5.99988683711906,55.7388174214239,TRUE,NA
"sigma",19.22,-6.00456320876459,0.00392604298136412,0.968336153935077,6.00205164493166,55.7747793280494,TRUE,NA
"sigma",19.23,-6.00672509252192,0.00392558406511512,0.968354762391348,6.00421609519481,55.8107463371326,TRUE,NA
"sigma",19.24,-6.00888662290175,0.00392512377630272,0.968373350375246,6.00638018814957,55.8467184468878,TRUE,NA
"sigma",19.25,-6.01104780013687,0.00392466211971243,0.968391917918943,6.00854392403676,55.8826956555305,TRUE,NA
"sigma",19.26,-6.01320862445985,0.00392419910009334,0.968410465054542,6.0107073030969,55.9186779612784,TRUE,NA
"sigma",19.27,-6.01536909610292,0.00392373472216878,0.968428991814066,6.01287032557019,55.9546653623501,TRUE,NA
"sigma",19.28,-6.01752921529812,0.0039232689906763,0.968447498229485,6.01503299169659,55.9906578569666,TRUE,NA
"sigma",19.29,-6.01968898227719,0.0039228019103188,0.968465984332692,6.01719530171576,56.0266554433496,TRUE,NA
"sigma",19.3,-6.02184839727161,0.00392233348579918,0.968484450155568,6.01935725586705,56.0626581197228,TRUE,NA
"sigma",19.31,-6.02400746051258,0.00392186372179903,0.968502895729846,6.02151885438957,56.0986658843113,TRUE,NA
"sigma",19.32,-6.02616617223106,0.00392139262295998,0.968521321087221,6.02368009752213,56.1346787353421,TRUE,NA
"sigma",19.33,-6.02832453265775,0.00392092019394763,0.968539726259377,6.02584098550322,56.1706966710434,TRUE,NA
"sigma",19.34,-6.03048254202307,0.00392044643941514,0.968558111277902,6.02800151857111,56.2067196896452,TRUE,NA
"sigma",19.35,-6.03264020055717,0.00391997136396594,0.968576476174284,6.03016169696375,56.2427477893786,TRUE,NA
"sigma",19.36,-6.03479750848996,0.00391949497221589,0.96859482098,6.0323215209188,56.2787809684768,TRUE,NA
"sigma",19.37,-6.03695446605109,0.00391901726876309,0.968613145726428,6.03448099067368,56.3148192251743,TRUE,NA
"sigma",19.38,-6.03911107346993,0.00391853825817368,0.968631450444898,6.03664010646549,56.3508625577073,TRUE,NA
"sigma",19.39,-6.04126733097559,0.00391805794503419,0.96864973516669,6.03879886853106,56.3869109643131,TRUE,NA
"sigma",19.4,-6.04342323879695,0.00391757633389567,0.968667999922992,6.04095727710696,56.4229644432313,TRUE,NA
"sigma",19.41,-6.04557879716259,0.0039170934292887,0.968686244744955,6.04311533242945,56.4590229927021,TRUE,NA
"sigma",19.42,-6.04773400630086,0.003916609235743,0.968704469663643,6.04527303473454,56.495086610968,TRUE,NA
"sigma",19.43,-6.04988886643984,0.00391612375776518,0.968722674710087,6.04743038425794,56.5311552962728,TRUE,NA
"sigma",19.44,-6.05204337780733,0.0039156369998663,0.968740859915241,6.0495873812351,56.5672290468617,TRUE,NA
"sigma",19.45,-6.05419754063092,0.00391514896652545,0.968759025309976,6.05174402590118,56.6033078609816,TRUE,NA
"sigma",19.46,-6.05635135513791,0.00391465966220039,0.968777170925131,6.05390031849106,56.639391736881,TRUE,NA
"sigma",19.47,-6.05850482155534,0.00391416909135689,0.968795296791476,6.05605625923936,56.6754806728095,TRUE,NA
"sigma",19.48,-6.06065794011,0.00391367725845804,0.968813402939723,6.05821184838043,56.7115746670186,TRUE,NA
"sigma",19.49,-6.06281071102844,0.003913184167887,0.968831489400481,6.06036708614829,56.7476737177614,TRUE,NA
"sigma",19.5,-6.06496313453694,0.00391268982412551,0.96884955620441,6.06252197277676,56.7837778232922,TRUE,NA
"sigma",19.51,-6.0671152108615,0.00391219423152211,0.968867603381936,6.06467650849933,56.8198869818671,TRUE,NA
"sigma",19.52,-6.06926694022791,0.00391169739447594,0.968885630963579,6.06683069354925,56.8560011917435,TRUE,NA
"sigma",19.53,-6.07141832286167,0.00391119931737816,0.968903638979707,6.06898452815948,56.8921204511805,TRUE,NA
"sigma",19.54,-6.07356935898804,0.00391070000460303,0.968921627460717,6.07113801256272,56.9282447584385,TRUE,NA
"sigma",19.55,-6.07572004883203,0.00391019946046889,0.96893959643681,6.07329114699136,56.9643741117796,TRUE,NA
"sigma",19.56,-6.07787039261839,0.00390969768933047,0.968957545938242,6.07544393167757,57.0005085094674,TRUE,NA
"sigma",19.57,-6.08002039057163,0.00390919469551587,0.968975475995181,6.07759636685322,57.0366479497668,TRUE,NA
"sigma",19.58,-6.08217004291597,0.00390869048332032,0.968993386637689,6.07974845274991,57.0727924309445,TRUE,NA
"sigma",19.59,-6.08431934987541,0.00390818505705592,0.96901127789584,6.08190018959897,57.1089419512685,TRUE,NA
"sigma",19.6,-6.08646831167371,0.00390767842100281,0.969029149799596,6.08405157763147,57.1450965090083,TRUE,NA
"sigma",19.61,-6.08861692853433,0.00390717057942069,0.96904700237886,6.08620261707819,57.181256102435,TRUE,NA
"sigma",19.62,-6.09076520068054,0.00390666153658348,0.969064835663515,6.08835330816966,57.2174207298211,TRUE,NA
"sigma",19.63,-6.09291312833529,0.00390615129673577,0.969082649683338,6.09050365113614,57.2535903894408,TRUE,NA
"sigma",19.64,-6.09506071172135,0.00390563986410886,0.969100444468086,6.09265364620759,57.2897650795693,TRUE,NA
"sigma",19.65,-6.09720795106119,0.00390512724290826,0.969118220047423,6.09480329361376,57.3259447984839,TRUE,NA
"sigma",19.66,-6.09935484657704,0.00390461343735282,0.969135976450986,6.09695259358408,57.3621295444631,TRUE,NA
"sigma",19.67,-6.10150139849091,0.00390409845163475,0.969153713708323,6.09910154634774,57.3983193157866,TRUE,NA
"sigma",19.68,-6.10364760702452,0.00390358228994359,0.969171431848941,6.10125015213365,57.4345141107363,TRUE,NA
"sigma",19.69,-6.10579347239936,0.0039030649564511,0.969189130902302,6.10339841117046,57.4707139275948,TRUE,NA
"sigma",19.7,-6.10793899483669,0.00390254645529353,0.969206810897763,6.10554632368657,57.5069187646468,TRUE,NA
"sigma",19.71,-6.11008417455748,0.00390202679062845,0.969224471864674,6.10769388991007,57.5431286201779,TRUE,NA
"sigma",19.72,-6.1122290117825,0.00390150596657701,0.969242113832298,6.10984111006885,57.5793434924758,TRUE,NA
"sigma",19.73,-6.11437350673224,0.00390098398727901,0.969259736829847,6.11198798439047,57.6155633798292,TRUE,NA
"sigma",19.74,-6.11651765962694,0.00390046085682005,0.969277340886465,6.11413451310226,57.6517882805284,TRUE,NA
"sigma",19.75,-6.11866147068663,0.00389993657930887,0.96929492603127,6.1162806964313,57.6880181928653,TRUE,NA
"sigma",19.76,-6.12080494013107,0.00389941115880976,0.969312492293288,6.11842653460436,57.724253115133,TRUE,NA
"sigma",19.77,-6.12294806817976,0.00389888459939058,0.969330039701488,6.12057202784799,57.7604930456264,TRUE,NA
"sigma",19.78,-6.12509085505199,0.0038983569051414,0.969347568284826,6.12271717638848,57.7967379826416,TRUE,NA
"sigma",19.79,-6.12723330096677,0.0038978280800821,0.969365078072152,6.12486198045182,57.8329879244762,TRUE,NA
"sigma",19.8,-6.1293754061429,0.0038972981282317,0.969382569092246,6.12700644026376,57.8692428694295,TRUE,NA
"sigma",19.81,-6.13151717079891,0.00389676705364206,0.969400041373914,6.12915055604981,57.905502815802,TRUE,NA
"sigma",19.82,-6.13365859515309,0.00389623486031176,0.969417494945826,6.13129432803517,57.9417677618955,TRUE,NA
"sigma",19.83,-6.13579967942351,0.00389570155220831,0.969434929836605,6.13343775644484,57.9780377060139,TRUE,NA
"sigma",19.84,-6.13794042382798,0.00389516713335603,0.969452346074871,6.13558084150352,58.0143126464617,TRUE,NA
"sigma",19.85,-6.14008082858404,0.00389463160769843,0.969469743689114,6.13772358343564,58.0505925815454,TRUE,NA
"sigma",19.86,-6.14222089390903,0.00389409497921012,0.969487122707834,6.13986598246541,58.0868775095728,TRUE,NA
"sigma",19.87,-6.14436062002005,0.00389355725183815,0.969504483159431,6.14200803881677,58.1231674288534,TRUE,NA
"sigma",19.88,-6.14650000713394,0.00389301842951006,0.969521825072264,6.14414975271337,58.1594623376976,TRUE,NA
"sigma",19.89,-6.14863905546729,0.00389247851616137,0.969539148474638,6.14629112437866,58.1957622344178,TRUE,NA
"sigma",19.9,-6.15077776523646,0.00389193751569206,0.969556453394801,6.14843215403577,58.2320671173274,TRUE,NA
"sigma",19.91,-6.15291613665758,0.00389139543201722,0.969573739860948,6.15057284190762,58.2683769847415,TRUE,NA
"sigma",19.92,-6.15505416994654,0.0038908522690031,0.969591007901193,6.15271318821686,58.3046918349764,TRUE,NA
"sigma",19.93,-6.15719186531896,0.00389030803056656,0.969608257543663,6.15485319318587,58.3410116663502,TRUE,NA
"sigma",19.94,-6.15932922299028,0.00388976272053476,0.969625488816337,6.15699285703681,58.3773364771821,TRUE,NA
"sigma",19.95,-6.16146624317563,0.00388921634277573,0.969642701747195,6.15913217999153,58.413666265793,TRUE,NA
"sigma",19.96,-6.16360292608996,0.00388866890112638,0.969659896364182,6.16127116227168,58.4500010305049,TRUE,NA
"sigma",19.97,-6.16573927194796,0.00388812039943254,0.969677072695133,6.16340980409863,58.4863407696415,TRUE,NA
"sigma",19.98,-6.16787528096407,0.00388757084150537,0.96969423076785,6.16554810569349,58.5226854815278,TRUE,NA
"sigma",19.99,-6.17001095335252,0.00388702023113563,0.969711370610104,6.16768606727713,58.5590351644902,TRUE,NA
"sigma",20,-6.17214628932729,0.00388646857214336,0.969728492249574,6.16982368907017,58.5953898168567,TRUE,NA
"sigma",20.01,-6.1742812891021,0.00388591586830866,0.969745595713928,6.17196097129296,58.6317494369564,TRUE,NA
"sigma",20.02,-6.17641595289048,0.00388536212338408,0.969762681030716,6.17409791416562,58.6681140231201,TRUE,NA
"sigma",20.03,-6.17855028090569,0.00388480734116925,0.969779748227522,6.17623451790801,58.7044835736799,TRUE,NA
"sigma",20.04,-6.18068427336078,0.00388425152538119,0.969796797331794,6.17837078273972,58.7408580869694,TRUE,NA
"sigma",20.05,-6.18281793046853,0.00388369467976446,0.969813828370963,6.18050670888011,58.7772375613233,TRUE,NA
"sigma",20.06,-6.18495125244152,0.00388313680807251,0.969830841372413,6.18264229654829,58.8136219950781,TRUE,NA
"sigma",20.07,-6.18708423949209,0.00388257791399393,0.969847836363464,6.18477754596313,58.8500113865716,TRUE,NA
"sigma",20.08,-6.18921689183233,0.00388201800124843,0.969864813371381,6.18691245734319,58.8864057341428,TRUE,NA
"sigma",20.09,-6.19134920967411,0.00388145707352283,0.969881772423375,6.18904703090687,58.9228050361324,TRUE,NA
"sigma",20.1,-6.19348119322906,0.00388089513451106,0.969898713546609,6.19118126687226,58.9592092908822,TRUE,NA
"sigma",20.11,-6.19561284270858,0.00388033218786799,0.969915636768177,6.19331516545723,58.9956184967356,TRUE,NA
"sigma",20.12,-6.19774415832384,0.00387976823728131,0.969932542115175,6.19544872687937,59.0320326520375,TRUE,NA
"sigma",20.13,-6.19987514028578,0.00387920328639169,0.969949429614573,6.19758195135607,59.0684517551338,TRUE,NA
"sigma",20.14,-6.2020057888051,0.00387863733882554,0.969966299293318,6.19971483910443,59.104875804372,TRUE,NA
"sigma",20.15,-6.20413610409227,0.00387807039821197,0.969983151178325,6.20184739034132,59.1413047981013,TRUE,NA
"sigma",20.16,-6.20626608635754,0.00387750246819785,0.969999985296436,6.20397960528337,59.1777387346718,TRUE,NA
"sigma",20.17,-6.20839573581092,0.00387693355236518,0.970016801674455,6.20611148414696,59.2141776124353,TRUE,NA
"sigma",20.18,-6.2105250526622,0.00387636365429689,0.970033600339067,6.20824302714821,59.250621429745,TRUE,NA
"sigma",20.19,-6.21265403712091,0.00387579277761585,0.970050381317034,6.21037423450302,59.2870701849549,TRUE,NA
"sigma",20.2,-6.2147826893964,0.00387522092587478,0.970067144634961,6.21250510642704,59.3235238764213,TRUE,NA
"sigma",20.21,-6.21691100969775,0.00387464810263793,0.970083890319442,6.21463564313564,59.3599825025012,TRUE,NA
"sigma",20.22,-6.21903899823383,0.00387407431146247,0.970100618396995,6.216765844844,59.3964460615533,TRUE,NA
"sigma",20.23,-6.22116665521327,0.00387349955587979,0.970117328894115,6.21889571176701,59.4329145519376,TRUE,NA
"sigma",20.24,-6.22329398084448,0.00387292383944082,0.970134021837226,6.22102524411935,59.4693879720153,TRUE,NA
"sigma",20.25,-6.22542097533565,0.00387234716565654,0.970150697252726,6.22315444211545,59.5058663201492,TRUE,NA
"sigma",20.26,-6.22754763889473,0.00387176953804946,0.970167355166942,6.22528330596949,59.5423495947034,TRUE,NA
"sigma",20.27,-6.22967397172945,0.00387119096009236,0.970183995606109,6.2274118358954,59.5788377940434,TRUE,NA
"sigma",20.28,-6.2317999740473,0.00387061143530332,0.970200618596508,6.2295400321069,59.6153309165361,TRUE,NA
"sigma",20.29,-6.23392564605558,0.00387003096714533,0.970217224164289,6.23166789481743,59.6518289605495,TRUE,NA
"sigma",20.3,-6.2360509879613,0.00386944955908231,0.970233812335577,6.2337954242402,59.6883319244533,TRUE,NA
"sigma",20.31,-6.23817599997131,0.00386886721460389,0.970250383136477,6.23592262058821,59.7248398066181,TRUE,NA
"sigma",20.32,-6.24030068229221,0.00386828393712424,0.970266936592968,6.23804948407419,59.7613526054167,TRUE,NA
"sigma",20.33,-6.24242503513037,0.0038676997300966,0.970283472731053,6.24017601491063,59.7978703192225,TRUE,NA
"sigma",20.34,-6.24454905869192,0.00386711459695732,0.970299991576672,6.24230221330981,59.8343929464103,TRUE,NA
"sigma",20.35,-6.24667275318281,0.00386652854110014,0.970316493155662,6.24442807948372,59.8709204853566,TRUE,NA
"sigma",20.36,-6.24879611880872,0.00386594156596054,0.970332977493876,6.24655361364415,59.907452934439,TRUE,NA
"sigma",20.37,-6.25091915577514,0.00386535367491359,0.970349444617077,6.24867881600266,59.9439902920367,TRUE,NA
"sigma",20.38,-6.25304186428732,0.00386476487135035,0.970365894550989,6.25080368677054,59.98053255653,TRUE,NA
"sigma",20.39,-6.2551642445503,0.003864175158653,0.970382327321291,6.25292822615885,60.0170797263006,TRUE,NA
"sigma",20.4,-6.25728629676887,0.00386358454018687,0.970398742953615,6.25505243437844,60.0536317997317,TRUE,NA
"sigma",20.41,-6.25940802114764,0.00386299301930837,0.97041514147352,6.2571763116399,60.0901887752076,TRUE,NA
"sigma",20.42,-6.26152941789096,0.00386240059935883,0.97043152290656,6.25929985815358,60.126750651114,TRUE,NA
"sigma",20.43,-6.26365048720298,0.00386180728367957,0.970447887278201,6.26142307412963,60.1633174258383,TRUE,NA
"sigma",20.44,-6.26577122928762,0.0038612130756146,0.970464234613872,6.2635459597779,60.1998890977686,TRUE,NA
"sigma",20.45,-6.26789164434859,0.00386061797845993,0.970480564938974,6.26566851530807,60.2364656652949,TRUE,NA
"sigma",20.46,-6.27001173258935,0.00386002199551339,0.970496878278794,6.26779074092954,60.2730471268081,TRUE,NA
"sigma",20.47,-6.27213149421318,0.0038594251300923,0.970513174658669,6.26991263685151,60.3096334807009,TRUE,NA
"sigma",20.48,-6.27425092942311,0.00385882738546695,0.970529454103787,6.27203420328291,60.346224725367,TRUE,NA
"sigma",20.49,-6.27637003842198,0.00385822876494668,0.970545716639368,6.27415544043249,60.3828208592012,TRUE,NA
"sigma",20.5,-6.27848882141238,0.00385762927175648,0.970561962290528,6.27627634850869,60.4194218806004,TRUE,NA
"sigma",20.51,-6.2806072785967,0.00385702890918438,0.970578191082376,6.2783969277198,60.4560277879619,TRUE,NA
"sigma",20.52,-6.2827254101771,0.00385642768046424,0.970594403039952,6.28051717827382,60.4926385796851,TRUE,NA
"sigma",20.53,-6.28484321635553,0.00385582558884145,0.970610598188252,6.28263710037854,60.5292542541703,TRUE,NA
"sigma",20.54,-6.28696069733374,0.00385522263753924,0.970626776552192,6.28475669424152,60.5658748098193,TRUE,NA
"sigma",20.55,-6.28907785331321,0.00385461882977722,0.970642938156703,6.28687596007006,60.6025002450349,TRUE,NA
"sigma",20.56,-6.29119468449527,0.00385401416877595,0.970659083026638,6.28899489807129,60.6391305582217,TRUE,NA
"sigma",20.57,-6.29331119108097,0.00385340865772665,0.970675211186799,6.29111350845204,60.6757657477851,TRUE,NA
"sigma",20.58,-6.29542737327119,0.00385280229981699,0.970691322661903,6.29323179141896,60.7124058121323,TRUE,NA
"sigma",20.59,-6.29754323126657,0.00385219509824086,0.970707417476732,6.29534974717845,60.7490507496715,TRUE,NA
"sigma",20.6,-6.29965876526754,0.0038515870561513,0.970723495655889,6.29746737593669,60.7857005588123,TRUE,NA
"sigma",20.61,-6.30177397547432,0.00385097817671909,0.970739557224009,6.29958467789961,60.8223552379656,TRUE,NA
"sigma",20.62,-6.30388886208692,0.00385036846310349,0.970755602205653,6.30170165327293,60.8590147855436,TRUE,NA
"sigma",20.63,-6.30600342530511,0.00384975791844422,0.970771630625363,6.30381830226214,60.8956791999599,TRUE,NA
"sigma",20.64,-6.30811766532847,0.00384914654586677,0.970787642507591,6.3059346250725,60.9323484796293,TRUE,NA
"sigma",20.65,-6.31023158235635,0.00384853434851085,0.970803637876785,6.30805062190904,60.9690226229676,TRUE,NA
"sigma",20.66,-6.31234517658791,0.00384792132946732,0.97081961675729,6.31016629297656,61.0057016283928,TRUE,NA
"sigma",20.67,-6.31445844822207,0.00384730749186257,0.970835579173473,6.31228163847964,61.0423854943231,TRUE,NA
"sigma",20.68,-6.31657139745753,0.00384669283879546,0.970851525149614,6.31439665862264,61.0790742191788,TRUE,NA
"sigma",20.69,-6.31868402449284,0.00384607737334708,0.970867454709969,6.31651135360969,61.1157678013812,TRUE,NA
"sigma",20.7,-6.32079632952624,0.00384546109860651,0.970883367878738,6.31862572364467,61.1524662393525,TRUE,NA
"sigma",20.71,-6.32290831275585,0.00384484401761842,0.970899264680029,6.32073976893126,61.1891695315171,TRUE,NA
"sigma",20.72,-6.3250199743795,0.0038442261334648,0.970915145137989,6.32285348967291,61.2258776762998,TRUE,NA
"sigma",20.73,-6.32713131459489,0.00384360744917256,0.970931009276633,6.32496688607285,61.2625906721275,TRUE,NA
"sigma",20.74,-6.32924233359943,0.0038429879678219,0.970946857120028,6.32707995833408,61.2993085174273,TRUE,NA
"sigma",20.75,-6.33135303159038,0.0038423676924193,0.97096268869212,6.32919270665937,61.3360312106288,TRUE,NA
"sigma",20.76,-6.33346340876474,0.00384174662600056,0.970978504016826,6.33130513125127,61.3727587501619,TRUE,NA
"sigma",20.77,-6.33557346531934,0.00384112477155085,0.970994303118026,6.33341723231211,61.4094911344587,TRUE,NA
"sigma",20.78,-6.33768320145078,0.00384050213212728,0.971010086019553,6.33552901004402,61.4462283619515,TRUE,NA
"sigma",20.79,-6.33979261735545,0.00383987871068481,0.971025852745185,6.33764046464886,61.4829704310748,TRUE,NA
"sigma",20.8,-6.34190171322954,0.00383925451023615,0.971041603318678,6.33975159632829,61.5197173402639,TRUE,NA
"sigma",20.81,-6.34401048926902,0.00383862953374337,0.971057337763715,6.34186240528376,61.5564690879554,TRUE,NA
"sigma",20.82,-6.34611894566966,0.0038380037841943,0.971073056103966,6.34397289171648,61.5932256725875,TRUE,NA
"sigma",20.83,-6.34822708262702,0.00383737726452882,0.971088758363013,6.34608305582745,61.6299870925993,TRUE,NA
"sigma",20.84,-6.35033490033646,0.00383674997770989,0.971104444564431,6.34819289781745,61.6667533464314,TRUE,NA
"sigma",20.85,-6.3524423989931,0.00383612192669425,0.971120114731755,6.35030241788704,61.7035244325254,TRUE,NA
"sigma",20.86,-6.3545495787919,0.00383549311440667,0.971135768888447,6.35241161623655,61.7403003493244,TRUE,NA
"sigma",20.87,-6.35665643992757,0.00383486354377105,0.971151407057927,6.35452049306609,61.7770810952727,TRUE,NA
"sigma",20.88,-6.35876298259464,0.00383423321771126,0.971167029263576,6.35662904857557,61.813866668816,TRUE,NA
"sigma",20.89,-6.36086920698743,0.00383360213914052,0.97118263552875,6.35873728296465,61.8506570684009,TRUE,NA
"sigma",20.9,-6.36297511330003,0.00383297031094454,0.97119822587675,6.36084519643281,61.8874522924758,TRUE,NA
"sigma",20.91,-6.36508070172637,0.00383233773603742,0.971213800330824,6.36295278917927,61.9242523394896,TRUE,NA
"sigma",20.92,-6.36718597246013,0.00383170441728353,0.971229358914191,6.36506006140307,61.9610572078931,TRUE,NA
"sigma",20.93,-6.3692909256948,0.00383107035755703,0.971244901649974,6.36716701330301,61.9978668961384,TRUE,NA
"sigma",20.94,-6.37139556162369,0.00383043555974982,0.971260428561352,6.36927364507767,62.0346814026781,TRUE,NA
"sigma",20.95,-6.37349988043985,0.00382980002669342,0.971275939671369,6.37137995692542,62.0715007259669,TRUE,NA
"sigma",20.96,-6.37560388233619,0.00382916376125308,0.971291435003083,6.37348594904443,62.1083248644604,TRUE,NA
"sigma",20.97,-6.37770756750537,0.00382852676625411,0.971306914579459,6.37559162163263,62.1451538166154,TRUE,NA
"sigma",20.98,-6.37981093613986,0.00382788904454845,0.971322378423465,6.37769697488773,62.1819875808898,TRUE,NA
"sigma",20.99,-6.38191398843193,0.00382725059894273,0.971337826558005,6.37980200900725,62.2188261557432,TRUE,NA
"sigma",21,-6.38401672457364,0.00382661143226315,0.971353259005927,6.38190672418848,62.255669539636,TRUE,NA
"sigma",21.01,-6.38611914475685,0.00382597154733677,0.971368675790088,6.38401112062848,62.29251773103,TRUE,NA
"sigma",21.02,-6.38822124917323,0.00382533094691784,0.971384076933218,6.38611519852413,62.3293707283885,TRUE,NA
"sigma",21.03,-6.39032303801423,0.00382468963382632,0.971399462458079,6.38821895807207,62.3662285301755,TRUE,NA
"sigma",21.04,-6.39242451147111,0.00382404761083599,0.971414832387355,6.39032239946873,62.4030911348569,TRUE,NA
"sigma",21.05,-6.39452566973491,0.00382340488074728,0.971430186743716,6.39242552291032,62.4399585408989,TRUE,NA
"sigma",21.06,-6.39662651299651,0.00382276144629046,0.971445525549738,6.39452832859288,62.47683074677,TRUE,NA
"sigma",21.07,-6.39872704144653,0.00382211731025173,0.971460848828005,6.39663081671217,62.5137077509392,TRUE,NA
"sigma",21.08,-6.40082725527544,0.00382147247536846,0.971476156601045,6.39873298746378,62.5505895518769,TRUE,NA
"sigma",21.09,-6.40292715467348,0.00382082694437447,0.971491448891309,6.40083484104308,62.5874761480551,TRUE,NA
"sigma",21.1,-6.4050267398307,0.00382018072000179,0.971506725721254,6.40293637764523,62.6243675379465,TRUE,NA
"sigma",21.11,-6.40712601093696,0.0038195338050091,0.971521987113291,6.40503759746517,62.661263720025,TRUE,NA
"sigma",21.12,-6.40922496818191,0.00381888620208048,0.971537233089764,6.40713850069763,62.6981646927665,TRUE,NA
"sigma",21.13,-6.41132361175499,0.00381823791394886,0.971552463672977,6.40923908753715,62.7350704546471,TRUE,NA
"sigma",21.14,-6.41342194184545,0.00381758894329476,0.971567678885209,6.41133935817801,62.7719810041448,TRUE,NA
"sigma",21.15,-6.41551995864237,0.00381693929282356,0.971582878748685,6.41343931281433,62.8088963397387,TRUE,NA
"sigma",21.16,-6.41761766233458,0.00381628896523178,0.971598063285605,6.41553895164001,62.8458164599088,TRUE,NA
"sigma",21.17,-6.41971505311075,0.00381563796317064,0.971613232518095,6.41763827484871,62.8827413631368,TRUE,NA
"sigma",21.18,-6.42181213115933,0.00381498628932775,0.971628386468277,6.41973728263393,62.9196710479052,TRUE,NA
"sigma",21.19,-6.4239088966686,0.00381433394636144,0.971643525158219,6.42183597518891,62.9566055126981,TRUE,NA
"sigma",21.2,-6.42600534982661,0.00381368093693002,0.971658648609944,6.42393435270672,62.9935447560003,TRUE,NA
"sigma",21.21,-6.42810149082123,0.0038130272636705,0.971673756845399,6.42603241538018,63.0304887762982,TRUE,NA
"sigma",21.22,-6.43019731984014,0.0038123729292332,0.971688849886581,6.42813016340196,63.0674375720794,TRUE,NA
"sigma",21.23,-6.4322928370708,0.0038117179362418,0.97170392775536,6.43022759696448,63.1043911418325,TRUE,NA
"sigma",21.24,-6.43438804270051,0.00381106228732708,0.971718990473607,6.43232471625996,63.1413494840474,TRUE,NA
"sigma",21.25,-6.43648293691635,0.00381040598510296,0.971734038063141,6.43442152148042,63.1783125972154,TRUE,NA
"sigma",21.26,-6.4385775199052,0.00380974903215314,0.971749070545729,6.43651801281766,63.2152804798287,TRUE,NA
"sigma",21.27,-6.44067179185375,0.00380909143111907,0.971764087943125,6.43861419046329,63.2522531303807,TRUE,NA
"sigma",21.28,-6.44276575294851,0.00380843318455071,0.971779090277,6.44071005460871,63.2892305473664,TRUE,NA
"sigma",21.29,-6.44485940337579,0.00380777429507795,0.971794077569068,6.44280560544512,63.3262127292815,TRUE,NA
"sigma",21.3,-6.44695274332168,0.00380711476523743,0.97180904984089,6.44490084316348,63.363199674623,TRUE,NA
"sigma",21.31,-6.44904577297211,0.00380645459762086,0.971824007114061,6.44699576795459,63.4001913818896,TRUE,NA
"sigma",21.32,-6.45113849251281,0.00380579379477552,0.971838949410134,6.44909038000902,63.4371878495805,TRUE,NA
"sigma",21.33,-6.45323090212928,0.00380513235926294,0.971853876750589,6.45118467951714,63.4741890761964,TRUE,NA
"sigma",21.34,-6.45532300200689,0.00380447029364106,0.971868789156901,6.45327866666912,63.5111950602394,TRUE,NA
"sigma",21.35,-6.45741479233076,0.00380380760044474,0.971883686650476,6.45537234165492,63.5482058002122,TRUE,NA
"sigma",21.36,-6.45950627328584,0.00380314428218309,0.971898569252702,6.45746570466429,63.5852212946192,TRUE,NA
"sigma",21.37,-6.46159744505691,0.0038024803413963,0.971913436984918,6.45955875588682,63.6222415419662,TRUE,NA
"sigma",21.38,-6.46368830782852,0.00380181578061833,0.971928289868398,6.46165149551183,63.6592665407592,TRUE,NA
"sigma",21.39,-6.46577886178504,0.00380115060234587,0.971943127924451,6.46374392372848,63.6962962895064,TRUE,NA
"sigma",21.4,-6.46786910711066,0.00380048480905337,0.971957951174251,6.46583604072571,63.7333307867166,TRUE,NA
"sigma",21.41,-6.46995904398939,0.00379981840328369,0.971972759639024,6.46792784669229,63.7703700309002,TRUE,NA
"sigma",21.42,-6.472048672605,0.00379915138749976,0.971987553339893,6.47001934181675,63.8074140205681,TRUE,NA
"sigma",21.43,-6.47413799314112,0.00379848376417691,0.972002332297945,6.47211052628742,63.8444627542334,TRUE,NA
"sigma",21.44,-6.47622700578116,0.00379781553579228,0.972017096534268,6.47420140029247,63.8815162304094,TRUE,NA
"sigma",21.45,-6.47831571070837,0.00379714670481501,0.972031846069887,6.47629196401983,63.918574447611,TRUE,NA
"sigma",21.46,-6.48040410810576,0.00379647727370003,0.972046580925769,6.47838221765723,63.9556374043542,TRUE,NA
"sigma",21.47,-6.48249219815621,0.00379580724490935,0.972061301122905,6.48047216139222,63.9927050991562,TRUE,NA
"sigma",21.48,-6.48457998104236,0.00379513662087128,0.972076006682173,6.48256179541214,64.0297775305355,TRUE,NA
"sigma",21.49,-6.48666745694671,0.0037944654040194,0.972090697624448,6.48465111990413,64.0668546970116,TRUE,NA
"sigma",21.5,-6.48875462605151,0.00379379359680598,0.972105373970569,6.48674013505513,64.103936597105,TRUE,NA
"sigma",21.51,-6.49084148853889,0.00379312120164155,0.972120035741356,6.48882884105189,64.1410232293379,TRUE,NA
"sigma",21.52,-6.49292804459073,0.00379244822094815,0.972134682957532,6.49091723808095,64.1781145922329,TRUE,NA
"sigma",21.53,-6.49501429438877,0.00379177465710523,0.972149315639808,6.49300532632865,64.2152106843146,TRUE,NA
"sigma",21.54,-6.49710023811454,0.00379110051255171,0.972163933808918,6.49509310598116,64.2523115041081,TRUE,NA
"sigma",21.55,-6.49918587594938,0.00379042578964572,0.972178537485437,6.49718057722441,64.2894170501401,TRUE,NA
"sigma",21.56,-6.50127120807445,0.003789750490796,0.972193126690023,6.49926774024415,64.326527320938,TRUE,NA
"sigma",21.57,-6.50335623467073,0.00378907461839706,0.972207701443242,6.50135459522596,64.3636423150307,TRUE,NA
"sigma",21.58,-6.50544095591899,0.00378839817479193,0.972222261765582,6.50344114235518,64.4007620309483,TRUE,NA
"sigma",21.59,-6.50752537199985,0.00378772116235648,0.972236807677579,6.50552738181697,64.4378864672219,TRUE,NA
"sigma",21.6,-6.5096094830937,0.00378704358346482,0.972251339199682,6.50761331379631,64.4750156223836,TRUE,NA
"sigma",21.61,-6.51169328938079,0.00378636544044486,0.972265856352296,6.50969893847796,64.5121494949669,TRUE,NA
"sigma",21.62,-6.51377679104115,0.00378568673565916,0.972280359155786,6.51178425604649,64.5492880835065,TRUE,NA
"sigma",21.63,-6.51585998825465,0.00378500747143384,0.972294847630522,6.5138692666863,64.586431386538,TRUE,NA
"sigma",21.64,-6.51794288120093,0.00378432765011993,0.972309321796807,6.51595397058155,64.623579402598,TRUE,NA
"sigma",21.65,-6.52002547005953,0.00378364727402136,0.972323781674911,6.51803836791625,64.660732130225,TRUE,NA
"sigma",21.66,-6.52210775500971,0.00378296634547048,0.97233822728506,6.52012245887418,64.697889567958,TRUE,NA
"sigma",21.67,-6.52418973623061,0.00378228486675614,0.972352658647419,6.52220624363895,64.735051714337,TRUE,NA
"sigma",21.68,-6.52627141390117,0.0037816028402089,0.9723670757822,6.52428972239397,64.7722185679035,TRUE,NA
"sigma",21.69,-6.52835278820012,0.00378092026811938,0.972381478709494,6.52637289532244,64.8093901272004,TRUE,NA
"sigma",21.7,-6.53043385930606,0.00378023715277198,0.972395867449393,6.52845576260741,64.8465663907711,TRUE,NA
"sigma",21.71,-6.53251462739735,0.00377955349644932,0.972410242021933,6.53053832443167,64.8837473571605,TRUE,NA
"sigma",21.72,-6.53459509265222,0.00377886930142601,0.972424602447146,6.53262058097787,64.9209330249146,TRUE,NA
"sigma",21.73,-6.53667525524867,0.00377818456998646,0.972438948744992,6.53470253242846,64.9581233925804,TRUE,NA
"sigma",21.74,-6.53875511536454,0.00377749930437599,0.972453280935404,6.53678417896568,64.9953184587062,TRUE,NA
"sigma",21.75,-6.54083467317752,0.00377681350688253,0.972467599038298,6.5388655207716,65.0325182218414,TRUE,NA
"sigma",21.76,-6.54291392886505,0.00377612717973808,0.97248190307356,6.54094655802808,65.0697226805363,TRUE,NA
"sigma",21.77,-6.54499288260442,0.00377544032517285,0.972496193060968,6.54302729091678,65.1069318333427,TRUE,NA
"sigma",21.78,-6.54707153457278,0.00377475294543927,0.972510469020346,6.54510771961921,65.1441456788132,TRUE,NA
"sigma",21.79,-6.54914988494703,0.00377406504278444,0.972524730971469,6.54718784431667,65.1813642155019,TRUE,NA
"sigma",21.8,-6.55122793390395,0.00377337661938881,0.972538978934017,6.54926766519023,65.2185874419634,TRUE,NA
"sigma",21.81,-6.55330568162009,0.00377268767751548,0.972553212927714,6.55134718242083,65.2558153567542,TRUE,NA
"sigma",21.82,-6.55538312827185,0.00377199821934227,0.972567432972197,6.55342639618919,65.2930479584314,TRUE,NA
"sigma",21.83,-6.55746027403544,0.00377130824710825,0.972581639087093,6.55550530667584,65.3302852455531,TRUE,NA
"sigma",21.84,-6.55953711908691,0.00377061776297172,0.972595831291926,6.55758391406112,65.3675272166791,TRUE,NA
"sigma",21.85,-6.56161366360207,0.00376992676915844,0.972610009606309,6.5596622185252,65.4047738703696,TRUE,NA
"sigma",21.86,-6.56368990775665,0.0037692352678258,0.972624174049717,6.56174022024804,65.4420252051866,TRUE,NA
"sigma",21.87,-6.56576585172611,0.00376854326118803,0.972638324641634,6.56381791940942,65.4792812196928,TRUE,NA
"sigma",21.88,-6.56784149568577,0.00376785075139985,0.972652461401492,6.56589531618894,65.516541912452,TRUE,NA
"sigma",21.89,-6.56991683981078,0.00376715774061243,0.972666584348703,6.56797241076598,65.5538072820294,TRUE,NA
"sigma",21.9,-6.5719918842761,0.00376646423099913,0.972680693502626,6.57004920331977,65.591077326991,TRUE,NA
"sigma",21.91,-6.5740666292565,0.00376577022471292,0.972694788882567,6.57212569402935,65.6283520459041,TRUE,NA
"sigma",21.92,-6.5761410749266,0.00376507572391649,0.972708870507882,6.57420188307355,65.665631437337,TRUE,NA
"sigma",21.93,-6.57821522146082,0.00376438073072283,0.972722938397794,6.57627777063102,65.702915499859,TRUE,NA
"sigma",21.94,-6.58028906903343,0.00376368524729287,0.972736992571548,6.57835335688025,65.7402042320409,TRUE,NA
"sigma",21.95,-6.58236261781847,0.00376298927574314,0.972751033048323,6.58042864199949,65.7774976324542,TRUE,NA
"sigma",21.96,-6.58443586798988,0.00376229281818041,0.972765059847275,6.58250362616687,65.8147956996718,TRUE,NA
"sigma",21.97,-6.58650881972134,0.00376159587675939,0.972779072987566,6.58457830956029,65.8520984322672,TRUE,NA
"sigma",21.98,-6.58858147318644,0.00376089845354777,0.972793072488225,6.58665269235746,65.8894058288157,TRUE,NA
"sigma",21.99,-6.59065382855853,0.00376020055068249,0.97280705836835,6.58872677473593,65.9267178878933,TRUE,NA
"sigma",22,-6.59272588601079,0.00375950217023391,0.972821030646946,6.59080055687307,65.9640346080769,TRUE,NA
"sigma",22.01,-6.59479764571626,0.00375880331432388,0.972834989343027,6.59287403894604,66.0013559879449,TRUE,NA
"sigma",22.02,-6.59686910784778,0.00375810398502274,0.97284893447551,6.59494722113183,66.0386820260765,TRUE,NA
"sigma",22.03,-6.59894027257802,0.00375740418440085,0.972862866063315,6.59702010360725,66.0760127210521,TRUE,NA
"sigma",22.04,-6.60101114007949,0.00375670391453653,0.972876784125353,6.59909268654891,66.1133480714536,TRUE,NA
"sigma",22.05,-6.60308171052449,0.00375600317751257,0.972890688680462,6.60116497013324,66.1506880758631,TRUE,NA
"sigma",22.06,-6.60515198408517,0.00375530197536733,0.972904579747453,6.60323695453651,66.1880327328644,TRUE,NA
"sigma",22.07,-6.60722196093353,0.00375460031017472,0.972918457345115,6.6053086399348,66.2253820410424,TRUE,NA
"sigma",22.08,-6.60929164124134,0.0037538981839651,0.972932321492187,6.60738002650396,66.2627359989827,TRUE,NA
"sigma",22.09,-6.61136102518025,0.00375319559880971,0.972946172207398,6.60945111441973,66.3000946052724,TRUE,NA
"sigma",22.1,-6.61343011292169,0.00375249255670962,0.972960009509423,6.61152190385762,66.3374578584995,TRUE,NA
"sigma",22.11,-6.61549890463697,0.00375178905971829,0.972973833416902,6.61359239499299,66.3748257572531,TRUE,NA
"sigma",22.12,-6.61756740049719,0.0037510851098661,0.97298764394848,6.61566258800098,66.4121983001233,TRUE,NA
"sigma",22.13,-6.61963560067328,0.00375038070914346,0.973001441122674,6.61773248305657,66.4495754857012,TRUE,NA
"sigma",22.14,-6.621703505336,0.00374967585961627,0.973015224958137,6.61980208033456,66.4869573125792,TRUE,NA
"sigma",22.15,-6.62377111465598,0.00374897056323586,0.973028995473272,6.6218713800096,66.524343779351,TRUE,NA
"sigma",22.16,-6.6258384288036,0.00374826482202995,0.973042752686628,6.62394038225608,66.5617348846107,TRUE,NA
"sigma",22.17,-6.62790544794914,0.00374755863798715,0.973056496616632,6.62600908724829,66.599130626954,TRUE,NA
"sigma",22.18,-6.62997217226266,0.00374685201312541,0.973070227281727,6.6280774951603,66.6365310049773,TRUE,NA
"sigma",22.19,-6.63203860191408,0.00374614494937742,0.973083944700237,6.63014560616601,66.6739360172785,TRUE,NA
"sigma",22.2,-6.63410473707313,0.0037454374487691,0.973097648890583,6.63221342043914,66.7113456624563,TRUE,NA
"sigma",22.21,-6.6361705779094,0.00374472951324023,0.973111339871012,6.63428093815321,66.7487599391105,TRUE,NA
"sigma",22.22,-6.63823612459227,0.00374402114478034,0.973125017659869,6.63634815948161,66.7861788458419,TRUE,NA
"sigma",22.23,-6.64030137729097,0.00374331234534875,0.973138682275398,6.6384150845975,66.8236023812524,TRUE,NA
"sigma",22.24,-6.64236633617456,0.00374260311688701,0.973152333735775,6.64048171367391,66.8610305439452,TRUE,NA
"sigma",22.25,-6.64443100141195,0.003741893461358,0.973165972059228,6.64254804688365,66.8984633325243,TRUE,NA
"sigma",22.26,-6.64649537317183,0.00374118338068641,0.973179597263874,6.64461408439936,66.9359007455947,TRUE,NA
"sigma",22.27,-6.64855945162277,0.00374047287684043,0.973193209367888,6.64667982639353,66.9733427817626,TRUE,NA
"sigma",22.28,-6.65062323693316,0.0037397619517181,0.973206808389309,6.64874527303845,67.0107894396353,TRUE,NA
"sigma",22.29,-6.6526867292712,0.00373905060728053,0.97322039434622,6.65081042450623,67.0482407178212,TRUE,NA
"sigma",22.3,-6.65474992880494,0.00373833884542485,0.973233967256649,6.65287528096881,67.0856966149294,TRUE,NA
"sigma",22.31,-6.65681283570227,0.00373762666806599,0.973247527138561,6.65493984259796,67.1231571295706,TRUE,NA
"sigma",22.32,-6.6588754501309,0.00373691407713483,0.973261074009945,6.65700410956528,67.1606222603561,TRUE,NA
"sigma",22.33,-6.66093777225837,0.00373620107452055,0.973274607888738,6.65906808204217,67.1980920058984,TRUE,NA
"sigma",22.34,-6.66299980225205,0.0037354876621345,0.973288128792831,6.66113176019985,67.235566364811,TRUE,NA
"sigma",22.35,-6.66506154027915,0.00373477384186316,0.973301636740061,6.6631951442094,67.2730453357084,TRUE,NA
"sigma",22.36,-6.66712298650674,0.00373405961557172,0.973315131748278,6.66525823424171,67.3105289172066,TRUE,NA
"sigma",22.37,-6.66918414110168,0.00373334498516975,0.973328613835298,6.66732103046749,67.3480171079222,TRUE,NA
"sigma",22.38,-6.67124500423067,0.00373262995253754,0.973342083018883,6.66938353305727,67.3855099064729,TRUE,NA
"sigma",22.39,-6.67330557606026,0.00373191451953048,0.973355539316763,6.6714457421814,67.4230073114771,TRUE,NA
"sigma",22.4,-6.67536585675685,0.00373119868803062,0.973368982746672,6.6735076580101,67.4605093215553,TRUE,NA
"sigma",22.41,-6.67742584648664,0.00373048245989072,0.973382413326268,6.67556928071337,67.4980159353279,TRUE,NA
"sigma",22.42,-6.67948554541568,0.00372976583694928,0.973395831073173,6.67763061046103,67.5355271514172,TRUE,NA
"sigma",22.43,-6.68154495370984,0.00372904882108394,0.973409236005053,6.67969164742278,67.5730429684455,TRUE,NA
"sigma",22.44,-6.68360407153486,0.00372833141412166,0.97342262813945,6.68175239176809,67.6105633850375,TRUE,NA
"sigma",22.45,-6.68566289905629,0.00372761361791518,0.973436007493917,6.68381284366631,67.6480883998178,TRUE,NA
"sigma",22.46,-6.68772143643951,0.00372689543427285,0.973449374086008,6.68587300328656,67.6856180114126,TRUE,NA
"sigma",22.47,-6.68977968384976,0.00372617686505627,0.973462727933181,6.68793287079782,67.7231522184491,TRUE,NA
"sigma",22.48,-6.69183764145208,0.00372545791205692,0.973476069052904,6.68999244636891,67.760691019555,TRUE,NA
"sigma",22.49,-6.69389530941139,0.00372473857711686,0.973489397462601,6.69205173016844,67.79823441336,TRUE,NA
"sigma",22.5,-6.69595268789243,0.00372401886202756,0.973502713179663,6.69411072236492,67.835782398494,TRUE,NA
"sigma",22.51,-6.69800977705975,0.00372329876862398,0.973516016221486,6.69616942312658,67.8733349735881,TRUE,NA
"sigma",22.52,-6.70006657707777,0.00372257829868339,0.973529306605367,6.69822783262157,67.9108921372747,TRUE,NA
"sigma",22.53,-6.70212308811073,0.00372185745400611,0.973542584348649,6.70028595101785,67.948453888187,TRUE,NA
"sigma",22.54,-6.70417931032273,0.00372113623640047,0.973555849468569,6.70234377848317,67.9860202249594,TRUE,NA
"sigma",22.55,-6.70623524387767,0.00372041464761086,0.973569101982378,6.70440131518515,68.0235911462271,TRUE,NA
"sigma",22.56,-6.70829088893933,0.00371969268947225,0.973582341907328,6.70645856129123,68.0611666506265,TRUE,NA
"sigma",22.57,-6.7103462456713,0.00371897036372548,0.973595569260556,6.70851551696867,68.0987467367949,TRUE,NA
"sigma",22.58,-6.712401314237,0.00371824767215934,0.973608784059246,6.71057218238457,68.1363314033708,TRUE,NA
"sigma",22.59,-6.71445609479973,0.0037175246165102,0.973621986320488,6.71262855770588,68.1739206489934,TRUE,NA
"sigma",22.6,-6.71651058752259,0.00371680119857398,0.973635176061411,6.71468464309932,68.211514472303,TRUE,NA
"sigma",22.61,-6.71856479256853,0.00371607742009328,0.973648353299073,6.71674043873151,68.2491128719415,TRUE,NA
"sigma",22.62,-6.72061871010035,0.00371535328279915,0.973661518050475,6.71879594476886,68.286715846551,TRUE,NA
"sigma",22.63,-6.72267234028069,0.00371462878846796,0.97367467033265,6.72085116137764,68.324323394775,TRUE,NA
"sigma",22.64,-6.72472568327199,0.00371390393880588,0.973687810162547,6.72290608872391,68.3619355152581,TRUE,NA
"sigma",22.65,-6.7267787392366,0.00371317873556887,0.97370093755713,6.7249607269736,68.3995522066457,TRUE,NA
"sigma",22.66,-6.72883150833664,0.0037124531804924,0.973714052533325,6.72701507629247,68.4371734675841,TRUE,NA
"sigma",22.67,-6.73088399073412,0.00371172727529601,0.973727155107984,6.7290691368461,68.4747992967209,TRUE,NA
"sigma",22.68,-6.73293618659087,0.00371100102168143,0.973740245297951,6.73112290879989,68.5124296927049,TRUE,NA
"sigma",22.69,-6.73498809606855,0.00371027442138239,0.9737533231201,6.7331763923191,68.5500646541852,TRUE,NA
"sigma",22.7,-6.7370397193287,0.00370954747609886,0.973766388591187,6.73522958756882,68.5877041798126,TRUE,NA
"sigma",22.71,-6.73909105653266,0.0037088201875477,0.973779441727988,6.73728249471396,68.6253482682385,TRUE,NA
"sigma",22.72,-6.74114210784162,0.00370809255741644,0.973792482547249,6.73933511391926,68.6629969181155,TRUE,NA
"sigma",22.73,-6.74319287341664,0.00370736458739707,0.973805511065668,6.74138744534932,68.7006501280971,TRUE,NA
"sigma",22.74,-6.74524335341858,0.00370663627919399,0.973818527299924,6.74343948916854,68.7383078968376,TRUE,NA
"sigma",22.75,-6.74729354800817,0.00370590763447076,0.973831531266657,6.74549124554119,68.7759702229928,TRUE,NA
"sigma",22.76,-6.74934345734599,0.00370517865494158,0.973844522982512,6.74754271463135,68.8136371052193,TRUE,NA
"sigma",22.77,-6.75139308159244,0.00370444934223801,0.973857502464043,6.74959389660296,68.8513085421743,TRUE,NA
"sigma",22.78,-6.75344242090776,0.0037037196980485,0.973870469727815,6.75164479161974,68.8889845325165,TRUE,NA
"sigma",22.79,-6.75549147545206,0.00370298972406502,0.973883424790413,6.75369539984531,68.9266650749055,TRUE,NA
"sigma",22.8,-6.75754024538526,0.00370225942190583,0.973896367668277,6.7557457214431,68.9643501680016,TRUE,NA
"sigma",22.81,-6.75958873086716,0.00370152879325403,0.973909298377918,6.75779575657636,69.0020398104664,TRUE,NA
"sigma",22.82,-6.76163693205737,0.00370079783975807,0.973922216935771,6.75984550540821,69.0397340009623,TRUE,NA
"sigma",22.83,-6.76368484911537,0.00370006656305488,0.973935123358263,6.76189496810158,69.0774327381529,TRUE,NA
"sigma",22.84,-6.76573248220049,0.00369933496476982,0.973948017661759,6.76394414481924,69.1151360207029,TRUE,NA
"sigma",22.85,-6.76777983147184,0.00369860304656733,0.973960899862631,6.76599303572381,69.1528438472772,TRUE,NA
"sigma",22.86,-6.76982689708846,0.00369787081008432,0.973973769977231,6.76804164097774,69.1905562165424,TRUE,NA
"sigma",22.87,-6.77187367920918,0.00369713825692131,0.973986628021831,6.7700899607433,69.2282731271661,TRUE,NA
"sigma",22.88,-6.7739201779927,0.00369640538873028,0.973999474012756,6.77213799518263,69.2659945778167,TRUE,NA
"sigma",22.89,-6.77596639359757,0.00369567220708511,0.974012307966195,6.77418574445769,69.3037205671637,TRUE,NA
"sigma",22.9,-6.77801232618214,0.00369493871363513,0.974025129898376,6.77623320873028,69.3414510938771,TRUE,NA
"sigma",22.91,-6.78005797590466,0.0036942049099542,0.974037939825487,6.77828038816203,69.3791861566285,TRUE,NA
"sigma",22.92,-6.78210334292321,0.00369347079769433,0.974050737763749,6.78032728291442,69.4169257540903,TRUE,NA
"sigma",22.93,-6.78414842739569,0.00369273637842671,0.974063523729226,6.78237389314877,69.4546698849355,TRUE,NA
"sigma",22.94,-6.78619322947988,0.00369200165374828,0.97407629773807,6.78442021902623,69.4924185478387,TRUE,NA
"sigma",22.95,-6.78823774933339,0.00369126662523467,0.974089059806314,6.7864662607078,69.530171741475,TRUE,NA
"sigma",22.96,-6.79028198711369,0.00369053129448282,0.974101809950044,6.78851201835431,69.5679294645209,TRUE,NA
"sigma",22.97,-6.79232594297808,0.00368979566308436,0.974114548185275,6.79055749212643,69.6056917156532,TRUE,NA
"sigma",22.98,-6.7943696170837,0.0036890597325927,0.974127274527985,6.79260268218467,69.6434584935501,TRUE,NA
"sigma",22.99,-6.79641300958756,0.00368832350459147,0.974139988994152,6.79464758868939,69.681229796891,TRUE,NA
"sigma",23,-6.79845612064651,0.00368758698066163,0.974152691599741,6.7966922118008,69.7190056243561,TRUE,NA
"sigma",23.01,-6.80049895041726,0.00368685016234238,0.97416538236064,6.79873655167892,69.7567859746263,TRUE,NA
"sigma",23.02,-6.80254149905633,0.00368611305116939,0.974178061292693,6.8007806084836,69.7945708463836,TRUE,NA
"sigma",23.03,-6.80458376672013,0.00368537564875382,0.974190728411828,6.80282438237459,69.8323602383112,TRUE,NA
"sigma",23.04,-6.8066257535649,0.00368463795660379,0.974203383733845,6.80486787351143,69.870154149093,TRUE,NA
"sigma",23.05,-6.80866745974673,0.0036838999762594,0.974216027274512,6.80691108205354,69.9079525774141,TRUE,NA
"sigma",23.06,-6.81070888542154,0.00368316170929006,0.974228659049662,6.80895400816014,69.9457555219601,TRUE,NA
"sigma",23.07,-6.81275003074514,0.00368242315721545,0.974241279075005,6.81099665199031,69.9835629814179,TRUE,NA
"sigma",23.08,-6.81479089587317,0.00368168432153926,0.974253887366263,6.81303901370299,70.0213749544761,TRUE,NA
"sigma",23.09,-6.81683148096111,0.0036809452038371,0.974266483939147,6.81508109345696,70.0591914398224,TRUE,NA
"sigma",23.1,-6.81887178616428,0.00368020580558515,0.974279068809301,6.8171228914108,70.0970124361474,TRUE,NA
"sigma",23.11,-6.82091181163787,0.00367946612833148,0.974291641992376,6.81916440772297,70.1348379421412,TRUE,NA
"sigma",23.12,-6.82295155753695,0.00367872617359222,0.974304203504001,6.8212056425518,70.172667956496,TRUE,NA
"sigma",23.13,-6.82499102401637,0.00367798594283464,0.974316753359728,6.82324659605537,70.2105024779041,TRUE,NA
"sigma",23.14,-6.82703021123087,0.00367724543759795,0.974329291575117,6.82528726839171,70.2483415050591,TRUE,NA
"sigma",23.15,-6.82906911933505,0.0036765046593672,0.974341818165726,6.82732765971863,70.2861850366557,TRUE,NA
"sigma",23.16,-6.83110774848335,0.00367576360966204,0.97435433314705,6.82936777019381,70.3240330713893,TRUE,NA
"sigma",23.17,-6.83314609883004,0.00367502228991778,0.974366836534535,6.83140759997475,70.3618856079564,TRUE,NA
"sigma",23.18,-6.83518417052929,0.00367428070169051,0.974379328343701,6.83344714921884,70.3997426450543,TRUE,NA
"sigma",23.19,-6.83722196373507,0.00367353884641552,0.974391808589906,6.83548641808324,70.4376041813814,TRUE,NA
"sigma",23.2,-6.83925947860123,0.00367279672557164,0.974404277288555,6.83752540672504,70.4754702156368,TRUE,NA
"sigma",23.21,-6.84129671528147,0.00367205434064743,0.974416734455055,6.83956411530112,70.5133407465211,TRUE,NA
"sigma",23.22,-6.84333367392933,0.00367131169310753,0.974429180104722,6.8416025439682,70.5512157727352,TRUE,NA
"sigma",23.23,-6.84537035469821,0.00367056878442096,0.974441614252894,6.8436406928829,70.5890952929812,TRUE,NA
"sigma",23.24,-6.84740675774137,0.00366982561604878,0.974454036914858,6.84567856220162,70.6269793059623,TRUE,NA
"sigma",23.25,-6.84944288321191,0.0036690821894334,0.974466448105864,6.84771615208066,70.6648678103824,TRUE,NA
"sigma",23.26,-6.8514787312628,0.00366833850604387,0.974478847841185,6.84975346267614,70.7027608049466,TRUE,NA
"sigma",23.27,-6.85351430204683,0.00366759456730925,0.97449123613599,6.85179049414401,70.7406582883606,TRUE,NA
"sigma",23.28,-6.85554959571668,0.00366685037469594,0.974503613005512,6.85382724664011,70.7785602593312,TRUE,NA
"sigma",23.29,-6.85758461242487,0.00366610592961525,0.974515978464868,6.85586372032009,70.8164667165665,TRUE,NA
"sigma",23.3,-6.85961935232376,0.00366536123353711,0.974528332529235,6.85789991533947,70.8543776587749,TRUE,NA
"sigma",23.31,-6.86165381556559,0.00366461628788173,0.974540675213743,6.8599358318536,70.892293084666,TRUE,NA
"sigma",23.32,-6.86368800230243,0.00366387109404975,0.974553006533393,6.86197147001768,70.9302129929504,TRUE,NA
"sigma",23.33,-6.86572191268623,0.00366312565349336,0.9745653265033,6.86400682998679,70.9681373823399,TRUE,NA
"sigma",23.34,-6.86775554686875,0.00366237996759899,0.974577635138479,6.86604191191579,71.0060662515466,TRUE,NA
"sigma",23.35,-6.86978890500166,0.00366163403782149,0.974589932453967,6.86807671595947,71.043999599284,TRUE,NA
"sigma",23.36,-6.87182198723644,0.00366088786555618,0.974602218464711,6.87011124227239,71.0819374242662,TRUE,NA
"sigma",23.37,-6.87385479372446,0.00366014145218951,0.974614493185671,6.87214549100902,71.1198797252089,TRUE,NA
"sigma",23.38,-6.87588732461691,0.0036593947991701,0.974626756631815,6.87417946232364,71.1578265008276,TRUE,NA
"sigma",23.39,-6.87791958006487,0.00365864790784531,0.974639008818002,6.87621315637042,71.1957777498398,TRUE,NA
"sigma",23.4,-6.87995156021926,0.00365790077962114,0.974651249759111,6.87824657330333,71.2337334709635,TRUE,NA
"sigma",23.41,-6.88198326523084,0.00365715341590001,0.974663479470019,6.88027971327621,71.2716936629175,TRUE,NA
"sigma",23.42,-6.88401469525027,0.00365640581806659,0.974675697965552,6.88231257644276,71.3096583244217,TRUE,NA
"sigma",23.43,-6.88604585042801,0.00365565798750023,0.974687905260497,6.88434516295653,71.347627454197,TRUE,NA
"sigma",23.44,-6.8880767309144,0.00365490992559181,0.974700101369672,6.88637747297089,71.3856010509645,TRUE,NA
"sigma",23.45,-6.89010733685969,0.00365416163367271,0.974712286307769,6.8884095066391,71.4235791134478,TRUE,NA
"sigma",23.46,-6.89213766841389,0.00365341311316403,0.974724460089561,6.89044126411425,71.4615616403698,TRUE,NA
"sigma",23.47,-6.89416772572692,0.00365266436539713,0.974736622729728,6.89247274554927,71.499548630455,TRUE,NA
"sigma",23.48,-6.89619750894858,0.00365191539174603,0.974748774242964,6.89450395109698,71.5375400824286,TRUE,NA
"sigma",23.49,-6.89822701822847,0.00365116619357941,0.97476091464393,6.89653488091001,71.5755359950174,TRUE,NA
"sigma",23.5,-6.9002562537161,0.00365041677222866,0.974773043947197,6.89856553514084,71.6135363669483,TRUE,NA
"sigma",23.51,-6.9022852155608,0.00364966712907488,0.974785162167461,6.90059591394185,71.6515411969493,TRUE,NA
"sigma",23.52,-6.90431390391178,0.00364891726544236,0.974797269319228,6.90262601746523,71.6895504837495,TRUE,NA
"sigma",23.53,-6.9063423189181,0.00364816718264915,0.974809365417074,6.90465584586302,71.7275642260792,TRUE,NA
"sigma",23.54,-6.90837046072867,0.00364741688207282,0.974821450475501,6.90668539928712,71.7655824226687,TRUE,NA
"sigma",23.55,-6.91039832949229,0.00364666636504651,0.974833524509058,6.90871467788931,71.8036050722501,TRUE,NA
"sigma",23.56,-6.91242592535759,0.00364591563288297,0.974845587532219,6.91074368182119,71.8416321735559,TRUE,NA
"sigma",23.57,-6.91445324847305,0.00364516468692688,0.97485763955943,6.91277241123421,71.8796637253197,TRUE,NA
"sigma",23.58,-6.91648029898705,0.00364441352845191,0.974869680605051,6.91480086627969,71.9176997262762,TRUE,NA
"sigma",23.59,-6.9185070770478,0.00364366215885159,0.974881710683611,6.91682904710881,71.9557401751606,TRUE,NA
"sigma",23.6,-6.92053358280335,0.00364291057939692,0.974893729809421,6.91885695387258,71.993785070709,TRUE,NA
"sigma",23.61,-6.92255981640166,0.00364215879138996,0.974905737996845,6.92088458672187,72.031834411659,TRUE,NA
"sigma",23.62,-6.9245857779905,0.00364140679617453,0.974917735260232,6.92291194580742,72.0698881967485,TRUE,NA
"sigma",23.63,-6.92661146771754,0.00364065459502516,0.974929721613868,6.9249390312798,72.1079464247163,TRUE,NA
"sigma",23.64,-6.92863688573031,0.00363990218924837,0.974941697072046,6.92696584328946,72.1460090943027,TRUE,NA
"sigma",23.65,-6.93066203217616,0.00363914958014089,0.974953661649035,6.92899238198669,72.1840762042481,TRUE,NA
"sigma",23.66,-6.93268690720232,0.00363839676899236,0.974965615359069,6.93101864752161,72.2221477532946,TRUE,NA
"sigma",23.67,-6.93471151095592,0.00363764375710485,0.974977558216362,6.93304464004427,72.2602237401846,TRUE,NA
"sigma",23.68,-6.93673584358388,0.00363689054573069,0.974989490235069,6.93507035970447,72.2983041636615,TRUE,NA
"sigma",23.69,-6.93875990523304,0.00363613713621636,0.975001411429426,6.93709580665197,72.3363890224698,TRUE,NA
"sigma",23.7,-6.94078369605008,0.00363538352976533,0.97501332181348,6.93912098103631,72.3744783153548,TRUE,NA
"sigma",23.71,-6.94280721618153,0.00363462972772055,0.975025221401474,6.94114588300692,72.4125720410623,TRUE,NA
"sigma",23.72,-6.9448304657738,0.00363387573125795,0.975037110207349,6.94317051271305,72.45067019834,TRUE,NA
"sigma",23.73,-6.94685344497315,0.00363312154173911,0.975048988245278,6.94519487030387,72.4887727859355,TRUE,NA
"sigma",23.74,-6.94887615392572,0.00363236716036486,0.975060855529268,6.94721895592836,72.5268798025976,TRUE,NA
"sigma",23.75,-6.95089859277749,0.00363161258842837,0.97507271207337,6.94924276973535,72.5649912470762,TRUE,NA
"sigma",23.76,-6.95292076167431,0.00363085782715711,0.97508455789154,6.95126631187356,72.6031071181218,TRUE,NA
"sigma",23.77,-6.9549426607619,0.00363010287783094,0.975096392997799,6.95328958249154,72.641227414486,TRUE,NA
"sigma",23.78,-6.95696429018583,0.00362934774170487,0.975108217406076,6.95531258173773,72.6793521349209,TRUE,NA
"sigma",23.79,-6.95898565009156,0.00362859241996194,0.975120031130266,6.95733530976037,72.7174812781804,TRUE,NA
"sigma",23.8,-6.96100674062437,0.00362783691390245,0.975131834184317,6.9593577667076,72.755614843018,TRUE,NA
"sigma",23.81,-6.96302756192945,0.00362708122474587,0.97514362658209,6.96137995272742,72.7937528281892,TRUE,NA
"sigma",23.82,-6.96504811415182,0.00362632535371965,0.975155408337461,6.96340186796767,72.8318952324499,TRUE,NA
"sigma",23.83,-6.96706839743636,0.00362556930206015,0.975167179464245,6.96542351257606,72.8700420545566,TRUE,NA
"sigma",23.84,-6.96908841192785,0.00362481307098239,0.975178939976235,6.96744488670014,72.9081932932671,TRUE,NA
"sigma",23.85,-6.9711081577709,0.00362405666174137,0.975190689887308,6.96946599048735,72.9463489473402,TRUE,NA
"sigma",23.86,-6.97312763511002,0.00362330007551215,0.9752024292111,6.97148682408495,72.984509015535,TRUE,NA
"sigma",23.87,-6.97514684408953,0.00362254331354084,0.975214157961445,6.97350738764009,73.0226734966122,TRUE,NA
"sigma",23.88,-6.97716578485367,0.0036217863770327,0.975225876152037,6.97552768129977,73.0608423893329,TRUE,NA
"sigma",23.89,-6.97918445754651,0.00362102926718677,0.975237583796556,6.97754770521082,73.0990156924589,TRUE,NA
"sigma",23.9,-6.981202862312,0.00362027198520654,0.975249280908691,6.97956745951999,73.1371934047534,TRUE,NA
"sigma",23.91,-6.98322099929395,0.00361951453230702,0.975260967502088,6.98158694437384,73.1753755249802,TRUE,NA
"sigma",23.92,-6.98523886863604,0.00361875690968194,0.975272643590358,6.9836061599188,73.2135620519038,TRUE,NA
"sigma",23.93,-6.98725647048183,0.00361799911852856,0.975284309187133,6.98562510630118,73.2517529842902,TRUE,NA
"sigma",23.94,-6.98927380497469,0.0036172411600246,0.975295964305982,6.98764378366713,73.2899483209055,TRUE,NA
"sigma",23.95,-6.9912908722579,0.00361648303537265,0.975307608960481,6.98966219216265,73.3281480605168,TRUE,NA
"sigma",23.96,-6.99330767247464,0.00361572474575844,0.975319243164119,6.99168033193363,73.3663522018927,TRUE,NA
"sigma",23.97,-6.99532420576788,0.00361496629232061,0.975330866930442,6.9936982031258,73.4045607438021,TRUE,NA
"sigma",23.98,-6.99734047228051,0.00361420767629372,0.975342480272937,6.99571580588477,73.442773685015,TRUE,NA
"sigma",23.99,-6.99935647215527,0.00361344889883863,0.975354083205096,6.99773314035599,73.4809910243019,TRUE,NA
"sigma",24,-7.00137220553475,0.00361268996108599,0.975365675740312,6.99975020668478,73.5192127604346,TRUE,NA
"sigma",24.01,-7.00338767256144,0.00361193086424638,0.975377257892065,7.00176700501631,73.5574388921857,TRUE,NA
"sigma",24.02,-7.00540287337768,0.00361117160947444,0.975388829673714,7.00378353549565,73.5956694183284,TRUE,NA
"sigma",24.03,-7.00741780812568,0.00361041219791236,0.975400391098656,7.00579979826767,73.6339043376369,TRUE,NA
"sigma",24.04,-7.0094324769475,0.0036096526307281,0.975411942180225,7.00781579347717,73.6721436488865,TRUE,NA
"sigma",24.05,-7.01144687998509,0.00360889290908784,0.975423482931805,7.00983152126876,73.7103873508529,TRUE,NA
"sigma",24.06,-7.01346101738028,0.00360813303410445,0.975435013366654,7.01184698178692,73.7486354423129,TRUE,NA
"sigma",24.07,-7.01547488927473,0.00360737300698055,0.975446533498116,7.01386217517604,73.7868879220442,TRUE,NA
"sigma",24.08,-7.01748849581,0.00360661282880148,0.975458043339392,7.01587710158031,73.8251447888257,TRUE,NA
"sigma",24.09,-7.01950183712749,0.0036058525007352,0.975469542903772,7.01789176114381,73.8634060414362,TRUE,NA
"sigma",24.1,-7.0215149133685,0.00360509202393189,0.975481032204489,7.01990615401049,73.9016716786563,TRUE,NA
"sigma",24.11,-7.02352772467417,0.00360433139949912,0.975492511254725,7.02192028032415,73.9399416992668,TRUE,NA
"sigma",24.12,-7.02554027118555,0.00360357062857997,0.975503980067641,7.02393414022848,73.9782161020499,TRUE,NA
"sigma",24.13,-7.02755255304349,0.00360280971227578,0.975515438656408,7.02594773386697,74.0164948857882,TRUE,NA
"sigma",24.14,-7.02956457038878,0.00360204865175806,0.975526887034196,7.02796106138306,74.0547780492654,TRUE,NA
"sigma",24.15,-7.03157632336204,0.00360128744812105,0.975538325214089,7.02997412292,74.0930655912657,TRUE,NA
"sigma",24.16,-7.03358781210379,0.00360052610248118,0.975549753209182,7.03198691862091,74.131357510575,TRUE,NA
"sigma",24.17,-7.03559903675437,0.00359976461593003,0.975561171032544,7.03399944862876,74.1696538059791,TRUE,NA
"sigma",24.18,-7.03760999745403,0.00359900298962668,0.97557257869723,7.03601171308645,74.2079544762651,TRUE,NA
"sigma",24.19,-7.03962069434289,0.00359824122462715,0.975583976216253,7.03802371213667,74.2462595202208,TRUE,NA
"sigma",24.2,-7.04163112756091,0.00359747932208077,0.975595363602646,7.040035445922,74.2845689366349,TRUE,NA
"sigma",24.21,-7.04364129724796,0.00359671728306576,0.975606740869394,7.0420469145849,74.3228827242971,TRUE,NA
"sigma",24.22,-7.04565120354376,0.0035959551086675,0.975618108029402,7.04405811826769,74.3612008819977,TRUE,NA
"sigma",24.23,-7.0476608465879,0.0035951927999891,0.975629465095669,7.04606905711253,74.3995234085281,TRUE,NA
"sigma",24.24,-7.04967022651983,0.00359443035814344,0.975640812081101,7.0480797312615,74.4378503026802,TRUE,NA
"sigma",24.25,-7.0516793434789,0.00359366778417858,0.975652148998588,7.05009014085649,74.4761815632471,TRUE,NA
"sigma",24.26,-7.05368819760431,0.00359290507923049,0.975663475861035,7.05210028603928,74.5145171890223,TRUE,NA
"sigma",24.27,-7.05569678903512,0.00359214224433835,0.975674792681272,7.05411016695151,74.5528571788007,TRUE,NA
"sigma",24.28,-7.05770511791031,0.00359137928059639,0.975686099472138,7.05611978373469,74.5912015313774,TRUE,NA
"sigma",24.29,-7.05971318436868,0.00359061618905443,0.975697396246409,7.0581291365302,74.6295502455491,TRUE,NA
"sigma",24.3,-7.06172098854893,0.00358985297084224,0.975708683016981,7.0601382254793,74.6679033201126,TRUE,NA
"sigma",24.31,-7.06372853058963,0.00358908962696614,0.975719959796509,7.0621470507231,74.706260753866,TRUE,NA
"sigma",24.32,-7.06573581062919,0.003588326158531,0.975731226597827,7.06415561240255,74.7446225456078,TRUE,NA
"sigma",24.33,-7.06774282880595,0.00358756256658932,0.97574248343362,7.06616391065852,74.7829886941379,TRUE,NA
"sigma",24.34,-7.06974958525807,0.00358679885219715,0.975753730316613,7.06817194563171,74.8213591982567,TRUE,NA
"sigma",24.35,-7.07175608012363,0.00358603501641941,0.975764967259491,7.07017971746271,74.8597340567656,TRUE,NA
"sigma",24.36,-7.07376231354053,0.00358527106028816,0.975776194274914,7.07218722629197,74.8981132684665,TRUE,NA
"sigma",24.37,-7.0757682856466,0.00358450698488078,0.975787411375553,7.07419447225981,74.9364968321623,TRUE,NA
"sigma",24.38,-7.07777399657949,0.00358374279122753,0.975798618573997,7.07620145550641,74.9748847466568,TRUE,NA
"sigma",24.39,-7.07977944647676,0.00358297848037648,0.97580981588285,7.07820817617182,75.0132770107547,TRUE,NA
"sigma",24.4,-7.08178463547583,0.00358221405336412,0.975821003314739,7.08021463439597,75.0516736232616,TRUE,NA
"sigma",24.41,-7.08378956371399,0.00358144951125006,0.975832180882191,7.08222083031863,75.0900745829833,TRUE,NA
"sigma",24.42,-7.08579423132841,0.00358068485504237,0.975843348597753,7.08422676407949,75.1284798887271,TRUE,NA
"sigma",24.43,-7.08779863845615,0.00357992008577757,0.975854506473918,7.08623243581807,75.1668895393009,TRUE,NA
"sigma",24.44,-7.08980278523409,0.00357915520450902,0.97586565452327,7.08823784567375,75.2053035335131,TRUE,NA
"sigma",24.45,-7.09180667179906,0.00357839021222439,0.975876792758212,7.09024299378582,75.2437218701738,TRUE,NA
"sigma",24.46,-7.09381029828771,0.00357762510997439,0.975887921191243,7.09224788029342,75.2821445480928,TRUE,NA
"sigma",24.47,-7.0958136648366,0.00357685989877243,0.975899039834786,7.09425250533553,75.3205715660818,TRUE,NA
"sigma",24.48,-7.09781677158212,0.00357609457963637,0.97591014870126,7.09625686905106,75.3590029229525,TRUE,NA
"sigma",24.49,-7.09981961866058,0.00357532915358227,0.975921247803078,7.09826097157874,75.3974386175176,TRUE,NA
"sigma",24.5,-7.10182220620813,0.00357456362161024,0.975932337152589,7.10026481305719,75.4358786485911,TRUE,NA
"sigma",24.51,-7.10382453436084,0.00357379798473278,0.975943416762183,7.1022683936249,75.4743230149872,TRUE,NA
"sigma",24.52,-7.1058266032546,0.003573032243958,0.975954486644181,7.10427171342023,75.5127717155209,TRUE,NA
"sigma",24.53,-7.10782841302522,0.00357226640030017,0.975965546810921,7.10627477258141,75.5512247490086,TRUE,NA
"sigma",24.54,-7.10982996380836,0.00357150045473276,0.975976597274669,7.10827757124653,75.5896821142672,TRUE,NA
"sigma",24.55,-7.11183125573958,0.00357073440827627,0.975987638047718,7.11028010955358,75.6281438101144,TRUE,NA
"sigma",24.56,-7.11383228895428,0.00356996826190592,0.97599866914233,7.11228238764039,75.6666098353686,TRUE,NA
"sigma",24.57,-7.11583306358779,0.00356920201660849,0.976009690570726,7.11428440564469,75.7050801888493,TRUE,NA
"sigma",24.58,-7.11783357977525,0.00356843567340448,0.976020702345161,7.11628616370406,75.7435548693764,TRUE,NA
"sigma",24.59,-7.11983383765174,0.00356766923324869,0.976031704477785,7.11828766195595,75.7820338757708,TRUE,NA
"sigma",24.6,-7.12183383735219,0.00356690269711812,0.976042696980794,7.1202889005377,75.8205172068547,TRUE,NA
"sigma",24.61,-7.12383357901138,0.00356613606603151,0.976053679866368,7.12228987958652,75.8590048614502,TRUE,NA
"sigma",24.62,-7.12583306276401,0.00356536934092411,0.976064653146628,7.12429059923947,75.8974968383808,TRUE,NA
"sigma",24.63,-7.12783228874463,0.00356460252277913,0.976075616833672,7.12629105963351,75.9359931364706,TRUE,NA
"sigma",24.64,-7.1298312570877,0.00356383561258156,0.976086570939633,7.12829126090545,75.9744937545449,TRUE,NA
"sigma",24.65,-7.13182996792752,0.00356306861128264,0.976097515476565,7.130291203192,76.0129986914291,TRUE,NA
"sigma",24.66,-7.13382842139828,0.00356230151984782,0.976108450456538,7.13229088662971,76.0515079459499,TRUE,NA
"sigma",24.67,-7.13582661763407,0.00356153433924167,0.976119375891579,7.13429031135504,76.090021516935,TRUE,NA
"sigma",24.68,-7.13782455676882,0.00356076707044828,0.97613029179375,7.1362894775043,76.1285394032121,TRUE,NA
"sigma",24.69,-7.13982223893635,0.00355999971437715,0.97614119817497,7.13828838521365,76.1670616036102,TRUE,NA
"sigma",24.7,-7.1418196642704,0.0035592322720337,0.97615209504732,7.14028703461918,76.2055881169594,TRUE,NA
"sigma",24.71,-7.14381683290453,0.00355846474430965,0.976162982422684,7.14228542585682,76.2441189420903,TRUE,NA
"sigma",24.72,-7.14581374497221,0.00355769713219178,0.976173860313011,7.14428355906236,76.2826540778339,TRUE,NA
"sigma",24.73,-7.14781040060678,0.00355692943663666,0.976184728730277,7.14628143437151,76.3211935230225,TRUE,NA
"sigma",24.74,-7.14980679994148,0.00355616165854133,0.976195587686322,7.14827905191982,76.3597372764896,TRUE,NA
"sigma",24.75,-7.15180294310939,0.00355539379887482,0.976206437193064,7.15027641184271,76.3982853370682,TRUE,NA
"sigma",24.76,-7.1537988302435,0.00355462585859367,0.976217277262382,7.15227351427551,76.4368377035934,TRUE,NA
"sigma",24.77,-7.15579446147665,0.0035538578385923,0.976228107906069,7.15427035935339,76.4753943749001,TRUE,NA
"sigma",24.78,-7.15778983694162,0.00355308973981749,0.976238929136,7.1562669472114,76.5139553498249,TRUE,NA
"sigma",24.79,-7.15978495677101,0.00355232156319918,0.976249740963958,7.15826327798448,76.5525206272046,TRUE,NA
"sigma",24.8,-7.16177982109731,0.00355155330968326,0.976260543401754,7.16025935180744,76.5910902058766,TRUE,NA
"sigma",24.81,-7.1637744300529,0.00355078498014016,0.976271336461096,7.16225516881497,76.6296640846799,TRUE,NA
"sigma",24.82,-7.16576878377006,0.00355001657554865,0.976282120153817,7.16425072914161,76.6682422624536,TRUE,NA
"sigma",24.83,-7.16776288238092,0.00354924809677648,0.97629289449158,7.16624603292181,76.7068247380377,TRUE,NA
"sigma",24.84,-7.16975672601749,0.00354847954477577,0.976303659486126,7.16824108028987,76.7454115102732,TRUE,NA
"sigma",24.85,-7.1717503148117,0.00354771092045603,0.976314415149167,7.17023587137999,76.7840025780019,TRUE,NA
"sigma",24.86,-7.1737436488953,0.00354694222470098,0.976325161492332,7.17223040632624,76.8225979400658,TRUE,NA
"sigma",24.87,-7.17573672839998,0.00354617345844233,0.976335898527303,7.17422468526255,76.8611975953086,TRUE,NA
"sigma",24.88,-7.17772955345728,0.00354540462257091,0.976346626265738,7.17621870832273,76.8998015425742,TRUE,NA
"sigma",24.89,-7.17972212419862,0.00354463571799712,0.976357344719192,7.17821247564048,76.9384097807073,TRUE,NA
"sigma",24.9,-7.18171444075532,0.00354386674560914,0.97636805389931,7.18020598734939,76.9770223085534,TRUE,NA
"sigma",24.91,-7.18370650325855,0.00354309770630756,0.976378753817651,7.18219924358287,77.0156391249593,TRUE,NA
"sigma",24.92,-7.1856983118394,0.00354232860099302,0.976389444485786,7.18419224447428,77.0542602287718,TRUE,NA
"sigma",24.93,-7.18768986662883,0.00354155943054568,0.976400125915269,7.18618499015682,77.0928856188389,TRUE,NA
"sigma",24.94,-7.18968116775765,0.00354079019585907,0.97641079811759,7.18817748076357,77.1315152940091,TRUE,NA
"sigma",24.95,-7.19167221535661,0.00354002089784267,0.976421461104306,7.19016971642747,77.1701492531324,TRUE,NA
"sigma",24.96,-7.19366300955629,0.00353925153734203,0.976432114886846,7.19216169728138,77.2087874950587,TRUE,NA
"sigma",24.97,-7.19565355048718,0.00353848211525154,0.976442759476724,7.194153423458,77.2474300186389,TRUE,NA
"sigma",24.98,-7.19764383827965,0.00353771263244962,0.976453394885346,7.19614489508994,77.2860768227252,TRUE,NA
"sigma",24.99,-7.19963387306394,0.00353694308982266,0.97646402112418,7.19813611230966,77.3247279061697,TRUE,NA
"sigma",25,-7.20162365497021,0.00353617348821711,0.976474638204626,7.20012707524952,77.3633832678265,TRUE,NA
"sigma",25.01,-7.20361318412843,0.00353540382854067,0.976485246138084,7.20211778404173,77.402042906549,TRUE,NA
"sigma",25.02,-7.20560246066853,0.00353463411163357,0.976495844935931,7.20410823881843,77.4407068211924,TRUE,NA
"sigma",25.03,-7.20759148472029,0.003533864338368,0.976506434609501,7.20609843971158,77.4793750106125,TRUE,NA
"sigma",25.04,-7.20958025641337,0.00353309450960015,0.976517015170141,7.20808838685306,77.5180474736656,TRUE,NA
"sigma",25.05,-7.21156877587732,0.00353232462620401,0.976527586629214,7.21007808037463,77.5567242092088,TRUE,NA
"sigma",25.06,-7.21355704324159,0.00353155468903399,0.976538148997996,7.2120675204079,77.5954052161003,TRUE,NA
"sigma",25.07,-7.21554505863548,0.00353078469892587,0.976548702287727,7.21405670708437,77.6340904931989,TRUE,NA
"sigma",25.08,-7.21753282218819,0.00353001465676339,0.976559246509739,7.21604564053543,77.6727800393638,TRUE,NA
"sigma",25.09,-7.21952033402882,0.00352924456335746,0.976569781675246,7.21803432089237,77.7114738534557,TRUE,NA
"sigma",25.1,-7.22150759428634,0.00352847441959625,0.97658030779549,7.22002274828631,77.7501719343354,TRUE,NA
"sigma",25.11,-7.2234946030896,0.00352770422631021,0.9765908248817,7.22201092284828,77.7888742808647,TRUE,NA
"sigma",25.12,-7.22548136056735,0.00352693398434312,0.976601332945042,7.22399884470922,77.8275808919062,TRUE,NA
"sigma",25.13,-7.22746786684821,0.00352616369450232,0.976611831996703,7.22598651399987,77.8662917663236,TRUE,NA
"sigma",25.14,-7.22945412206068,0.0035253933577124,0.976622322047869,7.22797393085094,77.9050069029802,TRUE,NA
"sigma",25.15,-7.23144012633318,0.00352462297469192,0.976632803109622,7.22996109539295,77.9437263007416,TRUE,NA
"sigma",25.16,-7.23342587979395,0.00352385254636634,0.976643275193136,7.23194800775634,77.9824499584731,TRUE,NA
"sigma",25.17,-7.23541138257121,0.00352308207351282,0.976653738309488,7.23393466807144,78.0211778750412,TRUE,NA
"sigma",25.18,-7.23739663479299,0.00352231155696714,0.976664192469767,7.23592107646843,78.0599100493131,TRUE,NA
"sigma",25.19,-7.23938163658723,0.0035215409975935,0.976674637685073,7.23790723307738,78.0986464801565,TRUE,NA
"sigma",25.2,-7.24136638808174,0.00352077039617171,0.976685073966444,7.23989313802826,78.1373871664401,TRUE,NA
"sigma",25.21,-7.24335088940425,0.00351999975355,0.976695501324923,7.24187879145091,78.1761321070334,TRUE,NA
"sigma",25.22,-7.24533514068235,0.00351922907051438,0.976705919771486,7.24386419347504,78.2148813008066,TRUE,NA
"sigma",25.23,-7.24731914204352,0.00351845834790865,0.976716329317171,7.24584934423025,78.2536347466305,TRUE,NA
"sigma",25.24,-7.24930289361516,0.00351768758653126,0.976726729972925,7.24783424384607,78.2923924433772,TRUE,NA
"sigma",25.25,-7.25128639552448,0.00351691678721444,0.976737121749767,7.24981889245182,78.3311543899186,TRUE,NA
"sigma",25.26,-7.25326964789865,0.00351614595074334,0.976747504658623,7.25180329017678,78.3699205851278,TRUE,NA
"sigma",25.27,-7.25525265086471,0.00351537507792798,0.976757878710407,7.25378743715009,78.4086910278793,TRUE,NA
"sigma",25.28,-7.25723540454955,0.00351460416957927,0.976768243916023,7.25577133350073,78.4474657170473,TRUE,NA
"sigma",25.29,-7.25921790907998,0.00351383322647081,0.976778600286374,7.25775497935761,78.4862446515077,TRUE,NA
"sigma",25.3,-7.26120016458272,0.00351306224943571,0.976788947832326,7.25973837484955,78.5250278301362,TRUE,NA
"sigma",25.31,-7.26318217118434,0.00351229123929198,0.976799286564827,7.26172152010521,78.5638152518102,TRUE,NA
"sigma",25.32,-7.26516392901129,0.00351152019678924,0.976809616494618,7.26370441525312,78.6026069154069,TRUE,NA
"sigma",25.33,-7.26714543818995,0.00351074912270644,0.976819937632538,7.26568706042173,78.6414028198053,TRUE,NA
"sigma",25.34,-7.26912669884655,0.00350997801788111,0.976830249989427,7.26766945573935,78.6802029638838,TRUE,NA
"sigma",25.35,-7.27110771110722,0.00350920688308243,0.976840553576064,7.26965160133419,78.719007346523,TRUE,NA
"sigma",25.36,-7.27308847509798,0.00350843571908666,0.976850848403238,7.27163349733433,78.7578159666031,TRUE,NA
"sigma",25.37,-7.27506899094476,0.00350766452666651,0.976861134481662,7.27361514386777,78.796628823006,TRUE,NA
"sigma",25.38,-7.27704925877333,0.00350689330662046,0.97687141182212,7.27559654106232,78.8354459146135,TRUE,NA
"sigma",25.39,-7.27902927870939,0.00350612205974254,0.976881680435318,7.27757768904578,78.8742672403086,TRUE,NA
"sigma",25.4,-7.28100905087851,0.00350535078676284,0.976891940331948,7.27955858794571,78.9130927989749,TRUE,NA
"sigma",25.41,-7.28298857540616,0.00350457948848515,0.976902191522725,7.28153923788967,78.9519225894966,TRUE,NA
"sigma",25.42,-7.28496785241768,0.00350380816567419,0.976912434018313,7.28351963900504,78.9907566107591,TRUE,NA
"sigma",25.43,-7.28694688203833,0.00350303681910269,0.976922667829341,7.28549979141911,79.0295948616482,TRUE,NA
"sigma",25.44,-7.28892566439322,0.00350226544955135,0.976932892966541,7.28747969525904,79.0684373410501,TRUE,NA
"sigma",25.45,-7.2909041996074,0.00350149405774935,0.976943109440382,7.28945935065189,79.1072840478529,TRUE,NA
"sigma",25.46,-7.29288248780576,0.0035007226444641,0.976953317261565,7.29143875772457,79.1461349809439,TRUE,NA
"sigma",25.47,-7.29486052911311,0.00349995121049584,0.976963516440715,7.29341791660395,79.1849901392124,TRUE,NA
"sigma",25.48,-7.29683832365413,0.00349917975654357,0.976973706988293,7.2953968274167,79.2238495215476,TRUE,NA
"sigma",25.49,-7.2988158715534,0.00349840828340842,0.976983888914926,7.29737549028945,79.2627131268399,TRUE,NA
"sigma",25.5,-7.30079317293541,0.00349763679182313,0.976994062231129,7.29935390534867,79.3015809539805,TRUE,NA
"sigma",25.51,-7.30277022792452,0.00349686528254445,0.977004226947446,7.30133207272072,79.3404530018608,TRUE,NA
"sigma",25.52,-7.30474703664494,0.00349609375632109,0.977014383074356,7.30330999253185,79.3793292693732,TRUE,NA
"sigma",25.53,-7.30672359922087,0.00349532221389293,0.97702453062236,7.30528766490824,79.4182097554113,TRUE,NA
"sigma",25.54,-7.30869991577632,0.00349455065600601,0.977034669601924,7.30726508997589,79.4570944588687,TRUE,NA
"sigma",25.55,-7.3106759864352,0.00349377908341442,0.977044800023509,7.30924226786072,79.4959833786403,TRUE,NA
"sigma",25.56,-7.31265181132133,0.00349300749683756,0.977054921897549,7.31121919868853,79.5348765136211,TRUE,NA
"sigma",25.57,-7.31462739055843,0.00349223589703307,0.977065035234478,7.31319588258504,79.5737738627077,TRUE,NA
"sigma",25.58,-7.3166027242701,0.00349146428470082,0.97707514004462,7.31517231967579,79.6126754247966,TRUE,NA
"sigma",25.59,-7.3185778125798,0.0034906926606082,0.977085236338465,7.31714851008627,79.6515811987854,TRUE,NA
"sigma",25.6,-7.32055265561095,0.00348992102547641,0.977095324126349,7.31912445394183,79.6904911835727,TRUE,NA
"sigma",25.61,-7.3225272534868,0.00348914938002931,0.977105403418653,7.32110015136771,79.729405378057,TRUE,NA
"sigma",25.62,-7.3245016063305,0.00348837772502009,0.97711547422568,7.32307560248904,79.7683237811383,TRUE,NA
"sigma",25.63,-7.32647571426516,0.00348760606115128,0.977125536557788,7.32505080743087,79.8072463917171,TRUE,NA
"sigma",25.64,-7.32844957741366,0.00348683438912634,0.977135590425239,7.32702576631804,79.8461732086946,TRUE,NA
"sigma",25.65,-7.33042319589888,0.00348606270968599,0.977145635838361,7.3290004792754,79.8851042309726,TRUE,NA
"sigma",25.66,-7.33239656984356,0.003485291023547,0.977155672807412,7.33097494642761,79.9240394574537,TRUE,NA
"sigma",25.67,-7.3343696993703,0.00348451933143856,0.977165701342664,7.33294916789926,79.9629788870413,TRUE,NA
"sigma",25.68,-7.33634258460164,0.00348374763404102,0.977175721454345,7.3349231438148,80.0019225186396,TRUE,NA
"sigma",25.69,-7.33831522565998,0.00348297593209601,0.977185733152692,7.33689687429858,80.0408703511531,TRUE,NA
"sigma",25.7,-7.34028762266763,0.00348220422629009,0.977195736447895,7.33887035947484,80.0798223834877,TRUE,NA
"sigma",25.71,-7.34225977574677,0.003481432517356,0.977205731350182,7.34084359946771,80.118778614549,TRUE,NA
"sigma",25.72,-7.34423168501951,0.00348066080596876,0.977215717869703,7.34281659440122,80.1577390432447,TRUE,NA
"sigma",25.73,-7.34620335060784,0.00347988909285935,0.97722569601665,7.34478934439927,80.1967036684817,TRUE,NA
"sigma",25.74,-7.3481747726336,0.00347911737872941,0.977235665801144,7.34676184958566,80.2356724891689,TRUE,NA
"sigma",25.75,-7.3501459512186,0.00347834566424865,0.977245627233318,7.34873411008407,80.2746455042152,TRUE,NA
"sigma",25.76,-7.35211688648449,0.00347757395011694,0.977255580323271,7.35070612601809,80.3136227125305,TRUE,NA
"sigma",25.77,-7.35408757855283,0.00347680223705993,0.977265525081165,7.35267789751119,80.352604113025,TRUE,NA
"sigma",25.78,-7.35605802754506,0.00347603052577128,0.977275461517035,7.35464942468671,80.3915897046102,TRUE,NA
"sigma",25.79,-7.35802823358255,0.00347525881687805,0.977285389640907,7.35662070766791,80.4305794861981,TRUE,NA
"sigma",25.8,-7.35999819678652,0.00347448711114584,0.977295309462926,7.35859174657795,80.4695734567008,TRUE,NA
"sigma",25.81,-7.36196791727811,0.00347371540921948,0.977305220993072,7.36056254153983,80.5085716150322,TRUE,NA
"sigma",25.82,-7.36393739517836,0.00347294371181128,0.977315124241382,7.3625330926765,80.5475739601063,TRUE,NA
"sigma",25.83,-7.36590663060819,0.00347217201953764,0.977325019217808,7.36450340011073,80.5865804908378,TRUE,NA
"sigma",25.84,-7.36787562368841,0.00347140033315885,0.977334905932413,7.36647346396528,80.6255912061418,TRUE,NA
"sigma",25.85,-7.36984437453974,0.00347062865332237,0.977344784395165,7.36844328436269,80.6646061049352,TRUE,NA
"sigma",25.86,-7.37181288328279,0.00346985698068814,0.977354654615968,7.3704128614255,80.7036251861341,TRUE,NA
"sigma",25.87,-7.37378115003805,0.00346908531596668,0.977364516604814,7.37238219527604,80.7426484486566,TRUE,NA
"sigma",25.88,-7.37574917492596,0.00346831365980194,0.977374370371627,7.37435128603661,80.7816758914209,TRUE,NA
"sigma",25.89,-7.37771695806678,0.00346754201286448,0.977384215926274,7.37632013382937,80.8207075133462,TRUE,NA
"sigma",25.9,-7.37968449958069,0.00346677037582488,0.977394053278678,7.37828873877635,80.8597433133516,TRUE,NA
"sigma",25.91,-7.3816517995878,0.00346599874936704,0.977403882438738,7.38025710099952,80.8987832903579,TRUE,NA
"sigma",25.92,-7.3836188582081,0.00346522713412867,0.977413703416265,7.38222522062072,80.9378274432863,TRUE,NA
"sigma",25.93,-7.38558567556145,0.00346445553079633,0.9774235162212,7.38419309776167,80.9768757710584,TRUE,NA
"sigma",25.94,-7.38755225176762,0.00346368394000152,0.977433320863294,7.38616073254398,81.0159282725969,TRUE,NA
"sigma",25.95,-7.3895185869463,0.00346291236244234,0.977443117352381,7.3881281250892,81.0549849468249,TRUE,NA
"sigma",25.96,-7.39148468121704,0.00346214079872986,0.977452905698281,7.39009527551871,81.0940457926662,TRUE,NA
"sigma",25.97,-7.3934505346993,0.0034613692495471,0.977462685910781,7.39206218395382,81.1331108090454,TRUE,NA
"sigma",25.98,-7.39541614751245,0.00346059771555574,0.977472457999664,7.39402885051572,81.172179994888,TRUE,NA
"sigma",25.99,-7.39738151977575,0.00345982619737129,0.977482221974669,7.39599527532551,81.2112533491197,TRUE,NA
"sigma",26,-7.39934665160834,0.00345905469566787,0.97749197784554,7.39796145850416,81.2503308706675,TRUE,NA
"sigma",26.01,-7.40131154312927,0.00345828321107877,0.977501725622006,7.39992740017255,81.2894125584585,TRUE,NA
"sigma",26.02,-7.40327619445751,0.00345751174426745,0.977511465313795,7.40189310045145,81.3284984114214,TRUE,NA
"sigma",26.03,-7.40524060571187,0.00345674029586629,0.977521196930604,7.40385855946153,81.367588428484,TRUE,NA
"sigma",26.04,-7.40720477701113,0.003455968866513,0.977530920482086,7.40582377732334,81.4066826085766,TRUE,NA
"sigma",26.05,-7.40916870847388,0.00345519745682665,0.977540635977917,7.40778875415729,81.4457809506286,TRUE,NA
"sigma",26.06,-7.4111324002187,0.00345442606748758,0.977550343427796,7.40975349008379,81.4848834535715,TRUE,NA
"sigma",26.07,-7.41309585236402,0.00345365469911219,0.977560042841315,7.41171798522304,81.5239901163368,TRUE,NA
"sigma",26.08,-7.41505906502816,0.00345288335232397,0.97756973422812,7.41368223969519,81.5631009378563,TRUE,NA
"sigma",26.09,-7.41702203832934,0.00345211202775175,0.97757941759775,7.41564625362026,81.6022159170633,TRUE,NA
"sigma",26.1,-7.41898477238572,0.00345134072602615,0.977589092959889,7.41761002711817,81.6413350528914,TRUE,NA
"sigma",26.11,-7.42094726731528,0.0034505694477911,0.977598760324082,7.41957356030871,81.6804583442742,TRUE,NA
"sigma",26.12,-7.42290952323599,0.00344979819367008,0.977608419699873,7.42153685331166,81.7195857901475,TRUE,NA
"sigma",26.13,-7.42487154026566,0.00344902696426974,0.977618071096843,7.42349990624658,81.7587173894471,TRUE,NA
"sigma",26.14,-7.426833318522,0.00344825576023222,0.977627714524504,7.42546271923297,81.7978531411083,TRUE,NA
"sigma",26.15,-7.42879485812263,0.00344748458214195,0.977637349992378,7.42742529239025,81.8369930440694,TRUE,NA
"sigma",26.16,-7.43075615918509,0.00344671343065528,0.977646977509975,7.42938762583769,81.8761370972671,TRUE,NA
"sigma",26.17,-7.43271722182678,0.00344594230637707,0.977656597086775,7.43134971969449,81.9152852996403,TRUE,NA
"sigma",26.18,-7.43467804616502,0.00344517120990506,0.977666208732251,7.43331157407974,81.9544376501281,TRUE,NA
"sigma",26.19,-7.43663863231704,0.00344440014188141,0.977675812455883,7.4352731891124,81.9935941476703,TRUE,NA
"sigma",26.2,-7.43859898039994,0.00344362910289675,0.977685408267111,7.43723456491139,82.032754791207,TRUE,NA
"sigma",26.21,-7.44055909053074,0.00344285809354705,0.977694996175338,7.43919570159543,82.0719195796798,TRUE,NA
"sigma",26.22,-7.44251896282636,0.00344208711447003,0.977704576190004,7.44115659928322,82.11108851203,TRUE,NA
"sigma",26.23,-7.44447859740362,0.00344131616624832,0.977714148320526,7.44311725809331,82.1502615872005,TRUE,NA
"sigma",26.24,-7.44643799437922,0.00344054524949566,0.977723712576248,7.44507767814419,82.1894388041345,TRUE,NA
"sigma",26.25,-7.44839715386978,0.00343977436483378,0.977733268966611,7.44703785955418,82.2286201617755,TRUE,NA
"sigma",26.26,-7.45035607599181,0.0034390035127938,0.977742817500885,7.44899780244156,82.2678056590682,TRUE,NA
"sigma",26.27,-7.45231476086174,0.00343823269404631,0.977752358188474,7.45095750692447,82.3069952949578,TRUE,NA
"sigma",26.28,-7.45427320859588,0.00343746190915262,0.977761891038712,7.45291697312098,82.3461890683903,TRUE,NA
"sigma",26.29,-7.45623141931043,0.00343669115870693,0.97777141606085,7.454876201149,82.3853869783122,TRUE,NA
"sigma",26.3,-7.45818939312151,0.00343592044332652,0.977780933264277,7.4568351911264,82.4245890236703,TRUE,NA
"sigma",26.31,-7.46014713014517,0.00343514976358161,0.977790442658242,7.45879394317093,82.4637952034133,TRUE,NA
"sigma",26.32,-7.46210463049728,0.00343437912005218,0.977799944251995,7.4607524574002,82.5030055164891,TRUE,NA
"sigma",26.33,-7.4640618942937,0.00343360851334573,0.977809438054833,7.46271073393178,82.5422199618473,TRUE,NA
"sigma",26.34,-7.46601892165011,0.00343283794404581,0.977818924075973,7.46466877288306,82.5814385384376,TRUE,NA
"sigma",26.35,-7.46797571268217,0.0034320674126942,0.977828402324641,7.46662657437141,82.6206612452109,TRUE,NA
"sigma",26.36,-7.46993226750538,0.00343129691994459,0.977837872810085,7.46858413851406,82.6598880811182,TRUE,NA
"sigma",26.37,-7.47188858623515,0.0034305264663308,0.977847335541489,7.47054146542811,82.6991190451112,TRUE,NA
"sigma",26.38,-7.47384466898683,0.00342975605240969,0.977856790528005,7.4724985552306,82.738354136143,TRUE,NA
"sigma",26.39,-7.47580051587563,0.0034289856788341,0.977866237778855,7.47445540803846,82.7775933531664,TRUE,NA
"sigma",26.4,-7.4777561270167,0.00342821534612181,0.977875677303216,7.47641202396853,82.8168366951357,TRUE,NA
"sigma",26.41,-7.47971150252505,0.00342744505481285,0.977885109110116,7.47836840313748,82.8560841610057,TRUE,NA
"sigma",26.42,-7.48166664251562,0.00342667480557157,0.977894533208848,7.48032454566199,82.8953357497311,TRUE,NA
"sigma",26.43,-7.48362154710324,0.00342590459889092,0.97790394960841,7.48228045165854,82.9345914602679,TRUE,NA
"sigma",26.44,-7.48557621640266,0.00342513443537662,0.977913358317985,7.48423612124358,82.9738512915733,TRUE,NA
"sigma",26.45,-7.48753065052849,0.00342436431558379,0.977922759346589,7.4861915545334,83.0131152426036,TRUE,NA
"sigma",26.46,-7.4894848495953,0.00342359424007732,0.977932152703345,7.48814675164424,83.0523833123176,TRUE,NA
"sigma",26.47,-7.49143881371752,0.00342282420938922,0.977941538397281,7.4901017126922,83.0916554996735,TRUE,NA
"sigma",26.48,-7.4933925430095,0.00342205422414654,0.977950916437481,7.49205643779331,83.1309318036304,TRUE,NA
"sigma",26.49,-7.49534603758549,0.00342128428485022,0.977960286832983,7.49401092706348,83.1702122231486,TRUE,NA
"sigma",26.5,-7.49729929755964,0.00342051439210067,0.977969649592759,7.49596518061853,83.2094967571882,TRUE,NA
"sigma",26.51,-7.499252323046,0.00341974454641214,0.977979004725845,7.49791919857418,83.248785404711,TRUE,NA
"sigma",26.52,-7.50120511415854,0.00341897474838149,0.977988352241265,7.49987298104603,83.2880781646781,TRUE,NA
"sigma",26.53,-7.50315767101112,0.0034182049985203,0.977997692147941,7.50182652814961,83.327375036053,TRUE,NA
"sigma",26.54,-7.5051099937175,0.00341743529739524,0.978007024454858,7.50377984000034,83.3666760177984,TRUE,NA
"sigma",26.55,-7.50706208239134,0.00341666564555698,0.978016349170988,7.50573291671351,83.405981108878,TRUE,NA
"sigma",26.56,-7.50901393714626,0.00341589604356241,0.978025666305243,7.50768575840439,83.4452903082567,TRUE,NA
"sigma",26.57,-7.51096555809566,0.0034151264919613,0.978034975866558,7.50963836518806,83.4846036148994,TRUE,NA
"sigma",26.58,-7.51291694535298,0.00341435699126436,0.978044277863846,7.51159073717955,83.5239210277721,TRUE,NA
"sigma",26.59,-7.51486809903147,0.00341358754201337,0.978053572305986,7.51354287449376,83.5632425458411,TRUE,NA
"sigma",26.6,-7.51681901924435,0.00341281814480787,0.978062859201892,7.51549477724555,83.6025681680735,TRUE,NA
"sigma",26.61,-7.51876970610468,0.00341204880015056,0.978072138560426,7.51744644554961,83.6418978934374,TRUE,NA
"sigma",26.62,-7.52072015972548,0.00341127950854769,0.978081410390437,7.51939787952058,83.6812317209013,TRUE,NA
"sigma",26.63,-7.52267038021963,0.00341051027059613,0.978090674700776,7.52134907927298,83.7205696494338,TRUE,NA
"sigma",26.64,-7.52462036769996,0.0034097410867755,0.978099931500244,7.52330004492124,83.7599116780051,TRUE,NA
"sigma",26.65,-7.52657012227914,0.00340897195765422,0.9781091807977,7.5252507765797,83.7992578055852,TRUE,NA
"sigma",26.66,-7.52851964406984,0.00340820288374388,0.978118422601908,7.52720127436256,83.8386080311454,TRUE,NA
"sigma",26.67,-7.53046893318456,0.00340743386558273,0.97812765692169,7.52915153838399,83.8779623536578,TRUE,NA
"sigma",26.68,-7.53241798973569,0.00340666490369657,0.978136883765787,7.53110156875798,83.9173207720939,TRUE,NA
"sigma",26.69,-7.53436681383561,0.00340589599862628,0.978146103143013,7.53305136559851,83.9566832854274,TRUE,NA
"sigma",26.7,-7.53631540559652,0.0034051271508444,0.978155315062054,7.53500092901939,83.9960498926317,TRUE,NA
"sigma",26.71,-7.53826376513058,0.00340435836092556,0.978164519531665,7.53695025913437,84.0354205926808,TRUE,NA
"sigma",26.72,-7.54021189254983,0.00340358962939469,0.978173716560632,7.5388993560571,84.0747953845499,TRUE,NA
"sigma",26.73,-7.54215978796622,0.00340282095673228,0.978182906157585,7.54084821990112,84.1141742672148,TRUE,NA
"sigma",26.74,-7.54410745149162,0.00340205234347835,0.978192088331259,7.54279685077988,84.1535572396516,TRUE,NA
"sigma",26.75,-7.54605488323777,0.00340128379015336,0.978201263090339,7.54474524880674,84.1929443008367,TRUE,NA
"sigma",26.76,-7.54800208331634,0.00340051529727248,0.97821043044349,7.54669341409493,84.232335449748,TRUE,NA
"sigma",26.77,-7.54994905183894,0.00339974686532685,0.978219590399341,7.54864134675764,84.2717306853638,TRUE,NA
"sigma",26.78,-7.55189578891702,0.00339897849486981,0.978228742966588,7.55058904690792,84.3111300066628,TRUE,NA
"sigma",26.79,-7.55384229466198,0.00339821018636144,0.978237888153799,7.55253651465872,84.3505334126242,TRUE,NA
"sigma",26.8,-7.55578856918511,0.00339744194036129,0.978247025969662,7.55448375012292,84.3899409022285,TRUE,NA
"sigma",26.81,-7.5577346125976,0.00339667375733566,0.978256156422743,7.5564307534133,84.4293524744559,TRUE,NA
"sigma",26.82,-7.55968042501059,0.00339590563779257,0.978265279521624,7.55837752464251,84.4687681282882,TRUE,NA
"sigma",26.83,-7.56162600653506,0.0033951375822463,0.978274395274875,7.56032406392316,84.5081878627074,TRUE,NA
"sigma",26.84,-7.56357135728194,0.00339436959121109,0.978283503691111,7.56227037136771,84.5476116766958,TRUE,NA
"sigma",26.85,-7.56551647736206,0.00339360166519231,0.97829260477887,7.56421644708856,84.587039569237,TRUE,NA
"sigma",26.86,-7.56746136688616,0.00339283380464206,0.978301698546667,7.56616229119799,84.6264715393148,TRUE,NA
"sigma",26.87,-7.56940602596488,0.00339206601010922,0.978310785003043,7.56810790380821,84.6659075859137,TRUE,NA
"sigma",26.88,-7.57135045470876,0.00339129828209472,0.978319864156527,7.57005328503132,84.7053477080185,TRUE,NA
"sigma",26.89,-7.57329465322826,0.00339053062105421,0.978328936015598,7.57199843497932,84.7447919046159,TRUE,NA
"sigma",26.9,-7.57523862163374,0.00338976302747707,0.978338000588755,7.57394335376409,84.7842401746915,TRUE,NA
"sigma",26.91,-7.5771823600355,0.0033889955018731,0.978347057884446,7.57588804149749,84.8236925172333,TRUE,NA
"sigma",26.92,-7.57912586854369,0.00338822804474148,0.978356107911189,7.57783249829122,84.8631489312283,TRUE,NA
"sigma",26.93,-7.58106914726839,0.00338746065658135,0.978365150677403,7.57977672425692,84.9026094156648,TRUE,NA
"sigma",26.94,-7.58301219631962,0.00338669333783148,0.978374186191509,7.58172071950607,84.9420739695321,TRUE,NA
"sigma",26.95,-7.58495501580727,0.00338592608902921,0.978383214461961,7.58366448415015,84.9815425918198,TRUE,NA
"sigma",26.96,-7.58689760584114,0.00338515891063551,0.978392235497181,7.58560801830049,85.0210152815183,TRUE,NA
"sigma",26.97,-7.58883996653098,0.00338439180313355,0.978401249305529,7.58755132206833,85.060492037618,TRUE,NA
"sigma",26.98,-7.5907820979864,0.00338362476698872,0.978410255895416,7.58949439556482,85.0999728591107,TRUE,NA
"sigma",26.99,-7.59272400031692,0.00338285780272152,0.978419255275205,7.59143723890102,85.1394577449889,TRUE,NA
"sigma",27,-7.59466567363202,0.0033820909107698,0.978428247453292,7.59337985218789,85.1789466942443,TRUE,NA
"sigma",27.01,-7.59660711804102,0.00338132409162384,0.978437232437983,7.5953222355363,85.2184397058716,TRUE,NA
"sigma",27.02,-7.5985483336532,0.00338055734578369,0.978446210237619,7.59726438905702,85.2579367788639,TRUE,NA
"sigma",27.03,-7.60048932057773,0.00337979067366589,0.978455180860548,7.59920631286073,85.2974379122162,TRUE,NA
"sigma",27.04,-7.60243007892369,0.00337902407580515,0.978464144315085,7.60114800705803,85.3369431049237,TRUE,NA
"sigma",27.05,-7.60437060880008,0.0033782575526411,0.978473100609505,7.60308947175939,85.3764523559824,TRUE,NA
"sigma",27.06,-7.60631091031576,0.0033774911046347,0.9784820497521,7.60503070707523,85.4159656643887,TRUE,NA
"sigma",27.07,-7.60825098357958,0.00337672473227091,0.978490991751153,7.60697171311584,85.4554830291397,TRUE,NA
"sigma",27.08,-7.61019082870023,0.00337595843600536,0.978499926614922,7.60891248999145,85.4950044492332,TRUE,NA
"sigma",27.09,-7.61213044578636,0.00337519221631055,0.978508854351625,7.61085303781214,85.5345299236676,TRUE,NA
"sigma",27.1,-7.61406983494649,0.00337442607365102,0.978517774969577,7.61279335668798,85.5740594514421,TRUE,NA
"sigma",27.11,-7.61600899628906,0.00337366000849482,0.97852668847696,7.61473344672889,85.613593031556,TRUE,NA
"sigma",27.12,-7.61794792992244,0.0033728940212896,0.978535594881964,7.61667330804471,85.6531306630097,TRUE,NA
"sigma",27.13,-7.61988663595491,0.00337212811248655,0.97854449419283,7.61861294074519,85.6926723448042,TRUE,NA
"sigma",27.14,-7.62182511449462,0.00337136228256618,0.978553386417695,7.62055234493998,85.732218075941,TRUE,NA
"sigma",27.15,-7.62376336564966,0.00337059653197258,0.978562271564788,7.62249152073864,85.7717678554219,TRUE,NA
"sigma",27.16,-7.62570138952804,0.00336983086114095,0.978571149642224,7.62443046825064,85.8113216822501,TRUE,NA
"sigma",27.17,-7.62763918623765,0.00336906527057224,0.978580020658207,7.62636918758537,85.8508795554283,TRUE,NA
"sigma",27.18,-7.62957675588632,0.00336829976070252,0.978588884620871,7.62830767885211,85.8904414739609,TRUE,NA
"sigma",27.19,-7.63151409858177,0.00336753433193682,0.978597741538284,7.63024594216004,85.9300074368526,TRUE,NA
"sigma",27.2,-7.63345121443166,0.00336676898479649,0.978606591418635,7.6321839776183,85.9695774431083,TRUE,NA
"sigma",27.21,-7.63538810354352,0.00336600371968121,0.978615434269979,7.63412178533586,86.009151491734,TRUE,NA
"sigma",27.22,-7.6373247660248,0.00336523853703863,0.978624270100381,7.63605936542163,86.0487295817359,TRUE,NA
"sigma",27.23,-7.6392612019829,0.00336447343733326,0.978633098918027,7.63799671798448,86.0883117121212,TRUE,NA
"sigma",27.24,-7.64119741152508,0.00336370842099143,0.978641920730863,7.63993384313312,86.1278978818977,TRUE,NA
"sigma",27.25,-7.64313339475854,0.00336294348847144,0.978650735547029,7.64187074097619,86.1674880900732,TRUE,NA
"sigma",27.26,-7.6450691517904,0.00336217864021204,0.978659543374529,7.64380741162226,86.2070823356573,TRUE,NA
"sigma",27.27,-7.64700468272765,0.00336141387664135,0.978668344221391,7.64574385517977,86.2466806176586,TRUE,NA
"sigma",27.28,-7.64893998767724,0.00336064919821233,0.978677138095634,7.64768007175711,86.2862829350881,TRUE,NA
"sigma",27.29,-7.65087506674602,0.00335988460533887,0.978685925005286,7.64961606146256,86.325889286956,TRUE,NA
"sigma",27.3,-7.65280992004069,0.00335912009848105,0.978694704958324,7.65155182440427,86.3654996722733,TRUE,NA
"sigma",27.31,-7.65474454766797,0.00335835567807408,0.978703477962754,7.6534873606904,86.4051140900527,TRUE,NA
"sigma",27.32,-7.65667894973441,0.00335759134451674,0.978712244026524,7.6554226704289,86.4447325393063,TRUE,NA
"sigma",27.33,-7.6586131263465,0.00335682709829044,0.978721003157609,7.65735775372772,86.4843550190471,TRUE,NA
"sigma",27.34,-7.66054707761066,0.00335606293978241,0.978729755363948,7.65929261069468,86.5239815282894,TRUE,NA
"sigma",27.35,-7.66248080363317,0.00335529886943231,0.978738500653449,7.6612272414375,86.5636120660471,TRUE,NA
"sigma",27.36,-7.66441430452027,0.00335453488766912,0.978747239034062,7.66316164606385,86.6032466313351,TRUE,NA
"sigma",27.37,-7.66634758037811,0.00335377099494583,0.978755970513747,7.66509582468129,86.6428852231693,TRUE,NA
"sigma",27.38,-7.6682806313127,0.00335300719165232,0.978764695100315,7.66702977739724,86.6825278405655,TRUE,NA
"sigma",27.39,-7.67021345743003,0.00335224347821761,0.978773412801705,7.66896350431911,86.7221744825409,TRUE,NA
"sigma",27.4,-7.67214605883599,0.00335147985507511,0.978782123625816,7.67089700555419,86.7618251481126,TRUE,NA
"sigma",27.41,-7.67407843563634,0.00335071632261563,0.978790827580427,7.67283028120965,86.8014798362987,TRUE,NA
"sigma",27.42,-7.67601058793679,0.00334995288132145,0.978799524673517,7.67476333139263,86.8411385461178,TRUE,NA
"sigma",27.43,-7.67794251584296,0.00334918953155139,0.978808214912823,7.67669615621012,86.8808012765889,TRUE,NA
"sigma",27.44,-7.67987421946037,0.00334842627376553,0.978816898306241,7.67862875576907,86.9204680267321,TRUE,NA
"sigma",27.45,-7.68180569889448,0.00334766310833601,0.978825574861544,7.68056113017632,86.9601387955677,TRUE,NA
"sigma",27.46,-7.68373695425061,0.00334690003568294,0.978834244586542,7.68249327953859,86.9998135821166,TRUE,NA
"sigma",27.47,-7.68566798563406,0.00334613705624776,0.978842907489061,7.68442520396255,87.0394923854003,TRUE,NA
"sigma",27.48,-7.68759879314998,0.00334537417043101,0.978851563576882,7.68635690355479,87.079175204441,TRUE,NA
"sigma",27.49,-7.68952937690349,0.00334461137865727,0.97886021285777,7.68828837842179,87.1188620382617,TRUE,NA
"sigma",27.5,-7.69145973699958,0.0033438486812658,0.978868855339441,7.69021962866992,87.1585528858858,TRUE,NA
"sigma",27.51,-7.6933898735432,0.00334308607876643,0.978877491029747,7.69215065440552,87.1982477463371,TRUE,NA
"sigma",27.52,-7.69531978663915,0.00334232357149666,0.978886119936338,7.69408145573478,87.2379466186401,TRUE,NA
"sigma",27.53,-7.6972494763922,0.00334156115988016,0.97889474206696,7.69601203276385,87.2776495018203,TRUE,NA
"sigma",27.54,-7.69917894290703,0.00334079884432459,0.978903357429353,7.69794238559875,87.317356394903,TRUE,NA
"sigma",27.55,-7.7011081862882,0.00334003662522697,0.978911966031214,7.69987251434544,87.3570672969152,TRUE,NA
"sigma",27.56,-7.70303720664017,0.00333927450299498,0.978920567880225,7.70180241910979,87.396782206883,TRUE,NA
"sigma",27.57,-7.70496600406743,0.00333851247802208,0.978929162984052,7.70373209999758,87.4365011238349,TRUE,NA
"sigma",27.58,-7.70689457867424,0.00333775055069108,0.978937751350382,7.70566155711448,87.4762240467984,TRUE,NA
"sigma",27.59,-7.70882293056486,0.0033369887214425,0.978946332986898,7.70759079056611,87.5159509748027,TRUE,NA
"sigma",27.6,-7.71075105984343,0.00333622699062985,0.978954907901219,7.70951980045796,87.5556819068767,TRUE,NA
"sigma",27.61,-7.71267896661403,0.00333546535867413,0.978963476100975,7.71144858689549,87.5954168420505,TRUE,NA
"sigma",27.62,-7.71460665098064,0.00333470382594747,0.97897203759383,7.71337714998401,87.6351557793548,TRUE,NA
"sigma",27.63,-7.71653411304714,0.00333394239288332,0.978980592387367,7.71530548982879,87.6748987178203,TRUE,NA
"sigma",27.64,-7.71846135291736,0.00333318105982539,0.978989140489204,7.71723360653498,87.7146456564789,TRUE,NA
"sigma",27.65,-7.72038837069503,0.0033324198271707,0.978997681906884,7.71916150020765,87.754396594363,TRUE,NA
"sigma",27.66,-7.72231516648376,0.00333165869532426,0.979006216648045,7.72108917095179,87.7941515305052,TRUE,NA
"sigma",27.67,-7.72424174038717,0.0033308976646893,0.979014744720244,7.72301661887234,87.8339104639394,TRUE,NA
"sigma",27.68,-7.72616809250868,0.00333013673561666,0.979023266131036,7.72494384407408,87.8736733936993,TRUE,NA
"sigma",27.69,-7.7280942229517,0.00332937590850424,0.97903178088796,7.72687084666174,87.9134403188194,TRUE,NA
"sigma",27.7,-7.73002013181953,0.00332861518374639,0.979040288998563,7.72879762673997,87.9532112383353,TRUE,NA
"sigma",27.71,-7.7319458192154,0.00332785456170548,0.979048790470358,7.73072418441333,87.9929861512826,TRUE,NA
"sigma",27.72,-7.73387128524244,0.00332709404279807,0.979057285310878,7.73265051978628,88.0327650566977,TRUE,NA
"sigma",27.73,-7.7357965300037,0.00332633362736878,0.979065773527596,7.73457663296322,88.0725479536173,TRUE,NA
"sigma",27.74,-7.73772155360216,0.00332557331579153,0.979074255128033,7.73650252404841,88.1123348410797,TRUE,NA
"sigma",27.75,-7.73964635614072,0.00332481310847133,0.979082730119628,7.73842819314611,88.1521257181224,TRUE,NA
"sigma",27.76,-7.74157093772213,0.00332405300577943,0.979091198509904,7.74035364036041,88.1919205837842,TRUE,NA
"sigma",27.77,-7.74349529844916,0.00332329300808265,0.979099660306292,7.74227886579537,88.2317194371045,TRUE,NA
"sigma",27.78,-7.74541943842443,0.00332253311575847,0.979108115516244,7.74420386955492,88.2715222771232,TRUE,NA
"sigma",27.79,-7.7473433577505,0.00332177332918349,0.979116564147214,7.74612865174296,88.3113291028807,TRUE,NA
"sigma",27.8,-7.74926705652981,0.00332101364872717,0.979125006206614,7.74805321246324,88.3511399134184,TRUE,NA
"sigma",27.81,-7.75119053486478,0.00332025407474745,0.979133441701821,7.74997755181948,88.3909547077774,TRUE,NA
"sigma",27.82,-7.75311379285769,0.00331949460762804,0.979141870640288,7.75190166991528,88.4307734850003,TRUE,NA
"sigma",27.83,-7.75503683061077,0.00331873524774196,0.979150293029415,7.75382556685415,88.4705962441295,TRUE,NA
"sigma",27.84,-7.75695964822615,0.00331797599543115,0.979158708876564,7.75574924273957,88.5104229842088,TRUE,NA
"sigma",27.85,-7.75888224580588,0.00331721685108377,0.97916711818908,7.75767269767485,88.5502537042818,TRUE,NA
"sigma",27.86,-7.76080462345195,0.00331645781505685,0.979175520974391,7.75959593176331,88.5900884033932,TRUE,NA
"sigma",27.87,-7.76272678126624,0.00331569888773853,0.979183917239807,7.7615189451081,88.6299270805881,TRUE,NA
"sigma",27.88,-7.76464871935054,0.00331494006944766,0.979192306992666,7.76344173781233,88.6697697349119,TRUE,NA
"sigma",27.89,-7.7665704378066,0.00331418136056882,0.979200690240312,7.76536430997902,88.7096163654114,TRUE,NA
"sigma",27.9,-7.76849193673604,0.00331342276144664,0.979209066990016,7.76728666171109,88.7494669711329,TRUE,NA
"sigma",27.91,-7.77041321624044,0.0033126642724719,0.979217437249163,7.76920879311141,88.7893215511242,TRUE,NA
"sigma",27.92,-7.77233427642126,0.00331190589396702,0.979225801024991,7.77113070428272,88.8291801044326,TRUE,NA
"sigma",27.93,-7.77425511737989,0.00331114762631035,0.979234158324828,7.7730523953277,88.8690426301074,TRUE,NA
"sigma",27.94,-7.77617573921766,0.00331038946984119,0.979242509155908,7.77497386634896,88.9089091271973,TRUE,NA
"sigma",27.95,-7.7780961420358,0.00330963142492369,0.979250853525513,7.77689511744901,88.9487795947522,TRUE,NA
"sigma",27.96,-7.78001632593547,0.00330887349191844,0.979259191440937,7.77881614873027,88.9886540318226,TRUE,NA
"sigma",27.97,-7.78193629101771,0.00330811567116562,0.979267522909367,7.78073696029508,89.0285324374584,TRUE,NA
"sigma",27.98,-7.78385603738351,0.00330735796301607,0.979275847938054,7.78265755224568,89.0684148107118,TRUE,NA
"sigma",27.99,-7.78577556513381,0.00330660036783037,0.979284166534249,7.78457792468429,89.1083011506347,TRUE,NA
"sigma",28,-7.7876948743694,0.00330584288593005,0.979292478705118,7.78649807771296,89.1481914562795,TRUE,NA
"sigma",28.01,-7.78961396519101,0.0033050855177077,0.979300784457905,7.78841801143373,89.1880857266988,TRUE,NA
"sigma",28.02,-7.79153283769935,0.00330432826345639,0.979309083799756,7.7903377259485,89.2279839609472,TRUE,NA
"sigma",28.03,-7.79345149199496,0.00330357112356694,0.9793173767379,7.79225722135912,89.2678861580786,TRUE,NA
"sigma",28.04,-7.79536992817836,0.00330281409834488,0.979325663279495,7.79417649776734,89.3077923171477,TRUE,NA
"sigma",28.05,-7.79728814634996,0.00330205718816323,0.979333943431687,7.79609555527486,89.3477024372096,TRUE,NA
"sigma",28.06,-7.7992061466101,0.00330130039338261,0.979342217201667,7.79801439398325,89.3876165173208,TRUE,NA
"sigma",28.07,-7.80112392905903,0.00330054371426236,0.979350484596495,7.79993301399401,89.4275345565375,TRUE,NA
"sigma",28.08,-7.80304149379694,0.00329978715123502,0.979358745623379,7.80185141540859,89.4674565539171,TRUE,NA
"sigma",28.09,-7.80495884092393,0.00329903070455906,0.979367000289377,7.80376959832833,89.5073825085168,TRUE,NA
"sigma",28.1,-7.80687597053999,0.00329827437463237,0.979375248601663,7.80568756285448,89.5473124193948,TRUE,NA
"sigma",28.11,-7.80879288274508,0.00329751816177826,0.979383490567283,7.80760530908823,89.5872462856102,TRUE,NA
"sigma",28.12,-7.81070957763903,0.00329676206633156,0.979391726193359,7.80952283713067,89.6271841062221,TRUE,NA
"sigma",28.13,-7.81262605532164,0.00329600608857739,0.979399955486905,7.81144014708279,89.6671258802908,TRUE,NA
"sigma",28.14,-7.81454231589259,0.00329525022890653,0.979408178455049,7.81335723904556,89.707071606876,TRUE,NA
"sigma",28.15,-7.8164583594515,0.00329449448762631,0.979416395104855,7.81527411311981,89.7470212850394,TRUE,NA
"sigma",28.16,-7.8183741860979,0.00329373886506978,0.979424605443311,7.81719076940629,89.7869749138422,TRUE,NA
"sigma",28.17,-7.82028979593126,0.00329298336158246,0.979432809477543,7.81910720800574,89.8269324923466,TRUE,NA
"sigma",28.18,-7.82220518905094,0.0032922279774894,0.979441007214519,7.82102342901871,89.8668940196155,TRUE,NA
"sigma",28.19,-7.82412036555622,0.0032914727131157,0.979449198661276,7.82293943254575,89.9068594947115,TRUE,NA
"sigma",28.2,-7.82603532554636,0.00329071756876331,0.979457383824775,7.82485521868727,89.9468289166995,TRUE,NA
"sigma",28.21,-7.82795006912046,0.00328996254477687,0.979465562712072,7.82677078754366,89.9868022846431,TRUE,NA
"sigma",28.22,-7.82986459637758,0.00328920764147789,0.979473735330103,7.82868613921519,90.0267795976071,TRUE,NA
"sigma",28.23,-7.83177890741673,0.00328845285919055,0.979481901685872,7.83060127380203,90.0667608546577,TRUE,NA
"sigma",28.24,-7.83369300233679,0.00328769819824615,0.97949006178635,7.83251619140434,90.1067460548604,TRUE,NA
"sigma",28.25,-7.83560688123656,0.00328694365895998,0.979498215638477,7.83443089212212,90.1467351972818,TRUE,NA
"sigma",28.26,-7.83752054421482,0.00328618924165269,0.979506363249235,7.83634537605534,90.1867282809893,TRUE,NA
"sigma",28.27,-7.83943399137018,0.00328543494662359,0.9795145046255,7.83825964330384,90.2267253050505,TRUE,NA
"sigma",28.28,-7.84134722280126,0.00328468077422706,0.979522639774262,7.84017369396744,90.2667262685332,TRUE,NA
"sigma",28.29,-7.84326023860658,0.00328392672473399,0.979530768702359,7.84208752814584,90.3067311705071,TRUE,NA
"sigma",28.3,-7.84517303888454,0.00328317279852808,0.979538891416809,7.84400114593867,90.3467400100408,TRUE,NA
"sigma",28.31,-7.84708562373349,0.00328241899585535,0.979547007924401,7.84591454744548,90.3867527862049,TRUE,NA
"sigma",28.32,-7.8489979932517,0.00328166531705865,0.979555118232059,7.84782773276574,90.4267694980693,TRUE,NA
"sigma",28.33,-7.85091014753736,0.00328091176247014,0.97956322234671,7.84974070199883,90.4667901447052,TRUE,NA
"sigma",28.34,-7.85282208668858,0.00328015833235717,0.979571320275138,7.85165345524403,90.506814725184,TRUE,NA
"sigma",28.35,-7.85473381080341,0.00327940502706348,0.97957941202425,7.85356599260063,90.5468432385783,TRUE,NA
"sigma",28.36,-7.8566453199798,0.00327865184688569,0.979587497600876,7.85547831416773,90.5868756839606,TRUE,NA
"sigma",28.37,-7.85855661431562,0.00327789879214002,0.979595577011847,7.8573904200444,90.6269120604038,TRUE,NA
"sigma",28.38,-7.86046769390866,0.00327714586312133,0.979603650264,7.85930231032963,90.6669523669818,TRUE,NA
"sigma",28.39,-7.86237855885667,0.0032763930601476,0.979611717364161,7.86121398512233,90.7069966027691,TRUE,NA
"sigma",28.4,-7.86428920925728,0.00327564038352968,0.979619778319139,7.86312544452132,90.7470447668406,TRUE,NA
"sigma",28.41,-7.86619964520806,0.00327488783357399,0.97962783313569,7.86503668862538,90.7870968582717,TRUE,NA
"sigma",28.42,-7.86810986680652,0.00327413541054788,0.979635881820648,7.86694771753312,90.827152876138,TRUE,NA
"sigma",28.43,-7.87001987415003,0.0032733831147933,0.979643924380768,7.86885853134317,90.8672128195165,TRUE,NA
"sigma",28.44,-7.87192966733594,0.00327263094659269,0.979651960822845,7.87076913015402,90.9072766874838,TRUE,NA
"sigma",28.45,-7.87383924646153,0.00327187890627822,0.979659991153641,7.87267951406411,90.9473444791178,TRUE,NA
"sigma",28.46,-7.87574861162395,0.00327112699410037,0.979668015379849,7.87458968317179,90.9874161934967,TRUE,NA
"sigma",28.47,-7.87765776292031,0.00327037521038598,0.979676033508266,7.87649963757531,91.0274918296987,TRUE,NA
"sigma",28.48,-7.87956670044767,0.00326962355541038,0.979684045545546,7.87840937737288,91.0675713868038,TRUE,NA
"sigma",28.49,-7.88147542430294,0.00326887202951909,0.979692051498509,7.88031890266261,91.1076548638914,TRUE,NA
"sigma",28.5,-7.88338393458302,0.00326812063294923,0.979700051373831,7.88222821354254,91.1477422600417,TRUE,NA
"sigma",28.51,-7.88529223138467,0.00326736936603922,0.979708045178189,7.88413731011061,91.1878335743355,TRUE,NA
"sigma",28.52,-7.88720031480463,0.00326661822909013,0.979716032918314,7.88604619246471,91.2279288058542,TRUE,NA
"sigma",28.53,-7.88910818493956,0.00326586722233912,0.979724014600822,7.88795486070263,91.2680279536804,TRUE,NA
"sigma",28.54,-7.89101584188599,0.00326511634610238,0.979731990232434,7.88986331492209,91.3081310168957,TRUE,NA
"sigma",28.55,-7.89292328574044,0.00326436560068011,0.97973995981979,7.89177155522073,91.3482379945838,TRUE,NA
"sigma",28.56,-7.8948305165993,0.00326361498638761,0.97974792336959,7.89367958169611,91.3883488858279,TRUE,NA
"sigma",28.57,-7.89673753455894,0.0032628645034487,0.979755880888405,7.89558739444572,91.428463689712,TRUE,NA
"sigma",28.58,-7.89864433971558,0.00326211415222932,0.979763832382957,7.89749499356698,91.468582405321,TRUE,NA
"sigma",28.59,-7.90055093216544,0.00326136393292842,0.979771777859791,7.89940237915718,91.5087050317403,TRUE,NA
"sigma",28.6,-7.90245731200459,0.0032606138459137,0.979779717325576,7.9013095513136,91.548831568055,TRUE,NA
"sigma",28.61,-7.90436347932911,0.00325986389141697,0.979787650786899,7.90321651013341,91.5889620133517,TRUE,NA
"sigma",28.62,-7.90626943423492,0.00325911406975177,0.979795578250345,7.9051232557137,91.6290963667174,TRUE,NA
"sigma",28.63,-7.90817517681791,0.00325836438118099,0.979803499722521,7.90702978815147,91.6692346272391,TRUE,NA
"sigma",28.64,-7.91008070717388,0.00325761482598441,0.979811415209962,7.90893610754368,91.7093767940047,TRUE,NA
"sigma",28.65,-7.91198602539858,0.00325686540447556,0.979819324719297,7.91084221398719,91.7495228661026,TRUE,NA
"sigma",28.66,-7.91389113158766,0.00325611611690135,0.979827228257044,7.91274810757878,91.7896728426219,TRUE,NA
"sigma",28.67,-7.9157960258367,0.00325536696355222,0.979835125829784,7.91465378841516,91.829826722652,TRUE,NA
"sigma",28.68,-7.91770070824117,0.00325461794469639,0.979843017444015,7.91655925659293,91.8699845052828,TRUE,NA
"sigma",28.69,-7.91960517889655,0.00325386906064118,0.979850903106322,7.9184645122087,91.910146189605,TRUE,NA
"sigma",28.7,-7.92150943789816,0.00325312031162728,0.979858782823159,7.92036955535891,91.9503117747097,TRUE,NA
"sigma",28.71,-7.92341348534128,0.00325237169795489,0.979866656601139,7.92227438613996,91.990481259688,TRUE,NA
"sigma",28.72,-7.92531732132114,0.00325162321987893,0.979874524446651,7.92417900464816,92.0306546436329,TRUE,NA
"sigma",28.73,-7.92722094593283,0.00325087487768183,0.979882386366248,7.92608341097979,92.0708319256364,TRUE,NA
"sigma",28.74,-7.92912435927142,0.00325012667166114,0.979890242366435,7.92798760523097,92.1110131047914,TRUE,NA
"sigma",28.75,-7.9310275614319,0.00324937860204955,0.979898092453656,7.92989158749783,92.1511981801924,TRUE,NA
"sigma",28.76,-7.93293055250916,0.00324863066911796,0.979905936634356,7.93179535787637,92.1913871509335,TRUE,NA
"sigma",28.77,-7.93483333259805,0.00324788287316391,0.979913774915051,7.93369891646253,92.2315800161092,TRUE,NA
"sigma",28.78,-7.93673590179331,0.0032471352144583,0.979921607302154,7.93560226335218,92.271776774815,TRUE,NA
"sigma",28.79,-7.93863826018962,0.00324638769323382,0.979929433802077,7.93750539864106,92.3119774261465,TRUE,NA
"sigma",28.8,-7.94054040788158,0.00324564030976315,0.979937254421297,7.93940832242494,92.3521819692004,TRUE,NA
"sigma",28.81,-7.94244234496374,0.00324489306435272,0.979945069166212,7.94131103479945,92.3923904030733,TRUE,NA
"sigma",28.82,-7.94434407153056,0.00324414595725209,0.979952878043275,7.94321353586011,92.4326027268628,TRUE,NA
"sigma",28.83,-7.94624558767639,0.00324339898871262,0.979960681058838,7.94511582570241,92.4728189396666,TRUE,NA
"sigma",28.84,-7.94814689349559,0.00324265215898478,0.979968478219306,7.94701790442176,92.5130390405836,TRUE,NA
"sigma",28.85,-7.95004798908235,0.00324190546835457,0.979976269531052,7.9489197721135,92.5532630287122,TRUE,NA
"sigma",28.86,-7.95194887453087,0.00324115891709109,0.979984055000506,7.95082142887289,92.5934909031529,TRUE,NA
"sigma",28.87,-7.95384954993521,0.00324041250541107,0.979991834633958,7.95272287479508,92.6337226630045,TRUE,NA
"sigma",28.88,-7.95575001538941,0.00323966623363336,0.979999608437834,7.95462410997519,92.6739583073686,TRUE,NA
"sigma",28.89,-7.95765027098739,0.00323892010198357,0.980007376418422,7.95652513450824,92.7141978353458,TRUE,NA
"sigma",28.9,-7.95955031682302,0.00323817411072724,0.980015138582128,7.95842594848919,92.7544412460377,TRUE,NA
"sigma",28.91,-7.96145015299012,0.00323742826007223,0.980022894935181,7.9603265520129,92.7946885385465,TRUE,NA
"sigma",28.92,-7.96334977958239,0.00323668255037024,0.98003064548404,7.96222694517421,92.8349397119749,TRUE,NA
"sigma",28.93,-7.96524919669348,0.00323593698181313,0.980038390234933,7.9641271280678,92.8751947654261,TRUE,NA
"sigma",28.94,-7.96714840441696,0.00323519155468066,0.980046129194137,7.96602710078836,92.9154536980038,TRUE,NA
"sigma",28.95,-7.96904740284634,0.00323444626922598,0.980053862368045,7.96792686343045,92.9557165088119,TRUE,NA
"sigma",28.96,-7.97094619207506,0.00323370112565335,0.980061589762838,7.96982641608856,92.9959831969559,TRUE,NA
"sigma",28.97,-7.97284477219647,0.00323295612425056,0.980069311384837,7.97172575885713,93.0362537615406,TRUE,NA
"sigma",28.98,-7.97474314330382,0.00323221126530626,0.980077027240342,7.97362489183051,93.0765282016713,TRUE,NA
"sigma",28.99,-7.97664130549038,0.00323146654903184,0.980084737335579,7.97552381510299,93.1168065164554,TRUE,NA
"sigma",29,-7.97853925884923,0.0032307219756591,0.980092441676793,7.97742252876875,93.1570887049985,TRUE,NA
"sigma",29.01,-7.98043700347346,0.0032299775454856,0.980100140270252,7.97932103292195,93.1973747664086,TRUE,NA
"sigma",29.02,-7.98233453945608,0.0032292332587156,0.980107833122167,7.98121932765661,93.2376646997937,TRUE,NA
"sigma",29.03,-7.98423186688998,0.00322848911561913,0.980115520238774,7.98311741306672,93.2779585042615,TRUE,NA
"sigma",29.04,-7.98612898586805,0.00322774511641644,0.98012320162627,7.98501528924621,93.3182561789218,TRUE,NA
"sigma",29.05,-7.988025896483,0.00322700126136688,0.980130877290865,7.98691295628887,93.3585577228834,TRUE,NA
"sigma",29.06,-7.9899225988276,0.00322625755074579,0.980138547238801,7.9888104142885,93.398863135256,TRUE,NA
"sigma",29.07,-7.99181909299444,0.00322551398476545,0.980146211476211,7.99070766333877,93.4391724151506,TRUE,NA
"sigma",29.08,-7.9937153790761,0.0032247705636701,0.980153870009342,7.99260470353329,93.4794855616777,TRUE,NA
"sigma",29.09,-7.99561145716505,0.00322402728767113,0.980161522844243,7.99450153496557,93.5198025739492,TRUE,NA
"sigma",29.1,-7.99750732735373,0.00322328415708117,0.980169169987225,7.99639815772912,93.5601234510766,TRUE,NA
"sigma",29.11,-7.99940298973445,0.00322254117208232,0.980176811444341,7.9982945719173,93.6004481921726,TRUE,NA
"sigma",29.12,-8.00129844439953,0.00322179833295344,0.9801844472218,8.00019077762344,93.6407767963503,TRUE,NA
"sigma",29.13,-8.00319369144112,0.00322105563988906,0.980192077325689,8.00208677494076,93.6811092627231,TRUE,NA
"sigma",29.14,-8.00508873095138,0.00322031309316095,0.980199701762184,8.00398256396246,93.7214455904049,TRUE,NA
"sigma",29.15,-8.00698356302235,0.00321957069298762,0.980207320537335,8.00587814478161,93.7617857785103,TRUE,NA
"sigma",29.16,-8.00887818774603,0.00321882843960708,0.980214933657323,8.00777351749125,93.8021298261541,TRUE,NA
"sigma",29.17,-8.01077260521432,0.00321808633327691,0.980222541128277,8.00966868218431,93.8424777324524,TRUE,NA
"sigma",29.18,-8.01266681551909,0.00321734437418719,0.98023014295615,8.0115636389537,93.882829496521,TRUE,NA
"sigma",29.19,-8.01456081875208,0.00321660256262568,0.980237739147187,8.01345838789219,93.9231851174761,TRUE,NA
"sigma",29.2,-8.01645461500501,0.00321586089876824,0.980245329707363,8.01535292909253,93.9635445944354,TRUE,NA
"sigma",29.21,-8.01834820436951,0.0032151193829133,0.980252914642809,8.01724726264738,94.0039079265159,TRUE,NA
"sigma",29.22,-8.02024158693714,0.00321437801521895,0.980260493959554,8.0191413886493,94.0442751128361,TRUE,NA
"sigma",29.23,-8.02213476279938,0.003213636795941,0.980268067663649,8.02103530719084,94.0846461525143,TRUE,NA
"sigma",29.24,-8.02402773204764,0.00321289572534411,0.980275635761131,8.02292901836441,94.1250210446695,TRUE,NA
"sigma",29.25,-8.0259204947733,0.00321215480359704,0.980283198258047,8.02482252226239,94.1653997884221,TRUE,NA
"sigma",29.26,-8.02781305106759,0.00321141403099645,0.980290755160453,8.02671581897709,94.2057823828914,TRUE,NA
"sigma",29.27,-8.02970540102177,0.0032106734076951,0.980298306474303,8.02860890860071,94.2461688271985,TRUE,NA
"sigma",29.28,-8.03159754472692,0.00320993293400562,0.980305852205692,8.03050179122543,94.2865591204636,TRUE,NA
"sigma",29.29,-8.03348948227415,0.00320919261008612,0.980313392360549,8.03239446694331,94.3269532618094,TRUE,NA
"sigma",29.3,-8.03538121375444,0.0032084524361693,0.980320926944895,8.03428693584635,94.3673512503578,TRUE,NA
"sigma",29.31,-8.0372727392587,0.00320771241247897,0.980328455964701,8.03617919802647,94.4077530852312,TRUE,NA
"sigma",29.32,-8.03916405887781,0.00320697253926738,0.980335979425955,8.03807125357559,94.4481587655528,TRUE,NA
"sigma",29.33,-8.04105517270253,0.0032062328167175,0.980343497334622,8.03996310258546,94.4885682904462,TRUE,NA
"sigma",29.34,-8.04294608082357,0.00320549324509045,0.980351009696679,8.04185474514779,94.5289816590354,TRUE,NA
"sigma",29.35,-8.04483678333161,0.00320475382458341,0.980358516518074,8.04374618135428,94.5693988704454,TRUE,NA
"sigma",29.36,-8.0467272803172,0.00320401455540598,0.980366017804683,8.04563741129645,94.6098199238012,TRUE,NA
"sigma",29.37,-8.04861757187085,0.0032032754378033,0.980373513562553,8.04752843506585,94.6502448182284,TRUE,NA
"sigma",29.38,-8.050507658083,0.00320253647196189,0.980381003797521,8.04941925275388,94.6906735528532,TRUE,NA
"sigma",29.39,-8.052397539044,0.00320179765814999,0.980388488515554,8.05130986445194,94.7311061268018,TRUE,NA
"sigma",29.4,-8.05428721484415,0.00320105899651857,0.98039596772255,8.05320027025127,94.771542539202,TRUE,NA
"sigma",29.41,-8.0561766855737,0.00320032048730923,0.980403441424372,8.05509047024313,94.8119827891813,TRUE,NA
"sigma",29.42,-8.05806595132278,0.00319958213077953,0.980410909627016,8.05698046451867,94.8524268758675,TRUE,NA
"sigma",29.43,-8.05995501218148,0.00319884392710534,0.980418372336273,8.05887025316894,94.8928747983894,TRUE,NA
"sigma",29.44,-8.06184386823984,0.00319810587649272,0.980425829558044,8.06075983628499,94.9333265558764,TRUE,NA
"sigma",29.45,-8.06373251958779,0.00319736797916725,0.980433281298207,8.06264921395772,94.9737821474577,TRUE,NA
"sigma",29.46,-8.0656209663152,0.00319663023531547,0.980440727562577,8.06453838627799,95.0142415722635,TRUE,NA
"sigma",29.47,-8.06750920851193,0.00319589264519848,0.980448168357101,8.06642735333663,95.0547048294248,TRUE,NA
"sigma",29.48,-8.06939724626766,0.00319515520899749,0.980455603687574,8.06831611522434,95.0951719180719,TRUE,NA
"sigma",29.49,-8.07128507967211,0.00319441792690967,0.980463033559811,8.0702046720318,95.1356428373378,TRUE,NA
"sigma",29.5,-8.07317270881485,0.00319368079916771,0.980470457979656,8.07209302384955,95.1761175863532,TRUE,NA
"sigma",29.51,-8.07506013378545,0.00319294382599367,0.980477876952965,8.07398117076816,95.2165961642512,TRUE,NA
"sigma",29.52,-8.07694735467336,0.00319220700755629,0.980485290485506,8.07586911287802,95.2570785701649,TRUE,NA
"sigma",29.53,-8.07883437156798,0.00319147034406875,0.980492698583095,8.07775685026954,95.297564803228,TRUE,NA
"sigma",29.54,-8.08072118455864,0.00319073383575841,0.980500101251525,8.07964438303301,95.3380548625748,TRUE,NA
"sigma",29.55,-8.08260779373462,0.00318999748280824,0.980507498496613,8.08153171125866,95.3785487473397,TRUE,NA
"sigma",29.56,-8.08449419918509,0.00318926128541186,0.980514890324067,8.08341883503665,95.4190464566573,TRUE,NA
"sigma",29.57,-8.08638040099918,0.00318852524381796,0.980522276739757,8.08530575445708,95.4595479896635,TRUE,NA
"sigma",29.58,-8.08826639926594,0.00318778935820063,0.980529657749398,8.08719246960996,95.5000533454946,TRUE,NA
"sigma",29.59,-8.09015219407436,0.00318705362877125,0.980537033358731,8.08907898058526,95.5405625232864,TRUE,NA
"sigma",29.6,-8.0920377855134,0.00318631805573055,0.980544403573527,8.09096528747288,95.5810755221766,TRUE,NA
"sigma",29.61,-8.09392317367188,0.00318558263926683,0.980551768399502,8.09285139036259,95.6215923413027,TRUE,NA
"sigma",29.62,-8.09580835863858,0.00318484737959324,0.98055912784245,8.09473728934417,95.6621129798024,TRUE,NA
"sigma",29.63,-8.09769334050224,0.00318411227691229,0.980566481908054,8.09662298450729,95.7026374368145,TRUE,NA
"sigma",29.64,-8.09957811935149,0.00318337733139984,0.980573830602013,8.09850847594154,95.7431657114773,TRUE,NA
"sigma",29.65,-8.10146269527491,0.00318264254326017,0.980581173930037,8.10039376373647,95.7836978029312,TRUE,NA
"sigma",29.66,-8.10334706836104,0.00318190791272244,0.98058851189788,8.10227884798154,95.8242337103154,TRUE,NA
"sigma",29.67,-8.10523123869831,0.00318117343995006,0.980595844511187,8.10416372876617,95.8647734327708,TRUE,NA
"sigma",29.68,-8.1071152063751,0.00318043912513666,0.980603171775615,8.10604840617965,95.9053169694386,TRUE,NA
"sigma",29.69,-8.10899897147972,0.00317970496850961,0.980610493696944,8.10793288031129,95.9458643194592,TRUE,NA
"sigma",29.7,-8.11088253410042,0.00317897097021813,0.980617810280745,8.10981715125025,95.9864154819754,TRUE,NA
"sigma",29.71,-8.11276589432537,0.00317823713051624,0.980625121532744,8.11170121908565,96.0269704561289,TRUE,NA
"sigma",29.72,-8.11464905224271,0.0031775034495265,0.980632427458543,8.11358508390656,96.0675292410634,TRUE,NA
"sigma",29.73,-8.11653200794044,0.0031767699274603,0.980639728063826,8.11546874580196,96.1080918359218,TRUE,NA
"sigma",29.74,-8.11841476150656,0.0031760365645539,0.980647023354224,8.11735220486075,96.1486582398476,TRUE,NA
"sigma",29.75,-8.12029731302898,0.00317530336095473,0.980654313335344,8.11923546117181,96.1892284519858,TRUE,NA
"sigma",29.76,-8.12217966259555,0.00317457031686885,0.980661598012868,8.1211185148239,96.2298024714808,TRUE,NA
"sigma",29.77,-8.12406181029402,0.0031738374324739,0.980668877392321,8.12300136590574,96.2703802974778,TRUE,NA
"sigma",29.78,-8.12594375621212,0.00317310470797416,0.980676151479401,8.12488401450596,96.3109619291229,TRUE,NA
"sigma",29.79,-8.12782550043747,0.00317237214355082,0.98068342027963,8.12676646071315,96.3515473655617,TRUE,NA
"sigma",29.8,-8.12970704305769,0.00317163973940104,0.980690683798671,8.12864870461581,96.3921366059419,TRUE,NA
"sigma",29.81,-8.13158838416026,0.00317090749566873,0.980697942042069,8.1305307463024,96.4327296494101,TRUE,NA
"sigma",29.82,-8.13346952383261,0.00317017541259546,0.980705195015432,8.13241258586126,96.473326495114,TRUE,NA
"sigma",29.83,-8.13535046216215,0.00316944349032511,0.980712442724248,8.1342942233807,96.513927142202,TRUE,NA
"sigma",29.84,-8.13723119923617,0.00316871172905131,0.98071968517414,8.13617565894896,96.5545315898227,TRUE,NA
"sigma",29.85,-8.13911173514191,0.00316798012900144,0.980726922370722,8.13805689265423,96.595139837125,TRUE,NA
"sigma",29.86,-8.14099206996657,0.00316724869027851,0.980734154319419,8.13993792458456,96.6357518832587,TRUE,NA
"sigma",29.87,-8.14287220379723,0.00316651741313834,0.980741381025861,8.14181875482804,96.6763677273738,TRUE,NA
"sigma",29.88,-8.14475213672098,0.00316578629772835,0.980748602495536,8.1436993834726,96.716987368621,TRUE,NA
"sigma",29.89,-8.14663186882477,0.00316505534424216,0.980755818733974,8.14557981060616,96.7576108061514,TRUE,NA
"sigma",29.9,-8.14851140019552,0.00316432455281657,0.98076302974668,8.14746003631651,96.7982380391162,TRUE,NA
"sigma",29.91,-8.15039073092006,0.00316359392368071,0.980770235539172,8.14934006069144,96.8388690666676,TRUE,NA
"sigma",29.92,-8.1522698610852,0.00316286345699623,0.980777436116946,8.15121988381864,96.8795038879581,TRUE,NA
"sigma",29.93,-8.15414879077765,0.00316213315294256,0.980784631485534,8.15309950578576,96.9201425021407,TRUE,NA
"sigma",29.94,-8.15602752008406,0.0031614030117133,0.980791821650383,8.15497892668033,96.9607849083685,TRUE,NA
"sigma",29.95,-8.15790604909101,0.00316067303346301,0.980799006616999,8.15685814658987,97.0014311057958,TRUE,NA
"sigma",29.96,-8.15978437788502,0.00315994321837643,0.980806186390795,8.15873716560177,97.0420810935766,TRUE,NA
"sigma",29.97,-8.16166250655258,0.00315921356660986,0.980813360977285,8.16061598380345,97.082734870866,TRUE,NA
"sigma",29.98,-8.16354043518003,0.00315848407835695,0.980820530381927,8.16249460128214,97.1233924368196,TRUE,NA
"sigma",29.99,-8.16541816385372,0.00315775475382019,0.98082769461016,8.16437301812512,97.1640537905921,TRUE,NA
"sigma",30,-8.16729569265992,0.00315702559311148,0.980834853667383,8.16625123441951,97.2047189313413,TRUE,NA
"sigma",30.01,-8.1691730216848,0.00315629659646,0.980842007559103,8.16812925025244,97.2453878582226,TRUE,NA
"sigma",30.02,-8.17105015101449,0.0031555677640025,0.98084915629072,8.1700070657109,97.286060570394,TRUE,NA
"sigma",30.03,-8.17292708073508,0.00315483909592373,0.980856299867596,8.17188468088188,97.3267370670127,TRUE,NA
"sigma",30.04,-8.17480381093256,0.00315411059240134,0.980863438295233,8.17376209585227,97.3674173472377,TRUE,NA
"sigma",30.05,-8.17668034169284,0.00315338225357031,0.980870571578954,8.17563931070887,97.4081014102262,TRUE,NA
"sigma",30.06,-8.17855667310183,0.00315265407964027,0.980877699724232,8.17751632553849,97.4487892551386,TRUE,NA
"sigma",30.07,-8.18043280524532,0.00315192607079773,0.980884822736443,8.1793931404278,97.4894808811337,TRUE,NA
"sigma",30.08,-8.18230873820903,0.00315119822711729,0.980891940620857,8.18126975546342,97.530176287372,TRUE,NA
"sigma",30.09,-8.18418447207868,0.00315047054885476,0.980899053382969,8.18314617073193,97.5708754730138,TRUE,NA
"sigma",30.1,-8.18606000693983,0.00314974303617888,0.980906161028162,8.18502238631982,97.6115784372198,TRUE,NA
"sigma",30.11,-8.18793534287806,0.00314901568920689,0.9809132635617,8.18689840231353,97.6522851791516,TRUE,NA
"sigma",30.12,-8.18981047997886,0.00314828850810756,0.980920360988969,8.18877421879943,97.6929956979718,TRUE,NA
"sigma",30.13,-8.19168541832761,0.00314756149310291,0.980927453315362,8.19064983586379,97.7337099928412,TRUE,NA
"sigma",30.14,-8.19356015800972,0.00314683464427823,0.980934540546172,8.1925252535929,97.7744280629244,TRUE,NA
"sigma",30.15,-8.19543469911043,0.00314610796187154,0.980941622686728,8.19440047207287,97.8151499073834,TRUE,NA
"sigma",30.16,-8.19730904171501,0.00314538144600007,0.980948699742406,8.19627549138986,97.8558755253826,TRUE,NA
"sigma",30.17,-8.19918318590859,0.00314465509681305,0.980955771718427,8.19815031162985,97.8966049160864,TRUE,NA
"sigma",30.18,-8.20105713177628,0.00314392891452897,0.980962838620198,8.20002493287887,97.9373380786588,TRUE,NA
"sigma",30.19,-8.20293087940312,0.00314320289929704,0.980969900452989,8.20189935522279,97.9780750122654,TRUE,NA
"sigma",30.2,-8.20480442887406,0.00314247705122384,0.980976957222042,8.20377357874747,98.0188157160716,TRUE,NA
"sigma",30.21,-8.20667778027405,0.00314175137052253,0.980984008932727,8.20564760353868,98.059560189244,TRUE,NA
"sigma",30.22,-8.20855093368791,0.00314102585731568,0.980991055590272,8.20752142968214,98.1003084309486,TRUE,NA
"sigma",30.23,-8.2104238892004,0.00314030051180048,0.980998097199952,8.20939505726349,98.1410604403527,TRUE,NA
"sigma",30.24,-8.21229664689627,0.00313957533408527,0.981005133767027,8.21126848636832,98.1818162166238,TRUE,NA
"sigma",30.25,-8.21416920686016,0.00313885032439387,0.981012165296829,8.21314171708215,98.2225757589298,TRUE,NA
"sigma",30.26,-8.21604156917665,0.00313812548282755,0.981019191794504,8.21501474949042,98.2633390664388,TRUE,NA
"sigma",30.27,-8.21791373393029,0.00313740080957992,0.981026213265387,8.21688758367854,98.30410613832,TRUE,NA
"sigma",30.28,-8.21978570120551,0.00313667630477532,0.981033229714661,8.21876021973179,98.3448769737424,TRUE,NA
"sigma",30.29,-8.22165747108675,0.00313595196857364,0.981040241147571,8.22063265773549,98.3856515718764,TRUE,NA
"sigma",30.3,-8.22352904365832,0.00313522780113118,0.981047247569329,8.22250489777479,98.4264299318921,TRUE,NA
"sigma",30.31,-8.22540041900451,0.00313450380262559,0.981054248985189,8.22437693993485,98.4672120529596,TRUE,NA
"sigma",30.32,-8.2272715972095,0.00313377997318476,0.98106124540031,8.22624878430071,98.5079979342504,TRUE,NA
"sigma",30.33,-8.22914257835749,0.00313305631297922,0.981068236819932,8.22812043095739,98.5487875749364,TRUE,NA
"sigma",30.34,-8.23101336253254,0.00313233282214398,0.981075223249248,8.22999187998981,98.5895809741893,TRUE,NA
"sigma",30.35,-8.23288394981866,0.00313160950084246,0.98108220469342,8.23186313148287,98.6303781311818,TRUE,NA
"sigma",30.36,-8.23475434029982,0.00313088634921499,0.981089181157674,8.23373418552135,98.6711790450869,TRUE,NA
"sigma",30.37,-8.23662453405994,0.00313016336742145,0.981096152647121,8.23560504219003,98.7119837150781,TRUE,NA
"sigma",30.38,-8.23849453118281,0.00312944055561815,0.981103119166981,8.23747570157355,98.7527921403289,TRUE,NA
"sigma",30.39,-8.24036433175224,0.00312871791392411,0.981110080722409,8.23934616375655,98.7936043200145,TRUE,NA
"sigma",30.4,-8.24223393585191,0.0031279954425063,0.981117037318502,8.24121642882358,98.8344202533092,TRUE,NA
"sigma",30.41,-8.2441033435655,0.00312727314150862,0.981123988960467,8.24308649685914,98.8752399393879,TRUE,NA
"sigma",30.42,-8.24597255497659,0.00312655101109982,0.981130935653453,8.24495636794765,98.9160633774271,TRUE,NA
"sigma",30.43,-8.24784157016868,0.00312582905140246,0.981137877402559,8.24682604217346,98.9568905666026,TRUE,NA
"sigma",30.44,-8.24971038922525,0.00312510726257287,0.981144814212898,8.24869551962089,98.997721506091,TRUE,NA
"sigma",30.45,-8.25157901222969,0.00312438564476736,0.981151746089628,8.25056480037417,99.0385561950696,TRUE,NA
"sigma",30.46,-8.25344743926534,0.00312366419807297,0.981158673037832,8.25243388451745,99.0793946327156,TRUE,NA
"sigma",30.47,-8.2553156704155,0.00312294292270465,0.981165595062632,8.25430277213488,99.1202368182077,TRUE,NA
"sigma",30.48,-8.25718370576333,0.00312222181878319,0.98117251216912,8.25617146331046,99.1610827507235,TRUE,NA
"sigma",30.49,-8.25905154539203,0.00312150088642404,0.98117942436237,8.25803995812822,99.2019324294426,TRUE,NA
"sigma",30.5,-8.26091918938466,0.00312078012582262,0.981186331647495,8.25990825667204,99.2427858535439,TRUE,NA
"sigma",30.51,-8.26278663782428,0.00312005953707839,0.981193234029582,8.26177635902581,99.2836430222077,TRUE,NA
"sigma",30.52,-8.2646538907938,0.00311933912035478,0.981200131513651,8.26364426527328,99.3245039346135,TRUE,NA
"sigma",30.53,-8.26652094837618,0.00311861887577436,0.981207024104823,8.26551197549824,99.3653685899423,TRUE,NA
"sigma",30.54,-8.26838781065425,0.00311789880349167,0.981213911808085,8.2673794897843,99.4062369873758,TRUE,NA
"sigma",30.55,-8.27025447771077,0.00311717890362573,0.981220794628536,8.26924680821507,99.4471091260951,TRUE,NA
"sigma",30.56,-8.27212094962848,0.00311645917636305,0.981227672571274,8.27111393087417,99.4879850052825,TRUE,NA
"sigma",30.57,-8.27398722649004,0.00311573962175871,0.981234545641208,8.27298085784497,99.5288646241204,TRUE,NA
"sigma",30.58,-8.27585330837803,0.0031150202400454,0.981241413843438,8.27484758921096,99.5697479817918,TRUE,NA
"sigma",30.59,-8.277719195375,0.00311430103130839,0.981248277182996,8.27671412505546,99.6106350774797,TRUE,NA
"sigma",30.6,-8.27958488756343,0.00311358199570044,0.981255135664927,8.2785804654618,99.6515259103686,TRUE,NA
"sigma",30.61,-8.28145038502573,0.00311286313333348,0.981261989294149,8.28044661051315,99.6924204796431,TRUE,NA
"sigma",30.62,-8.28331568784425,0.00311214444438157,0.981268838075761,8.28231256029274,99.7333187844868,TRUE,NA
"sigma",30.63,-8.28518079610128,0.00311142592894242,0.981275682014678,8.28417831488364,99.7742208240855,TRUE,NA
"sigma",30.64,-8.28704570987906,0.00311070758717413,0.981282521115949,8.28604387436888,99.815126597625,TRUE,NA
"sigma",30.65,-8.28891042925977,0.00310998941918683,0.981289355384542,8.2879092388315,99.8560361042914,TRUE,NA
"sigma",30.66,-8.29077495432549,0.00310927142512796,0.981296184825367,8.28977440835436,99.8969493432709,TRUE,NA
"sigma",30.67,-8.2926392851583,0.00310855360513784,0.98130300944349,8.29163938302033,99.9378663137509,TRUE,NA
"sigma",30.68,-8.29450342184017,0.00310783595937991,0.981309829243859,8.29350416291223,99.9787870149183,TRUE,NA
"sigma",30.69,-8.29636736445302,0.00310711848792344,0.981316644231401,8.29536874811276,100.019711445961,TRUE,NA
"sigma",30.7,-8.29823111307875,0.00310640119092476,0.981323454411071,8.29723313870461,100.060639606068,TRUE,NA
"sigma",30.71,-8.30009466779915,0.00310568406852596,0.981330259787793,8.2990973347704,100.101571494428,TRUE,NA
"sigma",30.72,-8.30195802869597,0.00310496712082475,0.981337060366583,8.30096133639266,100.142507110229,TRUE,NA
"sigma",30.73,-8.30382119585087,0.00310425034798278,0.98134385615223,8.30282514365387,100.183446452663,TRUE,NA
"sigma",30.74,-8.30568416934553,0.00310353375011729,0.981350647149774,8.30468875663647,100.224389520917,TRUE,NA
"sigma",30.75,-8.30754694926148,0.00310281732738638,0.981357433364119,8.30655217542282,100.265336314184,TRUE,NA
"sigma",30.76,-8.30940953568022,0.0031021010798522,0.981364214800139,8.30841540009522,100.306286831653,TRUE,NA
"sigma",30.77,-8.31127192868322,0.0031013850077084,0.981370991462751,8.31027843073593,100.347241072518,TRUE,NA
"sigma",30.78,-8.31313412835185,0.00310066911106155,0.981377763356885,8.31214126742709,100.388199035968,TRUE,NA
"sigma",30.79,-8.31499613476746,0.00309995338999514,0.981384530487357,8.31400391025086,100.429160721198,TRUE,NA
"sigma",30.8,-8.31685794801129,0.00309923784469035,0.98139129285913,8.31586635928928,100.470126127399,TRUE,NA
"sigma",30.81,-8.31871956816455,0.00309852247525377,0.981398050477029,8.31772861462432,100.511095253764,TRUE,NA
"sigma",30.82,-8.32058099530839,0.00309780728180442,0.981404803345932,8.31959067633795,100.552068099487,TRUE,NA
"sigma",30.83,-8.3224422295239,0.00309709226449151,0.981411551470757,8.32145254451205,100.593044663763,TRUE,NA
"sigma",30.84,-8.32430327089213,0.00309637742338253,0.981418294856266,8.32331421922839,100.634024945785,TRUE,NA
"sigma",30.85,-8.32616411949402,0.0030956627586658,0.981425033507406,8.32517570056878,100.67500894475,TRUE,NA
"sigma",30.86,-8.32802477541048,0.00309494827042123,0.981431767428977,8.32703698861487,100.715996659851,TRUE,NA
"sigma",30.87,-8.32988523872236,0.00309423395879271,0.981438496625808,8.3288980834483,100.756988090285,TRUE,NA
"sigma",30.88,-8.33174550951047,0.0030935198238744,0.981445221102733,8.33075898515065,100.797983235248,TRUE,NA
"sigma",30.89,-8.33360558785551,0.00309280586581373,0.981451940864611,8.33261969380342,100.838982093937,TRUE,NA
"sigma",30.9,-8.33546547383819,0.00309209208476346,0.981458655916266,8.33448020948808,100.879984665549,TRUE,NA
"sigma",30.91,-8.3373251675391,0.00309137848075736,0.981465366262441,8.336340532286,100.920990949281,TRUE,NA
"sigma",30.92,-8.33918466903877,0.00309066505396238,0.981472071907969,8.33820066227849,100.962000944331,TRUE,NA
"sigma",30.93,-8.34104397841772,0.00308995180453309,0.981478772857743,8.34006059954686,101.003014649899,TRUE,NA
"sigma",30.94,-8.34290309575641,0.00308923873252098,0.98148546911642,8.34192034417229,101.044032065182,TRUE,NA
"sigma",30.95,-8.34476202113518,0.00308852583807351,0.981492160688876,8.34377989623594,101.08505318938,TRUE,NA
"sigma",30.96,-8.34662075463436,0.00308781312132922,0.981498847579884,8.34563925581892,101.126078021693,TRUE,NA
"sigma",30.97,-8.3484792963342,0.0030871005823645,0.981505529794189,8.3474984230022,101.167106561321,TRUE,NA
"sigma",30.98,-8.3503376463149,0.00308638822132323,0.98151220733655,8.34935739786679,101.208138807464,TRUE,NA
"sigma",30.99,-8.35219580465663,0.00308567603831555,0.981518880211788,8.35121618049362,101.249174759324,TRUE,NA
"sigma",31,-8.35405377143945,0.00308496403346048,0.981525548424577,8.35307477096349,101.290214416102,TRUE,NA
"sigma",31.01,-8.35591154674338,0.00308425220689124,0.981532211979762,8.35493316935722,101.331257776999,TRUE,NA
"sigma",31.02,-8.3577691306484,0.00308354055864868,0.981538870881992,8.35679137575551,101.372304841219,TRUE,NA
"sigma",31.03,-8.35962652323438,0.00308282908892821,0.981545525136079,8.35864939023904,101.413355607964,TRUE,NA
"sigma",31.04,-8.36148372458122,0.00308211779780088,0.981552174746701,8.36050721288844,101.454410076437,TRUE,NA
"sigma",31.05,-8.3633407347687,0.00308140668539103,0.981558819718619,8.36236484378425,101.495468245842,TRUE,NA
"sigma",31.06,-8.36519755387653,0.00308069575183012,0.981565460056543,8.36422228300697,101.536530115382,TRUE,NA
"sigma",31.07,-8.3670541819844,0.00307998499717499,0.981572095765168,8.36607953063701,101.577595684263,TRUE,NA
"sigma",31.08,-8.36891061917192,0.00307927442160505,0.981578726849209,8.36793658675475,101.618664951689,TRUE,NA
"sigma",31.09,-8.37076686551864,0.00307856402520379,0.981585353313392,8.3697934514405,101.659737916865,TRUE,NA
"sigma",31.1,-8.37262292110408,0.00307785380806003,0.981591975162361,8.37165012477452,101.700814578997,TRUE,NA
"sigma",31.11,-8.37447878600768,0.00307714377030166,0.981598592400859,8.373506606837,101.741894937293,TRUE,NA
"sigma",31.12,-8.3763344603088,0.00307643391203705,0.981605205033502,8.3753628977081,101.782978990957,TRUE,NA
"sigma",31.13,-8.3781899440868,0.00307572423338343,0.981611813065031,8.37721899746786,101.824066739197,TRUE,NA
"sigma",31.14,-8.38004523742093,0.00307501473446159,0.981618416500097,8.37907490619633,101.865158181221,TRUE,NA
"sigma",31.15,-8.3819003403904,0.00307430541530884,0.981625015343297,8.38093062397342,101.906253316237,TRUE,NA
"sigma",31.16,-8.38375525307435,0.00307359627609394,0.981631609599326,8.38278615087907,101.947352143452,TRUE,NA
"sigma",31.17,-8.38560997555193,0.00307288731691102,0.981638199272883,8.38464148699314,101.988454662076,TRUE,NA
"sigma",31.18,-8.38746450790212,0.00307217853790398,0.981644784368628,8.38649663239536,102.029560871318,TRUE,NA
"sigma",31.19,-8.38931885020391,0.00307146993912255,0.98165136489107,8.38835158716548,102.070670770387,TRUE,NA
"sigma",31.2,-8.39117300253626,0.0030707615206822,0.981657940844948,8.39020635138317,102.111784358493,TRUE,NA
"sigma",31.21,-8.393026964978,0.00307005328273213,0.98166451223488,8.39206092512804,102.152901634848,TRUE,NA
"sigma",31.22,-8.39488073760795,0.0030693452252919,0.981671079065416,8.39391530847962,102.194022598661,TRUE,NA
"sigma",31.23,-8.39673432050487,0.0030686373485711,0.981677641341277,8.39576950151741,102.235147249144,TRUE,NA
"sigma",31.24,-8.39858771374744,0.00306792965256975,0.981684199066932,8.39762350432084,102.276275585509,TRUE,NA
"sigma",31.25,-8.4004409174143,0.00306722213747079,0.981690752247146,8.39947731696927,102.317407606969,TRUE,NA
"sigma",31.26,-8.40229393158406,0.00306651480336306,0.981697300886414,8.40133093954207,102.358543312734,TRUE,NA
"sigma",31.27,-8.40414675633519,0.00306580765028386,0.981703844989275,8.4031843721184,102.399682702019,TRUE,NA
"sigma",31.28,-8.40599939174619,0.00306510067842503,0.98171038456044,8.40503761477754,102.440825774038,TRUE,NA
"sigma",31.29,-8.40785183789546,0.00306439388781321,0.981716919604394,8.4068906675986,102.481972528002,TRUE,NA
"sigma",31.3,-8.40970409486137,0.00306368727859585,0.981723450125762,8.40874353066067,102.523122963128,TRUE,NA
"sigma",31.31,-8.41155616272221,0.00306298085086354,0.981729976129092,8.41059620404278,102.56427707863,TRUE,NA
"sigma",31.32,-8.41340804155618,0.00306227460469977,0.981736497618907,8.41244868782386,102.605434873722,TRUE,NA
"sigma",31.33,-8.41525973144152,0.00306156854025375,0.981743014599829,8.41430098208289,102.646596347621,TRUE,NA
"sigma",31.34,-8.41711123245632,0.00306086265755212,0.981749527076354,8.41615308689866,102.687761499542,TRUE,NA
"sigma",31.35,-8.41896254467867,0.00306015695671036,0.981756035053004,8.41800500234997,102.728930328702,TRUE,NA
"sigma",31.36,-8.42081366818657,0.00305945143790431,0.98176253853442,8.4198567285156,102.770102834318,TRUE,NA
"sigma",31.37,-8.42266460305797,0.00305874610113221,0.981769037525,8.42170826547417,102.811279015606,TRUE,NA
"sigma",31.38,-8.4245153493708,0.0030580409465415,0.981775532029363,8.42355961330435,102.852458871784,TRUE,NA
"sigma",31.39,-8.42636590720287,0.00305733597420677,0.981782022051977,8.42541077208467,102.893642402071,TRUE,NA
"sigma",31.4,-8.42821627663199,0.00305663118425592,0.981788507597352,8.42726174189366,102.934829605684,TRUE,NA
"sigma",31.41,-8.43006645773588,0.00305592657673515,0.981794988670026,8.42911252280974,102.976020481844,TRUE,NA
"sigma",31.42,-8.43191645059221,0.00305522215177589,0.981801465274495,8.43096311491134,103.017215029768,TRUE,NA
"sigma",31.43,-8.43376625527863,0.00305451790947942,0.981807937415226,8.43281351827677,103.058413248677,TRUE,NA
"sigma",31.44,-8.43561587187266,0.00305381384991321,0.981814405096706,8.43466373298432,103.09961513779,TRUE,NA
"sigma",31.45,-8.43746530045184,0.00305310997320518,0.981820868323458,8.43651375911219,103.140820696329,TRUE,NA
"sigma",31.46,-8.43931454109362,0.00305240627940329,0.981827327099923,8.43836359673856,103.182029923514,TRUE,NA
"sigma",31.47,-8.44116359387537,0.00305170276862476,0.981833781430553,8.44021324594153,103.223242818567,TRUE,NA
"sigma",31.48,-8.44301245887448,0.00305099944099396,0.981840231319903,8.44206270679917,103.26445938071,TRUE,NA
"sigma",31.49,-8.44486113616817,0.00305029629654818,0.98184667677233,8.44391197938945,103.305679609164,TRUE,NA
"sigma",31.5,-8.44670962583374,0.00304959333539223,0.981853117792336,8.44576106379031,103.346903503152,TRUE,NA
"sigma",31.51,-8.44855792794829,0.003048890557654,0.981859554384376,8.44760996007963,103.388131061898,TRUE,NA
"sigma",31.52,-8.45040604258899,0.00304818796339923,0.981865986552897,8.44945866833525,103.429362284625,TRUE,NA
"sigma",31.53,-8.45225396983286,0.00304748555271139,0.98187241430227,8.4513071886349,103.470597170555,TRUE,NA
"sigma",31.54,-8.45410170975696,0.00304678332565977,0.981878837636961,8.4531555210563,103.511835718916,TRUE,NA
"sigma",31.55,-8.4559492624382,0.00304608128234385,0.981885256561415,8.45500366567712,103.55307792893,TRUE,NA
"sigma",31.56,-8.45779662795349,0.00304537942291461,0.981891671080036,8.45685162257497,103.594323799822,TRUE,NA
"sigma",31.57,-8.45964380637967,0.00304467774742534,0.981898081197269,8.45869939182736,103.635573330818,TRUE,NA
"sigma",31.58,-8.46149079779352,0.0030439762559169,0.981904486917454,8.46054697351179,103.676826521145,TRUE,NA
"sigma",31.59,-8.4633376022718,0.00304327494851542,0.981910888245039,8.46239436770568,103.718083370028,TRUE,NA
"sigma",31.6,-8.46518421989114,0.0030425738253399,0.981917285184409,8.4642415744864,103.759343876694,TRUE,NA
"sigma",31.61,-8.46703065072817,0.00304187288640279,0.981923677739913,8.46608859393127,103.800608040371,TRUE,NA
"sigma",31.62,-8.46887689485948,0.00304117213186217,0.981930065916047,8.46793542611753,103.841875860285,TRUE,NA
"sigma",31.63,-8.47072295236157,0.00304047156177134,0.981936449717082,8.46978207112243,103.883147335665,TRUE,NA
"sigma",31.64,-8.4725688233109,0.00303977117620846,0.981942829147406,8.47162852902308,103.92442246574,TRUE,NA
"sigma",31.65,-8.47441450778385,0.00303907097529077,0.981949204211451,8.4734747998966,103.965701249738,TRUE,NA
"sigma",31.66,-8.47626000585679,0.00303837095903425,0.981955574913495,8.47532088381997,104.006983686887,TRUE,NA
"sigma",31.67,-8.47810531760599,0.00303767112759701,0.981961941257933,8.47716678087023,104.048269776419,TRUE,NA
"sigma",31.68,-8.47995044310771,0.00303697148104476,0.981968303249152,8.47901249112429,104.089559517563,TRUE,NA
"sigma",31.69,-8.4817953824381,0.0030362720194308,0.981974660891396,8.48085801465898,104.130852909548,TRUE,NA
"sigma",31.7,-8.48364013567334,0.00303557274290256,0.981981014189132,8.4827033515512,104.172149951607,TRUE,NA
"sigma",31.71,-8.48548470288946,0.00303487365145116,0.981987363146611,8.48454850187761,104.213450642971,TRUE,NA
"sigma",31.72,-8.48732908416246,0.00303417474521872,0.981993707768134,8.48639346571494,104.25475498287,TRUE,NA
"sigma",31.73,-8.48917327956836,0.00303347602426918,0.982000048058062,8.48823824313987,104.296062970538,TRUE,NA
"sigma",31.74,-8.49101728918304,0.00303277748870556,0.982006384020758,8.49008283422896,104.337374605205,TRUE,NA
"sigma",31.75,-8.49286111308237,0.00303207913858827,0.982012715660499,8.49192723905879,104.378689886107,TRUE,NA
"sigma",31.76,-8.49470475134212,0.00303138097399547,0.982019042981528,8.49377145770577,104.420008812474,TRUE,NA
"sigma",31.77,-8.49654820403808,0.00303068299503906,0.982025365988236,8.4956154902464,104.461331383543,TRUE,NA
"sigma",31.78,-8.49839147124592,0.00302998520173681,0.982031684684837,8.49745933675698,104.502657598545,TRUE,NA
"sigma",31.79,-8.50023455304128,0.00302928759422905,0.982037999075679,8.49930299731388,104.543987456717,TRUE,NA
"sigma",31.8,-8.50207744949974,0.0030285901725513,0.982044309165017,8.50114647199332,104.585320957292,TRUE,NA
"sigma",31.81,-8.50392016069684,0.00302789293682082,0.982050614957141,8.50298976087154,104.626658099506,TRUE,NA
"sigma",31.82,-8.50576268670806,0.00302719588709977,0.98205691645634,8.50483286402468,104.667998882595,TRUE,NA
"sigma",31.83,-8.50760502760882,0.00302649902347341,0.982063213666833,8.50667578152882,104.709343305795,TRUE,NA
"sigma",31.84,-8.5094471834745,0.00302580234597372,0.982069506592893,8.50851851346001,104.750691368342,TRUE,NA
"sigma",31.85,-8.5112891543804,0.00302510585472682,0.98207579523879,8.51036105989424,104.792043069473,TRUE,NA
"sigma",31.86,-8.5131309404018,0.00302440954980199,0.982082079608786,8.51220342090745,104.833398408426,TRUE,NA
"sigma",31.87,-8.51497254161388,0.00302371343124186,0.982088359707101,8.51404559657548,104.874757384438,TRUE,NA
"sigma",31.88,-8.51681395809182,0.00302301749916722,0.982094635537986,8.5158875869742,104.916119996748,TRUE,NA
"sigma",31.89,-8.51865518991073,0.00302232175364381,0.982100907105686,8.51772939217935,104.957486244593,TRUE,NA
"sigma",31.9,-8.52049623714562,0.00302162619471957,0.982107174414377,8.51957101226664,104.998856127213,TRUE,NA
"sigma",31.91,-8.52233709987155,0.00302093082249399,0.98211343746835,8.52141244731175,105.040229643847,TRUE,NA
"sigma",31.92,-8.52417777816338,0.00302023563702747,0.982119696271745,8.52325369739025,105.081606793734,TRUE,NA
"sigma",31.93,-8.52601827209606,0.00301954063841414,0.982125950828853,8.52509476257774,105.122987576116,TRUE,NA
"sigma",31.94,-8.52785858174441,0.0030188458267002,0.982132201143841,8.52693564294967,105.164371990232,TRUE,NA
"sigma",31.95,-8.52969870718322,0.00301815120199045,0.982138447220936,8.52877633858151,105.205760035323,TRUE,NA
"sigma",31.96,-8.53153864848719,0.00301745676431509,0.982144689064279,8.53061684954863,105.247151710631,TRUE,NA
"sigma",31.97,-8.53337840573104,0.00301676251376293,0.982150926678079,8.53245717592636,105.288547015397,TRUE,NA
"sigma",31.98,-8.53521797898936,0.00301606845043345,0.982157160066544,8.53429731779001,105.329945948863,TRUE,NA
"sigma",31.99,-8.5370573683367,0.00301537457436929,0.982163389233859,8.53613727521477,105.371348510272,TRUE,NA
"sigma",32,-8.53889657384764,0.0030146808856415,0.982169614184151,8.53797704827583,105.412754698867,TRUE,NA
"sigma",32.01,-8.5407355955966,0.00301398738434067,0.982175834921651,8.53981663704831,105.454164513891,TRUE,NA
"sigma",32.02,-8.54257443365799,0.00301329407048634,0.982182051450421,8.54165604160725,105.495577954587,TRUE,NA
"sigma",32.03,-8.54441308810623,0.00301260094421529,0.982188263774747,8.54349526202772,105.536995020201,TRUE,NA
"sigma",32.04,-8.54625155901553,0.00301190800556306,0.982194471898699,8.54533429838459,105.578415709975,TRUE,NA
"sigma",32.05,-8.5480898464602,0.00301121525460601,0.982200675826464,8.54717315075283,105.619840023156,TRUE,NA
"sigma",32.06,-8.54992795051443,0.00301052269141167,0.982206875562124,8.54901181920726,105.661267958988,TRUE,NA
"sigma",32.07,-8.5517658712524,0.0030098303160333,0.982213071109857,8.55085030382269,105.702699516717,TRUE,NA
"sigma",32.08,-8.55360360874816,0.00300913812854908,0.982219262473819,8.55268860467385,105.74413469559,TRUE,NA
"sigma",32.09,-8.55544116307578,0.00300844612907092,0.98222544965811,8.55452672183545,105.785573494851,TRUE,NA
"sigma",32.1,-8.55727853430923,0.00300775431758105,0.982231632666822,8.55636465538209,105.82701591375,TRUE,NA
"sigma",32.11,-8.55911572252249,0.00300706269419848,0.982237811504104,8.55820240538839,105.868461951532,TRUE,NA
"sigma",32.12,-8.5609527277894,0.00300637125898362,0.982243986174079,8.56003997192886,105.909911607445,TRUE,NA
"sigma",32.13,-8.5627895501838,0.00300568001198442,0.982250156680819,8.56187735507796,105.951364880737,TRUE,NA
"sigma",32.14,-8.56462618977951,0.00300498895334655,0.982256323028432,8.56371455491016,105.992821770657,TRUE,NA
"sigma",32.15,-8.56646264665022,0.0030042980829883,0.982262485220991,8.56555157149977,106.034282276454,TRUE,NA
"sigma",32.16,-8.56829892086965,0.00300360740107841,0.982268643262621,8.56738840492116,106.075746397376,TRUE,NA
"sigma",32.17,-8.5701350125114,0.00300291690764354,0.982274797157364,8.56922505524853,106.117214132674,TRUE,NA
"sigma",32.18,-8.57197092164905,0.00300222660281335,0.982280946909408,8.5710615225562,106.158685481597,TRUE,NA
"sigma",32.19,-8.5738066483561,0.00300153648655588,0.982287092522648,8.5728978069182,106.200160443395,TRUE,NA
"sigma",32.2,-8.57564219270605,0.00300084655901678,0.982293234001317,8.57473390840872,106.24163901732,TRUE,NA
"sigma",32.21,-8.57747755477233,0.00300015682020671,0.982299371349382,8.57656982710179,106.283121202623,TRUE,NA
"sigma",32.22,-8.57931273462825,0.00299946727020028,0.982305504570933,8.57840556307138,106.324606998555,TRUE,NA
"sigma",32.23,-8.58114773234717,0.0029987779090348,0.982311633669994,8.58024111639147,106.366096404367,TRUE,NA
"sigma",32.24,-8.58298254800238,0.00299808873683638,0.982317758650649,8.58207648713598,106.407589419314,TRUE,NA
"sigma",32.25,-8.58481718166703,0.00299739975362812,0.982323879516929,8.58391167537869,106.449086042645,TRUE,NA
"sigma",32.26,-8.58665163341434,0.00299671095948284,0.98232999627287,8.58574668119345,106.490586273617,TRUE,NA
"sigma",32.27,-8.58848590331736,0.00299602235443253,0.982336108922478,8.58758150465393,106.532090111481,TRUE,NA
"sigma",32.28,-8.59031999144917,0.00299533393854823,0.982342217469826,8.58941614583386,106.573597555491,TRUE,NA
"sigma",32.29,-8.59215389788281,0.00299464571192409,0.982348321918895,8.59125060480687,106.615108604903,TRUE,NA
"sigma",32.3,-8.59398762269121,0.00299395767460275,0.982354422273713,8.59308488164654,106.65662325897,TRUE,NA
"sigma",32.31,-8.59582116594726,0.00299326982660553,0.982360518538312,8.59491897642638,106.698141516947,TRUE,NA
"sigma",32.32,-8.59765452772382,0.00299258216799991,0.982366610716646,8.59675288921986,106.73966337809,TRUE,NA
"sigma",32.33,-8.59948770809373,0.0029918946988996,0.982372698812721,8.59858662010044,106.781188841655,TRUE,NA
"sigma",32.34,-8.60132070712968,0.00299120741935965,0.98237878283067,8.60042016914146,106.822717906898,TRUE,NA
"sigma",32.35,-8.60315352490441,0.00299052032935343,0.9823848627743,8.60225353641625,106.864250573075,TRUE,NA
"sigma",32.36,-8.60498616149057,0.00298983342904258,0.982390938647702,8.60408672199808,106.905786839444,TRUE,NA
"sigma",32.37,-8.60681861696071,0.0029891467183738,0.982397010454763,8.60591972596015,106.947326705262,TRUE,NA
"sigma",32.38,-8.60865089138743,0.00298846019749988,0.98240307819958,8.60775254837565,106.988870169786,TRUE,NA
"sigma",32.39,-8.61048298484321,0.00298777386647409,0.98240914188607,8.60958518931769,107.030417232275,TRUE,NA
"sigma",32.4,-8.61231489740049,0.00298708772528578,0.982415201518152,8.6114176488593,107.071967891986,TRUE,NA
"sigma",32.41,-8.61414662913166,0.00298640177403442,0.982421257099866,8.61324992707352,107.113522148181,TRUE,NA
"sigma",32.42,-8.61597818010908,0.00298571601276798,0.982427308635089,8.61508202403328,107.155080000116,TRUE,NA
"sigma",32.43,-8.61780955040505,0.00298503044154153,0.982433356127849,8.61691393981151,107.196641447053,TRUE,NA
"sigma",32.44,-8.61964074009178,0.00298434506037637,0.982439399582026,8.61874567448104,107.23820648825,TRUE,NA
"sigma",32.45,-8.62147174924145,0.00298365986939864,0.982445439001588,8.62057722811469,107.279775122969,TRUE,NA
"sigma",32.46,-8.62330257792627,0.00298297486861188,0.98245147439047,8.62240860078521,107.32134735047,TRUE,NA
"sigma",32.47,-8.62513322621827,0.00298229005808892,0.982457505752608,8.62423979256529,107.362923170014,TRUE,NA
"sigma",32.48,-8.62696369418952,0.0029816054378724,0.982463533091921,8.62607080352758,107.404502580864,TRUE,NA
"sigma",32.49,-8.62879398191199,0.00298092100800318,0.982469556412306,8.62790163374468,107.446085582281,TRUE,NA
"sigma",32.5,-8.63062408945763,0.0029802367685523,0.982475575717704,8.62973228328914,107.487672173526,TRUE,NA
"sigma",32.51,-8.63245401689834,0.00297955271960149,0.982481591012047,8.63156275223346,107.529262353864,TRUE,NA
"sigma",32.52,-8.63428376430594,0.0029788688611383,0.982487602299154,8.63339304065004,107.570856122557,TRUE,NA
"sigma",32.53,-8.63611333175223,0.00297818519327286,0.982493609583053,8.63522314861134,107.612453478869,TRUE,NA
"sigma",32.54,-8.63794271930895,0.00297750171603006,0.98249961286757,8.63705307618966,107.654054422062,TRUE,NA
"sigma",32.55,-8.63977192704776,0.00297681842944364,0.982505612156563,8.63888282345728,107.695658951403,TRUE,NA
"sigma",32.56,-8.64160095504035,0.00297613533357577,0.982511607453946,8.64071239048646,107.737267066154,TRUE,NA
"sigma",32.57,-8.64342980335828,0.00297545242849928,0.982517598763621,8.64254177734938,107.778878765582,TRUE,NA
"sigma",32.58,-8.64525847207311,0.00297476971425148,0.982523586089423,8.64437098411819,107.820494048952,TRUE,NA
"sigma",32.59,-8.64708696125629,0.00297408719086967,0.982529569435292,8.64620001086498,107.862112915529,TRUE,NA
"sigma",32.6,-8.64891527097927,0.00297340485840536,0.982535548805005,8.64802885766173,107.903735364578,TRUE,NA
"sigma",32.61,-8.65074340131346,0.00297272271690474,0.982541524202449,8.6498575245805,107.945361395368,TRUE,NA
"sigma",32.62,-8.65257135233023,0.00297204076649038,0.982547495631589,8.65168601169322,107.986991007166,TRUE,NA
"sigma",32.63,-8.65439912410078,0.00297135900709655,0.982553463096109,8.65351431907169,108.028624199236,TRUE,NA
"sigma",32.64,-8.65622671669643,0.00297067743882273,0.98255942659996,8.65534244678783,108.070260970849,TRUE,NA
"sigma",32.65,-8.65805413018833,0.00296999606172754,0.98256538614694,8.65717039491341,108.111901321271,TRUE,NA
"sigma",32.66,-8.65988136464766,0.00296931487588559,0.982571341740939,8.65899816352015,108.153545249772,TRUE,NA
"sigma",32.67,-8.66170842014546,0.00296863388125956,0.982577293385717,8.66082575267971,108.195192755619,TRUE,NA
"sigma",32.68,-8.6635352967528,0.00296795307793118,0.982583241085127,8.66265316246373,108.236843838082,TRUE,NA
"sigma",32.69,-8.6653619945407,0.0029672724659644,0.982589184843016,8.66448039294384,108.27849849643,TRUE,NA
"sigma",32.7,-8.66718851358007,0.00296659204541427,0.982595124663179,8.66630744419152,108.320156729934,TRUE,NA
"sigma",32.71,-8.6690148539418,0.0029659118162968,0.98260106054939,8.66813431627828,108.361818537864,TRUE,NA
"sigma",32.72,-8.67084101569676,0.00296523177870256,0.982606992505574,8.66996100927553,108.403483919489,TRUE,NA
"sigma",32.73,-8.67266699891573,0.00296455193263334,0.982612920535445,8.67178752325466,108.445152874082,TRUE,NA
"sigma",32.74,-8.67449280366947,0.00296387227811046,0.982618844642734,8.673613858287,108.486825400914,TRUE,NA
"sigma",32.75,-8.67631843002868,0.00296319281524049,0.98262476483139,8.67544001444385,108.528501499255,TRUE,NA
"sigma",32.76,-8.67814387806397,0.00296251354405541,0.982630681105119,8.67726599179641,108.570181168379,TRUE,NA
"sigma",32.77,-8.67996914784602,0.00296183446459253,0.982636593467718,8.67909179041591,108.611864407559,TRUE,NA
"sigma",32.78,-8.68179423944528,0.00296115557686427,0.98264250192295,8.6809174103734,108.653551216065,TRUE,NA
"sigma",32.79,-8.68361915293234,0.00296047688092393,0.982648406474572,8.68274285174005,108.695241593173,TRUE,NA
"sigma",32.8,-8.6854438883776,0.00295979837686566,0.982654307126426,8.68456811458683,108.736935538156,TRUE,NA
"sigma",32.81,-8.68726844585151,0.00295912006467702,0.982660203882216,8.68639319898477,108.778633050287,TRUE,NA
"sigma",32.82,-8.68909282542438,0.00295844194443795,0.982666096745729,8.68821810500478,108.820334128841,TRUE,NA
"sigma",32.83,-8.69091702716653,0.00295776401615377,0.982671985720695,8.69004283271772,108.862038773093,TRUE,NA
"sigma",32.84,-8.69274105114824,0.00295708627986535,0.982677870810871,8.69186738219447,108.903746982318,TRUE,NA
"sigma",32.85,-8.69456489743971,0.00295640873567748,0.982683752020042,8.69369175350581,108.945458755791,TRUE,NA
"sigma",32.86,-8.69638856611111,0.00295573138354932,0.982689629351898,8.69551594672244,108.987174092788,TRUE,NA
"sigma",32.87,-8.69821205723251,0.00295505422359277,0.982695502810209,8.69733996191506,109.028892992585,TRUE,NA
"sigma",32.88,-8.70003537087403,0.00295437725578473,0.98270137239867,8.69916379915432,109.070615454459,TRUE,NA
"sigma",32.89,-8.70185850710567,0.00295370048020871,0.982707238121049,8.70098745851079,109.112341477687,TRUE,NA
"sigma",32.9,-8.70368146599739,0.00295302389688779,0.982713099981054,8.70281094005503,109.154071061546,TRUE,NA
"sigma",32.91,-8.7055042476191,0.00295234750583795,0.982718957982358,8.7046342438575,109.195804205314,TRUE,NA
"sigma",32.92,-8.7073268520407,0.00295167130718355,0.982724812128757,8.70645736998868,109.237540908269,TRUE,NA
"sigma",32.93,-8.70914927933198,0.00295099530086063,0.982730662423923,8.70828031851893,109.279281169689,TRUE,NA
"sigma",32.94,-8.71097152956273,0.00295031948695446,0.982736508871526,8.71010308951858,109.321024988852,TRUE,NA
"sigma",32.95,-8.7127936028027,0.00294964386552898,0.982742351475313,8.71192568305795,109.36277236504,TRUE,NA
"sigma",32.96,-8.71461549912154,0.00294896843656112,0.982748190238934,8.71374809920728,109.404523297529,TRUE,NA
"sigma",32.97,-8.71643721858889,0.00294829320013434,0.98275402516613,8.71557033803678,109.446277785602,TRUE,NA
"sigma",32.98,-8.71825876127432,0.00294761815627176,0.982759856260528,8.71739239961655,109.488035828537,TRUE,NA
"sigma",32.99,-8.72008012724737,0.00294694330502843,0.982765683525896,8.71921428401673,109.529797425615,TRUE,NA
"sigma",33,-8.72190131657758,0.00294626864644343,0.982771506965833,8.72103599130737,109.571562576118,TRUE,NA
"sigma",33.01,-8.72372232933434,0.00294559418050788,0.982777326584033,8.72285752155845,109.613331279326,TRUE,NA
"sigma",33.02,-8.72554316558699,0.00294491990728041,0.98278314238416,8.72467887483989,109.655103534522,TRUE,NA
"sigma",33.03,-8.72736382540498,0.00294424582683384,0.982788954369901,8.72650005122168,109.696879340987,TRUE,NA
"sigma",33.04,-8.72918430885754,0.00294357193913442,0.982794762544844,8.72832105077359,109.738658698005,TRUE,NA
"sigma",33.05,-8.73100461601393,0.00294289824427629,0.982800566912722,8.73014187356548,109.780441604857,TRUE,NA
"sigma",33.06,-8.73282474694338,0.00294222474228789,0.982806367477169,8.73196251966707,109.822228060826,TRUE,NA
"sigma",33.07,-8.734644701715,0.00294155143314612,0.982812164241764,8.73378298914808,109.864018065198,TRUE,NA
"sigma",33.08,-8.73646448039791,0.00294087831694867,0.98281795721021,8.73560328207819,109.905811617255,TRUE,NA
"sigma",33.09,-8.73828408306121,0.00294020539371509,0.982823746386121,8.73742339852701,109.947608716281,TRUE,NA
"sigma",33.1,-8.74010350977387,0.00293953266350044,0.982829531773173,8.7392433385641,109.989409361562,TRUE,NA
"sigma",33.11,-8.74192276060483,0.00293886012628874,0.9828353133749,8.74106310225894,110.031213552381,TRUE,NA
"sigma",33.12,-8.74374183562303,0.00293818778215993,0.982841091195019,8.74288268968105,110.073021288025,TRUE,NA
"sigma",33.13,-8.74556073489736,0.00293751563109623,0.982846865237066,8.74470210089983,110.114832567778,TRUE,NA
"sigma",33.14,-8.74737945849663,0.00293684367319003,0.982852635504726,8.74652133598465,110.156647390929,TRUE,NA
"sigma",33.15,-8.74919800648963,0.00293617190840934,0.982858402001532,8.74834039500482,110.198465756762,TRUE,NA
"sigma",33.16,-8.75101637894503,0.00293550033681278,0.982864164731115,8.75015927802962,110.240287664564,TRUE,NA
"sigma",33.17,-8.75283457593159,0.00293482895848918,0.982869923697136,8.75197798512832,110.282113113624,TRUE,NA
"sigma",33.18,-8.75465259751789,0.00293415777336392,0.982875678903092,8.75379651637004,110.323942103227,TRUE,NA
"sigma",33.19,-8.75647044377254,0.00293348678157379,0.982881430352638,8.75561487182398,110.365774632662,TRUE,NA
"sigma",33.2,-8.75828811476404,0.00293281598306727,0.982887178049326,8.75743305155915,110.407610701217,TRUE,NA
"sigma",33.21,-8.76010561056093,0.00293214537795095,0.982892921996811,8.75925105564464,110.449450308181,TRUE,NA
"sigma",33.22,-8.76192293123162,0.0029314749661804,0.982898662198545,8.76106888414941,110.491293452843,TRUE,NA
"sigma",33.23,-8.76374007684456,0.00293080474784091,0.982904398658202,8.76288653714243,110.533140134492,TRUE,NA
"sigma",33.24,-8.76555704746808,0.00293013472291115,0.982910131379291,8.76470401469256,110.574990352417,TRUE,NA
"sigma",33.25,-8.76737384317045,0.00292946489147283,0.982915860365388,8.76652131686867,110.616844105909,TRUE,NA
"sigma",33.26,-8.76919046401995,0.0029287952535455,0.982921585620109,8.76833844373956,110.658701394259,TRUE,NA
"sigma",33.27,-8.77100691008481,0.00292812580913449,0.982927307146924,8.77015539537398,110.700562216756,TRUE,NA
"sigma",33.28,-8.77282318143318,0.0029274565582611,0.982933024949389,8.77197217184061,110.742426572692,TRUE,NA
"sigma",33.29,-8.77463927813319,0.00292678750099284,0.98293873903113,8.77378877320814,110.784294461358,TRUE,NA
"sigma",33.3,-8.77645520025288,0.00292611863734749,0.982944449395639,8.77560519954516,110.826165882046,TRUE,NA
"sigma",33.31,-8.77827094786032,0.00292544996733568,0.982950156046441,8.77742145092023,110.868040834049,TRUE,NA
"sigma",33.32,-8.78008652102348,0.00292478149094855,0.982955858987013,8.77923752740186,110.909919316658,TRUE,NA
"sigma",33.33,-8.78190191981027,0.00292411320833175,0.982961558221073,8.78105342905857,110.951801329167,TRUE,NA
"sigma",33.34,-8.78371714428856,0.0029234451194089,0.982967253751918,8.7828691559587,110.993686870869,TRUE,NA
"sigma",33.35,-8.78553219452628,0.00292277722423151,0.98297294558321,8.78468470817071,111.035575941058,TRUE,NA
"sigma",33.36,-8.78734707059115,0.00292210952285998,0.982978633718444,8.78650008576287,111.077468539027,TRUE,NA
"sigma",33.37,-8.78916177255094,0.00292144201525879,0.982984318161072,8.78831528880346,111.119364664071,TRUE,NA
"sigma",33.38,-8.79097630047333,0.0029207747014901,0.982989998914642,8.7901303173607,111.161264315484,TRUE,NA
"sigma",33.39,-8.792790654426,0.00292010758162853,0.982995675982688,8.79194517150285,111.203167492561,TRUE,NA
"sigma",33.4,-8.79460483447655,0.00291944065560656,0.983001349368631,8.79375985129798,111.245074194598,TRUE,NA
"sigma",33.41,-8.79641884069255,0.00291877392348283,0.983007019076023,8.79557435681419,111.286984420891,TRUE,NA
"sigma",33.42,-8.79823267314155,0.00291810738530351,0.983012685108319,8.79738868811956,111.328898170736,TRUE,NA
"sigma",33.43,-8.80004633189094,0.00291744104110236,0.983018347469047,8.79920284528206,111.370815443427,TRUE,NA
"sigma",33.44,-8.8018598170082,0.00291677489085984,0.983024006161663,8.80101682836962,111.412736238264,TRUE,NA
"sigma",33.45,-8.80367312856074,0.00291610893465233,0.983029661189602,8.80283063745022,111.454660554542,TRUE,NA
"sigma",33.46,-8.80548626661584,0.00291544317246917,0.983035312556432,8.80464427259168,111.49658839156,TRUE,NA
"sigma",33.47,-8.80729923124084,0.00291477760434411,0.983040960265521,8.80645773386178,111.538519748616,TRUE,NA
"sigma",33.48,-8.80911202250293,0.00291411223026827,0.983046604320362,8.80827102132832,111.580454625006,TRUE,NA
"sigma",33.49,-8.81092464046934,0.00291344705032159,0.983052244724458,8.81008413505903,111.62239302003,TRUE,NA
"sigma",33.5,-8.81273708520721,0.00291278206451118,0.983057881481228,8.81189707512154,111.664334932986,TRUE,NA
"sigma",33.51,-8.81454935678365,0.00291211727280505,0.983063514594085,8.81370984158352,111.706280363175,TRUE,NA
"sigma",33.52,-8.81636145526573,0.00291145267533288,0.983069144066578,8.81552243451255,111.748229309895,TRUE,NA
"sigma",33.53,-8.81817338072046,0.00291078827200586,0.983074769902058,8.81733485397615,111.790181772447,TRUE,NA
"sigma",33.54,-8.81998513321481,0.00291012406289681,0.983080392103966,8.81914710004179,111.83213775013,TRUE,NA
"sigma",33.55,-8.82179671281568,0.0029094600480164,0.98308601067577,8.82095917277692,111.874097242246,TRUE,NA
"sigma",33.56,-8.82360811959001,0.00290879622744278,0.983091625620919,8.82277107224898,111.916060248095,TRUE,NA
"sigma",33.57,-8.82541935360459,0.0029081326010818,0.983097236942752,8.82458279852525,111.958026766978,TRUE,NA
"sigma",33.58,-8.82723041492619,0.00290746916908446,0.983102844644802,8.8263943516731,111.999996798198,TRUE,NA
"sigma",33.59,-8.82904130362161,0.00290680593136194,0.983108448730387,8.82820573175977,112.041970341056,TRUE,NA
"sigma",33.6,-8.83085201975751,0.00290614288801549,0.983114049203018,8.83001693885244,112.083947394855,TRUE,NA
"sigma",33.61,-8.83266256340056,0.00290548003902913,0.983119646065999,8.83182797301832,112.125927958898,TRUE,NA
"sigma",33.62,-8.83447293461738,0.00290481738439397,0.983125239322803,8.83363883432449,112.167912032487,TRUE,NA
"sigma",33.63,-8.83628313347448,0.00290415492419349,0.983130828976772,8.83544952283805,112.209899614926,TRUE,NA
"sigma",33.64,-8.83809316003843,0.00290349265838508,0.983136415031379,8.83726003862602,112.251890705518,TRUE,NA
"sigma",33.65,-8.83990301437568,0.00290283058705043,0.983141997489961,8.8390703817554,112.293885303568,TRUE,NA
"sigma",33.66,-8.84171269655267,0.00290216871016646,0.983147576355911,8.8408805522931,112.335883408381,TRUE,NA
"sigma",33.67,-8.84352220663581,0.00290150702775449,0.983153151632671,8.84269055030604,112.377885019261,TRUE,NA
"sigma",33.68,-8.84533154469137,0.00290084553985004,0.983158723323511,8.84450037586103,112.419890135512,TRUE,NA
"sigma",33.69,-8.8471407107857,0.00290018424645133,0.983164291431884,8.84631002902492,112.461898756442,TRUE,NA
"sigma",33.7,-8.84894970498504,0.00289952314759212,0.983169855961148,8.84811950986444,112.503910881355,TRUE,NA
"sigma",33.71,-8.85075852735556,0.00289886224325109,0.983175416914597,8.84992881844627,112.545926509557,TRUE,NA
"sigma",33.72,-8.85256717796349,0.00289820153348153,0.983180974295697,8.85173795483713,112.587945640356,TRUE,NA
"sigma",33.73,-8.8543756568749,0.00289754101836337,0.9831865281078,8.85354691910363,112.629968273059,TRUE,NA
"sigma",33.74,-8.85618396415584,0.00289688069781313,0.983192078354201,8.8553557113123,112.671994406971,TRUE,NA
"sigma",33.75,-8.85799209987238,0.00289622057185923,0.983197625038256,8.85716433152971,112.714024041402,TRUE,NA
"sigma",33.76,-8.85980006409049,0.00289556064058871,0.983203168163416,8.85897277982235,112.756057175658,TRUE,NA
"sigma",33.77,-8.86160785687609,0.00289490090392874,0.983208707732841,8.86078105625661,112.798093809048,TRUE,NA
"sigma",33.78,-8.86341547829509,0.00289424136194505,0.983214243750013,8.86258916089892,112.840133940881,TRUE,NA
"sigma",33.79,-8.86522292841332,0.00289358201466428,0.983219776218224,8.86439709381563,112.882177570465,TRUE,NA
"sigma",33.8,-8.86703020729662,0.00289292286209175,0.983225305140789,8.86620485507304,112.924224697111,TRUE,NA
"sigma",33.81,-8.86883731501072,0.00289226390421682,0.983230830521032,8.86801244473739,112.966275320127,TRUE,NA
"sigma",33.82,-8.87064425162136,0.00289160514105724,0.983236352362277,8.86981986287489,113.008329438823,TRUE,NA
"sigma",33.83,-8.87245101719421,0.00289094657264322,0.983241870667856,8.87162710955176,113.050387052511,TRUE,NA
"sigma",33.84,-8.87425761179485,0.00289028819903869,0.983247385441071,8.8734341848341,113.092448160499,TRUE,NA
"sigma",33.85,-8.87606403548891,0.00288963002017972,0.98325289668527,8.87524108878792,113.1345127621,TRUE,NA
"sigma",33.86,-8.87787028834193,0.00288897203610894,0.983258404403689,8.87704782147938,113.176580856625,TRUE,NA
"sigma",33.87,-8.87967637041938,0.00288831424682989,0.983263908599661,8.87885438297434,113.218652443385,TRUE,NA
"sigma",33.88,-8.88148228178674,0.00288765665239055,0.983269409276512,8.88066077333885,113.260727521692,TRUE,NA
"sigma",33.89,-8.8832880225094,0.00288699925277847,0.983274906437499,8.88246699263874,113.302806090859,TRUE,NA
"sigma",33.9,-8.88509359265275,0.00288634204801319,0.983280400085925,8.88427304093991,113.344888150199,TRUE,NA
"sigma",33.91,-8.88689899228206,0.00288568503811781,0.983285890225092,8.88607891830816,113.386973699024,TRUE,NA
"sigma",33.92,-8.88870422146267,0.00288502822304615,0.9832913768582,8.88788462480922,113.429062736648,TRUE,NA
"sigma",33.93,-8.89050928025975,0.00288437160289057,0.983296859988651,8.88969016050886,113.471155262385,TRUE,NA
"sigma",33.94,-8.89231416873853,0.00288371517760844,0.983302339619592,8.89149552547271,113.513251275548,TRUE,NA
"sigma",33.95,-8.89411888696415,0.00288305894725305,0.983307815754424,8.89330071976647,113.555350775452,TRUE,NA
"sigma",33.96,-8.89592343500168,0.00288240291179953,0.983313288396279,8.89510574345565,113.597453761412,TRUE,NA
"sigma",33.97,-8.89772781291621,0.00288174707128519,0.983318757548498,8.89691059660585,113.639560232743,TRUE,NA
"sigma",33.98,-8.89953202077275,0.00288109142574022,0.983324223214375,8.89871527928258,113.681670188759,TRUE,NA
"sigma",33.99,-8.90133605863628,0.00288043597510779,0.983329685397036,8.90051979155126,113.723783628779,TRUE,NA
"sigma",34,-8.9031399265717,0.00287978071945005,0.983335144099838,8.90232413347728,113.765900552115,TRUE,NA
"sigma",34.01,-8.90494362464393,0.00287912565881321,0.983340599326023,8.9041283051261,113.808020958087,TRUE,NA
"sigma",34.02,-8.90674715291778,0.00287847079312975,0.98334605107876,8.90593230656294,113.850144846009,TRUE,NA
"sigma",34.03,-8.90855051145808,0.00287781612241211,0.983351499361329,8.90773613785315,113.8922722152,TRUE,NA
"sigma",34.04,-8.91035370032954,0.00287716164669582,0.983356944176961,8.9095397990619,113.934403064976,TRUE,NA
"sigma",34.05,-8.91215671959688,0.00287650736604483,0.983362385528923,8.91134329025445,113.976537394656,TRUE,NA
"sigma",34.06,-8.9139595693248,0.00287585328039164,0.983367823420382,8.9131466114959,114.018675203557,TRUE,NA
"sigma",34.07,-8.91576224957792,0.00287519938978065,0.983373257854559,8.91494976285139,114.060816490999,TRUE,NA
"sigma",34.08,-8.91756476042078,0.0028745456941941,0.983378688834705,8.91675274438595,114.102961256299,TRUE,NA
"sigma",34.09,-8.91936710191799,0.00287389219368706,0.983384116364057,8.91855555616463,114.145109498777,TRUE,NA
"sigma",34.1,-8.92116927413397,0.00287323888824709,0.983389540445763,8.92035819825237,114.187261217752,TRUE,NA
"sigma",34.11,-8.9229712771332,0.00287258577783867,0.983394961083053,8.92216067071409,114.229416412544,TRUE,NA
"sigma",34.12,-8.92477311098009,0.00287193286256837,0.983400378279174,8.92396297361473,114.271575082473,TRUE,NA
"sigma",34.13,-8.92657477573901,0.00287128014232252,0.983405792037264,8.92576510701906,114.31373722686,TRUE,NA
"sigma",34.14,-8.9283762714743,0.00287062761724677,0.983411202360555,8.92756707099196,114.355902845025,TRUE,NA
"sigma",34.15,-8.9301775982502,0.00286997528720434,0.983416609252171,8.9293688655981,114.39807193629,TRUE,NA
"sigma",34.16,-8.93197875613101,0.00286932315230892,0.983422012715415,8.93117049090226,114.440244499976,TRUE,NA
"sigma",34.17,-8.93377974518085,0.0028686712125463,0.983427412753422,8.93297194696907,114.482420535404,TRUE,NA
"sigma",34.18,-8.93558056546392,0.00286801946785964,0.983432809369265,8.93477323386316,114.524600041897,TRUE,NA
"sigma",34.19,-8.93738121704433,0.00286736791831288,0.983438202566242,8.93657435164909,114.566783018777,TRUE,NA
"sigma",34.2,-8.93918169998612,0.00286671656392734,0.983443592347502,8.93837530039146,114.608969465367,TRUE,NA
"sigma",34.21,-8.94098201435334,0.00286606540466217,0.983448978716175,8.94017608015468,114.65115938099,TRUE,NA
"sigma",34.22,-8.94278216020997,0.00286541444056709,0.983454361675505,8.94197669100328,114.69335276497,TRUE,NA
"sigma",34.23,-8.94458213761992,0.00286476367163324,0.983459741228564,8.94377713300162,114.735549616629,TRUE,NA
"sigma",34.24,-8.94638194664712,0.0028641130978837,0.983465117378547,8.94557740621409,114.777749935294,TRUE,NA
"sigma",34.25,-8.94818158735543,0.00286346271923854,0.983470490128577,8.94737751070499,114.819953720287,TRUE,NA
"sigma",34.26,-8.94998105980866,0.00286281253580256,0.983475859481846,8.94917744653863,114.862160970934,TRUE,NA
"sigma",34.27,-8.95178036407052,0.00286216254753846,0.983481225441477,8.95097721377919,114.904371686559,TRUE,NA
"sigma",34.28,-8.95357950020477,0.00286151275448887,0.983486588010642,8.95277681249092,114.946585866487,TRUE,NA
"sigma",34.29,-8.95537846827515,0.00286086315656675,0.983491947192358,8.9545762427379,114.988803510046,TRUE,NA
"sigma",34.3,-8.95717726834524,0.00286021375389289,0.983497302989945,8.95637550458434,115.031024616561,TRUE,NA
"sigma",34.31,-8.95897590047868,0.00285956454639802,0.983502655406404,8.95817459809421,115.073249185358,TRUE,NA
"sigma",34.32,-8.960774364739,0.00285891553409812,0.983508004444882,8.95997352333158,115.115477215764,TRUE,NA
"sigma",34.33,-8.96257266118971,0.00285826671699851,0.983513350108473,8.96177228036039,115.157708707106,TRUE,NA
"sigma",34.34,-8.96437078989433,0.00285761809510809,0.983518692400375,8.96357086924462,115.199943658711,TRUE,NA
"sigma",34.35,-8.96616875091624,0.00285696966848192,0.983524031323715,8.96536929004816,115.242182069907,TRUE,NA
"sigma",34.36,-8.96796654431888,0.00285632143697967,0.983529366881439,8.96716754283481,115.284423940023,TRUE,NA
"sigma",34.37,-8.96976417016555,0.00285567340073456,0.983534699076831,8.96896562766841,115.326669268386,TRUE,NA
"sigma",34.38,-8.97156162851958,0.00285502555975725,0.98354002791295,8.97076354461276,115.368918054325,TRUE,NA
"sigma",34.39,-8.97335891944423,0.00285437791394649,0.983545353392833,8.97256129373149,115.411170297169,TRUE,NA
"sigma",34.4,-8.97515604300275,0.002853730463384,0.983550675519641,8.97435887508838,115.453425996249,TRUE,NA
"sigma",34.41,-8.97695299925827,0.00285308320804667,0.983555994296436,8.976156288747,115.495685150892,TRUE,NA
"sigma",34.42,-8.97874978827396,0.00285243614797537,0.983561309726317,8.97795353477101,115.53794776043,TRUE,NA
"sigma",34.43,-8.98054641011294,0.00285178928305818,0.983566621812323,8.97975061322387,115.580213824192,TRUE,NA
"sigma",34.44,-8.98234286483819,0.00285114261343722,0.98357193055759,8.98154752416913,115.622483341509,TRUE,NA
"sigma",34.45,-8.98413915251284,0.0028504961390432,0.983577235965223,8.98334426767032,115.664756311714,TRUE,NA
"sigma",34.46,-8.98593527319973,0.00284984985985481,0.983582538038198,8.98514084379078,115.707032734136,TRUE,NA
"sigma",34.47,-8.9877312269619,0.00284920377594844,0.983587836779696,8.98693725259394,115.749312608106,TRUE,NA
"sigma",34.48,-8.98952701386219,0.00284855788726546,0.983593132192661,8.98873349414313,115.791595932958,TRUE,NA
"sigma",34.49,-8.99132263396344,0.00284791219383251,0.983598424280264,8.99052956850164,115.833882708023,TRUE,NA
"sigma",34.5,-8.99311808732848,0.00284726669562652,0.983603713045524,8.99232547573274,115.876172932635,TRUE,NA
"sigma",34.51,-8.99491337402006,0.00284662139268121,0.983608998491487,8.99412121589962,115.918466606125,TRUE,NA
"sigma",34.52,-8.9967084941009,0.00284597628493799,0.98361428062117,8.99591678906548,115.960763727827,TRUE,NA
"sigma",34.53,-8.99850344763371,0.00284533137246612,0.983619559437716,8.99771219529346,116.003064297076,TRUE,NA
"sigma",34.54,-9.00029823468113,0.0028446866552283,0.983624834944084,8.99950743464661,116.045368313204,TRUE,NA
"sigma",34.55,-9.00209285530571,0.00284404213322809,0.983630107143324,9.001302507188,116.087675775546,TRUE,NA
"sigma",34.56,-9.00388730957003,0.00284339780648857,0.983635376038557,9.00309741298066,116.129986683436,TRUE,NA
"sigma",34.57,-9.00568159753668,0.0028427536749458,0.983640641632682,9.00489215208749,116.172301036211,TRUE,NA
"sigma",34.58,-9.00747571926804,0.00284210973864241,0.983645903928822,9.00668672457147,116.214618833203,TRUE,NA
"sigma",34.59,-9.00926967482658,0.00284146599759261,0.983651162929997,9.00848113049546,116.25694007375,TRUE,NA
"sigma",34.6,-9.01106346427468,0.00284082245179285,0.983656418639212,9.01027536992228,116.299264757186,TRUE,NA
"sigma",34.61,-9.01285708767474,0.00284017910124845,0.983661671059485,9.01206944291477,116.341592882849,TRUE,NA
"sigma",34.62,-9.01465054508901,0.00283953594588127,0.983666920193802,9.01386334953563,116.383924450074,TRUE,NA
"sigma",34.63,-9.01644383657981,0.00283889298575168,0.983672166045224,9.01565708984761,116.426259458198,TRUE,NA
"sigma",34.64,-9.01823696220935,0.00283825022087747,0.983677408616775,9.0174506639134,116.468597906559,TRUE,NA
"sigma",34.65,-9.02002992203985,0.00283760765122132,0.983682647911367,9.01924407179559,116.510939794494,TRUE,NA
"sigma",34.66,-9.02182271613338,0.00283696527678501,0.983687883932083,9.02103731355677,116.55328512134,TRUE,NA
"sigma",34.67,-9.02361534455211,0.00283632309753834,0.983693116681874,9.02283038925948,116.595633886436,TRUE,NA
"sigma",34.68,-9.02540780735809,0.00283568111352039,0.983698346163768,9.02462329896626,116.637986089121,TRUE,NA
"sigma",34.69,-9.0272001046134,0.00283503932472762,0.983703572380731,9.02641604273957,116.680341728732,TRUE,NA
"sigma",34.7,-9.02899223637993,0.00283439773119554,0.98370879533581,9.02820862064184,116.722700804609,TRUE,NA
"sigma",34.71,-9.03078420271969,0.00283375633279093,0.983714015031864,9.0300010327354,116.765063316091,TRUE,NA
"sigma",34.72,-9.03257600369456,0.00283311512965945,0.983719231471965,9.03179327908266,116.807429262519,TRUE,NA
"sigma",34.73,-9.03436763936641,0.00283247412164656,0.983724444659089,9.03358535974586,116.849798643231,TRUE,NA
"sigma",34.74,-9.03615910979709,0.00283183330886949,0.983729654596163,9.03537727478731,116.892171457569,TRUE,NA
"sigma",34.75,-9.03795041504831,0.00283119269129273,0.983734861286208,9.03716902426918,116.934547704872,TRUE,NA
"sigma",34.76,-9.0397415551819,0.00283055226888607,0.983740064732117,9.03896060825368,116.976927384483,TRUE,NA
"sigma",34.77,-9.04153253025948,0.00282991204169214,0.983745264936934,9.04075202680292,117.019310495741,TRUE,NA
"sigma",34.78,-9.0433233403428,0.00282927200967364,0.983750461903575,9.04254327997904,117.061697037989,TRUE,NA
"sigma",34.79,-9.04511398549342,0.00282863217279328,0.983755655634985,9.04433436784402,117.104087010569,TRUE,NA
"sigma",34.8,-9.04690446577291,0.00282799253110078,0.983760846134156,9.04612529045994,117.146480412822,TRUE,NA
"sigma",34.81,-9.04869478124287,0.00282735308455706,0.983766033403963,9.04791604788876,117.188877244092,TRUE,NA
"sigma",34.82,-9.05048493196475,0.00282671383315503,0.983771217447409,9.04970664019234,117.231277503721,TRUE,NA
"sigma",34.83,-9.05227491800003,0.00282607477694263,0.983776398267402,9.05149706743268,117.273681191052,TRUE,NA
"sigma",34.84,-9.05406473941013,0.00282543591586126,0.983781575866956,9.05328732967156,117.31608830543,TRUE,NA
"sigma",34.85,-9.05585439625641,0.00282479724995532,0.983786750248946,9.05507742697081,117.358498846197,TRUE,NA
"sigma",34.86,-9.05764388860024,0.0028241587791058,0.98379192141623,9.05686735939216,117.400912812697,TRUE,NA
"sigma",34.87,-9.05943321650289,0.00282352050341217,0.983797089371819,9.05865712699739,117.443330204276,TRUE,NA
"sigma",34.88,-9.0612223800257,0.00282288242288331,0.983802254118657,9.06044672984821,117.485751020278,TRUE,NA
"sigma",34.89,-9.06301137922976,0.00282224453740376,0.983807415659577,9.06223616800615,117.528175260048,TRUE,NA
"sigma",34.9,-9.06480021417633,0.00282160684707833,0.983812573997614,9.06402544153293,117.570602922931,TRUE,NA
"sigma",34.91,-9.06658888492657,0.0028209693518324,0.983817729135593,9.06581455049006,117.613034008274,TRUE,NA
"sigma",34.92,-9.0683773915415,0.0028203320516802,0.983822881076449,9.06760349493905,117.655468515421,TRUE,NA
"sigma",34.93,-9.07016573408226,0.0028196949466448,0.983828029823091,9.06939227494147,117.69790644372,TRUE,NA
"sigma",34.94,-9.07195391260983,0.00281905803661253,0.983833175378357,9.07118089055865,117.740347792517,TRUE,NA
"sigma",34.95,-9.07374192718523,0.00281842132167576,0.983838317745206,9.07296934185206,117.782792561159,TRUE,NA
"sigma",34.96,-9.07552977786934,0.00281778480186112,0.983843456926608,9.07475762888307,117.825240748993,TRUE,NA
"sigma",34.97,-9.07731746472309,0.00281714847704606,0.983848592925297,9.07654575171297,117.867692355367,TRUE,NA
"sigma",34.98,-9.07910498780736,0.00281651234727853,0.983853725744293,9.07833371040306,117.910147379628,TRUE,NA
"sigma",34.99,-9.08089234718296,0.002815876412539,0.983858855386354,9.08012150501456,117.952605821126,TRUE,NA
"sigma",35,-9.08267954291064,0.00281524067284877,0.983863981854535,9.0819091356087,117.995067679207,TRUE,NA
"sigma",35.01,-9.08446657505122,0.00281460512815279,0.983869105151528,9.08369660224665,118.037532953223,TRUE,NA
"sigma",35.02,-9.08625344366533,0.00281396977850967,0.98387422528037,9.0854839049895,118.08000164252,TRUE,NA
"sigma",35.03,-9.08804014881366,0.00281333462382172,0.983879342243791,9.08727104389834,118.122473746449,TRUE,NA
"sigma",35.04,-9.08982669055686,0.00281269966414222,0.983884456044752,9.08905801903424,118.16494926436,TRUE,NA
"sigma",35.05,-9.09161306895547,0.0028120648994765,0.983889566686116,9.09084483045817,118.207428195602,TRUE,NA
"sigma",35.06,-9.09339928407008,0.00281143032975173,0.983894674170712,9.09263147823111,118.249910539526,TRUE,NA
"sigma",35.07,-9.09518533596115,0.00281079595498035,0.983899778501388,9.09441796241396,118.292396295483,TRUE,NA
"sigma",35.08,-9.09697122468919,0.00281016177517657,0.983904879680985,9.09620428306762,118.334885462823,TRUE,NA
"sigma",35.09,-9.09875695031462,0.00280952779029242,0.983909977712421,9.09799044025293,118.377378040899,TRUE,NA
"sigma",35.1,-9.10054251289782,0.00280889400039719,0.983915072598521,9.09977643403071,118.419874029061,TRUE,NA
"sigma",35.11,-9.10232791249913,0.00280826040538251,0.983920164342099,9.10156226446168,118.462373426661,TRUE,NA
"sigma",35.12,-9.10411314917889,0.00280762700526438,0.98392525294601,9.1033479316066,118.504876233052,TRUE,NA
"sigma",35.13,-9.10589822299732,0.0028069938000943,0.98393033841312,9.10513343552615,118.547382447586,TRUE,NA
"sigma",35.14,-9.10768313401473,0.00280636078979235,0.983935420746236,9.10691877628098,118.589892069617,TRUE,NA
"sigma",35.15,-9.10946788229125,0.00280572797437806,0.983940499948172,9.10870395393165,118.632405098496,TRUE,NA
"sigma",35.16,-9.11125246788708,0.00280509535378926,0.983945576021752,9.11048896853878,118.674921533579,TRUE,NA
"sigma",35.17,-9.11303689086228,0.00280446292810943,0.983950648969885,9.11227382016286,118.717441374217,TRUE,NA
"sigma",35.18,-9.11482115127698,0.00280383069726931,0.983955718795325,9.1140585088644,118.759964619766,TRUE,NA
"sigma",35.19,-9.1166052491912,0.00280319866119783,0.983960785500839,9.11584303470379,118.802491269581,TRUE,NA
"sigma",35.2,-9.11838918466493,0.00280256681996249,0.983965849089293,9.11762739774152,118.845021323015,TRUE,NA
"sigma",35.21,-9.12017295775815,0.00280193517358995,0.983970909563553,9.1194115980379,118.887554779423,TRUE,NA
"sigma",35.22,-9.12195656853075,0.00280130372202336,0.983975966926438,9.12119563565332,118.930091638161,TRUE,NA
"sigma",35.23,-9.12374001704265,0.00280067246522542,0.983981021180589,9.122979510648,118.972631898586,TRUE,NA
"sigma",35.24,-9.12552330335368,0.0028000414031446,0.983986072328919,9.12476322308222,119.015175560051,TRUE,NA
"sigma",35.25,-9.12730642752362,0.0027994105358502,0.98399112037422,9.12654677301615,119.057722621914,TRUE,NA
"sigma",35.26,-9.1290893896123,0.00279877986331378,0.983996165319294,9.12833016051003,119.100273083532,TRUE,NA
"sigma",35.27,-9.13087218967938,0.00279814938552825,0.984001207166951,9.13011338562397,119.14282694426,TRUE,NA
"sigma",35.28,-9.13265482778459,0.002797519102403,0.984006245919906,9.13189644841804,119.185384203457,TRUE,NA
"sigma",35.29,-9.13443730398758,0.00279688901405351,0.984011281581019,9.1336793489523,119.22794486048,TRUE,NA
"sigma",35.3,-9.13621961834792,0.00279625912035719,0.984016314153021,9.13546208728678,119.270508914686,TRUE,NA
"sigma",35.31,-9.13800177092525,0.00279562942134071,0.984021343638697,9.13724466348145,119.313076365433,TRUE,NA
"sigma",35.32,-9.13978376177909,0.00279499991696852,0.984026370040825,9.13902707759624,119.355647212081,TRUE,NA
"sigma",35.33,-9.14156559096889,0.0027943706072886,0.984031393362218,9.14080932969105,119.398221453986,TRUE,NA
"sigma",35.34,-9.14334725855415,0.00279374149226363,0.984036413605635,9.14259141982577,119.44079909051,TRUE,NA
"sigma",35.35,-9.14512876459428,0.00279311257176929,0.984041430773734,9.14437334806016,119.48338012101,TRUE,NA
"sigma",35.36,-9.14691010914867,0.00279248384596542,0.984046444869403,9.14615511445404,119.525964544846,TRUE,NA
"sigma",35.37,-9.14869129227668,0.00279185531475612,0.984051455895387,9.14793671906717,119.568552361379,TRUE,NA
"sigma",35.38,-9.15047231403757,0.00279122697810408,0.984056463854409,9.14971816195923,119.611143569968,TRUE,NA
"sigma",35.39,-9.15225317449067,0.00279059883600219,0.984061468749177,9.15149944318986,119.653738169975,TRUE,NA
"sigma",35.4,-9.15403387369515,0.00278997088846289,0.984066470582522,9.15328056281874,119.696336160758,TRUE,NA
"sigma",35.41,-9.15581441171024,0.00278934313547197,0.984071469357178,9.15506152090542,119.738937541681,TRUE,NA
"sigma",35.42,-9.15759478859507,0.00278871557698324,0.984076465075835,9.15684231750944,119.781542312104,TRUE,NA
"sigma",35.43,-9.15937500440876,0.00278808821297361,0.984081457741229,9.15862295269035,119.824150471388,TRUE,NA
"sigma",35.44,-9.16115505921044,0.0027874610434786,0.984086447356201,9.16040342650761,119.866762018897,TRUE,NA
"sigma",35.45,-9.16293495305909,0.00278683406843783,0.984091433923345,9.16218373902064,119.909376953992,TRUE,NA
"sigma",35.46,-9.1647146860137,0.00278620728790635,0.984096417445544,9.16396389028884,119.951995276035,TRUE,NA
"sigma",35.47,-9.16649425813328,0.00278558070179713,0.984101397925413,9.16574388037159,119.99461698439,TRUE,NA
"sigma",35.48,-9.16827366947677,0.00278495431004444,0.984106375365633,9.16752370932818,120.037242078421,TRUE,NA
"sigma",35.49,-9.17005292010301,0.00278432811276552,0.98411134976903,9.16930337721789,120.07987055749,TRUE,NA
"sigma",35.5,-9.17183201007087,0.00278370210985379,0.984116321138293,9.17108288409997,120.122502420961,TRUE,NA
"sigma",35.51,-9.17361093943915,0.00278307630134478,0.984121289476169,9.17286223003363,120.165137668198,TRUE,NA
"sigma",35.52,-9.17538970826664,0.00278245068719585,0.984126254785297,9.17464141507803,120.207776298566,TRUE,NA
"sigma",35.53,-9.17716831661209,0.0027818252673093,0.984131217068351,9.17642043929228,120.250418311429,TRUE,NA
"sigma",35.54,-9.17894676453419,0.00278120004182547,0.984136176328189,9.1781993027355,120.293063706153,TRUE,NA
"sigma",35.55,-9.1807250520916,0.00278057501063422,0.9841411325674,9.17997800546673,120.335712482102,TRUE,NA
"sigma",35.56,-9.18250317934294,0.00277995017366095,0.98414608578864,9.18175654754495,120.378364638643,TRUE,NA
"sigma",35.57,-9.18428114634681,0.00277932553103,0.984151035994692,9.18353492902918,120.421020175141,TRUE,NA
"sigma",35.58,-9.18605895316172,0.00277870108263301,0.984155983188279,9.18531314997834,120.463679090963,TRUE,NA
"sigma",35.59,-9.18783659984624,0.00277807682848774,0.984160927372025,9.18709121045134,120.506341385474,TRUE,NA
"sigma",35.6,-9.18961408645882,0.00277745276853381,0.984165868548551,9.18886911050701,120.549007058042,TRUE,NA
"sigma",35.61,-9.19139141305791,0.00277682890285114,0.984170806720731,9.19064685020422,120.591676108035,TRUE,NA
"sigma",35.62,-9.19316857970188,0.00277620523129585,0.984175741891076,9.19242442960169,120.634348534818,TRUE,NA
"sigma",35.63,-9.19494558644914,0.0027755817538484,0.984180674062242,9.19420184875821,120.67702433776,TRUE,NA
"sigma",35.64,-9.19672243335794,0.00277495847059228,0.984185603237001,9.19597910773248,120.719703516229,TRUE,NA
"sigma",35.65,-9.19849912048665,0.00277433538147065,0.984190529418029,9.19775620658318,120.762386069594,TRUE,NA
"sigma",35.66,-9.20027564789347,0.00277371248642133,0.984195452607951,9.19953314536893,120.805071997222,TRUE,NA
"sigma",35.67,-9.20205201563664,0.00277308978550828,0.984200372809431,9.20130992414834,120.847761298483,TRUE,NA
"sigma",35.68,-9.20382822377434,0.00277246727867286,0.98420529002517,9.20308654297998,120.890453972745,TRUE,NA
"sigma",35.69,-9.20560427236465,0.0027718449658316,0.984210204257726,9.20486300192228,120.933150019378,TRUE,NA
"sigma",35.7,-9.20738016146575,0.00277122284708042,0.984215115509905,9.20663930103386,120.975849437753,TRUE,NA
"sigma",35.71,-9.20915589113567,0.00277060092228432,0.984220023784177,9.20841544037307,121.018552227239,TRUE,NA
"sigma",35.72,-9.21093146143246,0.0027699791914948,0.984224929083336,9.21019141999833,121.061258387206,TRUE,NA
"sigma",35.73,-9.21270687241408,0.00276935765470654,0.984229831410001,9.21196723996806,121.103967917026,TRUE,NA
"sigma",35.74,-9.21448212413853,0.0027687363118396,0.984234730766751,9.21374290034056,121.146680816068,TRUE,NA
"sigma",35.75,-9.21625721666367,0.00276811516291708,0.984239627156308,9.21551840117411,121.189397083705,TRUE,NA
"sigma",35.76,-9.21803215004741,0.00276749420789635,0.984244520581211,9.21729374252699,121.232116719308,TRUE,NA
"sigma",35.77,-9.2198069243476,0.00276687344677207,0.984249411044182,9.2190689244574,121.274839722248,TRUE,NA
"sigma",35.78,-9.22158153962205,0.00276625287951227,0.984254298547797,9.22084394702354,121.317566091898,TRUE,NA
"sigma",35.79,-9.2233559959285,0.00276563250610451,0.984259183094689,9.22261881028354,121.36029582763,TRUE,NA
"sigma",35.8,-9.22513029332469,0.00276501232651682,0.984264064687514,9.2243935142955,121.403028928817,TRUE,NA
"sigma",35.81,-9.22690443186836,0.00276439234074211,0.984268943328863,9.22616805911754,121.445765394832,TRUE,NA
"sigma",35.82,-9.22867841161713,0.0027637725487839,0.984273819021395,9.22794244480767,121.488505225048,TRUE,NA
"sigma",35.83,-9.23045223262866,0.00276315295052498,0.984278691767657,9.22971667142386,121.53124841884,TRUE,NA
"sigma",35.84,-9.2322258949605,0.00276253354605949,0.984283561570284,9.23149073902411,121.573994975579,TRUE,NA
"sigma",35.85,-9.23399939867019,0.00276191433533057,0.984288428431955,9.23326464766632,121.616744894641,TRUE,NA
"sigma",35.86,-9.23577274381527,0.00276129531827252,0.984293292355158,9.23503839740835,121.659498175401,TRUE,NA
"sigma",35.87,-9.23754593045324,0.00276067649488709,0.984298153342568,9.23681198830811,121.702254817233,TRUE,NA
"sigma",35.88,-9.2393189586415,0.00276005786520095,0.984303011396814,9.23858542042336,121.745014819512,TRUE,NA
"sigma",35.89,-9.24109182843744,0.00275943942911461,0.984307866520408,9.2403586938119,121.787778181613,TRUE,NA
"sigma",35.9,-9.24286453989849,0.00275882118664583,0.984312718715995,9.24213180853146,121.830544902913,TRUE,NA
"sigma",35.91,-9.24463709308194,0.00275820313779818,0.984317567986174,9.24390476463974,121.873314982786,TRUE,NA
"sigma",35.92,-9.2464094880451,0.0027575852824917,0.984322414333513,9.24567756219442,121.916088420611,TRUE,NA
"sigma",35.93,-9.24818172484521,0.00275696762072819,0.984327257760532,9.2474502012531,121.958865215761,TRUE,NA
"sigma",35.94,-9.24995380353951,0.00275635015248632,0.984332098269956,9.24922268187336,122.001645367615,TRUE,NA
"sigma",35.95,-9.25172572418518,0.00275573287775188,0.984336935864259,9.25099500411281,122.04442887555,TRUE,NA
"sigma",35.96,-9.25349748683936,0.00275511579649468,0.984341770546058,9.2527671680289,122.087215738942,TRUE,NA
"sigma",35.97,-9.25526909155919,0.00275449890868451,0.984346602317867,9.25453917367916,122.130005957171,TRUE,NA
"sigma",35.98,-9.25704053840173,0.00275388221434802,0.984351431182355,9.25631102112104,122.172799529613,TRUE,NA
"sigma",35.99,-9.25881182742401,0.00275326571342482,0.984356257142063,9.25808271041189,122.215596455647,TRUE,NA
"sigma",36,-9.26058295868303,0.00275264940585096,0.984361080199466,9.2598542416091,122.258396734651,TRUE,NA
"sigma",36.01,-9.26235393223584,0.00275203329163354,0.984365900357209,9.26162561477004,122.301200366005,TRUE,NA
"sigma",36.02,-9.26412474813927,0.00275141737078144,0.984370717617838,9.26339682995198,122.344007349086,TRUE,NA
"sigma",36.03,-9.26589540645025,0.0027508016432467,0.98437553198388,9.26516788721219,122.386817683276,TRUE,NA
"sigma",36.04,-9.26766590722568,0.00275018610897249,0.98438034345789,9.26693878660787,122.429631367953,TRUE,NA
"sigma",36.05,-9.26943625052234,0.00274957076798543,0.984385152042438,9.26870952819623,122.472448402498,TRUE,NA
"sigma",36.06,-9.27120643639702,0.00274895562023936,0.984389957740034,9.27048011203443,122.51526878629,TRUE,NA
"sigma",36.07,-9.2729764649065,0.00274834066572893,0.984394760553313,9.27225053817953,122.55809251871,TRUE,NA
"sigma",36.08,-9.27474633610751,0.00274772590437422,0.98439956048469,9.27402080668869,122.60091959914,TRUE,NA
"sigma",36.09,-9.27651605005669,0.00274711133621963,0.984404357536802,9.2757909176189,122.643750026959,TRUE,NA
"sigma",36.1,-9.27828560681072,0.0027464969612172,0.984409151712162,9.27756087102718,122.686583801551,TRUE,NA
"sigma",36.11,-9.28005500642617,0.0027458827793172,0.984413943013278,9.27933066697048,122.729420922296,TRUE,NA
"sigma",36.12,-9.28182424895965,0.00274526879051429,0.984418731442627,9.28110030550576,122.772261388576,TRUE,NA
"sigma",36.13,-9.2835933344677,0.0027446549947836,0.984423517002856,9.28286978668992,122.815105199773,TRUE,NA
"sigma",36.14,-9.2853622630068,0.00274404139212692,0.984428299696382,9.28463911057979,122.857952355271,TRUE,NA
"sigma",36.15,-9.28713103463345,0.00274342798246074,0.984433079525811,9.28640827723223,122.900802854452,TRUE,NA
"sigma",36.16,-9.28889964940406,0.00274281476578508,0.984437856493578,9.28817728670403,122.943656696699,TRUE,NA
"sigma",36.17,-9.29066810737502,0.00274220174212125,0.984442630602258,9.28994613905187,122.986513881395,TRUE,NA
"sigma",36.18,-9.2924364086027,0.00274158891134135,0.984447401854314,9.29171483433257,123.029374407925,TRUE,NA
"sigma",36.19,-9.29420455314344,0.00274097627350933,0.984452170252305,9.29348337260273,123.072238275672,TRUE,NA
"sigma",36.2,-9.29597254105349,0.00274036382856657,0.984456935798717,9.29525175391904,123.115105484021,TRUE,NA
"sigma",36.21,-9.29774037238917,0.00273975157653261,0.984461698496055,9.29701997833811,123.157976032355,TRUE,NA
"sigma",36.22,-9.29950804720662,0.00273913951726001,0.984466458346775,9.29878804591648,123.200849920061,TRUE,NA
"sigma",36.23,-9.30127556556209,0.00273852765085891,0.984471215353413,9.30055595671073,123.243727146523,TRUE,NA
"sigma",36.24,-9.3030429275117,0.00273791597726536,0.984475969518511,9.30232371077733,123.286607711126,TRUE,NA
"sigma",36.25,-9.30481013311158,0.00273730449639586,0.984480720844492,9.30409130817276,123.329491613256,TRUE,NA
"sigma",36.26,-9.3065771824178,0.00273669320827707,0.984485469333861,9.30585874895345,123.3723788523,TRUE,NA
"sigma",36.27,-9.30834407548641,0.00273608211282195,0.984490214989062,9.30762603317578,123.415269427643,TRUE,NA
"sigma",36.28,-9.31011081237339,0.00273547121009443,0.984494957812639,9.30939316089613,123.458163338672,TRUE,NA
"sigma",36.29,-9.31187739313471,0.00273486050003768,0.984499697807083,9.3111601321708,123.501060584773,TRUE,NA
"sigma",36.3,-9.31364381782636,0.00273424998257354,0.984504434974821,9.31292694705608,123.543961165335,TRUE,NA
"sigma",36.31,-9.3154100865042,0.00273363965771978,0.984509169318311,9.31469360560826,123.586865079744,TRUE,NA
"sigma",36.32,-9.31717619922411,0.00273302952546217,0.984513900840128,9.31646010788351,123.629772327388,TRUE,NA
"sigma",36.33,-9.31894215604189,0.002732419585735,0.984518629542644,9.31822645393802,123.672682907655,TRUE,NA
"sigma",36.34,-9.32070795701342,0.00273180983853294,0.984523355428368,9.31999264382797,123.715596819933,TRUE,NA
"sigma",36.35,-9.32247360219437,0.00273120028377072,0.984528078499671,9.32175867760942,123.758514063611,TRUE,NA
"sigma",36.36,-9.32423909164052,0.00273059092153538,0.984532798759161,9.32352455533848,123.801434638078,TRUE,NA
"sigma",36.37,-9.32600442540756,0.00272998175169903,0.984537516209194,9.32529027707115,123.844358542721,TRUE,NA
"sigma",36.38,-9.32776960355111,0.00272937277429364,0.984542230852269,9.32705584286349,123.887285776932,TRUE,NA
"sigma",36.39,-9.32953462612685,0.00272876398929256,0.984546942690856,9.32882125277145,123.9302163401,TRUE,NA
"sigma",36.4,-9.33129949319032,0.00272815539658922,0.984551651727327,9.33058650685092,123.973150231614,TRUE,NA
"sigma",36.41,-9.33306420479712,0.00272754699626176,0.984556357964183,9.33235160515785,124.016087450865,TRUE,NA
"sigma",36.42,-9.33482876100269,0.00272693878816277,0.984561061403804,9.33411654774805,124.059027997243,TRUE,NA
"sigma",36.43,-9.33659316186261,0.00272633077239526,0.984565762048749,9.33588133467744,124.10197187014,TRUE,NA
"sigma",36.44,-9.33835740743226,0.00272572294881535,0.984570459901382,9.3376459660017,124.144919068945,TRUE,NA
"sigma",36.45,-9.34012149776707,0.00272511531751185,0.984575154964129,9.33941044177665,124.18786959305,TRUE,NA
"sigma",36.46,-9.34188543292244,0.00272450787834977,0.984579847239465,9.34117476205802,124.230823441848,TRUE,NA
"sigma",36.47,-9.3436492129537,0.00272390063130601,0.984584536729725,9.34293892690145,124.27378061473,TRUE,NA
"sigma",36.48,-9.34541283791617,0.00272329357646584,0.984589223437476,9.34470293636265,124.316741111088,TRUE,NA
"sigma",36.49,-9.34717630786509,0.00272268671362497,0.98459390736499,9.34646679049719,124.359704930315,TRUE,NA
"sigma",36.5,-9.34893962285576,0.00272208004290775,0.98459858851486,9.34823048936066,124.402672071803,TRUE,NA
"sigma",36.51,-9.35070278294331,0.00272147356425023,0.984603266889366,9.34999403300863,124.445642534944,TRUE,NA
"sigma",36.52,-9.35246578818301,0.00272086727754228,0.984607942490949,9.3517574214966,124.488616319134,TRUE,NA
"sigma",36.53,-9.35422863862991,0.00272026118281943,0.984612615322019,9.35352065488003,124.531593423764,TRUE,NA
"sigma",36.54,-9.35599133433916,0.00271965528008167,0.984617285385093,9.35528373321438,124.57457384823,TRUE,NA
"sigma",36.55,-9.35775387536586,0.00271904956921709,0.984621952682411,9.35704665655506,124.617557591925,TRUE,NA
"sigma",36.56,-9.35951626176494,0.00271844405027366,0.984626617216504,9.35880942495745,124.660544654243,TRUE,NA
"sigma",36.57,-9.3612784935915,0.00271783872315368,0.984631278989684,9.36057203847684,124.703535034579,TRUE,NA
"sigma",36.58,-9.36304057090047,0.00271723358791043,0.984635938004505,9.3623344971686,124.746528732328,TRUE,NA
"sigma",36.59,-9.36480249374679,0.00271662864440714,0.984640594263145,9.36409680108795,124.789525746886,TRUE,NA
"sigma",36.6,-9.36656426218532,0.00271602389271663,0.984645247768159,9.36585895029014,124.832526077647,TRUE,NA
"sigma",36.61,-9.36832587627097,0.00271541933273767,0.984649898521864,9.36762094483038,124.875529724008,TRUE,NA
"sigma",36.62,-9.37008733605858,0.00271481496446846,0.984654546526664,9.36938278476382,124.918536685365,TRUE,NA
"sigma",36.63,-9.37184864160289,0.00271421078785039,0.984659191784953,9.37114447014558,124.961546961114,TRUE,NA
"sigma",36.64,-9.3736097929587,0.00271360680290478,0.98466383429911,9.37290600103078,125.004560550651,TRUE,NA
"sigma",36.65,-9.37537079018074,0.00271300300956945,0.984668474071524,9.37466737747448,125.047577453374,TRUE,NA
"sigma",36.66,-9.37713163332368,0.00271239940779289,0.984673111104522,9.37642859953169,125.09059766868,TRUE,NA
"sigma",36.67,-9.37889232244219,0.00271179599761062,0.984677745400606,9.37818966725741,125.133621195965,TRUE,NA
"sigma",36.68,-9.38065285759091,0.00271119277893028,0.984682376961986,9.37995058070659,125.176648034629,TRUE,NA
"sigma",36.69,-9.3824132388244,0.00271058975172345,0.984687005791171,9.38171133993416,125.219678184068,TRUE,NA
"sigma",36.7,-9.38417346619725,0.00270998691598479,0.98469163189042,9.38347194499502,125.262711643681,TRUE,NA
"sigma",36.71,-9.38593353976398,0.00270938427167167,0.984696255262141,9.38523239594401,125.305748412866,TRUE,NA
"sigma",36.72,-9.38769345957906,0.00270878181875212,0.984700875908689,9.38699269283595,125.348788491024,TRUE,NA
"sigma",36.73,-9.38945322569695,0.00270817955720482,0.984705493832457,9.38875283572563,125.391831877551,TRUE,NA
"sigma",36.74,-9.39121283817209,0.00270757748699779,0.98471010903579,9.39051282466781,125.434878571848,TRUE,NA
"sigma",36.75,-9.39297229705886,0.00270697560805111,0.984714721520982,9.39227265971719,125.477928573315,TRUE,NA
"sigma",36.76,-9.39473160241159,0.00270637392039674,0.984719331290459,9.39403234092846,125.520981881351,TRUE,NA
"sigma",36.77,-9.39649075428462,0.00270577242399739,0.984723938346535,9.39579186835627,125.564038495356,TRUE,NA
"sigma",36.78,-9.39824975273225,0.00270517111876067,0.984728542691535,9.39755124205526,125.607098414732,TRUE,NA
"sigma",36.79,-9.40000859780874,0.00270457000471858,0.984733144327834,9.39931046207996,125.650161638878,TRUE,NA
"sigma",36.8,-9.40176728956828,0.00270396908179116,0.984737743257712,9.40106952848496,125.693228167196,TRUE,NA
"sigma",36.81,-9.40352582806505,0.00270336835000684,0.984742339483627,9.40282844132475,125.736297999087,TRUE,NA
"sigma",36.82,-9.40528421335326,0.00270276780928391,0.984746933007834,9.40458720065382,125.779371133952,TRUE,NA
"sigma",36.83,-9.40704244548695,0.00270216745960106,0.984751523832647,9.40634580652661,125.822447571193,TRUE,NA
"sigma",36.84,-9.40880052452029,0.00270156730088189,0.98475611196039,9.40810425899753,125.865527310213,TRUE,NA
"sigma",36.85,-9.41055845050728,0.00270096733319036,0.984760697393479,9.40986255812098,125.908610350414,TRUE,NA
"sigma",36.86,-9.41231622350193,0.00270036755645897,0.984765280134223,9.41162070395126,125.951696691198,TRUE,NA
"sigma",36.87,-9.41407384355828,0.00269976797056692,0.984769860184777,9.41337869654273,125.994786331968,TRUE,NA
"sigma",36.88,-9.41583131073024,0.0026991685756137,0.984774437547709,9.41513653594964,126.037879272128,TRUE,NA
"sigma",36.89,-9.41758862507171,0.00269856937145896,0.984779012225095,9.41689422222619,126.08097551108,TRUE,NA
"sigma",36.9,-9.41934578663662,0.00269797035813824,0.984783584219473,9.41865175542667,126.124075048229,TRUE,NA
"sigma",36.91,-9.42110279547882,0.00269737153560534,0.984788153532998,9.42040913560522,126.167177882979,TRUE,NA
"sigma",36.92,-9.42285965165209,0.00269677290376436,0.984792720167955,9.42216636281592,126.210284014733,TRUE,NA
"sigma",36.93,-9.42461635521027,0.00269617446270409,0.984797284126856,9.42392343711299,126.253393442897,TRUE,NA
"sigma",36.94,-9.42637290620706,0.0026955762122487,0.984801845411807,9.4256803585504,126.296506166874,TRUE,NA
"sigma",36.95,-9.42812930469622,0.00269497815246567,0.984806404025108,9.42743712718227,126.339622186072,TRUE,NA
"sigma",36.96,-9.4298855507314,0.00269438028328395,0.984810959969219,9.42919374306255,126.382741499893,TRUE,NA
"sigma",36.97,-9.43164164436628,0.0026937826047071,0.984815513246323,9.43095020624524,126.425864107744,TRUE,NA
"sigma",36.98,-9.43339758565448,0.00269318511664096,0.984820063858693,9.43270651678432,126.468990009032,TRUE,NA
"sigma",36.99,-9.43515337464956,0.0026925878190891,0.98482461180866,9.43446267473358,126.512119203161,TRUE,NA
"sigma",37,-9.43690901140512,0.00269199071199111,0.984829157098486,9.43621868014701,126.555251689539,TRUE,NA
"sigma",37.01,-9.43866449597464,0.00269139379533101,0.984833699730505,9.43797453307838,126.598387467572,TRUE,NA
"sigma",37.02,-9.44041982841163,0.00269079706908748,0.984838239706984,9.43973023358152,126.641526536667,TRUE,NA
"sigma",37.03,-9.44217500876954,0.00269020053321611,0.984842777030188,9.44148578171019,126.684668896232,TRUE,NA
"sigma",37.04,-9.44393003710178,0.0026896041876654,0.984847311702352,9.44324117751816,126.727814545673,TRUE,NA
"sigma",37.05,-9.44568491346179,0.00268900803241579,0.984851843725848,9.44499642105909,126.770963484399,TRUE,NA
"sigma",37.06,-9.44743963790286,0.00268841206741577,0.984856373102808,9.4467515123867,126.814115711818,TRUE,NA
"sigma",37.07,-9.44919421047834,0.00268781629267423,0.984860899835723,9.44850645155461,126.857271227337,TRUE,NA
"sigma",37.08,-9.45094863124154,0.00268722070808991,0.984865423926637,9.4502612386164,126.900430030366,TRUE,NA
"sigma",37.09,-9.45270290024568,0.00268662531368768,0.984869945377934,9.45201587362566,126.943592120313,TRUE,NA
"sigma",37.1,-9.45445701754401,0.00268603010939827,0.984874464191808,9.45377035663594,126.986757496587,TRUE,NA
"sigma",37.11,-9.45621098318973,0.00268543509524122,0.984878980370604,9.45552468770076,127.029926158598,TRUE,NA
"sigma",37.12,-9.45796479723598,0.00268484027108862,0.98488349391653,9.45727886687356,127.073098105755,TRUE,NA
"sigma",37.13,-9.45971845973593,0.00268424563694047,0.984888004831811,9.45903289420781,127.116273337469,TRUE,NA
"sigma",37.14,-9.46147197074261,0.00268365119285363,0.98489251311882,9.4607867697569,127.159451853148,TRUE,NA
"sigma",37.15,-9.46322533030912,0.00268305693857585,0.984897018779549,9.46254049357417,127.202633652205,TRUE,NA
"sigma",37.16,-9.46497853848849,0.0026824628743114,0.984901521816572,9.46429406571303,127.245818734048,TRUE,NA
"sigma",37.17,-9.46673159533369,0.00268186899990219,0.984906022231937,9.46604748622673,127.289007098089,TRUE,NA
"sigma",37.18,-9.46848450089773,0.00268127531530205,0.98491052002786,9.46780075516857,127.33219874374,TRUE,NA
"sigma",37.19,-9.47023725523353,0.00268068182052872,0.984915015206727,9.46955387259183,127.375393670413,TRUE,NA
"sigma",37.2,-9.47198985839396,0.0026800885154934,0.984919507770627,9.47130683854963,127.418591877518,TRUE,NA
"sigma",37.21,-9.47374231043193,0.00267949540021561,0.984923997721912,9.47305965309524,127.461793364468,TRUE,NA
"sigma",37.22,-9.47549461140022,0.00267890247464564,0.984928485062774,9.47481231628174,127.504998130675,TRUE,NA
"sigma",37.23,-9.47724676135169,0.00267830973870886,0.984932969795383,9.47656482816229,127.548206175551,TRUE,NA
"sigma",37.24,-9.47899876033907,0.00267771719243548,0.984937451922074,9.47831718878995,127.591417498509,TRUE,NA
"sigma",37.25,-9.48075060841511,0.00267712483568872,0.984941931445009,9.48006939821772,127.634632098963,TRUE,NA
"sigma",37.26,-9.48250230563253,0.00267653266848811,0.984946408366353,9.48182145649868,127.677849976326,TRUE,NA
"sigma",37.27,-9.484253852044,0.00267594069084787,0.984950882688429,9.48357336368578,127.721071130011,TRUE,NA
"sigma",37.28,-9.48600524770214,0.00267534890263299,0.984955354413401,9.48532511983196,127.764295559432,TRUE,NA
"sigma",37.29,-9.48775649265957,0.00267475730388789,0.984959823543511,9.48707672499016,127.807523264004,TRUE,NA
"sigma",37.3,-9.48950758696891,0.00267416589455749,0.984964290081011,9.48882817921325,127.85075424314,TRUE,NA
"sigma",37.31,-9.4912585306826,0.00267357467451923,0.984968754027926,9.49057948255406,127.893988496256,TRUE,NA
"sigma",37.32,-9.49300932385327,0.00267298364383706,0.984973215386661,9.49233063506546,127.937226022765,TRUE,NA
"sigma",37.33,-9.49475996653331,0.00267239280250031,0.984977674159378,9.49408163680016,127.980466822084,TRUE,NA
"sigma",37.34,-9.49651045877524,0.00267180215037754,0.984982130348232,9.49583248781099,128.023710893628,TRUE,NA
"sigma",37.35,-9.49826080063142,0.00267121168740303,0.98498658395541,9.4975831881506,128.066958236811,TRUE,NA
"sigma",37.36,-9.50001099215425,0.00267062141367624,0.98499103498319,9.49933373787171,128.110208851052,TRUE,NA
"sigma",37.37,-9.50176103339611,0.00267003132909238,0.984995483433719,9.50108413702701,128.153462735765,TRUE,NA
"sigma",37.38,-9.50351092440932,0.00266944143358927,0.984999929309138,9.50283438566911,128.196719890367,TRUE,NA
"sigma",37.39,-9.50526066524612,0.00266885172715803,0.985004372611771,9.50458448385053,128.239980314275,TRUE,NA
"sigma",37.4,-9.50701025595881,0.00266826220976668,0.985008813343688,9.50633443162393,128.283244006906,TRUE,NA
"sigma",37.41,-9.5087596965996,0.00266767288131575,0.985013251507124,9.50808422904174,128.326510967677,TRUE,NA
"sigma",37.42,-9.51050898722068,0.00266708374185498,0.985017687104242,9.50983387615654,128.369781196005,TRUE,NA
"sigma",37.43,-9.51225812787422,0.00266649479135772,0.985022120137302,9.51158337302074,128.413054691309,TRUE,NA
"sigma",37.44,-9.51400711861235,0.00266590602962857,0.985026550608311,9.51333271968678,128.456331453007,TRUE,NA
"sigma",37.45,-9.51575595948717,0.00266531745677945,0.985030978519533,9.51508191620705,128.499611480516,TRUE,NA
"sigma",37.46,-9.51750465055074,0.00266472907271442,0.985035403873196,9.51683096263395,128.542894773255,TRUE,NA
"sigma",37.47,-9.51925319185506,0.00266414087745126,0.98503982667144,9.51857985901977,128.586181330643,TRUE,NA
"sigma",37.48,-9.52100158345222,0.00266355287087983,0.985044246916403,9.52032860541685,128.6294711521,TRUE,NA
"sigma",37.49,-9.52274982539413,0.00266296505300723,0.985048664610312,9.52207720187744,128.672764237044,TRUE,NA
"sigma",37.5,-9.5244979177327,0.00266237742374109,0.985053079755231,9.52382564845374,128.716060584894,TRUE,NA
"sigma",37.51,-9.52624586051992,0.00266178998309741,0.985057492353412,9.52557394519803,128.759360195073,TRUE,NA
"sigma",37.52,-9.52799365380758,0.00266120273101755,0.985061902406979,9.52732209216242,128.802663066998,TRUE,NA
"sigma",37.53,-9.52974129764759,0.00266061566744469,0.985066309918042,9.52907008939907,128.84596920009,TRUE,NA
"sigma",37.54,-9.53148879209177,0.00266002879243743,0.985070714888871,9.53081793696015,128.889278593771,TRUE,NA
"sigma",37.55,-9.53323613719183,0.00265944210577906,0.985075117321499,9.53256563489761,128.93259124746,TRUE,NA
"sigma",37.56,-9.53498333299958,0.0026588556076188,0.985079517218156,9.53431318326364,128.97590716058,TRUE,NA
"sigma",37.57,-9.53673037956671,0.00265826929779855,0.985083914580958,9.53606058211015,129.019226332551,TRUE,NA
"sigma",37.58,-9.53847727694496,0.0026576831763272,0.985088309412062,9.53780783148917,129.062548762795,TRUE,NA
"sigma",37.59,-9.5402240251859,0.00265709724310703,0.985092701713584,9.53955493145262,129.105874450734,TRUE,NA
"sigma",37.6,-9.54197062434123,0.00265651149818424,0.985097091487653,9.54130188205245,129.149203395791,TRUE,NA
"sigma",37.61,-9.54371707446253,0.00265592594141673,0.985101478736429,9.54304868334053,129.192535597388,TRUE,NA
"sigma",37.62,-9.54546337560132,0.00265534057287553,0.98510586346209,9.5447953353687,129.235871054946,TRUE,NA
"sigma",37.63,-9.54720952780917,0.002654755392415,0.985110245666647,9.54654183818881,129.27920976789,TRUE,NA
"sigma",37.64,-9.54895553113756,0.00265417040011862,0.985114625352412,9.54828819185268,129.322551735643,TRUE,NA
"sigma",37.65,-9.55070138563798,0.00265358559585138,0.985119002521344,9.55003439641201,129.365896957628,TRUE,NA
"sigma",37.66,-9.55244709136185,0.00265300097954935,0.985123377175644,9.55178045191854,129.409245433267,TRUE,NA
"sigma",37.67,-9.55419264836058,0.00265241655130311,0.985127749317506,9.55352635842399,129.452597161988,TRUE,NA
"sigma",37.68,-9.55593805668556,0.00265183231092792,0.98513211894889,9.55527211598003,129.495952143211,TRUE,NA
"sigma",37.69,-9.5576833163881,0.00265124825845575,0.985136486071992,9.55701772463826,129.539310376364,TRUE,NA
"sigma",37.7,-9.55942842751955,0.00265066439385464,0.985140850688946,9.55876318445032,129.582671860869,TRUE,NA
"sigma",37.71,-9.56117339013118,0.00265008071710326,0.985145212801907,9.56050849546778,129.626036596153,TRUE,NA
"sigma",37.72,-9.56291820427424,0.00264949722810393,0.985149572412906,9.56225365774216,129.669404581639,TRUE,NA
"sigma",37.73,-9.56466286999994,0.00264891392679445,0.985153929524045,9.56399867132498,129.712775816756,TRUE,NA
"sigma",37.74,-9.56640738735946,0.0026483308132601,0.985158284137483,9.56574353626769,129.756150300926,TRUE,NA
"sigma",37.75,-9.56815175640402,0.00264774788730726,0.985162636255295,9.56748825262178,129.799528033577,TRUE,NA
"sigma",37.76,-9.56989597718466,0.00264716514901764,0.985166985879646,9.56923282043862,129.842909014135,TRUE,NA
"sigma",37.77,-9.57164004975253,0.00264658259825445,0.985171333012526,9.57097723976964,129.886293242027,TRUE,NA
"sigma",37.78,-9.57338397415872,0.00264600023502481,0.985175677656086,9.57272151066618,129.929680716679,TRUE,NA
"sigma",37.79,-9.5751277504542,0.00264541805932339,0.985180019812447,9.57446563317953,129.973071437518,TRUE,NA
"sigma",37.8,-9.57687137869002,0.00264483607108446,0.985184359483765,9.57620960736102,130.016465403972,TRUE,NA
"sigma",37.81,-9.57861485891709,0.00264425427020853,0.985188696671953,9.57795343326186,130.059862615467,TRUE,NA
"sigma",37.82,-9.58035819118646,0.00264367265668852,0.985193031379162,9.57969711093335,130.103263071433,TRUE,NA
"sigma",37.83,-9.58210137554895,0.00264309123057238,0.985197363607608,9.58144064042664,130.146666771297,TRUE,NA
"sigma",37.84,-9.58384441205546,0.00264250999163984,0.985201693359133,9.58318402179286,130.190073714487,TRUE,NA
"sigma",37.85,-9.5855873007569,0.00264192894000814,0.985206020636113,9.58492725508324,130.233483900432,TRUE,NA
"sigma",37.86,-9.58733004170401,0.00264134807558136,0.985210345440409,9.58667034034881,130.27689732856,TRUE,NA
"sigma",37.87,-9.58907263494761,0.00264076739830443,0.985214667774169,9.58841327764066,130.320313998301,TRUE,NA
"sigma",37.88,-9.59081508053846,0.00264018690817203,0.98521898763949,9.59015606700983,130.363733909084,TRUE,NA
"sigma",37.89,-9.5925573785273,0.00263960660511664,0.985223305038409,9.59189870850734,130.407157060338,TRUE,NA
"sigma",37.9,-9.59429952896479,0.00263902648906722,0.985227619972988,9.59364120218417,130.450583451494,TRUE,NA
"sigma",37.91,-9.59604153190164,0.00263844656005219,0.985231932445319,9.59538354809127,130.494013081981,TRUE,NA
"sigma",37.92,-9.59778338738848,0.00263786681797029,0.985236242457438,9.59712574627954,130.53744595123,TRUE,NA
"sigma",37.93,-9.59952509547588,0.00263728726276469,0.985240550011451,9.59886779679986,130.580882058671,TRUE,NA
"sigma",37.94,-9.60126665621446,0.00263670789445669,0.985244855109386,9.60060969970312,130.624321403736,TRUE,NA
"sigma",37.95,-9.60300806965473,0.00263612871301611,0.985249157753356,9.60235145504016,130.667763985854,TRUE,NA
"sigma",37.96,-9.60474933584723,0.00263554971830615,0.985253457945346,9.60409306286171,130.711209804458,TRUE,NA
"sigma",37.97,-9.60649045484244,0.00263497091036591,0.985257755687411,9.60583452321857,130.754658858979,TRUE,NA
"sigma",37.98,-9.6082314266908,0.00263439228916518,0.985262050981708,9.6075758361615,130.798111148849,TRUE,NA
"sigma",37.99,-9.60997225144275,0.00263381385455119,0.985266343830155,9.60931700174116,130.8415666735,TRUE,NA
"sigma",38,-9.61171292914868,0.00263323560659856,0.985270634234873,9.61105802000825,130.885025432364,TRUE,NA
"sigma",38.01,-9.61345345985893,0.00263265754522202,0.985274922197876,9.6127988910134,130.928487424874,TRUE,NA
"sigma",38.02,-9.61519384362389,0.00263207967034518,0.985279207721204,9.61453961480723,130.971952650463,TRUE,NA
"sigma",38.03,-9.61693408049379,0.00263150198202311,0.985283490807009,9.6162801914403,131.015421108563,TRUE,NA
"sigma",38.04,-9.61867417051895,0.00263092448010305,0.985287771457162,9.61802062096318,131.058892798609,TRUE,NA
"sigma",38.05,-9.62041411374962,0.0026303471645921,0.985292049673782,9.61976090342638,131.102367720033,TRUE,NA
"sigma",38.06,-9.62215391023596,0.00262977003543341,0.985296325458885,9.62150103888039,131.145845872269,TRUE,NA
"sigma",38.07,-9.62389356002818,0.00262919309264298,0.985300598814544,9.62324102737567,131.189327254752,TRUE,NA
"sigma",38.08,-9.62563306317647,0.00262861633607159,0.985304869742738,9.62498086896263,131.232811866916,TRUE,NA
"sigma",38.09,-9.62737241973092,0.00262803976576009,0.985309138245484,9.62672056369173,131.276299708196,TRUE,NA
"sigma",38.1,-9.62911162974159,0.00262746338165343,0.985313404324884,9.62846011161327,131.319790778025,TRUE,NA
"sigma",38.11,-9.63085069325859,0.00262688718364856,0.985317667982876,9.63019951277759,131.363285075839,TRUE,NA
"sigma",38.12,-9.63258961033196,0.00262631117180234,0.985321929221504,9.63193876723505,131.406782601075,TRUE,NA
"sigma",38.13,-9.63432838101166,0.00262573534597621,0.98532618804282,9.63367787503585,131.450283353167,TRUE,NA
"sigma",38.14,-9.63606700534767,0.00262515970616484,0.985330444448807,9.63541683623031,131.49378733155,TRUE,NA
"sigma",38.15,-9.63780548338997,0.00262458425240553,0.985334698441564,9.63715565086863,131.537294535662,TRUE,NA
"sigma",38.16,-9.63954381518843,0.00262400898451354,0.98533895002298,9.63889431900095,131.580804964938,TRUE,NA
"sigma",38.17,-9.64128200079298,0.00262343390254749,0.985343199195155,9.64063284067749,131.624318618815,TRUE,NA
"sigma",38.18,-9.64302004025339,0.0026228590063937,0.985347445959989,9.64237121594831,131.667835496729,TRUE,NA
"sigma",38.19,-9.64475793361957,0.00262228429602551,0.985351690319579,9.64410944486353,131.711355598118,TRUE,NA
"sigma",38.2,-9.64649568094126,0.00262170977148557,0.985355932275937,9.64584752747324,131.754878922419,TRUE,NA
"sigma",38.21,-9.64823328226824,0.00262113543261755,0.98536017183102,9.64758546382745,131.798405469069,TRUE,NA
"sigma",38.22,-9.64997073765028,0.00262056127940369,0.985364408986795,9.64932325397619,131.841935237507,TRUE,NA
"sigma",38.23,-9.65170804713704,0.00261998731184221,0.985368643745343,9.6510608979694,131.88546822717,TRUE,NA
"sigma",38.24,-9.65344521077821,0.00261941352983364,0.985372876108629,9.65279839585703,131.929004437497,TRUE,NA
"sigma",38.25,-9.65518222862341,0.00261883993342238,0.98537710607862,9.65453574768904,131.972543867925,TRUE,NA
"sigma",38.26,-9.65691910072229,0.00261826652248764,0.985381333657365,9.65627295351527,132.016086517895,TRUE,NA
"sigma",38.27,-9.65865582712443,0.00261769329700989,0.985385558846764,9.65801001338558,132.059632386844,TRUE,NA
"sigma",38.28,-9.66039240787936,0.00261712025687544,0.985389781648829,9.65974692734976,132.103181474213,TRUE,NA
"sigma",38.29,-9.66212884303664,0.00261654740220152,0.985394002065656,9.66148369545772,132.146733779441,TRUE,NA
"sigma",38.3,-9.66386513264576,0.00261597473277497,0.985398220099019,9.66322031775911,132.190289301966,TRUE,NA
"sigma",38.31,-9.66560127675617,0.00261540224865975,0.985402435751062,9.66495679430371,132.233848041231,TRUE,NA
"sigma",38.32,-9.6673372754173,0.00261482994975992,0.985406649023705,9.66669312514121,132.277409996673,TRUE,NA
"sigma",38.33,-9.6690731286786,0.0026142578360524,0.985410859918939,9.66842931032132,132.320975167735,TRUE,NA
"sigma",38.34,-9.67080883658945,0.00261368590748567,0.985415068438703,9.67016534989366,132.364543553857,TRUE,NA
"sigma",38.35,-9.67254439919915,0.00261311416400822,0.985419274585003,9.67190124390785,132.408115154479,TRUE,NA
"sigma",38.36,-9.67427981655706,0.00261254260561827,0.98542347835981,9.6736369924135,132.451689969043,TRUE,NA
"sigma",38.37,-9.67601508871243,0.00261197123222523,0.985427679765101,9.67537259546011,132.495267996991,TRUE,NA
"sigma",38.38,-9.67775021571457,0.00261140004380067,0.985431878802817,9.67710805309727,132.538849237763,TRUE,NA
"sigma",38.39,-9.67948519761269,0.0026108290402771,0.985436075474856,9.67884336537444,132.582433690803,TRUE,NA
"sigma",38.4,-9.68122003445603,0.00261025822161542,0.985440269783274,9.68057853234109,132.626021355553,TRUE,NA
"sigma",38.41,-9.6829547262937,0.00260968758783164,0.985444461730016,9.68231355404668,132.669612231454,TRUE,NA
"sigma",38.42,-9.68468927317489,0.00260911713875167,0.985448651316965,9.68404843054057,132.713206317949,TRUE,NA
"sigma",38.43,-9.6864236751487,0.00260854687448386,0.985452838546203,9.68578316187222,132.756803614481,TRUE,NA
"sigma",38.44,-9.68815793226422,0.0026079767948719,0.985457023419493,9.6875177480909,132.800404120494,TRUE,NA
"sigma",38.45,-9.68989204457052,0.00260740689993177,0.985461205939013,9.68925218924598,132.844007835431,TRUE,NA
"sigma",38.46,-9.69162601211659,0.00260683718961374,0.98546538610655,9.69098648538675,132.887614758735,TRUE,NA
"sigma",38.47,-9.69335983495148,0.00260626766383787,0.985469563924169,9.69272063656246,132.93122488985,TRUE,NA
"sigma",38.48,-9.69509351312412,0.00260569832253843,0.985473739393609,9.69445464282231,132.974838228222,TRUE,NA
"sigma",38.49,-9.6968270466835,0.00260512916576872,0.985477912517,9.69618850421556,133.018454773293,TRUE,NA
"sigma",38.5,-9.69856043567847,0.00260456019341149,0.985482083296279,9.69792222079137,133.062074524508,TRUE,NA
"sigma",38.51,-9.70029368015794,0.00260399140544187,0.985486251733304,9.69965579259886,133.105697481312,TRUE,NA
"sigma",38.52,-9.70202678017078,0.00260342280177461,0.98549041783,9.70138921968715,133.149323643151,TRUE,NA
"sigma",38.53,-9.7037597357658,0.00260285438239016,0.985494581588287,9.70312250210533,133.19295300947,TRUE,NA
"sigma",38.54,-9.70549254699179,0.00260228614723879,0.985498743010215,9.70485563990243,133.236585579713,TRUE,NA
"sigma",38.55,-9.70722521389755,0.00260171809635068,0.985502902097652,9.70658863312756,133.280221353328,TRUE,NA
"sigma",38.56,-9.70895773653177,0.00260115022954999,0.985507058852465,9.70832148182964,133.32386032976,TRUE,NA
"sigma",38.57,-9.71069011494323,0.0026005825468598,0.985511213276625,9.71005418605766,133.367502508456,TRUE,NA
"sigma",38.58,-9.71242234918052,0.00260001504825702,0.985515365372048,9.71178674586056,133.411147888861,TRUE,NA
"sigma",38.59,-9.71415443929235,0.00259944773365817,0.985519515140689,9.71351916128726,133.454796470423,TRUE,NA
"sigma",38.6,-9.71588638532735,0.00259888060305258,0.985523662584469,9.71525143238665,133.498448252589,TRUE,NA
"sigma",38.61,-9.71761818733406,0.00259831365629282,0.985527807705139,9.71698355920751,133.542103234806,TRUE,NA
"sigma",38.62,-9.71934984536115,0.00259774689346237,0.98553195050485,9.71871554179879,133.585761416522,TRUE,NA
"sigma",38.63,-9.72108135945705,0.00259718031445111,0.985536090985401,9.72044738020917,133.629422797183,TRUE,NA
"sigma",38.64,-9.72281272967031,0.00259661391925903,0.985540229148746,9.72217907448749,133.673087376239,TRUE,NA
"sigma",38.65,-9.72454395604942,0.00259604770775113,0.985544364996702,9.72391062468243,133.716755153137,TRUE,NA
"sigma",38.66,-9.72627503864283,0.00259548167995227,0.985548498531229,9.72564203084275,133.760426127326,TRUE,NA
"sigma",38.67,-9.72800597749895,0.00259491583583404,0.985552629754294,9.72737329301706,133.804100298255,TRUE,NA
"sigma",38.68,-9.72973677266615,0.00259435017526677,0.985556758667634,9.72910441125408,133.847777665372,TRUE,NA
"sigma",38.69,-9.73146742419286,0.00259378469821669,0.9855608852733,9.73083538560238,133.891458228127,TRUE,NA
"sigma",38.7,-9.73319793212737,0.00259321940470514,0.985565009573105,9.73256621611058,133.935141985969,TRUE,NA
"sigma",38.71,-9.73492829651799,0.00259265429470368,0.985569131569077,9.73429690282724,133.978828938347,TRUE,NA
"sigma",38.72,-9.73665851741302,0.00259208936809507,0.985573251262977,9.7360274458009,134.022519084711,TRUE,NA
"sigma",38.73,-9.73838859486072,0.0025915246248509,0.985577368656722,9.73775784508008,134.066212424513,TRUE,NA
"sigma",38.74,-9.74011852890926,0.00259096006490189,0.985581483752186,9.73948810071319,134.109908957201,TRUE,NA
"sigma",38.75,-9.74184831960689,0.00259039568826935,0.985585596551328,9.74121821274874,134.153608682227,TRUE,NA
"sigma",38.76,-9.74357796700177,0.0025898314948094,0.985589707055916,9.74294818123511,134.197311599042,TRUE,NA
"sigma",38.77,-9.745307471142,0.00258926748452204,0.985593815267942,9.74467800622072,134.241017707096,TRUE,NA
"sigma",38.78,-9.74703683207575,0.00258870365741082,0.985597921189253,9.74640768775395,134.284727005841,TRUE,NA
"sigma",38.79,-9.74876604985105,0.00258814001336383,0.985602024821714,9.74813722588307,134.328439494728,TRUE,NA
"sigma",38.8,-9.75049512451596,0.00258757655238107,0.985606126167283,9.74986662065644,134.37215517321,TRUE,NA
"sigma",38.81,-9.75222405611851,0.00258701327434707,0.985610225227681,9.75159587212229,134.415874040737,TRUE,NA
"sigma",38.82,-9.75395284470673,0.00258645017927961,0.985614322004872,9.75332498032891,134.459596096763,TRUE,NA
"sigma",38.83,-9.75568149032856,0.0025858872671094,0.985618416500769,9.75505394532452,134.503321340739,TRUE,NA
"sigma",38.84,-9.75740999303191,0.0025853245377867,0.985622508717183,9.75678276715725,134.547049772119,TRUE,NA
"sigma",38.85,-9.75913835286474,0.00258476199129376,0.985626598655998,9.75851144587533,134.590781390356,TRUE,NA
"sigma",38.86,-9.76086656987493,0.00258419962753997,0.985630686319041,9.76023998152689,134.634516194902,TRUE,NA
"sigma",38.87,-9.7625946441103,0.00258363744647205,0.985634771708196,9.76196837415998,134.678254185211,TRUE,NA
"sigma",38.88,-9.76432257561872,0.00258307544808645,0.985638854825396,9.76369662382272,134.721995360737,TRUE,NA
"sigma",38.89,-9.76605036444798,0.00258251363231921,0.985642935672405,9.76542473056314,134.765739720934,TRUE,NA
"sigma",38.9,-9.76777801064584,0.00258195199912414,0.985647014251091,9.7671526944293,134.809487265256,TRUE,NA
"sigma",38.91,-9.76950551426003,0.00258139054843021,0.985651090563412,9.76888051546913,134.853237993157,TRUE,NA
"sigma",38.92,-9.77123287533828,0.00258082928020187,0.985655164611015,9.77060819373062,134.896991904092,TRUE,NA
"sigma",38.93,-9.77296009392831,0.00258026819439117,0.985659236395946,9.77233572926173,134.940748997515,TRUE,NA
"sigma",38.94,-9.7746871700777,0.00257970729095014,0.985663305919984,9.77406312211029,134.984509272882,TRUE,NA
"sigma",38.95,-9.77641410383416,0.002579146569893,0.985667373184985,9.77579037232427,135.028272729647,TRUE,NA
"sigma",38.96,-9.77814089524528,0.00257858603104744,0.98567143819274,9.77751747995151,135.072039367268,TRUE,NA
"sigma",38.97,-9.77986754435862,0.00257802567451293,0.985675500945276,9.77924444503976,135.115809185199,TRUE,NA
"sigma",38.98,-9.78159405122172,0.00257746550010296,0.98567956144419,9.78097126763688,135.159582182896,TRUE,NA
"sigma",38.99,-9.78332041588208,0.00257690550785306,0.985683619691458,9.7826979477906,135.203358359815,TRUE,NA
"sigma",39,-9.78504663838726,0.00257634569769039,0.985687675688885,9.7844244855487,135.247137715414,TRUE,NA
"sigma",39.01,-9.78677271878468,0.0025757860695883,0.98569172943828,9.78615088095885,135.290920249148,TRUE,NA
"sigma",39.02,-9.78849865712177,0.00257522662342424,0.985695780941542,9.7878771340687,135.334705960475,TRUE,NA
"sigma",39.03,-9.79022445344598,0.00257466735923906,0.985699830200465,9.78960324492599,135.378494848851,TRUE,NA
"sigma",39.04,-9.79195010780464,0.00257410827694571,0.985703877216894,9.79132921357828,135.422286913735,TRUE,NA
"sigma",39.05,-9.79367562024512,0.00257354937651577,0.985707921992626,9.7930550400732,135.466082154584,TRUE,NA
"sigma",39.06,-9.79540099081478,0.00257299065789418,0.985711964529557,9.7947807244583,135.509880570855,TRUE,NA
"sigma",39.07,-9.79712621956089,0.00257243212100278,0.985716004829404,9.79650626678113,135.553682162007,TRUE,NA
"sigma",39.08,-9.79885130653071,0.00257187376583801,0.985720042894057,9.79823166708921,135.597486927499,TRUE,NA
"sigma",39.09,-9.8005762517715,0.00257131559232349,0.985724078725345,9.79995692542999,135.641294866787,TRUE,NA
"sigma",39.1,-9.80230105533047,0.00257075760042014,0.985728112325066,9.801682041851,135.685105979333,TRUE,NA
"sigma",39.11,-9.80402571725485,0.0025701997899823,0.985732143694926,9.80340701639957,135.728920264594,TRUE,NA
"sigma",39.12,-9.8057502375917,0.00256964216117517,0.985736172836986,9.80513184912318,135.772737722029,TRUE,NA
"sigma",39.13,-9.80747461638826,0.00256908471378559,0.985740199752818,9.80685654006918,135.8165583511,TRUE,NA
"sigma",39.14,-9.80919885369155,0.00256852744782243,0.985744224444437,9.80858108928492,135.860382151264,TRUE,NA
"sigma",39.15,-9.81092294954871,0.00256797036320933,0.985748246913464,9.8103054968177,135.904209121981,TRUE,NA
"sigma",39.16,-9.81264690400677,0.00256741345988054,0.985752267161789,9.81202976271482,135.948039262714,TRUE,NA
"sigma",39.17,-9.81437071711275,0.00256685673791779,0.985756285191232,9.81375388702358,135.99187257292,TRUE,NA
"sigma",39.18,-9.81609438891366,0.00256630019707416,0.985760301003602,9.81547786979115,136.035709052062,TRUE,NA
"sigma",39.19,-9.81781791945645,0.00256574383744201,0.985764314600639,9.8172017110648,136.0795486996,TRUE,NA
"sigma",39.2,-9.81954130878803,0.00256518765895741,0.985768325984251,9.81892541089165,136.123391514995,TRUE,NA
"sigma",39.21,-9.82126455695539,0.00256463166150134,0.985772335156107,9.8206489693189,136.167237497708,TRUE,NA
"sigma",39.22,-9.82298766400535,0.0025640758450507,0.985776342118049,9.82237238639362,136.211086647202,TRUE,NA
"sigma",39.23,-9.82471062998482,0.00256352020966411,0.985780346871953,9.824095662163,136.254938962936,TRUE,NA
"sigma",39.24,-9.82643345494058,0.00256296475516216,0.985784349419479,9.82581879667402,136.298794444376,TRUE,NA
"sigma",39.25,-9.82815613891947,0.00256240948150221,0.985788349762476,9.82754178997375,136.342653090981,TRUE,NA
"sigma",39.26,-9.82987868196827,0.00256185438867718,0.98579234790271,9.82926464210922,136.386514902214,TRUE,NA
"sigma",39.27,-9.83160108413376,0.00256129947664796,0.985796343842011,9.83098735312744,136.43037987754,TRUE,NA
"sigma",39.28,-9.83332334546252,0.00256074474536661,0.985800337582167,9.83270992307526,136.474248016418,TRUE,NA
"sigma",39.29,-9.83504546600143,0.00256019019476561,0.985804329124905,9.83443235199977,136.518119318315,TRUE,NA
"sigma",39.3,-9.83676744579706,0.0025596358247828,0.985808318472015,9.83615463994777,136.561993782693,TRUE,NA
"sigma",39.31,-9.83848928489606,0.0025590816353791,0.985812305625281,9.83787678696612,136.605871409015,TRUE,NA
"sigma",39.32,-9.84021098334505,0.00255852762643727,0.985816290586472,9.83959879310171,136.649752196744,TRUE,NA
"sigma",39.33,-9.84193254119063,0.00255797379806388,0.985820273357432,9.8413206584014,136.693636145347,TRUE,NA
"sigma",39.34,-9.84365395847935,0.00255742015010085,0.985824253939824,9.84304238291192,136.737523254286,TRUE,NA
"sigma",39.35,-9.8453752352577,0.00255686668252153,0.985828232335517,9.84476396668006,136.781413523026,TRUE,NA
"sigma",39.36,-9.8470963715723,0.00255631339528151,0.985832208546198,9.84648540975259,136.825306951032,TRUE,NA
"sigma",39.37,-9.84881736746953,0.00255576028832039,0.985836182573715,9.84820671217617,136.86920353777,TRUE,NA
"sigma",39.38,-9.85053822299584,0.00255520736157244,0.985840154419709,9.84992787399752,136.913103282703,TRUE,NA
"sigma",39.39,-9.85225893819774,0.00255465461508209,0.98584412408614,9.85164889526331,136.957006185297,TRUE,NA
"sigma",39.4,-9.85397951312157,0.0025541020486699,0.985848091574561,9.85336977602016,137.00091224502,TRUE,NA
"sigma",39.41,-9.85569994781367,0.0025535496624105,0.98585205688689,9.85509051631465,137.044821461334,TRUE,NA
"sigma",39.42,-9.85742024232044,0.0025529974560925,0.985856020024742,9.85681111619334,137.088733833709,TRUE,NA
"sigma",39.43,-9.8591403966882,0.00255244542981181,0.985859980989939,9.85853157570287,137.132649361609,TRUE,NA
"sigma",39.44,-9.86086041096321,0.00255189358345298,0.98586393978429,9.86025189488968,137.176568044501,TRUE,NA
"sigma",39.45,-9.86258028519172,0.00255134191699113,0.985867896409495,9.86197207380028,137.220489881853,TRUE,NA
"sigma",39.46,-9.86430001942001,0.00255079043036766,0.985871850867282,9.86369211248118,137.264414873129,TRUE,NA
"sigma",39.47,-9.86601961369431,0.00255023912351326,0.985875803159439,9.8654120109788,137.308343017801,TRUE,NA
"sigma",39.48,-9.86773906806071,0.00254968799642086,0.985879753287686,9.86713176933952,137.352274315332,TRUE,NA
"sigma",39.49,-9.86945838256548,0.00254913704903181,0.985883701253752,9.86885138760978,137.396208765192,TRUE,NA
"sigma",39.5,-9.87117755725466,0.00254858628125731,0.985887647059474,9.87057086583591,137.440146366848,TRUE,NA
"sigma",39.51,-9.87289659217439,0.00254803569306716,0.985891590706448,9.87229020406426,137.484087119769,TRUE,NA
"sigma",39.52,-9.87461548737076,0.00254748528437609,0.985895532196483,9.87400940234109,137.528031023422,TRUE,NA
"sigma",39.53,-9.87633424288982,0.00254693505522674,0.985899471531389,9.87572846071275,137.571978077278,TRUE,NA
"sigma",39.54,-9.87805285877758,0.0025463850055214,0.985903408712807,9.87744737922545,137.615928280804,TRUE,NA
"sigma",39.55,-9.87977133508002,0.00254583513520323,0.985907343742505,9.87916615792546,137.659881633469,TRUE,NA
"sigma",39.56,-9.88148967184316,0.00254528544419763,0.985911276622175,9.88088479685891,137.703838134743,TRUE,NA
"sigma",39.57,-9.8832078691129,0.00254473593242288,0.985915207353539,9.88260329607198,137.747797784095,TRUE,NA
"sigma",39.58,-9.88492592693518,0.00254418659997846,0.985919135938458,9.8843216556109,137.791760580995,TRUE,NA
"sigma",39.59,-9.8866438453559,0.0025436374466743,0.985923062378469,9.88603987552172,137.835726524914,TRUE,NA
"sigma",39.6,-9.88836162442091,0.00254308847252993,0.985926986675471,9.88775795585055,137.87969561532,TRUE,NA
"sigma",39.61,-9.89007926417601,0.00254253967744233,0.985930908831058,9.88947589664341,137.923667851684,TRUE,NA
"sigma",39.62,-9.89179676466709,0.00254199106142572,0.985934828847046,9.89119369794643,137.967643233479,TRUE,NA
"sigma",39.63,-9.89351412593989,0.00254144262433265,0.985938746724992,9.89291135980553,138.011621760172,TRUE,NA
"sigma",39.64,-9.89523134804018,0.00254089436623239,0.985942662466852,9.89462888226676,138.055603431237,TRUE,NA
"sigma",39.65,-9.89694843101368,0.00254034628697219,0.985946576074127,9.89634626537606,138.099588246144,TRUE,NA
"sigma",39.66,-9.89866537490611,0.00253979838658047,0.985950487548645,9.89806350917935,138.143576204365,TRUE,NA
"sigma",39.67,-9.90038217976318,0.00253925066492933,0.985954396892098,9.89978061372255,138.187567305372,TRUE,NA
"sigma",39.68,-9.90209884563049,0.00253870312205073,0.985958304106225,9.90149757905154,138.231561548637,TRUE,NA
"sigma",39.69,-9.90381537255366,0.00253815575777772,0.985962209192615,9.90321440521212,138.27555893363,TRUE,NA
"sigma",39.7,-9.90553176057839,0.00253760857221152,0.985966112153099,9.90493109225023,138.319559459827,TRUE,NA
"sigma",39.71,-9.90724800975011,0.00253706156520828,0.985970012989294,9.90664764021155,138.363563126698,TRUE,NA
"sigma",39.72,-9.9089641201145,0.00253651473672178,0.985973911702976,9.90836404914191,138.407569933717,TRUE,NA
"sigma",39.73,-9.91068009171702,0.00253596808672363,0.985977808295875,9.91008031908706,138.451579880356,TRUE,NA
"sigma",39.74,-9.91239592460315,0.0025354216151392,0.985981702769616,9.91179645009269,138.495592966089,TRUE,NA
"sigma",39.75,-9.9141116188184,0.00253487532189745,0.985985595125845,9.91351244220453,138.53960919039,TRUE,NA
"sigma",39.76,-9.91582717440822,0.00253432920705166,0.985989485366344,9.91522829546822,138.583628552732,TRUE,NA
"sigma",39.77,-9.91754259141801,0.00253378327041176,0.985993373492786,9.91694400992944,138.62765105259,TRUE,NA
"sigma",39.78,-9.91925786989313,0.00253323751203638,0.985997259506878,9.91865958563376,138.671676689437,TRUE,NA
"sigma",39.79,-9.92097300987901,0.00253269193180117,0.986001143410263,9.92037502262679,138.715705462748,TRUE,NA
"sigma",39.8,-9.92268801142095,0.00253214652970435,0.986005025204733,9.92209032095406,138.759737371997,TRUE,NA
"sigma",39.81,-9.92440287456427,0.00253160130566776,0.986008904891827,9.92380548066115,138.80377241666,TRUE,NA
"sigma",39.82,-9.92611759935425,0.0025310562596168,0.986012782473304,9.92552050179352,138.847810596211,TRUE,NA
"sigma",39.83,-9.92783218583618,0.00253051139157101,0.986016657950896,9.92723538439672,138.891851910125,TRUE,NA
"sigma",39.84,-9.92954663405527,0.00252996670145045,0.986020531326222,9.92895012851615,138.935896357879,TRUE,NA
"sigma",39.85,-9.93126094405677,0.00252942218916097,0.986024402600923,9.93066473419727,138.979943938947,TRUE,NA
"sigma",39.86,-9.93297511588577,0.00252887785469547,0.986028271776783,9.93237920148547,139.023994652806,TRUE,NA
"sigma",39.87,-9.93468914958756,0.00252833369802374,0.986032138855416,9.93409353042616,139.068048498932,TRUE,NA
"sigma",39.88,-9.93640304520717,0.00252778971898771,0.986036003838508,9.93580772106461,139.112105476802,TRUE,NA
"sigma",39.89,-9.93811680278977,0.00252724591770459,0.98603986672773,9.93752177344626,139.156165585893,TRUE,NA
"sigma",39.9,-9.93983042238039,0.00252670229395235,0.986043727524741,9.93923568761631,139.200228825679,TRUE,NA
"sigma",39.91,-9.94154390402413,0.0025261588477381,0.986047586231178,9.94094946362007,139.24429519564,TRUE,NA
"sigma",39.92,-9.94325724776601,0.00252561557912578,0.986051442848863,9.94266310150283,139.288364695251,TRUE,NA
"sigma",39.93,-9.944970453651,0.00252507248789513,0.986055297379291,9.94437660130976,139.332437323991,TRUE,NA
"sigma",39.94,-9.94668352172412,0.00252452957403726,0.986059149824094,9.94608996308606,139.376513081338,TRUE,NA
"sigma",39.95,-9.94839645203027,0.00252398683758948,0.986063000185125,9.94780318687689,139.420591966768,TRUE,NA
"sigma",39.96,-9.95010924461443,0.00252344427836881,0.986066848463841,9.94951627272741,139.464673979762,TRUE,NA
"sigma",39.97,-9.9518218995215,0.002522901896441,0.986070694662083,9.95122922068278,139.508759119796,TRUE,NA
"sigma",39.98,-9.95353441679632,0.00252235969172432,0.986074538781412,9.95294203078807,139.552847386349,TRUE,NA
"sigma",39.99,-9.95524679648375,0.00252181766412285,0.986078380823472,9.95465470308827,139.5969387789,TRUE,NA
"sigma",40,-9.95695903862863,0.00252127581362771,0.986082220790022,9.95636723762851,139.641033296928,TRUE,NA
"sigma",40.01,-9.95867114327574,0.00252073414018739,0.986086058682612,9.95807963445379,139.685130939913,TRUE,NA
"sigma",40.02,-9.96038311046986,0.0025201926436651,0.986089894502804,9.95979189360905,139.729231707333,TRUE,NA
"sigma",40.03,-9.96209494025577,0.0025196513241621,0.986093728252461,9.9615040151393,139.77333559867,TRUE,NA
"sigma",40.04,-9.96380663267814,0.00251911018147766,0.986097559933062,9.96321599908946,139.817442613401,TRUE,NA
"sigma",40.05,-9.9655181877817,0.00251856921562066,0.986101389546354,9.96492784550444,139.861552751008,TRUE,NA
"sigma",40.06,-9.96722960561107,0.00251802842659643,0.986105217093892,9.96663955442912,139.905666010969,TRUE,NA
"sigma",40.07,-9.96894088621095,0.00251748781422556,0.986109042577338,9.96835112590835,139.949782392769,TRUE,NA
"sigma",40.08,-9.97065202962595,0.002516947378572,0.98611286599844,9.97006255998701,139.993901895884,TRUE,NA
"sigma",40.09,-9.97236303590065,0.00251640711953627,0.986116687358727,9.97177385670985,140.038024519798,TRUE,NA
"sigma",40.1,-9.97407390507966,0.00251586703709705,0.986120506659845,9.97348501612171,140.082150263991,TRUE,NA
"sigma",40.11,-9.97578463720746,0.00251532713114599,0.986124323903422,9.9751960382673,140.126279127944,TRUE,NA
"sigma",40.12,-9.97749523232861,0.0025147874016529,0.986128139091169,9.97690692319138,140.17041111114,TRUE,NA
"sigma",40.13,-9.97920569048761,0.00251424784855558,0.986131952224589,9.97861767093864,140.21454621306,TRUE,NA
"sigma",40.14,-9.98091601172887,0.00251370847186116,0.986135763305437,9.98032828155377,140.258684433186,TRUE,NA
"sigma",40.15,-9.98262619609689,0.0025131692714595,0.986139572335268,9.98203875508141,140.302825771,TRUE,NA
"sigma",40.16,-9.98433624363607,0.00251263024733461,0.986143379315718,9.9837490915662,140.346970225985,TRUE,NA
"sigma",40.17,-9.98604615439081,0.00251209139941544,0.986147184248437,9.98545929105273,140.391117797623,TRUE,NA
"sigma",40.18,-9.98775592840545,0.00251155272761672,0.986150987135056,9.98716935358559,140.435268485398,TRUE,NA
"sigma",40.19,-9.98946556572436,0.00251101423193312,0.986154787977118,9.98887927920935,140.479422288793,TRUE,NA
"sigma",40.2,-9.99117506639184,0.00251047591226694,0.986158586776298,9.9905890679685,140.52357920729,TRUE,NA
"sigma",40.21,-9.99288443045219,0.00250993776862174,0.986162383534244,9.99229871990753,140.567739240374,TRUE,NA
"sigma",40.22,-9.99459365794967,0.00250939980097797,0.986166178252536,9.99400823507103,140.611902387528,TRUE,NA
"sigma",40.23,-9.99630274892851,0.0025088620091811,0.986169970932799,9.99571761350332,140.656068648236,TRUE,NA
"sigma",40.24,-9.99801170343296,0.00250832439321691,0.986173761576585,9.99742685524889,140.700238021983,TRUE,NA
"sigma",40.25,-9.99972052150719,0.00250778695302323,0.986177550185582,9.99913596035207,140.744410508252,TRUE,NA
"sigma",40.26,-10.0014292031953,0.00250724968859117,0.986181336761373,10.0008449288573,140.788586106529,TRUE,NA
"sigma",40.27,-10.0031377485416,0.0025067125998266,0.986185121305595,10.002553760809,140.832764816298,TRUE,NA
"sigma",40.28,-10.00484615759,0.00250617568664602,0.986188903819741,10.0042624562513,140.876946637044,TRUE,NA
"sigma",40.29,-10.0065544303848,0.00250563894913114,0.986192684305644,10.0059710152286,140.921131568253,TRUE,NA
"sigma",40.3,-10.0082625669699,0.00250510238707236,0.986196462764655,10.0076794377853,140.965319609411,TRUE,NA
"sigma",40.31,-10.0099705673894,0.00250456600049986,0.986200239198462,10.0093877239654,141.009510760001,TRUE,NA
"sigma",40.32,-10.0116784316873,0.00250402978934972,0.986204013608735,10.0110958738134,141.053705019512,TRUE,NA
"sigma",40.33,-10.0133861599076,0.00250349375354908,0.986207785996961,10.0128038873732,141.097902387429,TRUE,NA
"sigma",40.34,-10.0150937520942,0.00250295789308908,0.986211556364885,10.0145117646892,141.142102863237,TRUE,NA
"sigma",40.35,-10.0168012082912,0.00250242220787733,0.986215324713977,10.0162195058054,141.186306446424,TRUE,NA
"sigma",40.36,-10.0185085285424,0.00250188669785878,0.986219091045832,10.0179271107661,141.230513136477,TRUE,NA
"sigma",40.37,-10.0202157128917,0.00250135136301388,0.986222855362113,10.0196345796152,141.274722932882,TRUE,NA
"sigma",40.38,-10.021922761383,0.00250081620325737,0.986226617664328,10.0213419123969,141.318935835126,TRUE,NA
"sigma",40.39,-10.0236296740601,0.00250028121856971,0.986230377954171,10.0230491091552,141.363151842698,TRUE,NA
"sigma",40.4,-10.0253364509668,0.00249974640885142,0.9862341362331,10.0247561699342,141.407370955084,TRUE,NA
"sigma",40.41,-10.027043092147,0.0024992117740581,0.986237892502743,10.0264630947777,141.451593171774,TRUE,NA
"sigma",40.42,-10.0287495976444,0.00249867731418618,0.986241646764753,10.0281698837299,141.495818492252,TRUE,NA
"sigma",40.43,-10.0304559675027,0.00249814302910778,0.986245399020625,10.0298765368346,141.54004691601,TRUE,NA
"sigma",40.44,-10.0321622017657,0.00249760891887441,0.986249149272006,10.0315830541358,141.584278442536,TRUE,NA
"sigma",40.45,-10.033868300477,0.00249707498333152,0.986252897520394,10.0332894356773,141.628513071316,TRUE,NA
"sigma",40.46,-10.0355742636803,0.00249654122247556,0.986256643767486,10.0349956815031,141.672750801842,TRUE,NA
"sigma",40.47,-10.0372800914193,0.00249600763624791,0.986260388014717,10.036701791657,141.716991633602,TRUE,NA
"sigma",40.48,-10.0389857837376,0.00249547422456509,0.986264130263717,10.0384077661827,141.761235566085,TRUE,NA
"sigma",40.49,-10.0406913406787,0.00249494098743597,0.98626787051613,10.0401136051242,141.80548259878,TRUE,NA
"sigma",40.5,-10.0423967622863,0.00249440792476285,0.986271608773442,10.0418193085252,141.849732731178,TRUE,NA
"sigma",40.51,-10.0441020486039,0.00249387503649068,0.986275345037177,10.0435248764294,141.893985962768,TRUE,NA
"sigma",40.52,-10.0458071996749,0.00249334232255904,0.986279079309028,10.0452303088805,141.938242293041,TRUE,NA
"sigma",40.53,-10.047512215543,0.00249280978291466,0.986282811590446,10.0469356059223,141.982501721486,TRUE,NA
"sigma",40.54,-10.0492170962516,0.00249227741757707,0.9862865418831,10.0486407675984,142.026764247595,TRUE,NA
"sigma",40.55,-10.0509218418441,0.00249174522644857,0.986290270188475,10.0503457939524,142.071029870858,TRUE,NA
"sigma",40.56,-10.0526264523639,0.00249121320942436,0.986293996508174,10.0520506850281,142.115298590766,TRUE,NA
"sigma",40.57,-10.0543309278544,0.00249068136650621,0.986297720843703,10.0537554408689,142.15957040681,TRUE,NA
"sigma",40.58,-10.0560352683591,0.00249014969762662,0.986301443196687,10.0554600615186,142.203845318483,TRUE,NA
"sigma",40.59,-10.0577394739213,0.00248961820270743,0.98630516356859,10.0571645470205,142.248123325274,TRUE,NA
"sigma",40.6,-10.0594435445842,0.00248908688177174,0.986308881961056,10.0588688974183,142.292404426677,TRUE,NA
"sigma",40.61,-10.0611474803912,0.0024885557346721,0.986312598375602,10.0605731127554,142.336688622183,TRUE,NA
"sigma",40.62,-10.0628512813856,0.00248802476137477,0.986316312813724,10.0622771930754,142.380975911284,TRUE,NA
"sigma",40.63,-10.0645549476106,0.00248749396187797,0.986320025277072,10.0639811384216,142.425266293474,TRUE,NA
"sigma",40.64,-10.0662584791095,0.00248696333613552,0.986323735767138,10.0656849488375,142.469559768244,TRUE,NA
"sigma",40.65,-10.0679618759254,0.00248643288402484,0.986327444285496,10.0673886243665,142.513856335087,TRUE,NA
"sigma",40.66,-10.0696651381015,0.00248590260552106,0.986331150833636,10.069092165052,142.558155993496,TRUE,NA
"sigma",40.67,-10.071368265681,0.00248537250055136,0.986334855413122,10.0707955709373,142.602458742967,TRUE,NA
"sigma",40.68,-10.073071258707,0.00248484256914594,0.986338558025565,10.0724988420658,142.64676458299,TRUE,NA
"sigma",40.69,-10.0747741172226,0.00248431281113426,0.986342258672397,10.0742019784807,142.691073513059,TRUE,NA
"sigma",40.7,-10.076476841271,0.00248378322656428,0.98634595735522,10.0759049802254,142.73538553267,TRUE,NA
"sigma",40.71,-10.0781794308951,0.00248325381529924,0.986349654075547,10.0776078473431,142.779700641317,TRUE,NA
"sigma",40.72,-10.079881886138,0.00248272457729826,0.98635334883489,10.079310579877,142.824018838492,TRUE,NA
"sigma",40.73,-10.0815842070426,0.00248219551258266,0.986357041634898,10.0810131778704,142.868340123692,TRUE,NA
"sigma",40.74,-10.0832863936521,0.00248166662106897,0.986360732476976,10.0827156413664,142.91266449641,TRUE,NA
"sigma",40.75,-10.0849884460093,0.00248113790264881,0.986364421362673,10.0844179704081,142.956991956142,TRUE,NA
"sigma",40.76,-10.0866903641572,0.00248060935729022,0.986368108293485,10.0861201650388,143.001322502382,TRUE,NA
"sigma",40.77,-10.0883921481387,0.00248008098495767,0.986371793271088,10.0878222253014,143.045656134626,TRUE,NA
"sigma",40.78,-10.0900937979967,0.0024795527855872,0.986375476296888,10.0895241512392,143.089992852371,TRUE,NA
"sigma",40.79,-10.091795313774,0.00247902475918238,0.98637915737248,10.0912259428952,143.13433265511,TRUE,NA
"sigma",40.8,-10.0934966955135,0.00247849690559754,0.986382836499269,10.0929276003124,143.178675542342,TRUE,NA
"sigma",40.81,-10.095197943258,0.00247796922479182,0.986386513678803,10.0946291235337,143.22302151356,TRUE,NA
"sigma",40.82,-10.0968990570503,0.00247744171677056,0.986390188912717,10.0963305126023,143.267370568264,TRUE,NA
"sigma",40.83,-10.0986000369332,0.00247691438139341,0.986393862202404,10.0980317675611,143.311722705947,TRUE,NA
"sigma",40.84,-10.1003008829494,0.00247638721873145,0.986397533549499,10.0997328884529,143.356077926108,TRUE,NA
"sigma",40.85,-10.1020015951416,0.0024758602286159,0.986401202955373,10.1014338753208,143.400436228244,TRUE,NA
"sigma",40.86,-10.1037021735526,0.0024753334111125,0.986404870421718,10.1031347282076,143.444797611851,TRUE,NA
"sigma",40.87,-10.105402618225,0.00247480676595302,0.986408535949771,10.1048354471562,143.489162076428,TRUE,NA
"sigma",40.88,-10.1071029292014,0.0024742802933595,0.986412199541402,10.1065360322094,143.533529621471,TRUE,NA
"sigma",40.89,-10.1088031065245,0.00247375399303884,0.986415861197761,10.1082364834101,143.577900246479,TRUE,NA
"sigma",40.9,-10.1105031502369,0.00247322786510651,0.986419520920625,10.109936800801,143.62227395095,TRUE,NA
"sigma",40.91,-10.1122030603811,0.0024727019093973,0.986423178711383,10.1116369844249,143.666650734381,TRUE,NA
"sigma",40.92,-10.1139028369997,0.00247217612589878,0.986426834571523,10.1133370343245,143.711030596272,TRUE,NA
"sigma",40.93,-10.1156024801354,0.00247165051458786,0.986430488502594,10.1150369505427,143.755413536121,TRUE,NA
"sigma",40.94,-10.1173019898304,0.00247112507536151,0.986434140506048,10.116736733122,143.799799553426,TRUE,NA
"sigma",40.95,-10.1190013661274,0.0024705998081771,0.98643779058346,10.1184363821052,143.844188647687,TRUE,NA
"sigma",40.96,-10.1207006090688,0.00247007471299376,0.986441438736228,10.1201358975349,143.888580818405,TRUE,NA
"sigma",40.97,-10.122399718697,0.00246954978973335,0.986445084965916,10.1218352794537,143.932976065076,TRUE,NA
"sigma",40.98,-10.1240986950544,0.00246902503837809,0.986448729274014,10.1235345279042,143.977374387202,TRUE,NA
"sigma",40.99,-10.1257975381835,0.00246850045891023,0.986452371662031,10.1252336429291,144.021775784282,TRUE,NA
"sigma",41,-10.1274962481265,0.00246797605114146,0.986456012131402,10.1269326245709,144.066180255817,TRUE,NA
"sigma",41.01,-10.1291948249259,0.00246745181509667,0.986459650683607,10.128631472872,144.110587801306,TRUE,NA
"sigma",41.02,-10.130893268624,0.00246692775072788,0.986463287320199,10.1303301878751,144.154998420251,TRUE,NA
"sigma",41.03,-10.132591579263,0.00246640385799068,0.98646692204266,10.1320287696226,144.199412112151,TRUE,NA
"sigma",41.04,-10.1342897568852,0.00246588013684068,0.986470554852493,10.1337272181569,144.243828876509,TRUE,NA
"sigma",41.05,-10.1359878015329,0.00246535658718017,0.986474185751063,10.1354255335205,144.288248712823,TRUE,NA
"sigma",41.06,-10.1376857132482,0.00246483320893987,0.986477814739969,10.1371237157558,144.332671620597,TRUE,NA
"sigma",41.07,-10.1393834920735,0.00246431000210912,0.986481441820619,10.1388217649052,144.377097599332,TRUE,NA
"sigma",41.08,-10.1410811380508,0.00246378696661331,0.986485066994546,10.1405196810111,144.421526648529,TRUE,NA
"sigma",41.09,-10.1427786512223,0.00246326410250219,0.986488690263293,10.1422174641158,144.46595876769,TRUE,NA
"sigma",41.1,-10.1444760316302,0.00246274140947023,0.986492311628076,10.1439151142616,144.510393956319,TRUE,NA
"sigma",41.11,-10.1461732793165,0.0024622188877359,0.986495931090658,10.1456126314908,144.554832213915,TRUE,NA
"sigma",41.12,-10.1478703943233,0.00246169653707717,0.986499548652413,10.1473100158457,144.599273539983,TRUE,NA
"sigma",41.13,-10.1495673766927,0.00246117435749049,0.986503164314752,10.1490072673686,144.643717934025,TRUE,NA
"sigma",41.14,-10.1512642264668,0.00246065234892434,0.986506778079216,10.1507043861016,144.688165395545,TRUE,NA
"sigma",41.15,-10.1529609436875,0.00246013051134319,0.986510389947237,10.1524013720869,144.732615924044,TRUE,NA
"sigma",41.16,-10.1546575283968,0.00245960884465646,0.986513999920349,10.1540982253668,144.777069519027,TRUE,NA
"sigma",41.17,-10.1563539806368,0.00245908734881084,0.986517607999898,10.1557949459834,144.821526179997,TRUE,NA
"sigma",41.18,-10.1580503004492,0.00245856602376193,0.986521214187442,10.1574915339788,144.865985906456,TRUE,NA
"sigma",41.19,-10.1597464878761,0.00245804486945111,0.986524818484381,10.1591879893951,144.910448697911,TRUE,NA
"sigma",41.2,-10.1614425429594,0.00245752388589437,0.986528420892288,10.1608843122744,144.954914553865,TRUE,NA
"sigma",41.21,-10.1631384657409,0.00245700307288743,0.986532021412457,10.1625805026588,144.999383473822,TRUE,NA
"sigma",41.22,-10.1648342562625,0.00245648243045515,0.986535620046484,10.1642765605903,145.043855457287,TRUE,NA
"sigma",41.23,-10.1665299145659,0.00245596195862241,0.986539216795802,10.1659724861109,145.088330503764,TRUE,NA
"sigma",41.24,-10.1682254406931,0.00245544165723999,0.986542811661781,10.1676682792626,145.132808612758,TRUE,NA
"sigma",41.25,-10.1699208346857,0.00245492152624394,0.986546404645976,10.1693639400874,145.177289783775,TRUE,NA
"sigma",41.26,-10.1716160965856,0.0024544015656307,0.986549995749797,10.1710594686271,145.221774016319,TRUE,NA
"sigma",41.27,-10.1733112264345,0.00245388177533634,0.986553584974732,10.1727548649238,145.266261309898,TRUE,NA
"sigma",41.28,-10.175006224274,0.00245336215524894,0.986557172322087,10.1744501290193,145.310751664015,TRUE,NA
"sigma",41.29,-10.1767010901459,0.00245284270541646,0.986560757793511,10.1761452609556,145.355245078177,TRUE,NA
"sigma",41.3,-10.1783958240919,0.00245232342572876,0.986564341390351,10.1778402607743,145.399741551891,TRUE,NA
"sigma",41.31,-10.1800904261535,0.00245180431606329,0.986567923114028,10.1795351285174,145.444241084663,TRUE,NA
"sigma",41.32,-10.1817848963724,0.00245128537642891,0.98657150296596,10.1812298642267,145.488743675998,TRUE,NA
"sigma",41.33,-10.1834792347903,0.00245076660683274,0.986575080947778,10.1829244679439,145.533249325404,TRUE,NA
"sigma",41.34,-10.1851734414485,0.00245024800711313,0.986578657060678,10.1846189397109,145.577758032389,TRUE,NA
"sigma",41.35,-10.1868675163888,0.00244972957730383,0.986582231306269,10.1863132795692,145.622269796458,TRUE,NA
"sigma",41.36,-10.1885614596526,0.00244921131731957,0.986585803685979,10.1880074875608,145.666784617119,TRUE,NA
"sigma",41.37,-10.1902552712815,0.00244869322704666,0.986589374201098,10.1897015637271,145.711302493881,TRUE,NA
"sigma",41.38,-10.1919489513169,0.00244817530652774,0.98659294285324,10.1913955081099,145.755823426249,TRUE,NA
"sigma",41.39,-10.1936424998003,0.00244765755565446,0.986596509643755,10.1930893207509,145.800347413734,TRUE,NA
"sigma",41.4,-10.1953359167731,0.00244713997425805,0.986600074573959,10.1947830016916,145.844874455843,TRUE,NA
"sigma",41.41,-10.1970292022767,0.00244662256255168,0.98660363764554,10.1964765509737,145.889404552083,TRUE,NA
"sigma",41.42,-10.1987223563525,0.00244610532028844,0.986607198859751,10.1981699686387,145.933937701964,TRUE,NA
"sigma",41.43,-10.2004153790419,0.00244558824739549,0.986610758218009,10.1998632547282,145.978473904994,TRUE,NA
"sigma",41.44,-10.2021082703862,0.00244507134390659,0.986614315721776,10.2015564092836,146.023013160682,TRUE,NA
"sigma",41.45,-10.2038010304267,0.00244455460979331,0.986617871372567,10.2032494323465,146.067555468538,TRUE,NA
"sigma",41.46,-10.2054936592049,0.00244403804488513,0.98662142517168,10.2049423239584,146.112100828071,TRUE,NA
"sigma",41.47,-10.2071861567618,0.00244352164918915,0.986624977120578,10.2066350841607,146.15664923879,TRUE,NA
"sigma",41.48,-10.2088785231388,0.00244300542268228,0.986628527220757,10.2083277129949,146.201200700205,TRUE,NA
"sigma",41.49,-10.2105707583771,0.00244248936521174,0.986632075473431,10.2100202105023,146.245755211826,TRUE,NA
"sigma",41.5,-10.2122628625179,0.00244197347685926,0.986635621880283,10.2117125767244,146.290312773162,TRUE,NA
"sigma",41.51,-10.2139548356024,0.00244145775742766,0.98663916644251,10.2134048117025,146.334873383726,TRUE,NA
"sigma",41.52,-10.2156466776717,0.00244094220698798,0.986642709161716,10.2150969154779,146.379437043025,TRUE,NA
"sigma",41.53,-10.217338388767,0.00244042682540702,0.986646250039163,10.216788888092,146.424003750573,TRUE,NA
"sigma",41.54,-10.2190299689295,0.00243991161265633,0.986649789076301,10.2184807295861,146.468573505878,TRUE,NA
"sigma",41.55,-10.2207214182001,0.0024393965687235,0.986653326274597,10.2201724400015,146.513146308454,TRUE,NA
"sigma",41.56,-10.22241273662,0.00243888169338291,0.986656861635336,10.2218640193792,146.557722157811,TRUE,NA
"sigma",41.57,-10.2241039242302,0.00243836698677313,0.986660395160046,10.2235554677608,146.602301053459,TRUE,NA
"sigma",41.58,-10.2257949810718,0.00243785244880357,0.986663926850163,10.2252467851873,146.646882994913,TRUE,NA
"sigma",41.59,-10.2274859071857,0.00243733807930191,0.986667456706935,10.2269379716998,146.691467981681,TRUE,NA
"sigma",41.6,-10.2291767026129,0.00243682387833033,0.986670984731841,10.2286290273396,146.736056013278,TRUE,NA
"sigma",41.61,-10.2308673673944,0.00243630984583731,0.986674510926382,10.2303199521478,146.780647089216,TRUE,NA
"sigma",41.62,-10.2325579015711,0.00243579598164345,0.986678035291814,10.2320107461655,146.825241209006,TRUE,NA
"sigma",41.63,-10.234248305184,0.00243528228583934,0.986681557829631,10.2337014094338,146.869838372161,TRUE,NA
"sigma",41.64,-10.2359385782739,0.00243476875828463,0.986685078541142,10.2353919419938,146.914438578195,TRUE,NA
"sigma",41.65,-10.2376287208816,0.00243425539899711,0.986688597427881,10.2370823438864,146.959041826621,TRUE,NA
"sigma",41.66,-10.2393187330481,0.00243374220784354,0.986692114491089,10.2387726151529,147.00364811695,TRUE,NA
"sigma",41.67,-10.2410086148142,0.00243322918473865,0.986695629732208,10.240462755834,147.048257448699,TRUE,NA
"sigma",41.68,-10.2426983662207,0.00243271632972686,0.986699143152678,10.2421527659709,147.092869821379,TRUE,NA
"sigma",41.69,-10.2443879873082,0.00243220364274066,0.98670265475386,10.2438426456044,147.137485234505,TRUE,NA
"sigma",41.7,-10.2460774781177,0.00243169112363439,0.986706164537102,10.2455323947755,147.182103687591,TRUE,NA
"sigma",41.71,-10.2477668386898,0.00243117877249688,0.986709672503927,10.2472220135251,147.22672518015,TRUE,NA
"sigma",41.72,-10.2494560690652,0.00243066658911495,0.986713178655568,10.2489115018941,147.271349711697,TRUE,NA
"sigma",41.73,-10.2511451692847,0.0024301545735792,0.986716682993556,10.2506008599233,147.315977281749,TRUE,NA
"sigma",41.74,-10.2528341393888,0.00242964272568891,0.986720185519085,10.2522900876537,147.360607889817,TRUE,NA
"sigma",41.75,-10.2545229794183,0.00242913104548492,0.986723686233659,10.2539791851259,147.405241535419,TRUE,NA
"sigma",41.76,-10.2562116894138,0.00242861953291218,0.98672718513866,10.2556681523809,147.449878218068,TRUE,NA
"sigma",41.77,-10.2579002694158,0.0024281081878641,0.986730682235438,10.2573569894594,147.494517937281,TRUE,NA
"sigma",41.78,-10.259588719465,0.00242759701034778,0.986734177525468,10.2590456964021,147.539160692574,TRUE,NA
"sigma",41.79,-10.2612770396019,0.0024270860002531,0.986737671009944,10.2607342732497,147.583806483461,TRUE,NA
"sigma",41.8,-10.262965229867,0.00242657515753386,0.986741162690369,10.2624227200431,147.628455309458,TRUE,NA
"sigma",41.81,-10.2646532903008,0.00242606448220606,0.98674465256815,10.2641110368228,147.673107170083,TRUE,NA
"sigma",41.82,-10.2663412209439,0.00242555397407251,0.98674814064453,10.2657992236295,147.717762064852,TRUE,NA
"sigma",41.83,-10.2680290218366,0.00242504363322027,0.986751626920963,10.2674872805038,147.762419993279,TRUE,NA
"sigma",41.84,-10.2697166930195,0.00242453345951255,0.986755111398808,10.2691752074865,147.807080954885,TRUE,NA
"sigma",41.85,-10.271404234533,0.0024240234528925,0.986758594079362,10.270863004618,147.851744949183,TRUE,NA
"sigma",41.86,-10.2730916464174,0.00242351361334947,0.986762074964169,10.272550671939,147.896411975692,TRUE,NA
"sigma",41.87,-10.2747789287132,0.00242300394086747,0.986765554054501,10.27423820949,147.94108203393,TRUE,NA
"sigma",41.88,-10.2764660814607,0.00242249443524223,0.986769031351643,10.2759256173115,147.985755123413,TRUE,NA
"sigma",41.89,-10.2781531047002,0.00242198509655545,0.98677250685703,10.2776128954441,148.030431243659,TRUE,NA
"sigma",41.9,-10.2798399984721,0.00242147592466502,0.986775980572031,10.2793000439281,148.075110394187,TRUE,NA
"sigma",41.91,-10.2815267628166,0.00242096691953542,0.986779452497958,10.2809870628041,148.119792574515,TRUE,NA
"sigma",41.92,-10.283213397774,0.0024204580811773,0.98678292263626,10.2826739521125,148.164477784159,TRUE,NA
"sigma",41.93,-10.2848999033846,0.00241994940946455,0.986786390988197,10.2843607118939,148.209166022641,TRUE,NA
"sigma",41.94,-10.2865862796885,0.00241944090433854,0.986789857555159,10.2860473421883,148.253857289477,TRUE,NA
"sigma",41.95,-10.2882725267261,0.00241893256578862,0.986793322338524,10.2877338430365,148.298551584187,TRUE,NA
"sigma",41.96,-10.2899586445374,0.00241842439376505,0.986796785339682,10.2894202144785,148.343248906289,TRUE,NA
"sigma",41.97,-10.2916446331626,0.00241791638818789,0.986800246559927,10.2911064565549,148.387949255304,TRUE,NA
"sigma",41.98,-10.2933304926419,0.0024174085489399,0.986803706000578,10.2927925693059,148.432652630751,TRUE,NA
"sigma",41.99,-10.2950162230153,0.00241690087609037,0.986807163663107,10.2944785527717,148.477359032148,TRUE,NA
"sigma",42,-10.296701824323,0.0024163933694954,0.986810619548723,10.2961644069927,148.522068459017,TRUE,NA
"sigma",42.01,-10.2983872966051,0.00241588602909459,0.986814073658766,10.297850132009,148.566780910877,TRUE,NA
"sigma",42.02,-10.3000726399015,0.00241537885491283,0.986817525994765,10.299535727861,148.611496387247,TRUE,NA
"sigma",42.03,-10.3017578542524,0.00241487184677425,0.986820976557879,10.3012211945887,148.65621488765,TRUE,NA
"sigma",42.04,-10.3034429396977,0.00241436500476944,0.986824425349499,10.3029065322324,148.700936411606,TRUE,NA
"sigma",42.05,-10.3051278962773,0.00241385832868879,0.986827872371014,10.3045917408323,148.745660958634,TRUE,NA
"sigma",42.06,-10.3068127240314,0.00241335181863001,0.986831317623816,10.3062768204284,148.790388528256,TRUE,NA
"sigma",42.07,-10.3084974229998,0.0024128454743515,0.986834761108996,10.3079617710608,148.835119119993,TRUE,NA
"sigma",42.08,-10.3101819932224,0.00241233929597584,0.986838202828207,10.3096465927697,148.879852733367,TRUE,NA
"sigma",42.09,-10.3118664347391,0.00241183328340888,0.98684164278259,10.3113312855952,148.924589367898,TRUE,NA
"sigma",42.1,-10.3135507475898,0.00241132743646233,0.986845080973472,10.3130158495772,148.969329023111,TRUE,NA
"sigma",42.11,-10.3152349318144,0.00241082175530671,0.986848517402354,10.3147002847557,149.014071698524,TRUE,NA
"sigma",42.12,-10.3169189874527,0.00241031623965071,0.986851952070361,10.3163845911709,149.058817393662,TRUE,NA
"sigma",42.13,-10.3186029145445,0.00240981088958847,0.986855384978987,10.3180687688626,149.103566108046,TRUE,NA
"sigma",42.14,-10.3202867131295,0.00240930570502229,0.986858816129447,10.3197528178708,149.148317841198,TRUE,NA
"sigma",42.15,-10.3219703832476,0.00240880068593441,0.986862245523181,10.3214367382355,149.193072592641,TRUE,NA
"sigma",42.16,-10.3236539249386,0.00240829583219515,0.986865673161399,10.3231205299965,149.2378303619,TRUE,NA
"sigma",42.17,-10.325337338242,0.00240779114376899,0.986869099045516,10.3248041931938,149.282591148495,TRUE,NA
"sigma",42.18,-10.3270206231977,0.00240728662065237,0.986872523176725,10.3264877278672,149.327354951951,TRUE,NA
"sigma",42.19,-10.3287037798453,0.00240678226271207,0.98687594555654,10.3281711340566,149.372121771791,TRUE,NA
"sigma",42.2,-10.3303868082245,0.00240627806997651,0.986879366186215,10.3298544118018,149.416891607539,TRUE,NA
"sigma",42.21,-10.3320697083749,0.00240577404235331,0.986882785066972,10.3315375611425,149.461664458718,TRUE,NA
"sigma",42.22,-10.3337524803361,0.00240527017977499,0.986886202200236,10.3332205821187,149.506440324852,TRUE,NA
"sigma",42.23,-10.3354351241478,0.00240476648217047,0.986889617587262,10.33490347477,149.551219205467,TRUE,NA
"sigma",42.24,-10.3371176398494,0.00240426294952023,0.98689303122942,10.3365862391362,149.596001100086,TRUE,NA
"sigma",42.25,-10.3388000274806,0.00240375958175321,0.986896443127993,10.3382688752569,149.640786008233,TRUE,NA
"sigma",42.26,-10.3404822870809,0.00240325637884986,0.986899853284317,10.339951383172,149.685573929434,TRUE,NA
"sigma",42.27,-10.3421644186897,0.00240275334064499,0.986903261699652,10.341633762921,149.730364863212,TRUE,NA
"sigma",42.28,-10.3438464223467,0.00240225046722387,0.986906668375406,10.3433160145436,149.775158809094,TRUE,NA
"sigma",42.29,-10.3455282980912,0.00240174775842839,0.986910073312805,10.3449981380795,149.819955766605,TRUE,NA
"sigma",42.3,-10.3472100459627,0.00240124521425678,0.986913476513199,10.3466801335683,149.864755735271,TRUE,NA
"sigma",42.31,-10.3488916660006,0.00240074283463976,0.986916877977895,10.3483620010495,149.909558714617,TRUE,NA
"sigma",42.32,-10.3505731582443,0.00240024061947253,0.98692027770809,10.3500437405627,149.954364704169,TRUE,NA
"sigma",42.33,-10.3522545227333,0.00239973856880837,0.986923675705229,10.3517253521475,149.999173703452,TRUE,NA
"sigma",42.34,-10.3539357595068,0.00239923668245723,0.986927071970598,10.3534068358434,150.043985711994,TRUE,NA
"sigma",42.35,-10.3556168686042,0.00239873496045639,0.986930466505476,10.3550881916898,150.08880072932,TRUE,NA
"sigma",42.36,-10.3572978500649,0.00239823340275258,0.986933859311158,10.3567694197264,150.133618754958,TRUE,NA
"sigma",42.37,-10.358978703928,0.0023977320092623,0.986937250388928,10.3584505199924,150.178439788434,TRUE,NA
"sigma",42.38,-10.360659430233,0.00239723077990917,0.986940639740101,10.3601314925274,150.223263829276,TRUE,NA
"sigma",42.39,-10.362340029019,0.00239672971464167,0.986944027365964,10.3618123373708,150.268090877009,TRUE,NA
"sigma",42.4,-10.3640205003253,0.00239622881344381,0.986947413267834,10.363493054562,150.312920931162,TRUE,NA
"sigma",42.41,-10.365700844191,0.00239572807623922,0.986950797447053,10.3651736441403,150.357753991263,TRUE,NA
"sigma",42.42,-10.3673810606555,0.00239522750300125,0.986954179904835,10.3668541061451,150.402590056839,TRUE,NA
"sigma",42.43,-10.3690611497579,0.00239472709357358,0.986957560642405,10.3685344406158,150.447429127418,TRUE,NA
"sigma",42.44,-10.3707411115372,0.00239422684800594,0.986960939661238,10.3702146475916,150.492271202528,TRUE,NA
"sigma",42.45,-10.3724209460327,0.00239372676617755,0.986964316962475,10.3718947271118,150.537116281697,TRUE,NA
"sigma",42.46,-10.3741006532834,0.00239322684807419,0.986967692547442,10.3735746792157,150.581964364454,TRUE,NA
"sigma",42.47,-10.3757802333284,0.00239272709366034,0.986971066417529,10.3752545039426,150.626815450329,TRUE,NA
"sigma",42.48,-10.3774596862068,0.00239222750283474,0.986974438573895,10.3769342013316,150.671669538848,TRUE,NA
"sigma",42.49,-10.3791390119577,0.00239172807555654,0.986977809017896,10.3786137714221,150.716526629542,TRUE,NA
"sigma",42.5,-10.38081821062,0.0023912288117085,0.986981177750702,10.380293214253,150.761386721941,TRUE,NA
"sigma",42.51,-10.3824972822328,0.00239072971132614,0.986984544773709,10.3819725298637,150.806249815571,TRUE,NA
"sigma",42.52,-10.384176226835,0.00239023077432776,0.986987910088225,10.3836517182932,150.851115909966,TRUE,NA
"sigma",42.53,-10.3858550444656,0.00238973200068848,0.986991273695438,10.3853307795807,150.895985004652,TRUE,NA
"sigma",42.54,-10.3875337351636,0.00238923339025554,0.986994635596647,10.3870097137653,150.940857099161,TRUE,NA
"sigma",42.55,-10.3892122989678,0.00238873494302538,0.986997995793131,10.388688520886,150.985732193024,TRUE,NA
"sigma",42.56,-10.3908907359172,0.00238823665893229,0.987001354286106,10.390367200982,151.030610285769,TRUE,NA
"sigma",42.57,-10.3925690460506,0.00238773853796204,0.987004711077003,10.3920457540922,151.075491376929,TRUE,NA
"sigma",42.58,-10.3942472294068,0.00238724058004891,0.98700806616707,10.3937241802556,151.120375466032,TRUE,NA
"sigma",42.59,-10.3959252860248,0.00238674278508988,0.987011419557378,10.3954024795113,151.16526255261,TRUE,NA
"sigma",42.6,-10.3976032159433,0.00238624515308672,0.987014771249434,10.3970806518982,151.210152636195,TRUE,NA
"sigma",42.61,-10.3992810192012,0.00238574768395949,0.98701812124439,10.3987586974552,151.255045716318,TRUE,NA
"sigma",42.62,-10.4009586958371,0.00238525037758741,0.987021469543512,10.4004366162214,151.29994179251,TRUE,NA
"sigma",42.63,-10.4026362458899,0.00238475323400067,0.987024816148053,10.4021144082355,151.344840864302,TRUE,NA
"sigma",42.64,-10.4043136693982,0.00238425625315486,0.98702816105939,10.4037920735366,151.389742931227,TRUE,NA
"sigma",42.65,-10.4059909664009,0.00238375943497715,0.987031504278731,10.4054696121634,151.434647992817,TRUE,NA
"sigma",42.66,-10.4076681369365,0.0023832627792828,0.987034845807203,10.4071470241548,151.479556048603,TRUE,NA
"sigma",42.67,-10.4093451810437,0.00238276628619616,0.987038185646269,10.4088243095496,151.524467098119,TRUE,NA
"sigma",42.68,-10.4110220987613,0.00238226995561952,0.987041523797183,10.4105014683867,151.569381140896,TRUE,NA
"sigma",42.69,-10.4126988901278,0.00238177378736104,0.987044860260973,10.4121785007048,151.614298176468,TRUE,NA
"sigma",42.7,-10.4143755551817,0.00238127778154862,0.987048195039099,10.4138554065426,151.659218204367,TRUE,NA
"sigma",42.71,-10.4160520939618,0.00238078193805968,0.987051528132818,10.415532185939,151.704141224126,TRUE,NA
"sigma",42.72,-10.4177285065065,0.00238028625678055,0.987054859543301,10.4172088389326,151.749067235279,TRUE,NA
"sigma",42.73,-10.4194047928545,0.00237979073773431,0.98705818927185,10.4188853655621,151.79399623736,TRUE,NA
"sigma",42.74,-10.4210809530442,0.00237929538084103,0.987061517319735,10.4205617658663,151.838928229901,TRUE,NA
"sigma",42.75,-10.4227569871141,0.00237880018602254,0.98706484368821,10.4222380398837,151.883863212436,TRUE,NA
"sigma",42.76,-10.4244328951028,0.00237830515312432,0.987068168378332,10.4239141876531,151.928801184501,TRUE,NA
"sigma",42.77,-10.4261086770486,0.00237781028234707,0.987071491391657,10.4255902092129,151.973742145628,TRUE,NA
"sigma",42.78,-10.4277843329901,0.00237731557342791,0.9870748127293,10.4272661046019,152.018686095353,TRUE,NA
"sigma",42.79,-10.4294598629656,0.00237682102638281,0.987078132392428,10.4289418738586,152.06363303321,TRUE,NA
"sigma",42.8,-10.4311352670135,0.00237632664117804,0.987081450382454,10.4306175170215,152.108582958733,TRUE,NA
"sigma",42.81,-10.4328105451723,0.00237583241766437,0.987084766700442,10.4322930341292,152.153535871458,TRUE,NA
"sigma",42.82,-10.4344856974802,0.00237533835584181,0.98708808134777,10.4339684252202,152.198491770919,TRUE,NA
"sigma",42.83,-10.4361607239757,0.00237484445569969,0.98709139432564,10.435643690333,152.243450656652,TRUE,NA
"sigma",42.84,-10.437835624697,0.00237435071709946,0.987094705635228,10.437318829506,152.288412528193,TRUE,NA
"sigma",42.85,-10.4395103996824,0.00237385714006422,0.98709801527788,10.4389938427778,152.333377385077,TRUE,NA
"sigma",42.86,-10.4411850489702,0.00237336372446251,0.987101323254795,10.4406687301867,152.378345226839,TRUE,NA
"sigma",42.87,-10.4428595725987,0.00237287047030499,0.987104629567173,10.4423434917711,152.423316053016,TRUE,NA
"sigma",42.88,-10.4445339706061,0.00237237737745133,0.987107934216251,10.4440181275694,152.468289863145,TRUE,NA
"sigma",42.89,-10.4462082430306,0.00237188444594771,0.987111237203364,10.4456926376201,152.51326665676,TRUE,NA
"sigma",42.9,-10.4478823899104,0.00237139167572309,0.987114538529648,10.4473670219614,152.5582464334,TRUE,NA
"sigma",42.91,-10.4495564112837,0.0023708990666087,0.987117838196322,10.4490412806317,152.6032291926,TRUE,NA
"sigma",42.92,-10.4512303071887,0.00237040661868626,0.987121136204744,10.4507154136693,152.648214933899,TRUE,NA
"sigma",42.93,-10.4529040776633,0.00236991433183675,0.98712443255604,10.4523894211125,152.693203656831,TRUE,NA
"sigma",42.94,-10.454577722746,0.00236942220597847,0.987127727251425,10.4540633029995,152.738195360936,TRUE,NA
"sigma",42.95,-10.4562512424745,0.00236893024105633,0.987131020292117,10.4557370593685,152.78319004575,TRUE,NA
"sigma",42.96,-10.4579246368872,0.00236843843708456,0.987134311679439,10.4574106902579,152.828187710812,TRUE,NA
"sigma",42.97,-10.4595979060219,0.00236794679396013,0.987137601414566,10.4590841957058,152.873188355658,TRUE,NA
"sigma",42.98,-10.4612710499168,0.00236745531164395,0.98714088949872,10.4607575757504,152.918191979827,TRUE,NA
"sigma",42.99,-10.4629440686098,0.00236696399008451,0.987144175933186,10.4624308304298,152.963198582857,TRUE,NA
"sigma",43,-10.464616962139,0.00236647282918589,0.987147460718983,10.4641039597823,153.008208164287,TRUE,NA
"sigma",43.01,-10.4662897305423,0.00236598182888592,0.987150743857597,10.4657769638458,153.053220723655,TRUE,NA
"sigma",43.02,-10.4679623738577,0.00236549098915972,0.987154025350033,10.4674498426586,153.0982362605,TRUE,NA
"sigma",43.03,-10.469634892123,0.00236500030998243,0.987157305197625,10.4691225962587,153.14325477436,TRUE,NA
"sigma",43.04,-10.4713072853763,0.00236450979126879,0.987160583401558,10.4707952246841,153.188276264774,TRUE,NA
"sigma",43.05,-10.4729795536553,0.0023640194329424,0.98716385996309,10.472467727973,153.233300731283,TRUE,NA
"sigma",43.06,-10.4746516969981,0.00236352923496241,0.987167134883378,10.4741401061633,153.278328173424,TRUE,NA
"sigma",43.07,-10.4763237154423,0.00236303919728087,0.987170408163697,10.475812359293,153.32335859074,TRUE,NA
"sigma",43.08,-10.477995609026,0.00236254931981605,0.987173679805161,10.4774844874001,153.368391982767,TRUE,NA
"sigma",43.09,-10.4796673777867,0.00236205960251823,0.987176949809039,10.4791564905226,153.413428349048,TRUE,NA
"sigma",43.1,-10.4813390217625,0.00236157004540338,0.987180218176581,10.4808283686984,153.45846768912,TRUE,NA
"sigma",43.11,-10.4830105409909,0.00236108064830809,0.987183484908939,10.4825001219655,153.503510002527,TRUE,NA
"sigma",43.12,-10.4846819355099,0.00236059141124478,0.987186750007379,10.4841717503617,153.548555288807,TRUE,NA
"sigma",43.13,-10.486353205357,0.00236010233410511,0.987190013473044,10.4858432539249,153.593603547501,TRUE,NA
"sigma",43.14,-10.4880243505701,0.00235961341686064,0.98719327530711,10.4875146326929,153.638654778151,TRUE,NA
"sigma",43.15,-10.4896953711868,0.00235912465951849,0.987196535510897,10.4891858867037,153.683708980297,TRUE,NA
"sigma",43.16,-10.4913662672447,0.00235863606189035,0.987199794085547,10.4908570159949,153.728766153479,TRUE,NA
"sigma",43.17,-10.4930370387816,0.00235814762399933,0.987203051032196,10.4925280206045,153.773826297242,TRUE,NA
"sigma",43.18,-10.494707685835,0.00235765934582943,0.9872063063522,10.4941989005702,153.818889411125,TRUE,NA
"sigma",43.19,-10.4963782084426,0.00235717122723855,0.987209560046598,10.4958696559298,153.863955494668,TRUE,NA
"sigma",43.2,-10.498048606642,0.00235668326822136,0.98721281211668,10.497540286721,153.909024547418,TRUE,NA
"sigma",43.21,-10.4997188804707,0.00235619546871568,0.987216062563684,10.4992107929814,153.954096568912,TRUE,NA
"sigma",43.22,-10.5013890299663,0.00235570782861672,0.987219311388674,10.5008811747489,153.999171558696,TRUE,NA
"sigma",43.23,-10.5030590551663,0.00235522034793334,0.987222558592923,10.502551432061,154.04424951631,TRUE,NA
"sigma",43.24,-10.5047289561082,0.00235473302660516,0.987225804177632,10.5042215649556,154.089330441298,TRUE,NA
"sigma",43.25,-10.5063987328295,0.00235424586455402,0.987229048143993,10.5058915734701,154.134414333202,TRUE,NA
"sigma",43.26,-10.5080683853677,0.00235375886173728,0.987232290493199,10.5075614576422,154.179501191565,TRUE,NA
"sigma",43.27,-10.5097379137603,0.00235327201806257,0.98723553122637,10.5092312175095,154.224591015931,TRUE,NA
"sigma",43.28,-10.5114073180446,0.00235278533350325,0.987238770344795,10.5109008531096,154.269683805843,TRUE,NA
"sigma",43.29,-10.5130765982582,0.00235229880802379,0.987242007849625,10.5125703644801,154.314779560844,TRUE,NA
"sigma",43.3,-10.5147457544383,0.00235181244152649,0.98724524374203,10.5142397516584,154.359878280478,TRUE,NA
"sigma",43.31,-10.5164147866223,0.00235132623394207,0.98724847802313,10.5159090146821,154.404979964288,TRUE,NA
"sigma",43.32,-10.5180836948477,0.00235084018527587,0.987251710694246,10.5175781535887,154.450084611821,TRUE,NA
"sigma",43.33,-10.5197524791516,0.00235035429543018,0.987254941756511,10.5192471684156,154.495192222617,TRUE,NA
"sigma",43.34,-10.5214211395716,0.00234986856435349,0.987258171211052,10.5209160592004,154.540302796223,TRUE,NA
"sigma",43.35,-10.5230896761447,0.00234938299203336,0.987261399059155,10.5225848259805,154.585416332184,TRUE,NA
"sigma",43.36,-10.5247580889084,0.00234889757831169,0.987264625301848,10.5242534687933,154.630532830044,TRUE,NA
"sigma",43.37,-10.5264263778999,0.002348412323256,0.987267849940528,10.5259219876761,154.675652289346,TRUE,NA
"sigma",43.38,-10.5280945431564,0.00234792722675792,0.987271072976191,10.5275903826664,154.720774709639,TRUE,NA
"sigma",43.39,-10.5297625847151,0.00234744228869488,0.987274294410028,10.5292586538015,154.765900090465,TRUE,NA
"sigma",43.4,-10.5314305026131,0.00234695750910241,0.987277514243299,10.5309268011188,154.811028431371,TRUE,NA
"sigma",43.41,-10.5330982968878,0.00234647288789702,0.987280732477149,10.5325948246556,154.856159731902,TRUE,NA
"sigma",43.42,-10.5347659675763,0.00234598842501121,0.98728394911271,10.5342627244492,154.901293991604,TRUE,NA
"sigma",43.43,-10.5364335147156,0.00234550412035084,0.987287164151172,10.5359305005368,154.946431210023,TRUE,NA
"sigma",43.44,-10.5381009383429,0.00234501997397629,0.987290377593747,10.5375981529558,154.991571386704,TRUE,NA
"sigma",43.45,-10.5397682384954,0.00234453598568862,0.987293589441524,10.5392656817432,155.036714521195,TRUE,NA
"sigma",43.46,-10.54143541521,0.00234405215553402,0.987296799695746,10.5409330869366,155.081860613043,TRUE,NA
"sigma",43.47,-10.5431024685238,0.00234356848343964,0.987300008357552,10.5426003685728,155.127009661793,TRUE,NA
"sigma",43.48,-10.5447693984739,0.00234308496930957,0.98730321542815,10.5442675266893,155.172161666992,TRUE,NA
"sigma",43.49,-10.5464362050973,0.00234260161309585,0.987306420908604,10.5459345613231,155.217316628188,TRUE,NA
"sigma",43.5,-10.548102888431,0.00234211841483933,0.9873096248002,10.5476014725113,155.262474544927,TRUE,NA
"sigma",43.51,-10.549769448512,0.00234163537431975,0.98731282710399,10.5492682602912,155.307635416757,TRUE,NA
"sigma",43.52,-10.5514358853772,0.00234115249158329,0.987316027821232,10.5509349246997,155.352799243227,TRUE,NA
"sigma",43.53,-10.5531021990637,0.00234066976652514,0.987319226953028,10.5526014657741,155.397966023882,TRUE,NA
"sigma",43.54,-10.5547683896081,0.00234018719917017,0.987322424500542,10.5542678835513,155.443135758271,TRUE,NA
"sigma",43.55,-10.5564344570476,0.00233970478940826,0.98732562046498,10.5559341780684,155.488308445943,TRUE,NA
"sigma",43.56,-10.558100401419,0.00233922253715946,0.987328814847471,10.5576003493623,155.533484086445,TRUE,NA
"sigma",43.57,-10.5597662227592,0.00233874044241311,0.987332007649105,10.5592663974703,155.578662679325,TRUE,NA
"sigma",43.58,-10.5614319211049,0.00233825850505731,0.987335198871082,10.5609323224291,155.623844224133,TRUE,NA
"sigma",43.59,-10.563097496493,0.00233777672515245,0.987338388514689,10.5625981242758,155.669028720417,TRUE,NA
"sigma",43.6,-10.5647629489604,0.00233729510246761,0.987341576580796,10.5642638030473,155.714216167727,TRUE,NA
"sigma",43.61,-10.5664282785438,0.00233681363710581,0.987344763070859,10.5659293587806,155.75940656561,TRUE,NA
"sigma",43.62,-10.56809348528,0.00233633232892494,0.987347947985847,10.5675947915125,155.804599913617,TRUE,NA
"sigma",43.63,-10.5697585692057,0.0023358511779179,0.987351131327006,10.5692601012799,155.849796211297,TRUE,NA
"sigma",43.64,-10.5714235303576,0.00233537018394969,0.987354313095326,10.5709252881198,155.894995458199,TRUE,NA
"sigma",43.65,-10.5730883687726,0.0023348893470061,0.987357493292112,10.572590352069,155.940197653874,TRUE,NA
"sigma",43.66,-10.5747530844871,0.00233440866710133,0.987360671918455,10.5742552931642,155.98540279787,TRUE,NA
"sigma",43.67,-10.5764176775381,0.00233392814410394,0.987363848975491,10.5759201114424,156.03061088974,TRUE,NA
"sigma",43.68,-10.578082147962,0.00233344777793931,0.987367024464409,10.5775848069402,156.075821929031,TRUE,NA
"sigma",43.69,-10.5797464957955,0.00233296756860923,0.987370198386307,10.5792493796945,156.121035915297,TRUE,NA
"sigma",43.7,-10.5814107210752,0.0023324875159858,0.987373370742267,10.580913829742,156.166252848086,TRUE,NA
"sigma",43.71,-10.5830748238378,0.00233200762009567,0.987376541533579,10.5825781571195,156.211472726949,TRUE,NA
"sigma",43.72,-10.5847388041198,0.00233152788085711,0.98737971076132,10.5842423618637,156.256695551438,TRUE,NA
"sigma",43.73,-10.5864026619577,0.00233104829823105,0.987382878426616,10.5859064440111,156.301921321104,TRUE,NA
"sigma",43.74,-10.5880663973881,0.00233056887205763,0.98738604453054,10.5875704035987,156.347150035499,TRUE,NA
"sigma",43.75,-10.5897300104475,0.00233008960242387,0.987389209074358,10.5892342406629,156.392381694172,TRUE,NA
"sigma",43.76,-10.5913935011724,0.00232961048916636,0.987392372059162,10.5908979552405,156.437616296677,TRUE,NA
"sigma",43.77,-10.5930568695993,0.00232913153227088,0.987395533485995,10.592561547368,156.482853842565,TRUE,NA
"sigma",43.78,-10.5947201157647,0.0023286527316948,0.987398693356078,10.5942250170821,156.528094331388,TRUE,NA
"sigma",43.79,-10.5963832397049,0.00232817408735997,0.987401851670547,10.5958883644193,156.573337762699,TRUE,NA
"sigma",43.8,-10.5980462414565,0.00232769559924151,0.987405008430528,10.5975515894162,156.61858413605,TRUE,NA
"sigma",43.81,-10.5997091210557,0.00232721726723994,0.987408163637113,10.5992146921093,156.663833450992,TRUE,NA
"sigma",43.82,-10.6013718785391,0.00232673909125047,0.987411317291361,10.6008776725352,156.70908570708,TRUE,NA
"sigma",43.83,-10.6030345139429,0.00232626107138856,0.987414469394635,10.6025405307303,156.754340903865,TRUE,NA
"sigma",43.84,-10.6046970273036,0.00232578320744281,0.987417619947854,10.6042032667311,156.799599040902,TRUE,NA
"sigma",43.85,-10.6063594186574,0.00232530549940968,0.987420768952253,10.6058658805742,156.844860117743,TRUE,NA
"sigma",43.86,-10.6080216880406,0.00232482794725897,0.987423916408814,10.6075283722959,156.89012413394,TRUE,NA
"sigma",43.87,-10.6096838354896,0.00232435055088409,0.98742706231887,10.6091907419327,156.935391089049,TRUE,NA
"sigma",43.88,-10.6113458610406,0.00232387331024952,0.987430206683397,10.6108529895209,156.980660982623,TRUE,NA
"sigma",43.89,-10.6130077647298,0.00232339622532862,0.987433349503569,10.612515115097,157.025933814216,TRUE,NA
"sigma",43.9,-10.6146695465935,0.00232291929601836,0.98743649078047,10.6141771186974,157.07120958338,TRUE,NA
"sigma",43.91,-10.616331206668,0.00232244252232938,0.987439630515263,10.6158390003583,157.116488289672,TRUE,NA
"sigma",43.92,-10.6179927449893,0.0023219659040592,0.987442768708943,10.6175007601161,157.161769932646,TRUE,NA
"sigma",43.93,-10.6196541615937,0.00232148944135169,0.987445905362824,10.6191623980072,157.207054511855,TRUE,NA
"sigma",43.94,-10.6213154565174,0.00232101313392974,0.987449040477849,10.6208239140678,157.252342026855,TRUE,NA
"sigma",43.95,-10.6229766297964,0.00232053698199053,0.987452174055321,10.6224853083342,157.297632477202,TRUE,NA
"sigma",43.96,-10.624637681467,0.00232006098529425,0.987455306096176,10.6241465808426,157.342925862447,TRUE,NA
"sigma",43.97,-10.626298611565,0.00231958514385866,0.987458436601638,10.6258077316294,157.388222182149,TRUE,NA
"sigma",43.98,-10.6279594201268,0.00231910945757541,0.987461565572755,10.6274687607306,157.433521435863,TRUE,NA
"sigma",43.99,-10.6296201071884,0.0023186339264889,0.987464693010699,10.6291296681825,157.478823623143,TRUE,NA
"sigma",44,-10.6312806727857,0.00231815855039308,0.987467818916434,10.6307904540214,157.524128743546,TRUE,NA
"sigma",44.01,-10.6329411169548,0.00231768332929683,0.987470943291201,10.6324511182832,157.569436796628,TRUE,NA
"sigma",44.02,-10.6346014397317,0.00231720826319481,0.987474066136116,10.6341116610042,157.614747781944,TRUE,NA
"sigma",44.03,-10.6362616411525,0.00231673335199645,0.987477187452224,10.6357720822205,157.660061699052,TRUE,NA
"sigma",44.04,-10.637921721253,0.00231625859564133,0.987480307240667,10.6374323819683,157.705378547506,TRUE,NA
"sigma",44.05,-10.6395816800693,0.00231578399410104,0.987483425502541,10.6390925602835,157.750698326865,TRUE,NA
"sigma",44.06,-10.6412415176372,0.00231530954729031,0.987486542238996,10.6407526172023,157.796021036684,TRUE,NA
"sigma",44.07,-10.6429012339926,0.00231483525510257,0.987489657450962,10.6424125527607,157.841346676522,TRUE,NA
"sigma",44.08,-10.6445608291716,0.00231436111758931,0.987492771139751,10.6440723669947,157.886675245934,TRUE,NA
"sigma",44.09,-10.6462203032099,0.00231388713465108,0.987495883306434,10.6457320599404,157.932006744478,TRUE,NA
"sigma",44.1,-10.6478796561434,0.0023134133062257,0.987498993951986,10.6473916316337,157.977341171712,TRUE,NA
"sigma",44.11,-10.6495388880079,0.0023129396322048,0.987502103077554,10.6490510821106,158.022678527193,TRUE,NA
"sigma",44.12,-10.6511979988393,0.00231246611261149,0.987505210684297,10.6507104114071,158.068018810479,TRUE,NA
"sigma",44.13,-10.6528569886734,0.00231199274734628,0.987508316773187,10.652369619559,158.113362021127,TRUE,NA
"sigma",44.14,-10.6545158575458,0.00231151953634878,0.98751142134547,10.6540287066023,158.158708158696,TRUE,NA
"sigma",44.15,-10.6561746054926,0.00231104647963676,0.987514524402156,10.655687672573,158.204057222746,TRUE,NA
"sigma",44.16,-10.6578332325492,0.00231057357711073,0.987517625944379,10.6573465175069,158.249409212831,TRUE,NA
"sigma",44.17,-10.6594917387516,0.0023101008286357,0.987520725973135,10.6590052414398,158.294764128514,TRUE,NA
"sigma",44.18,-10.6611501241353,0.00230962823431113,0.987523824489694,10.6606638444076,158.340121969351,TRUE,NA
"sigma",44.19,-10.6628083887362,0.00230915579385282,0.987526921494866,10.6623223264461,158.385482734903,TRUE,NA
"sigma",44.2,-10.6644665325898,0.00230868350750413,0.987530016990039,10.663980687591,158.430846424727,TRUE,NA
"sigma",44.21,-10.6661245557318,0.00230821137496839,0.987533110976227,10.6656389278783,158.476213038385,TRUE,NA
"sigma",44.22,-10.6677824581979,0.00230773939630602,0.987536203454407,10.6672970473437,158.521582575434,TRUE,NA
"sigma",44.23,-10.6694402400236,0.00230726757141397,0.987539294425677,10.6689550460229,158.566955035434,TRUE,NA
"sigma",44.24,-10.6710979012445,0.00230679590023897,0.987542383891213,10.6706129239516,158.612330417945,TRUE,NA
"sigma",44.25,-10.6727554418963,0.00230632438269751,0.987545471851973,10.6722706811655,158.657708722528,TRUE,NA
"sigma",44.26,-10.6744128620146,0.00230585301883757,0.987548558309186,10.6739283177005,158.703089948742,TRUE,NA
"sigma",44.27,-10.6760701616347,0.00230538180848505,0.987551643263839,10.675585833592,158.748474096148,TRUE,NA
"sigma",44.28,-10.6777273407924,0.00230491075164352,0.98755472671703,10.6772432288758,158.793861164305,TRUE,NA
"sigma",44.29,-10.679384399523,0.00230443984825968,0.987557808669873,10.6789005035875,158.839251152776,TRUE,NA
"sigma",44.3,-10.6810413378621,0.00230396909831931,0.987560889123421,10.6805576577627,158.884644061119,TRUE,NA
"sigma",44.31,-10.6826981558451,0.00230349850166078,0.987563968078733,10.6822146914371,158.930039888897,TRUE,NA
"sigma",44.32,-10.6843548535075,0.00230302805830895,0.987567045536884,10.6838716046461,158.97543863567,TRUE,NA
"sigma",44.33,-10.6860114308848,0.00230255776816257,0.98757012149907,10.6855283974255,159.020840301,TRUE,NA
"sigma",44.34,-10.6876678880123,0.00230208763119855,0.987573195966237,10.6871850698106,159.066244884449,TRUE,NA
"sigma",44.35,-10.6893242249254,0.00230161764731918,0.98757626893943,10.6888416218371,159.111652385577,TRUE,NA
"sigma",44.36,-10.6909804416595,0.00230114781649426,0.987579340419744,10.6904980535404,159.157062803945,TRUE,NA
"sigma",44.37,-10.69263653825,0.0023006781387469,0.98758241040842,10.6921543649562,159.202476139118,TRUE,NA
"sigma",44.38,-10.6942925147322,0.00230020861383728,0.987585478906253,10.6938105561196,159.247892390656,TRUE,NA
"sigma",44.39,-10.6959483711414,0.00229973924193771,0.987588545914601,10.6954666270664,159.293311558122,TRUE,NA
"sigma",44.4,-10.6976041075129,0.00229927002273023,0.987591611434257,10.6971225778318,159.338733641078,TRUE,NA
"sigma",44.41,-10.6992597238822,0.00229880095639068,0.987594675466464,10.6987784084513,159.384158639087,TRUE,NA
"sigma",44.42,-10.7009152202842,0.00229833204273433,0.987597738012256,10.7004341189604,159.429586551711,TRUE,NA
"sigma",44.43,-10.7025705967546,0.00229786328177362,0.987600799072648,10.7020897093944,159.475017378515,TRUE,NA
"sigma",44.44,-10.7042258533282,0.00229739467340906,0.987603858648788,10.7037451797885,159.520451119059,TRUE,NA
"sigma",44.45,-10.7058809900404,0.00229692621763,0.987606916741711,10.7054005301784,159.565887772908,TRUE,NA
"sigma",44.46,-10.7075360069264,0.00229645791432276,0.987609973352406,10.707055760599,159.611327339625,TRUE,NA
"sigma",44.47,-10.7091909040214,0.00229598976346068,0.987613028482004,10.708710871086,159.656769818775,TRUE,NA
"sigma",44.48,-10.7108456813605,0.00229552176494963,0.987616082131564,10.7103658616744,159.702215209919,TRUE,NA
"sigma",44.49,-10.7125003389789,0.00229505391880025,0.987619134302094,10.7120207323996,159.747663512623,TRUE,NA
"sigma",44.5,-10.7141548769117,0.00229458622496814,0.987622184994766,10.7136754832968,159.793114726451,TRUE,NA
"sigma",44.51,-10.715809295194,0.00229411868331653,0.987625234210487,10.7153301144013,159.838568850967,TRUE,NA
"sigma",44.52,-10.7174635938609,0.00229365129381165,0.987628281950433,10.7169846257483,159.884025885734,TRUE,NA
"sigma",44.53,-10.7191177729475,0.00229318405644996,0.987631328215638,10.7186390173729,159.929485830318,TRUE,NA
"sigma",44.54,-10.7207718324887,0.00229271697106626,0.987634373007005,10.7202932893104,159.974948684284,TRUE,NA
"sigma",44.55,-10.7224257725197,0.00229225003774935,0.987637416325867,10.7219474415959,160.020414447195,TRUE,NA
"sigma",44.56,-10.7240795930755,0.0022917832563234,0.987640458173073,10.7236014742646,160.065883118618,TRUE,NA
"sigma",44.57,-10.725733294191,0.00229131662683812,0.987643498549714,10.7252553873515,160.111354698118,TRUE,NA
"sigma",44.58,-10.7273868759013,0.00229085014916031,0.987646537456878,10.7269091808918,160.156829185259,TRUE,NA
"sigma",44.59,-10.7290403382413,0.00229038382325619,0.987649574895552,10.7285628549206,160.202306579609,TRUE,NA
"sigma",44.6,-10.7306936812459,0.00228991764902098,0.98765261086686,10.7302164094729,160.247786880731,TRUE,NA
"sigma",44.61,-10.7323469049501,0.0022894516265044,0.987655645371811,10.7318698445838,160.293270088191,TRUE,NA
"sigma",44.62,-10.7340000093887,0.00228898575559455,0.987658678411455,10.7335231602884,160.338756201557,TRUE,NA
"sigma",44.63,-10.7356529945968,0.00228852003625768,0.987661709986843,10.7351763566216,160.384245220395,TRUE,NA
"sigma",44.64,-10.7373058606091,0.00228805446840497,0.987664740099081,10.7368294336184,160.42973714427,TRUE,NA
"sigma",44.65,-10.7389586074605,0.00228758905202753,0.987667768749108,10.7384823913139,160.47523197275,TRUE,NA
"sigma",44.66,-10.7406112351858,0.00228712378688734,0.987670795937837,10.7401352297429,160.520729705399,TRUE,NA
"sigma",44.67,-10.7422637438198,0.00228665867319933,0.987673821666673,10.7417879489404,160.566230341786,TRUE,NA
"sigma",44.68,-10.7439161333975,0.00228619371076988,0.987676845936428,10.7434405489414,160.611733881478,TRUE,NA
"sigma",44.69,-10.7455684039534,0.00228572889950662,0.987679868748115,10.7450930297808,160.657240324041,TRUE,NA
"sigma",44.7,-10.7472205555225,0.00228526423942377,0.987682890102854,10.7467453914933,160.702749669045,TRUE,NA
"sigma",44.71,-10.7488725881393,0.00228479973047691,0.987685910001701,10.748397634114,160.748261916054,TRUE,NA
"sigma",44.72,-10.7505245018388,0.00228433537250794,0.987688928445568,10.7500497576777,160.793777064637,TRUE,NA
"sigma",44.73,-10.7521762966556,0.00228387116556839,0.98769194543558,10.7517017622192,160.839295114362,TRUE,NA
"sigma",44.74,-10.7538279726244,0.00228340710962982,0.987694960972889,10.7533536477733,160.884816064798,TRUE,NA
"sigma",44.75,-10.7554795297797,0.0022829432045004,0.987697975058325,10.7550054143748,160.930339915511,TRUE,NA
"sigma",44.76,-10.7571309681565,0.00228247945023874,0.987700987693061,10.7566570620586,160.975866666072,TRUE,NA
"sigma",44.77,-10.7587822877891,0.00228201584677024,0.987703998878,10.7583085908593,161.021396316046,TRUE,NA
"sigma",44.78,-10.7604334887124,0.00228155239398653,0.987707008614336,10.7599600008117,161.066928865004,TRUE,NA
"sigma",44.79,-10.7620845709609,0.00228108909183433,0.987710016902874,10.7616112919506,161.112464312514,TRUE,NA
"sigma",44.8,-10.7637355345691,0.0022806259403314,0.98771302374489,10.7632624643106,161.158002658145,TRUE,NA
"sigma",44.81,-10.7653863795717,0.00228016293933564,0.987716029141253,10.7649135179265,161.203543901467,TRUE,NA
"sigma",44.82,-10.7670371060031,0.00227970008883815,0.987719033093029,10.7665644528329,161.249088042049,TRUE,NA
"sigma",44.83,-10.768687713898,0.00227923738878744,0.98772203560125,10.7682152690644,161.294635079459,TRUE,NA
"sigma",44.84,-10.7703382032909,0.00227877483919947,0.987725036667064,10.7698659666559,161.340185013267,TRUE,NA
"sigma",44.85,-10.7719885742162,0.00227831243985754,0.987728036291274,10.7715165456417,161.385737843044,TRUE,NA
"sigma",44.86,-10.7736388267084,0.00227785019079008,0.987731034475029,10.7731670060566,161.431293568359,TRUE,NA
"sigma",44.87,-10.775288960802,0.00227738809186562,0.987734031219176,10.7748173479351,161.476852188782,TRUE,NA
"sigma",44.88,-10.7769389765315,0.00227692614324226,0.987737026525086,10.7764675713118,161.522413703883,TRUE,NA
"sigma",44.89,-10.7785888739313,0.00227646434468909,0.987740020393605,10.7781176762213,161.567978113235,TRUE,NA
"sigma",44.9,-10.7802386530356,0.00227600269613326,0.987743012825563,10.779767662698,161.613545416404,TRUE,NA
"sigma",44.91,-10.7818883138791,0.00227554119762097,0.987746003822276,10.7814175307766,161.659115612964,TRUE,NA
"sigma",44.92,-10.7835378564961,0.00227507984900654,0.987748993384506,10.7830672804914,161.704688702484,TRUE,NA
"sigma",44.93,-10.7851872809209,0.00227461865025447,0.987751981513473,10.7847169118771,161.750264684537,TRUE,NA
"sigma",44.94,-10.7868365871877,0.00227415760132743,0.98775496821007,10.7863664249679,161.795843558692,TRUE,NA
"sigma",44.95,-10.7884857753311,0.00227369670223787,0.987757953475395,10.7880158197985,161.841425324522,TRUE,NA
"sigma",44.96,-10.7901348453853,0.00227323595286677,0.98776093731045,10.7896650964031,161.887009981597,TRUE,NA
"sigma",44.97,-10.7917837973845,0.00227277535316617,0.98776391971623,10.7913142548163,161.932597529491,TRUE,NA
"sigma",44.98,-10.7934326313631,0.0022723149029602,0.987766900693634,10.7929632950724,161.978187967773,TRUE,NA
"sigma",44.99,-10.7950813473553,0.00227185460241586,0.987769880243863,10.7946122172058,162.023781296018,TRUE,NA
"sigma",45,-10.7967299453953,0.00227139445133062,0.987772858367819,10.7962610212509,162.069377513795,TRUE,NA
"sigma",45.01,-10.7983784255173,0.00227093444965654,0.987775835066535,10.7979097072419,162.114976620678,TRUE,NA
"sigma",45.02,-10.8000267877556,0.00227047459738294,0.987778810341002,10.7995582752132,162.160578616239,TRUE,NA
"sigma",45.03,-10.8016750321444,0.00227001489452583,0.98778178419232,10.8012067251992,162.206183500051,TRUE,NA
"sigma",45.04,-10.8033231587177,0.0022695553408365,0.987784756621323,10.802855057234,162.251791271686,TRUE,NA
"sigma",45.05,-10.8049711675099,0.00226909593640912,0.987787727629159,10.804503271352,162.297401930719,TRUE,NA
"sigma",45.06,-10.8066190585549,0.00226863668109978,0.987790697216769,10.8061513675874,162.343015476721,TRUE,NA
"sigma",45.07,-10.8082668318869,0.00226817757497422,0.987793665385197,10.8077993459745,162.388631909266,TRUE,NA
"sigma",45.08,-10.80991448754,0.00226771861784059,0.987796632135457,10.8094472065474,162.434251227927,TRUE,NA
"sigma",45.09,-10.8115620255483,0.00226725980970599,0.987799597468387,10.8110949493404,162.479873432277,TRUE,NA
"sigma",45.1,-10.8132094459458,0.00226680115051181,0.987802561385196,10.8127425743877,162.525498521891,TRUE,NA
"sigma",45.11,-10.8148567487666,0.00226634264025272,0.987805523886795,10.8143900817234,162.571126496343,TRUE,NA
"sigma",45.12,-10.8165039340447,0.00226588427870134,0.987808484974114,10.8160374713816,162.616757355206,TRUE,NA
"sigma",45.13,-10.8181510018142,0.00226542606602997,0.987811444648367,10.8176847433965,162.662391098054,TRUE,NA
"sigma",45.14,-10.819797952109,0.00226496800206988,0.987814402910365,10.8193318978023,162.708027724463,TRUE,NA
"sigma",45.15,-10.8214447849631,0.00226451008673756,0.987817359761103,10.8209789346329,162.753667234005,TRUE,NA
"sigma",45.16,-10.8230915004104,0.0022640523200419,0.987820315201687,10.8226258539226,162.799309626257,TRUE,NA
"sigma",45.17,-10.824738098485,0.0022635947019225,0.987823269233052,10.8242726557052,162.844954900792,TRUE,NA
"sigma",45.18,-10.8263845792207,0.00226313723222837,0.98782622185609,10.8259193400149,162.890603057187,TRUE,NA
"sigma",45.19,-10.8280309426514,0.00226267991105367,0.987829173072025,10.8275659068858,162.936254095016,TRUE,NA
"sigma",45.2,-10.829677188811,0.00226222273824206,0.987832122881685,10.8292123563517,162.981908013853,TRUE,NA
"sigma",45.21,-10.8313233177335,0.00226176571377223,0.987835071286057,10.8308586884468,163.027564813277,TRUE,NA
"sigma",45.22,-10.8329693294525,0.00226130883755182,0.987838018286163,10.8325049032049,163.073224492859,TRUE,NA
"sigma",45.23,-10.8346152240021,0.0022608521095222,0.987840963882959,10.8341510006601,163.118887052178,TRUE,NA
"sigma",45.24,-10.836261001416,0.00226039552978818,0.987843908077568,10.8357969808463,163.164552490809,TRUE,NA
"sigma",45.25,-10.837906661728,0.00225993909799271,0.987846850870731,10.8374428437973,163.210220808328,TRUE,NA
"sigma",45.26,-10.8395522049719,0.00225948281435251,0.987849792263686,10.8390885895472,163.255892004312,TRUE,NA
"sigma",45.27,-10.8411976311815,0.00225902667873967,0.987852732257322,10.8407342181297,163.301566078336,TRUE,NA
"sigma",45.28,-10.8428429403905,0.00225857069097479,0.987855670852544,10.8423797295788,163.347243029977,TRUE,NA
"sigma",45.29,-10.8444881326327,0.00225811485123018,0.987858608050491,10.8440251239283,163.392922858812,TRUE,NA
"sigma",45.3,-10.8461332079418,0.00225765915925535,0.987861543852008,10.8456704012121,163.438605564419,TRUE,NA
"sigma",45.31,-10.8477781663515,0.00225720361507875,0.987864478258168,10.8473155614639,163.484291146373,TRUE,NA
"sigma",45.32,-10.8494230078955,0.00225674821855648,0.987867411269826,10.8489606047176,163.529979604251,TRUE,NA
"sigma",45.33,-10.8510677326074,0.00225629296974539,0.987870342888105,10.850605531007,163.575670937634,TRUE,NA
"sigma",45.34,-10.8527123405209,0.00225583786857619,0.987873273113909,10.8522503403657,163.621365146094,TRUE,NA
"sigma",45.35,-10.8543568316696,0.00225538291492633,0.987876201948242,10.8538950328276,163.667062229213,TRUE,NA
"sigma",45.36,-10.8560012060872,0.00225492810881889,0.987879129392063,10.8555396084265,163.712762186567,TRUE,NA
"sigma",45.37,-10.8576454638072,0.0022544734501313,0.987882055446314,10.8571840671959,163.758465017733,TRUE,NA
"sigma",45.38,-10.8592896048633,0.00225401893884936,0.987884980112074,10.8588284091697,163.804170722291,TRUE,NA
"sigma",45.39,-10.8609336292889,0.00225356457495351,0.987887903390273,10.8604726343815,163.849879299819,TRUE,NA
"sigma",45.4,-10.8625775371177,0.00225311035829989,0.987890825281858,10.8621167428649,163.895590749894,TRUE,NA
"sigma",45.41,-10.8642213283832,0.00225265628885829,0.987893745787787,10.8637607346536,163.941305072096,TRUE,NA
"sigma",45.42,-10.8658650031188,0.00225220236661094,0.987896664909057,10.8654046097813,163.987022266003,TRUE,NA
"sigma",45.43,-10.8675085613582,0.0022517485914868,0.987899582646655,10.8670483682816,164.032742331195,TRUE,NA
"sigma",45.44,-10.8691520031348,0.0022512949634077,0.987902499001468,10.868692010188,164.078465267248,TRUE,NA
"sigma",45.45,-10.870795328482,0.00225084148232568,0.987905413974532,10.8703355355341,164.124191073745,TRUE,NA
"sigma",45.46,-10.8724385374333,0.00225038814826917,0.987908327566926,10.8719789443536,164.169919750263,TRUE,NA
"sigma",45.47,-10.8740816300221,0.00224993496106585,0.987911239779429,10.8736222366798,164.215651296383,TRUE,NA
"sigma",45.48,-10.8757246062818,0.00224948192074947,0.987914150613149,10.8752654125465,164.261385711684,TRUE,NA
"sigma",45.49,-10.8773674662458,0.0022490290271584,0.987917060068913,10.876908471987,164.307122995743,TRUE,NA
"sigma",45.5,-10.8790102099476,0.00224857628032638,0.987919968147712,10.8785514150348,164.352863148145,TRUE,NA
"sigma",45.51,-10.8806528374205,0.00224812368021254,0.987922874850693,10.8801942417236,164.398606168467,TRUE,NA
"sigma",45.52,-10.8822953486978,0.00224767122665526,0.987925780178597,10.8818369520867,164.44435205629,TRUE,NA
"sigma",45.53,-10.8839377438128,0.00224721891967228,0.987928684132435,10.8834795461575,164.490100811194,TRUE,NA
"sigma",45.54,-10.8855800227989,0.0022467667592192,0.987931586713251,10.8851220239695,164.53585243276,TRUE,NA
"sigma",45.55,-10.8872221856894,0.00224631474524628,0.987934487921961,10.8867643855561,164.581606920568,TRUE,NA
"sigma",45.56,-10.8888642325176,0.00224586287769668,0.987937387759568,10.8884066309507,164.627364274201,TRUE,NA
"sigma",45.57,-10.8905061633166,0.0022454111564798,0.987940286226874,10.8900487601866,164.673124493237,TRUE,NA
"sigma",45.58,-10.8921479781198,0.00224495958153881,0.987943183324987,10.8916907732973,164.71888757726,TRUE,NA
"sigma",45.59,-10.8937896769604,0.00224450815280974,0.987946079054795,10.8933326703161,164.764653525849,TRUE,NA
"sigma",45.6,-10.8954312598716,0.00224405687032281,0.987948973417311,10.8949744512762,164.810422338587,TRUE,NA
"sigma",45.61,-10.8970727268866,0.00224360573390392,0.987951866413415,10.8966161162111,164.856194015056,TRUE,NA
"sigma",45.62,-10.8987140780386,0.00224315474363301,0.987954758044189,10.8982576651539,164.901968554836,TRUE,NA
"sigma",45.63,-10.9003553133607,0.00224270389931114,0.987957648310404,10.899899098138,164.94774595751,TRUE,NA
"sigma",45.64,-10.9019964328861,0.00224225320098093,0.987960537213137,10.9015404151966,164.993526222661,TRUE,NA
"sigma",45.65,-10.9036374366479,0.00224180264854823,0.987963424753259,10.903181616363,165.039309349869,TRUE,NA
"sigma",45.66,-10.9052783246792,0.00224135224202726,0.98796631093189,10.9048227016705,165.085095338719,TRUE,NA
"sigma",45.67,-10.9069190970132,0.00224090198130789,0.987969195749869,10.9064636711521,165.130884188792,TRUE,NA
"sigma",45.68,-10.9085597536829,0.00224045186627109,0.987972079208051,10.9081045248411,165.176675899671,TRUE,NA
"sigma",45.69,-10.9102002947213,0.00224000189697904,0.987974961307511,10.9097452627707,165.222470470938,TRUE,NA
"sigma",45.7,-10.9118407201617,0.00223955207328252,0.987977842049125,10.9113858849741,165.268267902178,TRUE,NA
"sigma",45.71,-10.9134810300368,0.0022391023952224,0.98798072143391,10.9130263914842,165.314068192973,TRUE,NA
"sigma",45.72,-10.9151212243798,0.00223865286265834,0.987983599462736,10.9146667823344,165.359871342906,TRUE,NA
"sigma",45.73,-10.9167613032236,0.00223820347555126,0.987986476136533,10.9163070575577,165.405677351561,TRUE,NA
"sigma",45.74,-10.9184012666013,0.00223775423387806,0.98798935145639,10.9179472171872,165.451486218521,TRUE,NA
"sigma",45.75,-10.9200411145459,0.00223730513754639,0.987992225423103,10.919587261256,165.497297943372,TRUE,NA
"sigma",45.76,-10.9216808470901,0.00223685618656688,0.987995098037713,10.9212271897972,165.543112525695,TRUE,NA
"sigma",45.77,-10.9233204642671,0.00223640738077258,0.987997969300993,10.9228670028436,165.588929965076,TRUE,NA
"sigma",45.78,-10.9249599661096,0.00223595872022564,0.988000839214092,10.9245067004285,165.634750261099,TRUE,NA
"sigma",45.79,-10.9265993526507,0.00223551020478219,0.988003707777811,10.9261462825848,165.680573413347,TRUE,NA
"sigma",45.8,-10.9282386239231,0.00223506183447597,0.988006574993186,10.9277857493455,165.726399421405,TRUE,NA
"sigma",45.81,-10.9298777799598,0.00223461360921462,0.988009440861082,10.9294251007436,165.77222828486,TRUE,NA
"sigma",45.82,-10.9315168207936,0.00223416552892886,0.988012305382497,10.9310643368121,165.818060003295,TRUE,NA
"sigma",45.83,-10.9331557464573,0.00223371759353874,0.988015168558234,10.9327034575838,165.863894576293,TRUE,NA
"sigma",45.84,-10.9347945569838,0.00223326980303185,0.988018030389407,10.9343424630917,165.909732003442,TRUE,NA
"sigma",45.85,-10.9364332524058,0.00223282215733533,0.98802089087686,10.9359813533687,165.955572284328,TRUE,NA
"sigma",45.86,-10.9380718327562,0.00223237465643145,0.988023750021477,10.9376201284477,166.001415418535,TRUE,NA
"sigma",45.87,-10.9397102980676,0.00223192730017452,0.988026607824226,10.9392587883617,166.047261405647,TRUE,NA
"sigma",45.88,-10.9413486483729,0.00223148008860186,0.988029464286129,10.9408973331433,166.093110245252,TRUE,NA
"sigma",45.89,-10.9429868837048,0.00223103302162819,0.988032319407989,10.9425357628256,166.138961936935,TRUE,NA
"sigma",45.9,-10.944625004096,0.0022305860991878,0.988035173190762,10.9441740774412,166.184816480283,TRUE,NA
"sigma",45.91,-10.9462630095791,0.00223013932124161,0.988038025635468,10.9458122770231,166.230673874881,TRUE,NA
"sigma",45.92,-10.947900900187,0.00222969268771678,0.988040876742969,10.947450361604,166.276534120315,TRUE,NA
"sigma",45.93,-10.9495386759522,0.00222924619862752,0.988043726514202,10.9490883312168,166.322397216174,TRUE,NA
"sigma",45.94,-10.9511763369075,0.00222879985374114,0.988046574949959,10.950726185894,166.368263162043,TRUE,NA
"sigma",45.95,-10.9528138830854,0.00222835365329743,0.988049422051479,10.9523639256686,166.414131957507,TRUE,NA
"sigma",45.96,-10.9544513145185,0.00222790759697844,0.988052267819381,10.9540015505732,166.460003602156,TRUE,NA
"sigma",45.97,-10.9560886312395,0.00222746168484811,0.988055112254752,10.9556390606406,166.505878095576,TRUE,NA
"sigma",45.98,-10.957725833281,0.00222701591671459,0.988057955358399,10.9572764559034,166.551755437355,TRUE,NA
"sigma",45.99,-10.9593629206756,0.00222657029270756,0.988060797131383,10.9589137363943,166.597635627079,TRUE,NA
"sigma",46,-10.9609998934556,0.0022261248127613,0.988063637574554,10.9605509021461,166.643518664334,TRUE,NA
"sigma",46.01,-10.9626367516539,0.00222567947666263,0.988066476688815,10.9621879531912,166.689404548712,TRUE,NA
"sigma",46.02,-10.9642734953028,0.00222523428455901,0.988069314475179,10.9638248895625,166.735293279799,TRUE,NA
"sigma",46.03,-10.9659101244348,0.00222478923619285,0.988072150934404,10.9654617112923,166.781184857181,TRUE,NA
"sigma",46.04,-10.9675466390825,0.00222434433170449,0.988074986067574,10.9670984184135,166.827079280449,TRUE,NA
"sigma",46.05,-10.9691830392783,0.00222389957084346,0.988077819875403,10.9687350109585,166.872976549191,TRUE,NA
"sigma",46.06,-10.9708193250547,0.00222345495370746,0.988080652359033,10.9703714889599,166.918876662993,TRUE,NA
"sigma",46.07,-10.9724554964441,0.00222301048015261,0.988083483519245,10.9720078524504,166.964779621446,TRUE,NA
"sigma",46.08,-10.9740915534789,0.00222256615017002,0.988086313356983,10.9736441014623,167.010685424137,TRUE,NA
"sigma",46.09,-10.9757274961916,0.00222212196370997,0.988089141873216,10.9752802360282,167.056594070657,TRUE,NA
"sigma",46.1,-10.9773633246146,0.00222167792066585,0.988091969068754,10.9769162561807,167.102505560593,TRUE,NA
"sigma",46.11,-10.9789990387802,0.00222123402108032,0.988094794944572,10.9785521619522,167.148419893536,TRUE,NA
"sigma",46.12,-10.9806346387208,0.00222079026484856,0.988097619501571,10.9801879533751,167.194337069075,TRUE,NA
"sigma",46.13,-10.9822701244687,0.00222034665189597,0.988100442740692,10.981823630482,167.240257086797,TRUE,NA
"sigma",46.14,-10.9839054960563,0.00221990318212306,0.988103264662749,10.9834591933052,167.286179946295,TRUE,NA
"sigma",46.15,-10.9855407535158,0.00221945985560446,0.988106085268785,10.9850946418773,167.332105647157,TRUE,NA
"sigma",46.16,-10.9871758968797,0.00221901667217672,0.988108904559613,10.9867299762305,167.378034188973,TRUE,NA
"sigma",46.17,-10.9888109261801,0.00221857363183808,0.988111722536135,10.9883651963972,167.423965571334,TRUE,NA
"sigma",46.18,-10.9904458414493,0.0022181307344642,0.988114539199324,10.9900003024099,167.46989979383,TRUE,NA
"sigma",46.19,-10.9920806427196,0.00221768798014566,0.98811735455004,10.991635294301,167.515836856051,TRUE,NA
"sigma",46.2,-10.9937153300232,0.0022172453686089,0.98812016858914,10.9932701721026,167.561776757586,TRUE,NA
"sigma",46.21,-10.9953499033923,0.00221680290004045,0.988122981317692,10.9949049358472,167.607719498029,TRUE,NA
"sigma",46.22,-10.9969843628591,0.00221636057424135,0.988125792736394,10.9965395855671,167.653665076968,TRUE,NA
"sigma",46.23,-10.9986187084559,0.00221591839121515,0.988128602846318,10.9981741212945,167.699613493996,TRUE,NA
"sigma",46.24,-11.0002529402147,0.00221547635088903,0.988131411648263,10.9998085430618,167.745564748703,TRUE,NA
"sigma",46.25,-11.0018870581678,0.00221503445313331,0.988134219143108,11.0014428509011,167.79151884068,TRUE,NA
"sigma",46.26,-11.0035210623473,0.00221459269800661,0.988137025331821,11.0030770448449,167.837475769521,TRUE,NA
"sigma",46.27,-11.0051549527852,0.0022141510854663,0.988139830215389,11.0047111249251,167.883435534813,TRUE,NA
"sigma",46.28,-11.0067887295137,0.00221370961534362,0.988142633794592,11.0063450911741,167.929398136151,TRUE,NA
"sigma",46.29,-11.008422392565,0.00221326828761192,0.988145436070207,11.0079789436241,167.975363573126,TRUE,NA
"sigma",46.3,-11.010055941971,0.00221282710233695,0.988148237043413,11.0096126823073,168.02133184533,TRUE,NA
"sigma",46.31,-11.0116893777638,0.00221238605931262,0.988151036714815,11.0112463072557,168.067302952356,TRUE,NA
"sigma",46.32,-11.0133226999755,0.00221194515863488,0.98815383508563,11.0128798185016,168.113276893794,TRUE,NA
"sigma",46.33,-11.014955908638,0.00221150440008877,0.988156632156437,11.0145132160771,168.15925366924,TRUE,NA
"sigma",46.34,-11.0165890037835,0.00221106378365654,0.988159427928245,11.0161465000142,168.205233278283,TRUE,NA
"sigma",46.35,-11.0182219854438,0.00221062330937727,0.988162222402063,11.0177796703452,168.251215720518,TRUE,NA
"sigma",46.36,-11.019854853651,0.00221018297710884,0.988165015578568,11.019412727102,168.297200995536,TRUE,NA
"sigma",46.37,-11.0214876084372,0.00220974278692765,0.988167807458887,11.0210456703169,168.343189102934,TRUE,NA
"sigma",46.38,-11.023120249834,0.00220930273854947,0.988170598043664,11.0226785000216,168.3891800423,TRUE,NA
"sigma",46.39,-11.0247527778736,0.00220886283217148,0.988173387334051,11.0243112162485,168.435173813231,TRUE,NA
"sigma",46.4,-11.0263851925878,0.00220842306753255,0.988176175330705,11.0259438190293,168.48117041532,TRUE,NA
"sigma",46.41,-11.0280174940086,0.00220798344471795,0.988178962034639,11.0275763083963,168.527169848159,TRUE,NA
"sigma",46.42,-11.0296496821677,0.00220754396361045,0.988181747446734,11.0292086843812,168.573172111341,TRUE,NA
"sigma",46.43,-11.0312817570971,0.00220710462421714,0.988184531567866,11.0308409470162,168.619177204463,TRUE,NA
"sigma",46.44,-11.0329137188287,0.00220666542637638,0.988187314398826,11.0324730963331,168.665185127119,TRUE,NA
"sigma",46.45,-11.0345455673942,0.00220622637009527,0.988190095940614,11.034105132364,168.7111958789,TRUE,NA
"sigma",46.46,-11.0361773028256,0.00220578745540578,0.988192876194153,11.0357370551407,168.757209459403,TRUE,NA
"sigma",46.47,-11.0378089251546,0.00220534868203437,0.988195655160097,11.0373688646951,168.803225868222,TRUE,NA
"sigma",46.48,-11.0394404344129,0.00220491005011247,0.988198432839622,11.0390005610592,168.849245104951,TRUE,NA
"sigma",46.49,-11.0410718306325,0.00220447155962233,0.988201209233433,11.0406321442648,168.895267169186,TRUE,NA
"sigma",46.5,-11.0427031138449,0.00220403321027618,0.98820398434238,11.0422636143437,168.941292060519,TRUE,NA
"sigma",46.51,-11.044334284082,0.00220359500233869,0.988206758167557,11.0438949713279,168.987319778548,TRUE,NA
"sigma",46.52,-11.0459653413756,0.00220315693542794,0.988209530709568,11.0455262152491,169.03335032287,TRUE,NA
"sigma",46.53,-11.0475962857571,0.0022027190097198,0.988212301969454,11.0471573461392,169.079383693074,TRUE,NA
"sigma",46.54,-11.0492271172586,0.0022022812250917,0.988215071948083,11.0487883640299,169.125419888762,TRUE,NA
"sigma",46.55,-11.0508578359115,0.00220184358146724,0.988217840646268,11.050419268953,169.171458909525,TRUE,NA
"sigma",46.56,-11.0524884417475,0.0022014060788127,0.988220608064975,11.0520500609404,169.217500754961,TRUE,NA
"sigma",46.57,-11.0541189347984,0.00220096871703035,0.988223374204912,11.0536807400238,169.263545424668,TRUE,NA
"sigma",46.58,-11.0557493150957,0.00220053149611843,0.988226139067138,11.0553113062348,169.309592918238,TRUE,NA
"sigma",46.59,-11.057379582671,0.00220009441609648,0.988228902652557,11.0569417596053,169.355643235271,TRUE,NA
"sigma",46.6,-11.059009737556,0.00219965747668027,0.988231664961722,11.0585721001668,169.401696375359,TRUE,NA
"sigma",46.61,-11.0606397797823,0.00219922067807232,0.988234425995864,11.0602023279512,169.447752338104,TRUE,NA
"sigma",46.62,-11.0622697093813,0.00219878402015006,0.988237185755775,11.06183244299,169.493811123096,TRUE,NA
"sigma",46.63,-11.0638995263848,0.00219834750268433,0.988239944242147,11.063462445315,169.539872729937,TRUE,NA
"sigma",46.64,-11.0655292308241,0.00219791112581369,0.988242701455966,11.0650923349577,169.585937158223,TRUE,NA
"sigma",46.65,-11.0671588227309,0.00219747488943867,0.988245457398076,11.0667221119499,169.632004407551,TRUE,NA
"sigma",46.66,-11.0687883021366,0.00219703879352551,0.988248212069464,11.068351776323,169.678074477517,TRUE,NA
"sigma",46.67,-11.0704176690728,0.00219660283798007,0.988250965470944,11.0699813281088,169.724147367719,TRUE,NA
"sigma",46.68,-11.0720469235709,0.00219616702269931,0.988253717603166,11.0716107673388,169.770223077755,TRUE,NA
"sigma",46.69,-11.0736760656624,0.00219573134771345,0.988256468467301,11.0732400940445,169.816301607224,TRUE,NA
"sigma",46.7,-11.0753050953787,0.00219529581293365,0.988259218063994,11.0748693082575,169.86238295572,TRUE,NA
"sigma",46.71,-11.0769340127513,0.00219486041829242,0.988261966394206,11.0764984100093,169.908467122846,TRUE,NA
"sigma",46.72,-11.0785628178115,0.00219442516386081,0.98826471345891,11.0781273993315,169.954554108195,TRUE,NA
"sigma",46.73,-11.0801915105908,0.00219399004944343,0.988267459258819,11.0797562762555,170.000643911369,TRUE,NA
"sigma",46.74,-11.0818200911206,0.00219355507500829,0.988270203794775,11.0813850408129,170.046736531965,TRUE,NA
"sigma",46.75,-11.0834485594323,0.00219312024046836,0.988272947067635,11.083013693035,170.092831969581,TRUE,NA
"sigma",46.76,-11.0850769155571,0.0021926855458787,0.988275689078371,11.0846422329535,170.138930223817,TRUE,NA
"sigma",46.77,-11.0867051595264,0.00219225099115228,0.988278429827812,11.0862706605996,170.18503129427,TRUE,NA
"sigma",46.78,-11.0883332913717,0.00219181657616652,0.98828116931677,11.0878989760049,170.231135180542,TRUE,NA
"sigma",46.79,-11.089961311124,0.00219138230091076,0.988283907546065,11.0895271792006,170.277241882228,TRUE,NA
"sigma",46.8,-11.091589218815,0.00219094816536014,0.988286644516676,11.0911552702183,170.323351398932,TRUE,NA
"sigma",46.81,-11.0932170144755,0.00219051416945248,0.988289380229399,11.0927832490893,170.36946373025,TRUE,NA
"sigma",46.82,-11.0948446981372,0.00219008031304568,0.988292114685021,11.094411115845,170.415578875782,TRUE,NA
"sigma",46.83,-11.096472269831,0.00218964659622323,0.988294847884512,11.0960388705167,170.461696835128,TRUE,NA
"sigma",46.84,-11.0980997295883,0.00218921301883057,0.988297579828671,11.0976665131357,170.507817607889,TRUE,NA
"sigma",46.85,-11.0997270774404,0.00218877958091745,0.988300310518377,11.0992940437334,170.553941193664,TRUE,NA
"sigma",46.86,-11.1013543134184,0.00218834628230802,0.988303039954405,11.100921462341,170.600067592052,TRUE,NA
"sigma",46.87,-11.1029814375534,0.00218791312294186,0.988305768137688,11.1025487689898,170.646196802655,TRUE,NA
"sigma",46.88,-11.1046084498767,0.00218748010294156,0.988308495069075,11.1041759637113,170.692328825073,TRUE,NA
"sigma",46.89,-11.1062353504194,0.00218704722210639,0.988311220749382,11.1058030465364,170.738463658906,TRUE,NA
"sigma",46.9,-11.1078621392128,0.00218661448038482,0.988313945179385,11.1074300174966,170.784601303756,TRUE,NA
"sigma",46.91,-11.1094888162878,0.00218618187780528,0.988316668360181,11.109056876623,170.830741759223,TRUE,NA
"sigma",46.92,-11.1111153816756,0.00218574941417238,0.988319390292257,11.1106836239468,170.876885024907,TRUE,NA
"sigma",46.93,-11.1127418354072,0.0021853170895838,0.988322110976759,11.1123102594993,170.923031100409,TRUE,NA
"sigma",46.94,-11.1143681775139,0.00218488490400404,0.988324830414472,11.1139367833116,170.969179985333,TRUE,NA
"sigma",46.95,-11.1159944080266,0.00218445285721636,0.988327548606153,11.1155631954149,171.015331679279,TRUE,NA
"sigma",46.96,-11.1176205269764,0.00218402094923675,0.988330265552674,11.1171894958402,171.061486181847,TRUE,NA
"sigma",46.97,-11.1192465343944,0.00218358918010075,0.98833298125494,11.1188156846189,171.107643492641,TRUE,NA
"sigma",46.98,-11.1208724303114,0.00218315754960052,0.988335695713667,11.1204417617819,171.15380361126,TRUE,NA
"sigma",46.99,-11.1224982147586,0.00218272605778758,0.988338408929847,11.1220677273604,171.199966537309,TRUE,NA
"sigma",47,-11.124123887767,0.00218229470469922,0.988341120904354,11.1236935813855,171.246132270388,TRUE,NA
"sigma",47.01,-11.1257494493675,0.00218186349006722,0.988343831637818,11.1253193238882,171.292300810101,TRUE,NA
"sigma",47.02,-11.1273748995911,0.00218143241394664,0.988346541131187,11.1269449548995,171.338472156049,TRUE,NA
"sigma",47.03,-11.1290002384686,0.00218100147627887,0.988349249385352,11.1285704744506,171.384646307835,TRUE,NA
"sigma",47.04,-11.1306254660312,0.0021805706770035,0.988351956401066,11.1301958825725,171.430823265063,TRUE,NA
"sigma",47.05,-11.1322505823096,0.00218014001605482,0.988354662179231,11.1318211792961,171.477003027332,TRUE,NA
"sigma",47.06,-11.1338755873347,0.00217970949352164,0.98835736672069,11.1334463646525,171.523185594248,TRUE,NA
"sigma",47.07,-11.1355004811375,0.00217927910912508,0.988360070026276,11.1350714386726,171.569370965414,TRUE,NA
"sigma",47.08,-11.1371252637489,0.00217884886300013,0.988362772096826,11.1366964013875,171.615559140433,TRUE,NA
"sigma",47.09,-11.1387499351996,0.00217841875490166,0.988365472932983,11.138321252828,171.661750118909,TRUE,NA
"sigma",47.1,-11.1403744955205,0.00217798878498066,0.988368172535935,11.1399459930251,171.707943900443,TRUE,NA
"sigma",47.11,-11.1419989447424,0.00217755895294758,0.988370870906134,11.1415706220096,171.754140484641,TRUE,NA
"sigma",47.12,-11.1436232828962,0.00217712925902447,0.988373568044715,11.1431951398126,171.800339871106,TRUE,NA
"sigma",47.13,-11.1452475100127,0.00217669970292533,0.988376263952368,11.144819546465,171.846542059444,TRUE,NA
"sigma",47.14,-11.1468716261225,0.00217627028471234,0.988378958630002,11.1464438419974,171.892747049255,TRUE,NA
"sigma",47.15,-11.1484956312565,0.00217584100439794,0.988381652078417,11.148068026441,171.938954840145,TRUE,NA
"sigma",47.16,-11.1501195254454,0.00217541186179382,0.988384344298385,11.1496920998264,171.98516543172,TRUE,NA
"sigma",47.17,-11.1517433087201,0.00217498285693196,0.988387035290883,11.1513160621846,172.031378823583,TRUE,NA
"sigma",47.18,-11.1533669811111,0.00217455398972355,0.988389725056559,11.1529399135463,172.077595015339,TRUE,NA
"sigma",47.19,-11.1549905426491,0.00217412526007976,0.988392413596282,11.1545636539423,172.123814006592,TRUE,NA
"sigma",47.2,-11.156613993365,0.00217369666801304,0.988395100910992,11.1561872834034,172.170035796949,TRUE,NA
"sigma",47.21,-11.1582373332893,0.00217326821346298,0.988397787001431,11.1578108019604,172.216260386011,TRUE,NA
"sigma",47.22,-11.1598605624527,0.00217283989629102,0.988400471868359,11.159434209644,172.262487773388,TRUE,NA
"sigma",47.23,-11.1614836808859,0.00217241171655047,0.988403155512714,11.161057506485,172.308717958683,TRUE,NA
"sigma",47.24,-11.1631066886195,0.00217198367410987,0.988405837935232,11.1626806925141,172.354950941502,TRUE,NA
"sigma",47.25,-11.1647295856841,0.00217155576900652,0.988408519136903,11.164303767762,172.40118672145,TRUE,NA
"sigma",47.26,-11.1663523721102,0.00217112800118358,0.988411199118377,11.1659267322594,172.447425298132,TRUE,NA
"sigma",47.27,-11.1679750479286,0.00217070037048472,0.988413877880562,11.167549586037,172.493666671156,TRUE,NA
"sigma",47.28,-11.1695976131698,0.00217027287693838,0.988416555424191,11.1691723291255,172.539910840128,TRUE,NA
"sigma",47.29,-11.1712200678642,0.00216984552043087,0.988419231750175,11.1707949615555,172.586157804651,TRUE,NA
"sigma",47.3,-11.1728424120425,0.00216941830090889,0.988421906859222,11.1724174833575,172.632407564335,TRUE,NA
"sigma",47.31,-11.1744646457352,0.00216899121842395,0.988424580752324,11.1740398945624,172.678660118785,TRUE,NA
"sigma",47.32,-11.1760867689727,0.00216856427285528,0.988427253430172,11.1756621952006,172.724915467607,TRUE,NA
"sigma",47.33,-11.1777087817857,0.00216813746409983,0.988429924893619,11.1772843853027,172.771173610409,TRUE,NA
"sigma",47.34,-11.1793306842045,0.00216771079223221,0.988432595143505,11.1789064648994,172.817434546797,TRUE,NA
"sigma",47.35,-11.1809524762597,0.00216728425716184,0.988435264180667,11.1805284340212,172.863698276377,TRUE,NA
"sigma",47.36,-11.1825741579817,0.00216685785870574,0.988437932005817,11.1821502926986,172.909964798759,TRUE,NA
"sigma",47.37,-11.1841957294008,0.00216643159689411,0.988440598619713,11.1837720409621,172.956234113547,TRUE,NA
"sigma",47.38,-11.1858171905477,0.0021660054716417,0.988443264023321,11.1853936788423,173.002506220352,TRUE,NA
"sigma",47.39,-11.1874385414526,0.00216557948298934,0.988445928217495,11.1870152063697,173.048781118778,TRUE,NA
"sigma",47.4,-11.1890597821459,0.00216515363087311,0.988448591202938,11.1886366235748,173.095058808435,TRUE,NA
"sigma",47.41,-11.1906809126581,0.00216472791514377,0.988451252980432,11.190257930488,173.14133928893,TRUE,NA
"sigma",47.42,-11.1923019330195,0.00216430233585108,0.988453913550928,11.1918791271398,173.187622559872,TRUE,NA
"sigma",47.43,-11.1939228432604,0.00216387689285291,0.988456572915122,11.1935002135606,173.233908620867,TRUE,NA
"sigma",47.44,-11.1955436434111,0.00216345158616171,0.988459231073834,11.1951211897809,173.280197471524,TRUE,NA
"sigma",47.45,-11.1971643335021,0.00216302641572419,0.988461888027977,11.1967420558311,173.326489111453,TRUE,NA
"sigma",47.46,-11.1987849135637,0.00216260138143554,0.988464543778204,11.1983628117416,173.372783540261,TRUE,NA
"sigma",47.47,-11.200405383626,0.00216217648329398,0.988467198325454,11.1999834575426,173.419080757558,TRUE,NA
"sigma",47.48,-11.2020257437194,0.00216175172127464,0.988469851670493,11.2016039932648,173.465380762951,TRUE,NA
"sigma",47.49,-11.2036459938741,0.00216132709516259,0.988472503813993,11.2032244189383,173.511683556051,TRUE,NA
"sigma",47.5,-11.2052661341203,0.00216090260505197,0.988475154756929,11.2048447345935,173.557989136464,TRUE,NA
"sigma",47.51,-11.2068861644885,0.00216047825089305,0.988477804500084,11.2064649402607,173.604297503803,TRUE,NA
"sigma",47.52,-11.2085060850086,0.00216005403261477,0.988480453044217,11.2080850359704,173.650608657675,TRUE,NA
"sigma",47.53,-11.2101258957109,0.00215962995012831,0.988483100390132,11.2097050217526,173.696922597689,TRUE,NA
"sigma",47.54,-11.2117455966257,0.00215920600337327,0.988485746538654,11.2113248976378,173.743239323456,TRUE,NA
"sigma",47.55,-11.2133651877831,0.00215878219237631,0.988488391490569,11.2129446636562,173.789558834586,TRUE,NA
"sigma",47.56,-11.2149846692132,0.002158358516958,0.988491035246626,11.214564319838,173.835881130688,TRUE,NA
"sigma",47.57,-11.2166040409463,0.00215793497716987,0.988493677807694,11.2161838662135,173.882206211374,TRUE,NA
"sigma",47.58,-11.2182233030124,0.00215751157297639,0.988496319174681,11.2178033028128,173.92853407625,TRUE,NA
"sigma",47.59,-11.2198424554416,0.00215708830425143,0.98849895934814,11.2194226296663,173.97486472493,TRUE,NA
"sigma",47.6,-11.2214614982641,0.00215666517101809,0.988501598329098,11.2210418468042,174.021198157023,TRUE,NA
"sigma",47.61,-11.2230804315099,0.0021562421731236,0.988504236118166,11.2226609542564,174.06753437214,TRUE,NA
"sigma",47.62,-11.2246992552091,0.0021558193106106,0.988506872716286,11.2242799520534,174.113873369892,TRUE,NA
"sigma",47.63,-11.2263179693918,0.00215539658332098,0.988509508124155,11.2258988402251,174.16021514989,TRUE,NA
"sigma",47.64,-11.227936574088,0.0021549739912583,0.988512142342574,11.2275176188016,174.206559711742,TRUE,NA
"sigma",47.65,-11.2295550693277,0.00215455153442967,0.988514775372413,11.2291362878133,174.252907055064,TRUE,NA
"sigma",47.66,-11.231173455141,0.00215412921268232,0.988517407214361,11.2307548472902,174.299257179464,TRUE,NA
"sigma",47.67,-11.2327917315579,0.00215370702605355,0.988520037869336,11.2323732972622,174.345610084555,TRUE,NA
"sigma",47.68,-11.2344098986083,0.00215328497449008,0.988522667338079,11.2339916377596,174.391965769947,TRUE,NA
"sigma",47.69,-11.2360279563221,0.00215286305788887,0.988525295621435,11.2356098688123,174.438324235252,TRUE,NA
"sigma",47.7,-11.2376459047295,0.00215244127617531,0.988527922720031,11.2372279904505,174.484685480083,TRUE,NA
"sigma",47.71,-11.2392637438602,0.00215201962935652,0.988530548634763,11.2388460027041,174.531049504051,TRUE,NA
"sigma",47.72,-11.2408814737444,0.00215159811728682,0.988533173366423,11.2404639056032,174.57741630677,TRUE,NA
"sigma",47.73,-11.2424990944118,0.0021511767400586,0.988535796915816,11.2420816991778,174.623785887849,TRUE,NA
"sigma",47.74,-11.2441166058923,0.00215075549753507,0.988538419283703,11.2436993834578,174.670158246903,TRUE,NA
"sigma",47.75,-11.2457340082159,0.00215033438961854,0.988541040470847,11.2453169584733,174.716533383543,TRUE,NA
"sigma",47.76,-11.2473513014123,0.00214991341640669,0.98854366047807,11.2469344242542,174.762911297381,TRUE,NA
"sigma",47.77,-11.2489684855115,0.00214949257767039,0.988546279306187,11.2485517808305,174.809291988031,TRUE,NA
"sigma",47.78,-11.2505855605434,0.00214907187347002,0.988548896955895,11.250169028232,174.855675455107,TRUE,NA
"sigma",47.79,-11.2522025265377,0.00214865130367414,0.988551513428043,11.2517861664887,174.902061698221,TRUE,NA
"sigma",47.8,-11.2538193835242,0.00214823086833249,0.988554128723404,11.2534031956305,174.948450716985,TRUE,NA
"sigma",47.81,-11.2554361315328,0.00214781056733848,0.988556742842836,11.2550201156873,174.994842511013,TRUE,NA
"sigma",47.82,-11.2570527705932,0.00214739040063705,0.98855935578701,11.2566369266889,175.04123707992,TRUE,NA
"sigma",47.83,-11.2586693007352,0.00214697036814293,0.988561967556626,11.2582536286653,175.087634423317,TRUE,NA
"sigma",47.84,-11.2602857219886,0.0021465504698952,0.988564578152805,11.2598702216462,175.13403454082,TRUE,NA
"sigma",47.85,-11.2619020343831,0.00214613070575531,0.988567187575954,11.2614867056616,175.180437432041,TRUE,NA
"sigma",47.86,-11.2635182379483,0.00214571107570727,0.988569795827075,11.2631030807411,175.226843096594,TRUE,NA
"sigma",47.87,-11.2651343327142,0.00214529157965515,0.988572402906822,11.2647193469147,175.273251534096,TRUE,NA
"sigma",47.88,-11.2667503187103,0.00214487221765225,0.988575008816079,11.266335504212,175.319662744158,TRUE,NA
"sigma",47.89,-11.2683661959663,0.00214445298959021,0.98857761355561,11.267951552663,175.366076726395,TRUE,NA
"sigma",47.9,-11.2699819645118,0.0021440338953127,0.988580217126059,11.2695674922972,175.412493480422,TRUE,NA
"sigma",47.91,-11.2715976243768,0.00214361493499382,0.988582819528391,11.2711833231446,175.458913005856,TRUE,NA
"sigma",47.92,-11.2732131755905,0.00214319610833691,0.988585420763211,11.2727990452347,175.505335302308,TRUE,NA
"sigma",47.93,-11.2748286181828,0.00214277741549296,0.988588020831502,11.2744146585974,175.551760369394,TRUE,NA
"sigma",47.94,-11.2764439521832,0.00214235885624525,0.98859061973379,11.2760301632623,175.59818820673,TRUE,NA
"sigma",47.95,-11.2780591776214,0.00214194043066129,0.988593217471038,11.2776455592591,175.644618813932,TRUE,NA
"sigma",47.96,-11.2796742945269,0.0021415221386718,0.988595814043989,11.2792608466176,175.691052190611,TRUE,NA
"sigma",47.97,-11.2812893029293,0.00214110398018263,0.988598409453332,11.2808760253672,175.737488336387,TRUE,NA
"sigma",47.98,-11.2829042028581,0.00214068595511385,0.988601003699893,11.2824910955377,175.783927250874,TRUE,NA
"sigma",47.99,-11.284518994343,0.0021402680634619,0.988603596784391,11.2841060571588,175.830368933689,TRUE,NA
"sigma",48,-11.2861336774134,0.0021398503052712,0.988606188707792,11.2857209102601,175.876813384445,TRUE,NA
"sigma",48.01,-11.2877482520988,0.00213943268027705,0.988608779470545,11.287335654871,175.92326060276,TRUE,NA
"sigma",48.02,-11.2893627184288,0.00213901518864823,0.988611369073746,11.2889502910214,175.96971058825,TRUE,NA
"sigma",48.03,-11.2909770764328,0.00213859783013071,0.988613957517888,11.2905648187406,176.016163340532,TRUE,NA
"sigma",48.04,-11.2925913261403,0.00213818060477777,0.988616544803918,11.2921792380582,176.06261885922,TRUE,NA
"sigma",48.05,-11.2942054675808,0.00213776351253614,0.988619130932549,11.2937935490039,176.109077143933,TRUE,NA
"sigma",48.06,-11.2958195007837,0.00213734655344844,0.98862171590465,11.2954077516072,176.155538194284,TRUE,NA
"sigma",48.07,-11.2974334257784,0.00213692972723578,0.988624299720729,11.2970218458974,176.202002009895,TRUE,NA
"sigma",48.08,-11.2990472425944,0.00213651303401718,0.988626882381732,11.2986358319043,176.24846859038,TRUE,NA
"sigma",48.09,-11.300660951261,0.0021360964736381,0.988629463888383,11.3002497096572,176.294937935355,TRUE,NA
"sigma",48.1,-11.3022745518077,0.00213568004615183,0.988632044241468,11.3018634791856,176.34141004444,TRUE,NA
"sigma",48.11,-11.3038880442638,0.00213526375143047,0.988634623441797,11.303477140519,176.387884917251,TRUE,NA
"sigma",48.12,-11.3055014286587,0.00213484758953264,0.988637201490115,11.3050906936869,176.434362553404,TRUE,NA
"sigma",48.13,-11.3071147050217,0.0021344315602132,0.988639778387021,11.3067041387186,176.480842952519,TRUE,NA
"sigma",48.14,-11.3087278733822,0.00213401566362492,0.98864235413351,11.3083174756436,176.527326114213,TRUE,NA
"sigma",48.15,-11.3103409337695,0.00213359989954043,0.988644928730138,11.3099307044913,176.573812038103,TRUE,NA
"sigma",48.16,-11.3119538862129,0.00213318426803433,0.988647502177823,11.3115438252911,176.620300723807,TRUE,NA
"sigma",48.17,-11.3135667307416,0.00213276876900537,0.988650074477209,11.3131568380724,176.666792170944,TRUE,NA
"sigma",48.18,-11.315179467385,0.00213235340252282,0.988652645629257,11.3147697428645,176.713286379131,TRUE,NA
"sigma",48.19,-11.3167920961723,0.00213193816829538,0.988655215634481,11.3163825396967,176.759783347989,TRUE,NA
"sigma",48.2,-11.3184046171328,0.00213152306644737,0.988657784493758,11.3179952285985,176.806283077134,TRUE,NA
"sigma",48.21,-11.3200170302957,0.00213110809681005,0.988660352207722,11.3196078095991,176.852785566185,TRUE,NA
"sigma",48.22,-11.3216293356902,0.00213069325940651,0.988662918777267,11.3212202827278,176.899290814762,TRUE,NA
"sigma",48.23,-11.3232415333456,0.0021302785542936,0.988665484203279,11.322832648014,176.945798822483,TRUE,NA
"sigma",48.24,-11.324853623291,0.00212986398122972,0.988668048486172,11.3244449054868,176.992309588966,TRUE,NA
"sigma",48.25,-11.3264656055555,0.00212944954020244,0.988670611626881,11.3260570551757,177.038823113832,TRUE,NA
"sigma",48.26,-11.3280774801684,0.00212903523122598,0.988673173626214,11.3276690971097,177.085339396699,TRUE,NA
"sigma",48.27,-11.3296892471589,0.00212862105422218,0.988675734484813,11.3292810313182,177.131858437188,TRUE,NA
"sigma",48.28,-11.3313009065561,0.00212820700913241,0.988678294203539,11.3308928578304,177.178380234919,TRUE,NA
"sigma",48.29,-11.332912458389,0.00212779309593891,0.988680852783025,11.3325045766755,177.224904789509,TRUE,NA
"sigma",48.3,-11.3345239026868,0.00212737931443563,0.988683410223996,11.3341161878826,177.271432100578,TRUE,NA
"sigma",48.31,-11.3361352394786,0.00212696566484638,0.98868596652739,11.3357276914811,177.317962167748,TRUE,NA
"sigma",48.32,-11.3377464687935,0.00212655214694379,0.988688521693927,11.3373390875,177.364494990639,TRUE,NA
"sigma",48.33,-11.3393575906605,0.00212613876071899,0.988691075724141,11.3389503759684,177.411030568871,TRUE,NA
"sigma",48.34,-11.3409686051088,0.00212572550595347,0.988693628618869,11.3405615569155,177.457568902062,TRUE,NA
"sigma",48.35,-11.3425795121672,0.00212531238292968,0.988696180379099,11.3421726303706,177.504109989836,TRUE,NA
"sigma",48.36,-11.344190311865,0.00212489939132965,0.988698731005284,11.3437835963626,177.550653831811,TRUE,NA
"sigma",48.37,-11.345801004231,0.0021244865311747,0.988701280498276,11.3453944549207,177.59720042761,TRUE,NA
"sigma",48.38,-11.3474115892942,0.00212407380245239,0.988703828858851,11.3470052060738,177.64374977685,TRUE,NA
"sigma",48.39,-11.3490220670839,0.0021236612050739,0.988706376087636,11.3486158498513,177.690301879157,TRUE,NA
"sigma",48.4,-11.3506324376287,0.002123248739057,0.988708922185568,11.350226386282,177.736856734148,TRUE,NA
"sigma",48.41,-11.3522427009577,0.00212283640419919,0.988711467153246,11.351836815395,177.783414341447,TRUE,NA
"sigma",48.42,-11.3538528570999,0.00212242420054487,0.988714010991378,11.3534471372193,177.829974700676,TRUE,NA
"sigma",48.43,-11.3554629060841,0.00212201212809937,0.988716553700835,11.355057351784,177.876537811452,TRUE,NA
"sigma",48.44,-11.3570728479393,0.00212160018670637,0.988719095282322,11.3566674591181,177.923103673401,TRUE,NA
"sigma",48.45,-11.3586826826945,0.00212118837639963,0.988721635736606,11.3582774592505,177.969672286144,TRUE,NA
"sigma",48.46,-11.3602924103784,0.00212077669712407,0.988724175064271,11.3598873522103,178.016243649302,TRUE,NA
"sigma",48.47,-11.36190203102,0.0021203651487447,0.988726713266247,11.3614971380263,178.062817762497,TRUE,NA
"sigma",48.48,-11.3635115446482,0.00211995373124907,0.988729250343245,11.3631068167276,178.109394625353,TRUE,NA
"sigma",48.49,-11.3651209512917,0.00211954244462831,0.988731786295785,11.364716388343,178.155974237488,TRUE,NA
"sigma",48.5,-11.3667302509794,0.00211913128878294,0.988734321124859,11.3663258529015,178.202556598531,TRUE,NA
"sigma",48.51,-11.3683394437402,0.00211872026365789,0.988736854831155,11.367935210432,178.249141708099,TRUE,NA
"sigma",48.52,-11.3699485296028,0.0021183093692354,0.988739387415322,11.3695444609633,178.295729565817,TRUE,NA
"sigma",48.53,-11.3715575085961,0.00211789860539291,0.988741918878106,11.3711536045244,178.342320171308,TRUE,NA
"sigma",48.54,-11.3731663807488,0.00211748797226186,0.988744449220376,11.3727626411442,178.388913524194,TRUE,NA
"sigma",48.55,-11.3747751460896,0.00211707746965217,0.988746978442755,11.3743715708513,178.435509624098,TRUE,NA
"sigma",48.56,-11.3763838046475,0.0021166670974182,0.988749506545931,11.3759803936748,178.482108470645,TRUE,NA
"sigma",48.57,-11.377992356451,0.00211625685574113,0.98875203353076,11.3775891096435,178.528710063456,TRUE,NA
"sigma",48.58,-11.3796008015288,0.00211584674434739,0.988754559397904,11.379197718786,178.575314402156,TRUE,NA
"sigma",48.59,-11.38120913991,0.00211543676335957,0.988757084148111,11.3808062211313,178.62192148637,TRUE,NA
"sigma",48.6,-11.3828173716228,0.002115026912616,0.988759607782079,11.3824146167081,178.668531315717,TRUE,NA
"sigma",48.61,-11.3844254966962,0.00211461719212558,0.988762130300581,11.3840229055452,178.715143889828,TRUE,NA
"sigma",48.62,-11.3860335151588,0.00211420760184211,0.988764651704384,11.3856310876714,178.761759208319,TRUE,NA
"sigma",48.63,-11.3876414270392,0.00211379814158263,0.988767171994062,11.3872391631152,178.80837727082,TRUE,NA
"sigma",48.64,-11.3892492323661,0.00211338881147327,0.988769691170508,11.3888471319057,178.854998076952,TRUE,NA
"sigma",48.65,-11.3908569311682,0.00211297961142165,0.988772209234486,11.3904549940713,178.901621626343,TRUE,NA
"sigma",48.66,-11.3924645234739,0.00211257054129099,0.988774726186493,11.3920627496409,178.948247918612,TRUE,NA
"sigma",48.67,-11.3940720093121,0.00211216160122163,0.98877724202758,11.3936703986431,178.994876953389,TRUE,NA
"sigma",48.68,-11.3956793887112,0.00211175279083875,0.988779756758059,11.3952779411065,179.041508730296,TRUE,NA
"sigma",48.69,-11.3972866616998,0.00211134411040348,0.988782270378963,11.3968853770599,179.088143248959,TRUE,NA
"sigma",48.7,-11.3988938283065,0.00211093555964936,0.988784782890965,11.3984927065319,179.134780509004,TRUE,NA
"sigma",48.71,-11.4005008885598,0.00211052713873983,0.988787294294794,11.4000999295511,179.181420510053,TRUE,NA
"sigma",48.72,-11.4021078424882,0.00211011884749723,0.988789804591143,11.4017070461461,179.228063251732,TRUE,NA
"sigma",48.73,-11.4037146901204,0.00210971068576882,0.988792313780638,11.4033140563456,179.274708733668,TRUE,NA
"sigma",48.74,-11.4053214314848,0.00210930265373577,0.988794821864242,11.4049209601782,179.321356955487,TRUE,NA
"sigma",48.75,-11.4069280666099,0.00210889475108189,0.988797328842433,11.4065277576723,179.368007916814,TRUE,NA
"sigma",48.76,-11.4085345955242,0.00210848697802568,0.988799834716038,11.4081344488566,179.414661617272,TRUE,NA
"sigma",48.77,-11.4101410182562,0.00210807933440371,0.988802339485903,11.4097410337597,179.461318056492,TRUE,NA
"sigma",48.78,-11.4117473348343,0.00210767182003124,0.988804843152463,11.41134751241,179.507977234097,TRUE,NA
"sigma",48.79,-11.4133535452869,0.0021072644350113,0.988807345716555,11.4129538848361,179.554639149713,TRUE,NA
"sigma",48.8,-11.4149596496425,0.00210685717932613,0.98880984717909,11.4145601510665,179.601303802967,TRUE,NA
"sigma",48.81,-11.4165656479296,0.00210645005276255,0.988812347540514,11.4161663111297,179.647971193487,TRUE,NA
"sigma",48.82,-11.4181715401765,0.00210604305547513,0.988814846801758,11.4177723650542,179.694641320895,TRUE,NA
"sigma",48.83,-11.4197773264115,0.00210563618720805,0.988817344963392,11.4193783128685,179.741314184824,TRUE,NA
"sigma",48.84,-11.4213830066632,0.00210522944804659,0.988819842026181,11.420984154601,179.787989784895,TRUE,NA
"sigma",48.85,-11.4229885809599,0.0021048228379712,0.988822337990952,11.4225898902802,179.834668120739,TRUE,NA
"sigma",48.86,-11.4245940493298,0.002104416356838,0.988824832858231,11.4241955199344,179.881349191981,TRUE,NA
"sigma",48.87,-11.4261994118013,0.00210401000454397,0.988827326628802,11.4258010435922,179.928032998249,TRUE,NA
"sigma",48.88,-11.4278046684029,0.00210360378114416,0.988829819303402,11.4274064612818,179.974719539171,TRUE,NA
"sigma",48.89,-11.4294098191626,0.00210319768660661,0.988832310882738,11.4290117730318,180.021408814371,TRUE,NA
"sigma",48.9,-11.431014864109,0.00210279172072703,0.988834801367478,11.4306169788704,180.068100823482,TRUE,NA
"sigma",48.91,-11.4326198032702,0.00210238588374168,0.988837290758505,11.4322220788262,180.114795566127,TRUE,NA
"sigma",48.92,-11.4342246366746,0.00210198017524199,0.988839779056283,11.4338270729273,180.161493041937,TRUE,NA
"sigma",48.93,-11.4358293643504,0.00210157459543581,0.988842266261697,11.4354319612021,180.208193250538,TRUE,NA
"sigma",48.94,-11.4374339863258,0.00210116914418634,0.988844752375384,11.437036743679,180.25489619156,TRUE,NA
"sigma",48.95,-11.4390385026289,0.00210076382144386,0.988847237398092,11.4386414203863,180.301601864627,TRUE,NA
"sigma",48.96,-11.4406429132883,0.00210035862721725,0.988849721330507,11.4402459913523,180.348310269373,TRUE,NA
"sigma",48.97,-11.4422472183319,0.00209995356133064,0.988852204173333,11.4418504566051,180.395021405424,TRUE,NA
"sigma",48.98,-11.443851417788,0.0020995486238462,0.988854685927293,11.4434548161732,180.441735272408,TRUE,NA
"sigma",48.99,-11.4454555116847,0.00209914381475151,0.98885716659319,11.4450590700848,180.488451869954,TRUE,NA
"sigma",49,-11.4470595000502,0.0020987391336682,0.988859646171327,11.4466632183681,180.53517119769,TRUE,NA
"sigma",49.01,-11.4486633829128,0.00209833458103326,0.988862124662995,11.4482672610514,180.581893255248,TRUE,NA
"sigma",49.02,-11.4502671603004,0.00209793015650384,0.988864602068581,11.4498711981628,180.628618042254,TRUE,NA
"sigma",49.03,-11.4518708322413,0.00209752586005685,0.988867078388787,11.4514750297306,180.675345558339,TRUE,NA
"sigma",49.04,-11.4534743987635,0.00209712169168874,0.988869553624367,11.453078755783,180.722075803131,TRUE,NA
"sigma",49.05,-11.4550778598952,0.00209671765132136,0.988872027776012,11.4546823763481,180.768808776261,TRUE,NA
"sigma",49.06,-11.4566812156644,0.00209631373891384,0.988874500844392,11.4562858914541,180.815544477358,TRUE,NA
"sigma",49.07,-11.4582844660993,0.00209590995440223,0.988876972830235,11.4578893011292,180.862282906053,TRUE,NA
"sigma",49.08,-11.4598876112278,0.00209550629777411,0.9888794437343,11.4594926054015,180.909024061972,TRUE,NA
"sigma",49.09,-11.461490651078,0.00209510276894243,0.988881913557195,11.4610958042991,180.955767944748,TRUE,NA
"sigma",49.1,-11.4630935856779,0.00209469936793028,0.988884382299764,11.4626988978502,181.002514554011,TRUE,NA
"sigma",49.11,-11.4646964150557,0.00209429609459733,0.988886849962613,11.4643018860828,181.049263889391,TRUE,NA
"sigma",49.12,-11.4662991392392,0.00209389294882811,0.988889316546254,11.4659047690249,181.096015950518,TRUE,NA
"sigma",49.13,-11.4679017582566,0.00209348993074165,0.988891782051693,11.4675075467048,181.142770737024,TRUE,NA
"sigma",49.14,-11.4695042721356,0.00209308704028288,0.988894246479581,11.4691102191505,181.189528248536,TRUE,NA
"sigma",49.15,-11.4711066809044,0.00209268427720133,0.988896709830356,11.4707127863899,181.236288484689,TRUE,NA
"sigma",49.16,-11.4727089845908,0.00209228164171371,0.988899172105081,11.4723152484513,181.283051445111,TRUE,NA
"sigma",49.17,-11.4743111832229,0.00209187913355713,0.988901633304137,11.4739176053624,181.329817129434,TRUE,NA
"sigma",49.18,-11.4759132768286,0.00209147675277777,0.988904093428446,11.4755198571514,181.376585537291,TRUE,NA
"sigma",49.19,-11.4775152654357,0.002091074499317,0.988906552478586,11.4771220038463,181.423356668311,TRUE,NA
"sigma",49.2,-11.4791171490722,0.00209067237322813,0.988909010455388,11.4787240454749,181.470130522123,TRUE,NA
"sigma",49.21,-11.4807189277659,0.00209027037410792,0.9889114673592,11.4803259820654,181.516907098363,TRUE,NA
"sigma",49.22,-11.4823206015449,0.00208986850229032,0.988913923191114,11.4819278136456,181.563686396662,TRUE,NA
"sigma",49.23,-11.4839221704367,0.00208946675765631,0.988916377951711,11.4835295402436,181.610468416648,TRUE,NA
"sigma",49.24,-11.4855236344695,0.00208906513992524,0.988918831641482,11.4851311618871,181.657253157957,TRUE,NA
"sigma",49.25,-11.487124993671,0.0020886636493529,0.988921284261416,11.4867326786043,181.70404062022,TRUE,NA
"sigma",49.26,-11.4887262480689,0.00208826228568526,0.988923735812,11.4883340904228,181.750830803068,TRUE,NA
"sigma",49.27,-11.4903273976913,0.00208786104885661,0.988926186293919,11.4899353973707,181.797623706134,TRUE,NA
"sigma",49.28,-11.4919284425657,0.0020874599389753,0.98892863570801,11.4915365994758,181.84441932905,TRUE,NA
"sigma",49.29,-11.49352938272,0.00208705895584238,0.988931084054787,11.493137696766,181.891217671449,TRUE,NA
"sigma",49.3,-11.4951302181821,0.00208665809952713,0.988933531335081,11.494738689269,181.938018732964,TRUE,NA
"sigma",49.31,-11.4967309489796,0.00208625736993362,0.98893597754962,11.4963395770129,181.984822513226,TRUE,NA
"sigma",49.32,-11.4983315751404,0.00208585676693041,0.988938422698872,11.4979403600253,182.03162901187,TRUE,NA
"sigma",49.33,-11.499932096692,0.00208545629065782,0.988940866783778,11.4995410383342,182.078438228527,TRUE,NA
"sigma",49.34,-11.5015325136623,0.00208505594089026,0.988943309804824,11.5011416119672,182.125250162832,TRUE,NA
"sigma",49.35,-11.503132826079,0.00208465571757266,0.98894575176274,11.5027420809521,182.172064814417,TRUE,NA
"sigma",49.36,-11.5047330339698,0.00208425562077785,0.988948192658276,11.5043424453169,182.218882182916,TRUE,NA
"sigma",49.37,-11.5063331373623,0.00208385565040636,0.988950632492144,11.5059427050892,182.265702267963,TRUE,NA
"sigma",49.38,-11.5079331362843,0.00208345580637292,0.988953071264886,11.5075428602967,182.31252506919,TRUE,NA
"sigma",49.39,-11.5095330307633,0.00208305608870063,0.98895550897736,11.5091429109672,182.35935058623,TRUE,NA
"sigma",49.4,-11.511132820827,0.00208265649734152,0.988957945630169,11.5107428571284,182.406178818721,TRUE,NA
"sigma",49.41,-11.5127325065031,0.00208225703204867,0.988960381223859,11.512342698808,182.453009766293,TRUE,NA
"sigma",49.42,-11.5143320878192,0.00208185769306013,0.988962815759404,11.5139424360338,182.499843428583,TRUE,NA
"sigma",49.43,-11.5159315648028,0.00208145848008634,0.988965249237172,11.5155420688333,182.546679805221,TRUE,NA
"sigma",49.44,-11.5175309374816,0.00208105939323566,0.988967681658067,11.5171415972344,182.593518895846,TRUE,NA
"sigma",49.45,-11.5191302058832,0.00208066043247079,0.988970113022684,11.5187410212645,182.64036070009,TRUE,NA
"sigma",49.46,-11.5207293700351,0.00208026159755192,0.988972543331689,11.5203403409514,182.687205217589,TRUE,NA
"sigma",49.47,-11.5223284299649,0.002079862888543,0.988974972585784,11.5219395563227,182.734052447978,TRUE,NA
"sigma",49.48,-11.5239273857001,0.00207946430560924,0.988977400785781,11.5235386674061,182.780902390889,TRUE,NA
"sigma",49.49,-11.5255262372682,0.00207906584828521,0.988979827932071,11.5251376742289,182.827755045959,TRUE,NA
"sigma",49.5,-11.5271249846969,0.00207866751682673,0.988982254025528,11.5267365768191,182.874610412823,TRUE,NA
"sigma",49.51,-11.5287236280135,0.00207826931105259,0.988984679066773,11.528335375204,182.921468491116,TRUE,NA
"sigma",49.52,-11.5303221672455,0.00207787123097702,0.988987103056592,11.5299340694113,182.968329280474,TRUE,NA
"sigma",49.53,-11.5319206024206,0.00207747327652008,0.988989525995425,11.5315326594685,183.015192780533,TRUE,NA
"sigma",49.54,-11.533518933566,0.00207707544757874,0.988991947884132,11.5331311454031,183.062058990925,TRUE,NA
"sigma",49.55,-11.5351171607093,0.00207667774430931,0.988994368723437,11.5347295272427,183.108927911289,TRUE,NA
"sigma",49.56,-11.5367152838778,0.00207628016636363,0.988996788513774,11.5363278050148,183.155799541261,TRUE,NA
"sigma",49.57,-11.5383133030992,0.00207588271397263,0.988999207256085,11.5379259787469,183.202673880475,TRUE,NA
"sigma",49.58,-11.5399112184006,0.00207548538686098,0.989001624950837,11.5395240484665,183.249550928569,TRUE,NA
"sigma",49.59,-11.5415090298097,0.00207508818519031,0.9890040415989,11.541122014201,183.296430685178,TRUE,NA
"sigma",49.6,-11.5431067373536,0.00207469110863556,0.989006457200661,11.542719875978,183.343313149938,TRUE,NA
"sigma",49.61,-11.5447043410599,0.00207429415742766,0.98900887175707,11.5443176338248,183.390198322487,TRUE,NA
"sigma",49.62,-11.5463018409559,0.00207389733142094,0.989011285268712,11.545915287769,183.437086202461,TRUE,NA
"sigma",49.63,-11.5478992370689,0.00207350063045553,0.989013697736143,11.5475128378379,183.483976789496,TRUE,NA
"sigma",49.64,-11.5494965294262,0.00207310405458117,0.989016109160102,11.5491102840589,183.530870083229,TRUE,NA
"sigma",49.65,-11.5510937180553,0.00207270760376232,0.989018519541368,11.5507076264595,183.577766083296,TRUE,NA
"sigma",49.66,-11.5526908029834,0.00207231127793328,0.989020928880494,11.5523048650671,183.624664789337,TRUE,NA
"sigma",49.67,-11.5542877842378,0.0020719150770514,0.989023337178124,11.5539019999089,183.671566200987,TRUE,NA
"sigma",49.68,-11.5558846618457,0.00207151900104741,0.989025744435021,11.5554990310125,183.718470317881,TRUE,NA
"sigma",49.69,-11.5574814358346,0.00207112304992307,0.989028150651817,11.5570959584051,183.765377139663,TRUE,NA
"sigma",49.7,-11.5590781062317,0.00207072722350787,0.989030555829138,11.558692782114,183.812286665965,TRUE,NA
"sigma",49.71,-11.5606746730641,0.00207033152195812,0.98903295996779,11.5602895021666,183.859198896425,TRUE,NA
"sigma",49.72,-11.5622711363591,0.00206993594494875,0.989035363068181,11.5618861185902,183.906113830683,TRUE,NA
"sigma",49.73,-11.563867496144,0.00206954049264141,0.989037765131183,11.5634826314122,183.953031468377,TRUE,NA
"sigma",49.74,-11.565463752446,0.0020691451648851,0.989040166157308,11.5650790406597,183.999951809143,TRUE,NA
"sigma",49.75,-11.5670599052923,0.00206874996172601,0.989042566147413,11.5666753463601,184.046874852621,TRUE,NA
"sigma",49.76,-11.56865595471,0.00206835488314816,0.989044965102082,11.5682715485406,184.093800598446,TRUE,NA
"sigma",49.77,-11.5702519007263,0.00206795992881048,0.989047363021756,11.5698676472284,184.140729046261,TRUE,NA
"sigma",49.78,-11.5718477433685,0.00206756509901673,0.989049759907499,11.5714636424509,184.187660195703,TRUE,NA
"sigma",49.79,-11.5734434826636,0.00206717039356086,0.98905215575965,11.5730595342352,184.234594046408,TRUE,NA
"sigma",49.8,-11.5750391186388,0.00206677581229897,0.989054550578975,11.5746553226086,184.281530598018,TRUE,NA
"sigma",49.81,-11.5766346513212,0.0020663813554016,0.989056944366204,11.5762510075982,184.328469850171,TRUE,NA
"sigma",49.82,-11.5782300807379,0.00206598702266447,0.989059337121916,11.5778465892312,184.375411802505,TRUE,NA
"sigma",49.83,-11.5798254069161,0.0020655928140858,0.989061728846758,11.5794420675348,184.422356454661,TRUE,NA
"sigma",49.84,-11.5814206298828,0.00206519872957855,0.989064119541471,11.5810374425362,184.469303806275,TRUE,NA
"sigma",49.85,-11.5830157496651,0.00206480476914273,0.98906650920656,11.5826327142625,184.516253856988,TRUE,NA
"sigma",49.86,-11.58461076629,0.0020644109327197,0.989068897842912,11.5842278827408,184.563206606443,TRUE,NA
"sigma",49.87,-11.5862056797846,0.00206401722026683,0.989071285450932,11.5858229479983,184.610162054274,TRUE,NA
"sigma",49.88,-11.587800490176,0.00206362363162604,0.989073672031408,11.587417910062,184.657120200123,TRUE,NA
"sigma",49.89,-11.5893951974912,0.00206323016693943,0.989076057585053,11.5890127689592,184.704081043633,TRUE,NA
"sigma",49.9,-11.5909898017571,0.00206283682608799,0.989078442112467,11.5906075247168,184.751044584438,TRUE,NA
"sigma",49.91,-11.5925843030009,0.00206244360894026,0.989080825614234,11.5922021773619,184.798010822182,TRUE,NA
"sigma",49.92,-11.5941787012494,0.00206205051546604,0.989083208091019,11.5937967269216,184.844979756506,TRUE,NA
"sigma",49.93,-11.5957729965297,0.0020616575457364,0.989085589543594,11.595391173423,184.891951387047,TRUE,NA
"sigma",49.94,-11.5973671888686,0.00206126469961632,0.989087969972585,11.596985516893,184.938925713447,TRUE,NA
"sigma",49.95,-11.5989612782933,0.00206087197704186,0.989090349378458,11.5985797573588,184.985902735348,TRUE,NA
"sigma",49.96,-11.6005552648305,0.00206047937800413,0.989092727762087,11.6001738948473,185.032882452387,TRUE,NA
"sigma",49.97,-11.6021491485074,0.00206008690243742,0.989095105124065,11.6017679293855,185.07986486421,TRUE,NA
"sigma",49.98,-11.6037429293505,0.00205969455029376,0.989097481465006,11.6033618610003,185.126849970453,TRUE,NA
"sigma",49.99,-11.6053366073871,0.00205930232154827,0.989099856785542,11.6049556897189,185.173837770759,TRUE,NA
"sigma",50,-11.6069301826439,0.00205891021604465,0.989102231086318,11.606549415568,185.220828264771,TRUE,NA
