"sweep_param","sweep_value","xL","xk","xl","xU","gamma","converged","error_msg"
"u",0.01,-0.648953823733744,-0.564395301498321,-0.35742754908329,0.838255831901376,0.456141065338643,TRUE,NA
"u",0.02,-0.631870079364947,-0.512615729577354,-0.262456115061644,0.844430802253126,0.469259797196498,TRUE,NA
"u",0.03,-0.615544110940007,-0.469410541144016,-0.190654507409822,0.851360587382604,0.483894552513497,TRUE,NA
"u",0.04,-0.599825234695815,-0.43070865390711,-0.130047391603933,0.858905277223304,0.499790312177932,TRUE,NA
"u",0.05,-0.584637527127765,-0.394931833769615,-0.0762921980367394,0.866980630673888,0.516801038125666,TRUE,NA
"u",0.06,-0.569935780027702,-0.361271644695717,-0.0272603971499952,0.875526111096216,0.534826793355761,TRUE,NA
"u",0.07,-0.555690532091053,-0.32924919957766,0.018267920599075,0.884493851013258,0.553791967454288,TRUE,NA
"u",0.08,-0.541881408223783,-0.298553775565092,0.0610637804245354,0.893843710099728,0.573635460579226,TRUE,NA
"u",0.09,-0.528493661242019,-0.268970665971816,0.101648532036198,0.903540716098104,0.594305549974625,TRUE,NA
"u",0.1,-0.515516182662616,-0.240344470308487,0.140392623655213,0.913553609831786,0.615756934588814,TRUE,NA
"u",0.11,-0.502940271468641,-0.212558613951971,0.177569500859652,0.923853962063771,0.63794891666597,TRUE,NA
"u",0.12,-0.490758829035713,-0.185523103098961,0.213387213804518,0.934415610694094,0.660844228276566,TRUE,NA
"u",0.13,-0.47896581016171,-0.159166796778072,0.248008024909795,0.945214287856603,0.684408247303397,TRUE,NA
"u",0.14,-0.467555836485777,-0.133432313272965,0.28156113541957,0.95622736436951,0.708608460231317,TRUE,NA
"u",0.15,-0.456523917589298,-0.108272551338568,0.314151258519543,0.967433668933911,0.733414087330506,TRUE,NA
"u",0.16,-0.445865246299927,-0.0836482428711529,0.345864576802296,0.978813355975552,0.758795817857555,TRUE,NA
"u",0.17,-0.435575046883921,-0.0595261877127936,0.376772992574211,0.990347805604485,0.784725621467414,TRUE,NA
"u",0.18,-0.425648462090324,-0.0358779531680497,0.40693722939284,1.00201954496789,0.811176613279368,TRUE,NA
"u",0.19,-0.416080469526571,-0.0126788983401388,0.436409139891538,1.01381218390918,0.838122957120998,TRUE,NA
"u",0.2,-0.406865820734444,0.0100925693561124,0.465233452411647,1.02571036019507,0.865539796081504,TRUE,NA
"u",0.21,-0.397998998231645,0.032455568430039,0.493449112703398,1.03769969112393,0.893403202593037,TRUE,NA
"u",0.22,-0.389474187055287,0.0544271920102986,0.521090328137729,1.0497667293727,0.921690142382076,TRUE,NA
"u",0.23,-0.381285258209694,0.0760228619772298,0.548187389826166,1.06189892165182,0.950378448127792,TRUE,NA
"u",0.24,-0.373425762018512,0.0972566108854321,0.574767326535929,1.07408456922687,0.979446799738926,TRUE,NA
"u",0.25,-0.365888929796802,0.118141308071084,0.600854429556013,1.08631278970489,1.00887470894773,TRUE,NA
"u",0.26,-0.358667682549548,0.138688842147613,0.626470677395974,1.09857347971667,1.03864250650538,TRUE,NA
"u",0.27,-0.351754645606907,0.158910269097447,0.651636081914706,1.11085727828812,1.06873133070599,TRUE,NA
"u",0.28,-0.345142168250085,0.178815932993695,0.676368972233105,1.12315553080286,1.09912311630433,TRUE,NA
"u",0.29,-0.338822347483649,0.198415564786408,0.700686228957812,1.13546025353184,1.12980058315429,TRUE,NA
"u",0.3,-0.332787055183916,0.217718363396602,0.724603478414424,1.14776409875278,1.16074722409793,TRUE,NA
"u",0.31,-0.327027967908835,0.236733062462914,0.748135254472732,1.16006032051177,1.19194729179452,TRUE,NA
"u",0.32,-0.321536598699858,0.255467985400915,0.771295133946334,1.17234274109465,1.22338578430341,TRUE,NA
"u",0.33,-0.31630433024609,0.273931090907576,0.794095850326289,1.18460571828378,1.25504842933236,TRUE,NA
"u",0.34,-0.311322448819438,0.292130010632745,0.816549389665022,1.19684411347556,1.28692166713886,TRUE,NA
"u",0.35,-0.306582178429162,0.310072080417095,0.838667071692218,1.20905326073092,1.3189926321303,TRUE,NA
"u",0.36,-0.302074714686703,0.32776436624034,0.860459618667514,1.22122893682457,1.35124913325299,TRUE,NA
"u",0.37,-0.297791257917853,0.345213685819096,0.881937214017898,1.23336733235016,1.38367963329223,TRUE,NA
"u",0.38,-0.293723045109143,0.362426626629018,0.903109552443108,1.24546502392951,1.41627322722813,TRUE,NA
"u",0.39,-0.289861380328369,0.379409560991918,0.923985882879173,1.25751894756425,1.44901961980581,TRUE,NA
"u",0.4,-0.286197663314628,0.39616865875897,0.94457504547266,1.26952637315804,1.4819091024867,TRUE,NA
"u",0.41,-0.282723415989855,0.412709898030896,0.964885503524855,1.28148488022835,1.51493252994893,TRUE,NA
"u",0.42,-0.279430306700553,0.429039074281164,0.984925371206216,1.29339233481697,1.54808129630272,TRUE,NA
"u",0.43,-0.27631017205371,0.445161808185928,1.00470243771061,1.30524686760023,1.58134731118031,TRUE,NA
"u",0.44,-0.273355036263789,0.461083552412377,1.02422418841032,1.31704685319141,1.61472297585074,TRUE,NA
"u",0.45,-0.270557127976907,0.476809597573356,1.0434978234824,1.32879089062093,1.64820115949908,TRUE,NA
"u",0.46,-0.267908894583136,0.492345077519453,1.06253027440147,1.34047778497306,1.68177517579673,TRUE,NA
"u",0.47,-0.265403014067509,0.507694974108707,1.08132821863072,1.35210653015242,1.7154387598761,TRUE,NA
"u",0.48,-0.263032404484398,0.522864121568134,1.09989809278961,1.36367629274841,1.74918604580882,TRUE,NA
"u",0.49,-0.260790231168294,0.537857210539297,1.11824610453199,1.37518639696175,1.7830115446728,TRUE,NA
"u",0.5,-0.25866991181655,0.552678791881792,1.13637824333041,1.38663631055386,1.81691012327917,TRUE,NA
"u",0.51,-0.256665119596657,0.567333280293158,1.15430029033081,1.3980256317772,1.85087698361755,TRUE,NA
"u",0.52,-0.254769784442367,0.581824957790893,1.17201782741452,1.40935407724262,1.8849076430648,TRUE,NA
"u",0.53,-0.252978092709966,0.596157977091656,1.18953624558208,1.42062147067866,1.91899791539116,TRUE,NA
"u",0.54,-0.251284485368681,0.610336364914023,1.20686075275427,1.43182773253674,1.953143892587,TRUE,NA
"u",0.55,-0.249683654898267,0.624364025224005,1.22399638106958,1.44297287039605,1.98734192752335,TRUE,NA
"u",0.56,-0.248170541062755,0.638244742436797,1.24094799374391,1.45405697012208,2.02158861745138,TRUE,NA
"u",0.57,-0.246740325722769,0.651982184583637,1.25772029154729,1.46508018773348,2.05588078833778,TRUE,NA
"u",0.58,-0.245388426840351,0.665579906448953,1.27431781894259,1.47604274193253,2.09021548002718,TRUE,NA
"u",0.59,-0.244110491820239,0.679041352680261,1.29074496992361,1.48694490725615,2.12458993221672,TRUE,NA
"u",0.6,-0.242902390320681,0.692369860871045,1.30700599358353,1.49778700780537,2.1590015712235,TRUE,NA
"u",0.61,-0.241760206655324,0.705568664615391,1.32310499943923,1.50856941151308,2.19344799752202,TRUE,NA
"u",0.62,-0.240680231896063,0.7186408965319,1.3390459625325,1.51929252491145,2.22792697402554,TRUE,NA
"u",0.63,-0.239658955775037,0.731589591253827,1.35483272832578,1.52995678836238,2.26243641508318,TRUE,NA
"u",0.64,-0.238693058472605,0.744417688381851,1.37046901740704,1.54056267171605,2.29697437616301,TRUE,NA
"u",0.65,-0.23777940236727,0.757128035395701,1.38595843001596,1.55111067036478,2.33153904419014,TRUE,NA
"u",0.66,-0.236915023813163,0.769723390520908,1.40130445040169,1.56160130166108,2.36612872850839,TRUE,NA
"u",0.67,-0.236097125001143,0.782206425546988,1.41651045102104,1.57203510167091,2.40074185243381,TRUE,NA
"u",0.68,-0.235323065950688,0.79457972859367,1.43157969658452,1.58241262223492,2.43537694536843,TRUE,NA
"u",0.69,-0.234590356671655,0.806845806822024,1.44651534795695,1.59273442831219,2.47003263544333,TRUE,NA
"u",0.7,-0.233896649527713,0.819007089087705,1.46132046591816,1.60300109558298,2.50470764266029,TRUE,NA
"u",0.71,-0.233239731826667,0.831065928533912,1.47599801478927,1.61321320828836,2.53940077250258,TRUE,NA
"u",0.72,-0.232617518657165,0.843024605122037,1.49055086592901,1.62337135728654,2.57411090998622,TRUE,NA
"u",0.73,-0.232028045986102,0.85488532809833,1.50498180110462,1.63347613830692,2.60883701412413,TRUE,NA
"u",0.74,-0.231469464026655,0.866650238395358,1.51929351574125,1.64352815038467,2.64357811277679,TRUE,NA
"u",0.75,-0.230940030883023,0.878321410967279,1.53348862205379,1.65352799445962,2.67833329786425,TRUE,NA
"u",0.76,-0.23043810647469,0.88990085705843,1.5475696520648,1.66347627212486,2.71310172091564,TRUE,NA
"u",0.77,-0.229962146740227,0.901390526404866,1.56153906051203,1.67337358451154,2.74788258893338,TRUE,NA
"u",0.78,-0.229510698118368,0.912792309368968,1.5753992276491,1.68322053129727,2.78267516055078,TRUE,NA
"u",0.79,-0.229082392302169,0.924108039007303,1.58915246194244,1.69301770982691,2.81747874246289,TRUE,NA
"u",0.8,-0.228675941260488,0.935339493072333,1.60280100266811,1.70276571433517,2.85229268611137,TRUE,NA
"u",0.81,-0.228290132519823,0.946488395948612,1.61634702241137,1.71246513526162,2.88711638460592,TRUE,NA
"u",0.82,-0.227923824698528,0.957556420524439,1.62979262947254,1.72211655864921,2.92194926986521,TRUE,NA
"u",0.83,-0.227575943284766,0.968545189999941,1.64313987018178,1.73172056561854,2.95679080996195,TRUE,NA
"u",0.84,-0.227245476648963,0.979456279632843,1.65639073112631,1.74127773191044,2.99164050665742,TRUE,NA
"u",0.85,-0.226931472281238,0.99029121842317,1.66954714129276,1.75078862749038,3.02649789311173,TRUE,NA
"u",0.86,-0.226633033244035,1.0010514907383,1.6826109741277,1.76025381620856,3.06136253175739,TRUE,NA
"u",0.87,-0.226349314830145,1.0117385378798,1.69558404951922,1.76967385551025,3.09623401232408,TRUE,NA
"u",0.88,-0.226079521416285,1.02235375959363,1.70846813570231,1.77904929619145,3.13111195000382,TRUE,NA
"u",0.89,-0.225822903502563,1.03289851552496,1.72126495109061,1.78838068219538,3.16599598374633,TRUE,NA
"u",0.9,-0.225578754928206,1.04337412662048,1.73397616603905,1.79766855044466,3.20088577467496,TRUE,NA
"u",0.91,-0.225346410254444,1.05378187647709,1.74660340453545,1.80691343070794,3.23578100461456,TRUE,NA
"u",0.92,-0.225125242305275,1.06412301264184,1.75914824582938,1.81611584549461,3.27068137472301,TRUE,NA
"u",0.93,-0.224914659857545,1.07439874786257,1.77161222599674,1.82527630997638,3.30558660421883,TRUE,NA
"u",0.94,-0.224714105471882,1.08461026129156,1.78399683944397,1.83439533193234,3.34049642919803,TRUE,NA
"u",0.95,-0.224523053456415,1.09475869964389,1.79630354035409,1.84347341171508,3.37541060153339,TRUE,NA
"u",0.96,-0.224341007955562,1.10484517831182,1.80853374407673,1.85251104223548,3.41032888785052,TRUE,NA
"u",0.97,-0.224167501156529,1.11487078243694,1.82068882846437,1.86150870896412,3.44525106857476,TRUE,NA
"u",0.98,-0.224002091606496,1.12483656794163,1.83277013515708,1.87046688994752,3.48017693704409,TRUE,NA
"u",0.99,-0.223844362633852,1.13474356252111,1.84477897081759,1.87938605583735,3.51510629868296,TRUE,NA
"u",1,-0.223693920867139,1.14459276659786,1.85671660831878,1.88826666993123,3.55003897023291,TRUE,NA
"u",1.01,-0.223550394845754,1.15438515423969,1.86858428788593,1.8971091882234,3.58497477903569,TRUE,NA
"u",1.02,-0.223413433716746,1.16412167404234,1.88038321819399,1.90591405946497,3.61991356236511,TRUE,NA
"u",1.03,-0.223282706012373,1.17380324997931,1.89211457742456,1.91468172523086,3.65485516680421,TRUE,NA
"u",1.04,-0.223157898503408,1.18343078221862,1.90377951428119,1.92341261999425,3.68979944766446,TRUE,NA
"u",1.05,-0.223038715123448,1.19300514790881,1.91537914896664,1.93210717120653,3.72474626844392,TRUE,NA
"u",1.06,-0.222924875959772,1.20252720193505,1.9269145741229,1.94076579938222,3.75969550032168,TRUE,NA
"u",1.07,-0.222816116306568,1.21199777764661,1.93838685573581,1.94938891818814,3.79464702168594,TRUE,NA
"u",1.08,-0.222712185776586,1.22141768755673,1.94979703400547,1.95797693453606,3.82960071769338,TRUE,NA
"u",1.09,-0.22257661390699,1.23084869126223,1.9635491993862,1.96872558778848,3.86455597778165,TRUE,NA
"u",1.1,-0.222517843767153,1.24011053155077,1.97243904910619,1.97610989011831,3.89951419079478,TRUE,NA
"u",1.11,-0.222427062601619,1.2493812537094,1.98366499121315,1.98348136835098,3.93447379817759,TRUE,NA
"u",1.12,-0.2223401662476,1.25860844952676,1.99484133320907,1.99083079840849,3.96943514952701,TRUE,NA
"u",1.13,-0.222256973923695,1.26779271858418,2.00596866850638,1.99815835920698,4.00439816245772,TRUE,NA
"u",1.14,-0.222177313917288,1.27693464723747,2.01704754105524,2.0054642279693,4.0393627588195,TRUE,NA
"u",1.15,-0.222101023100089,1.2860348090012,2.02807848600968,2.01274858020983,4.07432886446211,TRUE,NA
"u",1.16,-0.222027946470795,1.2950937649197,2.03906202988428,2.02001158972234,4.10929640901404,TRUE,NA
"u",1.17,-0.221957936723274,1.30411206392517,2.04999869070971,2.02725342857075,4.14426532567445,TRUE,NA
"u",1.18,-0.221890853838842,1.31309024318365,2.06088897818656,2.03447426708251,4.17923555101733,TRUE,NA
"u",1.19,-0.221826564701252,1.32202882842913,2.07173339383765,2.04167427384458,4.21420702480716,TRUE,NA
"u",1.2,-0.221764942733076,1.33092833428641,2.08253243115841,2.04885361570153,4.2491796898254,TRUE,NA
"u",1.21,-0.221705867552281,1.3397892645829,2.09328657576546,2.05601245775579,4.28415349170711,TRUE,NA
"u",1.22,-0.22164922464782,1.34861211265012,2.10399630554318,2.06315096336975,4.31912837878698,TRUE,NA
"u",1.23,-0.22159490507316,1.35739736161489,2.11466209078807,2.07026929416949,4.35410430195438,TRUE,NA
"u",1.24,-0.221542805156716,1.36614548468092,2.12528439435123,2.07736761005022,4.38908121451671,TRUE,NA
"u",1.25,-0.221492826228223,1.37485694540101,2.13586367177837,2.08444606918301,4.42405907207057,TRUE,NA
"u",1.26,-0.22144487436013,1.38353219794025,2.14640037144783,2.09150482802281,4.45903783238037,TRUE,NA
"u",1.27,-0.22139886012317,1.39217168733048,2.15689493470614,2.09854404131768,4.49401745526384,TRUE,NA
"u",1.28,-0.221354698355275,1.40077584971648,2.16734779600144,2.10556386211906,4.52899790248396,TRUE,NA
"u",1.29,-0.2213123079431,1.4093451125941,2.17775938301452,2.1125644417929,4.5639791376471,TRUE,NA
"u",1.3,-0.221271611615408,1.41787989504058,2.18813011678751,2.11954593003177,4.59896112610688,TRUE,NA
"u",1.31,-0.221232535747675,1.42638060793751,2.19846041185035,2.12650847486759,4.63394383487335,TRUE,NA
"u",1.32,-0.221195010177244,1.43484765418654,2.20875067634483,2.13345222268516,4.66892723252731,TRUE,NA
"u",1.33,-0.221158968028453,1.44328142891819,2.21900131214641,2.14037731823619,4.70391128913941,TRUE,NA
"u",1.34,-0.221124345547164,1.45168231969401,2.22921271498362,2.14728390465396,4.73889597619366,TRUE,NA
"u",1.35,-0.221091081944158,1.46005070670226,2.23938527455532,2.15417212346833,4.77388126651524,TRUE,NA
"u",1.36,-0.221059119246906,1.46838696294751,2.24951937464552,2.16104211462128,4.80886713420222,TRUE,NA
"u",1.37,-0.22102840215923,1.47669145443413,2.25961539323609,2.16789401648274,4.84385355456106,TRUE,NA
"u",1.38,-0.220998877928433,1.48496454034418,2.26967370261711,2.17472796586674,4.87884050404563,TRUE,NA
"u",1.39,-0.22097049621945,1.49320657320965,2.27969466949516,2.18154409804779,4.91382796019947,TRUE,NA
"u",1.4,-0.220943208995654,1.50141789907938,2.28967865509924,2.18834254677757,4.9488159016013,TRUE,NA
"u",1.41,-0.220916970405935,1.50959885768089,2.29962601528473,2.19512344430167,4.98380430781334,TRUE,NA
"u",1.42,-0.220891736677696,1.51774978257715,2.30953710063511,2.20188692137658,5.01879315933249,TRUE,NA
"u",1.43,-0.220867466015455,1.52587100131862,2.31941225656162,2.20863310728678,5.05378243754409,TRUE,NA
"u",1.44,-0.220844118504725,1.53396283559066,2.32925182340084,2.21536212986181,5.08877212467813,TRUE,NA
"u",1.45,-0.220821656020893,1.54202560135645,2.33905613651035,2.22207411549352,5.12376220376781,TRUE,NA
"u",1.46,-0.220800042142817,1.55005960899563,2.34882552636221,2.22876918915332,5.15875265861027,TRUE,NA
"u",1.47,-0.22077924207088,1.55806516343879,2.35856031863468,2.23544747440935,5.19374347372939,TRUE,NA
"u",1.48,-0.22075922254927,1.56604256429796,2.36826083430187,2.24210909344375,5.22873463434056,TRUE,NA
"u",1.49,-0.220739951792233,1.57399210599319,2.37792738972162,2.24875416706984,5.26372612631724,TRUE,NA
"u",1.5,-0.220721399414105,1.58191407787543,2.38756029672141,2.25538281474925,5.29871793615932,TRUE,NA
"u",1.51,-0.220703536362905,1.58980876434581,2.39715986268257,2.26199515460896,5.33371005096309,TRUE,NA
"u",1.52,-0.2206863348573,1.5976764449714,2.40672639062262,2.26859130345835,5.36870245839275,TRUE,NA
"u",1.53,-0.220669768326758,1.60551739459764,2.4162601792759,2.27517137680605,5.40369514665339,TRUE,NA
"u",1.54,-0.220653811354724,1.61333188345751,2.42576152317254,2.28173548887672,5.43868810446537,TRUE,NA
"u",1.55,-0.220638439624646,1.62112017727755,2.43523071271563,2.28828375262776,5.47368132104,TRUE,NA
"u",1.56,-0.220623629868708,1.62888253738086,2.44466803425687,2.29481627976583,5.50867478605644,TRUE,NA
"u",1.57,-0.220609359819127,1.63661922078715,2.45407377017057,2.30133318076325,5.54366848963981,TRUE,NA
"u",1.58,-0.220595608161865,1.64433048030996,2.46344819892603,2.30783456487431,5.5786624223403,TRUE,NA
"u",1.59,-0.220582354492639,1.65201656465118,2.47279159515848,2.31432054015135,5.61365657511352,TRUE,NA
"u",1.6,-0.220569579275112,1.65967771849285,2.48210422973841,2.32079121346073,5.6486509393016,TRUE,NA
"u",1.61,-0.220557263801131,1.66731418258646,2.49138636983951,2.32724669049868,5.68364550661544,TRUE,NA
"u",1.62,-0.220545390152929,1.67492619383971,2.50063827900513,2.33368707580686,5.71864026911771,TRUE,NA
"u",1.63,-0.220533941167167,1.68251398540097,2.50986021721331,2.3401124727879,5.75363521920672,TRUE,NA
"u",1.64,-0.220522900400737,1.6900777867413,2.51905244094046,2.34652298372068,5.78863034960115,TRUE,NA
"u",1.65,-0.220512252098218,1.69761782373433,2.52821520322372,2.35291870977543,5.82362565332543,TRUE,NA
"u",1.66,-0.220501981160917,1.70513431873389,2.53734875372194,2.35929975102871,5.85862112369589,TRUE,NA
"u",1.67,-0.220492073117398,1.71262749064961,2.54645333877541,2.36566620647815,5.89361675430761,TRUE,NA
"u",1.68,-0.220482514095431,1.72009755502043,2.55552920146431,2.37201817405703,5.92861253902184,TRUE,NA
"u",1.69,-0.220473290795285,1.72754472408617,2.56457658166599,2.37835575064871,5.9636084719541,TRUE,NA
"u",1.7,-0.220464390464303,1.73496920685716,2.57359571611093,2.38467903210083,5.9986045474628,TRUE,NA
"u",1.71,-0.220455800872673,1.74237120918209,2.58258683843766,2.39098811323934,6.03360076013841,TRUE,NA
"u",1.72,-0.220447510290368,1.74975093381399,2.5915501792464,2.39728308788235,6.06859710479322,TRUE,NA
"u",1.73,-0.220439507465161,1.75710858047453,2.60048596615172,2.40356404885379,6.10359357645148,TRUE,NA
"u",1.74,-0.220431781601686,1.76444434591662,2.60939442383395,2.4098310879969,6.13859017034009,TRUE,NA
"u",1.75,-0.220424322341481,1.77175842398541,2.61827577408966,2.41608429618752,6.1735868818797,TRUE,NA
"u",1.76,-0.220417119743959,1.77905100567764,2.62713023588098,2.4223237633472,6.20858370667622,TRUE,NA
"u",1.77,-0.22041016426828,1.7863222791996,2.63595802538399,2.4285495784561,6.24358064051277,TRUE,NA
"u",1.78,-0.220403446756054,1.79357243002343,2.64475935603602,2.4347618295658,6.27857767934195,TRUE,NA
"u",1.79,-0.220396958414853,1.80080164094214,2.65353443858205,2.4409606038118,6.31357481927852,TRUE,NA
"u",1.8,-0.220390690802483,1.80801009212315,2.66228348112012,2.44714598742593,6.3485720565924,TRUE,NA
"u",1.81,-0.220384635811984,1.81519796116049,2.67100668914581,2.45331806574855,6.38356938770198,TRUE,NA
"u",1.82,-0.220378785657308,1.82236542312575,2.67970426559582,2.45947692324062,6.41856680916779,TRUE,NA
"u",1.83,-0.22037313285967,1.82951265061764,2.68837641089066,2.46562264349546,6.45356431768639,TRUE,NA
"u",1.84,-0.220367670234506,1.83663981381045,2.69702332297645,2.47175530925054,6.48856191008458,TRUE,NA
"u",1.85,-0.220362390879029,1.84374708050123,2.70564519736588,2.47787500239889,6.52355958331392,TRUE,NA
"u",1.86,-0.220357288160355,1.85083461615582,2.71424222717838,2.48398180400051,6.55855733444539,TRUE,NA
"u",1.87,-0.220352355704157,1.85790258395376,2.72281460317943,2.49007579429348,6.59355516066437,TRUE,NA
"u",1.88,-0.220347587383832,1.86495114483213,2.73136251381908,2.49615705270501,6.62855305926588,TRUE,NA
"u",1.89,-0.22034297731016,1.87198045752831,2.73988614526973,2.50222565786224,6.66355102764991,TRUE,NA
"u",1.9,-0.220338519821418,1.87899067862166,2.74838568146312,2.50828168760292,6.69854906331709,TRUE,NA
"u",1.91,-0.220334209473942,1.88598196257428,2.75686130412661,2.51432521898594,6.73354716386451,TRUE,NA
"u",1.92,-0.220330041033099,1.89295446177078,2.76531319281874,2.52035632830165,6.76854532698165,TRUE,NA
"u",1.93,-0.220326009464673,1.89990832655701,2.77374152496403,2.5263750910821,6.80354355044663,TRUE,NA
"u",1.94,-0.220322109926617,1.90684370527802,2.78214647588716,2.53238158211103,6.83854183212252,TRUE,NA
"u",1.95,-0.220318337761182,1.91376074431502,2.79052821884642,2.53837587543379,6.87354016995385,TRUE,NA
"u",1.96,-0.220314688487375,1.92065958812151,2.79888692506657,2.54435804436708,6.90853856196329,TRUE,NA
"u",1.97,-0.22031115779377,1.92754037925856,2.80722276377099,2.5503281615085,6.94353700624843,TRUE,NA
"u",1.98,-0.220307741531607,1.93440325842928,2.81553590221322,2.55628629874606,6.97853550097876,TRUE,NA
"u",1.99,-0.220304435708214,1.94124836451249,2.82382650570791,2.56223252726739,7.01353404439271,TRUE,NA
"u",2,-0.220301236480696,1.94807583459561,2.83209473766114,2.56816691756899,7.04853263479492,TRUE,NA
"u",2.01,-0.220298140149911,1.95488580400679,2.84034075960018,2.57408953946515,7.08353127055351,TRUE,NA
"u",2.02,-0.220295143154697,1.96167840634633,2.84856473120264,2.58000046209689,7.11852995009755,TRUE,NA
"u",2.03,-0.22029224206635,1.9684537735174,2.85676681032509,2.58589975394069,7.15352867191462,TRUE,NA
"u",2.04,-0.220289433583338,1.97521203575599,2.86494715303113,2.59178748281708,7.18852743454847,TRUE,NA
"u",2.05,-0.220286714526243,1.98195332166026,2.87310591361889,2.59766371589912,7.22352623659677,TRUE,NA
"u",2.06,-0.220284081832913,1.98867775821926,2.88124324464808,2.60352851972075,7.25852507670897,TRUE,NA
"u",2.07,-0.220281532553828,1.99538547084088,2.88935929696642,2.609381960185,7.29352395358426,TRUE,NA
"u",2.08,-0.220279063847654,2.00207658337934,2.89745421973566,2.61522410257206,7.3285228659696,TRUE,NA
"u",2.09,-0.220276672976987,2.00875121816196,2.90552816045708,2.62105501154731,7.36352181265781,TRUE,NA
"u",2.1,-0.220274357304284,2.01540949601537,2.91358126499647,2.62687475116908,7.39852079248581,TRUE,NA
"u",2.11,-0.220272114287949,2.02205153629122,2.92161367760876,2.63268338489644,7.43351980433288,TRUE,NA
"u",2.12,-0.220269941478598,2.02867745689118,2.929625540962,2.63848097559677,7.46851884711898,TRUE,NA
"u",2.13,-0.220267836515473,2.03528737429156,2.93761699616109,2.64426758555325,7.50351791980321,TRUE,NA
"u",2.14,-0.220265797123001,2.0418814035673,2.94558818277096,2.65004327647226,7.53851702138223,TRUE,NA
"u",2.15,-0.220263821107504,2.04845965841546,2.95353923883932,2.65580810949062,7.57351615088888,TRUE,NA
"u",2.16,-0.220261906354046,2.05502225117825,2.96147030091904,2.66156214518273,7.60851530739072,TRUE,NA
"u",2.17,-0.220260050823392,2.06156929286551,2.96938150409008,2.66730544356767,7.64351448998872,TRUE,NA
"u",2.18,-0.22025825254912,2.06810089317675,2.97727298198105,2.67303806411605,7.67851369781599,TRUE,NA
"u",2.19,-0.220256509634827,2.07461716052275,2.98514486679032,2.67876006575692,7.71351293003652,TRUE,NA
"u",2.2,-0.220254820251465,2.08111820204665,2.99299728930685,2.68447150688445,7.748512185844,TRUE,NA
"u",2.21,-0.220253182634773,2.08760412364461,3.0008303789305,2.69017244536455,7.78351146446075,TRUE,NA
"u",2.22,-0.220251595082826,2.0940750299861,3.00864426369211,2.69586293854143,7.81851076513653,TRUE,NA
"u",2.23,-0.220250055953675,2.1005310245337,3.01643907027314,2.70154304324401,7.8535100871476,TRUE,NA
"u",2.24,-0.220248563663086,2.10697220956251,3.02421492402495,2.70721281579223,7.88850942979565,TRUE,NA
"u",2.25,-0.220247116682362,2.11339868617919,3.03197194898783,2.71287231200331,7.92350879240689,TRUE,NA
"u",2.26,-0.220245713536271,2.11981055434057,3.03971026790952,2.71852158719788,7.9585081743311,TRUE,NA
"u",2.27,-0.220244352801037,2.12620791287193,3.0474300022636,2.72416069620601,7.99350757494075,TRUE,NA
"u",2.28,-0.220243033102418,2.13259085948486,3.05513127226742,2.72978969337319,8.02850699363015,TRUE,NA
"u",2.29,-0.220241753113871,2.13895949079476,3.06281419689972,2.73540863256622,8.06350642981467,TRUE,NA
"u",2.3,-0.220240511554775,2.14531390233808,3.07047889391801,2.74101756717892,8.09850588292991,TRUE,NA
"u",2.31,-0.220239307188729,2.15165418858907,3.07812547987562,2.74661655013788,8.13350535243097,TRUE,NA
"u",2.32,-0.220238138821925,2.1579804429763,3.08575407013839,2.75220563390808,8.16850483779174,TRUE,NA
"u",2.33,-0.220237005301576,2.16429275789884,3.09336477890114,2.75778487049836,8.2035043385042,TRUE,NA
"u",2.34,-0.220235905514404,2.17059122474207,3.10095771920385,2.7633543114669,8.23850385407775,TRUE,NA
"u",2.35,-0.220234838385205,2.17687593389325,3.10853300294751,2.76891400792661,8.27350338403856,TRUE,NA
"u",2.36,-0.220233802875441,2.18314697475672,3.11609074090977,2.77446401055034,8.30850292792898,TRUE,NA
"u",2.37,-0.220232797981921,2.18940443576884,3.12363104276021,2.78000436957618,8.34350248530694,TRUE,NA
"u",2.38,-0.220231822735496,2.19564840441264,3.13115401707552,2.78553513481251,8.3785020557454,TRUE,NA
"u",2.39,-0.220230876199843,2.20187896723217,3.13865977135421,2.79105635564309,8.41350163883175,TRUE,NA
"u",2.4,-0.220229957470264,2.20809620984658,3.14614841203127,2.79656808103206,8.44850123416735,TRUE,NA
"u",2.41,-0.220229065672551,2.21430021696394,3.15362004449241,2.80207035952881,8.483500841367,TRUE,NA
"u",2.42,-0.220228199961888,2.2204910723948,3.16107477308822,2.80756323927284,8.51850046005845,TRUE,NA
"u",2.43,-0.220227359521792,2.22666885906543,3.16851270114794,2.81304676799852,8.55350008988194,TRUE,NA
"u",2.44,-0.220226543563103,2.23283365903093,3.17593393099312,2.81852099303979,8.58849973048975,TRUE,NA
"u",2.45,-0.220225751323001,2.23898555348796,3.18333856395097,2.8239859613348,8.62349938154578,TRUE,NA
"u",2.46,-0.220224982064078,2.24512462278735,3.19072670036753,2.82944171943045,8.65849904272512,TRUE,NA
"u",2.47,-0.220224235073419,2.25125094644636,3.19809843962061,2.83488831348691,8.69349871371367,TRUE,NA
"u",2.48,-0.220223509661751,2.25736460316082,3.20545388013252,2.84032578928202,8.72849839420774,TRUE,NA
"u",2.49,-0.220222805162588,2.26346567081694,3.21279311938256,2.8457541922157,8.76349808391368,TRUE,NA
"u",2.5,-0.220222120931443,2.26955422650302,3.22011625391937,2.85117356731424,8.79849778254754,TRUE,NA
"u",2.51,-0.220221456345042,2.27563034652081,3.22742337937299,2.85658395923453,8.83349748983473,TRUE,NA
"u",2.52,-0.220220810800587,2.28169410639681,3.2347145904668,2.86198541226827,8.86849720550967,TRUE,NA
"u",2.53,-0.220220183715029,2.2877455808932,3.24198998102923,2.86737797034607,8.90349692931548,TRUE,NA
"u",2.54,-0.220219574524387,2.29378484401871,3.24924964400528,2.87276167704154,8.9384966610037,TRUE,NA
"u",2.55,-0.22021898268308,2.29981196903924,3.25649367146785,2.87813657557527,8.97349640033397,TRUE,NA
"u",2.56,-0.220218407663277,2.30582702848826,3.2637221546289,2.88350270881882,9.00849614707375,TRUE,NA
"u",2.57,-0.220217848954303,2.31183009417706,3.27093518385042,2.8888601192986,9.04349590099806,TRUE,NA
"u",2.58,-0.220217306062017,2.31782123720483,3.27813284865526,2.89420884919969,9.07849566188921,TRUE,NA
"u",2.59,-0.220216778508266,2.32380052796851,3.2853152377377,2.89954894036967,9.11349542953656,TRUE,NA
"u",2.6,-0.220216265830315,2.32976803617248,3.29248243897395,2.90488043432233,9.14849520373625,TRUE,NA
"u",2.61,-0.220215767580329,2.33572383083814,3.29963453943243,2.91020337224134,9.18349498429099,TRUE,NA
"u",2.62,-0.220215283324857,2.34166798031323,3.30677162538387,2.91551779498394,9.21849477100985,TRUE,NA
"u",2.63,-0.220214812644335,2.34760055228105,3.31389378231133,2.92082374308444,9.25349456370798,TRUE,NA
"u",2.64,-0.220214355132623,2.35352161376947,3.32100109491996,2.92612125675784,9.28849436220648,TRUE,NA
"u",2.65,-0.220213910396537,2.35943123115983,3.3280936471467,2.93141037590323,9.32349416633213,TRUE,NA
"u",2.66,-0.220213478055413,2.36532947019568,3.33517152216974,2.93669114010729,9.35849397591726,TRUE,NA
"u",2.67,-0.220213057740681,2.37121639599133,3.34223480241792,2.94196358864766,9.3934937907995,TRUE,NA
"u",2.68,-0.220212649095456,2.37709207304026,3.3492835695799,2.94722776049626,9.42849361082164,TRUE,NA
"u",2.69,-0.220212251774148,2.38295656522345,3.35631790461327,2.95248369432262,9.46349343583144,TRUE,NA
"u",2.7,-0.22021186544207,2.3888099358175,3.36333788775345,2.95773142849711,9.49849326568148,TRUE,NA
"u",2.71,-0.220211489775085,2.39465224750259,3.3703435985225,2.96297100109415,9.53349310022896,TRUE,NA
"u",2.72,-0.220211124459241,2.40048356237043,3.37733511573778,2.9682024498954,9.5684929393356,TRUE,NA
"u",2.73,-0.220210769190439,2.4063039419319,3.38431251752042,2.97342581239284,9.60349278286744,TRUE,NA
"u",2.74,-0.220210423674093,2.41211344712473,3.39127588130381,2.97864112579187,9.63849263069472,TRUE,NA
"u",2.75,-0.220210087624826,2.41791213832092,3.39822528384178,2.98384842701437,9.67349248269173,TRUE,NA
"u",2.76,-0.220209760766154,2.42370007533413,3.40516080121679,2.98904775270167,9.70849233873669,TRUE,NA
"u",2.77,-0.220209442830196,2.42947731742688,3.41208250884792,2.99423913921749,9.74349219871159,TRUE,NA
"u",2.78,-0.220209133557384,2.43524392331766,3.4189904814988,2.99942262265091,9.77849206250209,TRUE,NA
"u",2.79,-0.220208832696196,2.44099995118795,3.42588479328534,3.00459823881921,9.81349192999742,TRUE,NA
"u",2.8,-0.220208540002884,2.44674545868904,3.43276551768346,3.00976602327072,9.8484918010902,TRUE,NA
"u",2.81,-0.220208255241221,2.45248050294883,3.43963272753657,3.01492601128763,9.88349167567638,TRUE,NA
"u",2.82,-0.220207978182255,2.4582051405785,3.44648649506305,3.02007823788874,9.91849155365512,TRUE,NA
"u",2.83,-0.220207708604067,2.46391942767899,3.45332689186355,3.02522273783223,9.95349143492865,TRUE,NA
"u",2.84,-0.220207446291547,2.4696234198475,3.46015398892824,3.03035954561828,9.98849131940224,TRUE,NA
"u",2.85,-0.220207191036165,2.47531717218378,3.46696785664386,3.03548869549181,10.023491206984,TRUE,NA
"u",2.86,-0.220206942635764,2.48100073929637,3.47376856480079,3.04061022144506,10.058491097585,TRUE,NA
"u",2.87,-0.220206700894349,2.48667417530876,3.48055618259994,3.04572415722017,10.0934909911188,TRUE,NA
"u",2.88,-0.220206465621884,2.49233753386537,3.48733077865952,3.05083053631177,10.1284908875017,TRUE,NA
"u",2.89,-0.220206236634108,2.49799086813751,3.49409242102177,3.05592939196949,10.1634907866526,TRUE,NA
"u",2.9,-0.22020601375234,2.50363423082925,3.50084117715954,3.06102075720042,10.1984906884927,TRUE,NA
"u",2.91,-0.220205796803304,2.50926767418313,3.50757711398286,3.06610466477163,10.2334905929458,TRUE,NA
"u",2.92,-0.220205585618954,2.5148912499858,3.51430029784527,3.07118114721253,10.2684904999378,TRUE,NA
"u",2.93,-0.220205380036305,2.52050500957367,3.52101079455024,3.07625023681732,10.3034904093969,TRUE,NA
"u",2.94,-0.220205179897279,2.52610900383829,3.52770866935731,3.0813119656473,10.3384903212536,TRUE,NA
"u",2.95,-0.22020498504853,2.53170328323184,3.5343939869883,3.08636636553327,10.3734902354402,TRUE,NA
"u",2.96,-0.220204795341315,2.53728789777235,3.54106681163333,3.09141346807778,10.4084901518913,TRUE,NA
"u",2.97,-0.220204610631331,2.54286289704902,3.54772720695682,3.09645330465743,10.4434900705433,TRUE,NA
"u",2.98,-0.220204430778583,2.5484283302273,3.55437523610334,3.1014859064251,10.4784899913345,TRUE,NA
"u",2.99,-0.220204255647245,2.55398424605399,3.56101096170345,3.1065113043122,10.5134899142052,TRUE,NA
"u",3,-0.220204085105528,2.55953069286223,3.56763444587939,3.11152952903083,10.5484898390972,TRUE,NA
"u",3.01,-0.220203919025546,2.56506771857639,3.57424575025072,3.11654061107594,10.5834897659542,TRUE,NA
"u",3.02,-0.220203757283211,2.57059537071696,3.58084493593993,3.12154458072751,10.6184896947216,TRUE,NA
"u",3.03,-0.220203599758093,2.57611369640526,3.58743206357785,3.12654146805258,10.6534896253464,TRUE,NA
"u",3.04,-0.220203446333318,2.58162274236818,3.59400719330911,3.13153130290743,10.6884895577771,TRUE,NA
"u",3.05,-0.220203296895453,2.58712255494277,3.60057038479743,3.13651411493956,10.7234894919636,TRUE,NA
"u",3.06,-0.220203151334394,2.59261318008082,3.60712169723094,3.14148993358974,10.7584894278576,TRUE,NA
"u",3.07,-0.220203009543273,2.59809466335331,3.61366118932729,3.14645878809403,10.7934893654119,TRUE,NA
"u",3.08,-0.220202871418349,2.60356704995487,3.62018891933883,3.15142070748577,10.8284893045809,TRUE,NA
"u",3.09,-0.220202736858909,2.60903038470812,3.62670494505759,3.15637572059749,10.8634892453202,TRUE,NA
"u",3.1,-0.220202605767183,2.61448471206792,3.63320932382033,3.1613238560629,10.8984891875867,TRUE,NA
"u",3.11,-0.220202478048241,2.61993007612566,3.63970211251336,3.16626514231875,10.9334891313386,TRUE,NA
"u",3.12,-0.220202353609919,2.62536652061335,3.64618336757746,3.17119960760676,10.9684890765353,TRUE,NA
"u",3.13,-0.220202232362723,2.6307940889078,3.65265314501259,3.17612727997545,11.0034890231375,TRUE,NA
"u",3.14,-0.22020211421975,2.63621282403458,3.65911150038263,3.18104818728197,11.0384889711068,TRUE,NA
"u",3.15,-0.220201999096611,2.64162276867206,3.66555848882005,3.18596235719398,11.0734889204061,TRUE,NA
"u",3.16,-0.22020188691135,2.64702396515531,3.67199416503042,3.19086981719136,11.1084888709993,TRUE,NA
"u",3.17,-0.220201777584373,2.65241645547998,3.678418583297,3.19577059456805,11.1434888228513,TRUE,NA
"u",3.18,-0.220201671038374,2.65780028130607,3.68483179748518,3.20066471643378,11.1784887759281,TRUE,NA
"u",3.19,-0.220201567198262,2.66317548396175,3.69123386104688,3.20555220971579,11.2134887301966,TRUE,NA
"u",3.2,-0.220201465991101,2.66854210444702,3.69762482702486,3.21043310116057,11.2484886856246,TRUE,NA
"u",3.21,-0.220201367346041,2.67390018343735,3.70400474805706,3.2153074173355,11.2834886421811,TRUE,NA
"u",3.22,-0.220201271194251,2.67924976128731,3.71037367638081,3.22017518463059,11.3184885998356,TRUE,NA
"u",3.23,-0.220201177468864,2.6845908780341,3.71673166383697,3.22503642926005,11.3534885585587,TRUE,NA
"u",3.24,-0.220201086104915,2.68992357340103,3.7230787618741,3.22989117726401,11.3884885183218,TRUE,NA
"u",3.25,-0.220200997039282,2.695247886801,3.72941502155246,3.23473945451005,11.4234884790971,TRUE,NA
"u",3.26,-0.220200910210631,2.70056385733986,3.73574049354809,3.23958128669483,11.4584884408576,TRUE,NA
"u",3.27,-0.220200825559369,2.70587152381979,3.74205522815671,3.24441669934568,11.493488403577,TRUE,NA
"u",3.28,-0.220200743027579,2.71117092474256,3.74835927529766,3.2492457178221,11.5284883672299,TRUE,NA
"u",3.29,-0.220200662558985,2.71646209831285,3.75465268451774,3.25406836731737,11.5634883317914,TRUE,NA
"u",3.3,-0.220200584098888,2.7217450824414,3.76093550499503,3.25888467286,11.5984882972375,TRUE,NA
"u",3.31,-0.220200507594131,2.72701991474823,3.76720778554261,3.26369465931529,11.6334882635447,TRUE,NA
"u",3.32,-0.220200432993043,2.73228663256569,3.77346957461232,3.26849835138675,11.6684882306903,TRUE,NA
"u",3.33,-0.220200360245405,2.73754527294162,3.77972092029839,3.27329577361764,11.7034881986522,TRUE,NA
"u",3.34,-0.220200289302402,2.74279587264233,3.78596187034103,3.27808695039235,11.7384881674089,TRUE,NA
"u",3.35,-0.220200220116577,2.74803846815564,3.79219247213005,3.28287190593788,11.7734881369394,TRUE,NA
"u",3.36,-0.220200152641798,2.75327309569378,3.79841277270834,3.28765066432524,11.8084881072235,TRUE,NA
"u",3.37,-0.220200086833217,2.75849979119634,3.80462281877538,3.29242324947084,11.8434880782414,TRUE,NA
"u",3.38,-0.220200022647229,2.76371859033316,3.81082265669063,3.29718968513791,11.8784880499738,TRUE,NA
"u",3.39,-0.220199960041441,2.76892952850712,3.81701233247696,3.3019499949378,11.9134880224022,TRUE,NA
"u",3.4,-0.220199898974629,2.77413264085697,3.82319189182397,3.30670420233141,11.9484879955084,TRUE,NA
"u",3.41,-0.220199839406711,2.77932796226009,3.82936138009131,3.31145233063048,11.9834879692747,TRUE,NA
"u",3.42,-0.220199781298711,2.78451552733517,3.83552084231193,3.31619440299893,12.018487943684,TRUE,NA
"u",3.43,-0.220199724612724,2.78969537044497,3.84167032319532,3.32093044245414,12.0534879187195,TRUE,NA
"u",3.44,-0.220199669311888,2.7948675256989,3.84780986713066,3.32566047186828,12.0884878943651,TRUE,NA
"u",3.45,-0.220199615360354,2.80003202695568,3.85393951818999,3.33038451396958,12.1234878706048,TRUE,NA
"u",3.46,-0.220199562723254,2.8051889078259,3.86005932013133,3.33510259134356,12.1584878474235,TRUE,NA
"u",3.47,-0.220199511366672,2.81033820167456,3.86616931640168,3.33981472643431,12.1934878248061,TRUE,NA
"u",3.48,-0.220199461257623,2.81547994162361,3.87226955014011,3.34452094154574,12.2284878027381,TRUE,NA
"u",3.49,-0.220199412364019,2.8206141605544,3.87836006418072,3.34922125884274,12.2634877812055,TRUE,NA
"u",3.5,-0.220199364654645,2.82574089111015,3.88444090105561,3.35391570035245,12.2984877601943,TRUE,NA
"u",3.51,-0.220199318099134,2.83086016569834,3.89051210299777,3.35860428796544,12.3334877396913,TRUE,NA
"u",3.52,-0.220199272667944,2.83597201649311,3.89657371194399,3.36328704343686,12.3684877196835,TRUE,NA
"u",3.53,-0.220199228332333,2.84107647543763,3.90262576953768,3.36796398838764,12.4034877001582,TRUE,NA
"u",3.54,-0.220199185064339,2.84617357424638,3.9086683171317,3.37263514430564,12.438487681103,TRUE,NA
"u",3.55,-0.220199142836751,2.85126334440748,3.91470139579113,3.37730053254678,12.473487662506,TRUE,NA
"u",3.56,-0.220199101623092,2.85634581718491,3.92072504629601,3.38196017433617,12.5084876443556,TRUE,NA
"u",3.57,-0.220199061397603,2.8614210236208,3.92673930914407,3.38661409076927,12.5434876266404,TRUE,NA
"u",3.58,-0.22019902213521,2.8664889945376,3.93274422455337,3.39126230281291,12.5784876093493,TRUE,NA
"u",3.59,-0.220198983811517,2.87154976054025,3.93873983246498,3.39590483130647,12.6134875924716,TRUE,NA
"u",3.6,-0.220198946402781,2.87660335201834,3.94472617254558,3.40054169696291,12.6484875759969,TRUE,NA
"u",3.61,-0.220198909885891,2.88164979914824,3.95070328419005,3.40517292036986,12.6834875599149,TRUE,NA
"u",3.62,-0.220198874238356,2.8866891318952,3.956671206524,3.40979852199066,12.7184875442158,TRUE,NA
"u",3.63,-0.220198839438285,2.89172138001538,3.96262997840633,3.41441852216544,12.75348752889,TRUE,NA
"u",3.64,-0.220198805464368,2.89674657305792,3.96857963843167,3.4190329411121,12.7884875139279,TRUE,NA
"u",3.65,-0.220198772295865,2.90176474036697,3.9745202249329,3.42364179892741,12.8234874993206,TRUE,NA
"u",3.66,-0.22019873991258,2.90677591108366,3.98045177598354,3.42824511558796,12.8584874850591,TRUE,NA
"u",3.67,-0.220198708294859,2.91178011414807,3.98637432940017,3.43284291095117,12.8934874711347,TRUE,NA
"u",3.68,-0.220198677423566,2.91677737830117,3.9922879227448,3.43743520475632,12.9284874575391,TRUE,NA
"u",3.69,-0.220198647280068,2.92176773208675,3.99819259332724,3.44202201662549,12.963487444264,TRUE,NA
"u",3.7,-0.220198617846226,2.92675120385329,4.00408837820738,3.44660336606457,12.9984874313014,TRUE,NA
"u",3.71,-0.220198589104378,2.93172782175587,4.00997531419753,3.45117927246416,13.0334874186436,TRUE,NA
"u",3.72,-0.220198561037327,2.93669761375798,4.01585343786464,3.45574975510058,13.0684874062829,TRUE,NA
"u",3.73,-0.220198533628329,2.94166060763336,4.0217227855326,3.4603148331368,13.1034873942121,TRUE,NA
"u",3.74,-0.220198506861073,2.94661683096781,4.0275833932844,3.46487452562334,13.1384873824238,TRUE,NA
"u",3.75,-0.220198480719685,2.95156631116095,4.03343529696434,3.4694288514992,13.1734873709113,TRUE,NA
"u",3.76,-0.220198455188695,2.956509075428,4.03927853218019,3.4739778295928,13.2084873596675,TRUE,NA
"u",3.77,-0.220198430253046,2.96144515080151,4.04511313430535,3.47852147862286,13.2434873486859,TRUE,NA
"u",3.78,-0.220198405898068,2.96637456413307,4.05093913848093,3.48305981719927,13.2784873379601,TRUE,NA
"u",3.79,-0.220198382109474,2.97129734209502,4.05675657961789,3.48759286382403,13.3134873274836,TRUE,NA
"u",3.8,-0.220198358873351,2.97621351118211,4.06256549239904,3.49212063689205,13.3484873172505,TRUE,NA
"u",3.81,-0.220198336176141,2.98112309771317,4.06836591128113,3.49664315469208,13.3834873072547,TRUE,NA
"u",3.82,-0.220198314004643,2.98602612783273,4.07415787049688,3.50116043540753,13.4184872974905,TRUE,NA
"u",3.83,-0.220198292345995,2.99092262751264,4.07994140405694,3.50567249711734,13.4534872879521,TRUE,NA
"u",3.84,-0.220198271187668,2.99581262255369,4.08571654575187,3.51017935779677,13.488487278634,TRUE,NA
"u",3.85,-0.220198250517455,3.00069613858714,4.09148332915413,3.51468103531829,13.5234872695309,TRUE,NA
"u",3.86,-0.220198230323464,3.00557320107632,4.09724178761996,3.51917754745237,13.5584872606376,TRUE,NA
"u",3.87,-0.22019821059411,3.01044383531817,4.10299195429133,3.52366891186828,13.5934872519488,TRUE,NA
"u",3.88,-0.220198191318105,3.01530806644473,4.10873386209781,3.52815514613494,13.6284872434598,TRUE,NA
"u",3.89,-0.220198172484449,3.02016591942467,4.11446754375842,3.53263626772165,13.6634872351655,TRUE,NA
"u",3.9,-0.220198154082426,3.02501741906477,4.12019303178351,3.53711229399894,13.6984872270613,TRUE,NA
"u",3.91,-0.220198136101591,3.0298625900114,4.12591035847657,3.54158324223931,13.7334872191426,TRUE,NA
"u",3.92,-0.220198118531768,3.03470145675195,4.13161955593602,3.54604912961803,13.7684872114049,TRUE,NA
"u",3.93,-0.220198101363041,3.03953404361628,4.137320656057,3.55050997321387,13.8034872038439,TRUE,NA
"u",3.94,-0.220198084585744,3.04436037477813,4.14301369053318,3.5549657900099,13.8384871964552,TRUE,NA
"u",3.95,-0.220198068190458,3.04918047425654,4.14869869085843,3.55941659689419,13.8734871892348,TRUE,NA
"u",3.96,-0.220198052168006,3.05399436591723,4.1543756883286,3.56386241066059,13.9084871821786,TRUE,NA
"u",3.97,-0.220198036509437,3.05880207347395,4.16004471404321,3.56830324800946,13.9434871752826,TRUE,NA
"u",3.98,-0.220198021206033,3.06360362048984,4.16570579890715,3.57273912554838,13.9784871685431,TRUE,NA
"u",3.99,-0.220198006249292,3.06839903037881,4.17135897363234,3.57717005979286,14.0134871619562,TRUE,NA
"u",4,-0.220197991630931,3.0731883264068,4.17700426873938,3.5815960671671,14.0484871555183,TRUE,NA
"u",4.01,-0.220197977342872,3.07797153169313,4.1826417145592,3.58601716400464,14.0834871492259,TRUE,NA
"u",4.02,-0.220197963377242,3.08274866921179,4.18827134123464,3.59043336654909,14.1184871430755,TRUE,NA
"u",4.03,-0.220197949726364,3.0875197617927,4.19389317872212,3.59484469095482,14.1534871370637,TRUE,NA
"u",4.04,-0.220197936382757,3.092284832123,4.19950725679314,3.59925115328763,14.1884871311872,TRUE,NA
"u",4.05,-0.220197923339127,3.09704390274828,4.2051136050359,3.60365276952545,14.2234871254429,TRUE,NA
"u",4.06,-0.220197910588358,3.10179699607382,4.21071225285682,3.60804955555898,14.2584871198275,TRUE,NA
"u",4.07,-0.220197898123516,3.1065441343658,4.21630322948212,3.61244152719239,14.293487114338,TRUE,NA
"u",4.08,-0.220197885937842,3.11128533975256,4.22188656395924,3.61682870014394,14.3284871089715,TRUE,NA
"u",4.09,-0.220197874024742,3.11602063422572,4.22746228515844,3.62121109004667,14.363487103725,TRUE,NA
"u",4.1,-0.220197862377786,3.12075003964143,4.23303042177424,3.62558871244902,14.3984870985957,TRUE,NA
"u",4.11,-0.220197850990705,3.12547357772149,4.23859100232687,3.62996158281548,14.4334870935809,TRUE,NA
"u",4.12,-0.220197839857386,3.13019127005453,4.24414405516375,3.63432971652721,14.4684870886779,TRUE,NA
"u",4.13,-0.220197828971868,3.13490313809714,4.24968960846093,3.63869312888269,14.5034870838839,TRUE,NA
"u",4.14,-0.220197818328336,3.13960920317501,4.25522769022447,3.64305183509832,14.5384870791966,TRUE,NA
"u",4.15,-0.220197807921119,3.14430948648406,4.26075832829191,3.64740585030904,14.5734870746133,TRUE,NA
"u",4.16,-0.220197797744687,3.14900400909151,4.2662815503336,3.65175518956894,14.6084870701316,TRUE,NA
"u",4.17,-0.220197787793645,3.15369279193699,4.27179738385412,3.65609986785188,14.6434870657492,TRUE,NA
"u",4.18,-0.220197778062734,3.15837585583365,4.27730585619362,3.66043990005204,14.6784870614638,TRUE,NA
"u",4.19,-0.220197768546819,3.16305322146918,4.28280699452918,3.66477530098456,14.713487057273,TRUE,NA
"u",4.2,-0.220197759240897,3.16772490940691,4.28830082587614,3.66910608538613,14.7484870531747,TRUE,NA
"u",4.21,-0.220197750140086,3.17239094008682,4.29378737708943,3.67343226791551,14.7834870491668,TRUE,NA
"u",4.22,-0.220197741239619,3.17705133382661,4.29926667486486,3.67775386315417,14.818487045247,TRUE,NA
"u",4.23,-0.220197732534852,3.1817061108227,4.30473874574042,3.68207088560682,14.8534870414135,TRUE,NA
"u",4.24,-0.220197724021251,3.18635529115126,4.31020361609757,3.68638334970199,14.8884870376641,TRUE,NA
"u",4.25,-0.220197715694389,3.19099889476919,4.3156613121625,3.69069126979259,14.923487033997,TRUE,NA
"u",4.26,-0.220197707549957,3.19563694151514,4.32111186000739,3.69499466015646,14.9584870304103,TRUE,NA
"u",4.27,-0.220197699583744,3.20026945111047,4.32655528555161,3.69929353499692,14.993487026902,TRUE,NA
"u",4.28,-0.220197691791639,3.20489644316021,4.33199161456304,3.7035879084433,15.0284870234704,TRUE,NA
"u",4.29,-0.220197684169638,3.20951793715406,4.33742087265918,3.7078777945515,15.0634870201137,TRUE,NA
"u",4.3,-0.220197676713826,3.2141339524673,4.34284308530844,3.7121632073045,15.0984870168302,TRUE,NA
"u",4.31,-0.22019766942039,3.21874450836175,4.34825827783128,3.71644416061292,15.1334870136182,TRUE,NA
"u",4.32,-0.220197662285604,3.22334962398671,4.3536664754014,3.72072066831551,15.168487010476,TRUE,NA
"u",4.33,-0.220197655305837,3.22794931837984,4.35906770304692,3.72499274417967,15.2034870074022,TRUE,NA
"u",4.34,-0.220197648477541,3.2325436104681,4.36446198565153,3.72926040190201,15.238487004395,TRUE,NA
"u",4.35,-0.220197641797253,3.23713251906867,4.36984934795561,3.73352365510878,15.2734870014531,TRUE,NA
"u",4.36,-0.220197635261597,3.24171606288979,4.37522981455742,3.73778251735647,15.3084869985748,TRUE,NA
"u",4.37,-0.220197628867279,3.24629426053169,4.38060340991416,3.7420370021322,15.3434869957588,TRUE,NA
"u",4.38,-0.220197622611076,3.25086713048743,4.38597015834311,3.74628712285432,15.3784869930036,TRUE,NA
"u",4.39,-0.220197616489851,3.25543469114378,4.39133008402273,3.75053289287284,15.4134869903078,TRUE,NA
"u",4.4,-0.220197610500539,3.25999696078208,4.39668321099375,3.75477432546991,15.4484869876701,TRUE,NA
"u",4.41,-0.220197604640146,3.26455395757907,4.40202956316021,3.75901143386034,15.4834869850893,TRUE,NA
"u",4.42,-0.220197598905754,3.26910569960773,4.40736916429059,3.76324423119206,15.5184869825639,TRUE,NA
"u",4.43,-0.22019759329451,3.27365220483812,4.41270203801882,3.76747273054658,15.5534869800927,TRUE,NA
"u",4.44,-0.22019758780363,3.27819349113821,4.41802820784533,3.77169694493946,15.5884869776745,TRUE,NA
"u",4.45,-0.220197582430399,3.28272957627464,4.4233476971381,3.77591688732082,15.6234869753082,TRUE,NA
"u",4.46,-0.220197577172165,3.2872604779136,4.42866052913367,3.78013257057571,15.6584869729925,TRUE,NA
"u",4.47,-0.220197572026335,3.29178621362154,4.43396672693818,3.78434400752467,15.6934869707263,TRUE,NA
"u",4.48,-0.220197566990385,3.29630680086605,4.43926631352834,3.7885512109241,15.7284869685085,TRUE,NA
"u",4.49,-0.220197562061843,3.30082225701655,4.44455931175245,3.79275419346674,15.763486966338,TRUE,NA
"u",4.5,-0.220197557238302,3.30533259934512,4.44984574433138,3.79695296778213,15.7984869642137,TRUE,NA
"u",4.51,-0.220197552517407,3.30983784502726,4.45512563385954,3.80114754643702,15.8334869621347,TRUE,NA
"u",4.52,-0.22019754789686,3.3143380111426,4.46039900280586,3.80533794193581,15.8684869600998,TRUE,NA
"u",4.53,-0.220197543374418,3.31883311467571,4.46566587351473,3.80952416672101,15.9034869581081,TRUE,NA
"u",4.54,-0.220197538947891,3.32332317251678,4.47092626820695,3.81370623317362,15.9384869561587,TRUE,NA
"u",4.55,-0.220197534615139,3.32780820146242,4.47618020898068,3.81788415361362,15.9734869542506,TRUE,NA
"u",4.56,-0.220197530374071,3.33228821821632,4.48142771781237,3.82205794030032,16.0084869523828,TRUE,NA
"u",4.57,-0.220197526222649,3.33676323939001,4.48666881655767,3.82622760543282,16.0434869505546,TRUE,NA
"u",4.58,-0.220197522158881,3.34123328150356,4.49190352695234,3.83039316115043,16.0784869487649,TRUE,NA
"u",4.59,-0.220197518180816,3.3456983609863,4.49713187061317,3.83455461953303,16.113486947013,TRUE,NA
"u",4.6,-0.22019751428656,3.35015849417746,4.50235386903885,3.83871199260153,16.148486945298,TRUE,NA
"u",4.61,-0.220197510474252,3.35461369732695,4.50756954361089,3.84286529231825,16.1834869436191,TRUE,NA
"u",4.62,-0.22019750674208,3.35906398659597,4.51277891559445,3.84701453058731,16.2184869419754,TRUE,NA
"u",4.63,-0.220197503088276,3.36350937805772,4.51798200613925,3.85115971925504,16.2534869403663,TRUE,NA
"u",4.64,-0.220197499511105,3.36794988769806,4.52317883628044,3.85530087011038,16.2884869387909,TRUE,NA
"u",4.65,-0.22019749600888,3.37238553141619,4.52836942693939,3.85943799488524,16.3234869372486,TRUE,NA
"u",4.66,-0.220197492579952,3.37681632502529,4.5335537989246,3.86357110525489,16.3584869357385,TRUE,NA
"u",4.67,-0.22019748922271,3.38124228425317,4.5387319729325,3.86770021283838,16.39348693426,TRUE,NA
"u",4.68,-0.220197485935571,3.38566342474292,4.54390396954829,3.87182532919887,16.4284869328123,TRUE,NA
"u",4.69,-0.220197482717003,3.39007976205356,4.54906980924678,3.87594646584403,16.4634869313949,TRUE,NA
"u",4.7,-0.220197479565502,3.39449131166067,4.55422951239317,3.88006363422643,16.498486930007,TRUE,NA
"u",4.71,-0.220197476479599,3.39889808895698,4.55938309924386,3.88417684574384,16.533486928648,TRUE,NA
"u",4.72,-0.220197473457858,3.40330010925303,4.56453058994728,3.8882861117397,16.5684869273172,TRUE,NA
"u",4.73,-0.220197470498879,3.40769738777779,4.56967200454464,3.89239144350338,16.6034869260141,TRUE,NA
"u",4.74,-0.220197467601291,3.41208993967923,4.57480736297076,3.8964928522706,16.638486924738,TRUE,NA
"u",4.75,-0.220197464763756,3.41647778002495,4.57993668505479,3.90059034922377,16.6734869234884,TRUE,NA
"u",4.76,-0.220197461984966,3.42086092380277,4.58505999052104,3.90468394549236,16.7084869222646,TRUE,NA
"u",4.77,-0.220197459263643,3.42523938592131,4.59017729898968,3.90877365215321,16.7434869210662,TRUE,NA
"u",4.78,-0.220197456598541,3.4296131812106,4.59528862997753,3.91285948023092,16.7784869198925,TRUE,NA
"u",4.79,-0.220197453988438,3.43398232442263,4.60039400289883,3.91694144069815,16.813486918743,TRUE,NA
"u",4.8,-0.220197451432143,3.43834683023196,4.60549343706594,3.92101954447602,16.8484869176172,TRUE,NA
"u",4.81,-0.220197448928486,3.44270671323626,4.61058695169007,3.92509380243441,16.8834869165146,TRUE,NA
"u",4.82,-0.220197446476337,3.44706198795686,4.61567456588205,3.92916422539228,16.9184869154347,TRUE,NA
"u",4.83,-0.220197444074578,3.45141266883936,4.62075629865303,3.93323082411804,16.953486914377,TRUE,NA
"u",4.84,-0.220197441722123,3.45575877025414,4.62583216891517,3.93729360932987,16.988486913341,TRUE,NA
"u",4.85,-0.220197439417906,3.46010030649692,4.63090219548238,3.94135259169605,17.0234869123262,TRUE,NA
"u",4.86,-0.220197437160889,3.4644372917893,4.63596639707103,3.94540778183524,17.0584869113322,TRUE,NA
"u",4.87,-0.22019743495006,3.46876974027931,4.64102479230061,3.94945919031687,17.0934869103586,TRUE,NA
"u",4.88,-0.220197432784429,3.47309766604192,4.64607739969442,3.95350682766143,17.1284869094049,TRUE,NA
"u",4.89,-0.220197430663016,3.4774210830796,4.6511242376803,3.95755070434077,17.1634869084706,TRUE,NA
"u",4.9,-0.220197428584879,3.4817400053228,4.65616532459125,3.96159083077843,17.1984869075554,TRUE,NA
"u",4.91,-0.220197426549093,3.48605444663051,4.66120067866614,3.96562721734997,17.2334869066588,TRUE,NA
"u",4.92,-0.220197424554749,3.49036442079074,4.66623031805036,3.96965987438323,17.2684869057805,TRUE,NA
"u",4.93,-0.220197422600963,3.49466994152105,4.67125426079645,3.97368881215869,17.3034869049201,TRUE,NA
"u",4.94,-0.220197420686868,3.49897102246903,4.67627252486482,3.97771404090972,17.3384869040771,TRUE,NA
"u",4.95,-0.220197418811619,3.50326767721284,4.68128512812433,3.98173557082295,17.3734869032513,TRUE,NA
"u",4.96,-0.220197416974386,3.50755991926167,4.68629208835297,3.98575341203849,17.4084869024422,TRUE,NA
"u",4.97,-0.220197415174361,3.51184776205623,4.69129342323848,3.98976757465029,17.4434869016495,TRUE,NA
"u",4.98,-0.220197413410757,3.51613121896925,4.69628915037898,3.9937780687064,17.4784869008728,TRUE,NA
"u",4.99,-0.220197411682797,3.52041030330595,4.7012792872836,3.99778490420927,17.5134869001118,TRUE,NA
"u",5,-0.220197409989725,3.52468502830454,4.7062638513731,4.00178809111604,17.5484868993662,TRUE,NA
"u",5.01,-0.220197408330799,3.52895540713665,4.71124285998047,4.00578763933882,17.5834868986356,TRUE,NA
"u",5.02,-0.220197406705303,3.53322145290783,4.71621633035154,4.00978355874499,17.6184868979197,TRUE,NA
"u",5.03,-0.220197405112527,3.53748317865802,4.72118427964561,4.01377585915748,17.6534868972183,TRUE,NA
"u",5.04,-0.220197403551779,3.54174059736197,4.726146724936,4.01776455035503,17.6884868965309,TRUE,NA
"u",5.05,-0.220197402022386,3.54599372192975,4.7311036832107,4.02174964207247,17.7234868958574,TRUE,NA
"u",5.06,-0.220197400523682,3.55024256520715,4.7360551713729,4.02573114400103,17.7584868951974,TRUE,NA
"u",5.07,-0.220197399055025,3.55448713997615,4.74100120624159,4.02970906578857,17.7934868945506,TRUE,NA
"u",5.08,-0.220197397615785,3.55872745895538,4.74594180455216,4.03368341703989,17.8284868939168,TRUE,NA
"u",5.09,-0.22019739620534,3.56296353480052,4.75087698295694,4.03765420731694,17.8634868932956,TRUE,NA
"u",5.1,-0.220197394823086,3.56719538010478,4.7558067580258,4.04162144613916,17.8984868926869,TRUE,NA
"u",5.11,-0.220197393468432,3.57142300739929,4.76073114624667,4.0455851429837,17.9334868920903,TRUE,NA
"u",5.12,-0.220197392140802,3.57564642915356,4.76565016402612,4.04954530728569,17.9684868915056,TRUE,NA
"u",5.13,-0.220197390839631,3.57986565777588,4.77056382768993,4.05350194843851,18.0034868909326,TRUE,NA
"u",5.14,-0.220197389564363,3.58408070561376,4.7754721534836,4.05745507579401,18.038486890371,TRUE,NA
"u",5.15,-0.220197388314458,3.58829158495433,4.78037515757291,4.06140469866283,18.0734868898205,TRUE,NA
"u",5.16,-0.220197387089387,3.59249830802477,4.78527285604446,4.06535082631461,18.108486889281,TRUE,NA
"u",5.17,-0.220197385888636,3.59670088699269,4.79016526490622,4.06929346797824,18.1434868887522,TRUE,NA
"u",5.18,-0.220197384711694,3.60089933396658,4.795052400088,4.07323263284215,18.1784868882339,TRUE,NA
"u",5.19,-0.220197383558071,3.60509366099616,4.79993427744205,4.0771683300545,18.2134868877258,TRUE,NA
"u",5.2,-0.220197382427275,3.60928388007284,4.80481091274354,4.08110056872347,18.2484868872278,TRUE,NA
"u",5.21,-0.220197381318843,3.61347000313005,4.80968232169105,4.08502935791749,18.2834868867397,TRUE,NA
"u",5.22,-0.220197380232299,3.61765204204367,4.81454851990714,4.0889547066655,18.3184868862612,TRUE,NA
"u",5.23,-0.220197379167201,3.62183000863241,4.81940952293882,4.09287662395714,18.3534868857921,TRUE,NA
"u",5.24,-0.2201973781231,3.62600391465821,4.82426534625804,4.09679511874305,18.3884868853323,TRUE,NA
"u",5.25,-0.220197377099562,3.63017377182659,4.82911600526224,4.10071019993507,18.4234868848815,TRUE,NA
"u",5.26,-0.220197376096161,3.63433959178705,4.83396151527478,4.10462187640648,18.4584868844396,TRUE,NA
"u",5.27,-0.220197375112486,3.63850138613343,4.83880189154547,4.10853015699224,18.4934868840064,TRUE,NA
"u",5.28,-0.220197374148131,3.64265916640431,4.84363714925105,4.11243505048923,18.5284868835817,TRUE,NA
"u",5.29,-0.220197373202692,3.64681294408336,4.84846730349567,4.11633656565645,18.5634868831654,TRUE,NA
"u",5.3,-0.220197372275786,3.65096273059967,4.85329236931135,4.12023471121527,18.5984868827572,TRUE,NA
"u",5.31,-0.220197371367027,3.6551085373282,4.85811236165849,4.12412949584966,18.6334868823569,TRUE,NA
"u",5.32,-0.22019737047605,3.65925037559006,4.8629272954263,4.12802092820639,18.6684868819646,TRUE,NA
"u",5.33,-0.220197369602484,3.66338825665287,4.86773718543329,4.13190901689529,18.7034868815799,TRUE,NA
"u",5.34,-0.220197368745975,3.66752219173119,4.87254204642772,4.13579377048943,18.7384868812027,TRUE,NA
"u",5.35,-0.220197367906174,3.67165219198677,4.87734189308808,4.13967519752537,18.7734868808328,TRUE,NA
"u",5.36,-0.220197367082739,3.67577826852896,4.88213674002351,4.14355330650334,18.8084868804702,TRUE,NA
"u",5.37,-0.220197366275335,3.67990043241504,4.88692660177427,4.14742810588752,18.8434868801146,TRUE,NA
"u",5.38,-0.220197365483639,3.68401869465056,4.89171149281219,4.15129960410619,18.8784868797659,TRUE,NA
"u",5.39,-0.220197364707328,3.68813306618966,4.89649142754111,4.15516780955197,18.913486879424,TRUE,NA
"u",5.4,-0.220197363946086,3.69224355793546,4.9012664202973,4.15903273058202,18.9484868790888,TRUE,NA
"u",5.41,-0.220197363199609,3.6963501807403,4.90603648534994,4.16289437551829,18.9834868787601,TRUE,NA
"u",5.42,-0.220197362467601,3.70045294540619,4.91080163690149,4.16675275264765,19.0184868784377,TRUE,NA
"u",5.43,-0.220197361749763,3.70455186268501,4.9155618890882,4.17060787022217,19.0534868781216,TRUE,NA
"u",5.44,-0.220197361045809,3.70864694327894,4.92031725598044,4.1744597364593,19.0884868778115,TRUE,NA
"u",5.45,-0.220197360355457,3.71273819784073,4.9250677515832,4.17830835954205,19.1234868775075,TRUE,NA
"u",5.46,-0.220197359678436,3.71682563697401,4.92981338983647,4.18215374761922,19.1584868772094,TRUE,NA
"u",5.47,-0.22019735901447,3.72090927123365,4.93455418461566,4.18599590880558,19.1934868769169,TRUE,NA
"u",5.48,-0.220197358363301,3.72498911112603,4.93929014973203,4.18983485118209,19.2284868766302,TRUE,NA
"u",5.49,-0.220197357724668,3.72906516710936,4.94402129893307,4.19367058279609,19.2634868763489,TRUE,NA
"u",5.5,-0.220197357098316,3.73313744959404,4.94874764590291,4.19750311166147,19.2984868760731,TRUE,NA
"u",5.51,-0.220197356484003,3.73720596894288,4.95346920426274,4.20133244575891,19.3334868758025,TRUE,NA
"u",5.52,-0.220197355881482,3.74127073547146,4.95818598757121,4.20515859303602,19.3684868755372,TRUE,NA
"u",5.53,-0.220197355290522,3.74533175944844,4.9628980093248,4.20898156140758,19.4034868752769,TRUE,NA
"u",5.54,-0.220197354710884,3.74938905109581,4.96760528295822,4.2128013587557,19.4384868750217,TRUE,NA
"u",5.55,-0.220197354142344,3.75344262058922,4.97230782184481,4.21661799293002,19.4734868747713,TRUE,NA
"u",5.56,-0.220197353584675,3.75749247805828,4.97700563929692,4.22043147174789,19.5084868745257,TRUE,NA
"u",5.57,-0.220197353037668,3.76153863358683,4.98169874856629,4.22424180299456,19.5434868742848,TRUE,NA
"u",5.58,-0.220197352501106,3.76558109721323,4.98638716284445,4.22804899442336,19.5784868740485,TRUE,NA
"u",5.59,-0.220197351974778,3.76961987893068,4.99107089526306,4.2318530537559,19.6134868738167,TRUE,NA
"u",5.6,-0.220197351458484,3.77365498868744,4.99574995889429,4.23565398868221,19.6484868735893,TRUE,NA
"u",5.61,-0.220197350952016,3.77768643638719,5.00042436675123,4.23945180686098,19.6834868733663,TRUE,NA
"u",5.62,-0.220197350455185,3.78171423188924,5.00509413178822,4.24324651591968,19.7184868731475,TRUE,NA
"u",5.63,-0.220197349967799,3.78573838500886,5.00975926690123,4.24703812345479,19.7534868729328,TRUE,NA
"u",5.64,-0.220197349489667,3.78975890551752,5.0144197849282,4.25082663703191,19.7884868727223,TRUE,NA
"u",5.65,-0.220197349020606,3.79377580314318,5.01907569864944,4.25461206418602,19.8234868725157,TRUE,NA
"u",5.66,-0.220197348560437,3.79778908757056,5.02372702078794,4.25839441242158,19.858486872313,TRUE,NA
"u",5.67,-0.220197348108984,3.80179876844141,5.02837376400978,4.26217368921274,19.8934868721142,TRUE,NA
"u",5.68,-0.220197347666072,3.80580485535476,5.03301594092441,4.26594990200351,19.9284868719192,TRUE,NA
"u",5.69,-0.220197347231535,3.80980735786721,5.03765356408505,4.26972305820791,19.9634868717278,TRUE,NA
"u",5.7,-0.220197346805201,3.81380628549317,5.04228664598902,4.27349316521015,19.9984868715401,TRUE,NA
"u",5.71,-0.220197346386915,3.81780164770514,5.0469151990781,4.2772602303648,20.0334868713558,TRUE,NA
"u",5.72,-0.220197345976516,3.82179345393394,5.05153923573882,4.28102426099697,20.0684868711751,TRUE,NA
"u",5.73,-0.220197345573847,3.825781713569,5.05615876830285,4.28478526440245,20.1034868709978,TRUE,NA
"u",5.74,-0.220197345178759,3.8297664359586,5.0607738090473,4.28854324784786,20.1384868708238,TRUE,NA
"u",5.75,-0.220197344791097,3.83374763041011,5.0653843701951,4.29229821857087,20.1734868706531,TRUE,NA
"u",5.76,-0.220197344410722,3.83772530619025,5.06999046391526,4.29605018378032,20.2084868704855,TRUE,NA
"u",5.77,-0.220197344037482,3.84169947252534,5.07459210232324,4.29979915065638,20.2434868703212,TRUE,NA
"u",5.78,-0.220197343671246,3.84567013860157,5.07918929748128,4.30354512635071,20.2784868701599,TRUE,NA
"u",5.79,-0.220197343311872,3.84963731356517,5.0837820613987,4.30728811798664,20.3134868700016,TRUE,NA
"u",5.8,-0.220197342959224,3.85360100652274,5.08837040603224,4.31102813265931,20.3484868698463,TRUE,NA
"u",5.81,-0.220197342613172,3.85756122654144,5.09295434328635,4.31476517743582,20.3834868696939,TRUE,NA
"u",5.82,-0.220197342273591,3.86151798264924,5.09753388501352,4.31849925935541,20.4184868695444,TRUE,NA
"u",5.83,-0.220197341940347,3.86547128383516,5.10210904301461,4.32223038542957,20.4534868693976,TRUE,NA
"u",5.84,-0.220197341613322,3.8694211390495,5.10667982903912,4.32595856264225,20.4884868692536,TRUE,NA
"u",5.85,-0.220197341292393,3.87336755720408,5.11124625478554,4.32968379794995,20.5234868691122,TRUE,NA
"u",5.86,-0.220197340977439,3.87731054717246,5.11580833190162,4.33340609828192,20.5584868689735,TRUE,NA
"u",5.87,-0.220197340668349,3.88125011779017,5.12036607198469,4.33712547054029,20.5934868688374,TRUE,NA
"u",5.88,-0.220197340365002,3.88518627785497,5.12491948658197,4.34084192160021,20.6284868687038,TRUE,NA
"u",5.89,-0.220197340067293,3.88911903612701,5.12946858719084,4.34455545831001,20.6634868685727,TRUE,NA
"u",5.9,-0.220197339775107,3.89304840132915,5.13401338525916,4.34826608749135,20.698486868444,TRUE,NA
"u",5.91,-0.220197339488339,3.89697438214706,5.13855389218555,4.35197381593933,20.7334868683177,TRUE,NA
"u",5.92,-0.220197339206885,3.90089698722957,5.14309011931969,4.3556786504227,20.7684868681938,TRUE,NA
"u",5.93,-0.220197338930641,3.90481622518878,5.14762207796262,4.35938059768394,20.8034868680721,TRUE,NA
"u",5.94,-0.220197338659506,3.90873210460034,5.15214977936698,4.36307966443944,20.8384868679527,TRUE,NA
"u",5.95,-0.220197338393382,3.91264463400367,5.15667323473736,4.3667758573796,20.8734868678355,TRUE,NA
"u",5.96,-0.220197338132172,3.91655382190213,5.16119245523055,4.37046918316904,20.9084868677205,TRUE,NA
"u",5.97,-0.220197337875782,3.92045967676325,5.16570745195578,4.37415964844666,20.9434868676076,TRUE,NA
"u",5.98,-0.220197337624114,3.92436220701898,5.17021823597511,4.37784725982584,20.9784868674967,TRUE,NA
"u",5.99,-0.220197337377085,3.92826142106584,5.17472481830357,4.38153202389454,21.013486867388,TRUE,NA
"u",6,-0.2201973371346,3.93215732726516,5.17922720990955,4.38521394721547,21.0484868672812,TRUE,NA
"u",6.01,-0.220197336896573,3.93604993394329,5.18372542171501,4.38889303632617,21.0834868671763,TRUE,NA
"u",6.02,-0.220197336662921,3.93993924939178,5.18821946459573,4.39256929773921,21.1184868670734,TRUE,NA
"u",6.03,-0.220197336433557,3.94382528186762,5.19270934938167,4.39624273794228,21.1534868669724,TRUE,NA
"u",6.04,-0.220197336208397,3.9477080395934,5.19719508685715,4.39991336339833,21.1884868668733,TRUE,NA
"u",6.05,-0.220197335987368,3.95158753075755,5.20167668776113,4.40358118054572,21.2234868667759,TRUE,NA
"u",6.06,-0.220197335770379,3.95546376351449,5.20615416278751,4.40724619579834,21.2584868666804,TRUE,NA
"u",6.07,-0.220197335557362,3.95933674598489,5.21062752258537,4.41090841554573,21.2934868665866,TRUE,NA
"u",6.08,-0.22019733534824,3.96320648625581,5.2150967777592,4.41456784615321,21.3284868664945,TRUE,NA
"u",6.09,-0.220197335142936,3.96707299238093,5.2195619388692,4.41822449396203,21.363486866404,TRUE,NA
"u",6.1,-0.22019733494138,3.9709362723807,5.22402301643152,4.42187836528948,21.3984868663153,TRUE,NA
"u",6.11,-0.220197334743498,3.97479633424259,5.2284800209185,4.425529466429,21.4334868662281,TRUE,NA
"u",6.12,-0.220197334549219,3.97865318592125,5.23293296275894,4.42917780365037,21.4684868661426,TRUE,NA
"u",6.13,-0.220197334358478,3.98250683533867,5.23738185233834,4.43282338319973,21.5034868660586,TRUE,NA
"u",6.14,-0.220197334171207,3.98635729038442,5.24182669999913,4.43646621129982,21.5384868659761,TRUE,NA
"u",6.15,-0.220197333987336,3.99020455891581,5.24626751604098,4.44010629415001,21.5734868658951,TRUE,NA
"u",6.16,-0.220197333806807,3.99404864875807,5.25070431072094,4.44374363792647,21.6084868658156,TRUE,NA
"u",6.17,-0.220197333629551,3.99788956770452,5.25513709425378,4.44737824878228,21.6434868657376,TRUE,NA
"u",6.18,-0.220197333455509,4.0017273235168,5.25956587681218,4.45101013284755,21.6784868656609,TRUE,NA
"u",6.19,-0.220197333284619,4.00556192392502,5.26399066852697,4.45463929622955,21.7134868655857,TRUE,NA
"u",6.2,-0.22019733311682,4.0093933766279,5.2684114794874,4.45826574501281,21.7484868655118,TRUE,NA
"u",6.21,-0.22019733295206,4.01322168929304,5.27282831974133,4.46188948525924,21.7834868654392,TRUE,NA
"u",6.22,-0.220197332790274,4.017046869557,5.2772411992955,4.46551052300827,21.818486865368,TRUE,NA
"u",6.23,-0.220197332631408,4.02086892502554,5.28165012811573,4.46912886427696,21.853486865298,TRUE,NA
"u",6.24,-0.220197332475409,4.02468786327377,5.28605511612718,4.47274451506007,21.8884868652293,TRUE,NA
"u",6.25,-0.220197332322219,4.02850369184633,5.29045617321457,4.47635748133026,21.9234868651618,TRUE,NA
"u",6.26,-0.220197332171792,4.03231641825754,5.29485330922239,4.47996776903813,21.9584868650956,TRUE,NA
"u",6.27,-0.220197332024069,4.0361260499916,5.29924653395515,4.48357538411236,21.9934868650305,TRUE,NA
"u",6.28,-0.220197331879003,4.03993259450274,5.3036358571776,4.48718033245984,22.0284868649666,TRUE,NA
"u",6.29,-0.220197331736542,4.04373605921539,5.30802128861491,4.49078261996574,22.0634868649039,TRUE,NA
"u",6.3,-0.220197331596642,4.04753645152435,5.31240283795296,4.49438225249367,22.0984868648423,TRUE,NA
"u",6.31,-0.220197331459247,4.05133377879497,5.31678051483851,4.49797923588577,22.1334868647818,TRUE,NA
"u",6.32,-0.220197331324317,4.05512804836329,5.32115432887944,4.50157357596279,22.1684868647224,TRUE,NA
"u",6.33,-0.220197331191803,4.05891926753619,5.32552428964495,4.50516527852426,22.203486864664,TRUE,NA
"u",6.34,-0.220197331061659,4.0627074435916,5.32989040666576,4.50875434934853,22.2384868646067,TRUE,NA
"u",6.35,-0.220197330933842,4.06649258377863,5.3342526894344,4.51234079419295,22.2734868645504,TRUE,NA
"u",6.36,-0.220197330808308,4.07027469531772,5.33861114740532,4.51592461879392,22.3084868644951,TRUE,NA
"u",6.37,-0.220197330685015,4.07405378540083,5.34296578999515,4.51950582886701,22.3434868644408,TRUE,NA
"u",6.38,-0.220197330563924,4.07782986119155,5.34731662658293,4.52308443010708,22.3784868643875,TRUE,NA
"u",6.39,-0.220197330444987,4.08160292982533,5.35166366651027,4.52666042818838,22.4134868643351,TRUE,NA
"u",6.4,-0.22019733032817,4.08537299840955,5.35600691908158,4.53023382876464,22.4484868642837,TRUE,NA
"u",6.41,-0.220197330213432,4.08914007402373,5.36034639356428,4.5338046374692,22.4834868642331,TRUE,NA
"u",6.42,-0.220197330100733,4.09290416371965,5.36468209918899,4.53737285991509,22.5184868641835,TRUE,NA
"u",6.43,-0.220197329990037,4.09666527452156,5.36901404514972,4.54093850169513,22.5534868641347,TRUE,NA
"u",6.44,-0.220197329881305,4.10042341342624,5.37334224060411,4.54450156838206,22.5884868640869,TRUE,NA
"u",6.45,-0.220197329774502,4.10417858740322,5.37766669467359,4.54806206552861,22.6234868640398,TRUE,NA
"u",6.46,-0.220197329669592,4.10793080339492,5.38198741644358,4.5516199986676,22.6584868639936,TRUE,NA
"u",6.47,-0.220197329566542,4.11168006831675,5.38630441496373,4.55517537331208,22.6934868639482,TRUE,NA
"u",6.48,-0.220197329465312,4.11542638905733,5.39061769924804,4.55872819495539,22.7284868639037,TRUE,NA
"u",6.49,-0.220197329365874,4.11916977247858,5.39492727827512,4.56227846907127,22.7634868638599,TRUE,NA
"u",6.5,-0.220197329268193,4.12291022541586,5.39923316098835,4.56582620111393,22.7984868638168,TRUE,NA
"u",6.51,-0.220197329172235,4.12664775467817,5.40353535629608,4.56937139651822,22.8334868637746,TRUE,NA
"u",6.52,-0.220197329077971,4.13038236704823,5.40783387307179,4.57291406069966,22.8684868637331,TRUE,NA
"u",6.53,-0.22019732898537,4.13411406928267,5.41212872015434,4.57645419905454,22.9034868636923,TRUE,NA
"u",6.54,-0.220197328894399,4.13784286811212,5.41641990634809,4.57999181696005,22.9384868636522,TRUE,NA
"u",6.55,-0.220197328805029,4.14156877024141,5.42070744042313,4.58352691977437,22.9734868636129,TRUE,NA
"u",6.56,-0.220197328717228,4.14529178234965,5.42499133111544,4.58705951283672,23.0084868635742,TRUE,NA
"u",6.57,-0.220197328630974,4.14901191109042,5.42927158712708,4.59058960146749,23.0434868635362,TRUE,NA
"u",6.58,-0.220197328546231,4.15272916309184,5.43354821712639,4.59411719096835,23.0784868634989,TRUE,NA
"u",6.59,-0.220197328462979,4.1564435449568,5.43782122974813,4.5976422866223,23.1134868634622,TRUE,NA
"u",6.6,-0.220197328381183,4.160155063263,5.4420906335937,4.60116489369378,23.1484868634262,TRUE,NA
"u",6.61,-0.220197328300822,4.16386372456315,5.44635643723129,4.60468501742877,23.1834868633908,TRUE,NA
"u",6.62,-0.220197328221864,4.16756953538505,5.45061864919605,4.60820266305486,23.218486863356,TRUE,NA
"u",6.63,-0.220197328144293,4.17127250223178,5.45487727799032,4.61171783578137,23.2534868633219,TRUE,NA
"u",6.64,-0.220197328068073,4.17497263158178,5.45913233208374,4.61523054079941,23.2884868632883,TRUE,NA
"u",6.65,-0.220197327993185,4.17866992988902,5.46338381991343,4.61874078328197,23.3234868632553,TRUE,NA
"u",6.66,-0.220197327919604,4.18236440358309,5.46763174988424,4.62224856838405,23.3584868632229,TRUE,NA
"u",6.67,-0.220197327847309,4.18605605906937,5.47187613036881,4.62575390124269,23.3934868631911,TRUE,NA
"u",6.68,-0.220197327776271,4.18974490272912,5.4761169697078,4.62925678697709,23.4284868631598,TRUE,NA
"u",6.69,-0.220197327706469,4.19343094091963,5.48035427621006,4.63275723068869,23.4634868631291,TRUE,NA
"u",6.7,-0.220197327637882,4.19711417997434,5.48458805815278,4.63625523746127,23.4984868630989,TRUE,NA
"u",6.71,-0.22019732757049,4.20079462620297,5.48881832378166,4.63975081236099,23.5334868630692,TRUE,NA
"u",6.72,-0.220197327504267,4.20447228589162,5.4930450813111,4.64324396043654,23.56848686304,TRUE,NA
"u",6.73,-0.220197327439193,4.20814716530293,5.49726833892431,4.64673468671918,23.6034868630114,TRUE,NA
"u",6.74,-0.220197327375249,4.21181927067619,5.50148810477352,4.65022299622282,23.6384868629832,TRUE,NA
"u",6.75,-0.220197327312412,4.21548860822742,5.50570438698014,4.65370889394416,23.6734868629555,TRUE,NA
"u",6.76,-0.220197327250665,4.21915518414958,5.50991719363487,4.65719238486267,23.7084868629283,TRUE,NA
"u",6.77,-0.220197327189985,4.22281900461259,5.51412653279794,4.66067347394079,23.7434868629016,TRUE,NA
"u",6.78,-0.220197327130355,4.22648007576352,5.51833241249919,4.66415216612393,23.7784868628754,TRUE,NA
"u",6.79,-0.220197327071755,4.23013840372668,5.52253484073829,4.66762846634058,23.8134868628495,TRUE,NA
"u",6.8,-0.220197327014169,4.23379399460374,5.52673382548485,4.67110237950239,23.8484868628242,TRUE,NA
"u",6.81,-0.220197326957573,4.23744685447387,5.53092937467861,4.67457391050426,23.8834868627993,TRUE,NA
"u",6.82,-0.220197326901956,4.2410969893938,5.53512149622957,4.67804306422439,23.9184868627748,TRUE,NA
"u",6.83,-0.220197326847295,4.24474440539799,5.53931019801816,4.68150984552438,23.9534868627507,TRUE,NA
"u",6.84,-0.220197326793578,4.24838910849873,5.54349548789537,4.68497425924933,23.988486862727,TRUE,NA
"u",6.85,-0.220197326740784,4.25203110468624,5.54767737368293,4.68843631022787,24.0234868627038,TRUE,NA
"u",6.86,-0.220197326688896,4.2556703999288,5.55185586317345,4.69189600327226,24.0584868626809,TRUE,NA
"u",6.87,-0.2201973266379,4.25930700017285,5.55603096413057,4.69535334317851,24.0934868626585,TRUE,NA
"u",6.88,-0.220197326587783,4.2629409113431,5.56020268428908,4.69880833472638,24.1284868626364,TRUE,NA
"u",6.89,-0.220197326538521,4.26657213934267,5.56437103135512,4.7022609826795,24.1634868626147,TRUE,NA
"u",6.9,-0.220197326490104,4.27020069005316,5.56853601300629,4.70571129178546,24.1984868625934,TRUE,NA
"u",6.91,-0.220197326442517,4.27382656933476,5.57269763689179,4.70915926677585,24.2334868625724,TRUE,NA
"u",6.92,-0.220197326395744,4.27744978302642,5.57685591063262,4.71260491236635,24.2684868625518,TRUE,NA
"u",6.93,-0.220197326349773,4.28107033694588,5.58101084182163,4.71604823325682,24.3034868625316,TRUE,NA
"u",6.94,-0.220197326304587,4.28468823688982,5.58516243802376,4.71948923413136,24.3384868625117,TRUE,NA
"u",6.95,-0.22019732626017,4.28830348863395,5.58931070677611,4.72292791965836,24.3734868624921,TRUE,NA
"u",6.96,-0.220197326216515,4.29191609793313,5.59345565558813,4.72636429449062,24.4084868624729,TRUE,NA
"u",6.97,-0.220197326173602,4.29552607052149,5.59759729194172,4.72979836326541,24.443486862454,TRUE,NA
"u",6.98,-0.22019732613142,4.29913341211247,5.60173562329141,4.7332301306045,24.4784868624354,TRUE,NA
"u",6.99,-0.220197326089958,4.302738128399,5.60587065706445,4.73665960111431,24.5134868624172,TRUE,NA
"u",7,-0.220197326049201,4.30634022505355,5.61000240066099,4.74008677938589,24.5484868623992,TRUE,NA
"u",7.01,-0.220197326009136,4.30993970772828,5.6141308614542,4.74351166999507,24.5834868623816,TRUE,NA
"u",7.02,-0.220197325969752,4.31353658205508,5.6182560467904,4.7469342775025,24.6184868623642,TRUE,NA
"u",7.03,-0.220197325931037,4.31713085364574,5.62237796398921,4.75035460645369,24.6534868623472,TRUE,NA
"u",7.04,-0.220197325892981,4.32072252809198,5.62649662034367,4.75377266137914,24.6884868623304,TRUE,NA
"u",7.05,-0.220197325855567,4.32431161096562,5.63061202312036,4.75718844679437,24.7234868623139,TRUE,NA
"u",7.06,-0.220197325818787,4.32789810781863,5.63472417955958,4.7606019672,24.7584868622977,TRUE,NA
"u",7.07,-0.22019732578263,4.33148202418325,5.63883309687543,4.7640132270818,24.7934868622818,TRUE,NA
"u",7.08,-0.220197325747088,4.33506336557207,5.64293878225596,4.76742223091079,24.8284868622662,TRUE,NA
"u",7.09,-0.220197325712145,4.33864213747815,5.64704124286333,4.7708289831433,24.8634868622508,TRUE,NA
"u",7.1,-0.220197325677791,4.3422183453751,5.65114048583388,4.77423348822102,24.8984868622357,TRUE,NA
"u",7.11,-0.220197325644017,4.34579199471719,5.65523651827829,4.77763575057108,24.9334868622208,TRUE,NA
"u",7.12,-0.220197325610812,4.34936309093944,5.65932934728171,4.7810357746061,24.9684868622062,TRUE,NA
"u",7.13,-0.220197325578169,4.3529316394577,5.6634189799039,4.78443356472431,25.0034868621918,TRUE,NA
"u",7.14,-0.220197325546076,4.35649764566878,5.66750542317932,4.78782912530953,25.0384868621776,TRUE,NA
"u",7.15,-0.220197325514523,4.36006111495049,5.67158868411725,4.79122246073132,25.0734868621638,TRUE,NA
"u",7.16,-0.220197325483498,4.36362205266179,5.67566876970199,4.79461357534498,25.1084868621501,TRUE,NA
"u",7.17,-0.220197325452999,4.36718046414284,5.67974568689288,4.79800247349165,25.1434868621367,TRUE,NA
"u",7.18,-0.220197325423008,4.37073635471512,5.68381944262451,4.80138915949838,25.1784868621234,TRUE,NA
"u",7.19,-0.220197325393523,4.37428972968151,5.68789004380676,4.80477363767816,25.2134868621105,TRUE,NA
"u",7.2,-0.220197325364531,4.37784059432637,5.69195749732502,4.80815591233003,25.2484868620977,TRUE,NA
"u",7.21,-0.220197325336028,4.38138895391566,5.6960218100402,4.81153598773909,25.2834868620851,TRUE,NA
"u",7.22,-0.220197325308,4.38493481369699,5.70008298878895,4.8149138681766,25.3184868620728,TRUE,NA
"u",7.23,-0.220197325280441,4.38847817889974,5.7041410403837,4.81828955790004,25.3534868620607,TRUE,NA
"u",7.24,-0.220197325253345,4.39201905473514,5.70819597161283,4.82166306115316,25.3884868620487,TRUE,NA
"u",7.25,-0.220197325226701,4.39555744639636,5.71224778924076,4.82503438216604,25.423486862037,TRUE,NA
"u",7.26,-0.220197325200501,4.39909335905858,5.71629650000809,4.82840352515518,25.4584868620255,TRUE,NA
"u",7.27,-0.220197325174739,4.40262679787911,5.72034211063167,4.83177049432352,25.4934868620141,TRUE,NA
"u",7.28,-0.220197325149407,4.40615776799743,5.72438462780479,4.83513529386052,25.528486862003,TRUE,NA
"u",7.29,-0.220197325124496,4.40968627453535,5.7284240581972,4.83849792794223,25.563486861992,TRUE,NA
"u",7.3,-0.220197325100003,4.41321232259699,5.73246040845531,4.84185840073133,25.5984868619812,TRUE,NA
"u",7.31,-0.220197325075913,4.41673591726896,5.73649368520227,4.84521671637722,25.6334868619706,TRUE,NA
"u",7.32,-0.220197325052227,4.42025706362042,5.74052389503805,4.84857287901604,25.6684868619602,TRUE,NA
"u",7.33,-0.220197325028935,4.4237757667031,5.74455104453961,4.85192689277076,25.7034868619499,TRUE,NA
"u",7.34,-0.22019732500603,4.42729203155149,5.74857514026095,4.85527876175122,25.7384868619398,TRUE,NA
"u",7.35,-0.220197324983503,4.43080586318284,5.75259618873329,4.8586284900542,25.7734868619299,TRUE,NA
"u",7.36,-0.220197324961351,4.43431726659726,5.75661419646512,4.86197608176347,25.8084868619201,TRUE,NA
"u",7.37,-0.220197324939567,4.43782624677784,5.76062916994233,4.86532154094987,25.8434868619105,TRUE,NA
"u",7.38,-0.220197324918144,4.44133280869067,5.76464111562832,4.86866487167131,25.8784868619011,TRUE,NA
"u",7.39,-0.220197324897074,4.44483695728499,5.76865003996411,4.87200607797292,25.9134868618918,TRUE,NA
"u",7.4,-0.220197324876353,4.4483386974932,5.77265594936845,4.87534516388699,25.9484868618827,TRUE,NA
"u",7.41,-0.220197324855974,4.45183803423098,5.7766588502379,4.87868213343315,25.9834868618737,TRUE,NA
"u",7.42,-0.220197324835935,4.45533497239738,5.78065874894697,4.88201699061833,26.0184868618649,TRUE,NA
"u",7.43,-0.220197324816222,4.45882951687487,5.78465565184822,4.88534973943685,26.0534868618562,TRUE,NA
"u",7.44,-0.220197324796837,4.46232167252943,5.78864956527233,4.88868038387049,26.0884868618477,TRUE,NA
"u",7.45,-0.220197324777772,4.46581144421062,5.79264049552823,4.89200892788853,26.1234868618393,TRUE,NA
"u",7.46,-0.22019732475902,4.46929883675167,5.79662844890323,4.8953353754478,26.158486861831,TRUE,NA
"u",7.47,-0.220197324740579,4.47278385496955,5.80061343166307,4.89865973049274,26.1934868618229,TRUE,NA
"u",7.48,-0.220197324722438,4.47626650366506,5.80459545005206,4.90198199695547,26.2284868618149,TRUE,NA
"u",7.49,-0.220197324704598,4.47974678762287,5.80857451029313,4.90530217875581,26.2634868618071,TRUE,NA
"u",7.5,-0.22019732468705,4.48322471161164,5.81255061858802,4.90862027980136,26.2984868617993,TRUE,NA
"u",7.51,-0.220197324669789,4.48670028038407,5.8165237811173,4.91193630398755,26.3334868617917,TRUE,NA
"u",7.52,-0.220197324652812,4.49017349867697,5.82049400404049,4.91525025519769,26.3684868617843,TRUE,NA
"u",7.53,-0.220197324636116,4.49364437121136,5.82446129349618,4.91856213730301,26.4034868617769,TRUE,NA
"u",7.54,-0.22019732461969,4.49711290269249,5.82842565560211,4.92187195416272,26.4384868617697,TRUE,NA
"u",7.55,-0.220197324603535,4.50057909781,5.83238709645527,4.9251797096241,26.4734868617626,TRUE,NA
"u",7.56,-0.220197324587642,4.5040429612379,5.83634562213201,4.92848540752248,26.5084868617556,TRUE,NA
"u",7.57,-0.220197324572012,4.50750449763472,5.84030123868811,4.93178905168136,26.5434868617487,TRUE,NA
"u",7.58,-0.220197324556635,4.51096371164351,5.84425395215889,4.93509064591239,26.5784868617419,TRUE,NA
"u",7.59,-0.220197324541512,4.51442060789198,5.84820376855931,4.93839019401551,26.6134868617352,TRUE,NA
"u",7.6,-0.220197324526633,4.51787519099252,5.85215069388409,4.94168769977892,26.6484868617287,TRUE,NA
"u",7.61,-0.220197324511997,4.52132746554231,5.85609473410772,4.94498316697918,26.6834868617222,TRUE,NA
"u",7.62,-0.220197324497599,4.52477743612335,5.86003589518465,4.94827659938122,26.7184868617159,TRUE,NA
"u",7.63,-0.220197324483437,4.52822510730255,5.86397418304934,4.95156800073844,26.7534868617097,TRUE,NA
"u",7.64,-0.220197324469507,4.53167048363182,5.86790960361635,4.95485737479272,26.7884868617035,TRUE,NA
"u",7.65,-0.220197324455802,4.5351135696481,5.87184216278041,4.95814472527447,26.8234868616975,TRUE,NA
"u",7.66,-0.220197324442318,4.53855436987346,5.87577186641659,4.96143005590272,26.8584868616916,TRUE,NA
"u",7.67,-0.220197324429055,4.54199288881514,5.87969872038029,4.96471337038512,26.8934868616857,TRUE,NA
"u",7.68,-0.220197324416008,4.54542913096566,5.88362273050742,4.96799467241799,26.92848686168,TRUE,NA
"u",7.69,-0.220197324403171,4.54886310080282,5.88754390261441,4.97127396568643,26.9634868616743,TRUE,NA
"u",7.7,-0.220197324390543,4.55229480278985,5.89146224249837,4.97455125386429,26.9984868616688,TRUE,NA
"u",7.71,-0.22019732437812,4.55572424137541,5.89537775593715,4.97782654061426,27.0334868616633,TRUE,NA
"u",7.72,-0.220197324365898,4.55915142099368,5.89929044868939,4.98109982958792,27.0684868616579,TRUE,NA
"u",7.73,-0.220197324353872,4.56257634606443,5.90320032649469,4.98437112442576,27.1034868616526,TRUE,NA
"u",7.74,-0.220197324342044,4.5659990209931,5.90710739507362,4.98764042875725,27.1384868616474,TRUE,NA
"u",7.75,-0.220197324330403,4.56941945017082,5.91101166012784,4.99090774620089,27.1734868616423,TRUE,NA
"u",7.76,-0.220197324318953,4.57283763797451,5.9149131273402,4.99417308036423,27.2084868616372,TRUE,NA
"u",7.77,-0.220197324307685,4.57625358876693,5.9188118023748,4.99743643484394,27.2434868616323,TRUE,NA
"u",7.78,-0.220197324296604,4.57966730689678,5.92270769087709,5.00069781322585,27.2784868616274,TRUE,NA
"u",7.79,-0.220197324285697,4.5830787966987,5.92660079847393,5.003957219085,27.3134868616226,TRUE,NA
"u",7.8,-0.220197324274969,4.58648806249337,5.93049113077373,5.00721465598567,27.3484868616179,TRUE,NA
"u",7.81,-0.220197324264409,4.58989510858759,5.93437869336648,5.01047012748143,27.3834868616132,TRUE,NA
"u",7.82,-0.220197324254022,4.59329993927429,5.93826349182384,5.0137236371152,27.4184868616086,TRUE,NA
"u",7.83,-0.2201973242438,4.59670255883267,5.94214553169925,5.01697518841928,27.4534868616041,TRUE,NA
"u",7.84,-0.220197324233746,4.60010297152817,5.94602481852798,5.02022478491541,27.4884868615997,TRUE,NA
"u",7.85,-0.220197324223851,4.60350118161259,5.94990135782725,5.02347243011478,27.5234868615953,TRUE,NA
"u",7.86,-0.220197324214115,4.60689719332415,5.95377515509629,5.02671812751812,27.5584868615911,TRUE,NA
"u",7.87,-0.220197324204533,4.61029101088754,5.9576462158164,5.02996188061571,27.5934868615868,TRUE,NA
"u",7.88,-0.220197324195109,4.61368263851397,5.96151454545106,5.03320369288744,27.6284868615827,TRUE,NA
"u",7.89,-0.220197324185834,4.61707208040123,5.96538014944601,5.03644356780283,27.6634868615786,TRUE,NA
"u",7.9,-0.220197324176703,4.62045934073377,5.96924303322932,5.03968150882111,27.6984868615746,TRUE,NA
"u",7.91,-0.220197324167723,4.62384442368275,5.97310320221145,5.04291751939124,27.7334868615706,TRUE,NA
"u",7.92,-0.220197324158888,4.6272273334061,5.97696066178537,5.04615160295194,27.7684868615667,TRUE,NA
"u",7.93,-0.220197324150191,4.63060807404857,5.98081541732662,5.04938376293178,27.8034868615629,TRUE,NA
"u",7.94,-0.220197324141633,4.63398664974178,5.98466747419337,5.05261400274916,27.8384868615591,TRUE,NA
"u",7.95,-0.220197324133212,4.63736306460432,5.98851683772651,5.0558423258124,27.8734868615554,TRUE,NA
"u",7.96,-0.220197324124924,4.64073732274175,5.99236351324974,5.05906873551975,27.9084868615518,TRUE,NA
"u",7.97,-0.22019732411677,4.64410942824673,5.99620750606965,5.06229323525946,27.9434868615482,TRUE,NA
"u",7.98,-0.220197324108746,4.64747938519898,6.00004882147574,5.06551582840979,27.9784868615447,TRUE,NA
"u",7.99,-0.220197324100848,4.65084719766542,6.00388746474057,5.06873651833909,28.0134868615412,TRUE,NA
"u",8,-0.220197324093076,4.6542128697002,6.00772344111979,5.0719553084058,28.0484868615378,TRUE,NA
"u",8.01,-0.220197324085431,4.65757640534475,6.01155675585224,5.07517220195852,28.0834868615344,TRUE,NA
"u",8.02,-0.220197324077902,4.66093780862783,6.01538741415999,5.07838720233603,28.1184868615311,TRUE,NA
"u",8.03,-0.220197324070496,4.6642970835656,6.01921542124846,5.08160031286734,28.1534868615278,TRUE,NA
"u",8.04,-0.220197324063207,4.66765423416168,6.02304078230644,5.08481153687174,28.1884868615246,TRUE,NA
"u",8.05,-0.220197324056032,4.67100926440716,6.02686350250621,5.08802087765883,28.2234868615214,TRUE,NA
"u",8.06,-0.220197324048972,4.67436217828073,6.0306835870036,5.09122833852854,28.2584868615183,TRUE,NA
"u",8.07,-0.220197324042022,4.67771297974866,6.03450104093804,5.09443392277121,28.2934868615153,TRUE,NA
"u",8.08,-0.220197324035182,4.68106167276491,6.03831586943266,5.09763763366759,28.3284868615123,TRUE,NA
"u",8.09,-0.220197324028454,4.68440826127115,6.04212807759435,5.10083947448891,28.3634868615093,TRUE,NA
"u",8.1,-0.22019732402183,4.68775274919682,6.04593767051382,5.10403944849689,28.3984868615064,TRUE,NA
"u",8.11,-0.22019732401531,4.69109514045918,6.0497446532657,5.10723755894382,28.4334868615035,TRUE,NA
"u",8.12,-0.220197324008895,4.6944354389634,6.05354903090857,5.11043380907254,28.4684868615007,TRUE,NA
"u",8.13,-0.220197324002579,4.69777364860255,6.05735080848507,5.11362820211653,28.5034868614979,TRUE,NA
"u",8.14,-0.220197323996361,4.70110977325769,6.06114999102195,5.11682074129992,28.5384868614952,TRUE,NA
"u",8.15,-0.220197323990245,4.70444381679791,6.06494658353012,5.12001142983753,28.5734868614925,TRUE,NA
"u",8.16,-0.22019732398422,4.70777578308042,6.06874059100477,5.12320027093494,28.6084868614898,TRUE,NA
"u",8.17,-0.220197323978296,4.71110567595052,6.07253201842538,5.12638726778846,28.6434868614872,TRUE,NA
"u",8.18,-0.220197323972461,4.71443349924174,6.07632087075583,5.12957242358524,28.6784868614846,TRUE,NA
"u",8.19,-0.22019732396672,4.71775925677582,6.08010715294446,5.13275574150326,28.7134868614821,TRUE,NA
"u",8.2,-0.220197323961068,4.7210829523628,6.08389086992412,5.13593722471138,28.7484868614796,TRUE,NA
"u",8.21,-0.220197323955505,4.72440458980108,6.08767202661223,5.13911687636939,28.7834868614772,TRUE,NA
"u",8.22,-0.220197323950029,4.72772417287741,6.09145062791091,5.14229469962803,28.8184868614748,TRUE,NA
"u",8.23,-0.220197323944639,4.73104170536702,6.09522667870695,5.14547069762901,28.8534868614724,TRUE,NA
"u",8.24,-0.220197323939335,4.73435719103359,6.09900018387195,5.14864487350509,28.88848686147,TRUE,NA
"u",8.25,-0.220197323934109,4.73767063362938,6.10277114826236,5.15181723038009,28.9234868614677,TRUE,NA
"u",8.26,-0.220197323928969,4.7409820368952,6.10653957671955,5.15498777136892,28.9584868614655,TRUE,NA
"u",8.27,-0.22019732392391,4.74429140456051,6.11030547406987,5.15815649957762,28.9934868614633,TRUE,NA
"u",8.28,-0.22019732391893,4.74759874034346,6.11406884512469,5.16132341810342,29.0284868614611,TRUE,NA
"u",8.29,-0.220197323914026,4.75090404795092,6.11782969468052,5.16448853003472,29.0634868614589,TRUE,NA
"u",8.3,-0.220197323909198,4.75420733107855,6.12158802751902,5.16765183845118,29.0984868614568,TRUE,NA
"u",8.31,-0.220197323904446,4.75750859341082,6.12534384840712,5.17081334642374,29.1334868614547,TRUE,NA
"u",8.32,-0.220197323899769,4.76080783862109,6.129097162097,5.17397305701463,29.1684868614526,TRUE,NA
"u",8.33,-0.220197323895165,4.76410507037163,6.13284797332625,5.17713097327743,29.2034868614506,TRUE,NA
"u",8.34,-0.220197323890632,4.76740029231368,6.13659628681784,5.18028709825709,29.2384868614486,TRUE,NA
"u",8.35,-0.220197323886169,4.77069350808749,6.14034210728026,5.18344143498999,29.2734868614466,TRUE,NA
"u",8.36,-0.220197323881774,4.77398472132239,6.14408543940753,5.18659398650393,29.3084868614447,TRUE,NA
"u",8.37,-0.220197323877451,4.77727393563679,6.14782628787928,5.18974475581821,29.3434868614428,TRUE,NA
"u",8.38,-0.220197323873194,4.78056115463826,6.15156465736081,5.19289374594361,29.3784868614409,TRUE,NA
"u",8.39,-0.220197323869003,4.78384638192356,6.15530055250315,5.1960409598825,29.4134868614391,TRUE,NA
"u",8.4,-0.220197323864877,4.78712962107872,6.15903397794312,5.19918640062878,29.4484868614373,TRUE,NA
"u",8.41,-0.220197323860814,4.79041087567902,6.1627649383034,5.20233007116801,29.4834868614355,TRUE,NA
"u",8.42,-0.220197323856812,4.7936901492891,6.16649343819257,5.20547197447734,29.5184868614337,TRUE,NA
"u",8.43,-0.220197323852877,4.79696744546295,6.17021948220516,5.20861211352564,29.553486861432,TRUE,NA
"u",8.44,-0.220197323848996,4.80024276774401,6.17394307492178,5.21175049127347,29.5884868614303,TRUE,NA
"u",8.45,-0.220197323845184,4.80351611966517,6.17766422090907,5.21488711067313,29.6234868614286,TRUE,NA
"u",8.46,-0.220197323841426,4.80678750474881,6.18138292471984,5.21802197466871,29.6584868614269,TRUE,NA
"u",8.47,-0.220197323837724,4.81005692650689,6.18509919089312,5.22115508619609,29.6934868614253,TRUE,NA
"u",8.48,-0.220197323834084,4.81332438844095,6.18881302395416,5.22428644818298,29.7284868614237,TRUE,NA
"u",8.49,-0.220197323830496,4.81658989404218,6.19252442841457,5.22741606354898,29.7634868614221,TRUE,NA
"u",8.5,-0.220197323826966,4.81985344679143,6.19623340877232,5.2305439352056,29.7984868614206,TRUE,NA
"u",8.51,-0.220197323823488,4.82311505015929,6.1999399695118,5.23367006605623,29.833486861419,TRUE,NA
"u",8.52,-0.220197323820066,4.82637470760612,6.20364411510389,5.23679445899628,29.8684868614175,TRUE,NA
"u",8.53,-0.220197323816697,4.82963242258206,6.20734585000603,5.23991711691311,29.903486861416,TRUE,NA
"u",8.54,-0.220197323813379,4.83288819852713,6.21104517866226,5.24303804268616,29.9384868614146,TRUE,NA
"u",8.55,-0.220197323810111,4.83614203887124,6.21474210550326,5.24615723918687,29.9734868614131,TRUE,NA
"u",8.56,-0.220197323806896,4.8393939470342,6.21843663494644,5.24927470927879,30.0084868614117,TRUE,NA
"u",8.57,-0.220197323803725,4.84264392642583,6.22212877139597,5.2523904558176,30.0434868614103,TRUE,NA
"u",8.58,-0.220197323800603,4.84589198044596,6.22581851924283,5.25550448165111,30.078486861409,TRUE,NA
"u",8.59,-0.220197323797534,4.84913811248445,6.22950588286489,5.2586167896193,30.1134868614076,TRUE,NA
"u",8.6,-0.220197323794513,4.8523823259213,6.23319086662694,5.26172738255439,30.1484868614063,TRUE,NA
"u",8.61,-0.220197323791533,4.85562462412659,6.23687347488077,5.26483626328081,30.183486861405,TRUE,NA
"u",8.62,-0.220197323788601,4.85886501046064,6.2405537119652,5.26794343461527,30.2184868614037,TRUE,NA
"u",8.63,-0.220197323785712,4.86210348827394,6.24423158220613,5.27104889936677,30.2534868614024,TRUE,NA
"u",8.64,-0.220197323782869,4.86534006090726,6.24790708991663,5.27415266033663,30.2884868614011,TRUE,NA
"u",8.65,-0.22019732378007,4.86857473169166,6.25158023939692,5.27725472031855,30.3234868613999,TRUE,NA
"u",8.66,-0.220197323777312,4.87180750394854,6.25525103493452,5.28035508209859,30.3584868613987,TRUE,NA
"u",8.67,-0.2201973237746,4.87503838098966,6.25891948080422,5.28345374845525,30.3934868613975,TRUE,NA
"u",8.68,-0.220197323771924,4.87826736611722,6.26258558126819,5.28655072215943,30.4284868613963,TRUE,NA
"u",8.69,-0.220197323769294,4.88149446262385,6.26624934057597,5.28964600597455,30.4634868613952,TRUE,NA
"u",8.7,-0.220197323766698,4.88471967379268,6.26991076296458,5.29273960265651,30.498486861394,TRUE,NA
"u",8.71,-0.220197323764148,4.88794300289737,6.27356985265855,5.29583151495372,30.5334868613929,TRUE,NA
"u",8.72,-0.220197323761634,4.89116445320216,6.27722661386996,5.29892174560717,30.5684868613918,TRUE,NA
"u",8.73,-0.220197323759157,4.89438402796187,6.28088105079849,5.30201029735043,30.6034868613907,TRUE,NA
"u",8.74,-0.220197323756719,4.89760173042198,6.2845331676315,5.30509717290969,30.6384868613896,TRUE,NA
"u",8.75,-0.220197323754318,4.90081756381866,6.28818296854405,5.30818237500376,30.6734868613886,TRUE,NA
"u",8.76,-0.220197323751953,4.90403153137877,6.29183045769896,5.31126590634413,30.7084868613875,TRUE,NA
"u",8.77,-0.220197323749624,4.90724363631995,6.29547563924684,5.31434776963501,30.7434868613865,TRUE,NA
"u",8.78,-0.22019732374733,4.91045388185062,6.2991185173262,5.31742796757328,30.7784868613855,TRUE,NA
"u",8.79,-0.22019732374507,4.91366227117005,6.30275909606342,5.32050650284863,30.8134868613845,TRUE,NA
"u",8.8,-0.220197323742846,4.91686880746835,6.30639737957285,5.32358337814348,30.8484868613835,TRUE,NA
"u",8.81,-0.220197323740658,4.92007349392655,6.31003337195685,5.32665859613309,30.8834868613826,TRUE,NA
"u",8.82,-0.220197323738499,4.9232763337166,6.31366707730582,5.32973215948553,30.9184868613816,TRUE,NA
"u",8.83,-0.220197323736374,4.92647733000145,6.31729849969827,5.33280407086174,30.9534868613807,TRUE,NA
"u",8.84,-0.22019732373428,4.92967648593504,6.32092764320086,5.33587433291556,30.9884868613797,TRUE,NA
"u",8.85,-0.220197323732218,4.93287380466237,6.32455451186844,5.3389429482937,31.0234868613788,TRUE,NA
"u",8.86,-0.220197323730189,4.93606928931951,6.32817910974411,5.34200991963585,31.0584868613779,TRUE,NA
"u",8.87,-0.220197323728189,4.93926294303366,6.33180144085925,5.34507524957465,31.0934868613771,TRUE,NA
"u",8.88,-0.220197323726223,4.94245476892316,6.33542150923359,5.34813894073574,31.1284868613762,TRUE,NA
"u",8.89,-0.220197323724281,4.94564477009755,6.33903931887524,5.35120099573776,31.1634868613753,TRUE,NA
"u",8.9,-0.22019732372237,4.94883294965758,6.34265487378074,5.3542614171924,31.1984868613745,TRUE,NA
"u",8.91,-0.220197323720488,4.95201931069525,6.34626817793511,5.35732020770444,31.2334868613737,TRUE,NA
"u",8.92,-0.220197323718635,4.95520385629389,6.34987923531188,5.36037736987172,31.2684868613728,TRUE,NA
"u",8.93,-0.220197323716811,4.9583865895281,6.35348804987317,5.36343290628523,31.303486861372,TRUE,NA
"u",8.94,-0.220197323715013,4.96156751346389,6.35709462556969,5.36648681952909,31.3384868613713,TRUE,NA
"u",8.95,-0.220197323713242,4.96474663115862,6.36069896634082,5.3695391121806,31.3734868613705,TRUE,NA
"u",8.96,-0.220197323711499,4.96792394566111,6.36430107611466,5.37258978681025,31.4084868613697,TRUE,NA
"u",8.97,-0.220197323709778,4.97109946001163,6.36790095880803,5.37563884598176,31.443486861369,TRUE,NA
"u",8.98,-0.220197323708088,4.97427317724194,6.37149861832656,5.37868629225208,31.4784868613682,TRUE,NA
"u",8.99,-0.220197323706418,4.97744510037533,6.37509405856471,5.38173212817146,31.5134868613675,TRUE,NA
"u",9,-0.220197323704778,4.98061523242665,6.37868728340583,5.38477635628342,31.5484868613667,TRUE,NA
"u",9.01,-0.220197323703158,4.98378357640233,6.38227829672218,5.38781897912481,31.583486861366,TRUE,NA
"u",9.02,-0.220197323701565,4.98695013530046,6.38586710237501,5.39085999922583,31.6184868613653,TRUE,NA
"u",9.03,-0.220197323699998,4.99011491211076,6.38945370421457,5.39389941911004,31.6534868613646,TRUE,NA
"u",9.04,-0.220197323698454,4.99327790981464,6.39303810608017,5.3969372412944,31.688486861364,TRUE,NA
"u",9.05,-0.220197323696929,4.99643913138526,6.3966203118002,5.3999734682893,31.7234868613633,TRUE,NA
"u",9.06,-0.22019732369543,4.9995985797875,6.40020032519223,5.40300810259855,31.7584868613626,TRUE,NA
"u",9.07,-0.220197323693949,5.00275625797806,6.40377815006298,5.40604114671944,31.793486861362,TRUE,NA
"u",9.08,-0.220197323692497,5.00591216890543,6.40735379020841,5.40907260314275,31.8284868613613,TRUE,NA
"u",9.09,-0.220197323691063,5.00906631550997,6.41092724941374,5.41210247435277,31.8634868613607,TRUE,NA
"u",9.1,-0.22019732368965,5.01221870072392,6.41449853145352,5.41513076282732,31.8984868613601,TRUE,NA
"u",9.11,-0.220197323688258,5.01536932747143,6.41806764009162,5.41815747103781,31.9334868613595,TRUE,NA
"u",9.12,-0.220197323686885,5.01851819866858,6.42163457908133,5.42118260144919,31.9684868613589,TRUE,NA
"u",9.13,-0.220197323685533,5.02166531722346,6.42519935216537,5.42420615652005,32.0034868613583,TRUE,NA
"u",9.14,-0.220197323684205,5.02481068603613,6.42876196307593,5.42722813870261,32.0384868613577,TRUE,NA
"u",9.15,-0.220197323682892,5.02795430799871,6.43232241553473,5.43024855044273,32.0734868613571,TRUE,NA
"u",9.16,-0.220197323681599,5.03109618599538,6.43588071325301,5.43326739417996,32.1084868613565,TRUE,NA
"u",9.17,-0.220197323680331,5.03423632290242,6.43943685993166,5.43628467234752,32.143486861356,TRUE,NA
"u",9.18,-0.220197323679079,5.03737472158824,6.44299085926116,5.4393003873724,32.1784868613554,TRUE,NA
"u",9.19,-0.220197323677843,5.04051138491339,6.44654271492171,5.4423145416753,32.2134868613549,TRUE,NA
"u",9.2,-0.220197323676625,5.04364631573064,6.45009243058321,5.4453271376707,32.2484868613543,TRUE,NA
"u",9.21,-0.220197323675429,5.04677951688496,6.4536400099053,5.44833817776686,32.2834868613538,TRUE,NA
"u",9.22,-0.220197323674246,5.04991099121356,6.45718545653745,5.45134766436587,32.3184868613533,TRUE,NA
"u",9.23,-0.220197323673085,5.05304074154594,6.46072877411895,5.45435559986363,32.3534868613528,TRUE,NA
"u",9.24,-0.220197323671939,5.0561687707039,6.46426996627896,5.45736198664992,32.3884868613523,TRUE,NA
"u",9.25,-0.220197323670808,5.05929508150159,6.46780903663656,5.4603668271084,32.4234868613518,TRUE,NA
"u",9.26,-0.220197323669699,5.0624196767455,6.47134598880079,5.46337012361659,32.4584868613513,TRUE,NA
"u",9.27,-0.220197323668599,5.06554255923453,6.47488082637068,5.466371878546,32.4934868613508,TRUE,NA
"u",9.28,-0.220197323667523,5.06866373176,6.47841355293529,5.46937209426201,32.5284868613503,TRUE,NA
"u",9.29,-0.220197323666454,5.07178319710569,6.48194417207373,5.47237077312403,32.5634868613499,TRUE,NA
"u",9.3,-0.220197323665411,5.07490095804783,6.48547268735524,5.47536791748541,32.5984868613494,TRUE,NA
"u",9.31,-0.220197323664377,5.0780170173552,6.48899910233921,5.47836352969354,32.633486861349,TRUE,NA
"u",9.32,-0.220197323663359,5.08113137778908,6.49252342057517,5.48135761208982,32.6684868613485,TRUE,NA
"u",9.33,-0.220197323662357,5.08424404210333,6.49604564560293,5.48435016700971,32.7034868613481,TRUE,NA
"u",9.34,-0.220197323661371,5.08735501304441,6.4995657809525,5.48734119678275,32.7384868613476,TRUE,NA
"u",9.35,-0.220197323660401,5.09046429335139,6.50308383014421,5.49033070373255,32.7734868613472,TRUE,NA
"u",9.36,-0.220197323659438,5.09357188575598,6.50659979668874,5.49331869017686,32.8084868613468,TRUE,NA
"u",9.37,-0.220197323658492,5.09667779298258,6.51011368408709,5.49630515842754,32.8434868613464,TRUE,NA
"u",9.38,-0.220197323657563,5.09978201774829,6.51362549583069,5.49929011079063,32.878486861346,TRUE,NA
"u",9.39,-0.220197323656644,5.10288456276293,6.51713523540143,5.50227354956633,32.9134868613456,TRUE,NA
"u",9.4,-0.220197323655738,5.1059854307291,6.52064290627164,5.50525547704905,32.9484868613452,TRUE,NA
"u",9.41,-0.22019732365485,5.10908462434215,6.52414851190417,5.50823589552741,32.9834868613448,TRUE,NA
"u",9.42,-0.220197323653974,5.11218214629027,6.52765205575244,5.51121480728425,33.0184868613444,TRUE,NA
"u",9.43,-0.220197323653114,5.11527799925448,6.53115354126043,5.51419221459671,33.053486861344,TRUE,NA
"u",9.44,-0.220197323652255,5.11837218590866,6.53465297186275,5.51716811973617,33.0884868613436,TRUE,NA
"u",9.45,-0.220197323651417,5.12146470891959,6.53815035098467,5.52014252496833,33.1234868613432,TRUE,NA
"u",9.46,-0.220197323650592,5.12455557094696,6.54164568204213,5.52311543255319,33.1584868613429,TRUE,NA
"u",9.47,-0.220197323649776,5.1276447746434,6.54513896844183,5.52608684474511,33.1934868613425,TRUE,NA
"u",9.48,-0.22019732364897,5.13073232265452,6.54863021358117,5.52905676379279,33.2284868613422,TRUE,NA
"u",9.49,-0.220197323648177,5.13381821761892,6.55211942084841,5.53202519193932,33.2634868613418,TRUE,NA
"u",9.5,-0.220197323647399,5.13690246216822,6.55560659362259,5.53499213142219,33.2984868613415,TRUE,NA
"u",9.51,-0.220197323646631,5.1399850589271,6.55909173527364,5.53795758447328,33.3334868613411,TRUE,NA
"u",9.52,-0.220197323645875,5.1430660105133,6.56257484916238,5.54092155331893,33.3684868613408,TRUE,NA
"u",9.53,-0.220197323645128,5.14614531953767,6.56605593864056,5.54388404017995,33.4034868613405,TRUE,NA
"u",9.54,-0.220197323644391,5.14922298860417,6.56953500705088,5.54684504727159,33.4384868613402,TRUE,NA
"u",9.55,-0.220197323643666,5.15229902030992,6.57301205772708,5.54980457680362,33.4734868613398,TRUE,NA
"u",9.56,-0.220197323642951,5.1553734172452,6.57648709399388,5.55276263098031,33.5084868613395,TRUE,NA
"u",9.57,-0.220197323642249,5.15844618199352,6.5799601191671,5.55571921200047,33.5434868613392,TRUE,NA
"u",9.58,-0.220197323641554,5.16151731713159,6.58343113655364,5.55867432205745,33.5784868613389,TRUE,NA
"u",9.59,-0.220197323640873,5.16458682522937,6.58690014945155,5.56162796333919,33.6134868613386,TRUE,NA
"u",9.6,-0.220197323640197,5.16765470885011,6.59036716115003,5.56458013802821,33.6484868613383,TRUE,NA
"u",9.61,-0.220197323639534,5.17072097055034,6.59383217492948,5.56753084830163,33.683486861338,TRUE,NA
"u",9.62,-0.220197323638877,5.17378561287993,6.59729519406154,5.5704800963312,33.7184868613377,TRUE,NA
"u",9.63,-0.220197323638231,5.17684863838208,6.60075622180908,5.57342788428333,33.7534868613374,TRUE,NA
"u",9.64,-0.220197323637599,5.17991004959338,6.60421526142632,5.57637421431907,33.7884868613372,TRUE,NA
"u",9.65,-0.220197323636971,5.1829698490438,6.60767231615874,5.57931908859416,33.8234868613369,TRUE,NA
"u",9.66,-0.220197323636353,5.18602803925675,6.61112738924324,5.58226250925905,33.8584868613366,TRUE,NA
"u",9.67,-0.220197323635745,5.18908462274905,6.61458048390805,5.5852044784589,33.8934868613363,TRUE,NA
"u",9.68,-0.220197323635147,5.19213960203103,6.61803160337289,5.58814499833362,33.9284868613361,TRUE,NA
"u",9.69,-0.220197323634554,5.19519297960648,6.62148075084887,5.59108407101784,33.9634868613358,TRUE,NA
"u",9.7,-0.220197323633974,5.19824475797272,6.62492792953863,5.59402169864099,33.9984868613356,TRUE,NA
"u",9.71,-0.220197323633399,5.2012949396206,6.6283731426363,5.5969578833273,34.0334868613353,TRUE,NA
"u",9.72,-0.22019732363283,5.20434352703453,6.63181639332756,5.59989262719578,34.0684868613351,TRUE,NA
"u",9.73,-0.220197323632276,5.20739052269253,6.63525768478968,5.60282593236028,34.1034868613348,TRUE,NA
"u",9.74,-0.220197323631724,5.21043592906618,6.63869702019153,5.60575780092949,34.1384868613346,TRUE,NA
"u",9.75,-0.220197323631181,5.21347974862073,6.64213440269361,5.60868823500698,34.1734868613343,TRUE,NA
"u",9.76,-0.220197323630651,5.21652198381508,6.64556983544811,5.61161723669116,34.2084868613341,TRUE,NA
"u",9.77,-0.220197323630119,5.2195626371018,6.64900332159892,5.61454480807537,34.2434868613339,TRUE,NA
"u",9.78,-0.220197323629606,5.22260171092716,6.65243486428164,5.61747095124786,34.2784868613336,TRUE,NA
"u",9.79,-0.220197323629089,5.22563920773114,6.65586446662363,5.62039566829179,34.3134868613334,TRUE,NA
"u",9.8,-0.220197323628587,5.22867512994749,6.65929213174407,5.62331896128528,34.3484868613332,TRUE,NA
"u",9.81,-0.220197323628092,5.2317094800037,6.66271786275394,5.62624083230142,34.383486861333,TRUE,NA
"u",9.82,-0.220197323627599,5.23474226032107,6.66614166275606,5.62916128340828,34.4184868613328,TRUE,NA
"u",9.83,-0.220197323627117,5.23777347331471,6.66956353484514,5.63208031666892,34.4534868613326,TRUE,NA
"u",9.84,-0.220197323626646,5.24080312139355,6.67298348210782,5.63499793414143,34.4884868613323,TRUE,NA
"u",9.85,-0.220197323626179,5.24383120696038,6.67640150762263,5.63791413787892,34.5234868613321,TRUE,NA
"u",9.86,-0.220197323625712,5.24685773241188,6.67981761446012,5.64082892992955,34.5584868613319,TRUE,NA
"u",9.87,-0.220197323625256,5.24988270013862,6.68323180568279,5.64374231233656,34.5934868613317,TRUE,NA
"u",9.88,-0.220197323624811,5.25290611252509,6.6866440843452,5.64665428713826,34.6284868613315,TRUE,NA
"u",9.89,-0.220197323624368,5.25592797194971,6.69005445349394,5.64956485636806,34.6634868613313,TRUE,NA
"u",9.9,-0.220197323623927,5.2589482807849,6.6934629161677,5.65247402205449,34.6984868613311,TRUE,NA
"u",9.91,-0.2201973236235,5.26196704139702,6.69686947539726,5.65538178622122,34.733486861331,TRUE,NA
"u",9.92,-0.220197323623078,5.26498425614648,6.70027413420555,5.65828815088705,34.7684868613308,TRUE,NA
"u",9.93,-0.220197323622662,5.26799992738768,6.70367689560768,5.66119311806595,34.8034868613306,TRUE,NA
"u",9.94,-0.220197323622247,5.2710140574691,6.70707776261093,5.66409668976709,34.8384868613304,TRUE,NA
"u",9.95,-0.220197323621843,5.27402664873328,6.71047673821483,5.66699886799481,34.8734868613302,TRUE,NA
"u",9.96,-0.22019732362144,5.27703770351683,6.71387382541113,5.66989965474867,34.90848686133,TRUE,NA
"u",9.97,-0.220197323621045,5.2800472241505,6.71726902718389,5.67279905202349,34.9434868613299,TRUE,NA
"u",9.98,-0.22019732362066,5.28305521295916,6.72066234650945,5.67569706180928,34.9784868613297,TRUE,NA
"u",9.99,-0.220197323620273,5.28606167226184,6.7240537863565,5.67859368609135,35.0134868613295,TRUE,NA
"u",10,-0.220197323619895,5.28906660437173,6.72744334968609,5.68148892685029,35.0484868613294,TRUE,NA
